rxcui,class_id,class_name,class_type,rela,rela_source
154,D000074,Acenocoumarol,CHEM,has_ingredient,MEDRT
167,D000086,Acetazolamide,CHEM,has_ingredient,MEDRT
167,D000138,Acidosis,DISEASE,ci_with,MEDRT
167,D000307,Adrenal Gland Diseases,DISEASE,ci_with,MEDRT
167,D000532,Altitude Sickness,DISEASE,may_treat,MEDRT
167,D004342,Drug Hypersensitivity,DISEASE,ci_with,MEDRT
167,D005901,Glaucoma,DISEASE,may_treat,MEDRT
167,D007008,Hypokalemia,DISEASE,ci_with,MEDRT
167,D007010,Hyponatremia,DISEASE,ci_with,MEDRT
167,D007674,Kidney Diseases,DISEASE,ci_with,MEDRT
167,D008103,Liver Cirrhosis,DISEASE,ci_with,MEDRT
167,D008107,Liver Diseases,DISEASE,ci_with,MEDRT
167,D008173,"Lung Diseases, Obstructive",DISEASE,ci_with,MEDRT
167,D012640,Seizures,DISEASE,may_treat,MEDRT
167,D013449,Sulfonamides,CHEM,ci_chemclass,MEDRT
167,D015812,"Glaucoma, Angle-Closure",DISEASE,ci_with,MEDRT
167,N0000000235,Carbonic Anhydrase Inhibitors,MOA,has_moa,MEDRT
167,N0000000235,Carbonic Anhydrase Inhibitors,MOA,ci_moa,MEDRT
167,N0000008382,Decreased Adrenocorticotropic Hormone Secretion,PE,ci_pe,MEDRT
167,N0000008486,Decreased Central Nervous System Disorganized Electrical Activity,PE,has_pe,MEDRT
167,N0000008501,Decreased Central Nervous System Organized Electrical Activity,PE,has_pe,MEDRT
167,N0000009263,Increased Collecting Duct Water Permeability,PE,has_pe,MEDRT
167,N0000009549,Increased Renal HCO3- Excretion,PE,has_pe,MEDRT
167,N0000009551,Increased Renal K+ Excretion,PE,has_pe,MEDRT
167,N0000009553,Increased Renal Na+ Excretion,PE,has_pe,MEDRT
167,N0000009943,Decreased Intraocular Fluid Pressure,PE,has_pe,MEDRT
167,D000138,Acidosis,DISEASE,ci_with,MEDRT
167,D000307,Adrenal Gland Diseases,DISEASE,ci_with,MEDRT
167,D000532,Altitude Sickness,DISEASE,may_treat,MEDRT
167,D004342,Drug Hypersensitivity,DISEASE,ci_with,MEDRT
167,D005901,Glaucoma,DISEASE,may_treat,MEDRT
167,D006947,Hyperkalemia,DISEASE,ci_with,MEDRT
167,D007008,Hypokalemia,DISEASE,ci_with,MEDRT
167,D007010,Hyponatremia,DISEASE,ci_with,MEDRT
167,D007674,Kidney Diseases,DISEASE,ci_with,MEDRT
167,D008103,Liver Cirrhosis,DISEASE,ci_with,MEDRT
167,D008107,Liver Diseases,DISEASE,ci_with,MEDRT
167,D008173,"Lung Diseases, Obstructive",DISEASE,ci_with,MEDRT
167,D012640,Seizures,DISEASE,may_treat,MEDRT
167,D013449,Sulfonamides,CHEM,ci_chemclass,MEDRT
167,D015812,"Glaucoma, Angle-Closure",DISEASE,ci_with,MEDRT
167,N0000000235,Carbonic Anhydrase Inhibitors,MOA,has_moa,MEDRT
167,N0000000235,Carbonic Anhydrase Inhibitors,MOA,ci_moa,MEDRT
167,N0000008382,Decreased Adrenocorticotropic Hormone Secretion,PE,ci_pe,MEDRT
167,N0000008486,Decreased Central Nervous System Disorganized Electrical Activity,PE,has_pe,MEDRT
167,N0000008501,Decreased Central Nervous System Organized Electrical Activity,PE,has_pe,MEDRT
167,N0000009263,Increased Collecting Duct Water Permeability,PE,has_pe,MEDRT
167,N0000009549,Increased Renal HCO3- Excretion,PE,has_pe,MEDRT
167,N0000009551,Increased Renal K+ Excretion,PE,has_pe,MEDRT
167,N0000009553,Increased Renal Na+ Excretion,PE,has_pe,MEDRT
167,N0000009943,Decreased Intraocular Fluid Pressure,PE,has_pe,MEDRT
197,D000111,Acetylcysteine,CHEM,has_ingredient,MEDRT
197,D000686,Amyloidosis,DISEASE,may_treat,MEDRT
197,D001987,Bronchiectasis,DISEASE,may_treat,MEDRT
197,D001991,Bronchitis,DISEASE,may_treat,MEDRT
197,D003550,Cystic Fibrosis,DISEASE,may_treat,MEDRT
197,D004342,Drug Hypersensitivity,DISEASE,ci_with,MEDRT
197,D007683,"Kidney Tubular Necrosis, Acute",DISEASE,may_prevent,MEDRT
197,D011014,Pneumonia,DISEASE,may_treat,MEDRT
197,D011041,Poisoning,DISEASE,may_treat,MEDRT
197,D011183,Postoperative Complications,DISEASE,may_prevent,MEDRT
197,D011656,Pulmonary Emphysema,DISEASE,may_treat,MEDRT
197,D012128,Respiratory Distress Syndrome,DISEASE,may_treat,MEDRT
197,D064420,Drug-Related Side Effects and Adverse Reactions,DISEASE,may_treat,MEDRT
197,N0000000170,Free Radical Scavenging Activity,MOA,has_moa,MEDRT
197,N0000008867,Decreased Respiratory Secretion Viscosity,PE,has_pe,MEDRT
197,D000686,Amyloidosis,DISEASE,may_treat,MEDRT
197,D001987,Bronchiectasis,DISEASE,may_treat,MEDRT
197,D001991,Bronchitis,DISEASE,may_treat,MEDRT
197,D003550,Cystic Fibrosis,DISEASE,may_treat,MEDRT
197,D004342,Drug Hypersensitivity,DISEASE,ci_with,MEDRT
197,D007683,"Kidney Tubular Necrosis, Acute",DISEASE,may_prevent,MEDRT
197,D011014,Pneumonia,DISEASE,may_treat,MEDRT
197,D011041,Poisoning,DISEASE,may_treat,MEDRT
197,D011183,Postoperative Complications,DISEASE,may_prevent,MEDRT
197,D011656,Pulmonary Emphysema,DISEASE,may_treat,MEDRT
197,D012128,Respiratory Distress Syndrome,DISEASE,may_treat,MEDRT
197,D064420,Drug-Related Side Effects and Adverse Reactions,DISEASE,may_treat,MEDRT
197,N0000000170,Free Radical Scavenging Activity,MOA,has_moa,MEDRT
197,N0000008867,Decreased Respiratory Secretion Viscosity,PE,has_pe,MEDRT
197,D000686,Amyloidosis,DISEASE,may_treat,MEDRT
197,D001987,Bronchiectasis,DISEASE,may_treat,MEDRT
197,D001991,Bronchitis,DISEASE,may_treat,MEDRT
197,D003550,Cystic Fibrosis,DISEASE,may_treat,MEDRT
197,D004342,Drug Hypersensitivity,DISEASE,ci_with,MEDRT
197,D007683,"Kidney Tubular Necrosis, Acute",DISEASE,may_prevent,MEDRT
197,D011014,Pneumonia,DISEASE,may_treat,MEDRT
197,D011041,Poisoning,DISEASE,may_treat,MEDRT
197,D011183,Postoperative Complications,DISEASE,may_prevent,MEDRT
197,D011656,Pulmonary Emphysema,DISEASE,may_treat,MEDRT
197,D012128,Respiratory Distress Syndrome,DISEASE,may_treat,MEDRT
197,D064420,Drug-Related Side Effects and Adverse Reactions,DISEASE,may_treat,MEDRT
197,N0000000170,Free Radical Scavenging Activity,MOA,has_moa,MEDRT
197,N0000008867,Decreased Respiratory Secretion Viscosity,PE,has_pe,MEDRT
197,D000111,Acetylcysteine,CHEM,has_ingredient,MEDRT
197,D000686,Amyloidosis,DISEASE,may_treat,MEDRT
197,D001987,Bronchiectasis,DISEASE,may_treat,MEDRT
197,D001991,Bronchitis,DISEASE,may_treat,MEDRT
197,D003550,Cystic Fibrosis,DISEASE,may_treat,MEDRT
197,D004342,Drug Hypersensitivity,DISEASE,ci_with,MEDRT
197,D007683,"Kidney Tubular Necrosis, Acute",DISEASE,may_prevent,MEDRT
197,D008171,Lung Diseases,DISEASE,may_diagnose,MEDRT
197,D011014,Pneumonia,DISEASE,may_treat,MEDRT
197,D011041,Poisoning,DISEASE,may_treat,MEDRT
197,D011183,Postoperative Complications,DISEASE,may_prevent,MEDRT
197,D011656,Pulmonary Emphysema,DISEASE,may_treat,MEDRT
197,D012128,Respiratory Distress Syndrome,DISEASE,may_treat,MEDRT
197,D064420,Drug-Related Side Effects and Adverse Reactions,DISEASE,may_treat,MEDRT
197,N0000000170,Free Radical Scavenging Activity,MOA,has_moa,MEDRT
197,N0000008867,Decreased Respiratory Secretion Viscosity,PE,has_pe,MEDRT
197,D000111,Acetylcysteine,CHEM,has_ingredient,MEDRT
197,D000686,Amyloidosis,DISEASE,may_treat,MEDRT
197,D001987,Bronchiectasis,DISEASE,may_treat,MEDRT
197,D001991,Bronchitis,DISEASE,may_treat,MEDRT
197,D003550,Cystic Fibrosis,DISEASE,may_treat,MEDRT
197,D004342,Drug Hypersensitivity,DISEASE,ci_with,MEDRT
197,D007683,"Kidney Tubular Necrosis, Acute",DISEASE,may_prevent,MEDRT
197,D011014,Pneumonia,DISEASE,may_treat,MEDRT
197,D011041,Poisoning,DISEASE,may_treat,MEDRT
197,D011183,Postoperative Complications,DISEASE,may_prevent,MEDRT
197,D011656,Pulmonary Emphysema,DISEASE,may_treat,MEDRT
197,D012128,Respiratory Distress Syndrome,DISEASE,may_treat,MEDRT
197,D064420,Drug-Related Side Effects and Adverse Reactions,DISEASE,may_treat,MEDRT
197,N0000000170,Free Radical Scavenging Activity,MOA,has_moa,MEDRT
197,N0000008867,Decreased Respiratory Secretion Viscosity,PE,has_pe,MEDRT
281,D000212,Acyclovir,CHEM,has_ingredient,MEDRT
281,D002644,Chickenpox,DISEASE,may_prevent,MEDRT
281,D002644,Chickenpox,DISEASE,may_treat,MEDRT
281,D003586,Cytomegalovirus Infections,DISEASE,may_prevent,MEDRT
281,D004342,Drug Hypersensitivity,DISEASE,ci_with,MEDRT
281,D006558,Herpes Genitalis,DISEASE,may_treat,MEDRT
281,D006560,Herpes Labialis,DISEASE,may_treat,MEDRT
281,D006561,Herpes Simplex,DISEASE,may_prevent,MEDRT
281,D006562,Herpes Zoster,DISEASE,may_prevent,MEDRT
281,D006563,Herpes Zoster Ophthalmicus,DISEASE,may_treat,MEDRT
281,D017088,AIDS-Related Opportunistic Infections,DISEASE,may_treat,MEDRT
281,D020031,Epstein-Barr Virus Infections,DISEASE,may_treat,MEDRT
281,D020803,"Encephalitis, Herpes Simplex",DISEASE,may_treat,MEDRT
281,N0000008577,Decreased DNA Replication,PE,has_pe,MEDRT
281,N0000020060,DNA Polymerase Inhibitors,MOA,has_moa,MEDRT
281,D000212,Acyclovir,CHEM,has_ingredient,MEDRT
281,D002644,Chickenpox,DISEASE,may_prevent,MEDRT
281,D002644,Chickenpox,DISEASE,may_treat,MEDRT
281,D003586,Cytomegalovirus Infections,DISEASE,may_prevent,MEDRT
281,D004342,Drug Hypersensitivity,DISEASE,ci_with,MEDRT
281,D006558,Herpes Genitalis,DISEASE,may_treat,MEDRT
281,D006560,Herpes Labialis,DISEASE,may_treat,MEDRT
281,D006561,Herpes Simplex,DISEASE,may_prevent,MEDRT
281,D006562,Herpes Zoster,DISEASE,may_prevent,MEDRT
281,D006563,Herpes Zoster Ophthalmicus,DISEASE,may_treat,MEDRT
281,D017088,AIDS-Related Opportunistic Infections,DISEASE,may_treat,MEDRT
281,D020031,Epstein-Barr Virus Infections,DISEASE,may_treat,MEDRT
281,D020803,"Encephalitis, Herpes Simplex",DISEASE,may_treat,MEDRT
281,N0000008577,Decreased DNA Replication,PE,has_pe,MEDRT
281,N0000020060,DNA Polymerase Inhibitors,MOA,has_moa,MEDRT
1191,D001172,"Arthritis, Rheumatoid",DISEASE,may_treat,MEDRT
1191,D001241,Aspirin,CHEM,has_ingredient,MEDRT
1191,D001778,Blood Coagulation Disorders,DISEASE,ci_with,MEDRT
1191,D001791,Blood Platelet Disorders,DISEASE,ci_with,MEDRT
1191,D002544,Cerebral Infarction,DISEASE,may_prevent,MEDRT
1191,D002546,"Ischemic Attack, Transient",DISEASE,may_prevent,MEDRT
1191,D002644,Chickenpox,DISEASE,ci_with,MEDRT
1191,D002675,"Child, Preschool",DISEASE,ci_with,MEDRT
1191,D004342,Drug Hypersensitivity,DISEASE,ci_with,MEDRT
1191,D005334,Fever,DISEASE,may_treat,MEDRT
1191,D006073,Gout,DISEASE,may_treat,MEDRT
1191,D006396,Hematemesis,DISEASE,ci_with,MEDRT
1191,D006474,Hemorrhagic Disorders,DISEASE,ci_with,MEDRT
1191,D007223,Infant,DISEASE,ci_with,MEDRT
1191,D007249,Inflammation,DISEASE,may_treat,MEDRT
1191,D008551,Melena,DISEASE,ci_with,MEDRT
1191,D009203,Myocardial Infarction,DISEASE,may_prevent,MEDRT
1191,D009298,Nasal Polyps,DISEASE,ci_with,MEDRT
1191,D010003,Osteoarthritis,DISEASE,may_treat,MEDRT
1191,D010146,Pain,DISEASE,may_treat,MEDRT
1191,D010146,Pain,DISEASE,may_prevent,MEDRT
1191,D011225,Pre-Eclampsia,DISEASE,may_prevent,MEDRT
1191,D011263,"Pregnancy Trimester, Third",DISEASE,ci_with,MEDRT
1191,D012213,Rheumatic Fever,DISEASE,may_treat,MEDRT
1191,N0000000026,Hepatic Metabolism,PK,has_pk,MEDRT
1191,N0000000042,Renal Excretion,PK,has_pk,MEDRT
1191,N0000000160,Cyclooxygenase Inhibitors,MOA,has_moa,MEDRT
1191,N0000008831,Decreased Platelet Activating Factor Production,PE,has_pe,MEDRT
1191,N0000008832,Decreased Platelet Aggregation,PE,has_pe,MEDRT
1191,N0000008836,Decreased Prostaglandin Production,PE,has_pe,MEDRT
1191,N0000009006,Decreased Thromboxane Production,PE,has_pe,MEDRT
1191,D000293,Adolescent,DISEASE,ci_with,MEDRT
1191,D001172,"Arthritis, Rheumatoid",DISEASE,may_treat,MEDRT
1191,D001249,Asthma,DISEASE,ci_with,MEDRT
1191,D001778,Blood Coagulation Disorders,DISEASE,ci_with,MEDRT
1191,D001791,Blood Platelet Disorders,DISEASE,ci_with,MEDRT
1191,D002544,Cerebral Infarction,DISEASE,may_prevent,MEDRT
1191,D002546,"Ischemic Attack, Transient",DISEASE,may_prevent,MEDRT
1191,D002644,Chickenpox,DISEASE,ci_with,MEDRT
1191,D002675,"Child, Preschool",DISEASE,ci_with,MEDRT
1191,D004342,Drug Hypersensitivity,DISEASE,ci_with,MEDRT
1191,D005334,Fever,DISEASE,may_treat,MEDRT
1191,D006073,Gout,DISEASE,may_treat,MEDRT
1191,D006396,Hematemesis,DISEASE,ci_with,MEDRT
1191,D006474,Hemorrhagic Disorders,DISEASE,ci_with,MEDRT
1191,D007223,Infant,DISEASE,ci_with,MEDRT
1191,D007249,Inflammation,DISEASE,may_treat,MEDRT
1191,D008551,Melena,DISEASE,ci_with,MEDRT
1191,D009203,Myocardial Infarction,DISEASE,may_prevent,MEDRT
1191,D009298,Nasal Polyps,DISEASE,ci_with,MEDRT
1191,D010003,Osteoarthritis,DISEASE,may_treat,MEDRT
1191,D010146,Pain,DISEASE,may_treat,MEDRT
1191,D010146,Pain,DISEASE,may_prevent,MEDRT
1191,D011225,Pre-Eclampsia,DISEASE,may_prevent,MEDRT
1191,D011263,"Pregnancy Trimester, Third",DISEASE,ci_with,MEDRT
1191,D012213,Rheumatic Fever,DISEASE,may_treat,MEDRT
1191,D012220,Rhinitis,DISEASE,ci_with,MEDRT
1191,D014777,Virus Diseases,DISEASE,ci_with,MEDRT
1191,N0000000026,Hepatic Metabolism,PK,has_pk,MEDRT
1191,N0000000042,Renal Excretion,PK,has_pk,MEDRT
1191,N0000000160,Cyclooxygenase Inhibitors,MOA,has_moa,MEDRT
1191,N0000008831,Decreased Platelet Activating Factor Production,PE,has_pe,MEDRT
1191,N0000008832,Decreased Platelet Aggregation,PE,has_pe,MEDRT
1191,N0000008836,Decreased Prostaglandin Production,PE,has_pe,MEDRT
1191,N0000009006,Decreased Thromboxane Production,PE,has_pe,MEDRT
1191,D001172,"Arthritis, Rheumatoid",DISEASE,may_treat,MEDRT
1191,D001241,Aspirin,CHEM,has_ingredient,MEDRT
1191,D001778,Blood Coagulation Disorders,DISEASE,ci_with,MEDRT
1191,D001791,Blood Platelet Disorders,DISEASE,ci_with,MEDRT
1191,D002544,Cerebral Infarction,DISEASE,may_prevent,MEDRT
1191,D002546,"Ischemic Attack, Transient",DISEASE,may_prevent,MEDRT
1191,D002644,Chickenpox,DISEASE,ci_with,MEDRT
1191,D002675,"Child, Preschool",DISEASE,ci_with,MEDRT
1191,D004342,Drug Hypersensitivity,DISEASE,ci_with,MEDRT
1191,D005334,Fever,DISEASE,may_treat,MEDRT
1191,D006073,Gout,DISEASE,may_treat,MEDRT
1191,D006396,Hematemesis,DISEASE,ci_with,MEDRT
1191,D006474,Hemorrhagic Disorders,DISEASE,ci_with,MEDRT
1191,D007223,Infant,DISEASE,ci_with,MEDRT
1191,D007249,Inflammation,DISEASE,may_treat,MEDRT
1191,D008551,Melena,DISEASE,ci_with,MEDRT
1191,D009203,Myocardial Infarction,DISEASE,may_prevent,MEDRT
1191,D009298,Nasal Polyps,DISEASE,ci_with,MEDRT
1191,D010003,Osteoarthritis,DISEASE,may_treat,MEDRT
1191,D010146,Pain,DISEASE,may_treat,MEDRT
1191,D010146,Pain,DISEASE,may_prevent,MEDRT
1191,D011225,Pre-Eclampsia,DISEASE,may_prevent,MEDRT
1191,D011263,"Pregnancy Trimester, Third",DISEASE,ci_with,MEDRT
1191,D012213,Rheumatic Fever,DISEASE,may_treat,MEDRT
1191,N0000000026,Hepatic Metabolism,PK,has_pk,MEDRT
1191,N0000000042,Renal Excretion,PK,has_pk,MEDRT
1191,N0000000160,Cyclooxygenase Inhibitors,MOA,has_moa,MEDRT
1191,N0000008831,Decreased Platelet Activating Factor Production,PE,has_pe,MEDRT
1191,N0000008832,Decreased Platelet Aggregation,PE,has_pe,MEDRT
1191,N0000008836,Decreased Prostaglandin Production,PE,has_pe,MEDRT
1191,N0000009006,Decreased Thromboxane Production,PE,has_pe,MEDRT
1191,D000293,Adolescent,DISEASE,ci_with,MEDRT
1191,D001172,"Arthritis, Rheumatoid",DISEASE,may_treat,MEDRT
1191,D001249,Asthma,DISEASE,ci_with,MEDRT
1191,D001778,Blood Coagulation Disorders,DISEASE,ci_with,MEDRT
1191,D001791,Blood Platelet Disorders,DISEASE,ci_with,MEDRT
1191,D002544,Cerebral Infarction,DISEASE,may_prevent,MEDRT
1191,D002546,"Ischemic Attack, Transient",DISEASE,may_prevent,MEDRT
1191,D002644,Chickenpox,DISEASE,ci_with,MEDRT
1191,D002675,"Child, Preschool",DISEASE,ci_with,MEDRT
1191,D004342,Drug Hypersensitivity,DISEASE,ci_with,MEDRT
1191,D005334,Fever,DISEASE,may_treat,MEDRT
1191,D006073,Gout,DISEASE,may_treat,MEDRT
1191,D006396,Hematemesis,DISEASE,ci_with,MEDRT
1191,D006474,Hemorrhagic Disorders,DISEASE,ci_with,MEDRT
1191,D007223,Infant,DISEASE,ci_with,MEDRT
1191,D007249,Inflammation,DISEASE,may_treat,MEDRT
1191,D008551,Melena,DISEASE,ci_with,MEDRT
1191,D009203,Myocardial Infarction,DISEASE,may_prevent,MEDRT
1191,D009298,Nasal Polyps,DISEASE,ci_with,MEDRT
1191,D010003,Osteoarthritis,DISEASE,may_treat,MEDRT
1191,D010146,Pain,DISEASE,may_treat,MEDRT
1191,D010146,Pain,DISEASE,may_prevent,MEDRT
1191,D011225,Pre-Eclampsia,DISEASE,may_prevent,MEDRT
1191,D011263,"Pregnancy Trimester, Third",DISEASE,ci_with,MEDRT
1191,D012213,Rheumatic Fever,DISEASE,may_treat,MEDRT
1191,D012220,Rhinitis,DISEASE,ci_with,MEDRT
1191,D014777,Virus Diseases,DISEASE,ci_with,MEDRT
1191,N0000000026,Hepatic Metabolism,PK,has_pk,MEDRT
1191,N0000000042,Renal Excretion,PK,has_pk,MEDRT
1191,N0000000160,Cyclooxygenase Inhibitors,MOA,has_moa,MEDRT
1191,N0000008831,Decreased Platelet Activating Factor Production,PE,has_pe,MEDRT
1191,N0000008832,Decreased Platelet Aggregation,PE,has_pe,MEDRT
1191,N0000008836,Decreased Prostaglandin Production,PE,has_pe,MEDRT
1191,N0000009006,Decreased Thromboxane Production,PE,has_pe,MEDRT
236083,D004342,Drug Hypersensitivity,DISEASE,ci_with,MEDRT
236083,D004931,Esophageal Achalasia,DISEASE,ci_with,MEDRT
236083,D006996,Hypocalcemia,DISEASE,ci_with,MEDRT
236083,D010145,"Paget Disease, Extramammary",DISEASE,may_treat,MEDRT
236083,D015663,"Osteoporosis, Postmenopausal",DISEASE,may_treat,MEDRT
236083,D053120,Respiratory Aspiration,DISEASE,ci_with,MEDRT
236083,D059352,Musculoskeletal Pain,DISEASE,ci_with,MEDRT
236083,N0000008313,Bone Resorption Inhibition,PE,has_pe,MEDRT
236083,N0000009958,Bone Surface Interactions,MOA,has_moa,MEDRT
236083,D004342,Drug Hypersensitivity,DISEASE,ci_with,MEDRT
236083,D004931,Esophageal Achalasia,DISEASE,ci_with,MEDRT
236083,D006996,Hypocalcemia,DISEASE,ci_with,MEDRT
236083,D010145,"Paget Disease, Extramammary",DISEASE,may_treat,MEDRT
236083,D015663,"Osteoporosis, Postmenopausal",DISEASE,may_treat,MEDRT
236083,D019386,Alendronate,CHEM,has_ingredient,MEDRT
236083,D053120,Respiratory Aspiration,DISEASE,ci_with,MEDRT
236083,D059352,Musculoskeletal Pain,DISEASE,ci_with,MEDRT
236083,N0000008313,Bone Resorption Inhibition,PE,has_pe,MEDRT
236083,N0000009958,Bone Surface Interactions,MOA,has_moa,MEDRT
21216,D001651,"Cholestasis, Extrahepatic",DISEASE,ci_with,MEDRT
21216,D004221,Disulfiram,CHEM,ci_chemclass,MEDRT
21216,D004342,Drug Hypersensitivity,DISEASE,ci_with,MEDRT
21216,D006192,Haemophilus Infections,DISEASE,may_treat,MEDRT
21216,D008107,Liver Diseases,DISEASE,ci_with,MEDRT
21216,D010033,Otitis Media,DISEASE,may_treat,MEDRT
21216,D013203,Staphylococcal Infections,DISEASE,may_treat,MEDRT
21216,D019818,Clavulanic Acid,CHEM,has_ingredient,MEDRT
21216,D047090,beta-Lactams,CHEM,ci_chemclass,MEDRT
21216,N0000000202,beta Lactamase Inhibitors,MOA,has_moa,MEDRT
21216,D001651,"Cholestasis, Extrahepatic",DISEASE,ci_with,MEDRT
21216,D004221,Disulfiram,CHEM,ci_chemclass,MEDRT
21216,D004342,Drug Hypersensitivity,DISEASE,ci_with,MEDRT
21216,D006192,Haemophilus Infections,DISEASE,may_treat,MEDRT
21216,D008107,Liver Diseases,DISEASE,ci_with,MEDRT
21216,D010033,Otitis Media,DISEASE,may_treat,MEDRT
21216,D013203,Staphylococcal Infections,DISEASE,may_treat,MEDRT
21216,D019818,Clavulanic Acid,CHEM,has_ingredient,MEDRT
21216,D047090,beta-Lactams,CHEM,ci_chemclass,MEDRT
21216,N0000000042,Renal Excretion,PK,has_pk,MEDRT
21216,N0000000202,beta Lactamase Inhibitors,MOA,has_moa,MEDRT
4511,D000741,"Anemia, Aplastic",DISEASE,ci_with,MEDRT
4511,D000749,"Anemia, Megaloblastic",DISEASE,may_treat,MEDRT
4511,D000752,"Anemia, Pernicious",DISEASE,ci_with,MEDRT
4511,D004342,Drug Hypersensitivity,DISEASE,ci_with,MEDRT
4511,D005494,Folic Acid Deficiency,DISEASE,may_treat,MEDRT
4511,D005494,Folic Acid Deficiency,DISEASE,may_prevent,MEDRT
4511,D009436,Neural Tube Defects,DISEASE,may_prevent,MEDRT
4511,D018798,"Anemia, Iron-Deficiency",DISEASE,ci_with,MEDRT
4511,N0000000163,Enzyme Interactions,MOA,has_moa,MEDRT
4511,N0000008337,Cellular Activity Alteration,PE,has_pe,MEDRT
4511,D000741,"Anemia, Aplastic",DISEASE,ci_with,MEDRT
4511,D000749,"Anemia, Megaloblastic",DISEASE,may_treat,MEDRT
4511,D000752,"Anemia, Pernicious",DISEASE,ci_with,MEDRT
4511,D004342,Drug Hypersensitivity,DISEASE,ci_with,MEDRT
4511,D005492,Folic Acid,CHEM,has_ingredient,MEDRT
4511,D005494,Folic Acid Deficiency,DISEASE,may_treat,MEDRT
4511,D005494,Folic Acid Deficiency,DISEASE,may_prevent,MEDRT
4511,D009436,Neural Tube Defects,DISEASE,may_prevent,MEDRT
4511,D018798,"Anemia, Iron-Deficiency",DISEASE,ci_with,MEDRT
4511,N0000000163,Enzyme Interactions,MOA,has_moa,MEDRT
4511,N0000008337,Cellular Activity Alteration,PE,has_pe,MEDRT
4608,D005672,Fusidic Acid,CHEM,has_ingredient,MEDRT
7145,D004342,Drug Hypersensitivity,DISEASE,ci_with,MEDRT
7145,D006086,Graft vs Host Disease,DISEASE,may_prevent,MEDRT
7145,D006086,Graft vs Host Disease,DISEASE,may_treat,MEDRT
7145,D007774,Lactation,DISEASE,ci_with,MEDRT
7145,D009173,Mycophenolic Acid,CHEM,has_ingredient,MEDRT
7145,D011565,Psoriasis,DISEASE,may_treat,MEDRT
7145,N0000000233,Nucleic Acid Synthesis Inhibitors,MOA,has_moa,MEDRT
7145,N0000008663,Decreased Immunologically Active Molecule Activity,PE,has_pe,MEDRT
7145,N0000008699,Decreased Lymphocyte Cell Production,PE,has_pe,MEDRT
10691,D001779,Blood Coagulation Factors,CHEM,ci_chemclass,MEDRT
10691,D004342,Drug Hypersensitivity,DISEASE,ci_with,MEDRT
10691,D006472,Oral Hemorrhage,DISEASE,may_prevent,MEDRT
10691,D013345,Subarachnoid Hemorrhage,DISEASE,ci_with,MEDRT
10691,D013345,Subarachnoid Hemorrhage,DISEASE,may_treat,MEDRT
10691,D013927,Thrombosis,DISEASE,ci_with,MEDRT
10691,D014148,Tranexamic Acid,CHEM,has_ingredient,MEDRT
10691,D014786,Vision Disorders,DISEASE,ci_with,MEDRT
10691,D025861,"Blood Coagulation Disorders, Inherited",DISEASE,may_treat,MEDRT
10691,N0000010264,Plasmin Inhibitors,MOA,has_moa,MEDRT
10691,N0000175632,Decreased Fibrinolysis,PE,has_pe,MEDRT
11118,D000544,Alzheimer Disease,DISEASE,may_treat,MEDRT
11118,D001714,Bipolar Disorder,DISEASE,may_treat,MEDRT
11118,D002549,Diffuse Cerebral Sclerosis of Schilder,DISEASE,ci_with,MEDRT
11118,D004342,Drug Hypersensitivity,DISEASE,ci_with,MEDRT
11118,D004827,Epilepsy,DISEASE,may_treat,MEDRT
11118,D004832,"Epilepsy, Absence",DISEASE,may_treat,MEDRT
11118,D008107,Liver Diseases,DISEASE,ci_with,MEDRT
11118,D008881,Migraine Disorders,DISEASE,may_prevent,MEDRT
11118,D011247,Pregnancy,DISEASE,ci_with,MEDRT
11118,D014635,Valproic Acid,CHEM,has_ingredient,MEDRT
11118,D017029,"Epilepsy, Complex Partial",DISEASE,may_treat,MEDRT
11118,D017093,Liver Failure,DISEASE,ci_with,MEDRT
11118,D028361,Mitochondrial Diseases,DISEASE,ci_with,MEDRT
11118,D056806,"Urea Cycle Disorders, Inborn",DISEASE,ci_with,MEDRT
11118,N0000000138,GABA A Receptor Interactions,MOA,has_moa,MEDRT
11118,N0000000204,GABA B Receptor Interactions,MOA,has_moa,MEDRT
11118,N0000009325,Increased GABA Activity,PE,has_pe,MEDRT
11118,D002549,Diffuse Cerebral Sclerosis of Schilder,DISEASE,ci_with,MEDRT
11118,D004342,Drug Hypersensitivity,DISEASE,ci_with,MEDRT
11118,D004827,Epilepsy,DISEASE,may_treat,MEDRT
11118,D008107,Liver Diseases,DISEASE,ci_with,MEDRT
11118,D014635,Valproic Acid,CHEM,has_ingredient,MEDRT
11118,D056806,"Urea Cycle Disorders, Inborn",DISEASE,ci_with,MEDRT
11118,N0000009325,Increased GABA Activity,PE,has_pe,MEDRT
1303098,D001986,Bronchial Spasm,DISEASE,may_treat,MEDRT
1303098,D004342,Drug Hypersensitivity,DISEASE,ci_with,MEDRT
1303098,D014326,Tropanes,CHEM,has_ingredient,MEDRT
1303098,D016269,Milk Hypersensitivity,DISEASE,ci_with,MEDRT
1303098,D029424,"Pulmonary Disease, Chronic Obstructive",DISEASE,may_treat,MEDRT
1303098,N0000000125,Cholinergic Muscarinic Antagonists,MOA,has_moa,MEDRT
1303098,N0000008322,Bronchodilation,PE,has_pe,MEDRT
1303098,D001986,Bronchial Spasm,DISEASE,may_treat,MEDRT
1303098,D004342,Drug Hypersensitivity,DISEASE,ci_with,MEDRT
1303098,D016269,Milk Hypersensitivity,DISEASE,ci_with,MEDRT
1303098,D029424,"Pulmonary Disease, Chronic Obstructive",DISEASE,may_treat,MEDRT
1303098,N0000000125,Cholinergic Muscarinic Antagonists,MOA,has_moa,MEDRT
1303098,N0000008322,Bronchodilation,PE,has_pe,MEDRT
327361,D000068879,Adalimumab,CHEM,has_ingredient,MEDRT
327361,D001171,"Arthritis, Juvenile",DISEASE,may_treat,MEDRT
327361,D001172,"Arthritis, Rheumatoid",DISEASE,may_treat,MEDRT
327361,D003093,"Colitis, Ulcerative",DISEASE,may_treat,MEDRT
327361,D003424,Crohn Disease,DISEASE,may_treat,MEDRT
327361,D004342,Drug Hypersensitivity,DISEASE,ci_with,MEDRT
327361,D013167,"Spondylitis, Ankylosing",DISEASE,may_treat,MEDRT
327361,D014605,Uveitis,DISEASE,may_treat,MEDRT
327361,D015535,"Arthritis, Psoriatic",DISEASE,may_treat,MEDRT
327361,D017497,Hidradenitis Suppurativa,DISEASE,may_treat,MEDRT
327361,N0000000247,Biological Response Modifiers,MOA,has_moa,MEDRT
327361,N0000009073,Immunologic Activity Alteration,PE,has_pe,MEDRT
327361,N0000175446,Tumor Necrosis Factor alpha Receptor Blocking Activity,MOA,has_moa,MEDRT
327361,D000068879,Adalimumab,CHEM,has_ingredient,MEDRT
327361,D001171,"Arthritis, Juvenile",DISEASE,may_treat,MEDRT
327361,D001172,"Arthritis, Rheumatoid",DISEASE,may_treat,MEDRT
327361,D003093,"Colitis, Ulcerative",DISEASE,may_treat,MEDRT
327361,D003424,Crohn Disease,DISEASE,may_treat,MEDRT
327361,D004342,Drug Hypersensitivity,DISEASE,ci_with,MEDRT
327361,D013167,"Spondylitis, Ankylosing",DISEASE,may_treat,MEDRT
327361,D014605,Uveitis,DISEASE,may_treat,MEDRT
327361,D015535,"Arthritis, Psoriatic",DISEASE,may_treat,MEDRT
327361,D017497,Hidradenitis Suppurativa,DISEASE,may_treat,MEDRT
327361,N0000000247,Biological Response Modifiers,MOA,has_moa,MEDRT
327361,N0000009073,Immunologic Activity Alteration,PE,has_pe,MEDRT
327361,N0000175446,Tumor Necrosis Factor alpha Receptor Blocking Activity,MOA,has_moa,MEDRT
327361,D001171,"Arthritis, Juvenile",DISEASE,may_treat,MEDRT
327361,D001172,"Arthritis, Rheumatoid",DISEASE,may_treat,MEDRT
327361,D003093,"Colitis, Ulcerative",DISEASE,may_treat,MEDRT
327361,D003424,Crohn Disease,DISEASE,may_treat,MEDRT
327361,D013167,"Spondylitis, Ankylosing",DISEASE,may_treat,MEDRT
327361,D014605,Uveitis,DISEASE,may_treat,MEDRT
327361,D015535,"Arthritis, Psoriatic",DISEASE,may_treat,MEDRT
327361,D017497,Hidradenitis Suppurativa,DISEASE,may_treat,MEDRT
327361,N0000000247,Biological Response Modifiers,MOA,has_moa,MEDRT
327361,N0000009073,Immunologic Activity Alteration,PE,has_pe,MEDRT
327361,N0000175446,Tumor Necrosis Factor alpha Receptor Blocking Activity,MOA,has_moa,MEDRT
327361,N0000175451,Tumor Necrosis Factor Receptor Blocking Activity,MOA,has_moa,MEDRT
327361,D001171,"Arthritis, Juvenile",DISEASE,may_treat,MEDRT
327361,D001172,"Arthritis, Rheumatoid",DISEASE,may_treat,MEDRT
327361,D003093,"Colitis, Ulcerative",DISEASE,may_treat,MEDRT
327361,D003424,Crohn Disease,DISEASE,may_treat,MEDRT
327361,D013167,"Spondylitis, Ankylosing",DISEASE,may_treat,MEDRT
327361,D014605,Uveitis,DISEASE,may_treat,MEDRT
327361,D015535,"Arthritis, Psoriatic",DISEASE,may_treat,MEDRT
327361,D017497,Hidradenitis Suppurativa,DISEASE,may_treat,MEDRT
327361,N0000000247,Biological Response Modifiers,MOA,has_moa,MEDRT
327361,N0000009073,Immunologic Activity Alteration,PE,has_pe,MEDRT
327361,N0000175446,Tumor Necrosis Factor alpha Receptor Blocking Activity,MOA,has_moa,MEDRT
327361,N0000175451,Tumor Necrosis Factor Receptor Blocking Activity,MOA,has_moa,MEDRT
327361,D001171,"Arthritis, Juvenile",DISEASE,may_treat,MEDRT
327361,D001172,"Arthritis, Rheumatoid",DISEASE,may_treat,MEDRT
327361,D003093,"Colitis, Ulcerative",DISEASE,may_treat,MEDRT
327361,D003424,Crohn Disease,DISEASE,may_treat,MEDRT
327361,D013167,"Spondylitis, Ankylosing",DISEASE,may_treat,MEDRT
327361,D014605,Uveitis,DISEASE,may_treat,MEDRT
327361,D015535,"Arthritis, Psoriatic",DISEASE,may_treat,MEDRT
327361,D017497,Hidradenitis Suppurativa,DISEASE,may_treat,MEDRT
327361,N0000000247,Biological Response Modifiers,MOA,has_moa,MEDRT
327361,N0000009073,Immunologic Activity Alteration,PE,has_pe,MEDRT
327361,N0000175446,Tumor Necrosis Factor alpha Receptor Blocking Activity,MOA,has_moa,MEDRT
327361,D001171,"Arthritis, Juvenile",DISEASE,may_treat,MEDRT
327361,D001172,"Arthritis, Rheumatoid",DISEASE,may_treat,MEDRT
327361,D003093,"Colitis, Ulcerative",DISEASE,may_treat,MEDRT
327361,D003424,Crohn Disease,DISEASE,may_treat,MEDRT
327361,D013167,"Spondylitis, Ankylosing",DISEASE,may_treat,MEDRT
327361,D014605,Uveitis,DISEASE,may_treat,MEDRT
327361,D015535,"Arthritis, Psoriatic",DISEASE,may_treat,MEDRT
327361,N0000000247,Biological Response Modifiers,MOA,has_moa,MEDRT
327361,N0000009073,Immunologic Activity Alteration,PE,has_pe,MEDRT
327361,N0000175446,Tumor Necrosis Factor alpha Receptor Blocking Activity,MOA,has_moa,MEDRT
327361,N0000175451,Tumor Necrosis Factor Receptor Blocking Activity,MOA,has_moa,MEDRT
327361,D001171,"Arthritis, Juvenile",DISEASE,may_treat,MEDRT
327361,D001172,"Arthritis, Rheumatoid",DISEASE,may_treat,MEDRT
327361,D003093,"Colitis, Ulcerative",DISEASE,may_treat,MEDRT
327361,D003424,Crohn Disease,DISEASE,may_treat,MEDRT
327361,D013167,"Spondylitis, Ankylosing",DISEASE,may_treat,MEDRT
327361,D014605,Uveitis,DISEASE,may_treat,MEDRT
327361,D015535,"Arthritis, Psoriatic",DISEASE,may_treat,MEDRT
327361,N0000000247,Biological Response Modifiers,MOA,has_moa,MEDRT
327361,N0000009073,Immunologic Activity Alteration,PE,has_pe,MEDRT
327361,N0000175446,Tumor Necrosis Factor alpha Receptor Blocking Activity,MOA,has_moa,MEDRT
327361,N0000175451,Tumor Necrosis Factor Receptor Blocking Activity,MOA,has_moa,MEDRT
327361,D001171,"Arthritis, Juvenile",DISEASE,may_treat,MEDRT
327361,D001172,"Arthritis, Rheumatoid",DISEASE,may_treat,MEDRT
327361,D003093,"Colitis, Ulcerative",DISEASE,may_treat,MEDRT
327361,D003424,Crohn Disease,DISEASE,may_treat,MEDRT
327361,D013167,"Spondylitis, Ankylosing",DISEASE,may_treat,MEDRT
327361,D014605,Uveitis,DISEASE,may_treat,MEDRT
327361,D015535,"Arthritis, Psoriatic",DISEASE,may_treat,MEDRT
327361,N0000000247,Biological Response Modifiers,MOA,has_moa,MEDRT
327361,N0000009073,Immunologic Activity Alteration,PE,has_pe,MEDRT
327361,N0000175446,Tumor Necrosis Factor alpha Receptor Blocking Activity,MOA,has_moa,MEDRT
327361,N0000175451,Tumor Necrosis Factor Receptor Blocking Activity,MOA,has_moa,MEDRT
327361,D001172,"Arthritis, Rheumatoid",DISEASE,may_treat,MEDRT
327361,D003093,"Colitis, Ulcerative",DISEASE,may_treat,MEDRT
327361,D003424,Crohn Disease,DISEASE,may_treat,MEDRT
327361,D013167,"Spondylitis, Ankylosing",DISEASE,may_treat,MEDRT
327361,D014605,Uveitis,DISEASE,may_treat,MEDRT
327361,D015535,"Arthritis, Psoriatic",DISEASE,may_treat,MEDRT
327361,N0000000247,Biological Response Modifiers,MOA,has_moa,MEDRT
327361,N0000009073,Immunologic Activity Alteration,PE,has_pe,MEDRT
327361,N0000175446,Tumor Necrosis Factor alpha Receptor Blocking Activity,MOA,has_moa,MEDRT
327361,N0000175451,Tumor Necrosis Factor Receptor Blocking Activity,MOA,has_moa,MEDRT
327361,D001171,"Arthritis, Juvenile",DISEASE,may_treat,MEDRT
327361,D001172,"Arthritis, Rheumatoid",DISEASE,may_treat,MEDRT
327361,D003093,"Colitis, Ulcerative",DISEASE,may_treat,MEDRT
327361,D003424,Crohn Disease,DISEASE,may_treat,MEDRT
327361,D013167,"Spondylitis, Ankylosing",DISEASE,may_treat,MEDRT
327361,D014605,Uveitis,DISEASE,may_treat,MEDRT
327361,D015535,"Arthritis, Psoriatic",DISEASE,may_treat,MEDRT
327361,D017497,Hidradenitis Suppurativa,DISEASE,may_treat,MEDRT
327361,N0000000247,Biological Response Modifiers,MOA,has_moa,MEDRT
327361,N0000009073,Immunologic Activity Alteration,PE,has_pe,MEDRT
327361,N0000175446,Tumor Necrosis Factor alpha Receptor Blocking Activity,MOA,has_moa,MEDRT
327361,N0000175451,Tumor Necrosis Factor Receptor Blocking Activity,MOA,has_moa,MEDRT
327361,D000068879,Adalimumab,CHEM,has_ingredient,MEDRT
327361,D001171,"Arthritis, Juvenile",DISEASE,may_treat,MEDRT
327361,D001172,"Arthritis, Rheumatoid",DISEASE,may_treat,MEDRT
327361,D003093,"Colitis, Ulcerative",DISEASE,may_treat,MEDRT
327361,D003424,Crohn Disease,DISEASE,may_treat,MEDRT
327361,D013167,"Spondylitis, Ankylosing",DISEASE,may_treat,MEDRT
327361,D014605,Uveitis,DISEASE,may_treat,MEDRT
327361,D015535,"Arthritis, Psoriatic",DISEASE,may_treat,MEDRT
327361,D017497,Hidradenitis Suppurativa,DISEASE,may_treat,MEDRT
327361,N0000000247,Biological Response Modifiers,MOA,has_moa,MEDRT
327361,N0000009073,Immunologic Activity Alteration,PE,has_pe,MEDRT
327361,N0000175446,Tumor Necrosis Factor alpha Receptor Blocking Activity,MOA,has_moa,MEDRT
17300,D004342,Drug Hypersensitivity,DISEASE,ci_with,MEDRT
17300,D007654,Ketoconazole,CHEM,ci_chemclass,MEDRT
17300,D008107,Liver Diseases,DISEASE,ci_with,MEDRT
17300,D011470,Prostatic Hyperplasia,DISEASE,may_treat,MEDRT
17300,D011799,Quinazolines,CHEM,has_ingredient,MEDRT
17300,D017964,Itraconazole,CHEM,ci_chemclass,MEDRT
17300,D019438,Ritonavir,CHEM,ci_chemclass,MEDRT
17300,N0000008421,Decreased Bladder Sphincter Tone,PE,has_pe,MEDRT
17300,N0000009811,Prostatic Alteration,PE,has_pe,MEDRT
17300,N0000009919,Adrenergic alpha1-Antagonists,MOA,has_moa,MEDRT
17300,N0000009976,Decreased Urethra Smooth Muscle Tone,PE,has_pe,MEDRT
17300,N0000182141,Cytochrome P450 3A4 Inhibitors,MOA,ci_moa,MEDRT
17300,D004342,Drug Hypersensitivity,DISEASE,ci_with,MEDRT
17300,D007654,Ketoconazole,CHEM,ci_chemclass,MEDRT
17300,D008107,Liver Diseases,DISEASE,ci_with,MEDRT
17300,D011470,Prostatic Hyperplasia,DISEASE,may_treat,MEDRT
17300,D011799,Quinazolines,CHEM,has_ingredient,MEDRT
17300,D017964,Itraconazole,CHEM,ci_chemclass,MEDRT
17300,D019438,Ritonavir,CHEM,ci_chemclass,MEDRT
17300,N0000008421,Decreased Bladder Sphincter Tone,PE,has_pe,MEDRT
17300,N0000009811,Prostatic Alteration,PE,has_pe,MEDRT
17300,N0000009919,Adrenergic alpha1-Antagonists,MOA,has_moa,MEDRT
17300,N0000009976,Decreased Urethra Smooth Muscle Tone,PE,has_pe,MEDRT
17300,N0000182141,Cytochrome P450 3A4 Inhibitors,MOA,ci_moa,MEDRT
1659152,D006937,Hypercholesterolemia,DISEASE,may_treat,MEDRT
1659152,D006967,Hypersensitivity,DISEASE,ci_with,MEDRT
1659152,D009203,Myocardial Infarction,DISEASE,may_prevent,MEDRT
1659152,D050197,Atherosclerosis,DISEASE,may_treat,MEDRT
1659152,D050197,Atherosclerosis,DISEASE,may_prevent,MEDRT
1659152,D058226,"Plaque, Atherosclerotic",DISEASE,may_prevent,MEDRT
1659152,D061067,"Antibodies, Monoclonal, Humanized",CHEM,has_ingredient,MEDRT
1659152,N0000009380,Increased Lipolysis,PE,has_pe,MEDRT
1659152,N0000191730,PCSK9 Inhibitors,MOA,has_moa,MEDRT
596,D000379,Agoraphobia,DISEASE,may_treat,MEDRT
596,D000525,Alprazolam,CHEM,has_ingredient,MEDRT
596,D001569,Benzodiazepines,CHEM,ci_chemclass,MEDRT
596,D003866,Depressive Disorder,DISEASE,may_treat,MEDRT
596,D004342,Drug Hypersensitivity,DISEASE,ci_with,MEDRT
596,D007654,Ketoconazole,CHEM,ci_chemclass,MEDRT
596,D015812,"Glaucoma, Angle-Closure",DISEASE,ci_with,MEDRT
596,D016584,Panic Disorder,DISEASE,may_treat,MEDRT
596,D017964,Itraconazole,CHEM,ci_chemclass,MEDRT
596,N0000000042,Renal Excretion,PK,has_pk,MEDRT
596,N0000000046,Breast Milk Excretion,PK,has_pk,MEDRT
596,N0000000118,GABA A Modulators,MOA,has_moa,MEDRT
596,N0000009188,Increased Central Nervous System GABA Activity,PE,has_pe,MEDRT
596,N0000190114,Cytochrome P450 3A Inhibitors,MOA,ci_moa,MEDRT
620,D000547,Amantadine,CHEM,has_ingredient,MEDRT
620,D004342,Drug Hypersensitivity,DISEASE,ci_with,MEDRT
620,D004409,"Dyskinesia, Drug-Induced",DISEASE,may_treat,MEDRT
620,D004421,Dystonia,DISEASE,may_treat,MEDRT
620,D007251,"Influenza, Human",DISEASE,may_treat,MEDRT
620,D007251,"Influenza, Human",DISEASE,may_prevent,MEDRT
620,D010300,Parkinson Disease,DISEASE,may_treat,MEDRT
620,D010302,"Parkinson Disease, Secondary",DISEASE,may_treat,MEDRT
620,D017109,"Akathisia, Drug-Induced",DISEASE,may_treat,MEDRT
620,N0000000193,Ion Channel Interactions,MOA,has_moa,MEDRT
620,N0000000203,Dopamine Receptor Interactions,MOA,has_moa,MEDRT
620,N0000008853,Decreased RNA Replication,PE,has_pe,MEDRT
620,N0000009183,Increased Central Nervous System Dopamine Activity,PE,has_pe,MEDRT
620,N0000175542,M2 Protein Inhibitors,MOA,has_moa,MEDRT
620,D000547,Amantadine,CHEM,has_ingredient,MEDRT
620,D004342,Drug Hypersensitivity,DISEASE,ci_with,MEDRT
620,D004409,"Dyskinesia, Drug-Induced",DISEASE,may_treat,MEDRT
620,D004421,Dystonia,DISEASE,may_treat,MEDRT
620,D007251,"Influenza, Human",DISEASE,may_treat,MEDRT
620,D007251,"Influenza, Human",DISEASE,may_prevent,MEDRT
620,D010300,Parkinson Disease,DISEASE,may_treat,MEDRT
620,D010302,"Parkinson Disease, Secondary",DISEASE,may_treat,MEDRT
620,D017109,"Akathisia, Drug-Induced",DISEASE,may_treat,MEDRT
620,N0000000193,Ion Channel Interactions,MOA,has_moa,MEDRT
620,N0000000203,Dopamine Receptor Interactions,MOA,has_moa,MEDRT
620,N0000008853,Decreased RNA Replication,PE,has_pe,MEDRT
620,N0000009183,Increased Central Nervous System Dopamine Activity,PE,has_pe,MEDRT
620,N0000175542,M2 Protein Inhibitors,MOA,has_moa,MEDRT
620,D000547,Amantadine,CHEM,has_ingredient,MEDRT
620,D004342,Drug Hypersensitivity,DISEASE,ci_with,MEDRT
620,D004409,"Dyskinesia, Drug-Induced",DISEASE,may_treat,MEDRT
620,D004421,Dystonia,DISEASE,may_treat,MEDRT
620,D007251,"Influenza, Human",DISEASE,may_treat,MEDRT
620,D007251,"Influenza, Human",DISEASE,may_prevent,MEDRT
620,D010300,Parkinson Disease,DISEASE,may_treat,MEDRT
620,D010302,"Parkinson Disease, Secondary",DISEASE,may_treat,MEDRT
620,D017109,"Akathisia, Drug-Induced",DISEASE,may_treat,MEDRT
620,N0000000193,Ion Channel Interactions,MOA,has_moa,MEDRT
620,N0000000203,Dopamine Receptor Interactions,MOA,has_moa,MEDRT
620,N0000008853,Decreased RNA Replication,PE,has_pe,MEDRT
620,N0000009183,Increased Central Nervous System Dopamine Activity,PE,has_pe,MEDRT
620,N0000175542,M2 Protein Inhibitors,MOA,has_moa,MEDRT
358274,D006976,"Hypertension, Pulmonary",DISEASE,may_treat,MEDRT
358274,D010666,Phenylpropionates,CHEM,has_ingredient,MEDRT
358274,D011247,Pregnancy,DISEASE,ci_with,MEDRT
358274,D011724,Pyridazines,CHEM,has_ingredient,MEDRT
358274,D054990,Idiopathic Pulmonary Fibrosis,DISEASE,ci_with,MEDRT
358274,N0000009816,Pulmonary Arterial Vasodilation,PE,has_pe,MEDRT
358274,N0000175364,Endothelin Receptor Antagonists,MOA,has_moa,MEDRT
358274,N0000178477,Decreased Blood Pressure,PE,has_pe,MEDRT
644,D000584,Amiloride,CHEM,has_ingredient,MEDRT
644,D001002,Anuria,DISEASE,ci_with,MEDRT
644,D001201,Ascites,DISEASE,may_treat,MEDRT
644,D003550,Cystic Fibrosis,DISEASE,may_treat,MEDRT
644,D003928,Diabetic Nephropathies,DISEASE,ci_with,MEDRT
644,D004342,Drug Hypersensitivity,DISEASE,ci_with,MEDRT
644,D004487,Edema,DISEASE,may_treat,MEDRT
644,D006333,Heart Failure,DISEASE,may_treat,MEDRT
644,D006947,Hyperkalemia,DISEASE,ci_with,MEDRT
644,D006973,Hypertension,DISEASE,may_treat,MEDRT
644,D007008,Hypokalemia,DISEASE,may_prevent,MEDRT
644,D007008,Hypokalemia,DISEASE,may_treat,MEDRT
644,D011141,Polyuria,DISEASE,may_treat,MEDRT
644,D011188,Potassium,CHEM,ci_chemclass,MEDRT
644,D013148,Spironolactone,CHEM,ci_chemclass,MEDRT
644,D013449,Sulfonamides,CHEM,ci_chemclass,MEDRT
644,D014223,Triamterene,CHEM,ci_chemclass,MEDRT
644,N0000000238,Sodium-Potassium Exchanging ATPase Interactions,MOA,has_moa,MEDRT
644,N0000008562,Decreased Collecting Duct K+ Excretion,PE,has_pe,MEDRT
644,N0000008583,Decreased Distal Tubule K+ Excretion,PE,has_pe,MEDRT
644,N0000008854,Decreased Renal Ca++ Excretion,PE,has_pe,MEDRT
644,N0000009260,Increased Collecting Duct Na+ Excretion,PE,has_pe,MEDRT
644,N0000009279,Increased Distal Tubule Na+ Excretion,PE,has_pe,MEDRT
644,N0000009552,Increased Renal Mg++ Excretion,PE,has_pe,MEDRT
644,N0000178477,Decreased Blood Pressure,PE,has_pe,MEDRT
644,D000584,Amiloride,CHEM,has_ingredient,MEDRT
644,D001002,Anuria,DISEASE,ci_with,MEDRT
644,D001201,Ascites,DISEASE,may_treat,MEDRT
644,D003550,Cystic Fibrosis,DISEASE,may_treat,MEDRT
644,D003928,Diabetic Nephropathies,DISEASE,ci_with,MEDRT
644,D004342,Drug Hypersensitivity,DISEASE,ci_with,MEDRT
644,D004487,Edema,DISEASE,may_treat,MEDRT
644,D006333,Heart Failure,DISEASE,may_treat,MEDRT
644,D006947,Hyperkalemia,DISEASE,ci_with,MEDRT
644,D006967,Hypersensitivity,DISEASE,ci_with,MEDRT
644,D006973,Hypertension,DISEASE,may_treat,MEDRT
644,D007008,Hypokalemia,DISEASE,may_treat,MEDRT
644,D007008,Hypokalemia,DISEASE,may_prevent,MEDRT
644,D011141,Polyuria,DISEASE,may_treat,MEDRT
644,D011188,Potassium,CHEM,ci_chemclass,MEDRT
644,D013148,Spironolactone,CHEM,ci_chemclass,MEDRT
644,D013449,Sulfonamides,CHEM,ci_chemclass,MEDRT
644,D014223,Triamterene,CHEM,ci_chemclass,MEDRT
644,N0000000238,Sodium-Potassium Exchanging ATPase Interactions,MOA,has_moa,MEDRT
644,N0000008562,Decreased Collecting Duct K+ Excretion,PE,has_pe,MEDRT
644,N0000008583,Decreased Distal Tubule K+ Excretion,PE,has_pe,MEDRT
644,N0000008854,Decreased Renal Ca++ Excretion,PE,has_pe,MEDRT
644,N0000009260,Increased Collecting Duct Na+ Excretion,PE,has_pe,MEDRT
644,N0000009279,Increased Distal Tubule Na+ Excretion,PE,has_pe,MEDRT
644,N0000009552,Increased Renal Mg++ Excretion,PE,has_pe,MEDRT
644,N0000178477,Decreased Blood Pressure,PE,has_pe,MEDRT
644,D000584,Amiloride,CHEM,has_ingredient,MEDRT
644,D001002,Anuria,DISEASE,ci_with,MEDRT
644,D001201,Ascites,DISEASE,may_treat,MEDRT
644,D003550,Cystic Fibrosis,DISEASE,may_treat,MEDRT
644,D003928,Diabetic Nephropathies,DISEASE,ci_with,MEDRT
644,D004342,Drug Hypersensitivity,DISEASE,ci_with,MEDRT
644,D004487,Edema,DISEASE,may_treat,MEDRT
644,D006333,Heart Failure,DISEASE,may_treat,MEDRT
644,D006947,Hyperkalemia,DISEASE,ci_with,MEDRT
644,D006973,Hypertension,DISEASE,may_treat,MEDRT
644,D007008,Hypokalemia,DISEASE,may_prevent,MEDRT
644,D007008,Hypokalemia,DISEASE,may_treat,MEDRT
644,D011141,Polyuria,DISEASE,may_treat,MEDRT
644,D011188,Potassium,CHEM,ci_chemclass,MEDRT
644,D013148,Spironolactone,CHEM,ci_chemclass,MEDRT
644,D013449,Sulfonamides,CHEM,ci_chemclass,MEDRT
644,D014223,Triamterene,CHEM,ci_chemclass,MEDRT
644,N0000000238,Sodium-Potassium Exchanging ATPase Interactions,MOA,has_moa,MEDRT
644,N0000008562,Decreased Collecting Duct K+ Excretion,PE,has_pe,MEDRT
644,N0000008583,Decreased Distal Tubule K+ Excretion,PE,has_pe,MEDRT
644,N0000008854,Decreased Renal Ca++ Excretion,PE,has_pe,MEDRT
644,N0000009260,Increased Collecting Duct Na+ Excretion,PE,has_pe,MEDRT
644,N0000009279,Increased Distal Tubule Na+ Excretion,PE,has_pe,MEDRT
644,N0000009552,Increased Renal Mg++ Excretion,PE,has_pe,MEDRT
644,N0000178477,Decreased Blood Pressure,PE,has_pe,MEDRT
703,D000077266,Moxifloxacin,CHEM,ci_chemclass,MEDRT
703,D000077734,Gatifloxacin,CHEM,ci_chemclass,MEDRT
703,D000638,Amiodarone,CHEM,has_ingredient,MEDRT
703,D001919,Bradycardia,DISEASE,ci_with,MEDRT
703,D004342,Drug Hypersensitivity,DISEASE,ci_with,MEDRT
703,D007774,Lactation,DISEASE,ci_with,MEDRT
703,D011269,"Pregnancy, Abdominal",DISEASE,ci_with,MEDRT
703,D012770,"Shock, Cardiogenic",DISEASE,ci_with,MEDRT
703,D012804,Sick Sinus Syndrome,DISEASE,ci_with,MEDRT
703,D013575,Syncope,DISEASE,ci_with,MEDRT
703,D013617,"Tachycardia, Supraventricular",DISEASE,may_treat,MEDRT
703,D014693,Ventricular Fibrillation,DISEASE,may_treat,MEDRT
703,D019438,Ritonavir,CHEM,ci_chemclass,MEDRT
703,D020117,Cisapride,CHEM,ci_chemclass,MEDRT
703,D024841,Fluoroquinolones,CHEM,ci_chemclass,MEDRT
703,D054537,Atrioventricular Block,DISEASE,ci_with,MEDRT
703,N0000000069,Calcium Channel Antagonists,MOA,has_moa,MEDRT
703,N0000000161,Adrenergic beta-Antagonists,MOA,has_moa,MEDRT
703,N0000000211,Potassium Channel Interactions,MOA,has_moa,MEDRT
703,N0000008303,Atrial Repolarization,PE,has_pe,MEDRT
703,N0000008330,Cardiac Rhythm Alteration,PE,ci_pe,MEDRT
703,N0000009756,Negative Chronotropy,PE,has_pe,MEDRT
703,N0000009914,Ventricular Repolarization,PE,has_pe,MEDRT
703,N0000181004,Sodium Channel Antagonists,MOA,has_moa,MEDRT
703,D000077266,Moxifloxacin,CHEM,ci_chemclass,MEDRT
703,D000077734,Gatifloxacin,CHEM,ci_chemclass,MEDRT
703,D000638,Amiodarone,CHEM,has_ingredient,MEDRT
703,D001919,Bradycardia,DISEASE,ci_with,MEDRT
703,D004342,Drug Hypersensitivity,DISEASE,ci_with,MEDRT
703,D007774,Lactation,DISEASE,ci_with,MEDRT
703,D011269,"Pregnancy, Abdominal",DISEASE,ci_with,MEDRT
703,D012770,"Shock, Cardiogenic",DISEASE,ci_with,MEDRT
703,D012804,Sick Sinus Syndrome,DISEASE,ci_with,MEDRT
703,D013575,Syncope,DISEASE,ci_with,MEDRT
703,D013617,"Tachycardia, Supraventricular",DISEASE,may_treat,MEDRT
703,D014693,Ventricular Fibrillation,DISEASE,may_treat,MEDRT
703,D019438,Ritonavir,CHEM,ci_chemclass,MEDRT
703,D020117,Cisapride,CHEM,ci_chemclass,MEDRT
703,D024841,Fluoroquinolones,CHEM,ci_chemclass,MEDRT
703,D054537,Atrioventricular Block,DISEASE,ci_with,MEDRT
703,N0000000069,Calcium Channel Antagonists,MOA,has_moa,MEDRT
703,N0000000161,Adrenergic beta-Antagonists,MOA,has_moa,MEDRT
703,N0000000211,Potassium Channel Interactions,MOA,has_moa,MEDRT
703,N0000008303,Atrial Repolarization,PE,has_pe,MEDRT
703,N0000008330,Cardiac Rhythm Alteration,PE,ci_pe,MEDRT
703,N0000009756,Negative Chronotropy,PE,has_pe,MEDRT
703,N0000009914,Ventricular Repolarization,PE,has_pe,MEDRT
703,N0000181004,Sodium Channel Antagonists,MOA,has_moa,MEDRT
704,D000639,Amitriptyline,CHEM,has_ingredient,MEDRT
704,D003866,Depressive Disorder,DISEASE,may_treat,MEDRT
704,D004342,Drug Hypersensitivity,DISEASE,ci_with,MEDRT
704,D009203,Myocardial Infarction,DISEASE,ci_with,MEDRT
704,D009661,Nortriptyline,CHEM,has_active_metabolites,MEDRT
704,D010146,Pain,DISEASE,may_treat,MEDRT
704,D020117,Cisapride,CHEM,ci_chemclass,MEDRT
704,N0000000026,Hepatic Metabolism,PK,site_of_metabolism,MEDRT
704,N0000000102,Norepinephrine Uptake Inhibitors,MOA,has_moa,MEDRT
704,N0000000109,Serotonin Uptake Inhibitors,MOA,has_moa,MEDRT
704,N0000000184,Monoamine Oxidase Inhibitors,MOA,ci_moa,MEDRT
704,N0000008894,Decreased Serotonin Degradation,PE,has_pe,MEDRT
704,N0000009196,Increased Central Nervous System Norepinephrine Activity,PE,has_pe,MEDRT
704,D003866,Depressive Disorder,DISEASE,may_treat,MEDRT
704,D004342,Drug Hypersensitivity,DISEASE,ci_with,MEDRT
704,D009203,Myocardial Infarction,DISEASE,ci_with,MEDRT
704,D010146,Pain,DISEASE,may_treat,MEDRT
704,D020117,Cisapride,CHEM,ci_chemclass,MEDRT
704,N0000000102,Norepinephrine Uptake Inhibitors,MOA,has_moa,MEDRT
704,N0000000109,Serotonin Uptake Inhibitors,MOA,has_moa,MEDRT
704,N0000000184,Monoamine Oxidase Inhibitors,MOA,ci_moa,MEDRT
704,N0000008894,Decreased Serotonin Degradation,PE,has_pe,MEDRT
704,N0000009196,Increased Central Nervous System Norepinephrine Activity,PE,has_pe,MEDRT
704,D003866,Depressive Disorder,DISEASE,may_treat,MEDRT
704,D004342,Drug Hypersensitivity,DISEASE,ci_with,MEDRT
704,D009203,Myocardial Infarction,DISEASE,ci_with,MEDRT
704,D010146,Pain,DISEASE,may_treat,MEDRT
704,D020117,Cisapride,CHEM,ci_chemclass,MEDRT
704,N0000000102,Norepinephrine Uptake Inhibitors,MOA,has_moa,MEDRT
704,N0000000109,Serotonin Uptake Inhibitors,MOA,has_moa,MEDRT
704,N0000000184,Monoamine Oxidase Inhibitors,MOA,ci_moa,MEDRT
704,N0000008894,Decreased Serotonin Degradation,PE,has_pe,MEDRT
704,N0000009196,Increased Central Nervous System Norepinephrine Activity,PE,has_pe,MEDRT
704,D000639,Amitriptyline,CHEM,has_ingredient,MEDRT
704,D003866,Depressive Disorder,DISEASE,may_treat,MEDRT
704,D004342,Drug Hypersensitivity,DISEASE,ci_with,MEDRT
704,D009203,Myocardial Infarction,DISEASE,ci_with,MEDRT
704,D009661,Nortriptyline,CHEM,has_active_metabolites,MEDRT
704,D010146,Pain,DISEASE,may_treat,MEDRT
704,D020117,Cisapride,CHEM,ci_chemclass,MEDRT
704,N0000000026,Hepatic Metabolism,PK,site_of_metabolism,MEDRT
704,N0000000102,Norepinephrine Uptake Inhibitors,MOA,has_moa,MEDRT
704,N0000000109,Serotonin Uptake Inhibitors,MOA,has_moa,MEDRT
704,N0000000184,Monoamine Oxidase Inhibitors,MOA,ci_moa,MEDRT
704,N0000008894,Decreased Serotonin Degradation,PE,has_pe,MEDRT
704,N0000009196,Increased Central Nervous System Norepinephrine Activity,PE,has_pe,MEDRT
704,D000639,Amitriptyline,CHEM,has_ingredient,MEDRT
704,D003866,Depressive Disorder,DISEASE,may_treat,MEDRT
704,D004342,Drug Hypersensitivity,DISEASE,ci_with,MEDRT
704,D009203,Myocardial Infarction,DISEASE,ci_with,MEDRT
704,D009661,Nortriptyline,CHEM,has_active_metabolites,MEDRT
704,D010146,Pain,DISEASE,may_treat,MEDRT
704,D020117,Cisapride,CHEM,ci_chemclass,MEDRT
704,N0000000026,Hepatic Metabolism,PK,site_of_metabolism,MEDRT
704,N0000000102,Norepinephrine Uptake Inhibitors,MOA,has_moa,MEDRT
704,N0000000109,Serotonin Uptake Inhibitors,MOA,has_moa,MEDRT
704,N0000000184,Monoamine Oxidase Inhibitors,MOA,ci_moa,MEDRT
704,N0000008894,Decreased Serotonin Degradation,PE,has_pe,MEDRT
704,N0000009196,Increased Central Nervous System Norepinephrine Activity,PE,has_pe,MEDRT
704,D003866,Depressive Disorder,DISEASE,may_treat,MEDRT
704,D004342,Drug Hypersensitivity,DISEASE,ci_with,MEDRT
704,D009203,Myocardial Infarction,DISEASE,ci_with,MEDRT
704,D010146,Pain,DISEASE,may_treat,MEDRT
704,D020117,Cisapride,CHEM,ci_chemclass,MEDRT
704,N0000000102,Norepinephrine Uptake Inhibitors,MOA,has_moa,MEDRT
704,N0000000109,Serotonin Uptake Inhibitors,MOA,has_moa,MEDRT
704,N0000000184,Monoamine Oxidase Inhibitors,MOA,ci_moa,MEDRT
704,N0000008894,Decreased Serotonin Degradation,PE,has_pe,MEDRT
704,N0000009196,Increased Central Nervous System Norepinephrine Activity,PE,has_pe,MEDRT
704,D003866,Depressive Disorder,DISEASE,may_treat,MEDRT
704,D004342,Drug Hypersensitivity,DISEASE,ci_with,MEDRT
704,D009203,Myocardial Infarction,DISEASE,ci_with,MEDRT
704,D010146,Pain,DISEASE,may_treat,MEDRT
704,D020117,Cisapride,CHEM,ci_chemclass,MEDRT
704,N0000000102,Norepinephrine Uptake Inhibitors,MOA,has_moa,MEDRT
704,N0000000109,Serotonin Uptake Inhibitors,MOA,has_moa,MEDRT
704,N0000000184,Monoamine Oxidase Inhibitors,MOA,ci_moa,MEDRT
704,N0000008894,Decreased Serotonin Degradation,PE,has_pe,MEDRT
704,N0000009196,Increased Central Nervous System Norepinephrine Activity,PE,has_pe,MEDRT
704,D000639,Amitriptyline,CHEM,has_ingredient,MEDRT
704,D003866,Depressive Disorder,DISEASE,may_treat,MEDRT
704,D004342,Drug Hypersensitivity,DISEASE,ci_with,MEDRT
704,D009203,Myocardial Infarction,DISEASE,ci_with,MEDRT
704,D009661,Nortriptyline,CHEM,has_active_metabolites,MEDRT
704,D010146,Pain,DISEASE,may_treat,MEDRT
704,D020117,Cisapride,CHEM,ci_chemclass,MEDRT
704,N0000000026,Hepatic Metabolism,PK,site_of_metabolism,MEDRT
704,N0000000102,Norepinephrine Uptake Inhibitors,MOA,has_moa,MEDRT
704,N0000000109,Serotonin Uptake Inhibitors,MOA,has_moa,MEDRT
704,N0000000184,Monoamine Oxidase Inhibitors,MOA,ci_moa,MEDRT
704,N0000008894,Decreased Serotonin Degradation,PE,has_pe,MEDRT
704,N0000009196,Increased Central Nervous System Norepinephrine Activity,PE,has_pe,MEDRT
72435,D001172,"Arthritis, Rheumatoid",DISEASE,may_treat,MEDRT
72435,D004342,Drug Hypersensitivity,DISEASE,ci_with,MEDRT
72435,D007239,Infections,DISEASE,ci_with,MEDRT
72435,D029968,Escherichia coli Proteins,CHEM,ci_chemclass,MEDRT
72435,D053590,Interleukin 1 Receptor Antagonist Protein,CHEM,has_ingredient,MEDRT
72435,D056587,Cryopyrin-Associated Periodic Syndromes,DISEASE,may_treat,MEDRT
72435,N0000000133,Enzyme Inhibitors,MOA,has_moa,MEDRT
72435,N0000008313,Bone Resorption Inhibition,PE,has_pe,MEDRT
72435,N0000008663,Decreased Immunologically Active Molecule Activity,PE,has_pe,MEDRT
72435,N0000175709,Interleukin 1 Receptor Antagonists,MOA,has_moa,MEDRT
1999574,D011471,Prostatic Neoplasms,DISEASE,may_treat,MEDRT
1999574,D013867,Thiohydantoins,CHEM,has_ingredient,MEDRT
1999574,N0000000074,GABA A Antagonists,MOA,has_moa,MEDRT
1999574,N0000000243,Androgen Receptor Antagonists,MOA,has_moa,MEDRT
1999574,N0000008350,Cellular Transport Alteration,PE,has_pe,MEDRT
1999574,N0000175672,Cellular Proliferation Alteration,PE,has_pe,MEDRT
1364430,D004342,Drug Hypersensitivity,DISEASE,ci_with,MEDRT
1364430,D006470,Hemorrhage,DISEASE,ci_with,MEDRT
1364430,D011655,Pulmonary Embolism,DISEASE,may_treat,MEDRT
1364430,D011720,Pyrazoles,CHEM,has_ingredient,MEDRT
1364430,D011728,Pyridones,CHEM,has_ingredient,MEDRT
1364430,D013923,Thromboembolism,DISEASE,may_prevent,MEDRT
1364430,D020246,Venous Thrombosis,DISEASE,may_treat,MEDRT
1364430,D020246,Venous Thrombosis,DISEASE,may_prevent,MEDRT
1364430,D020521,Stroke,DISEASE,may_prevent,MEDRT
1364430,N0000000107,Antithrombins,MOA,has_moa,MEDRT
1364430,N0000008556,Decreased Coagulation Factor Activity,PE,has_pe,MEDRT
1364430,N0000175635,Factor Xa Inhibitors,MOA,has_moa,MEDRT
2584304,D007951,"Leukemia, Myeloid",DISEASE,may_treat,MEDRT
2584304,D009536,Niacinamide,CHEM,has_ingredient,MEDRT
2584304,N0000020009,Bcr-Abl Tyrosine Kinase Inhibitors,MOA,has_moa,MEDRT
2584304,D007951,"Leukemia, Myeloid",DISEASE,may_treat,MEDRT
2584304,D009536,Niacinamide,CHEM,has_ingredient,MEDRT
2584304,D011720,Pyrazoles,CHEM,has_ingredient,MEDRT
2584304,N0000020009,Bcr-Abl Tyrosine Kinase Inhibitors,MOA,has_moa,MEDRT
83367,D000069059,Atorvastatin,CHEM,has_ingredient,MEDRT
83367,D003324,Coronary Artery Disease,DISEASE,may_treat,MEDRT
83367,D003324,Coronary Artery Disease,DISEASE,may_prevent,MEDRT
83367,D004342,Drug Hypersensitivity,DISEASE,ci_with,MEDRT
83367,D006937,Hypercholesterolemia,DISEASE,may_treat,MEDRT
83367,D006951,Hyperlipoproteinemias,DISEASE,may_treat,MEDRT
83367,D007774,Lactation,DISEASE,ci_with,MEDRT
83367,D008107,Liver Diseases,DISEASE,ci_with,MEDRT
83367,D011247,Pregnancy,DISEASE,ci_with,MEDRT
83367,D015228,Hypertriglyceridemia,DISEASE,may_treat,MEDRT
83367,D017093,Liver Failure,DISEASE,ci_with,MEDRT
83367,N0000000121,Hydroxymethylglutaryl-CoA Reductase Inhibitors,MOA,has_moa,MEDRT
83367,N0000008555,Decreased Cholesterol Synthesis,PE,has_pe,MEDRT
83367,D003324,Coronary Artery Disease,DISEASE,may_treat,MEDRT
83367,D003324,Coronary Artery Disease,DISEASE,may_prevent,MEDRT
83367,D004342,Drug Hypersensitivity,DISEASE,ci_with,MEDRT
83367,D006937,Hypercholesterolemia,DISEASE,may_treat,MEDRT
83367,D006951,Hyperlipoproteinemias,DISEASE,may_treat,MEDRT
83367,D007774,Lactation,DISEASE,ci_with,MEDRT
83367,D008107,Liver Diseases,DISEASE,ci_with,MEDRT
83367,D011247,Pregnancy,DISEASE,ci_with,MEDRT
83367,D015228,Hypertriglyceridemia,DISEASE,may_treat,MEDRT
83367,D017093,Liver Failure,DISEASE,ci_with,MEDRT
83367,N0000000121,Hydroxymethylglutaryl-CoA Reductase Inhibitors,MOA,has_moa,MEDRT
83367,N0000008555,Decreased Cholesterol Synthesis,PE,has_pe,MEDRT
83367,D000069059,Atorvastatin,CHEM,has_ingredient,MEDRT
83367,D003324,Coronary Artery Disease,DISEASE,may_treat,MEDRT
83367,D003324,Coronary Artery Disease,DISEASE,may_prevent,MEDRT
83367,D006937,Hypercholesterolemia,DISEASE,may_treat,MEDRT
83367,D006951,Hyperlipoproteinemias,DISEASE,may_treat,MEDRT
83367,D007774,Lactation,DISEASE,ci_with,MEDRT
83367,D008107,Liver Diseases,DISEASE,ci_with,MEDRT
83367,D011247,Pregnancy,DISEASE,ci_with,MEDRT
83367,D015228,Hypertriglyceridemia,DISEASE,may_treat,MEDRT
83367,D017093,Liver Failure,DISEASE,ci_with,MEDRT
83367,N0000000121,Hydroxymethylglutaryl-CoA Reductase Inhibitors,MOA,has_moa,MEDRT
83367,N0000008555,Decreased Cholesterol Synthesis,PE,has_pe,MEDRT
83367,D000069059,Atorvastatin,CHEM,has_ingredient,MEDRT
83367,D003324,Coronary Artery Disease,DISEASE,may_treat,MEDRT
83367,D003324,Coronary Artery Disease,DISEASE,may_prevent,MEDRT
83367,D004342,Drug Hypersensitivity,DISEASE,ci_with,MEDRT
83367,D006937,Hypercholesterolemia,DISEASE,may_treat,MEDRT
83367,D006951,Hyperlipoproteinemias,DISEASE,may_treat,MEDRT
83367,D007774,Lactation,DISEASE,ci_with,MEDRT
83367,D008107,Liver Diseases,DISEASE,ci_with,MEDRT
83367,D011247,Pregnancy,DISEASE,ci_with,MEDRT
83367,D015228,Hypertriglyceridemia,DISEASE,may_treat,MEDRT
83367,D017093,Liver Failure,DISEASE,ci_with,MEDRT
83367,N0000000026,Hepatic Metabolism,PK,has_pk,MEDRT
83367,N0000000121,Hydroxymethylglutaryl-CoA Reductase Inhibitors,MOA,has_moa,MEDRT
83367,N0000008555,Decreased Cholesterol Synthesis,PE,has_pe,MEDRT
83367,D000069059,Atorvastatin,CHEM,has_ingredient,MEDRT
83367,D003324,Coronary Artery Disease,DISEASE,may_treat,MEDRT
83367,D003324,Coronary Artery Disease,DISEASE,may_prevent,MEDRT
83367,D004342,Drug Hypersensitivity,DISEASE,ci_with,MEDRT
83367,D006937,Hypercholesterolemia,DISEASE,may_treat,MEDRT
83367,D006951,Hyperlipoproteinemias,DISEASE,may_treat,MEDRT
83367,D007774,Lactation,DISEASE,ci_with,MEDRT
83367,D008107,Liver Diseases,DISEASE,ci_with,MEDRT
83367,D011247,Pregnancy,DISEASE,ci_with,MEDRT
83367,D015228,Hypertriglyceridemia,DISEASE,may_treat,MEDRT
83367,D017093,Liver Failure,DISEASE,ci_with,MEDRT
83367,N0000000026,Hepatic Metabolism,PK,has_pk,MEDRT
83367,N0000000121,Hydroxymethylglutaryl-CoA Reductase Inhibitors,MOA,has_moa,MEDRT
83367,N0000008555,Decreased Cholesterol Synthesis,PE,has_pe,MEDRT
83367,D000069059,Atorvastatin,CHEM,has_ingredient,MEDRT
83367,D003324,Coronary Artery Disease,DISEASE,may_treat,MEDRT
83367,D003324,Coronary Artery Disease,DISEASE,may_prevent,MEDRT
83367,D004342,Drug Hypersensitivity,DISEASE,ci_with,MEDRT
83367,D006937,Hypercholesterolemia,DISEASE,may_treat,MEDRT
83367,D006951,Hyperlipoproteinemias,DISEASE,may_treat,MEDRT
83367,D007774,Lactation,DISEASE,ci_with,MEDRT
83367,D008107,Liver Diseases,DISEASE,ci_with,MEDRT
83367,D011247,Pregnancy,DISEASE,ci_with,MEDRT
83367,D015228,Hypertriglyceridemia,DISEASE,may_treat,MEDRT
83367,D017093,Liver Failure,DISEASE,ci_with,MEDRT
83367,N0000000121,Hydroxymethylglutaryl-CoA Reductase Inhibitors,MOA,has_moa,MEDRT
83367,N0000008555,Decreased Cholesterol Synthesis,PE,has_pe,MEDRT
83367,D003324,Coronary Artery Disease,DISEASE,may_treat,MEDRT
83367,D003324,Coronary Artery Disease,DISEASE,may_prevent,MEDRT
83367,D004342,Drug Hypersensitivity,DISEASE,ci_with,MEDRT
83367,D006937,Hypercholesterolemia,DISEASE,may_treat,MEDRT
83367,D006951,Hyperlipoproteinemias,DISEASE,may_treat,MEDRT
83367,D007774,Lactation,DISEASE,ci_with,MEDRT
83367,D008107,Liver Diseases,DISEASE,ci_with,MEDRT
83367,D011247,Pregnancy,DISEASE,ci_with,MEDRT
83367,D015228,Hypertriglyceridemia,DISEASE,may_treat,MEDRT
83367,D017093,Liver Failure,DISEASE,ci_with,MEDRT
83367,N0000000121,Hydroxymethylglutaryl-CoA Reductase Inhibitors,MOA,has_moa,MEDRT
83367,N0000008555,Decreased Cholesterol Synthesis,PE,has_pe,MEDRT
83367,D000069059,Atorvastatin,CHEM,has_ingredient,MEDRT
83367,D003324,Coronary Artery Disease,DISEASE,may_treat,MEDRT
83367,D003324,Coronary Artery Disease,DISEASE,may_prevent,MEDRT
83367,D006937,Hypercholesterolemia,DISEASE,may_treat,MEDRT
83367,D006951,Hyperlipoproteinemias,DISEASE,may_treat,MEDRT
83367,D007774,Lactation,DISEASE,ci_with,MEDRT
83367,D008107,Liver Diseases,DISEASE,ci_with,MEDRT
83367,D011247,Pregnancy,DISEASE,ci_with,MEDRT
83367,D015228,Hypertriglyceridemia,DISEASE,may_treat,MEDRT
83367,D017093,Liver Failure,DISEASE,ci_with,MEDRT
83367,N0000000121,Hydroxymethylglutaryl-CoA Reductase Inhibitors,MOA,has_moa,MEDRT
83367,N0000008555,Decreased Cholesterol Synthesis,PE,has_pe,MEDRT
83367,D000069059,Atorvastatin,CHEM,has_ingredient,MEDRT
83367,D003324,Coronary Artery Disease,DISEASE,may_treat,MEDRT
83367,D003324,Coronary Artery Disease,DISEASE,may_prevent,MEDRT
83367,D004342,Drug Hypersensitivity,DISEASE,ci_with,MEDRT
83367,D006937,Hypercholesterolemia,DISEASE,may_treat,MEDRT
83367,D006951,Hyperlipoproteinemias,DISEASE,may_treat,MEDRT
83367,D007774,Lactation,DISEASE,ci_with,MEDRT
83367,D008107,Liver Diseases,DISEASE,ci_with,MEDRT
83367,D011247,Pregnancy,DISEASE,ci_with,MEDRT
83367,D015228,Hypertriglyceridemia,DISEASE,may_treat,MEDRT
83367,D017093,Liver Failure,DISEASE,ci_with,MEDRT
83367,N0000000026,Hepatic Metabolism,PK,has_pk,MEDRT
83367,N0000000121,Hydroxymethylglutaryl-CoA Reductase Inhibitors,MOA,has_moa,MEDRT
83367,N0000008555,Decreased Cholesterol Synthesis,PE,has_pe,MEDRT
83367,D000069059,Atorvastatin,CHEM,has_ingredient,MEDRT
83367,D003324,Coronary Artery Disease,DISEASE,may_treat,MEDRT
83367,D003324,Coronary Artery Disease,DISEASE,may_prevent,MEDRT
83367,D004342,Drug Hypersensitivity,DISEASE,ci_with,MEDRT
83367,D006937,Hypercholesterolemia,DISEASE,may_treat,MEDRT
83367,D006951,Hyperlipoproteinemias,DISEASE,may_treat,MEDRT
83367,D007774,Lactation,DISEASE,ci_with,MEDRT
83367,D008107,Liver Diseases,DISEASE,ci_with,MEDRT
83367,D011247,Pregnancy,DISEASE,ci_with,MEDRT
83367,D015228,Hypertriglyceridemia,DISEASE,may_treat,MEDRT
83367,D017093,Liver Failure,DISEASE,ci_with,MEDRT
83367,N0000000026,Hepatic Metabolism,PK,has_pk,MEDRT
83367,N0000000121,Hydroxymethylglutaryl-CoA Reductase Inhibitors,MOA,has_moa,MEDRT
83367,N0000008555,Decreased Cholesterol Synthesis,PE,has_pe,MEDRT
1256,D000477,Alkylating Agents,CHEM,ci_chemclass,MEDRT
1256,D001172,"Arthritis, Rheumatoid",DISEASE,may_treat,MEDRT
1256,D001379,Azathioprine,CHEM,has_ingredient,MEDRT
1256,D002699,Chlorambucil,CHEM,ci_chemclass,MEDRT
1256,D003093,"Colitis, Ulcerative",DISEASE,may_treat,MEDRT
1256,D003424,Crohn Disease,DISEASE,may_treat,MEDRT
1256,D003520,Cyclophosphamide,CHEM,ci_chemclass,MEDRT
1256,D004342,Drug Hypersensitivity,DISEASE,ci_with,MEDRT
1256,D006086,Graft vs Host Disease,DISEASE,may_prevent,MEDRT
1256,D008180,"Lupus Erythematosus, Systemic",DISEASE,may_treat,MEDRT
1256,D008558,Melphalan,CHEM,ci_chemclass,MEDRT
1256,D009103,Multiple Sclerosis,DISEASE,may_treat,MEDRT
1256,D011247,Pregnancy,DISEASE,ci_with,MEDRT
1256,D011269,"Pregnancy, Abdominal",DISEASE,ci_with,MEDRT
1256,D015122,Mercaptopurine,CHEM,has_active_metabolites,MEDRT
1256,D016553,"Purpura, Thrombocytopenic, Idiopathic",DISEASE,may_treat,MEDRT
1256,N0000000026,Hepatic Metabolism,PK,site_of_metabolism,MEDRT
1256,N0000000233,Nucleic Acid Synthesis Inhibitors,MOA,has_moa,MEDRT
1256,N0000000236,Alkylating Activity,MOA,ci_moa,MEDRT
1256,N0000008577,Decreased DNA Replication,PE,has_pe,MEDRT
1256,N0000008732,Decreased Mitosis,PE,has_pe,MEDRT
1256,N0000009073,Immunologic Activity Alteration,PE,has_pe,MEDRT
1256,N0000020013,Cellular Growth Phase Reduction,PE,has_pe,MEDRT
1256,D000477,Alkylating Agents,CHEM,ci_chemclass,MEDRT
1256,D001172,"Arthritis, Rheumatoid",DISEASE,may_treat,MEDRT
1256,D001379,Azathioprine,CHEM,has_ingredient,MEDRT
1256,D002699,Chlorambucil,CHEM,ci_chemclass,MEDRT
1256,D003093,"Colitis, Ulcerative",DISEASE,may_treat,MEDRT
1256,D003424,Crohn Disease,DISEASE,may_treat,MEDRT
1256,D003520,Cyclophosphamide,CHEM,ci_chemclass,MEDRT
1256,D004342,Drug Hypersensitivity,DISEASE,ci_with,MEDRT
1256,D006086,Graft vs Host Disease,DISEASE,may_prevent,MEDRT
1256,D008180,"Lupus Erythematosus, Systemic",DISEASE,may_treat,MEDRT
1256,D008558,Melphalan,CHEM,ci_chemclass,MEDRT
1256,D009103,Multiple Sclerosis,DISEASE,may_treat,MEDRT
1256,D011247,Pregnancy,DISEASE,ci_with,MEDRT
1256,D011269,"Pregnancy, Abdominal",DISEASE,ci_with,MEDRT
1256,D016553,"Purpura, Thrombocytopenic, Idiopathic",DISEASE,may_treat,MEDRT
1256,N0000000233,Nucleic Acid Synthesis Inhibitors,MOA,has_moa,MEDRT
1256,N0000000236,Alkylating Activity,MOA,ci_moa,MEDRT
1256,N0000008577,Decreased DNA Replication,PE,has_pe,MEDRT
1256,N0000008732,Decreased Mitosis,PE,has_pe,MEDRT
1256,N0000009073,Immunologic Activity Alteration,PE,has_pe,MEDRT
1256,N0000020013,Cellular Growth Phase Reduction,PE,has_pe,MEDRT
18631,D002690,Chlamydia Infections,DISEASE,may_treat,MEDRT
18631,D004697,"Endocarditis, Bacterial",DISEASE,may_prevent,MEDRT
18631,D006192,Haemophilus Infections,DISEASE,may_treat,MEDRT
18631,D006967,Hypersensitivity,DISEASE,ci_with,MEDRT
18631,D008107,Liver Diseases,DISEASE,ci_with,MEDRT
18631,D009165,"Mycobacterium Infections, Nontuberculous",DISEASE,may_treat,MEDRT
18631,D009165,"Mycobacterium Infections, Nontuberculous",DISEASE,may_prevent,MEDRT
18631,D010033,Otitis Media,DISEASE,may_treat,MEDRT
18631,D010868,Pimozide,CHEM,ci_chemclass,MEDRT
18631,D011019,"Pneumonia, Mycoplasma",DISEASE,may_treat,MEDRT
18631,D012874,"Skin Diseases, Infectious",DISEASE,may_treat,MEDRT
18631,D013203,Staphylococcal Infections,DISEASE,may_treat,MEDRT
18631,D013290,Streptococcal Infections,DISEASE,may_treat,MEDRT
18631,D014069,Tonsillitis,DISEASE,may_treat,MEDRT
18631,D014526,Urethritis,DISEASE,may_treat,MEDRT
18631,D016870,Neisseriaceae Infections,DISEASE,may_treat,MEDRT
18631,D017963,Azithromycin,CHEM,has_ingredient,MEDRT
18631,N0000000150,Protein Synthesis Inhibitors,MOA,has_moa,MEDRT
18631,N0000008841,Decreased Protein Synthesis,PE,has_pe,MEDRT
18631,D002690,Chlamydia Infections,DISEASE,may_treat,MEDRT
18631,D004697,"Endocarditis, Bacterial",DISEASE,may_prevent,MEDRT
18631,D006192,Haemophilus Infections,DISEASE,may_treat,MEDRT
18631,D006967,Hypersensitivity,DISEASE,ci_with,MEDRT
18631,D008107,Liver Diseases,DISEASE,ci_with,MEDRT
18631,D009165,"Mycobacterium Infections, Nontuberculous",DISEASE,may_treat,MEDRT
18631,D009165,"Mycobacterium Infections, Nontuberculous",DISEASE,may_prevent,MEDRT
18631,D010033,Otitis Media,DISEASE,may_treat,MEDRT
18631,D010868,Pimozide,CHEM,ci_chemclass,MEDRT
18631,D011019,"Pneumonia, Mycoplasma",DISEASE,may_treat,MEDRT
18631,D012874,"Skin Diseases, Infectious",DISEASE,may_treat,MEDRT
18631,D013203,Staphylococcal Infections,DISEASE,may_treat,MEDRT
18631,D013290,Streptococcal Infections,DISEASE,may_treat,MEDRT
18631,D014069,Tonsillitis,DISEASE,may_treat,MEDRT
18631,D014526,Urethritis,DISEASE,may_treat,MEDRT
18631,D016870,Neisseriaceae Infections,DISEASE,may_treat,MEDRT
18631,N0000000150,Protein Synthesis Inhibitors,MOA,has_moa,MEDRT
18631,N0000008841,Decreased Protein Synthesis,PE,has_pe,MEDRT
18631,D002690,Chlamydia Infections,DISEASE,may_treat,MEDRT
18631,D004697,"Endocarditis, Bacterial",DISEASE,may_prevent,MEDRT
18631,D006192,Haemophilus Infections,DISEASE,may_treat,MEDRT
18631,D006967,Hypersensitivity,DISEASE,ci_with,MEDRT
18631,D008107,Liver Diseases,DISEASE,ci_with,MEDRT
18631,D009165,"Mycobacterium Infections, Nontuberculous",DISEASE,may_treat,MEDRT
18631,D009165,"Mycobacterium Infections, Nontuberculous",DISEASE,may_prevent,MEDRT
18631,D010033,Otitis Media,DISEASE,may_treat,MEDRT
18631,D010868,Pimozide,CHEM,ci_chemclass,MEDRT
18631,D011019,"Pneumonia, Mycoplasma",DISEASE,may_treat,MEDRT
18631,D012874,"Skin Diseases, Infectious",DISEASE,may_treat,MEDRT
18631,D013203,Staphylococcal Infections,DISEASE,may_treat,MEDRT
18631,D013290,Streptococcal Infections,DISEASE,may_treat,MEDRT
18631,D014069,Tonsillitis,DISEASE,may_treat,MEDRT
18631,D014526,Urethritis,DISEASE,may_treat,MEDRT
18631,D016870,Neisseriaceae Infections,DISEASE,may_treat,MEDRT
18631,D017963,Azithromycin,CHEM,has_ingredient,MEDRT
18631,N0000000043,Hepatic Excretion,PK,has_pk,MEDRT
18631,N0000000150,Protein Synthesis Inhibitors,MOA,has_moa,MEDRT
18631,N0000008841,Decreased Protein Synthesis,PE,has_pe,MEDRT
18631,D002690,Chlamydia Infections,DISEASE,may_treat,MEDRT
18631,D004697,"Endocarditis, Bacterial",DISEASE,may_prevent,MEDRT
18631,D006192,Haemophilus Infections,DISEASE,may_treat,MEDRT
18631,D006967,Hypersensitivity,DISEASE,ci_with,MEDRT
18631,D008107,Liver Diseases,DISEASE,ci_with,MEDRT
18631,D009165,"Mycobacterium Infections, Nontuberculous",DISEASE,may_treat,MEDRT
18631,D009165,"Mycobacterium Infections, Nontuberculous",DISEASE,may_prevent,MEDRT
18631,D010033,Otitis Media,DISEASE,may_treat,MEDRT
18631,D010868,Pimozide,CHEM,ci_chemclass,MEDRT
18631,D011019,"Pneumonia, Mycoplasma",DISEASE,may_treat,MEDRT
18631,D012874,"Skin Diseases, Infectious",DISEASE,may_treat,MEDRT
18631,D013203,Staphylococcal Infections,DISEASE,may_treat,MEDRT
18631,D013290,Streptococcal Infections,DISEASE,may_treat,MEDRT
18631,D014069,Tonsillitis,DISEASE,may_treat,MEDRT
18631,D014526,Urethritis,DISEASE,may_treat,MEDRT
18631,D016870,Neisseriaceae Infections,DISEASE,may_treat,MEDRT
18631,D017963,Azithromycin,CHEM,has_ingredient,MEDRT
18631,N0000000043,Hepatic Excretion,PK,has_pk,MEDRT
18631,N0000000150,Protein Synthesis Inhibitors,MOA,has_moa,MEDRT
18631,N0000008841,Decreased Protein Synthesis,PE,has_pe,MEDRT
18631,D001424,Bacterial Infections,DISEASE,may_treat,MEDRT
18631,D001424,Bacterial Infections,DISEASE,may_prevent,MEDRT
18631,D002690,Chlamydia Infections,DISEASE,may_treat,MEDRT
18631,D004697,"Endocarditis, Bacterial",DISEASE,may_prevent,MEDRT
18631,D006192,Haemophilus Infections,DISEASE,may_treat,MEDRT
18631,D008107,Liver Diseases,DISEASE,ci_with,MEDRT
18631,D009165,"Mycobacterium Infections, Nontuberculous",DISEASE,may_treat,MEDRT
18631,D009165,"Mycobacterium Infections, Nontuberculous",DISEASE,may_prevent,MEDRT
18631,D010033,Otitis Media,DISEASE,may_treat,MEDRT
18631,D011019,"Pneumonia, Mycoplasma",DISEASE,may_treat,MEDRT
18631,D011528,Protozoan Infections,DISEASE,may_treat,MEDRT
18631,D011528,Protozoan Infections,DISEASE,may_prevent,MEDRT
18631,D012874,"Skin Diseases, Infectious",DISEASE,may_treat,MEDRT
18631,D013203,Staphylococcal Infections,DISEASE,may_treat,MEDRT
18631,D013290,Streptococcal Infections,DISEASE,may_treat,MEDRT
18631,D014069,Tonsillitis,DISEASE,may_treat,MEDRT
18631,D014526,Urethritis,DISEASE,may_treat,MEDRT
18631,D016870,Neisseriaceae Infections,DISEASE,may_treat,MEDRT
18631,N0000000150,Protein Synthesis Inhibitors,MOA,has_moa,MEDRT
18631,N0000008841,Decreased Protein Synthesis,PE,has_pe,MEDRT
1347,D001249,Asthma,DISEASE,may_prevent,MEDRT
1347,D001507,Beclomethasone,CHEM,has_ingredient,MEDRT
1347,D004342,Drug Hypersensitivity,DISEASE,ci_with,MEDRT
1347,D007249,Inflammation,DISEASE,may_treat,MEDRT
1347,D009298,Nasal Polyps,DISEASE,may_prevent,MEDRT
1347,D012221,"Rhinitis, Allergic, Perennial",DISEASE,may_treat,MEDRT
1347,D013224,Status Asthmaticus,DISEASE,ci_with,MEDRT
1347,N0000000042,Renal Excretion,PK,has_pk,MEDRT
1347,N0000000045,Fecal Excretion,PK,has_pk,MEDRT
1347,N0000000159,Glucocorticoid Receptor Agonists,MOA,has_moa,MEDRT
1347,N0000008645,Decreased Glucocorticoid Secretion,PE,has_pe,MEDRT
1347,N0000008700,Decreased Lysosomal Function,PE,has_pe,MEDRT
1347,N0000008841,Decreased Protein Synthesis,PE,has_pe,MEDRT
1347,N0000009908,Vasoconstriction,PE,has_pe,MEDRT
1347,N0000009928,Decreased Cellular Migration,PE,has_pe,MEDRT
1347,D001249,Asthma,DISEASE,may_prevent,MEDRT
1347,D001507,Beclomethasone,CHEM,has_ingredient,MEDRT
1347,D004342,Drug Hypersensitivity,DISEASE,ci_with,MEDRT
1347,D007249,Inflammation,DISEASE,may_treat,MEDRT
1347,D009298,Nasal Polyps,DISEASE,may_prevent,MEDRT
1347,D012221,"Rhinitis, Allergic, Perennial",DISEASE,may_treat,MEDRT
1347,D013224,Status Asthmaticus,DISEASE,ci_with,MEDRT
1347,N0000000042,Renal Excretion,PK,has_pk,MEDRT
1347,N0000000045,Fecal Excretion,PK,has_pk,MEDRT
1347,N0000000159,Glucocorticoid Receptor Agonists,MOA,has_moa,MEDRT
1347,N0000008645,Decreased Glucocorticoid Secretion,PE,has_pe,MEDRT
1347,N0000008700,Decreased Lysosomal Function,PE,has_pe,MEDRT
1347,N0000008841,Decreased Protein Synthesis,PE,has_pe,MEDRT
1347,N0000009908,Vasoconstriction,PE,has_pe,MEDRT
1347,N0000009928,Decreased Cellular Migration,PE,has_pe,MEDRT
1347,D001249,Asthma,DISEASE,may_prevent,MEDRT
1347,D001507,Beclomethasone,CHEM,has_ingredient,MEDRT
1347,D004342,Drug Hypersensitivity,DISEASE,ci_with,MEDRT
1347,D007249,Inflammation,DISEASE,may_treat,MEDRT
1347,D009298,Nasal Polyps,DISEASE,may_prevent,MEDRT
1347,D012221,"Rhinitis, Allergic, Perennial",DISEASE,may_treat,MEDRT
1347,D013224,Status Asthmaticus,DISEASE,ci_with,MEDRT
1347,N0000000159,Glucocorticoid Receptor Agonists,MOA,has_moa,MEDRT
1347,N0000008645,Decreased Glucocorticoid Secretion,PE,has_pe,MEDRT
1347,N0000008700,Decreased Lysosomal Function,PE,has_pe,MEDRT
1347,N0000008841,Decreased Protein Synthesis,PE,has_pe,MEDRT
1347,N0000009908,Vasoconstriction,PE,has_pe,MEDRT
1347,N0000009928,Decreased Cellular Migration,PE,has_pe,MEDRT
1347,D001249,Asthma,DISEASE,may_prevent,MEDRT
1347,D004342,Drug Hypersensitivity,DISEASE,ci_with,MEDRT
1347,D007249,Inflammation,DISEASE,may_treat,MEDRT
1347,D009298,Nasal Polyps,DISEASE,may_prevent,MEDRT
1347,D012221,"Rhinitis, Allergic, Perennial",DISEASE,may_treat,MEDRT
1347,D013224,Status Asthmaticus,DISEASE,ci_with,MEDRT
1347,N0000000159,Glucocorticoid Receptor Agonists,MOA,has_moa,MEDRT
1347,N0000008645,Decreased Glucocorticoid Secretion,PE,has_pe,MEDRT
1347,N0000008700,Decreased Lysosomal Function,PE,has_pe,MEDRT
1347,N0000008841,Decreased Protein Synthesis,PE,has_pe,MEDRT
1347,N0000009908,Vasoconstriction,PE,has_pe,MEDRT
1347,N0000009928,Decreased Cellular Migration,PE,has_pe,MEDRT
18867,D000577,Amides,CHEM,ci_chemclass,MEDRT
18867,D000613,Aminobutyrates,CHEM,ci_chemclass,MEDRT
18867,D000799,Angioedema,DISEASE,ci_with,MEDRT
18867,D001552,Benzazepines,CHEM,has_ingredient,MEDRT
18867,D001713,Biphenyl Compounds,CHEM,ci_chemclass,MEDRT
18867,D003928,Diabetic Nephropathies,DISEASE,may_treat,MEDRT
18867,D003928,Diabetic Nephropathies,DISEASE,may_prevent,MEDRT
18867,D004342,Drug Hypersensitivity,DISEASE,ci_with,MEDRT
18867,D005650,Fumarates,CHEM,ci_chemclass,MEDRT
18867,D006333,Heart Failure,DISEASE,may_treat,MEDRT
18867,D006929,Hyperaldosteronism,DISEASE,ci_with,MEDRT
18867,D006973,Hypertension,DISEASE,may_treat,MEDRT
18867,D007022,Hypotension,DISEASE,ci_with,MEDRT
18867,D011247,Pregnancy,DISEASE,ci_with,MEDRT
18867,D012078,Renal Artery Obstruction,DISEASE,ci_with,MEDRT
18867,D017379,"Hypertrophy, Left Ventricular",DISEASE,may_prevent,MEDRT
18867,D018487,"Ventricular Dysfunction, Left",DISEASE,may_treat,MEDRT
18867,D018487,"Ventricular Dysfunction, Left",DISEASE,may_prevent,MEDRT
18867,N0000000181,Angiotensin-converting Enzyme Inhibitors,MOA,has_moa,MEDRT
18867,N0000008423,Decreased Bradykinin Degradation,PE,has_pe,MEDRT
18867,N0000008669,Decreased Intravascular Volume,PE,has_pe,MEDRT
18867,N0000008731,Decreased Mineralocorticoid Secretion,PE,has_pe,MEDRT
18867,N0000008859,Decreased Renal K+ Excretion,PE,has_pe,MEDRT
18867,N0000009553,Increased Renal Na+ Excretion,PE,has_pe,MEDRT
18867,N0000009826,Renal Arterial Vasodilation,PE,has_pe,MEDRT
18867,N0000178477,Decreased Blood Pressure,PE,has_pe,MEDRT
18867,N0000191727,Neprilysin Inhibitors,MOA,ci_moa,MEDRT
18867,D000577,Amides,CHEM,ci_chemclass,MEDRT
18867,D000613,Aminobutyrates,CHEM,ci_chemclass,MEDRT
18867,D000799,Angioedema,DISEASE,ci_with,MEDRT
18867,D001552,Benzazepines,CHEM,has_ingredient,MEDRT
18867,D001713,Biphenyl Compounds,CHEM,ci_chemclass,MEDRT
18867,D003928,Diabetic Nephropathies,DISEASE,may_treat,MEDRT
18867,D003928,Diabetic Nephropathies,DISEASE,may_prevent,MEDRT
18867,D004342,Drug Hypersensitivity,DISEASE,ci_with,MEDRT
18867,D005650,Fumarates,CHEM,ci_chemclass,MEDRT
18867,D006333,Heart Failure,DISEASE,may_treat,MEDRT
18867,D006929,Hyperaldosteronism,DISEASE,ci_with,MEDRT
18867,D006973,Hypertension,DISEASE,may_treat,MEDRT
18867,D007022,Hypotension,DISEASE,ci_with,MEDRT
18867,D011247,Pregnancy,DISEASE,ci_with,MEDRT
18867,D012078,Renal Artery Obstruction,DISEASE,ci_with,MEDRT
18867,D017379,"Hypertrophy, Left Ventricular",DISEASE,may_prevent,MEDRT
18867,D018487,"Ventricular Dysfunction, Left",DISEASE,may_treat,MEDRT
18867,D018487,"Ventricular Dysfunction, Left",DISEASE,may_prevent,MEDRT
18867,N0000000181,Angiotensin-converting Enzyme Inhibitors,MOA,has_moa,MEDRT
18867,N0000008423,Decreased Bradykinin Degradation,PE,has_pe,MEDRT
18867,N0000008669,Decreased Intravascular Volume,PE,has_pe,MEDRT
18867,N0000008731,Decreased Mineralocorticoid Secretion,PE,has_pe,MEDRT
18867,N0000008859,Decreased Renal K+ Excretion,PE,has_pe,MEDRT
18867,N0000009553,Increased Renal Na+ Excretion,PE,has_pe,MEDRT
18867,N0000009826,Renal Arterial Vasodilation,PE,has_pe,MEDRT
18867,N0000178477,Decreased Blood Pressure,PE,has_pe,MEDRT
18867,N0000191727,Neprilysin Inhibitors,MOA,ci_moa,MEDRT
18867,D000577,Amides,CHEM,ci_chemclass,MEDRT
18867,D000613,Aminobutyrates,CHEM,ci_chemclass,MEDRT
18867,D000799,Angioedema,DISEASE,ci_with,MEDRT
18867,D001552,Benzazepines,CHEM,has_ingredient,MEDRT
18867,D001713,Biphenyl Compounds,CHEM,ci_chemclass,MEDRT
18867,D003928,Diabetic Nephropathies,DISEASE,may_treat,MEDRT
18867,D003928,Diabetic Nephropathies,DISEASE,may_prevent,MEDRT
18867,D004342,Drug Hypersensitivity,DISEASE,ci_with,MEDRT
18867,D005650,Fumarates,CHEM,ci_chemclass,MEDRT
18867,D006333,Heart Failure,DISEASE,may_treat,MEDRT
18867,D006929,Hyperaldosteronism,DISEASE,ci_with,MEDRT
18867,D006973,Hypertension,DISEASE,may_treat,MEDRT
18867,D007022,Hypotension,DISEASE,ci_with,MEDRT
18867,D011247,Pregnancy,DISEASE,ci_with,MEDRT
18867,D012078,Renal Artery Obstruction,DISEASE,ci_with,MEDRT
18867,D017379,"Hypertrophy, Left Ventricular",DISEASE,may_prevent,MEDRT
18867,D018487,"Ventricular Dysfunction, Left",DISEASE,may_treat,MEDRT
18867,D018487,"Ventricular Dysfunction, Left",DISEASE,may_prevent,MEDRT
18867,N0000000181,Angiotensin-converting Enzyme Inhibitors,MOA,has_moa,MEDRT
18867,N0000008423,Decreased Bradykinin Degradation,PE,has_pe,MEDRT
18867,N0000008669,Decreased Intravascular Volume,PE,has_pe,MEDRT
18867,N0000008731,Decreased Mineralocorticoid Secretion,PE,has_pe,MEDRT
18867,N0000008859,Decreased Renal K+ Excretion,PE,has_pe,MEDRT
18867,N0000009553,Increased Renal Na+ Excretion,PE,has_pe,MEDRT
18867,N0000009826,Renal Arterial Vasodilation,PE,has_pe,MEDRT
18867,N0000178477,Decreased Blood Pressure,PE,has_pe,MEDRT
18867,N0000191727,Neprilysin Inhibitors,MOA,ci_moa,MEDRT
1374,D001545,Benserazide,CHEM,has_ingredient,MEDRT
1999660,D000577,Amides,CHEM,has_ingredient,MEDRT
1999660,D006575,"Heterocyclic Compounds, 3-Ring",CHEM,has_ingredient,MEDRT
1999660,D010627,Phenethylamines,CHEM,ci_chemclass,MEDRT
1999660,D010879,Piperazines,CHEM,has_ingredient,MEDRT
1999660,D011728,Pyridones,CHEM,has_ingredient,MEDRT
1999660,D012293,Rifampin,CHEM,ci_chemclass,MEDRT
1999660,D013449,Sulfonamides,CHEM,ci_chemclass,MEDRT
1999660,D015658,HIV Infections,DISEASE,may_prevent,MEDRT
1999660,D015658,HIV Infections,DISEASE,may_treat,MEDRT
1999660,N0000008869,Decreased Reverse Transcription to DNA,PE,has_pe,MEDRT
1999660,N0000009947,Nucleoside Reverse Transcriptase Inhibitors,MOA,has_moa,MEDRT
1999660,D000577,Amides,CHEM,has_ingredient,MEDRT
1999660,D010627,Phenethylamines,CHEM,ci_chemclass,MEDRT
1999660,D012293,Rifampin,CHEM,ci_chemclass,MEDRT
1999660,D013449,Sulfonamides,CHEM,ci_chemclass,MEDRT
1999660,D015658,HIV Infections,DISEASE,may_prevent,MEDRT
1999660,D015658,HIV Infections,DISEASE,may_treat,MEDRT
1999660,N0000008869,Decreased Reverse Transcription to DNA,PE,has_pe,MEDRT
1999660,N0000009947,Nucleoside Reverse Transcriptase Inhibitors,MOA,has_moa,MEDRT
283810,D000069580,Bimatoprost,CHEM,has_ingredient,MEDRT
283810,D004342,Drug Hypersensitivity,DISEASE,ci_with,MEDRT
283810,D005902,"Glaucoma, Open-Angle",DISEASE,may_treat,MEDRT
283810,N0000000106,Prostaglandin Receptor Agonists,MOA,has_moa,MEDRT
283810,N0000009526,Increased Prostaglandin Activity,PE,has_pe,MEDRT
283810,N0000009943,Decreased Intraocular Fluid Pressure,PE,has_pe,MEDRT
283810,D000069580,Bimatoprost,CHEM,has_ingredient,MEDRT
283810,D004342,Drug Hypersensitivity,DISEASE,ci_with,MEDRT
283810,D005902,"Glaucoma, Open-Angle",DISEASE,may_treat,MEDRT
283810,N0000000106,Prostaglandin Receptor Agonists,MOA,has_moa,MEDRT
283810,N0000009526,Increased Prostaglandin Activity,PE,has_pe,MEDRT
283810,N0000009943,Decreased Intraocular Fluid Pressure,PE,has_pe,MEDRT
1588,D001710,Biotin,CHEM,has_ingredient,MEDRT
1588,D004342,Drug Hypersensitivity,DISEASE,ci_with,MEDRT
1588,D008661,"Metabolism, Inborn Errors",DISEASE,may_treat,MEDRT
1588,D014804,Vitamin B Deficiency,DISEASE,may_treat,MEDRT
1588,N0000000163,Enzyme Interactions,MOA,has_moa,MEDRT
1588,N0000008337,Cellular Activity Alteration,PE,has_pe,MEDRT
75207,D000077300,Bosentan,CHEM,has_ingredient,MEDRT
75207,D005905,Glyburide,CHEM,ci_chemclass,MEDRT
75207,D006967,Hypersensitivity,DISEASE,ci_with,MEDRT
75207,D006976,"Hypertension, Pulmonary",DISEASE,may_treat,MEDRT
75207,D011247,Pregnancy,DISEASE,ci_with,MEDRT
75207,D016572,Cyclosporine,CHEM,ci_chemclass,MEDRT
75207,N0000009816,Pulmonary Arterial Vasodilation,PE,has_pe,MEDRT
75207,N0000175364,Endothelin Receptor Antagonists,MOA,has_moa,MEDRT
75207,N0000178477,Decreased Blood Pressure,PE,has_pe,MEDRT
75207,D000077300,Bosentan,CHEM,has_ingredient,MEDRT
75207,D005905,Glyburide,CHEM,ci_chemclass,MEDRT
75207,D006967,Hypersensitivity,DISEASE,ci_with,MEDRT
75207,D006976,"Hypertension, Pulmonary",DISEASE,may_treat,MEDRT
75207,D011247,Pregnancy,DISEASE,ci_with,MEDRT
75207,D016572,Cyclosporine,CHEM,ci_chemclass,MEDRT
75207,N0000009816,Pulmonary Arterial Vasodilation,PE,has_pe,MEDRT
75207,N0000175364,Endothelin Receptor Antagonists,MOA,has_moa,MEDRT
75207,N0000178477,Decreased Blood Pressure,PE,has_pe,MEDRT
194881,D004342,Drug Hypersensitivity,DISEASE,ci_with,MEDRT
194881,D005902,"Glaucoma, Open-Angle",DISEASE,may_treat,MEDRT
194881,D013449,Sulfonamides,CHEM,has_ingredient,MEDRT
194881,D013843,Thiazines,CHEM,has_ingredient,MEDRT
194881,D051437,Renal Insufficiency,DISEASE,ci_with,MEDRT
194881,N0000000235,Carbonic Anhydrase Inhibitors,MOA,has_moa,MEDRT
194881,N0000009943,Decreased Intraocular Fluid Pressure,PE,has_pe,MEDRT
1749,D001008,Anxiety Disorders,DISEASE,may_treat,MEDRT
1749,D001960,Bromazepam,CHEM,has_ingredient,MEDRT
1749,D007319,Sleep Initiation and Maintenance Disorders,DISEASE,may_treat,MEDRT
1749,D013375,Substance Withdrawal Syndrome,DISEASE,may_treat,MEDRT
1749,N0000000118,GABA A Modulators,MOA,has_moa,MEDRT
1749,N0000009188,Increased Central Nervous System GABA Activity,PE,has_pe,MEDRT
19790,D001381,Azepines,CHEM,has_ingredient,MEDRT
19831,D000208,Acute Disease,DISEASE,ci_with,MEDRT
19831,D001249,Asthma,DISEASE,ci_with,MEDRT
19831,D001249,Asthma,DISEASE,may_prevent,MEDRT
19831,D001986,Bronchial Spasm,DISEASE,ci_with,MEDRT
19831,D004342,Drug Hypersensitivity,DISEASE,ci_with,MEDRT
19831,D009298,Nasal Polyps,DISEASE,may_prevent,MEDRT
19831,D012221,"Rhinitis, Allergic, Perennial",DISEASE,may_treat,MEDRT
19831,D013224,Status Asthmaticus,DISEASE,ci_with,MEDRT
19831,D015212,Inflammatory Bowel Diseases,DISEASE,may_treat,MEDRT
19831,N0000000159,Glucocorticoid Receptor Agonists,MOA,has_moa,MEDRT
19831,N0000008645,Decreased Glucocorticoid Secretion,PE,has_pe,MEDRT
19831,N0000008700,Decreased Lysosomal Function,PE,has_pe,MEDRT
19831,N0000008841,Decreased Protein Synthesis,PE,has_pe,MEDRT
19831,N0000009928,Decreased Cellular Migration,PE,has_pe,MEDRT
19831,D000208,Acute Disease,DISEASE,ci_with,MEDRT
19831,D001249,Asthma,DISEASE,ci_with,MEDRT
19831,D001249,Asthma,DISEASE,may_prevent,MEDRT
19831,D001986,Bronchial Spasm,DISEASE,ci_with,MEDRT
19831,D004342,Drug Hypersensitivity,DISEASE,ci_with,MEDRT
19831,D009298,Nasal Polyps,DISEASE,may_prevent,MEDRT
19831,D012221,"Rhinitis, Allergic, Perennial",DISEASE,may_treat,MEDRT
19831,D013224,Status Asthmaticus,DISEASE,ci_with,MEDRT
19831,D015212,Inflammatory Bowel Diseases,DISEASE,may_treat,MEDRT
19831,D019819,Budesonide,CHEM,has_ingredient,MEDRT
19831,N0000000159,Glucocorticoid Receptor Agonists,MOA,has_moa,MEDRT
19831,N0000008645,Decreased Glucocorticoid Secretion,PE,has_pe,MEDRT
19831,N0000008700,Decreased Lysosomal Function,PE,has_pe,MEDRT
19831,N0000008841,Decreased Protein Synthesis,PE,has_pe,MEDRT
19831,N0000009928,Decreased Cellular Migration,PE,has_pe,MEDRT
19831,D000208,Acute Disease,DISEASE,ci_with,MEDRT
19831,D001249,Asthma,DISEASE,ci_with,MEDRT
19831,D001249,Asthma,DISEASE,may_prevent,MEDRT
19831,D001986,Bronchial Spasm,DISEASE,ci_with,MEDRT
19831,D004342,Drug Hypersensitivity,DISEASE,ci_with,MEDRT
19831,D009298,Nasal Polyps,DISEASE,may_prevent,MEDRT
19831,D012221,"Rhinitis, Allergic, Perennial",DISEASE,may_treat,MEDRT
19831,D013224,Status Asthmaticus,DISEASE,ci_with,MEDRT
19831,D015212,Inflammatory Bowel Diseases,DISEASE,may_treat,MEDRT
19831,N0000000159,Glucocorticoid Receptor Agonists,MOA,has_moa,MEDRT
19831,N0000008645,Decreased Glucocorticoid Secretion,PE,has_pe,MEDRT
19831,N0000008700,Decreased Lysosomal Function,PE,has_pe,MEDRT
19831,N0000008841,Decreased Protein Synthesis,PE,has_pe,MEDRT
19831,N0000009928,Decreased Cellular Migration,PE,has_pe,MEDRT
19831,D000208,Acute Disease,DISEASE,ci_with,MEDRT
19831,D001249,Asthma,DISEASE,ci_with,MEDRT
19831,D001249,Asthma,DISEASE,may_prevent,MEDRT
19831,D001986,Bronchial Spasm,DISEASE,ci_with,MEDRT
19831,D004342,Drug Hypersensitivity,DISEASE,ci_with,MEDRT
19831,D009298,Nasal Polyps,DISEASE,may_prevent,MEDRT
19831,D012221,"Rhinitis, Allergic, Perennial",DISEASE,may_treat,MEDRT
19831,D013224,Status Asthmaticus,DISEASE,ci_with,MEDRT
19831,D015212,Inflammatory Bowel Diseases,DISEASE,may_treat,MEDRT
19831,D019819,Budesonide,CHEM,has_ingredient,MEDRT
19831,N0000000159,Glucocorticoid Receptor Agonists,MOA,has_moa,MEDRT
19831,N0000008645,Decreased Glucocorticoid Secretion,PE,has_pe,MEDRT
19831,N0000008700,Decreased Lysosomal Function,PE,has_pe,MEDRT
19831,N0000008841,Decreased Protein Synthesis,PE,has_pe,MEDRT
19831,N0000009928,Decreased Cellular Migration,PE,has_pe,MEDRT
1819,D002047,Buprenorphine,CHEM,has_ingredient,MEDRT
1819,D004342,Drug Hypersensitivity,DISEASE,ci_with,MEDRT
1819,D006556,Heroin Dependence,DISEASE,may_treat,MEDRT
1819,D010146,Pain,DISEASE,may_treat,MEDRT
1819,N0000000154,Opioid Antagonists,MOA,has_moa,MEDRT
1819,N0000008768,Decreased Organized Electrical Activity,PE,has_pe,MEDRT
1819,N0000175685,Partial Opioid Agonists,MOA,has_moa,MEDRT
1819,D002047,Buprenorphine,CHEM,has_ingredient,MEDRT
1819,D004342,Drug Hypersensitivity,DISEASE,ci_with,MEDRT
1819,D006556,Heroin Dependence,DISEASE,may_treat,MEDRT
1819,D010146,Pain,DISEASE,may_treat,MEDRT
1819,N0000000154,Opioid Antagonists,MOA,has_moa,MEDRT
1819,N0000008768,Decreased Organized Electrical Activity,PE,has_pe,MEDRT
1819,N0000175685,Partial Opioid Agonists,MOA,has_moa,MEDRT
1897,D002119,Calcium Carbonate,CHEM,has_ingredient,MEDRT
1897,D004342,Drug Hypersensitivity,DISEASE,ci_with,MEDRT
1897,D004381,Duodenal Ulcer,DISEASE,may_treat,MEDRT
1897,D004415,Dyspepsia,DISEASE,may_treat,MEDRT
1897,D004942,"Esophagitis, Peptic",DISEASE,may_treat,MEDRT
1897,D005764,Gastroesophageal Reflux,DISEASE,may_treat,MEDRT
1897,D006356,Heartburn,DISEASE,may_treat,MEDRT
1897,D006471,Gastrointestinal Hemorrhage,DISEASE,may_treat,MEDRT
1897,D006471,Gastrointestinal Hemorrhage,DISEASE,may_prevent,MEDRT
1897,D006934,Hypercalcemia,DISEASE,ci_with,MEDRT
1897,D006996,Hypocalcemia,DISEASE,may_treat,MEDRT
1897,D007669,Kidney Calculi,DISEASE,ci_with,MEDRT
1897,D007676,"Kidney Failure, Chronic",DISEASE,may_treat,MEDRT
1897,D010024,Osteoporosis,DISEASE,may_prevent,MEDRT
1897,D013276,Stomach Ulcer,DISEASE,may_treat,MEDRT
1897,D015663,"Osteoporosis, Postmenopausal",DISEASE,may_treat,MEDRT
1897,D017674,Hypophosphatemia,DISEASE,ci_with,MEDRT
1897,N0000000220,Electrolyte Activity,MOA,has_moa,MEDRT
1897,N0000000226,Acid-Base Activity,MOA,has_moa,MEDRT
1897,N0000008312,Bone Resorption Alteration,PE,has_pe,MEDRT
1897,N0000009054,Gastric Acid Alteration,PE,has_pe,MEDRT
1897,N0000009557,Increased Renal PO4-- Excretion,PE,has_pe,MEDRT
1373458,D000068896,Canagliflozin,CHEM,has_ingredient,MEDRT
1373458,D003924,"Diabetes Mellitus, Type 2",DISEASE,may_treat,MEDRT
1373458,D004342,Drug Hypersensitivity,DISEASE,ci_with,MEDRT
1373458,D007674,Kidney Diseases,DISEASE,ci_with,MEDRT
1373458,D007676,"Kidney Failure, Chronic",DISEASE,ci_with,MEDRT
1373458,N0000009556,Increased Renal Organic Ion Excretion,PE,has_pe,MEDRT
1373458,N0000009830,Renal Ion Transport Alteration,PE,has_pe,MEDRT
1373458,N0000187058,Sodium-Glucose Transporter 2 Inhibitors,MOA,has_moa,MEDRT
1373458,D000068896,Canagliflozin,CHEM,has_ingredient,MEDRT
1373458,D003924,"Diabetes Mellitus, Type 2",DISEASE,may_treat,MEDRT
1373458,D004342,Drug Hypersensitivity,DISEASE,ci_with,MEDRT
1373458,D007674,Kidney Diseases,DISEASE,ci_with,MEDRT
1373458,D007676,"Kidney Failure, Chronic",DISEASE,ci_with,MEDRT
1373458,N0000009556,Increased Renal Organic Ion Excretion,PE,has_pe,MEDRT
1373458,N0000009830,Renal Ion Transport Alteration,PE,has_pe,MEDRT
1373458,N0000187058,Sodium-Glucose Transporter 2 Inhibitors,MOA,has_moa,MEDRT
135481,D000577,Amides,CHEM,ci_chemclass,MEDRT
135481,D001562,Benzimidazoles,CHEM,has_ingredient,MEDRT
135481,D001713,Biphenyl Compounds,CHEM,has_ingredient,MEDRT
135481,D003928,Diabetic Nephropathies,DISEASE,may_treat,MEDRT
135481,D004342,Drug Hypersensitivity,DISEASE,ci_with,MEDRT
135481,D005650,Fumarates,CHEM,ci_chemclass,MEDRT
135481,D006333,Heart Failure,DISEASE,may_treat,MEDRT
135481,D006929,Hyperaldosteronism,DISEASE,ci_with,MEDRT
135481,D006973,Hypertension,DISEASE,may_treat,MEDRT
135481,D007022,Hypotension,DISEASE,ci_with,MEDRT
135481,D011247,Pregnancy,DISEASE,ci_with,MEDRT
135481,D012078,Renal Artery Obstruction,DISEASE,ci_with,MEDRT
135481,D013777,Tetrazoles,CHEM,has_ingredient,MEDRT
135481,D018487,"Ventricular Dysfunction, Left",DISEASE,may_treat,MEDRT
135481,N0000000070,Angiotensin 2 Receptor Antagonists,MOA,has_moa,MEDRT
135481,N0000008669,Decreased Intravascular Volume,PE,has_pe,MEDRT
135481,N0000008731,Decreased Mineralocorticoid Secretion,PE,has_pe,MEDRT
135481,N0000008859,Decreased Renal K+ Excretion,PE,has_pe,MEDRT
135481,N0000009553,Increased Renal Na+ Excretion,PE,has_pe,MEDRT
135481,N0000009826,Renal Arterial Vasodilation,PE,has_pe,MEDRT
135481,N0000178477,Decreased Blood Pressure,PE,has_pe,MEDRT
135481,D000577,Amides,CHEM,ci_chemclass,MEDRT
135481,D001562,Benzimidazoles,CHEM,has_ingredient,MEDRT
135481,D001713,Biphenyl Compounds,CHEM,has_ingredient,MEDRT
135481,D003928,Diabetic Nephropathies,DISEASE,may_treat,MEDRT
135481,D004342,Drug Hypersensitivity,DISEASE,ci_with,MEDRT
135481,D005650,Fumarates,CHEM,ci_chemclass,MEDRT
135481,D006333,Heart Failure,DISEASE,may_treat,MEDRT
135481,D006929,Hyperaldosteronism,DISEASE,ci_with,MEDRT
135481,D006973,Hypertension,DISEASE,may_treat,MEDRT
135481,D007022,Hypotension,DISEASE,ci_with,MEDRT
135481,D011247,Pregnancy,DISEASE,ci_with,MEDRT
135481,D012078,Renal Artery Obstruction,DISEASE,ci_with,MEDRT
135481,D013777,Tetrazoles,CHEM,has_ingredient,MEDRT
135481,D018487,"Ventricular Dysfunction, Left",DISEASE,may_treat,MEDRT
135481,N0000000070,Angiotensin 2 Receptor Antagonists,MOA,has_moa,MEDRT
135481,N0000008669,Decreased Intravascular Volume,PE,has_pe,MEDRT
135481,N0000008731,Decreased Mineralocorticoid Secretion,PE,has_pe,MEDRT
135481,N0000008859,Decreased Renal K+ Excretion,PE,has_pe,MEDRT
135481,N0000009553,Increased Renal Na+ Excretion,PE,has_pe,MEDRT
135481,N0000009826,Renal Arterial Vasodilation,PE,has_pe,MEDRT
135481,N0000178477,Decreased Blood Pressure,PE,has_pe,MEDRT
1982,D002192,Canrenone,CHEM,has_ingredient,MEDRT
2019,D004342,Drug Hypersensitivity,DISEASE,ci_with,MEDRT
2019,D008545,Melanoma,DISEASE,ci_with,MEDRT
2019,D010300,Parkinson Disease,DISEASE,may_treat,MEDRT
2019,D015812,"Glaucoma, Angle-Closure",DISEASE,ci_with,MEDRT
2019,N0000000133,Enzyme Inhibitors,MOA,has_moa,MEDRT
2019,N0000000184,Monoamine Oxidase Inhibitors,MOA,ci_moa,MEDRT
2019,N0000000203,Dopamine Receptor Interactions,MOA,has_moa,MEDRT
2019,N0000009183,Increased Central Nervous System Dopamine Activity,PE,has_pe,MEDRT
2019,D002230,Carbidopa,CHEM,has_ingredient,MEDRT
2019,D004342,Drug Hypersensitivity,DISEASE,ci_with,MEDRT
2019,D008545,Melanoma,DISEASE,ci_with,MEDRT
2019,D010300,Parkinson Disease,DISEASE,may_treat,MEDRT
2019,D015812,"Glaucoma, Angle-Closure",DISEASE,ci_with,MEDRT
2019,N0000000133,Enzyme Inhibitors,MOA,has_moa,MEDRT
2019,N0000000184,Monoamine Oxidase Inhibitors,MOA,ci_moa,MEDRT
2019,N0000000203,Dopamine Receptor Interactions,MOA,has_moa,MEDRT
2019,N0000009183,Increased Central Nervous System Dopamine Activity,PE,has_pe,MEDRT
2019,D010300,Parkinson Disease,DISEASE,may_treat,MEDRT
2019,N0000000133,Enzyme Inhibitors,MOA,has_moa,MEDRT
2019,N0000000184,Monoamine Oxidase Inhibitors,MOA,ci_moa,MEDRT
2019,N0000000203,Dopamine Receptor Interactions,MOA,has_moa,MEDRT
2019,N0000009183,Increased Central Nervous System Dopamine Activity,PE,has_pe,MEDRT
2019,N0000175755,DOPA Decarboxylase Inhibitors,MOA,has_moa,MEDRT
2180,D001734,"Bites, Human",DISEASE,may_treat,MEDRT
2180,D002437,Cefazolin,CHEM,has_ingredient,MEDRT
2180,D004342,Drug Hypersensitivity,DISEASE,ci_with,MEDRT
2180,D004697,"Endocarditis, Bacterial",DISEASE,may_treat,MEDRT
2180,D004697,"Endocarditis, Bacterial",DISEASE,may_prevent,MEDRT
2180,D004927,Escherichia coli Infections,DISEASE,may_treat,MEDRT
2180,D007710,Klebsiella Infections,DISEASE,may_treat,MEDRT
2180,D011512,Proteus Infections,DISEASE,may_treat,MEDRT
2180,D013203,Staphylococcal Infections,DISEASE,may_treat,MEDRT
2180,D013290,Streptococcal Infections,DISEASE,may_treat,MEDRT
2180,D013530,Surgical Wound Infection,DISEASE,may_prevent,MEDRT
2180,D014552,Urinary Tract Infections,DISEASE,may_treat,MEDRT
2180,D017192,"Skin Diseases, Bacterial",DISEASE,may_treat,MEDRT
2180,D018410,"Pneumonia, Bacterial",DISEASE,may_treat,MEDRT
2180,D018461,Soft Tissue Infections,DISEASE,may_treat,MEDRT
2180,N0000000133,Enzyme Inhibitors,MOA,has_moa,MEDRT
2180,N0000008479,Decreased Cell Wall Synthesis & Repair,PE,has_pe,MEDRT
2180,D001734,"Bites, Human",DISEASE,may_treat,MEDRT
2180,D002437,Cefazolin,CHEM,has_ingredient,MEDRT
2180,D004342,Drug Hypersensitivity,DISEASE,ci_with,MEDRT
2180,D004697,"Endocarditis, Bacterial",DISEASE,may_treat,MEDRT
2180,D004697,"Endocarditis, Bacterial",DISEASE,may_prevent,MEDRT
2180,D004927,Escherichia coli Infections,DISEASE,may_treat,MEDRT
2180,D007710,Klebsiella Infections,DISEASE,may_treat,MEDRT
2180,D011512,Proteus Infections,DISEASE,may_treat,MEDRT
2180,D013203,Staphylococcal Infections,DISEASE,may_treat,MEDRT
2180,D013290,Streptococcal Infections,DISEASE,may_treat,MEDRT
2180,D013530,Surgical Wound Infection,DISEASE,may_prevent,MEDRT
2180,D014552,Urinary Tract Infections,DISEASE,may_treat,MEDRT
2180,D017192,"Skin Diseases, Bacterial",DISEASE,may_treat,MEDRT
2180,D018410,"Pneumonia, Bacterial",DISEASE,may_treat,MEDRT
2180,D018461,Soft Tissue Infections,DISEASE,may_treat,MEDRT
2180,N0000000133,Enzyme Inhibitors,MOA,has_moa,MEDRT
2180,N0000008479,Decreased Cell Wall Synthesis & Repair,PE,has_pe,MEDRT
83682,D001991,Bronchitis,DISEASE,may_treat,MEDRT
83682,D002364,Caseins,CHEM,ci_chemclass,MEDRT
83682,D002511,Cephalosporins,CHEM,has_ingredient,MEDRT
83682,D004342,Drug Hypersensitivity,DISEASE,ci_with,MEDRT
83682,D006192,Haemophilus Infections,DISEASE,may_treat,MEDRT
83682,D007710,Klebsiella Infections,DISEASE,may_treat,MEDRT
83682,D009135,Muscular Diseases,DISEASE,ci_with,MEDRT
83682,D009202,Cardiomyopathies,DISEASE,ci_with,MEDRT
83682,D010612,Pharyngitis,DISEASE,may_treat,MEDRT
83682,D013207,Staphylococcal Skin Infections,DISEASE,may_treat,MEDRT
83682,D013290,Streptococcal Infections,DISEASE,may_treat,MEDRT
83682,D016269,Milk Hypersensitivity,DISEASE,ci_with,MEDRT
83682,D018410,"Pneumonia, Bacterial",DISEASE,may_treat,MEDRT
83682,D018461,Soft Tissue Infections,DISEASE,may_treat,MEDRT
83682,D022124,Hyperammonemia,DISEASE,ci_with,MEDRT
83682,D045828,Moraxellaceae Infections,DISEASE,may_treat,MEDRT
83682,N0000000133,Enzyme Inhibitors,MOA,has_moa,MEDRT
83682,N0000008479,Decreased Cell Wall Synthesis & Repair,PE,has_pe,MEDRT
83682,D001991,Bronchitis,DISEASE,may_treat,MEDRT
83682,D002364,Caseins,CHEM,ci_chemclass,MEDRT
83682,D002511,Cephalosporins,CHEM,has_ingredient,MEDRT
83682,D004342,Drug Hypersensitivity,DISEASE,ci_with,MEDRT
83682,D006192,Haemophilus Infections,DISEASE,may_treat,MEDRT
83682,D007710,Klebsiella Infections,DISEASE,may_treat,MEDRT
83682,D009135,Muscular Diseases,DISEASE,ci_with,MEDRT
83682,D009202,Cardiomyopathies,DISEASE,ci_with,MEDRT
83682,D010612,Pharyngitis,DISEASE,may_treat,MEDRT
83682,D013207,Staphylococcal Skin Infections,DISEASE,may_treat,MEDRT
83682,D013290,Streptococcal Infections,DISEASE,may_treat,MEDRT
83682,D016269,Milk Hypersensitivity,DISEASE,ci_with,MEDRT
83682,D018410,"Pneumonia, Bacterial",DISEASE,may_treat,MEDRT
83682,D018461,Soft Tissue Infections,DISEASE,may_treat,MEDRT
83682,D022124,Hyperammonemia,DISEASE,ci_with,MEDRT
83682,D045828,Moraxellaceae Infections,DISEASE,may_treat,MEDRT
83682,N0000000133,Enzyme Inhibitors,MOA,has_moa,MEDRT
83682,N0000008479,Decreased Cell Wall Synthesis & Repair,PE,has_pe,MEDRT
25033,D001991,Bronchitis,DISEASE,may_treat,MEDRT
25033,D004342,Drug Hypersensitivity,DISEASE,ci_with,MEDRT
25033,D004927,Escherichia coli Infections,DISEASE,may_treat,MEDRT
25033,D006069,Gonorrhea,DISEASE,may_treat,MEDRT
25033,D006192,Haemophilus Infections,DISEASE,may_treat,MEDRT
25033,D007710,Klebsiella Infections,DISEASE,may_treat,MEDRT
25033,D010033,Otitis Media,DISEASE,may_treat,MEDRT
25033,D011512,Proteus Infections,DISEASE,may_treat,MEDRT
25033,D013203,Staphylococcal Infections,DISEASE,may_treat,MEDRT
25033,D013290,Streptococcal Infections,DISEASE,may_treat,MEDRT
25033,D014552,Urinary Tract Infections,DISEASE,may_treat,MEDRT
25033,D017192,"Skin Diseases, Bacterial",DISEASE,may_treat,MEDRT
25033,D018410,"Pneumonia, Bacterial",DISEASE,may_treat,MEDRT
25033,D018461,Soft Tissue Infections,DISEASE,may_treat,MEDRT
25033,D020682,Cefixime,CHEM,has_ingredient,MEDRT
25033,D045828,Moraxellaceae Infections,DISEASE,may_treat,MEDRT
25033,N0000000133,Enzyme Inhibitors,MOA,has_moa,MEDRT
25033,N0000008479,Decreased Cell Wall Synthesis & Repair,PE,has_pe,MEDRT
25033,D001991,Bronchitis,DISEASE,may_treat,MEDRT
25033,D004342,Drug Hypersensitivity,DISEASE,ci_with,MEDRT
25033,D004927,Escherichia coli Infections,DISEASE,may_treat,MEDRT
25033,D006069,Gonorrhea,DISEASE,may_treat,MEDRT
25033,D006192,Haemophilus Infections,DISEASE,may_treat,MEDRT
25033,D007710,Klebsiella Infections,DISEASE,may_treat,MEDRT
25033,D010033,Otitis Media,DISEASE,may_treat,MEDRT
25033,D011512,Proteus Infections,DISEASE,may_treat,MEDRT
25033,D013203,Staphylococcal Infections,DISEASE,may_treat,MEDRT
25033,D013290,Streptococcal Infections,DISEASE,may_treat,MEDRT
25033,D014552,Urinary Tract Infections,DISEASE,may_treat,MEDRT
25033,D017192,"Skin Diseases, Bacterial",DISEASE,may_treat,MEDRT
25033,D018410,"Pneumonia, Bacterial",DISEASE,may_treat,MEDRT
25033,D018461,Soft Tissue Infections,DISEASE,may_treat,MEDRT
25033,D020682,Cefixime,CHEM,has_ingredient,MEDRT
25033,D045828,Moraxellaceae Infections,DISEASE,may_treat,MEDRT
25033,N0000000133,Enzyme Inhibitors,MOA,has_moa,MEDRT
25033,N0000008479,Decreased Cell Wall Synthesis & Repair,PE,has_pe,MEDRT
2193,D000151,Acinetobacter Infections,DISEASE,may_treat,MEDRT
2193,D001850,"Bone Diseases, Infectious",DISEASE,may_treat,MEDRT
2193,D002443,Ceftriaxone,CHEM,has_ingredient,MEDRT
2193,D002602,Chancroid,DISEASE,may_treat,MEDRT
2193,D003015,Clostridium Infections,DISEASE,may_treat,MEDRT
2193,D004342,Drug Hypersensitivity,DISEASE,ci_with,MEDRT
2193,D004751,Enteritis,DISEASE,may_treat,MEDRT
2193,D004823,Epididymitis,DISEASE,may_treat,MEDRT
2193,D004927,Escherichia coli Infections,DISEASE,may_treat,MEDRT
2193,D005705,Gallbladder Diseases,DISEASE,ci_with,MEDRT
2193,D006069,Gonorrhea,DISEASE,may_treat,MEDRT
2193,D007567,"Jaundice, Neonatal",DISEASE,ci_with,MEDRT
2193,D007710,Klebsiella Infections,DISEASE,may_treat,MEDRT
2193,D008193,Lyme Disease,DISEASE,may_treat,MEDRT
2193,D010033,Otitis Media,DISEASE,may_treat,MEDRT
2193,D010538,Peritonitis,DISEASE,may_treat,MEDRT
2193,D011350,Proctocolitis,DISEASE,may_treat,MEDRT
2193,D011512,Proteus Infections,DISEASE,may_treat,MEDRT
2193,D011552,Pseudomonas Infections,DISEASE,may_treat,MEDRT
2193,D012480,Salmonella Infections,DISEASE,may_treat,MEDRT
2193,D013203,Staphylococcal Infections,DISEASE,may_treat,MEDRT
2193,D013290,Streptococcal Infections,DISEASE,may_treat,MEDRT
2193,D013530,Surgical Wound Infection,DISEASE,may_prevent,MEDRT
2193,D014552,Urinary Tract Infections,DISEASE,may_treat,MEDRT
2193,D016866,Bacteroidaceae Infections,DISEASE,may_treat,MEDRT
2193,D016868,Serratia Infections,DISEASE,may_treat,MEDRT
2193,D016920,"Meningitis, Bacterial",DISEASE,may_treat,MEDRT
2193,D017192,"Skin Diseases, Bacterial",DISEASE,may_treat,MEDRT
2193,D018410,"Pneumonia, Bacterial",DISEASE,may_treat,MEDRT
2193,D018461,Soft Tissue Infections,DISEASE,may_treat,MEDRT
2193,D018805,Sepsis,DISEASE,may_treat,MEDRT
2193,D034161,Pelvic Infection,DISEASE,may_treat,MEDRT
2193,N0000000133,Enzyme Inhibitors,MOA,has_moa,MEDRT
2193,N0000008479,Decreased Cell Wall Synthesis & Repair,PE,has_pe,MEDRT
2193,D000151,Acinetobacter Infections,DISEASE,may_treat,MEDRT
2193,D001850,"Bone Diseases, Infectious",DISEASE,may_treat,MEDRT
2193,D002443,Ceftriaxone,CHEM,has_ingredient,MEDRT
2193,D002602,Chancroid,DISEASE,may_treat,MEDRT
2193,D003015,Clostridium Infections,DISEASE,may_treat,MEDRT
2193,D004342,Drug Hypersensitivity,DISEASE,ci_with,MEDRT
2193,D004751,Enteritis,DISEASE,may_treat,MEDRT
2193,D004823,Epididymitis,DISEASE,may_treat,MEDRT
2193,D004927,Escherichia coli Infections,DISEASE,may_treat,MEDRT
2193,D005705,Gallbladder Diseases,DISEASE,ci_with,MEDRT
2193,D006069,Gonorrhea,DISEASE,may_treat,MEDRT
2193,D007567,"Jaundice, Neonatal",DISEASE,ci_with,MEDRT
2193,D007710,Klebsiella Infections,DISEASE,may_treat,MEDRT
2193,D008193,Lyme Disease,DISEASE,may_treat,MEDRT
2193,D010033,Otitis Media,DISEASE,may_treat,MEDRT
2193,D010538,Peritonitis,DISEASE,may_treat,MEDRT
2193,D011350,Proctocolitis,DISEASE,may_treat,MEDRT
2193,D011512,Proteus Infections,DISEASE,may_treat,MEDRT
2193,D011552,Pseudomonas Infections,DISEASE,may_treat,MEDRT
2193,D012480,Salmonella Infections,DISEASE,may_treat,MEDRT
2193,D013203,Staphylococcal Infections,DISEASE,may_treat,MEDRT
2193,D013290,Streptococcal Infections,DISEASE,may_treat,MEDRT
2193,D013530,Surgical Wound Infection,DISEASE,may_prevent,MEDRT
2193,D014552,Urinary Tract Infections,DISEASE,may_treat,MEDRT
2193,D016866,Bacteroidaceae Infections,DISEASE,may_treat,MEDRT
2193,D016868,Serratia Infections,DISEASE,may_treat,MEDRT
2193,D016920,"Meningitis, Bacterial",DISEASE,may_treat,MEDRT
2193,D017192,"Skin Diseases, Bacterial",DISEASE,may_treat,MEDRT
2193,D018410,"Pneumonia, Bacterial",DISEASE,may_treat,MEDRT
2193,D018461,Soft Tissue Infections,DISEASE,may_treat,MEDRT
2193,D018805,Sepsis,DISEASE,may_treat,MEDRT
2193,D034161,Pelvic Infection,DISEASE,may_treat,MEDRT
2193,N0000000133,Enzyme Inhibitors,MOA,has_moa,MEDRT
2193,N0000008479,Decreased Cell Wall Synthesis & Repair,PE,has_pe,MEDRT
20610,D004342,Drug Hypersensitivity,DISEASE,ci_with,MEDRT
20610,D012221,"Rhinitis, Allergic, Perennial",DISEASE,may_treat,MEDRT
20610,D014581,Urticaria,DISEASE,may_treat,MEDRT
20610,D017332,Cetirizine,CHEM,has_ingredient,MEDRT
20610,N0000000190,Histamine H1 Receptor Antagonists,MOA,has_moa,MEDRT
20610,N0000008657,Decreased Histamine Activity,PE,has_pe,MEDRT
20610,D004342,Drug Hypersensitivity,DISEASE,ci_with,MEDRT
20610,D012221,"Rhinitis, Allergic, Perennial",DISEASE,may_treat,MEDRT
20610,D014581,Urticaria,DISEASE,may_treat,MEDRT
20610,D017332,Cetirizine,CHEM,has_ingredient,MEDRT
20610,N0000000190,Histamine H1 Receptor Antagonists,MOA,has_moa,MEDRT
20610,N0000008657,Decreased Histamine Activity,PE,has_pe,MEDRT
11248,D000752,"Anemia, Pernicious",DISEASE,may_treat,MEDRT
11248,D003929,Diabetic Neuropathies,DISEASE,may_treat,MEDRT
11248,D004342,Drug Hypersensitivity,DISEASE,ci_with,MEDRT
11248,D009103,Multiple Sclerosis,DISEASE,may_treat,MEDRT
11248,D014805,Vitamin B 12,CHEM,has_ingredient,MEDRT
11248,D014806,Vitamin B 12 Deficiency,DISEASE,may_prevent,MEDRT
11248,D020269,Alcoholic Neuropathy,DISEASE,may_treat,MEDRT
11248,N0000000163,Enzyme Interactions,MOA,has_moa,MEDRT
11248,N0000008337,Cellular Activity Alteration,PE,has_pe,MEDRT
274964,D004342,Drug Hypersensitivity,DISEASE,ci_with,MEDRT
274964,D006255,"Rhinitis, Allergic, Seasonal",DISEASE,may_treat,MEDRT
274964,D011282,Pregnenediones,CHEM,has_ingredient,MEDRT
274964,D012221,"Rhinitis, Allergic, Perennial",DISEASE,may_treat,MEDRT
274964,N0000000159,Glucocorticoid Receptor Agonists,MOA,has_moa,MEDRT
274964,N0000008836,Decreased Prostaglandin Production,PE,has_pe,MEDRT
274964,N0000010252,Decreased Vascular Permeability,PE,has_pe,MEDRT
21949,D000639,Amitriptyline,CHEM,has_ingredient,MEDRT
21949,D001145,"Arrhythmias, Cardiac",DISEASE,ci_with,MEDRT
21949,D004342,Drug Hypersensitivity,DISEASE,ci_with,MEDRT
21949,D006327,Heart Block,DISEASE,ci_with,MEDRT
21949,D006333,Heart Failure,DISEASE,ci_with,MEDRT
21949,D006980,Hyperthyroidism,DISEASE,ci_with,MEDRT
21949,D009120,Muscle Cramp,DISEASE,may_treat,MEDRT
21949,D009127,Muscle Rigidity,DISEASE,may_treat,MEDRT
21949,D009128,Muscle Spasticity,DISEASE,may_treat,MEDRT
21949,D009220,Myositis,DISEASE,may_treat,MEDRT
21949,D010146,Pain,DISEASE,may_treat,MEDRT
21949,D013035,Spasm,DISEASE,may_treat,MEDRT
21949,D013742,Tetanus,DISEASE,may_treat,MEDRT
21949,N0000000184,Monoamine Oxidase Inhibitors,MOA,ci_moa,MEDRT
21949,N0000008501,Decreased Central Nervous System Organized Electrical Activity,PE,has_pe,MEDRT
21949,N0000009876,Striated Muscle Metabolic Alteration,PE,has_pe,MEDRT
21949,N0000009915,Unknown Cellular or Molecular Interaction,MOA,has_moa,MEDRT
21949,D000639,Amitriptyline,CHEM,has_ingredient,MEDRT
21949,D001145,"Arrhythmias, Cardiac",DISEASE,ci_with,MEDRT
21949,D004342,Drug Hypersensitivity,DISEASE,ci_with,MEDRT
21949,D006327,Heart Block,DISEASE,ci_with,MEDRT
21949,D006333,Heart Failure,DISEASE,ci_with,MEDRT
21949,D006980,Hyperthyroidism,DISEASE,ci_with,MEDRT
21949,D009120,Muscle Cramp,DISEASE,may_treat,MEDRT
21949,D009127,Muscle Rigidity,DISEASE,may_treat,MEDRT
21949,D009128,Muscle Spasticity,DISEASE,may_treat,MEDRT
21949,D009220,Myositis,DISEASE,may_treat,MEDRT
21949,D010146,Pain,DISEASE,may_treat,MEDRT
21949,D013035,Spasm,DISEASE,may_treat,MEDRT
21949,D013742,Tetanus,DISEASE,may_treat,MEDRT
21949,N0000000184,Monoamine Oxidase Inhibitors,MOA,ci_moa,MEDRT
21949,N0000008501,Decreased Central Nervous System Organized Electrical Activity,PE,has_pe,MEDRT
21949,N0000009876,Striated Muscle Metabolic Alteration,PE,has_pe,MEDRT
21949,N0000009915,Unknown Cellular or Molecular Interaction,MOA,has_moa,MEDRT
3008,D001172,"Arthritis, Rheumatoid",DISEASE,ci_with,MEDRT
3008,D001172,"Arthritis, Rheumatoid",DISEASE,may_treat,MEDRT
3008,D003033,Coal Tar,CHEM,ci_chemclass,MEDRT
3008,D004342,Drug Hypersensitivity,DISEASE,ci_with,MEDRT
3008,D005923,"Glomerulosclerosis, Focal Segmental",DISEASE,may_treat,MEDRT
3008,D006086,Graft vs Host Disease,DISEASE,may_prevent,MEDRT
3008,D006973,Hypertension,DISEASE,ci_with,MEDRT
3008,D007774,Lactation,DISEASE,ci_with,MEDRT
3008,D008180,"Lupus Erythematosus, Systemic",DISEASE,may_treat,MEDRT
3008,D008727,Methotrexate,CHEM,ci_chemclass,MEDRT
3008,D009157,Myasthenia Gravis,DISEASE,may_treat,MEDRT
3008,D009385,Neoplastic Processes,DISEASE,ci_with,MEDRT
3008,D011565,Psoriasis,DISEASE,ci_with,MEDRT
3008,D011565,Psoriasis,DISEASE,may_treat,MEDRT
3008,D051437,Renal Insufficiency,DISEASE,ci_with,MEDRT
3008,N0000000135,Immunologic Adjuvants,MOA,ci_moa,MEDRT
3008,N0000008571,Decreased Cytokine Activity,PE,has_pe,MEDRT
3008,N0000008573,Decreased Cytokine Production,PE,has_pe,MEDRT
3008,N0000008998,Decreased T Lymphocyte Production,PE,has_pe,MEDRT
3008,N0000009915,Unknown Cellular or Molecular Interaction,MOA,has_moa,MEDRT
3008,D001172,"Arthritis, Rheumatoid",DISEASE,ci_with,MEDRT
3008,D001172,"Arthritis, Rheumatoid",DISEASE,may_treat,MEDRT
3008,D003033,Coal Tar,CHEM,ci_chemclass,MEDRT
3008,D004342,Drug Hypersensitivity,DISEASE,ci_with,MEDRT
3008,D005923,"Glomerulosclerosis, Focal Segmental",DISEASE,may_treat,MEDRT
3008,D006086,Graft vs Host Disease,DISEASE,may_prevent,MEDRT
3008,D006973,Hypertension,DISEASE,ci_with,MEDRT
3008,D007774,Lactation,DISEASE,ci_with,MEDRT
3008,D008180,"Lupus Erythematosus, Systemic",DISEASE,may_treat,MEDRT
3008,D008727,Methotrexate,CHEM,ci_chemclass,MEDRT
3008,D009157,Myasthenia Gravis,DISEASE,may_treat,MEDRT
3008,D009385,Neoplastic Processes,DISEASE,ci_with,MEDRT
3008,D011565,Psoriasis,DISEASE,ci_with,MEDRT
3008,D011565,Psoriasis,DISEASE,may_treat,MEDRT
3008,D016572,Cyclosporine,CHEM,has_ingredient,MEDRT
3008,D051437,Renal Insufficiency,DISEASE,ci_with,MEDRT
3008,N0000000135,Immunologic Adjuvants,MOA,ci_moa,MEDRT
3008,N0000008571,Decreased Cytokine Activity,PE,has_pe,MEDRT
3008,N0000008573,Decreased Cytokine Production,PE,has_pe,MEDRT
3008,N0000008998,Decreased T Lymphocyte Production,PE,has_pe,MEDRT
3008,N0000009915,Unknown Cellular or Molecular Interaction,MOA,has_moa,MEDRT
3008,D001172,"Arthritis, Rheumatoid",DISEASE,ci_with,MEDRT
3008,D001172,"Arthritis, Rheumatoid",DISEASE,may_treat,MEDRT
3008,D003033,Coal Tar,CHEM,ci_chemclass,MEDRT
3008,D004342,Drug Hypersensitivity,DISEASE,ci_with,MEDRT
3008,D005923,"Glomerulosclerosis, Focal Segmental",DISEASE,may_treat,MEDRT
3008,D006086,Graft vs Host Disease,DISEASE,may_prevent,MEDRT
3008,D006973,Hypertension,DISEASE,ci_with,MEDRT
3008,D007774,Lactation,DISEASE,ci_with,MEDRT
3008,D008180,"Lupus Erythematosus, Systemic",DISEASE,may_treat,MEDRT
3008,D008727,Methotrexate,CHEM,ci_chemclass,MEDRT
3008,D009157,Myasthenia Gravis,DISEASE,may_treat,MEDRT
3008,D009385,Neoplastic Processes,DISEASE,ci_with,MEDRT
3008,D011565,Psoriasis,DISEASE,ci_with,MEDRT
3008,D011565,Psoriasis,DISEASE,may_treat,MEDRT
3008,D051437,Renal Insufficiency,DISEASE,ci_with,MEDRT
3008,N0000000135,Immunologic Adjuvants,MOA,ci_moa,MEDRT
3008,N0000008571,Decreased Cytokine Activity,PE,has_pe,MEDRT
3008,N0000008573,Decreased Cytokine Production,PE,has_pe,MEDRT
3008,N0000008998,Decreased T Lymphocyte Production,PE,has_pe,MEDRT
3008,N0000009915,Unknown Cellular or Molecular Interaction,MOA,has_moa,MEDRT
407990,D000069449,Cinacalcet,CHEM,has_ingredient,MEDRT
407990,D004342,Drug Hypersensitivity,DISEASE,ci_with,MEDRT
407990,D006962,"Hyperparathyroidism, Secondary",DISEASE,may_treat,MEDRT
407990,D006996,Hypocalcemia,DISEASE,ci_with,MEDRT
407990,D010282,Parathyroid Neoplasms,DISEASE,may_treat,MEDRT
407990,D049950,"Hyperparathyroidism, Primary",DISEASE,may_treat,MEDRT
407990,N0000008777,Decreased PTH Secretion,PE,has_pe,MEDRT
407990,N0000020081,Increased Calcium-sensing Receptor Sensitivity,MOA,has_moa,MEDRT
407990,D000069449,Cinacalcet,CHEM,has_ingredient,MEDRT
407990,D004342,Drug Hypersensitivity,DISEASE,ci_with,MEDRT
407990,D006962,"Hyperparathyroidism, Secondary",DISEASE,may_treat,MEDRT
407990,D006996,Hypocalcemia,DISEASE,ci_with,MEDRT
407990,D010282,Parathyroid Neoplasms,DISEASE,may_treat,MEDRT
407990,D049950,"Hyperparathyroidism, Primary",DISEASE,may_treat,MEDRT
407990,N0000008777,Decreased PTH Secretion,PE,has_pe,MEDRT
407990,N0000020081,Increased Calcium-sensing Receptor Sensitivity,MOA,has_moa,MEDRT
2556,D000069349,Linezolid,CHEM,ci_chemclass,MEDRT
2556,D000437,Alcoholism,DISEASE,may_treat,MEDRT
2556,D003704,Dementia,DISEASE,may_treat,MEDRT
2556,D003866,Depressive Disorder,DISEASE,may_treat,MEDRT
2556,D003929,Diabetic Neuropathies,DISEASE,may_treat,MEDRT
2556,D004342,Drug Hypersensitivity,DISEASE,ci_with,MEDRT
2556,D008751,Methylene Blue,CHEM,ci_chemclass,MEDRT
2556,D009771,Obsessive-Compulsive Disorder,DISEASE,may_treat,MEDRT
2556,D010868,Pimozide,CHEM,ci_chemclass,MEDRT
2556,D014029,Tobacco Use Disorder,DISEASE,may_treat,MEDRT
2556,D015283,Citalopram,CHEM,has_ingredient,MEDRT
2556,N0000000109,Serotonin Uptake Inhibitors,MOA,has_moa,MEDRT
2556,N0000000184,Monoamine Oxidase Inhibitors,MOA,ci_moa,MEDRT
2556,N0000009198,Increased Central Nervous System Serotonin Activity,PE,has_pe,MEDRT
2556,D000069349,Linezolid,CHEM,ci_chemclass,MEDRT
2556,D000437,Alcoholism,DISEASE,may_treat,MEDRT
2556,D003704,Dementia,DISEASE,may_treat,MEDRT
2556,D003866,Depressive Disorder,DISEASE,may_treat,MEDRT
2556,D003929,Diabetic Neuropathies,DISEASE,may_treat,MEDRT
2556,D004342,Drug Hypersensitivity,DISEASE,ci_with,MEDRT
2556,D008751,Methylene Blue,CHEM,ci_chemclass,MEDRT
2556,D009771,Obsessive-Compulsive Disorder,DISEASE,may_treat,MEDRT
2556,D010868,Pimozide,CHEM,ci_chemclass,MEDRT
2556,D014029,Tobacco Use Disorder,DISEASE,may_treat,MEDRT
2556,D015283,Citalopram,CHEM,has_ingredient,MEDRT
2556,N0000000109,Serotonin Uptake Inhibitors,MOA,has_moa,MEDRT
2556,N0000000184,Monoamine Oxidase Inhibitors,MOA,ci_moa,MEDRT
2556,N0000009198,Increased Central Nervous System Serotonin Activity,PE,has_pe,MEDRT
997602,D003566,Cytidine Diphosphate Choline,CHEM,has_ingredient,MEDRT
2598,D001569,Benzodiazepines,CHEM,ci_chemclass,MEDRT
2598,D001714,Bipolar Disorder,DISEASE,may_treat,MEDRT
2598,D002998,Clonazepam,CHEM,has_ingredient,MEDRT
2598,D004342,Drug Hypersensitivity,DISEASE,ci_with,MEDRT
2598,D004401,Dysarthria,DISEASE,may_treat,MEDRT
2598,D004831,"Epilepsies, Myoclonic",DISEASE,may_treat,MEDRT
2598,D004832,"Epilepsy, Absence",DISEASE,may_treat,MEDRT
2598,D008107,Liver Diseases,DISEASE,ci_with,MEDRT
2598,D009437,Neuralgia,DISEASE,may_treat,MEDRT
2598,D011247,Pregnancy,DISEASE,ci_with,MEDRT
2598,D012148,Restless Legs Syndrome,DISEASE,may_treat,MEDRT
2598,D012559,Schizophrenia,DISEASE,may_treat,MEDRT
2598,D012640,Seizures,DISEASE,may_treat,MEDRT
2598,D013981,Tic Disorders,DISEASE,may_treat,MEDRT
2598,D015812,"Glaucoma, Angle-Closure",DISEASE,ci_with,MEDRT
2598,D016584,Panic Disorder,DISEASE,may_treat,MEDRT
2598,D065768,Lennox Gastaut Syndrome,DISEASE,may_treat,MEDRT
2598,N0000000118,GABA A Modulators,MOA,has_moa,MEDRT
2598,N0000009325,Increased GABA Activity,PE,has_pe,MEDRT
32968,D000077144,Clopidogrel,CHEM,has_ingredient,MEDRT
32968,D001778,Blood Coagulation Disorders,DISEASE,ci_with,MEDRT
32968,D002544,Cerebral Infarction,DISEASE,may_prevent,MEDRT
32968,D003328,Coronary Thrombosis,DISEASE,may_prevent,MEDRT
32968,D004342,Drug Hypersensitivity,DISEASE,ci_with,MEDRT
32968,D006470,Hemorrhage,DISEASE,ci_with,MEDRT
32968,D009203,Myocardial Infarction,DISEASE,may_prevent,MEDRT
32968,N0000008832,Decreased Platelet Aggregation,PE,has_pe,MEDRT
32968,N0000175892,Hemorrheologic Alteration,PE,ci_pe,MEDRT
32968,N0000182143,P2Y12 Receptor Antagonists,MOA,has_moa,MEDRT
32968,D000077144,Clopidogrel,CHEM,has_ingredient,MEDRT
32968,D001778,Blood Coagulation Disorders,DISEASE,ci_with,MEDRT
32968,D002544,Cerebral Infarction,DISEASE,may_prevent,MEDRT
32968,D003328,Coronary Thrombosis,DISEASE,may_prevent,MEDRT
32968,D004342,Drug Hypersensitivity,DISEASE,ci_with,MEDRT
32968,D006470,Hemorrhage,DISEASE,ci_with,MEDRT
32968,D009203,Myocardial Infarction,DISEASE,may_prevent,MEDRT
32968,N0000008832,Decreased Platelet Aggregation,PE,has_pe,MEDRT
32968,N0000175892,Hemorrheologic Alteration,PE,ci_pe,MEDRT
32968,N0000182143,P2Y12 Receptor Antagonists,MOA,has_moa,MEDRT
2670,D001249,Asthma,DISEASE,ci_with,MEDRT
2670,D003371,Cough,DISEASE,may_treat,MEDRT
2670,D004342,Drug Hypersensitivity,DISEASE,ci_with,MEDRT
2670,D007415,Intestinal Obstruction,DISEASE,ci_with,MEDRT
2670,D010146,Pain,DISEASE,may_treat,MEDRT
2670,D011247,Pregnancy,DISEASE,ci_with,MEDRT
2670,D012131,Respiratory Insufficiency,DISEASE,ci_with,MEDRT
2670,N0000000184,Monoamine Oxidase Inhibitors,MOA,ci_moa,MEDRT
2670,N0000008701,Decreased Medullary Respiratory Drive,PE,has_pe,MEDRT
2670,N0000008768,Decreased Organized Electrical Activity,PE,has_pe,MEDRT
2670,N0000175439,Analgesia,PE,has_pe,MEDRT
2670,N0000175684,Full Opioid Agonists,MOA,has_moa,MEDRT
2670,D001249,Asthma,DISEASE,ci_with,MEDRT
2670,D003371,Cough,DISEASE,may_treat,MEDRT
2670,D004342,Drug Hypersensitivity,DISEASE,ci_with,MEDRT
2670,D007415,Intestinal Obstruction,DISEASE,ci_with,MEDRT
2670,D010146,Pain,DISEASE,may_treat,MEDRT
2670,D011247,Pregnancy,DISEASE,ci_with,MEDRT
2670,D012131,Respiratory Insufficiency,DISEASE,ci_with,MEDRT
2670,N0000000184,Monoamine Oxidase Inhibitors,MOA,ci_moa,MEDRT
2670,N0000008701,Decreased Medullary Respiratory Drive,PE,has_pe,MEDRT
2670,N0000008768,Decreased Organized Electrical Activity,PE,has_pe,MEDRT
2670,N0000175439,Analgesia,PE,has_pe,MEDRT
2670,N0000175684,Full Opioid Agonists,MOA,has_moa,MEDRT
2670,D001249,Asthma,DISEASE,ci_with,MEDRT
2670,D003371,Cough,DISEASE,may_treat,MEDRT
2670,D004342,Drug Hypersensitivity,DISEASE,ci_with,MEDRT
2670,D007415,Intestinal Obstruction,DISEASE,ci_with,MEDRT
2670,D010146,Pain,DISEASE,may_treat,MEDRT
2670,D011247,Pregnancy,DISEASE,ci_with,MEDRT
2670,D012131,Respiratory Insufficiency,DISEASE,ci_with,MEDRT
2670,N0000000184,Monoamine Oxidase Inhibitors,MOA,ci_moa,MEDRT
2670,N0000008701,Decreased Medullary Respiratory Drive,PE,has_pe,MEDRT
2670,N0000008768,Decreased Organized Electrical Activity,PE,has_pe,MEDRT
2670,N0000175439,Analgesia,PE,has_pe,MEDRT
2670,N0000175684,Full Opioid Agonists,MOA,has_moa,MEDRT
2670,D001249,Asthma,DISEASE,ci_with,MEDRT
2670,D003371,Cough,DISEASE,may_treat,MEDRT
2670,D004342,Drug Hypersensitivity,DISEASE,ci_with,MEDRT
2670,D007415,Intestinal Obstruction,DISEASE,ci_with,MEDRT
2670,D009020,Morphine,CHEM,has_active_metabolites,MEDRT
2670,D010146,Pain,DISEASE,may_treat,MEDRT
2670,D011247,Pregnancy,DISEASE,ci_with,MEDRT
2670,D012131,Respiratory Insufficiency,DISEASE,ci_with,MEDRT
2670,N0000000026,Hepatic Metabolism,PK,has_pk,MEDRT
2670,N0000000026,Hepatic Metabolism,PK,site_of_metabolism,MEDRT
2670,N0000000042,Renal Excretion,PK,has_pk,MEDRT
2670,N0000000184,Monoamine Oxidase Inhibitors,MOA,ci_moa,MEDRT
2670,N0000008701,Decreased Medullary Respiratory Drive,PE,has_pe,MEDRT
2670,N0000008768,Decreased Organized Electrical Activity,PE,has_pe,MEDRT
2670,N0000175439,Analgesia,PE,has_pe,MEDRT
2670,N0000175684,Full Opioid Agonists,MOA,has_moa,MEDRT
2670,D001249,Asthma,DISEASE,ci_with,MEDRT
2670,D003371,Cough,DISEASE,may_treat,MEDRT
2670,D004342,Drug Hypersensitivity,DISEASE,ci_with,MEDRT
2670,D007415,Intestinal Obstruction,DISEASE,ci_with,MEDRT
2670,D010146,Pain,DISEASE,may_treat,MEDRT
2670,D011247,Pregnancy,DISEASE,ci_with,MEDRT
2670,D012131,Respiratory Insufficiency,DISEASE,ci_with,MEDRT
2670,N0000000184,Monoamine Oxidase Inhibitors,MOA,ci_moa,MEDRT
2670,N0000008701,Decreased Medullary Respiratory Drive,PE,has_pe,MEDRT
2670,N0000008768,Decreased Organized Electrical Activity,PE,has_pe,MEDRT
2670,N0000175439,Analgesia,PE,has_pe,MEDRT
2670,N0000175684,Full Opioid Agonists,MOA,has_moa,MEDRT
2670,D001249,Asthma,DISEASE,ci_with,MEDRT
2670,D003371,Cough,DISEASE,may_treat,MEDRT
2670,D004342,Drug Hypersensitivity,DISEASE,ci_with,MEDRT
2670,D007415,Intestinal Obstruction,DISEASE,ci_with,MEDRT
2670,D010146,Pain,DISEASE,may_treat,MEDRT
2670,D011247,Pregnancy,DISEASE,ci_with,MEDRT
2670,D012131,Respiratory Insufficiency,DISEASE,ci_with,MEDRT
2670,N0000000184,Monoamine Oxidase Inhibitors,MOA,ci_moa,MEDRT
2670,N0000008701,Decreased Medullary Respiratory Drive,PE,has_pe,MEDRT
2670,N0000008768,Decreased Organized Electrical Activity,PE,has_pe,MEDRT
2670,N0000175439,Analgesia,PE,has_pe,MEDRT
2670,N0000175684,Full Opioid Agonists,MOA,has_moa,MEDRT
2670,D001249,Asthma,DISEASE,ci_with,MEDRT
2670,D003061,Codeine,CHEM,has_ingredient,MEDRT
2670,D003371,Cough,DISEASE,may_treat,MEDRT
2670,D004342,Drug Hypersensitivity,DISEASE,ci_with,MEDRT
2670,D007415,Intestinal Obstruction,DISEASE,ci_with,MEDRT
2670,D009020,Morphine,CHEM,has_active_metabolites,MEDRT
2670,D010146,Pain,DISEASE,may_treat,MEDRT
2670,D011247,Pregnancy,DISEASE,ci_with,MEDRT
2670,D012131,Respiratory Insufficiency,DISEASE,ci_with,MEDRT
2670,N0000000026,Hepatic Metabolism,PK,has_pk,MEDRT
2670,N0000000026,Hepatic Metabolism,PK,site_of_metabolism,MEDRT
2670,N0000000042,Renal Excretion,PK,has_pk,MEDRT
2670,N0000000184,Monoamine Oxidase Inhibitors,MOA,ci_moa,MEDRT
2670,N0000008701,Decreased Medullary Respiratory Drive,PE,has_pe,MEDRT
2670,N0000008768,Decreased Organized Electrical Activity,PE,has_pe,MEDRT
2670,N0000175439,Analgesia,PE,has_pe,MEDRT
2670,N0000175684,Full Opioid Agonists,MOA,has_moa,MEDRT
2670,D001249,Asthma,DISEASE,ci_with,MEDRT
2670,D003061,Codeine,CHEM,has_ingredient,MEDRT
2670,D003371,Cough,DISEASE,may_treat,MEDRT
2670,D004342,Drug Hypersensitivity,DISEASE,ci_with,MEDRT
2670,D007415,Intestinal Obstruction,DISEASE,ci_with,MEDRT
2670,D009020,Morphine,CHEM,has_active_metabolites,MEDRT
2670,D010146,Pain,DISEASE,may_treat,MEDRT
2670,D011247,Pregnancy,DISEASE,ci_with,MEDRT
2670,D012131,Respiratory Insufficiency,DISEASE,ci_with,MEDRT
2670,N0000000026,Hepatic Metabolism,PK,has_pk,MEDRT
2670,N0000000026,Hepatic Metabolism,PK,site_of_metabolism,MEDRT
2670,N0000000042,Renal Excretion,PK,has_pk,MEDRT
2670,N0000000184,Monoamine Oxidase Inhibitors,MOA,ci_moa,MEDRT
2670,N0000008701,Decreased Medullary Respiratory Drive,PE,has_pe,MEDRT
2670,N0000008768,Decreased Organized Electrical Activity,PE,has_pe,MEDRT
2670,N0000175439,Analgesia,PE,has_pe,MEDRT
2670,N0000175684,Full Opioid Agonists,MOA,has_moa,MEDRT
2670,D001249,Asthma,DISEASE,ci_with,MEDRT
2670,D003371,Cough,DISEASE,may_treat,MEDRT
2670,D004342,Drug Hypersensitivity,DISEASE,ci_with,MEDRT
2670,D007415,Intestinal Obstruction,DISEASE,ci_with,MEDRT
2670,D009020,Morphine,CHEM,has_active_metabolites,MEDRT
2670,D010146,Pain,DISEASE,may_treat,MEDRT
2670,D011247,Pregnancy,DISEASE,ci_with,MEDRT
2670,D012131,Respiratory Insufficiency,DISEASE,ci_with,MEDRT
2670,N0000000026,Hepatic Metabolism,PK,has_pk,MEDRT
2670,N0000000026,Hepatic Metabolism,PK,site_of_metabolism,MEDRT
2670,N0000000042,Renal Excretion,PK,has_pk,MEDRT
2670,N0000000184,Monoamine Oxidase Inhibitors,MOA,ci_moa,MEDRT
2670,N0000008701,Decreased Medullary Respiratory Drive,PE,has_pe,MEDRT
2670,N0000008768,Decreased Organized Electrical Activity,PE,has_pe,MEDRT
2670,N0000175439,Analgesia,PE,has_pe,MEDRT
2670,N0000175684,Full Opioid Agonists,MOA,has_moa,MEDRT
2683,D000686,Amyloidosis,DISEASE,may_treat,MEDRT
2683,D003078,Colchicine,CHEM,has_ingredient,MEDRT
2683,D004342,Drug Hypersensitivity,DISEASE,ci_with,MEDRT
2683,D005767,Gastrointestinal Diseases,DISEASE,ci_with,MEDRT
2683,D006073,Gout,DISEASE,may_treat,MEDRT
2683,D006073,Gout,DISEASE,may_prevent,MEDRT
2683,D006402,Hematologic Diseases,DISEASE,ci_with,MEDRT
2683,D007674,Kidney Diseases,DISEASE,ci_with,MEDRT
2683,D008105,"Liver Cirrhosis, Biliary",DISEASE,may_treat,MEDRT
2683,D008107,Liver Diseases,DISEASE,ci_with,MEDRT
2683,D010505,Familial Mediterranean Fever,DISEASE,may_treat,MEDRT
2683,D011247,Pregnancy,DISEASE,ci_with,MEDRT
2683,N0000008344,Cellular Growth Phase Arrest,PE,has_pe,MEDRT
2683,N0000008826,Decreased Phagocytosis,PE,has_pe,MEDRT
2683,N0000009915,Unknown Cellular or Molecular Interaction,MOA,has_moa,MEDRT
2683,N0000010256,Tubulin Interactions,MOA,has_moa,MEDRT
2683,N0000182141,Cytochrome P450 3A4 Inhibitors,MOA,ci_moa,MEDRT
2683,N0000185503,P-Glycoprotein Inhibitors,MOA,ci_moa,MEDRT
2447,D001651,"Cholestasis, Extrahepatic",DISEASE,ci_with,MEDRT
2447,D002792,Cholestyramine Resin,CHEM,has_ingredient,MEDRT
2447,D003324,Coronary Artery Disease,DISEASE,may_prevent,MEDRT
2447,D003324,Coronary Artery Disease,DISEASE,may_treat,MEDRT
2447,D003967,Diarrhea,DISEASE,may_treat,MEDRT
2447,D004342,Drug Hypersensitivity,DISEASE,ci_with,MEDRT
2447,D004761,"Enterocolitis, Pseudomembranous",DISEASE,may_treat,MEDRT
2447,D006937,Hypercholesterolemia,DISEASE,may_treat,MEDRT
2447,D006951,Hyperlipoproteinemias,DISEASE,may_treat,MEDRT
2447,D007415,Intestinal Obstruction,DISEASE,ci_with,MEDRT
2447,D015228,Hypertriglyceridemia,DISEASE,may_treat,MEDRT
2447,N0000008553,Decreased Cholesterol Absorption,PE,has_pe,MEDRT
2447,N0000175365,Bile-acid Binding Activity,MOA,has_moa,MEDRT
2878,D000309,Adrenal Insufficiency,DISEASE,may_treat,MEDRT
2878,D001172,"Arthritis, Rheumatoid",DISEASE,may_prevent,MEDRT
2878,D001249,Asthma,DISEASE,may_treat,MEDRT
2878,D001607,Berylliosis,DISEASE,may_treat,MEDRT
2878,D002062,Bursitis,DISEASE,may_treat,MEDRT
2878,D002833,Choroiditis,DISEASE,may_treat,MEDRT
2878,D003093,"Colitis, Ulcerative",DISEASE,may_treat,MEDRT
2878,D003095,Collagen Diseases,DISEASE,may_treat,MEDRT
2878,D003348,Cortisone,CHEM,has_ingredient,MEDRT
2878,D003873,"Dermatitis, Exfoliative",DISEASE,may_treat,MEDRT
2878,D003874,Dermatitis Herpetiformis,DISEASE,may_treat,MEDRT
2878,D003876,"Dermatitis, Atopic",DISEASE,may_treat,MEDRT
2878,D003882,Dermatomyositis,DISEASE,may_treat,MEDRT
2878,D004342,Drug Hypersensitivity,DISEASE,ci_with,MEDRT
2878,D004892,Erythema Multiforme,DISEASE,may_treat,MEDRT
2878,D006934,Hypercalcemia,DISEASE,may_treat,MEDRT
2878,D007239,Infections,DISEASE,ci_with,MEDRT
2878,D007500,Iritis,DISEASE,may_treat,MEDRT
2878,D007634,Keratitis,DISEASE,may_treat,MEDRT
2878,D007938,Leukemia,DISEASE,may_treat,MEDRT
2878,D008180,"Lupus Erythematosus, Systemic",DISEASE,may_treat,MEDRT
2878,D009181,Mycoses,DISEASE,ci_with,MEDRT
2878,D009182,Mycosis Fungoides,DISEASE,may_treat,MEDRT
2878,D009404,Nephrotic Syndrome,DISEASE,may_treat,MEDRT
2878,D010392,Pemphigus,DISEASE,may_treat,MEDRT
2878,D011565,Psoriasis,DISEASE,may_treat,MEDRT
2878,D012216,Rheumatic Diseases,DISEASE,may_treat,MEDRT
2878,D012507,Sarcoidosis,DISEASE,may_treat,MEDRT
2878,D012628,"Dermatitis, Seborrheic",DISEASE,may_treat,MEDRT
2878,D013167,"Spondylitis, Ankylosing",DISEASE,may_treat,MEDRT
2878,D013966,Thyroiditis,DISEASE,may_treat,MEDRT
2878,D014397,"Tuberculosis, Pulmonary",DISEASE,may_treat,MEDRT
2878,D015210,"Arthritis, Gouty",DISEASE,may_prevent,MEDRT
2878,D016553,"Purpura, Thrombocytopenic, Idiopathic",DISEASE,may_treat,MEDRT
2878,D065631,"Rhinitis, Allergic",DISEASE,may_treat,MEDRT
2878,N0000000134,Lipoxygenase Inhibitors,MOA,has_moa,MEDRT
2878,N0000000159,Glucocorticoid Receptor Agonists,MOA,has_moa,MEDRT
2878,N0000008327,Carbohydrate Metabolism Alteration,PE,has_pe,MEDRT
2878,N0000008645,Decreased Glucocorticoid Secretion,PE,has_pe,MEDRT
2878,N0000008681,Decreased Leukotriene Activity,PE,has_pe,MEDRT
2878,N0000008700,Decreased Lysosomal Function,PE,has_pe,MEDRT
2878,N0000008834,Decreased Prostaglandin Activity,PE,has_pe,MEDRT
2878,N0000008841,Decreased Protein Synthesis,PE,has_pe,MEDRT
2878,N0000009004,Decreased Thromboxane Activity,PE,has_pe,MEDRT
2878,N0000009739,Lipid Metabolism Alteration,PE,has_pe,MEDRT
2878,N0000009928,Decreased Cellular Migration,PE,has_pe,MEDRT
2878,D000309,Adrenal Insufficiency,DISEASE,may_treat,MEDRT
2878,D001172,"Arthritis, Rheumatoid",DISEASE,may_prevent,MEDRT
2878,D001249,Asthma,DISEASE,may_treat,MEDRT
2878,D001607,Berylliosis,DISEASE,may_treat,MEDRT
2878,D002062,Bursitis,DISEASE,may_treat,MEDRT
2878,D002833,Choroiditis,DISEASE,may_treat,MEDRT
2878,D003093,"Colitis, Ulcerative",DISEASE,may_treat,MEDRT
2878,D003095,Collagen Diseases,DISEASE,may_treat,MEDRT
2878,D003348,Cortisone,CHEM,has_ingredient,MEDRT
2878,D003873,"Dermatitis, Exfoliative",DISEASE,may_treat,MEDRT
2878,D003874,Dermatitis Herpetiformis,DISEASE,may_treat,MEDRT
2878,D003876,"Dermatitis, Atopic",DISEASE,may_treat,MEDRT
2878,D003882,Dermatomyositis,DISEASE,may_treat,MEDRT
2878,D004342,Drug Hypersensitivity,DISEASE,ci_with,MEDRT
2878,D004892,Erythema Multiforme,DISEASE,may_treat,MEDRT
2878,D006934,Hypercalcemia,DISEASE,may_treat,MEDRT
2878,D007239,Infections,DISEASE,ci_with,MEDRT
2878,D007500,Iritis,DISEASE,may_treat,MEDRT
2878,D007634,Keratitis,DISEASE,may_treat,MEDRT
2878,D007938,Leukemia,DISEASE,may_treat,MEDRT
2878,D008180,"Lupus Erythematosus, Systemic",DISEASE,may_treat,MEDRT
2878,D009181,Mycoses,DISEASE,ci_with,MEDRT
2878,D009182,Mycosis Fungoides,DISEASE,may_treat,MEDRT
2878,D009404,Nephrotic Syndrome,DISEASE,may_treat,MEDRT
2878,D010392,Pemphigus,DISEASE,may_treat,MEDRT
2878,D011565,Psoriasis,DISEASE,may_treat,MEDRT
2878,D012216,Rheumatic Diseases,DISEASE,may_treat,MEDRT
2878,D012507,Sarcoidosis,DISEASE,may_treat,MEDRT
2878,D012628,"Dermatitis, Seborrheic",DISEASE,may_treat,MEDRT
2878,D013167,"Spondylitis, Ankylosing",DISEASE,may_treat,MEDRT
2878,D013966,Thyroiditis,DISEASE,may_treat,MEDRT
2878,D014397,"Tuberculosis, Pulmonary",DISEASE,may_treat,MEDRT
2878,D015210,"Arthritis, Gouty",DISEASE,may_prevent,MEDRT
2878,D016553,"Purpura, Thrombocytopenic, Idiopathic",DISEASE,may_treat,MEDRT
2878,D065631,"Rhinitis, Allergic",DISEASE,may_treat,MEDRT
2878,N0000000134,Lipoxygenase Inhibitors,MOA,has_moa,MEDRT
2878,N0000000159,Glucocorticoid Receptor Agonists,MOA,has_moa,MEDRT
2878,N0000008327,Carbohydrate Metabolism Alteration,PE,has_pe,MEDRT
2878,N0000008645,Decreased Glucocorticoid Secretion,PE,has_pe,MEDRT
2878,N0000008681,Decreased Leukotriene Activity,PE,has_pe,MEDRT
2878,N0000008700,Decreased Lysosomal Function,PE,has_pe,MEDRT
2878,N0000008834,Decreased Prostaglandin Activity,PE,has_pe,MEDRT
2878,N0000008841,Decreased Protein Synthesis,PE,has_pe,MEDRT
2878,N0000009004,Decreased Thromboxane Activity,PE,has_pe,MEDRT
2878,N0000009739,Lipid Metabolism Alteration,PE,has_pe,MEDRT
2878,N0000009928,Decreased Cellular Migration,PE,has_pe,MEDRT
1546356,D000069604,Dabigatran,CHEM,has_ingredient,MEDRT
1488564,D003924,"Diabetes Mellitus, Type 2",DISEASE,may_treat,MEDRT
1488564,D004342,Drug Hypersensitivity,DISEASE,ci_with,MEDRT
1488564,D051437,Renal Insufficiency,DISEASE,ci_with,MEDRT
1488564,N0000009556,Increased Renal Organic Ion Excretion,PE,has_pe,MEDRT
1488564,N0000009830,Renal Ion Transport Alteration,PE,has_pe,MEDRT
1488564,N0000187058,Sodium-Glucose Transporter 2 Inhibitors,MOA,has_moa,MEDRT
1488564,D001559,Benzhydryl Compounds,CHEM,has_ingredient,MEDRT
1488564,D003924,"Diabetes Mellitus, Type 2",DISEASE,may_treat,MEDRT
1488564,D004342,Drug Hypersensitivity,DISEASE,ci_with,MEDRT
1488564,D005960,Glucosides,CHEM,has_ingredient,MEDRT
1488564,D051437,Renal Insufficiency,DISEASE,ci_with,MEDRT
1488564,N0000009556,Increased Renal Organic Ion Excretion,PE,has_pe,MEDRT
1488564,N0000009830,Renal Ion Transport Alteration,PE,has_pe,MEDRT
1488564,N0000187058,Sodium-Glucose Transporter 2 Inhibitors,MOA,has_moa,MEDRT
22299,D004342,Drug Hypersensitivity,DISEASE,ci_with,MEDRT
22299,D016470,Bacteremia,DISEASE,may_treat,MEDRT
22299,D017192,"Skin Diseases, Bacterial",DISEASE,may_treat,MEDRT
22299,D017576,Daptomycin,CHEM,has_ingredient,MEDRT
22299,N0000008347,Cellular Synthetic Activity Alteration,PE,has_pe,MEDRT
22299,N0000008476,Decreased Cell Membrane Integrity,PE,has_pe,MEDRT
22396,D004342,Drug Hypersensitivity,DISEASE,ci_with,MEDRT
22396,D007249,Inflammation,DISEASE,may_treat,MEDRT
22396,D011282,Pregnenediones,CHEM,has_ingredient,MEDRT
22396,D020388,"Muscular Dystrophy, Duchenne",DISEASE,may_treat,MEDRT
22396,N0000000159,Glucocorticoid Receptor Agonists,MOA,has_moa,MEDRT
22396,N0000175550,Decreased Immunologic Activity,PE,has_pe,MEDRT
475230,D004342,Drug Hypersensitivity,DISEASE,ci_with,MEDRT
475230,D009842,Oligopeptides,CHEM,has_ingredient,MEDRT
475230,D011247,Pregnancy,DISEASE,ci_with,MEDRT
475230,D011471,Prostatic Neoplasms,DISEASE,may_treat,MEDRT
475230,N0000008638,Decreased GnRH Secretion,PE,has_pe,MEDRT
475230,N0000009002,Decreased Testosterone Secretion,PE,has_pe,MEDRT
475230,N0000175084,Gonadotropin Releasing Hormone Receptor Antagonists,MOA,has_moa,MEDRT
475230,D004342,Drug Hypersensitivity,DISEASE,ci_with,MEDRT
475230,D009842,Oligopeptides,CHEM,has_ingredient,MEDRT
475230,D011247,Pregnancy,DISEASE,ci_with,MEDRT
475230,D011471,Prostatic Neoplasms,DISEASE,may_treat,MEDRT
475230,N0000008638,Decreased GnRH Secretion,PE,has_pe,MEDRT
475230,N0000009002,Decreased Testosterone Secretion,PE,has_pe,MEDRT
475230,N0000175084,Gonadotropin Releasing Hormone Receptor Antagonists,MOA,has_moa,MEDRT
993449,D006996,Hypocalcemia,DISEASE,ci_with,MEDRT
993449,D011247,Pregnancy,DISEASE,ci_with,MEDRT
993449,D015663,"Osteoporosis, Postmenopausal",DISEASE,may_treat,MEDRT
993449,D058866,Osteoporotic Fractures,DISEASE,may_treat,MEDRT
993449,N0000008313,Bone Resorption Inhibition,PE,has_pe,MEDRT
993449,N0000187054,RANK Ligand Blocking Activity,MOA,has_moa,MEDRT
993449,D006996,Hypocalcemia,DISEASE,ci_with,MEDRT
993449,D011247,Pregnancy,DISEASE,ci_with,MEDRT
993449,D015663,"Osteoporosis, Postmenopausal",DISEASE,may_treat,MEDRT
993449,D058866,Osteoporotic Fractures,DISEASE,may_prevent,MEDRT
993449,N0000008313,Bone Resorption Inhibition,PE,has_pe,MEDRT
993449,N0000187054,RANK Ligand Blocking Activity,MOA,has_moa,MEDRT
993449,D006996,Hypocalcemia,DISEASE,ci_with,MEDRT
993449,D011247,Pregnancy,DISEASE,ci_with,MEDRT
993449,D015663,"Osteoporosis, Postmenopausal",DISEASE,may_treat,MEDRT
993449,D058866,Osteoporotic Fractures,DISEASE,may_prevent,MEDRT
993449,N0000008313,Bone Resorption Inhibition,PE,has_pe,MEDRT
993449,N0000187054,RANK Ligand Blocking Activity,MOA,has_moa,MEDRT
993449,D006996,Hypocalcemia,DISEASE,ci_with,MEDRT
993449,D011247,Pregnancy,DISEASE,ci_with,MEDRT
993449,D015663,"Osteoporosis, Postmenopausal",DISEASE,may_treat,MEDRT
993449,D058866,Osteoporotic Fractures,DISEASE,may_prevent,MEDRT
993449,N0000008313,Bone Resorption Inhibition,PE,has_pe,MEDRT
993449,N0000187054,RANK Ligand Blocking Activity,MOA,has_moa,MEDRT
993449,D006996,Hypocalcemia,DISEASE,ci_with,MEDRT
993449,D011247,Pregnancy,DISEASE,ci_with,MEDRT
993449,D015663,"Osteoporosis, Postmenopausal",DISEASE,may_treat,MEDRT
993449,D058866,Osteoporotic Fractures,DISEASE,may_prevent,MEDRT
993449,N0000008313,Bone Resorption Inhibition,PE,has_pe,MEDRT
993449,N0000187054,RANK Ligand Blocking Activity,MOA,has_moa,MEDRT
993449,D006996,Hypocalcemia,DISEASE,ci_with,MEDRT
993449,D011247,Pregnancy,DISEASE,ci_with,MEDRT
993449,D015663,"Osteoporosis, Postmenopausal",DISEASE,may_treat,MEDRT
993449,D058866,Osteoporotic Fractures,DISEASE,may_prevent,MEDRT
993449,N0000008313,Bone Resorption Inhibition,PE,has_pe,MEDRT
993449,N0000187054,RANK Ligand Blocking Activity,MOA,has_moa,MEDRT
993449,D006996,Hypocalcemia,DISEASE,ci_with,MEDRT
993449,D011247,Pregnancy,DISEASE,ci_with,MEDRT
993449,D015663,"Osteoporosis, Postmenopausal",DISEASE,may_treat,MEDRT
993449,D058866,Osteoporotic Fractures,DISEASE,may_prevent,MEDRT
993449,N0000008313,Bone Resorption Inhibition,PE,has_pe,MEDRT
993449,N0000187054,RANK Ligand Blocking Activity,MOA,has_moa,MEDRT
993449,D006996,Hypocalcemia,DISEASE,ci_with,MEDRT
993449,D011247,Pregnancy,DISEASE,ci_with,MEDRT
993449,D015663,"Osteoporosis, Postmenopausal",DISEASE,may_treat,MEDRT
993449,D058866,Osteoporotic Fractures,DISEASE,may_prevent,MEDRT
993449,N0000008313,Bone Resorption Inhibition,PE,has_pe,MEDRT
993449,N0000187054,RANK Ligand Blocking Activity,MOA,has_moa,MEDRT
993449,D000069448,Denosumab,CHEM,has_ingredient,MEDRT
993449,D006996,Hypocalcemia,DISEASE,ci_with,MEDRT
993449,D011247,Pregnancy,DISEASE,ci_with,MEDRT
993449,D015663,"Osteoporosis, Postmenopausal",DISEASE,may_treat,MEDRT
993449,D058866,Osteoporotic Fractures,DISEASE,may_prevent,MEDRT
993449,N0000008313,Bone Resorption Inhibition,PE,has_pe,MEDRT
993449,N0000187054,RANK Ligand Blocking Activity,MOA,has_moa,MEDRT
22656,D000022,"Abortion, Spontaneous",DISEASE,induces,MEDRT
22656,D000152,Acne Vulgaris,DISEASE,may_treat,MEDRT
22656,D000368,Aged,DISEASE,ci_with,MEDRT
22656,D001943,Breast Neoplasms,DISEASE,ci_with,MEDRT
22656,D002561,Cerebrovascular Disorders,DISEASE,ci_with,MEDRT
22656,D003327,Coronary Disease,DISEASE,ci_with,MEDRT
22656,D003920,Diabetes Mellitus,DISEASE,ci_with,MEDRT
22656,D004342,Drug Hypersensitivity,DISEASE,ci_with,MEDRT
22656,D004715,Endometriosis,DISEASE,may_treat,MEDRT
22656,D006349,Heart Valve Diseases,DISEASE,ci_with,MEDRT
22656,D006973,Hypertension,DISEASE,ci_with,MEDRT
22656,D007565,Jaundice,DISEASE,ci_with,MEDRT
22656,D008107,Liver Diseases,DISEASE,ci_with,MEDRT
22656,D008113,Liver Neoplasms,DISEASE,ci_with,MEDRT
22656,D008599,Menstruation Disturbances,DISEASE,may_treat,MEDRT
22656,D011247,Pregnancy,DISEASE,may_prevent,MEDRT
22656,D011247,Pregnancy,DISEASE,ci_with,MEDRT
22656,D013923,Thromboembolism,DISEASE,ci_with,MEDRT
22656,D013924,Thrombophlebitis,DISEASE,ci_with,MEDRT
22656,D014029,Tobacco Use Disorder,DISEASE,ci_with,MEDRT
22656,D014592,Uterine Hemorrhage,DISEASE,ci_with,MEDRT
22656,D016889,Endometrial Neoplasms,DISEASE,ci_with,MEDRT
22656,D017135,Desogestrel,CHEM,has_ingredient,MEDRT
22656,D018248,"Adenoma, Liver Cell",DISEASE,ci_with,MEDRT
22656,D020773,Headache Disorders,DISEASE,ci_with,MEDRT
22656,N0000000185,Progestational Hormone Receptor Agonists,MOA,has_moa,MEDRT
22656,N0000009072,Hypothalamic Endocrine Activity Alteration,PE,has_pe,MEDRT
22656,N0000178478,Increased Blood Pressure,PE,ci_pe,MEDRT
3322,D000430,Alcohol Withdrawal Delirium,DISEASE,may_treat,MEDRT
3322,D003975,Diazepam,CHEM,has_ingredient,MEDRT
3322,D004342,Drug Hypersensitivity,DISEASE,ci_with,MEDRT
3322,D005902,"Glaucoma, Open-Angle",DISEASE,ci_with,MEDRT
3322,D007234,"Infant, Premature",DISEASE,ci_with,MEDRT
3322,D009128,Muscle Spasticity,DISEASE,may_treat,MEDRT
3322,D010076,Oxazepam,CHEM,has_active_metabolites,MEDRT
3322,D011247,Pregnancy,DISEASE,ci_with,MEDRT
3322,D013226,Status Epilepticus,DISEASE,may_treat,MEDRT
3322,D015812,"Glaucoma, Angle-Closure",DISEASE,ci_with,MEDRT
3322,D016584,Panic Disorder,DISEASE,may_treat,MEDRT
3322,N0000000026,Hepatic Metabolism,PK,site_of_metabolism,MEDRT
3322,N0000000118,GABA A Modulators,MOA,has_moa,MEDRT
3322,N0000009325,Increased GABA Activity,PE,has_pe,MEDRT
3322,D000430,Alcohol Withdrawal Delirium,DISEASE,may_treat,MEDRT
3322,D003975,Diazepam,CHEM,has_ingredient,MEDRT
3322,D004342,Drug Hypersensitivity,DISEASE,ci_with,MEDRT
3322,D005902,"Glaucoma, Open-Angle",DISEASE,ci_with,MEDRT
3322,D007234,"Infant, Premature",DISEASE,ci_with,MEDRT
3322,D009128,Muscle Spasticity,DISEASE,may_treat,MEDRT
3322,D010076,Oxazepam,CHEM,has_active_metabolites,MEDRT
3322,D011247,Pregnancy,DISEASE,ci_with,MEDRT
3322,D013226,Status Epilepticus,DISEASE,may_treat,MEDRT
3322,D015812,"Glaucoma, Angle-Closure",DISEASE,ci_with,MEDRT
3322,D016584,Panic Disorder,DISEASE,may_treat,MEDRT
3322,N0000000026,Hepatic Metabolism,PK,site_of_metabolism,MEDRT
3322,N0000000118,GABA A Modulators,MOA,has_moa,MEDRT
3322,N0000009325,Increased GABA Activity,PE,has_pe,MEDRT
22968,D001943,Breast Neoplasms,DISEASE,ci_with,MEDRT
22968,D002561,Cerebrovascular Disorders,DISEASE,ci_with,MEDRT
22968,D003324,Coronary Artery Disease,DISEASE,ci_with,MEDRT
22968,D004715,Endometriosis,DISEASE,may_treat,MEDRT
22968,D006973,Hypertension,DISEASE,ci_with,MEDRT
22968,D008107,Liver Diseases,DISEASE,ci_with,MEDRT
22968,D009277,Nandrolone,CHEM,has_ingredient,MEDRT
22968,D011247,Pregnancy,DISEASE,ci_with,MEDRT
22968,D011247,Pregnancy,DISEASE,may_prevent,MEDRT
22968,D013923,Thromboembolism,DISEASE,ci_with,MEDRT
22968,D014592,Uterine Hemorrhage,DISEASE,ci_with,MEDRT
22968,N0000000185,Progestational Hormone Receptor Agonists,MOA,has_moa,MEDRT
22968,N0000000243,Androgen Receptor Antagonists,MOA,has_moa,MEDRT
22968,N0000008595,Decreased Embryonic Implantation,PE,has_pe,MEDRT
22968,N0000009717,Inhibit Ovulation,PE,has_pe,MEDRT
22968,N0000175979,Increased Coagulation Activity,PE,ci_pe,MEDRT
3407,D000686,Amyloidosis,DISEASE,ci_with,MEDRT
3407,D001008,Anxiety Disorders,DISEASE,may_treat,MEDRT
3407,D001281,Atrial Fibrillation,DISEASE,ci_with,MEDRT
3407,D001281,Atrial Fibrillation,DISEASE,may_treat,MEDRT
3407,D001282,Atrial Flutter,DISEASE,may_treat,MEDRT
3407,D002303,"Cardiac Output, Low",DISEASE,may_treat,MEDRT
3407,D002312,"Cardiomyopathy, Hypertrophic",DISEASE,ci_with,MEDRT
3407,D004077,Digoxin,CHEM,has_ingredient,MEDRT
3407,D004342,Drug Hypersensitivity,DISEASE,ci_with,MEDRT
3407,D006327,Heart Block,DISEASE,ci_with,MEDRT
3407,D006333,Heart Failure,DISEASE,may_prevent,MEDRT
3407,D006333,Heart Failure,DISEASE,may_treat,MEDRT
3407,D010494,"Pericarditis, Constrictive",DISEASE,ci_with,MEDRT
3407,D012770,"Shock, Cardiogenic",DISEASE,may_treat,MEDRT
3407,D013617,"Tachycardia, Supraventricular",DISEASE,may_treat,MEDRT
3407,D014693,Ventricular Fibrillation,DISEASE,ci_with,MEDRT
3407,D014927,Wolff-Parkinson-White Syndrome,DISEASE,ci_with,MEDRT
3407,D017180,"Tachycardia, Ventricular",DISEASE,ci_with,MEDRT
3407,N0000000025,Intestinal Metabolism,PK,site_of_metabolism,MEDRT
3407,N0000000042,Renal Excretion,PK,has_pk,MEDRT
3407,N0000000133,Enzyme Inhibitors,MOA,has_moa,MEDRT
3407,N0000000238,Sodium-Potassium Exchanging ATPase Interactions,MOA,has_moa,MEDRT
3407,N0000008369,Conduction System Depolarization,PE,has_pe,MEDRT
3407,N0000009756,Negative Chronotropy,PE,has_pe,MEDRT
3407,N0000009763,Nodal Depolarization,PE,has_pe,MEDRT
3407,N0000009809,Positive Inotropy,PE,has_pe,MEDRT
3443,D000788,"Angina Pectoris, Variant",DISEASE,may_treat,MEDRT
3443,D001281,Atrial Fibrillation,DISEASE,may_treat,MEDRT
3443,D001282,Atrial Flutter,DISEASE,may_treat,MEDRT
3443,D004110,Diltiazem,CHEM,has_ingredient,MEDRT
3443,D004342,Drug Hypersensitivity,DISEASE,ci_with,MEDRT
3443,D006973,Hypertension,DISEASE,may_treat,MEDRT
3443,D007022,Hypotension,DISEASE,ci_with,MEDRT
3443,D009203,Myocardial Infarction,DISEASE,ci_with,MEDRT
3443,D009203,Myocardial Infarction,DISEASE,may_treat,MEDRT
3443,D011654,Pulmonary Edema,DISEASE,ci_with,MEDRT
3443,D012804,Sick Sinus Syndrome,DISEASE,ci_with,MEDRT
3443,D013617,"Tachycardia, Supraventricular",DISEASE,may_treat,MEDRT
3443,D054537,Atrioventricular Block,DISEASE,ci_with,MEDRT
3443,N0000008375,Coronary Arterial Vasodilation,PE,has_pe,MEDRT
3443,N0000009756,Negative Chronotropy,PE,has_pe,MEDRT
3443,N0000020065,L-Calcium Channel Receptor Antagonists,MOA,has_moa,MEDRT
3443,N0000178477,Decreased Blood Pressure,PE,has_pe,MEDRT
3443,D000788,"Angina Pectoris, Variant",DISEASE,may_treat,MEDRT
3443,D001281,Atrial Fibrillation,DISEASE,may_treat,MEDRT
3443,D001282,Atrial Flutter,DISEASE,may_treat,MEDRT
3443,D004110,Diltiazem,CHEM,has_ingredient,MEDRT
3443,D004342,Drug Hypersensitivity,DISEASE,ci_with,MEDRT
3443,D006973,Hypertension,DISEASE,may_treat,MEDRT
3443,D007022,Hypotension,DISEASE,ci_with,MEDRT
3443,D009203,Myocardial Infarction,DISEASE,ci_with,MEDRT
3443,D009203,Myocardial Infarction,DISEASE,may_treat,MEDRT
3443,D011654,Pulmonary Edema,DISEASE,ci_with,MEDRT
3443,D012804,Sick Sinus Syndrome,DISEASE,ci_with,MEDRT
3443,D013617,"Tachycardia, Supraventricular",DISEASE,may_treat,MEDRT
3443,D054537,Atrioventricular Block,DISEASE,ci_with,MEDRT
3443,N0000008375,Coronary Arterial Vasodilation,PE,has_pe,MEDRT
3443,N0000009756,Negative Chronotropy,PE,has_pe,MEDRT
3443,N0000020065,L-Calcium Channel Receptor Antagonists,MOA,has_moa,MEDRT
3443,N0000178477,Decreased Blood Pressure,PE,has_pe,MEDRT
3443,D000788,"Angina Pectoris, Variant",DISEASE,may_treat,MEDRT
3443,D001281,Atrial Fibrillation,DISEASE,may_treat,MEDRT
3443,D001282,Atrial Flutter,DISEASE,may_treat,MEDRT
3443,D004110,Diltiazem,CHEM,has_ingredient,MEDRT
3443,D004342,Drug Hypersensitivity,DISEASE,ci_with,MEDRT
3443,D006973,Hypertension,DISEASE,may_treat,MEDRT
3443,D007022,Hypotension,DISEASE,ci_with,MEDRT
3443,D009203,Myocardial Infarction,DISEASE,ci_with,MEDRT
3443,D009203,Myocardial Infarction,DISEASE,may_treat,MEDRT
3443,D011654,Pulmonary Edema,DISEASE,ci_with,MEDRT
3443,D012804,Sick Sinus Syndrome,DISEASE,ci_with,MEDRT
3443,D013617,"Tachycardia, Supraventricular",DISEASE,may_treat,MEDRT
3443,D054537,Atrioventricular Block,DISEASE,ci_with,MEDRT
3443,N0000008375,Coronary Arterial Vasodilation,PE,has_pe,MEDRT
3443,N0000009756,Negative Chronotropy,PE,has_pe,MEDRT
3443,N0000020065,L-Calcium Channel Receptor Antagonists,MOA,has_moa,MEDRT
3443,N0000178477,Decreased Blood Pressure,PE,has_pe,MEDRT
324072,D012868,Skin Abnormalities,DISEASE,may_treat,MEDRT
324072,D012868,Skin Abnormalities,DISEASE,may_prevent,MEDRT
324072,N0000010282,Skin Barrier Activity,PE,has_pe,MEDRT
324072,D004129,Dimethylpolysiloxanes,CHEM,has_ingredient,MEDRT
324072,D012868,Skin Abnormalities,DISEASE,may_treat,MEDRT
324072,D012868,Skin Abnormalities,DISEASE,may_prevent,MEDRT
324072,N0000010282,Skin Barrier Activity,PE,has_pe,MEDRT
3489,D004145,Diosmin,CHEM,has_ingredient,MEDRT
1433868,D000099226,Dolutegravir,CHEM,has_ingredient,MEDRT
1433868,D004342,Drug Hypersensitivity,DISEASE,ci_with,MEDRT
1433868,D010627,Phenethylamines,CHEM,ci_chemclass,MEDRT
1433868,D013449,Sulfonamides,CHEM,ci_chemclass,MEDRT
1433868,D015658,HIV Infections,DISEASE,may_treat,MEDRT
1433868,N0000000127,HIV Integrase Inhibitors,MOA,has_moa,MEDRT
1433868,N0000008576,Decreased DNA Integrity,PE,has_pe,MEDRT
1433868,D004342,Drug Hypersensitivity,DISEASE,ci_with,MEDRT
1433868,D010627,Phenethylamines,CHEM,ci_chemclass,MEDRT
1433868,D013449,Sulfonamides,CHEM,ci_chemclass,MEDRT
1433868,D015658,HIV Infections,DISEASE,may_treat,MEDRT
1433868,N0000000127,HIV Integrase Inhibitors,MOA,has_moa,MEDRT
1433868,N0000008576,Decreased DNA Integrity,PE,has_pe,MEDRT
3626,D000072742,Invasive Fungal Infections,DISEASE,may_prevent,MEDRT
3626,D004294,Domperidone,CHEM,has_ingredient,MEDRT
3626,D004342,Drug Hypersensitivity,DISEASE,ci_with,MEDRT
3626,N0000009034,Emesis Suppression,PE,has_pe,MEDRT
3626,N0000009525,Increased Prolactin Secretion,PE,has_pe,MEDRT
3626,N0000175799,Dopamine D2 Antagonists,MOA,has_moa,MEDRT
3626,D000072742,Invasive Fungal Infections,DISEASE,may_prevent,MEDRT
3626,D004294,Domperidone,CHEM,has_ingredient,MEDRT
3626,D004342,Drug Hypersensitivity,DISEASE,ci_with,MEDRT
3626,N0000009034,Emesis Suppression,PE,has_pe,MEDRT
3626,N0000009525,Increased Prolactin Secretion,PE,has_pe,MEDRT
3626,N0000175799,Dopamine D2 Antagonists,MOA,has_moa,MEDRT
135447,D000077265,Donepezil,CHEM,has_ingredient,MEDRT
135447,D000544,Alzheimer Disease,DISEASE,may_treat,MEDRT
135447,D004342,Drug Hypersensitivity,DISEASE,ci_with,MEDRT
135447,D010880,Piperidines,CHEM,ci_chemclass,MEDRT
135447,N0000000177,Cholinesterase Inhibitors,MOA,has_moa,MEDRT
135447,N0000009178,Increased Central Nervous System Acetylcholine Activity,PE,has_pe,MEDRT
135447,D000077265,Donepezil,CHEM,has_ingredient,MEDRT
135447,D000544,Alzheimer Disease,DISEASE,may_treat,MEDRT
135447,D004342,Drug Hypersensitivity,DISEASE,ci_with,MEDRT
135447,D006967,Hypersensitivity,DISEASE,ci_with,MEDRT
135447,D010880,Piperidines,CHEM,ci_chemclass,MEDRT
135447,N0000000177,Cholinesterase Inhibitors,MOA,has_moa,MEDRT
135447,N0000009178,Increased Central Nervous System Acetylcholine Activity,PE,has_pe,MEDRT
60207,D004342,Drug Hypersensitivity,DISEASE,ci_with,MEDRT
60207,D005902,"Glaucoma, Open-Angle",DISEASE,may_treat,MEDRT
60207,D013449,Sulfonamides,CHEM,has_ingredient,MEDRT
60207,D051437,Renal Insufficiency,DISEASE,ci_with,MEDRT
60207,N0000000235,Carbonic Anhydrase Inhibitors,MOA,has_moa,MEDRT
60207,N0000009943,Decreased Intraocular Fluid Pressure,PE,has_pe,MEDRT
60207,D004342,Drug Hypersensitivity,DISEASE,ci_with,MEDRT
60207,D005902,"Glaucoma, Open-Angle",DISEASE,may_treat,MEDRT
60207,D013449,Sulfonamides,CHEM,has_ingredient,MEDRT
60207,D013876,Thiophenes,CHEM,has_ingredient,MEDRT
60207,D051437,Renal Insufficiency,DISEASE,ci_with,MEDRT
60207,N0000000235,Carbonic Anhydrase Inhibitors,MOA,has_moa,MEDRT
60207,N0000009943,Decreased Intraocular Fluid Pressure,PE,has_pe,MEDRT
49276,D004342,Drug Hypersensitivity,DISEASE,ci_with,MEDRT
49276,D006973,Hypertension,DISEASE,may_treat,MEDRT
49276,D007022,Hypotension,DISEASE,ci_with,MEDRT
49276,D011470,Prostatic Hyperplasia,DISEASE,may_treat,MEDRT
49276,D011799,Quinazolines,CHEM,ci_chemclass,MEDRT
49276,D016055,Urinary Retention,DISEASE,may_treat,MEDRT
49276,D017292,Doxazosin,CHEM,has_ingredient,MEDRT
49276,N0000008299,Arterial Vasodilation,PE,has_pe,MEDRT
49276,N0000008421,Decreased Bladder Sphincter Tone,PE,has_pe,MEDRT
49276,N0000009911,Venous Vasodilation,PE,has_pe,MEDRT
49276,N0000009919,Adrenergic alpha1-Antagonists,MOA,has_moa,MEDRT
49276,N0000178477,Decreased Blood Pressure,PE,has_pe,MEDRT
49276,D004342,Drug Hypersensitivity,DISEASE,ci_with,MEDRT
49276,D006973,Hypertension,DISEASE,may_treat,MEDRT
49276,D007022,Hypotension,DISEASE,ci_with,MEDRT
49276,D011470,Prostatic Hyperplasia,DISEASE,may_treat,MEDRT
49276,D011799,Quinazolines,CHEM,ci_chemclass,MEDRT
49276,D016055,Urinary Retention,DISEASE,may_treat,MEDRT
49276,D017292,Doxazosin,CHEM,has_ingredient,MEDRT
49276,N0000008299,Arterial Vasodilation,PE,has_pe,MEDRT
49276,N0000008421,Decreased Bladder Sphincter Tone,PE,has_pe,MEDRT
49276,N0000009911,Venous Vasodilation,PE,has_pe,MEDRT
49276,N0000009919,Adrenergic alpha1-Antagonists,MOA,has_moa,MEDRT
49276,N0000178477,Decreased Blood Pressure,PE,has_pe,MEDRT
3640,D000881,Anthrax,DISEASE,may_treat,MEDRT
3640,D002169,Campylobacter Infections,DISEASE,may_treat,MEDRT
3640,D002675,"Child, Preschool",DISEASE,ci_with,MEDRT
3640,D002771,Cholera,DISEASE,may_treat,MEDRT
3640,D004342,Drug Hypersensitivity,DISEASE,ci_with,MEDRT
3640,D006100,Granuloma Inguinale,DISEASE,may_treat,MEDRT
3640,D008107,Liver Diseases,DISEASE,ci_with,MEDRT
3640,D008288,Malaria,DISEASE,may_prevent,MEDRT
3640,D009175,Mycoplasma Infections,DISEASE,may_treat,MEDRT
3640,D009956,Psittacosis,DISEASE,may_treat,MEDRT
3640,D010930,Plague,DISEASE,may_treat,MEDRT
3640,D010996,Pleural Effusion,DISEASE,may_treat,MEDRT
3640,D011247,Pregnancy,DISEASE,ci_with,MEDRT
3640,D012061,Relapsing Fever,DISEASE,may_treat,MEDRT
3640,D012373,Rocky Mountain Spotted Fever,DISEASE,may_treat,MEDRT
3640,D013587,Syphilis,DISEASE,may_treat,MEDRT
3640,D013752,Tetracycline,CHEM,ci_chemclass,MEDRT
3640,D014141,Trachoma,DISEASE,may_treat,MEDRT
3640,D018410,"Pneumonia, Bacterial",DISEASE,may_treat,MEDRT
3640,N0000000150,Protein Synthesis Inhibitors,MOA,has_moa,MEDRT
3640,N0000008334,Cell Membrane Alteration,PE,has_pe,MEDRT
3640,N0000008732,Decreased Mitosis,PE,has_pe,MEDRT
3640,N0000008841,Decreased Protein Synthesis,PE,has_pe,MEDRT
3640,D000881,Anthrax,DISEASE,may_treat,MEDRT
3640,D002169,Campylobacter Infections,DISEASE,may_treat,MEDRT
3640,D002675,"Child, Preschool",DISEASE,ci_with,MEDRT
3640,D002771,Cholera,DISEASE,may_treat,MEDRT
3640,D004318,Doxycycline,CHEM,has_ingredient,MEDRT
3640,D004342,Drug Hypersensitivity,DISEASE,ci_with,MEDRT
3640,D006100,Granuloma Inguinale,DISEASE,may_treat,MEDRT
3640,D008107,Liver Diseases,DISEASE,ci_with,MEDRT
3640,D008288,Malaria,DISEASE,may_prevent,MEDRT
3640,D009175,Mycoplasma Infections,DISEASE,may_treat,MEDRT
3640,D009956,Psittacosis,DISEASE,may_treat,MEDRT
3640,D010930,Plague,DISEASE,may_treat,MEDRT
3640,D010996,Pleural Effusion,DISEASE,may_treat,MEDRT
3640,D011247,Pregnancy,DISEASE,ci_with,MEDRT
3640,D012061,Relapsing Fever,DISEASE,may_treat,MEDRT
3640,D012373,Rocky Mountain Spotted Fever,DISEASE,may_treat,MEDRT
3640,D012598,Sclerosis,DISEASE,induces,MEDRT
3640,D013587,Syphilis,DISEASE,may_treat,MEDRT
3640,D013752,Tetracycline,CHEM,ci_chemclass,MEDRT
3640,D014141,Trachoma,DISEASE,may_treat,MEDRT
3640,D018410,"Pneumonia, Bacterial",DISEASE,may_treat,MEDRT
3640,N0000000150,Protein Synthesis Inhibitors,MOA,has_moa,MEDRT
3640,N0000008334,Cell Membrane Alteration,PE,has_pe,MEDRT
3640,N0000008732,Decreased Mitosis,PE,has_pe,MEDRT
3640,N0000008841,Decreased Protein Synthesis,PE,has_pe,MEDRT
3640,D000881,Anthrax,DISEASE,may_treat,MEDRT
3640,D002169,Campylobacter Infections,DISEASE,may_treat,MEDRT
3640,D002675,"Child, Preschool",DISEASE,ci_with,MEDRT
3640,D002771,Cholera,DISEASE,may_treat,MEDRT
3640,D004318,Doxycycline,CHEM,has_ingredient,MEDRT
3640,D004342,Drug Hypersensitivity,DISEASE,ci_with,MEDRT
3640,D006100,Granuloma Inguinale,DISEASE,may_treat,MEDRT
3640,D008107,Liver Diseases,DISEASE,ci_with,MEDRT
3640,D008288,Malaria,DISEASE,may_prevent,MEDRT
3640,D009175,Mycoplasma Infections,DISEASE,may_treat,MEDRT
3640,D009956,Psittacosis,DISEASE,may_treat,MEDRT
3640,D010930,Plague,DISEASE,may_treat,MEDRT
3640,D010996,Pleural Effusion,DISEASE,may_treat,MEDRT
3640,D011247,Pregnancy,DISEASE,ci_with,MEDRT
3640,D012061,Relapsing Fever,DISEASE,may_treat,MEDRT
3640,D012373,Rocky Mountain Spotted Fever,DISEASE,may_treat,MEDRT
3640,D012598,Sclerosis,DISEASE,induces,MEDRT
3640,D013587,Syphilis,DISEASE,may_treat,MEDRT
3640,D013752,Tetracycline,CHEM,ci_chemclass,MEDRT
3640,D014141,Trachoma,DISEASE,may_treat,MEDRT
3640,D018410,"Pneumonia, Bacterial",DISEASE,may_treat,MEDRT
3640,N0000000150,Protein Synthesis Inhibitors,MOA,has_moa,MEDRT
3640,N0000008334,Cell Membrane Alteration,PE,has_pe,MEDRT
3640,N0000008732,Decreased Mitosis,PE,has_pe,MEDRT
3640,N0000008841,Decreased Protein Synthesis,PE,has_pe,MEDRT
3640,D000881,Anthrax,DISEASE,may_treat,MEDRT
3640,D002169,Campylobacter Infections,DISEASE,may_treat,MEDRT
3640,D002675,"Child, Preschool",DISEASE,ci_with,MEDRT
3640,D002771,Cholera,DISEASE,may_treat,MEDRT
3640,D004342,Drug Hypersensitivity,DISEASE,ci_with,MEDRT
3640,D006100,Granuloma Inguinale,DISEASE,may_treat,MEDRT
3640,D008107,Liver Diseases,DISEASE,ci_with,MEDRT
3640,D008288,Malaria,DISEASE,may_prevent,MEDRT
3640,D009175,Mycoplasma Infections,DISEASE,may_treat,MEDRT
3640,D009956,Psittacosis,DISEASE,may_treat,MEDRT
3640,D010930,Plague,DISEASE,may_treat,MEDRT
3640,D010996,Pleural Effusion,DISEASE,may_treat,MEDRT
3640,D011247,Pregnancy,DISEASE,ci_with,MEDRT
3640,D012061,Relapsing Fever,DISEASE,may_treat,MEDRT
3640,D012373,Rocky Mountain Spotted Fever,DISEASE,may_treat,MEDRT
3640,D013587,Syphilis,DISEASE,may_treat,MEDRT
3640,D013752,Tetracycline,CHEM,ci_chemclass,MEDRT
3640,D014141,Trachoma,DISEASE,may_treat,MEDRT
3640,D018410,"Pneumonia, Bacterial",DISEASE,may_treat,MEDRT
3640,N0000000150,Protein Synthesis Inhibitors,MOA,has_moa,MEDRT
3640,N0000008334,Cell Membrane Alteration,PE,has_pe,MEDRT
3640,N0000008732,Decreased Mitosis,PE,has_pe,MEDRT
3640,N0000008841,Decreased Protein Synthesis,PE,has_pe,MEDRT
3640,D000881,Anthrax,DISEASE,may_treat,MEDRT
3640,D002169,Campylobacter Infections,DISEASE,may_treat,MEDRT
3640,D002675,"Child, Preschool",DISEASE,ci_with,MEDRT
3640,D002771,Cholera,DISEASE,may_treat,MEDRT
3640,D004318,Doxycycline,CHEM,has_ingredient,MEDRT
3640,D004342,Drug Hypersensitivity,DISEASE,ci_with,MEDRT
3640,D006100,Granuloma Inguinale,DISEASE,may_treat,MEDRT
3640,D008107,Liver Diseases,DISEASE,ci_with,MEDRT
3640,D008288,Malaria,DISEASE,may_prevent,MEDRT
3640,D009175,Mycoplasma Infections,DISEASE,may_treat,MEDRT
3640,D009956,Psittacosis,DISEASE,may_treat,MEDRT
3640,D010930,Plague,DISEASE,may_treat,MEDRT
3640,D010996,Pleural Effusion,DISEASE,may_treat,MEDRT
3640,D011247,Pregnancy,DISEASE,ci_with,MEDRT
3640,D012061,Relapsing Fever,DISEASE,may_treat,MEDRT
3640,D012373,Rocky Mountain Spotted Fever,DISEASE,may_treat,MEDRT
3640,D012598,Sclerosis,DISEASE,induces,MEDRT
3640,D013587,Syphilis,DISEASE,may_treat,MEDRT
3640,D013752,Tetracycline,CHEM,ci_chemclass,MEDRT
3640,D014141,Trachoma,DISEASE,may_treat,MEDRT
3640,D018410,"Pneumonia, Bacterial",DISEASE,may_treat,MEDRT
3640,N0000000150,Protein Synthesis Inhibitors,MOA,has_moa,MEDRT
3640,N0000008334,Cell Membrane Alteration,PE,has_pe,MEDRT
3640,N0000008732,Decreased Mitosis,PE,has_pe,MEDRT
3640,N0000008841,Decreased Protein Synthesis,PE,has_pe,MEDRT
3640,D000881,Anthrax,DISEASE,may_treat,MEDRT
3640,D002169,Campylobacter Infections,DISEASE,may_treat,MEDRT
3640,D002675,"Child, Preschool",DISEASE,ci_with,MEDRT
3640,D002771,Cholera,DISEASE,may_treat,MEDRT
3640,D004318,Doxycycline,CHEM,has_ingredient,MEDRT
3640,D004342,Drug Hypersensitivity,DISEASE,ci_with,MEDRT
3640,D006100,Granuloma Inguinale,DISEASE,may_treat,MEDRT
3640,D008107,Liver Diseases,DISEASE,ci_with,MEDRT
3640,D008288,Malaria,DISEASE,may_prevent,MEDRT
3640,D009175,Mycoplasma Infections,DISEASE,may_treat,MEDRT
3640,D009956,Psittacosis,DISEASE,may_treat,MEDRT
3640,D010930,Plague,DISEASE,may_treat,MEDRT
3640,D010996,Pleural Effusion,DISEASE,may_treat,MEDRT
3640,D011247,Pregnancy,DISEASE,ci_with,MEDRT
3640,D012061,Relapsing Fever,DISEASE,may_treat,MEDRT
3640,D012373,Rocky Mountain Spotted Fever,DISEASE,may_treat,MEDRT
3640,D012598,Sclerosis,DISEASE,induces,MEDRT
3640,D013587,Syphilis,DISEASE,may_treat,MEDRT
3640,D013752,Tetracycline,CHEM,ci_chemclass,MEDRT
3640,D014141,Trachoma,DISEASE,may_treat,MEDRT
3640,D018410,"Pneumonia, Bacterial",DISEASE,may_treat,MEDRT
3640,N0000000150,Protein Synthesis Inhibitors,MOA,has_moa,MEDRT
3640,N0000008334,Cell Membrane Alteration,PE,has_pe,MEDRT
3640,N0000008732,Decreased Mitosis,PE,has_pe,MEDRT
3640,N0000008841,Decreased Protein Synthesis,PE,has_pe,MEDRT
11636,D000309,Adrenal Insufficiency,DISEASE,ci_with,MEDRT
11636,D000368,Aged,DISEASE,ci_with,MEDRT
11636,D000736,Androstenes,CHEM,has_ingredient,MEDRT
11636,D000813,Anilides,CHEM,ci_chemclass,MEDRT
11636,D001281,Atrial Fibrillation,DISEASE,ci_with,MEDRT
11636,D001943,Breast Neoplasms,DISEASE,ci_with,MEDRT
11636,D002561,Cerebrovascular Disorders,DISEASE,ci_with,MEDRT
11636,D003327,Coronary Disease,DISEASE,ci_with,MEDRT
11636,D003521,Cyclopropanes,CHEM,ci_chemclass,MEDRT
11636,D003925,Diabetic Angiopathies,DISEASE,ci_with,MEDRT
11636,D004342,Drug Hypersensitivity,DISEASE,ci_with,MEDRT
11636,D004697,"Endocarditis, Bacterial",DISEASE,ci_with,MEDRT
11636,D006261,Headache,DISEASE,ci_with,MEDRT
11636,D006349,Heart Valve Diseases,DISEASE,ci_with,MEDRT
11636,D006973,Hypertension,DISEASE,ci_with,MEDRT
11636,D007565,Jaundice,DISEASE,ci_with,MEDRT
11636,D007674,Kidney Diseases,DISEASE,ci_with,MEDRT
11636,D008107,Liver Diseases,DISEASE,ci_with,MEDRT
11636,D008113,Liver Neoplasms,DISEASE,ci_with,MEDRT
11636,D008881,Migraine Disorders,DISEASE,ci_with,MEDRT
11636,D009376,"Neoplasms, Hormone-Dependent",DISEASE,ci_with,MEDRT
11636,D011247,Pregnancy,DISEASE,ci_with,MEDRT
11636,D011247,Pregnancy,DISEASE,may_prevent,MEDRT
11636,D011392,Proline,CHEM,ci_chemclass,MEDRT
11636,D011655,Pulmonary Embolism,DISEASE,ci_with,MEDRT
11636,D013449,Sulfonamides,CHEM,ci_chemclass,MEDRT
11636,D013923,Thromboembolism,DISEASE,ci_with,MEDRT
11636,D013924,Thrombophlebitis,DISEASE,ci_with,MEDRT
11636,D014029,Tobacco Use Disorder,DISEASE,ci_with,MEDRT
11636,D014498,Uracil,CHEM,ci_chemclass,MEDRT
11636,D014592,Uterine Hemorrhage,DISEASE,ci_with,MEDRT
11636,D014633,Valine,CHEM,ci_chemclass,MEDRT
11636,D015081,2-Naphthylamine,CHEM,ci_chemclass,MEDRT
11636,D016889,Endometrial Neoplasms,DISEASE,ci_with,MEDRT
11636,D019438,Ritonavir,CHEM,ci_chemclass,MEDRT
11636,D020246,Venous Thrombosis,DISEASE,ci_with,MEDRT
11636,D020773,Headache Disorders,DISEASE,ci_with,MEDRT
11636,D047029,"Lactams, Macrocyclic",CHEM,ci_chemclass,MEDRT
11636,N0000000185,Progestational Hormone Receptor Agonists,MOA,has_moa,MEDRT
11636,N0000008595,Decreased Embryonic Implantation,PE,has_pe,MEDRT
11636,N0000009717,Inhibit Ovulation,PE,has_pe,MEDRT
11636,D000309,Adrenal Insufficiency,DISEASE,ci_with,MEDRT
11636,D000368,Aged,DISEASE,ci_with,MEDRT
11636,D000736,Androstenes,CHEM,has_ingredient,MEDRT
11636,D000813,Anilides,CHEM,ci_chemclass,MEDRT
11636,D001281,Atrial Fibrillation,DISEASE,ci_with,MEDRT
11636,D001943,Breast Neoplasms,DISEASE,ci_with,MEDRT
11636,D002561,Cerebrovascular Disorders,DISEASE,ci_with,MEDRT
11636,D003327,Coronary Disease,DISEASE,ci_with,MEDRT
11636,D003521,Cyclopropanes,CHEM,ci_chemclass,MEDRT
11636,D003925,Diabetic Angiopathies,DISEASE,ci_with,MEDRT
11636,D004342,Drug Hypersensitivity,DISEASE,ci_with,MEDRT
11636,D004697,"Endocarditis, Bacterial",DISEASE,ci_with,MEDRT
11636,D006261,Headache,DISEASE,ci_with,MEDRT
11636,D006349,Heart Valve Diseases,DISEASE,ci_with,MEDRT
11636,D006973,Hypertension,DISEASE,ci_with,MEDRT
11636,D007565,Jaundice,DISEASE,ci_with,MEDRT
11636,D007674,Kidney Diseases,DISEASE,ci_with,MEDRT
11636,D008107,Liver Diseases,DISEASE,ci_with,MEDRT
11636,D008113,Liver Neoplasms,DISEASE,ci_with,MEDRT
11636,D008881,Migraine Disorders,DISEASE,ci_with,MEDRT
11636,D009376,"Neoplasms, Hormone-Dependent",DISEASE,ci_with,MEDRT
11636,D011247,Pregnancy,DISEASE,ci_with,MEDRT
11636,D011247,Pregnancy,DISEASE,may_prevent,MEDRT
11636,D011392,Proline,CHEM,ci_chemclass,MEDRT
11636,D011655,Pulmonary Embolism,DISEASE,ci_with,MEDRT
11636,D013449,Sulfonamides,CHEM,ci_chemclass,MEDRT
11636,D013923,Thromboembolism,DISEASE,ci_with,MEDRT
11636,D013924,Thrombophlebitis,DISEASE,ci_with,MEDRT
11636,D014029,Tobacco Use Disorder,DISEASE,ci_with,MEDRT
11636,D014498,Uracil,CHEM,ci_chemclass,MEDRT
11636,D014592,Uterine Hemorrhage,DISEASE,ci_with,MEDRT
11636,D014633,Valine,CHEM,ci_chemclass,MEDRT
11636,D015081,2-Naphthylamine,CHEM,ci_chemclass,MEDRT
11636,D016889,Endometrial Neoplasms,DISEASE,ci_with,MEDRT
11636,D019438,Ritonavir,CHEM,ci_chemclass,MEDRT
11636,D020246,Venous Thrombosis,DISEASE,ci_with,MEDRT
11636,D020773,Headache Disorders,DISEASE,ci_with,MEDRT
11636,D047029,"Lactams, Macrocyclic",CHEM,ci_chemclass,MEDRT
11636,N0000000185,Progestational Hormone Receptor Agonists,MOA,has_moa,MEDRT
11636,N0000008595,Decreased Embryonic Implantation,PE,has_pe,MEDRT
11636,N0000009717,Inhibit Ovulation,PE,has_pe,MEDRT
1551291,D003924,"Diabetes Mellitus, Type 2",DISEASE,may_treat,MEDRT
1551291,D004342,Drug Hypersensitivity,DISEASE,ci_with,MEDRT
1551291,D004763,Glucagon-Like Peptides,CHEM,has_ingredient,MEDRT
1551291,D007141,Immunoglobulin Fc Fragments,CHEM,has_ingredient,MEDRT
1551291,D011993,Recombinant Fusion Proteins,CHEM,has_ingredient,MEDRT
1551291,D013964,Thyroid Neoplasms,DISEASE,ci_with,MEDRT
1551291,D018278,"Carcinoma, Neuroendocrine",DISEASE,ci_with,MEDRT
1551291,D018813,Multiple Endocrine Neoplasia Type 2a,DISEASE,ci_with,MEDRT
1551291,N0000008640,Decreased Gastric Motility,PE,has_pe,MEDRT
1551291,N0000008644,Decreased Glucagon Secretion,PE,has_pe,MEDRT
1551291,N0000020058,Glucagon-like Peptide-1 (GLP-1) Agonists,MOA,has_moa,MEDRT
72625,D000068736,Duloxetine Hydrochloride,CHEM,has_ingredient,MEDRT
72625,D000069349,Linezolid,CHEM,ci_chemclass,MEDRT
72625,D001008,Anxiety Disorders,DISEASE,may_treat,MEDRT
72625,D003865,Major Depressive Disorder,DISEASE,may_treat,MEDRT
72625,D003929,Diabetic Neuropathies,DISEASE,may_treat,MEDRT
72625,D008751,Methylene Blue,CHEM,ci_chemclass,MEDRT
72625,D059352,Musculoskeletal Pain,DISEASE,may_treat,MEDRT
72625,N0000000102,Norepinephrine Uptake Inhibitors,MOA,has_moa,MEDRT
72625,N0000000109,Serotonin Uptake Inhibitors,MOA,has_moa,MEDRT
72625,N0000000184,Monoamine Oxidase Inhibitors,MOA,ci_moa,MEDRT
72625,N0000009196,Increased Central Nervous System Norepinephrine Activity,PE,has_pe,MEDRT
72625,N0000009198,Increased Central Nervous System Serotonin Activity,PE,has_pe,MEDRT
72625,D000068736,Duloxetine Hydrochloride,CHEM,has_ingredient,MEDRT
72625,D000069349,Linezolid,CHEM,ci_chemclass,MEDRT
72625,D001008,Anxiety Disorders,DISEASE,may_treat,MEDRT
72625,D003865,Major Depressive Disorder,DISEASE,may_treat,MEDRT
72625,D003929,Diabetic Neuropathies,DISEASE,may_treat,MEDRT
72625,D008751,Methylene Blue,CHEM,ci_chemclass,MEDRT
72625,D059352,Musculoskeletal Pain,DISEASE,may_treat,MEDRT
72625,N0000000102,Norepinephrine Uptake Inhibitors,MOA,has_moa,MEDRT
72625,N0000000109,Serotonin Uptake Inhibitors,MOA,has_moa,MEDRT
72625,N0000000184,Monoamine Oxidase Inhibitors,MOA,ci_moa,MEDRT
72625,N0000009196,Increased Central Nervous System Norepinephrine Activity,PE,has_pe,MEDRT
72625,N0000009198,Increased Central Nervous System Serotonin Activity,PE,has_pe,MEDRT
228790,D000068538,Dutasteride,CHEM,has_ingredient,MEDRT
228790,D002648,Child,DISEASE,ci_with,MEDRT
228790,D004342,Drug Hypersensitivity,DISEASE,ci_with,MEDRT
228790,D007774,Lactation,DISEASE,ci_with,MEDRT
228790,D011247,Pregnancy,DISEASE,ci_with,MEDRT
228790,D011470,Prostatic Hyperplasia,DISEASE,may_treat,MEDRT
228790,N0000000126,5-alpha Reductase Inhibitors,MOA,ci_moa,MEDRT
228790,N0000000126,5-alpha Reductase Inhibitors,MOA,has_moa,MEDRT
228790,N0000008838,Decreased Prostatic Size,PE,has_pe,MEDRT
228790,N0000009936,Decreased Dihydrotestosterone Secretion,PE,has_pe,MEDRT
1599538,D006474,Hemorrhagic Disorders,DISEASE,ci_with,MEDRT
1599538,D011655,Pulmonary Embolism,DISEASE,may_treat,MEDRT
1599538,D011725,Pyridines,CHEM,has_ingredient,MEDRT
1599538,D013844,Thiazoles,CHEM,has_ingredient,MEDRT
1599538,D013923,Thromboembolism,DISEASE,may_prevent,MEDRT
1599538,D020246,Venous Thrombosis,DISEASE,may_treat,MEDRT
1599538,D020246,Venous Thrombosis,DISEASE,may_prevent,MEDRT
1599538,D020521,Stroke,DISEASE,may_prevent,MEDRT
1599538,N0000008556,Decreased Coagulation Factor Activity,PE,has_pe,MEDRT
1599538,D006474,Hemorrhagic Disorders,DISEASE,ci_with,MEDRT
1599538,D011655,Pulmonary Embolism,DISEASE,may_treat,MEDRT
1599538,D011725,Pyridines,CHEM,has_ingredient,MEDRT
1599538,D013923,Thromboembolism,DISEASE,may_prevent,MEDRT
1599538,D020246,Venous Thrombosis,DISEASE,may_prevent,MEDRT
1599538,D020246,Venous Thrombosis,DISEASE,may_treat,MEDRT
1599538,D020521,Stroke,DISEASE,may_prevent,MEDRT
1599538,N0000008556,Decreased Coagulation Factor Activity,PE,has_pe,MEDRT
1545653,D001559,Benzhydryl Compounds,CHEM,has_ingredient,MEDRT
1545653,D002318,Cardiovascular Diseases,DISEASE,may_prevent,MEDRT
1545653,D003924,"Diabetes Mellitus, Type 2",DISEASE,may_treat,MEDRT
1545653,D004342,Drug Hypersensitivity,DISEASE,ci_with,MEDRT
1545653,D005960,Glucosides,CHEM,has_ingredient,MEDRT
1545653,D007674,Kidney Diseases,DISEASE,ci_with,MEDRT
1545653,N0000009556,Increased Renal Organic Ion Excretion,PE,has_pe,MEDRT
1545653,N0000009830,Renal Ion Transport Alteration,PE,has_pe,MEDRT
1545653,N0000187058,Sodium-Glucose Transporter 2 Inhibitors,MOA,has_moa,MEDRT
1598392,D000069476,Linagliptin,CHEM,has_ingredient,MEDRT
1598392,D003924,"Diabetes Mellitus, Type 2",DISEASE,may_treat,MEDRT
1598392,D004342,Drug Hypersensitivity,DISEASE,ci_with,MEDRT
1598392,N0000008644,Decreased Glucagon Secretion,PE,has_pe,MEDRT
1598392,N0000009360,Increased Insulin Secretion,PE,has_pe,MEDRT
1598392,N0000175912,Dipeptidyl Peptidase 4 Inhibitors,MOA,has_moa,MEDRT
1598392,D001559,Benzhydryl Compounds,CHEM,has_ingredient,MEDRT
1598392,D002318,Cardiovascular Diseases,DISEASE,may_prevent,MEDRT
1598392,D003924,"Diabetes Mellitus, Type 2",DISEASE,may_treat,MEDRT
1598392,D004342,Drug Hypersensitivity,DISEASE,ci_with,MEDRT
1598392,D005960,Glucosides,CHEM,has_ingredient,MEDRT
1598392,D007674,Kidney Diseases,DISEASE,ci_with,MEDRT
1598392,N0000009556,Increased Renal Organic Ion Excretion,PE,has_pe,MEDRT
1598392,N0000009830,Renal Ion Transport Alteration,PE,has_pe,MEDRT
1598392,N0000187058,Sodium-Glucose Transporter 2 Inhibitors,MOA,has_moa,MEDRT
276237,D000068679,Emtricitabine,CHEM,has_ingredient,MEDRT
276237,D004342,Drug Hypersensitivity,DISEASE,ci_with,MEDRT
276237,D015658,HIV Infections,DISEASE,may_treat,MEDRT
276237,N0000008869,Decreased Reverse Transcription to DNA,PE,has_pe,MEDRT
276237,N0000009947,Nucleoside Reverse Transcriptase Inhibitors,MOA,has_moa,MEDRT
3827,D000068756,Valsartan,CHEM,ci_chemclass,MEDRT
3827,D000613,Aminobutyrates,CHEM,ci_chemclass,MEDRT
3827,D000799,Angioedema,DISEASE,ci_with,MEDRT
3827,D001172,"Arthritis, Rheumatoid",DISEASE,may_treat,MEDRT
3827,D001477,Bartter Syndrome,DISEASE,may_treat,MEDRT
3827,D001713,Biphenyl Compounds,CHEM,ci_chemclass,MEDRT
3827,D003928,Diabetic Nephropathies,DISEASE,may_treat,MEDRT
3827,D003928,Diabetic Nephropathies,DISEASE,may_prevent,MEDRT
3827,D004342,Drug Hypersensitivity,DISEASE,ci_with,MEDRT
3827,D004487,Edema,DISEASE,may_treat,MEDRT
3827,D004656,Enalapril,CHEM,has_ingredient,MEDRT
3827,D006333,Heart Failure,DISEASE,may_treat,MEDRT
3827,D006929,Hyperaldosteronism,DISEASE,ci_with,MEDRT
3827,D006974,"Hypertension, Malignant",DISEASE,may_treat,MEDRT
3827,D007022,Hypotension,DISEASE,ci_with,MEDRT
3827,D011247,Pregnancy,DISEASE,ci_with,MEDRT
3827,D017379,"Hypertrophy, Left Ventricular",DISEASE,may_prevent,MEDRT
3827,D018487,"Ventricular Dysfunction, Left",DISEASE,may_prevent,MEDRT
3827,D018487,"Ventricular Dysfunction, Left",DISEASE,may_treat,MEDRT
3827,N0000000181,Angiotensin-converting Enzyme Inhibitors,MOA,has_moa,MEDRT
3827,N0000008423,Decreased Bradykinin Degradation,PE,has_pe,MEDRT
3827,N0000008669,Decreased Intravascular Volume,PE,has_pe,MEDRT
3827,N0000008731,Decreased Mineralocorticoid Secretion,PE,has_pe,MEDRT
3827,N0000008859,Decreased Renal K+ Excretion,PE,has_pe,MEDRT
3827,N0000009553,Increased Renal Na+ Excretion,PE,has_pe,MEDRT
3827,N0000009826,Renal Arterial Vasodilation,PE,has_pe,MEDRT
3827,N0000178477,Decreased Blood Pressure,PE,has_pe,MEDRT
3827,N0000191727,Neprilysin Inhibitors,MOA,ci_moa,MEDRT
3827,D000068756,Valsartan,CHEM,ci_chemclass,MEDRT
3827,D000613,Aminobutyrates,CHEM,ci_chemclass,MEDRT
3827,D000799,Angioedema,DISEASE,ci_with,MEDRT
3827,D001172,"Arthritis, Rheumatoid",DISEASE,may_treat,MEDRT
3827,D001477,Bartter Syndrome,DISEASE,may_treat,MEDRT
3827,D001713,Biphenyl Compounds,CHEM,ci_chemclass,MEDRT
3827,D003928,Diabetic Nephropathies,DISEASE,may_treat,MEDRT
3827,D003928,Diabetic Nephropathies,DISEASE,may_prevent,MEDRT
3827,D004342,Drug Hypersensitivity,DISEASE,ci_with,MEDRT
3827,D004487,Edema,DISEASE,may_treat,MEDRT
3827,D004656,Enalapril,CHEM,has_ingredient,MEDRT
3827,D006333,Heart Failure,DISEASE,may_treat,MEDRT
3827,D006929,Hyperaldosteronism,DISEASE,ci_with,MEDRT
3827,D006974,"Hypertension, Malignant",DISEASE,may_treat,MEDRT
3827,D007022,Hypotension,DISEASE,ci_with,MEDRT
3827,D011247,Pregnancy,DISEASE,ci_with,MEDRT
3827,D017379,"Hypertrophy, Left Ventricular",DISEASE,may_prevent,MEDRT
3827,D018487,"Ventricular Dysfunction, Left",DISEASE,may_prevent,MEDRT
3827,D018487,"Ventricular Dysfunction, Left",DISEASE,may_treat,MEDRT
3827,N0000000181,Angiotensin-converting Enzyme Inhibitors,MOA,has_moa,MEDRT
3827,N0000008423,Decreased Bradykinin Degradation,PE,has_pe,MEDRT
3827,N0000008669,Decreased Intravascular Volume,PE,has_pe,MEDRT
3827,N0000008731,Decreased Mineralocorticoid Secretion,PE,has_pe,MEDRT
3827,N0000008859,Decreased Renal K+ Excretion,PE,has_pe,MEDRT
3827,N0000009553,Increased Renal Na+ Excretion,PE,has_pe,MEDRT
3827,N0000009826,Renal Arterial Vasodilation,PE,has_pe,MEDRT
3827,N0000178477,Decreased Blood Pressure,PE,has_pe,MEDRT
3827,N0000191727,Neprilysin Inhibitors,MOA,ci_moa,MEDRT
298869,D000077545,Eplerenone,CHEM,has_ingredient,MEDRT
298869,D000419,Albuminuria,DISEASE,ci_with,MEDRT
298869,D003924,"Diabetes Mellitus, Type 2",DISEASE,ci_with,MEDRT
298869,D006947,Hyperkalemia,DISEASE,ci_with,MEDRT
298869,D006973,Hypertension,DISEASE,may_treat,MEDRT
298869,D051437,Renal Insufficiency,DISEASE,ci_with,MEDRT
298869,D054143,"Heart Failure, Systolic",DISEASE,may_treat,MEDRT
298869,N0000008299,Arterial Vasodilation,PE,has_pe,MEDRT
298869,N0000008581,Decreased Distal Tubule H+ Excretion,PE,has_pe,MEDRT
298869,N0000008583,Decreased Distal Tubule K+ Excretion,PE,has_pe,MEDRT
298869,N0000009279,Increased Distal Tubule Na+ Excretion,PE,has_pe,MEDRT
298869,N0000011310,Aldosterone Antagonists,MOA,has_moa,MEDRT
298869,N0000178477,Decreased Blood Pressure,PE,has_pe,MEDRT
298869,N0000190114,Cytochrome P450 3A Inhibitors,MOA,ci_moa,MEDRT
105694,D000068817,Epoetin Alfa,CHEM,has_ingredient,MEDRT
105694,D000740,Anemia,DISEASE,may_treat,MEDRT
105694,D004342,Drug Hypersensitivity,DISEASE,ci_with,MEDRT
105694,D006973,Hypertension,DISEASE,ci_with,MEDRT
105694,D012010,"Red-Cell Aplasia, Pure",DISEASE,ci_with,MEDRT
105694,N0000009319,Increased Erythroid Cell Production,PE,has_pe,MEDRT
105694,N0000178478,Increased Blood Pressure,PE,ci_pe,MEDRT
105694,D000740,Anemia,DISEASE,may_treat,MEDRT
105694,D004342,Drug Hypersensitivity,DISEASE,ci_with,MEDRT
105694,D006973,Hypertension,DISEASE,ci_with,MEDRT
105694,D012010,"Red-Cell Aplasia, Pure",DISEASE,ci_with,MEDRT
105694,N0000009319,Increased Erythroid Cell Production,PE,has_pe,MEDRT
105694,N0000178478,Increased Blood Pressure,PE,ci_pe,MEDRT
1992672,D004342,Drug Hypersensitivity,DISEASE,ci_with,MEDRT
1992672,D007676,"Kidney Failure, Chronic",DISEASE,ci_with,MEDRT
1992672,D019086,"Bridged Bicyclo Compounds, Heterocyclic",CHEM,has_ingredient,MEDRT
1992672,D051437,Renal Insufficiency,DISEASE,ci_with,MEDRT
1992672,N0000187058,Sodium-Glucose Transporter 2 Inhibitors,MOA,has_moa,MEDRT
1992672,D004342,Drug Hypersensitivity,DISEASE,ci_with,MEDRT
1992672,D007676,"Kidney Failure, Chronic",DISEASE,ci_with,MEDRT
1992672,D051437,Renal Insufficiency,DISEASE,ci_with,MEDRT
1992672,N0000187058,Sodium-Glucose Transporter 2 Inhibitors,MOA,has_moa,MEDRT
1992672,D004342,Drug Hypersensitivity,DISEASE,ci_with,MEDRT
1992672,D007676,"Kidney Failure, Chronic",DISEASE,ci_with,MEDRT
1992672,D019086,"Bridged Bicyclo Compounds, Heterocyclic",CHEM,has_ingredient,MEDRT
1992672,D051437,Renal Insufficiency,DISEASE,ci_with,MEDRT
1992672,N0000187058,Sodium-Glucose Transporter 2 Inhibitors,MOA,has_moa,MEDRT
1992672,D004342,Drug Hypersensitivity,DISEASE,ci_with,MEDRT
1992672,D007676,"Kidney Failure, Chronic",DISEASE,ci_with,MEDRT
1992672,D051437,Renal Insufficiency,DISEASE,ci_with,MEDRT
1992672,N0000187058,Sodium-Glucose Transporter 2 Inhibitors,MOA,has_moa,MEDRT
321988,D000089983,Escitalopram,CHEM,has_ingredient,MEDRT
321988,D003865,Major Depressive Disorder,DISEASE,may_treat,MEDRT
321988,D004342,Drug Hypersensitivity,DISEASE,ci_with,MEDRT
321988,D010868,Pimozide,CHEM,ci_chemclass,MEDRT
321988,N0000000109,Serotonin Uptake Inhibitors,MOA,has_moa,MEDRT
321988,N0000000184,Monoamine Oxidase Inhibitors,MOA,ci_moa,MEDRT
321988,N0000009198,Increased Central Nervous System Serotonin Activity,PE,has_pe,MEDRT
321988,D000089983,Escitalopram,CHEM,has_ingredient,MEDRT
321988,D003865,Major Depressive Disorder,DISEASE,may_treat,MEDRT
321988,D004342,Drug Hypersensitivity,DISEASE,ci_with,MEDRT
321988,D010868,Pimozide,CHEM,ci_chemclass,MEDRT
321988,N0000000109,Serotonin Uptake Inhibitors,MOA,has_moa,MEDRT
321988,N0000000184,Monoamine Oxidase Inhibitors,MOA,ci_moa,MEDRT
321988,N0000009198,Increased Central Nervous System Serotonin Activity,PE,has_pe,MEDRT
461016,D000069582,Eszopiclone,CHEM,has_ingredient,MEDRT
461016,D004342,Drug Hypersensitivity,DISEASE,ci_with,MEDRT
461016,D007319,Sleep Initiation and Maintenance Disorders,DISEASE,may_treat,MEDRT
461016,N0000009053,Gamma Amino Butyric Acid (GABA) Activity Alteration,PE,has_pe,MEDRT
141704,D000068338,Everolimus,CHEM,has_ingredient,MEDRT
141704,D004342,Drug Hypersensitivity,DISEASE,ci_with,MEDRT
141704,D006086,Graft vs Host Disease,DISEASE,may_prevent,MEDRT
141704,D011247,Pregnancy,DISEASE,ci_with,MEDRT
141704,N0000175076,Protein Kinase Inhibitors,MOA,has_moa,MEDRT
141704,N0000175550,Decreased Immunologic Activity,PE,has_pe,MEDRT
1665684,D004342,Drug Hypersensitivity,DISEASE,ci_with,MEDRT
1665684,D006937,Hypercholesterolemia,DISEASE,may_treat,MEDRT
1665684,D009203,Myocardial Infarction,DISEASE,may_prevent,MEDRT
1665684,D050197,Atherosclerosis,DISEASE,may_treat,MEDRT
1665684,D050197,Atherosclerosis,DISEASE,may_prevent,MEDRT
1665684,D058226,"Plaque, Atherosclerotic",DISEASE,may_prevent,MEDRT
1665684,D061067,"Antibodies, Monoclonal, Humanized",CHEM,has_ingredient,MEDRT
1665684,N0000009380,Increased Lipolysis,PE,has_pe,MEDRT
1665684,N0000191730,PCSK9 Inhibitors,MOA,has_moa,MEDRT
341248,D000069438,Ezetimibe,CHEM,has_ingredient,MEDRT
341248,D004342,Drug Hypersensitivity,DISEASE,ci_with,MEDRT
341248,D006937,Hypercholesterolemia,DISEASE,may_treat,MEDRT
341248,D006938,Hyperlipoproteinemia Type II,DISEASE,may_treat,MEDRT
341248,D006950,"Hyperlipidemia, Familial Combined",DISEASE,may_treat,MEDRT
341248,D011247,Pregnancy,DISEASE,ci_with,MEDRT
341248,N0000000223,Mechanism of Action,MOA,has_moa,MEDRT
341248,N0000008553,Decreased Cholesterol Absorption,PE,has_pe,MEDRT
341248,D000069438,Ezetimibe,CHEM,has_ingredient,MEDRT
341248,D004342,Drug Hypersensitivity,DISEASE,ci_with,MEDRT
341248,D006937,Hypercholesterolemia,DISEASE,may_treat,MEDRT
341248,D006938,Hyperlipoproteinemia Type II,DISEASE,may_treat,MEDRT
341248,D006950,"Hyperlipidemia, Familial Combined",DISEASE,may_treat,MEDRT
341248,D011247,Pregnancy,DISEASE,ci_with,MEDRT
341248,N0000000223,Mechanism of Action,MOA,has_moa,MEDRT
341248,N0000008553,Decreased Cholesterol Absorption,PE,has_pe,MEDRT
4278,D003680,Deglutition Disorders,DISEASE,ci_with,MEDRT
4278,D004342,Drug Hypersensitivity,DISEASE,ci_with,MEDRT
4278,D004381,Duodenal Ulcer,DISEASE,may_treat,MEDRT
4278,D004381,Duodenal Ulcer,DISEASE,may_prevent,MEDRT
4278,D004415,Dyspepsia,DISEASE,may_treat,MEDRT
4278,D004942,"Esophagitis, Peptic",DISEASE,may_treat,MEDRT
4278,D005764,Gastroesophageal Reflux,DISEASE,may_treat,MEDRT
4278,D006356,Heartburn,DISEASE,may_treat,MEDRT
4278,D006471,Gastrointestinal Hemorrhage,DISEASE,may_prevent,MEDRT
4278,D013276,Stomach Ulcer,DISEASE,may_prevent,MEDRT
4278,D013276,Stomach Ulcer,DISEASE,may_treat,MEDRT
4278,D014581,Urticaria,DISEASE,may_treat,MEDRT
4278,D015043,Zollinger-Ellison Syndrome,DISEASE,may_treat,MEDRT
4278,D015738,Famotidine,CHEM,has_ingredient,MEDRT
4278,D016481,Helicobacter Infections,DISEASE,may_treat,MEDRT
4278,N0000000151,Histamine H2 Receptor Antagonists,MOA,has_moa,MEDRT
4278,N0000008657,Decreased Histamine Activity,PE,has_pe,MEDRT
4278,N0000009724,Inhibition Gastric Acid Secretion,PE,has_pe,MEDRT
73689,D000069465,Febuxostat,CHEM,has_ingredient,MEDRT
73689,D001379,Azathioprine,CHEM,ci_chemclass,MEDRT
73689,D006073,Gout,DISEASE,may_treat,MEDRT
73689,D015122,Mercaptopurine,CHEM,ci_chemclass,MEDRT
73689,N0000000206,Xanthine Oxidase Inhibitors,MOA,has_moa,MEDRT
73689,N0000009013,Decreased Uric Acid Synthesis,PE,has_pe,MEDRT
8134,D000402,Airway Obstruction,DISEASE,ci_with,MEDRT
8134,D003294,"Seizures, Febrile",DISEASE,may_treat,MEDRT
8134,D004342,Drug Hypersensitivity,DISEASE,ci_with,MEDRT
8134,D004828,"Epilepsies, Partial",DISEASE,may_treat,MEDRT
8134,D004830,"Epilepsy, Tonic-Clonic",DISEASE,may_treat,MEDRT
8134,D006932,Hyperbilirubinemia,DISEASE,may_treat,MEDRT
8134,D010634,Phenobarbital,CHEM,has_ingredient,MEDRT
8134,D011164,Porphyrias,DISEASE,ci_with,MEDRT
8134,D011247,Pregnancy,DISEASE,ci_with,MEDRT
8134,D017093,Liver Failure,DISEASE,ci_with,MEDRT
8134,D020936,"Epilepsy, Benign Neonatal",DISEASE,may_treat,MEDRT
8134,N0000000105,Neurotransmitter Transporter Interactions,MOA,has_moa,MEDRT
8134,N0000009027,Electrical Activity Alteration,PE,has_pe,MEDRT
8134,D000402,Airway Obstruction,DISEASE,ci_with,MEDRT
8134,D003294,"Seizures, Febrile",DISEASE,may_treat,MEDRT
8134,D004342,Drug Hypersensitivity,DISEASE,ci_with,MEDRT
8134,D004828,"Epilepsies, Partial",DISEASE,may_treat,MEDRT
8134,D004830,"Epilepsy, Tonic-Clonic",DISEASE,may_treat,MEDRT
8134,D006932,Hyperbilirubinemia,DISEASE,may_treat,MEDRT
8134,D010634,Phenobarbital,CHEM,has_ingredient,MEDRT
8134,D011164,Porphyrias,DISEASE,ci_with,MEDRT
8134,D011247,Pregnancy,DISEASE,ci_with,MEDRT
8134,D017093,Liver Failure,DISEASE,ci_with,MEDRT
8134,D020936,"Epilepsy, Benign Neonatal",DISEASE,may_treat,MEDRT
8134,N0000000105,Neurotransmitter Transporter Interactions,MOA,has_moa,MEDRT
8134,N0000009027,Electrical Activity Alteration,PE,has_pe,MEDRT
8703,D003324,Coronary Artery Disease,DISEASE,may_treat,MEDRT
8703,D003324,Coronary Artery Disease,DISEASE,may_prevent,MEDRT
8703,D004342,Drug Hypersensitivity,DISEASE,ci_with,MEDRT
8703,D005705,Gallbladder Diseases,DISEASE,ci_with,MEDRT
8703,D006937,Hypercholesterolemia,DISEASE,may_treat,MEDRT
8703,D006951,Hyperlipoproteinemias,DISEASE,may_treat,MEDRT
8703,D008105,"Liver Cirrhosis, Biliary",DISEASE,ci_with,MEDRT
8703,D008107,Liver Diseases,DISEASE,ci_with,MEDRT
8703,D015228,Hypertriglyceridemia,DISEASE,may_treat,MEDRT
8703,D017093,Liver Failure,DISEASE,ci_with,MEDRT
8703,D051437,Renal Insufficiency,DISEASE,ci_with,MEDRT
8703,N0000009380,Increased Lipolysis,PE,has_pe,MEDRT
8703,N0000175375,Peroxisome Proliferator-activated Receptor alpha Agonists,MOA,has_moa,MEDRT
8703,D003324,Coronary Artery Disease,DISEASE,may_treat,MEDRT
8703,D003324,Coronary Artery Disease,DISEASE,may_prevent,MEDRT
8703,D004342,Drug Hypersensitivity,DISEASE,ci_with,MEDRT
8703,D005705,Gallbladder Diseases,DISEASE,ci_with,MEDRT
8703,D006937,Hypercholesterolemia,DISEASE,may_treat,MEDRT
8703,D006951,Hyperlipoproteinemias,DISEASE,may_treat,MEDRT
8703,D008105,"Liver Cirrhosis, Biliary",DISEASE,ci_with,MEDRT
8703,D008107,Liver Diseases,DISEASE,ci_with,MEDRT
8703,D011345,Fenofibrate,CHEM,has_ingredient,MEDRT
8703,D015228,Hypertriglyceridemia,DISEASE,may_treat,MEDRT
8703,D017093,Liver Failure,DISEASE,ci_with,MEDRT
8703,D051437,Renal Insufficiency,DISEASE,ci_with,MEDRT
8703,N0000008319,Breast Milk Secretion,PE,ci_pe,MEDRT
8703,N0000009380,Increased Lipolysis,PE,has_pe,MEDRT
8703,N0000175375,Peroxisome Proliferator-activated Receptor alpha Agonists,MOA,has_moa,MEDRT
8703,D003324,Coronary Artery Disease,DISEASE,may_treat,MEDRT
8703,D003324,Coronary Artery Disease,DISEASE,may_prevent,MEDRT
8703,D004342,Drug Hypersensitivity,DISEASE,ci_with,MEDRT
8703,D005705,Gallbladder Diseases,DISEASE,ci_with,MEDRT
8703,D006937,Hypercholesterolemia,DISEASE,may_treat,MEDRT
8703,D006951,Hyperlipoproteinemias,DISEASE,may_treat,MEDRT
8703,D008105,"Liver Cirrhosis, Biliary",DISEASE,ci_with,MEDRT
8703,D008107,Liver Diseases,DISEASE,ci_with,MEDRT
8703,D011345,Fenofibrate,CHEM,has_ingredient,MEDRT
8703,D015228,Hypertriglyceridemia,DISEASE,may_treat,MEDRT
8703,D017093,Liver Failure,DISEASE,ci_with,MEDRT
8703,D051437,Renal Insufficiency,DISEASE,ci_with,MEDRT
8703,N0000009380,Increased Lipolysis,PE,has_pe,MEDRT
8703,N0000175375,Peroxisome Proliferator-activated Receptor alpha Agonists,MOA,has_moa,MEDRT
25025,D000505,Alopecia,DISEASE,may_treat,MEDRT
25025,D002648,Child,DISEASE,ci_with,MEDRT
25025,D004342,Drug Hypersensitivity,DISEASE,ci_with,MEDRT
25025,D006628,Hirsutism,DISEASE,may_treat,MEDRT
25025,D011247,Pregnancy,DISEASE,ci_with,MEDRT
25025,D011470,Prostatic Hyperplasia,DISEASE,may_treat,MEDRT
25025,D011471,Prostatic Neoplasms,DISEASE,may_treat,MEDRT
25025,D018120,Finasteride,CHEM,has_ingredient,MEDRT
25025,N0000000126,5-alpha Reductase Inhibitors,MOA,has_moa,MEDRT
25025,N0000009936,Decreased Dihydrotestosterone Secretion,PE,has_pe,MEDRT
2562811,D000309,Adrenal Insufficiency,DISEASE,ci_with,MEDRT
2562811,D009203,Myocardial Infarction,DISEASE,may_prevent,MEDRT
2562811,D009287,Naphthyridines,CHEM,has_ingredient,MEDRT
2562811,D051437,Renal Insufficiency,DISEASE,may_prevent,MEDRT
2562811,N0000000139,Mineralocorticoid Receptor Antagonists,MOA,has_moa,MEDRT
2562811,N0000182141,Cytochrome P450 3A4 Inhibitors,MOA,ci_moa,MEDRT
4441,D001281,Atrial Fibrillation,DISEASE,may_treat,MEDRT
4441,D002037,Bundle-Branch Block,DISEASE,ci_with,MEDRT
4441,D002219,Carbamates,CHEM,ci_chemclass,MEDRT
4441,D003327,Coronary Disease,DISEASE,ci_with,MEDRT
4441,D004342,Drug Hypersensitivity,DISEASE,ci_with,MEDRT
4441,D005424,Flecainide,CHEM,has_ingredient,MEDRT
4441,D005663,Furans,CHEM,ci_chemclass,MEDRT
4441,D012770,"Shock, Cardiogenic",DISEASE,ci_with,MEDRT
4441,D013449,Sulfonamides,CHEM,ci_chemclass,MEDRT
4441,D013617,"Tachycardia, Supraventricular",DISEASE,may_treat,MEDRT
4441,D017180,"Tachycardia, Ventricular",DISEASE,may_treat,MEDRT
4441,D019438,Ritonavir,CHEM,ci_chemclass,MEDRT
4441,N0000000193,Ion Channel Interactions,MOA,has_moa,MEDRT
4441,N0000008330,Cardiac Rhythm Alteration,PE,has_pe,MEDRT
4441,N0000009757,Negative Inotropy,PE,has_pe,MEDRT
4441,D001281,Atrial Fibrillation,DISEASE,may_treat,MEDRT
4441,D002037,Bundle-Branch Block,DISEASE,ci_with,MEDRT
4441,D002219,Carbamates,CHEM,ci_chemclass,MEDRT
4441,D003327,Coronary Disease,DISEASE,ci_with,MEDRT
4441,D004342,Drug Hypersensitivity,DISEASE,ci_with,MEDRT
4441,D005424,Flecainide,CHEM,has_ingredient,MEDRT
4441,D005663,Furans,CHEM,ci_chemclass,MEDRT
4441,D012770,"Shock, Cardiogenic",DISEASE,ci_with,MEDRT
4441,D013449,Sulfonamides,CHEM,ci_chemclass,MEDRT
4441,D013617,"Tachycardia, Supraventricular",DISEASE,may_treat,MEDRT
4441,D017180,"Tachycardia, Ventricular",DISEASE,may_treat,MEDRT
4441,D019438,Ritonavir,CHEM,ci_chemclass,MEDRT
4441,N0000000193,Ion Channel Interactions,MOA,has_moa,MEDRT
4441,N0000008330,Cardiac Rhythm Alteration,PE,has_pe,MEDRT
4441,N0000009757,Negative Inotropy,PE,has_pe,MEDRT
4493,D002032,Bulimia,DISEASE,may_treat,MEDRT
4493,D003865,Major Depressive Disorder,DISEASE,may_treat,MEDRT
4493,D004342,Drug Hypersensitivity,DISEASE,ci_with,MEDRT
4493,D005473,Fluoxetine,CHEM,has_ingredient,MEDRT
4493,D009771,Obsessive-Compulsive Disorder,DISEASE,may_treat,MEDRT
4493,D010868,Pimozide,CHEM,ci_chemclass,MEDRT
4493,D013881,Thioridazine,CHEM,ci_chemclass,MEDRT
4493,D016584,Panic Disorder,DISEASE,may_treat,MEDRT
4493,N0000000026,Hepatic Metabolism,PK,site_of_metabolism,MEDRT
4493,N0000000109,Serotonin Uptake Inhibitors,MOA,has_moa,MEDRT
4493,N0000000184,Monoamine Oxidase Inhibitors,MOA,ci_moa,MEDRT
4493,N0000009198,Increased Central Nervous System Serotonin Activity,PE,has_pe,MEDRT
4493,D002032,Bulimia,DISEASE,may_treat,MEDRT
4493,D003865,Major Depressive Disorder,DISEASE,may_treat,MEDRT
4493,D004342,Drug Hypersensitivity,DISEASE,ci_with,MEDRT
4493,D005473,Fluoxetine,CHEM,has_ingredient,MEDRT
4493,D009771,Obsessive-Compulsive Disorder,DISEASE,may_treat,MEDRT
4493,D010868,Pimozide,CHEM,ci_chemclass,MEDRT
4493,D013881,Thioridazine,CHEM,ci_chemclass,MEDRT
4493,D016584,Panic Disorder,DISEASE,may_treat,MEDRT
4493,N0000000026,Hepatic Metabolism,PK,site_of_metabolism,MEDRT
4493,N0000000109,Serotonin Uptake Inhibitors,MOA,has_moa,MEDRT
4493,N0000000184,Monoamine Oxidase Inhibitors,MOA,ci_moa,MEDRT
4493,N0000009198,Increased Central Nervous System Serotonin Activity,PE,has_pe,MEDRT
41126,D000068298,Fluticasone,CHEM,has_ingredient,MEDRT
41126,D001249,Asthma,DISEASE,may_prevent,MEDRT
41126,D004342,Drug Hypersensitivity,DISEASE,ci_with,MEDRT
41126,D009298,Nasal Polyps,DISEASE,may_prevent,MEDRT
41126,D012221,"Rhinitis, Allergic, Perennial",DISEASE,may_treat,MEDRT
41126,D012874,"Skin Diseases, Infectious",DISEASE,ci_with,MEDRT
41126,D013224,Status Asthmaticus,DISEASE,ci_with,MEDRT
41126,N0000000159,Glucocorticoid Receptor Agonists,MOA,has_moa,MEDRT
41126,N0000008645,Decreased Glucocorticoid Secretion,PE,has_pe,MEDRT
41126,N0000008700,Decreased Lysosomal Function,PE,has_pe,MEDRT
41126,N0000008841,Decreased Protein Synthesis,PE,has_pe,MEDRT
41126,N0000010246,Decreased Polymorphonuclear Leukocyte Migration,PE,has_pe,MEDRT
41126,N0000010248,Decreased Fibroblast Migration,PE,has_pe,MEDRT
41126,N0000010253,Decreased Capillary Permeability,PE,has_pe,MEDRT
41126,D000068298,Fluticasone,CHEM,has_ingredient,MEDRT
41126,D001249,Asthma,DISEASE,may_prevent,MEDRT
41126,D004342,Drug Hypersensitivity,DISEASE,ci_with,MEDRT
41126,D009298,Nasal Polyps,DISEASE,may_prevent,MEDRT
41126,D012221,"Rhinitis, Allergic, Perennial",DISEASE,may_treat,MEDRT
41126,D012874,"Skin Diseases, Infectious",DISEASE,ci_with,MEDRT
41126,D013224,Status Asthmaticus,DISEASE,ci_with,MEDRT
41126,N0000000159,Glucocorticoid Receptor Agonists,MOA,has_moa,MEDRT
41126,N0000008645,Decreased Glucocorticoid Secretion,PE,has_pe,MEDRT
41126,N0000008700,Decreased Lysosomal Function,PE,has_pe,MEDRT
41126,N0000008841,Decreased Protein Synthesis,PE,has_pe,MEDRT
41126,N0000010246,Decreased Polymorphonuclear Leukocyte Migration,PE,has_pe,MEDRT
41126,N0000010248,Decreased Fibroblast Migration,PE,has_pe,MEDRT
41126,N0000010253,Decreased Capillary Permeability,PE,has_pe,MEDRT
41126,D000730,Androstadienes,CHEM,has_ingredient,MEDRT
41126,D001249,Asthma,DISEASE,may_prevent,MEDRT
41126,D004342,Drug Hypersensitivity,DISEASE,ci_with,MEDRT
41126,D009298,Nasal Polyps,DISEASE,may_prevent,MEDRT
41126,D012221,"Rhinitis, Allergic, Perennial",DISEASE,may_treat,MEDRT
41126,D012874,"Skin Diseases, Infectious",DISEASE,ci_with,MEDRT
41126,D013224,Status Asthmaticus,DISEASE,ci_with,MEDRT
41126,N0000000159,Glucocorticoid Receptor Agonists,MOA,has_moa,MEDRT
41126,N0000008645,Decreased Glucocorticoid Secretion,PE,has_pe,MEDRT
41126,N0000008700,Decreased Lysosomal Function,PE,has_pe,MEDRT
41126,N0000008841,Decreased Protein Synthesis,PE,has_pe,MEDRT
41126,N0000010246,Decreased Polymorphonuclear Leukocyte Migration,PE,has_pe,MEDRT
41126,N0000010248,Decreased Fibroblast Migration,PE,has_pe,MEDRT
41126,N0000010253,Decreased Capillary Permeability,PE,has_pe,MEDRT
41126,D000068298,Fluticasone,CHEM,has_ingredient,MEDRT
41126,D001249,Asthma,DISEASE,may_prevent,MEDRT
41126,D004342,Drug Hypersensitivity,DISEASE,ci_with,MEDRT
41126,D009298,Nasal Polyps,DISEASE,may_prevent,MEDRT
41126,D012221,"Rhinitis, Allergic, Perennial",DISEASE,may_treat,MEDRT
41126,D012874,"Skin Diseases, Infectious",DISEASE,ci_with,MEDRT
41126,D013224,Status Asthmaticus,DISEASE,ci_with,MEDRT
41126,N0000000159,Glucocorticoid Receptor Agonists,MOA,has_moa,MEDRT
41126,N0000008645,Decreased Glucocorticoid Secretion,PE,has_pe,MEDRT
41126,N0000008700,Decreased Lysosomal Function,PE,has_pe,MEDRT
41126,N0000008841,Decreased Protein Synthesis,PE,has_pe,MEDRT
41126,N0000010246,Decreased Polymorphonuclear Leukocyte Migration,PE,has_pe,MEDRT
41126,N0000010248,Decreased Fibroblast Migration,PE,has_pe,MEDRT
41126,N0000010253,Decreased Capillary Permeability,PE,has_pe,MEDRT
41126,D000068298,Fluticasone,CHEM,has_ingredient,MEDRT
41126,D001249,Asthma,DISEASE,may_prevent,MEDRT
41126,D004342,Drug Hypersensitivity,DISEASE,ci_with,MEDRT
41126,D009298,Nasal Polyps,DISEASE,may_prevent,MEDRT
41126,D012221,"Rhinitis, Allergic, Perennial",DISEASE,may_treat,MEDRT
41126,D012874,"Skin Diseases, Infectious",DISEASE,ci_with,MEDRT
41126,D013224,Status Asthmaticus,DISEASE,ci_with,MEDRT
41126,N0000000159,Glucocorticoid Receptor Agonists,MOA,has_moa,MEDRT
41126,N0000008645,Decreased Glucocorticoid Secretion,PE,has_pe,MEDRT
41126,N0000008700,Decreased Lysosomal Function,PE,has_pe,MEDRT
41126,N0000008841,Decreased Protein Synthesis,PE,has_pe,MEDRT
41126,N0000010246,Decreased Polymorphonuclear Leukocyte Migration,PE,has_pe,MEDRT
41126,N0000010248,Decreased Fibroblast Migration,PE,has_pe,MEDRT
41126,N0000010253,Decreased Capillary Permeability,PE,has_pe,MEDRT
41126,D000730,Androstadienes,CHEM,has_ingredient,MEDRT
41126,D001249,Asthma,DISEASE,may_prevent,MEDRT
41126,D004342,Drug Hypersensitivity,DISEASE,ci_with,MEDRT
41126,D009298,Nasal Polyps,DISEASE,may_prevent,MEDRT
41126,D012221,"Rhinitis, Allergic, Perennial",DISEASE,may_treat,MEDRT
41126,D012874,"Skin Diseases, Infectious",DISEASE,ci_with,MEDRT
41126,D013224,Status Asthmaticus,DISEASE,ci_with,MEDRT
41126,N0000000159,Glucocorticoid Receptor Agonists,MOA,has_moa,MEDRT
41126,N0000008645,Decreased Glucocorticoid Secretion,PE,has_pe,MEDRT
41126,N0000008700,Decreased Lysosomal Function,PE,has_pe,MEDRT
41126,N0000008841,Decreased Protein Synthesis,PE,has_pe,MEDRT
41126,N0000010246,Decreased Polymorphonuclear Leukocyte Migration,PE,has_pe,MEDRT
41126,N0000010248,Decreased Fibroblast Migration,PE,has_pe,MEDRT
41126,N0000010253,Decreased Capillary Permeability,PE,has_pe,MEDRT
41127,D000077340,Fluvastatin,CHEM,has_ingredient,MEDRT
41127,D001942,Breast Feeding,DISEASE,ci_with,MEDRT
41127,D003324,Coronary Artery Disease,DISEASE,may_treat,MEDRT
41127,D003324,Coronary Artery Disease,DISEASE,may_prevent,MEDRT
41127,D004342,Drug Hypersensitivity,DISEASE,ci_with,MEDRT
41127,D006937,Hypercholesterolemia,DISEASE,may_treat,MEDRT
41127,D006951,Hyperlipoproteinemias,DISEASE,may_treat,MEDRT
41127,D008107,Liver Diseases,DISEASE,ci_with,MEDRT
41127,D011247,Pregnancy,DISEASE,ci_with,MEDRT
41127,D015228,Hypertriglyceridemia,DISEASE,may_treat,MEDRT
41127,N0000000121,Hydroxymethylglutaryl-CoA Reductase Inhibitors,MOA,has_moa,MEDRT
41127,N0000008555,Decreased Cholesterol Synthesis,PE,has_pe,MEDRT
41127,D000077340,Fluvastatin,CHEM,has_ingredient,MEDRT
41127,D001942,Breast Feeding,DISEASE,ci_with,MEDRT
41127,D003324,Coronary Artery Disease,DISEASE,may_treat,MEDRT
41127,D003324,Coronary Artery Disease,DISEASE,may_prevent,MEDRT
41127,D004342,Drug Hypersensitivity,DISEASE,ci_with,MEDRT
41127,D006937,Hypercholesterolemia,DISEASE,may_treat,MEDRT
41127,D006951,Hyperlipoproteinemias,DISEASE,may_treat,MEDRT
41127,D008107,Liver Diseases,DISEASE,ci_with,MEDRT
41127,D011247,Pregnancy,DISEASE,ci_with,MEDRT
41127,D015228,Hypertriglyceridemia,DISEASE,may_treat,MEDRT
41127,D017093,Liver Failure,DISEASE,ci_with,MEDRT
41127,N0000000121,Hydroxymethylglutaryl-CoA Reductase Inhibitors,MOA,has_moa,MEDRT
41127,N0000008555,Decreased Cholesterol Synthesis,PE,has_pe,MEDRT
321208,D000077425,Fondaparinux,CHEM,has_ingredient,MEDRT
321208,D004342,Drug Hypersensitivity,DISEASE,ci_with,MEDRT
321208,D004697,"Endocarditis, Bacterial",DISEASE,ci_with,MEDRT
321208,D006474,Hemorrhagic Disorders,DISEASE,ci_with,MEDRT
321208,D011183,Postoperative Complications,DISEASE,may_prevent,MEDRT
321208,D011655,Pulmonary Embolism,DISEASE,may_treat,MEDRT
321208,D013921,Thrombocytopenia,DISEASE,ci_with,MEDRT
321208,D013923,Thromboembolism,DISEASE,may_prevent,MEDRT
321208,D020246,Venous Thrombosis,DISEASE,may_prevent,MEDRT
321208,D020246,Venous Thrombosis,DISEASE,may_treat,MEDRT
321208,D051437,Renal Insufficiency,DISEASE,ci_with,MEDRT
321208,N0000000107,Antithrombins,MOA,has_moa,MEDRT
321208,N0000008556,Decreased Coagulation Factor Activity,PE,has_pe,MEDRT
321208,D000077425,Fondaparinux,CHEM,has_ingredient,MEDRT
321208,D004342,Drug Hypersensitivity,DISEASE,ci_with,MEDRT
321208,D004697,"Endocarditis, Bacterial",DISEASE,ci_with,MEDRT
321208,D006474,Hemorrhagic Disorders,DISEASE,ci_with,MEDRT
321208,D011183,Postoperative Complications,DISEASE,may_prevent,MEDRT
321208,D011655,Pulmonary Embolism,DISEASE,may_treat,MEDRT
321208,D013921,Thrombocytopenia,DISEASE,ci_with,MEDRT
321208,D013923,Thromboembolism,DISEASE,may_prevent,MEDRT
321208,D020246,Venous Thrombosis,DISEASE,may_treat,MEDRT
321208,D020246,Venous Thrombosis,DISEASE,may_prevent,MEDRT
321208,D051437,Renal Insufficiency,DISEASE,ci_with,MEDRT
321208,N0000000107,Antithrombins,MOA,has_moa,MEDRT
321208,N0000008556,Decreased Coagulation Factor Activity,PE,has_pe,MEDRT
4550,D004342,Drug Hypersensitivity,DISEASE,ci_with,MEDRT
4550,D004927,Escherichia coli Infections,DISEASE,may_treat,MEDRT
4550,D005578,Fosfomycin,CHEM,has_ingredient,MEDRT
4550,D007710,Klebsiella Infections,DISEASE,may_treat,MEDRT
4550,D011512,Proteus Infections,DISEASE,may_treat,MEDRT
4550,D014552,Urinary Tract Infections,DISEASE,may_treat,MEDRT
4550,D016868,Serratia Infections,DISEASE,may_treat,MEDRT
4550,D016908,Gram-Positive Bacterial Infections,DISEASE,may_treat,MEDRT
4550,N0000000133,Enzyme Inhibitors,MOA,has_moa,MEDRT
4550,N0000008479,Decreased Cell Wall Synthesis & Repair,PE,has_pe,MEDRT
4550,D004927,Escherichia coli Infections,DISEASE,may_treat,MEDRT
4550,D007710,Klebsiella Infections,DISEASE,may_treat,MEDRT
4550,D011512,Proteus Infections,DISEASE,may_treat,MEDRT
4550,D011704,Pyelonephritis,DISEASE,may_treat,MEDRT
4550,D014552,Urinary Tract Infections,DISEASE,may_treat,MEDRT
4550,D016868,Serratia Infections,DISEASE,may_treat,MEDRT
4550,D016908,Gram-Positive Bacterial Infections,DISEASE,may_treat,MEDRT
4550,N0000000133,Enzyme Inhibitors,MOA,has_moa,MEDRT
4550,N0000008479,Decreased Cell Wall Synthesis & Repair,PE,has_pe,MEDRT
4550,D004927,Escherichia coli Infections,DISEASE,may_treat,MEDRT
4550,D005578,Fosfomycin,CHEM,has_ingredient,MEDRT
4550,D007710,Klebsiella Infections,DISEASE,may_treat,MEDRT
4550,D011512,Proteus Infections,DISEASE,may_treat,MEDRT
4550,D011704,Pyelonephritis,DISEASE,may_treat,MEDRT
4550,D014552,Urinary Tract Infections,DISEASE,may_treat,MEDRT
4550,D016868,Serratia Infections,DISEASE,may_treat,MEDRT
4550,D016908,Gram-Positive Bacterial Infections,DISEASE,may_treat,MEDRT
4550,N0000000133,Enzyme Inhibitors,MOA,has_moa,MEDRT
4550,N0000008479,Decreased Cell Wall Synthesis & Repair,PE,has_pe,MEDRT
4603,D001002,Anuria,DISEASE,ci_with,MEDRT
4603,D001201,Ascites,DISEASE,may_treat,MEDRT
4603,D003128,Coma,DISEASE,ci_with,MEDRT
4603,D003681,Dehydration,DISEASE,ci_with,MEDRT
4603,D004342,Drug Hypersensitivity,DISEASE,ci_with,MEDRT
4603,D004487,Edema,DISEASE,may_treat,MEDRT
4603,D005665,Furosemide,CHEM,has_ingredient,MEDRT
4603,D006333,Heart Failure,DISEASE,may_treat,MEDRT
4603,D006973,Hypertension,DISEASE,may_treat,MEDRT
4603,D007676,"Kidney Failure, Chronic",DISEASE,may_treat,MEDRT
4603,D008103,Liver Cirrhosis,DISEASE,may_treat,MEDRT
4603,D009404,Nephrotic Syndrome,DISEASE,may_treat,MEDRT
4603,D011654,Pulmonary Edema,DISEASE,may_treat,MEDRT
4603,D013449,Sulfonamides,CHEM,ci_chemclass,MEDRT
4603,D058186,Acute Kidney Injury,DISEASE,may_treat,MEDRT
4603,N0000000026,Hepatic Metabolism,PK,has_pk,MEDRT
4603,N0000000042,Renal Excretion,PK,has_pk,MEDRT
4603,N0000008669,Decreased Intravascular Volume,PE,has_pe,MEDRT
4603,N0000009381,Increased Loop of Henle Ca++ Excretion,PE,has_pe,MEDRT
4603,N0000009382,Increased Loop of Henle Cl- Excretion,PE,has_pe,MEDRT
4603,N0000009385,Increased Loop of Henle K+ Excretion,PE,has_pe,MEDRT
4603,N0000009386,Increased Loop of Henle Mg++ Excretion,PE,has_pe,MEDRT
4603,N0000009387,Increased Loop of Henle Na+ Excretion,PE,has_pe,MEDRT
4603,N0000178477,Decreased Blood Pressure,PE,has_pe,MEDRT
4603,N0000181006,Sodium Potassium Chloride Symporter Inhibitors,MOA,has_moa,MEDRT
25480,D001714,Bipolar Disorder,DISEASE,may_treat,MEDRT
25480,D002219,Carbamates,CHEM,has_ingredient,MEDRT
25480,D004342,Drug Hypersensitivity,DISEASE,ci_with,MEDRT
25480,D004828,"Epilepsies, Partial",DISEASE,may_treat,MEDRT
25480,D010698,Phobic Disorders,DISEASE,may_treat,MEDRT
25480,D051474,"Neuralgia, Postherpetic",DISEASE,may_treat,MEDRT
25480,N0000008578,Decreased Disorganized Electrical Activity,PE,has_pe,MEDRT
25480,N0000008768,Decreased Organized Electrical Activity,PE,has_pe,MEDRT
25480,N0000009915,Unknown Cellular or Molecular Interaction,MOA,has_moa,MEDRT
25480,D000077206,Gabapentin,CHEM,has_ingredient,MEDRT
25480,D001714,Bipolar Disorder,DISEASE,may_treat,MEDRT
25480,D004342,Drug Hypersensitivity,DISEASE,ci_with,MEDRT
25480,D004828,"Epilepsies, Partial",DISEASE,may_treat,MEDRT
25480,D010698,Phobic Disorders,DISEASE,may_treat,MEDRT
25480,D051474,"Neuralgia, Postherpetic",DISEASE,may_treat,MEDRT
25480,N0000008578,Decreased Disorganized Electrical Activity,PE,has_pe,MEDRT
25480,N0000008768,Decreased Organized Electrical Activity,PE,has_pe,MEDRT
25480,N0000009915,Unknown Cellular or Molecular Interaction,MOA,has_moa,MEDRT
2058846,D003027,Cluster Headache,DISEASE,may_treat,MEDRT
2058846,D004342,Drug Hypersensitivity,DISEASE,ci_with,MEDRT
2058846,D008881,Migraine Disorders,DISEASE,may_prevent,MEDRT
2058846,D061067,"Antibodies, Monoclonal, Humanized",CHEM,has_ingredient,MEDRT
2058846,N0000009908,Vasoconstriction,PE,has_pe,MEDRT
2058846,N0000009949,Antibody-Receptor Interactions,MOA,has_moa,MEDRT
2058846,D003027,Cluster Headache,DISEASE,may_treat,MEDRT
2058846,D004342,Drug Hypersensitivity,DISEASE,ci_with,MEDRT
2058846,D008881,Migraine Disorders,DISEASE,may_prevent,MEDRT
2058846,D061067,"Antibodies, Monoclonal, Humanized",CHEM,has_ingredient,MEDRT
2058846,N0000009908,Vasoconstriction,PE,has_pe,MEDRT
2058846,N0000009949,Antibody-Receptor Interactions,MOA,has_moa,MEDRT
4719,D003324,Coronary Artery Disease,DISEASE,may_treat,MEDRT
4719,D003324,Coronary Artery Disease,DISEASE,may_prevent,MEDRT
4719,D004342,Drug Hypersensitivity,DISEASE,ci_with,MEDRT
4719,D005705,Gallbladder Diseases,DISEASE,ci_with,MEDRT
4719,D006937,Hypercholesterolemia,DISEASE,may_treat,MEDRT
4719,D006951,Hyperlipoproteinemias,DISEASE,may_treat,MEDRT
4719,D008105,"Liver Cirrhosis, Biliary",DISEASE,ci_with,MEDRT
4719,D011725,Pyridines,CHEM,ci_chemclass,MEDRT
4719,D015228,Hypertriglyceridemia,DISEASE,may_treat,MEDRT
4719,D015248,Gemfibrozil,CHEM,has_ingredient,MEDRT
4719,D017093,Liver Failure,DISEASE,ci_with,MEDRT
4719,D051437,Renal Insufficiency,DISEASE,ci_with,MEDRT
4719,N0000000026,Hepatic Metabolism,PK,has_pk,MEDRT
4719,N0000000042,Renal Excretion,PK,has_pk,MEDRT
4719,N0000009380,Increased Lipolysis,PE,has_pe,MEDRT
4719,N0000175375,Peroxisome Proliferator-activated Receptor alpha Agonists,MOA,has_moa,MEDRT
4816,D005907,Gliclazide,CHEM,has_ingredient,MEDRT
1546438,D003093,"Colitis, Ulcerative",DISEASE,ci_with,MEDRT
1546438,D006024,Glycopyrrolate,CHEM,has_ingredient,MEDRT
1546438,D006945,Hyperhidrosis,DISEASE,may_treat,MEDRT
1546438,D006967,Hypersensitivity,DISEASE,ci_with,MEDRT
1546438,D007418,Intestinal Pseudo-Obstruction,DISEASE,ci_with,MEDRT
1546438,D008532,"Megacolon, Toxic",DISEASE,ci_with,MEDRT
1546438,D009157,Myasthenia Gravis,DISEASE,ci_with,MEDRT
1546438,D012859,Sjogren's Syndrome,DISEASE,ci_with,MEDRT
1546438,N0000008383,Decreased Acetylcholine Activity,PE,has_pe,MEDRT
1546438,D003093,"Colitis, Ulcerative",DISEASE,ci_with,MEDRT
1546438,D004342,Drug Hypersensitivity,DISEASE,ci_with,MEDRT
1546438,D006024,Glycopyrrolate,CHEM,has_ingredient,MEDRT
1546438,D006945,Hyperhidrosis,DISEASE,may_treat,MEDRT
1546438,D007418,Intestinal Pseudo-Obstruction,DISEASE,ci_with,MEDRT
1546438,D008532,"Megacolon, Toxic",DISEASE,ci_with,MEDRT
1546438,D009157,Myasthenia Gravis,DISEASE,ci_with,MEDRT
1546438,D012859,Sjogren's Syndrome,DISEASE,ci_with,MEDRT
1546438,N0000008383,Decreased Acetylcholine Activity,PE,has_pe,MEDRT
1546438,N0000175370,Cholinergic Antagonists,MOA,has_moa,MEDRT
1546438,D000014,"Abnormalities, Drug-Induced",DISEASE,may_treat,MEDRT
1546438,D003093,"Colitis, Ulcerative",DISEASE,ci_with,MEDRT
1546438,D006024,Glycopyrrolate,CHEM,has_ingredient,MEDRT
1546438,D006474,Hemorrhagic Disorders,DISEASE,ci_with,MEDRT
1546438,D006967,Hypersensitivity,DISEASE,ci_with,MEDRT
1546438,D007077,Ileal Diseases,DISEASE,ci_with,MEDRT
1546438,D007415,Intestinal Obstruction,DISEASE,ci_with,MEDRT
1546438,D008532,"Megacolon, Toxic",DISEASE,ci_with,MEDRT
1546438,D009157,Myasthenia Gravis,DISEASE,ci_with,MEDRT
1546438,D010437,Peptic Ulcer,DISEASE,may_treat,MEDRT
1546438,D012140,Respiratory Tract Diseases,DISEASE,may_treat,MEDRT
1546438,D013610,Tachycardia,DISEASE,ci_with,MEDRT
1546438,D014517,Ureteral Obstruction,DISEASE,ci_with,MEDRT
1546438,D014987,Xerostomia,DISEASE,induces,MEDRT
1546438,D015812,"Glaucoma, Angle-Closure",DISEASE,ci_with,MEDRT
1546438,N0000000125,Cholinergic Muscarinic Antagonists,MOA,has_moa,MEDRT
1546438,N0000008779,Decreased Parasympathetic Acetylcholine Activity,PE,has_pe,MEDRT
1546438,N0000008868,Decreased Respiratory Secretions,PE,has_pe,MEDRT
1546438,N0000009842,Salivation Inhibition,PE,has_pe,MEDRT
1546438,D003093,"Colitis, Ulcerative",DISEASE,ci_with,MEDRT
1546438,D006024,Glycopyrrolate,CHEM,has_ingredient,MEDRT
1546438,D006945,Hyperhidrosis,DISEASE,may_treat,MEDRT
1546438,D006967,Hypersensitivity,DISEASE,ci_with,MEDRT
1546438,D007418,Intestinal Pseudo-Obstruction,DISEASE,ci_with,MEDRT
1546438,D008532,"Megacolon, Toxic",DISEASE,ci_with,MEDRT
1546438,D009157,Myasthenia Gravis,DISEASE,ci_with,MEDRT
1546438,D012859,Sjogren's Syndrome,DISEASE,ci_with,MEDRT
1546438,N0000008383,Decreased Acetylcholine Activity,PE,has_pe,MEDRT
1546438,D003093,"Colitis, Ulcerative",DISEASE,ci_with,MEDRT
1546438,D004342,Drug Hypersensitivity,DISEASE,ci_with,MEDRT
1546438,D006024,Glycopyrrolate,CHEM,has_ingredient,MEDRT
1546438,D006945,Hyperhidrosis,DISEASE,may_treat,MEDRT
1546438,D007418,Intestinal Pseudo-Obstruction,DISEASE,ci_with,MEDRT
1546438,D008532,"Megacolon, Toxic",DISEASE,ci_with,MEDRT
1546438,D009157,Myasthenia Gravis,DISEASE,ci_with,MEDRT
1546438,D012859,Sjogren's Syndrome,DISEASE,ci_with,MEDRT
1546438,N0000008383,Decreased Acetylcholine Activity,PE,has_pe,MEDRT
1546438,N0000175370,Cholinergic Antagonists,MOA,has_moa,MEDRT
1546438,D000014,"Abnormalities, Drug-Induced",DISEASE,may_treat,MEDRT
1546438,D003093,"Colitis, Ulcerative",DISEASE,ci_with,MEDRT
1546438,D006024,Glycopyrrolate,CHEM,has_ingredient,MEDRT
1546438,D006474,Hemorrhagic Disorders,DISEASE,ci_with,MEDRT
1546438,D006967,Hypersensitivity,DISEASE,ci_with,MEDRT
1546438,D007077,Ileal Diseases,DISEASE,ci_with,MEDRT
1546438,D007415,Intestinal Obstruction,DISEASE,ci_with,MEDRT
1546438,D008532,"Megacolon, Toxic",DISEASE,ci_with,MEDRT
1546438,D009157,Myasthenia Gravis,DISEASE,ci_with,MEDRT
1546438,D010437,Peptic Ulcer,DISEASE,may_treat,MEDRT
1546438,D012140,Respiratory Tract Diseases,DISEASE,may_treat,MEDRT
1546438,D013610,Tachycardia,DISEASE,ci_with,MEDRT
1546438,D014517,Ureteral Obstruction,DISEASE,ci_with,MEDRT
1546438,D014987,Xerostomia,DISEASE,induces,MEDRT
1546438,D015812,"Glaucoma, Angle-Closure",DISEASE,ci_with,MEDRT
1546438,N0000000125,Cholinergic Muscarinic Antagonists,MOA,has_moa,MEDRT
1546438,N0000008779,Decreased Parasympathetic Acetylcholine Activity,PE,has_pe,MEDRT
1546438,N0000008868,Decreased Respiratory Secretions,PE,has_pe,MEDRT
1546438,N0000009842,Salivation Inhibition,PE,has_pe,MEDRT
5640,D001171,"Arthritis, Juvenile",DISEASE,may_treat,MEDRT
5640,D001172,"Arthritis, Rheumatoid",DISEASE,may_treat,MEDRT
5640,D001249,Asthma,DISEASE,ci_with,MEDRT
5640,D002062,Bursitis,DISEASE,may_treat,MEDRT
5640,D004342,Drug Hypersensitivity,DISEASE,ci_with,MEDRT
5640,D004412,Dysmenorrhea,DISEASE,may_treat,MEDRT
5640,D005334,Fever,DISEASE,may_treat,MEDRT
5640,D006073,Gout,DISEASE,may_treat,MEDRT
5640,D007052,Ibuprofen,CHEM,has_ingredient,MEDRT
5640,D007249,Inflammation,DISEASE,may_treat,MEDRT
5640,D008595,Menorrhagia,DISEASE,may_treat,MEDRT
5640,D010003,Osteoarthritis,DISEASE,may_treat,MEDRT
5640,D010146,Pain,DISEASE,may_prevent,MEDRT
5640,D010149,Postoperative Pain,DISEASE,may_treat,MEDRT
5640,D011263,"Pregnancy Trimester, Third",DISEASE,ci_with,MEDRT
5640,D011269,"Pregnancy, Abdominal",DISEASE,ci_with,MEDRT
5640,D011293,Premenstrual Syndrome,DISEASE,may_treat,MEDRT
5640,D012220,Rhinitis,DISEASE,ci_with,MEDRT
5640,D013167,"Spondylitis, Ankylosing",DISEASE,may_treat,MEDRT
5640,D016535,Bronchial Hyperreactivity,DISEASE,ci_with,MEDRT
5640,N0000000160,Cyclooxygenase Inhibitors,MOA,has_moa,MEDRT
5640,N0000008831,Decreased Platelet Activating Factor Production,PE,has_pe,MEDRT
5640,N0000008836,Decreased Prostaglandin Production,PE,has_pe,MEDRT
5640,N0000009006,Decreased Thromboxane Production,PE,has_pe,MEDRT
5640,D001171,"Arthritis, Juvenile",DISEASE,may_treat,MEDRT
5640,D001172,"Arthritis, Rheumatoid",DISEASE,may_treat,MEDRT
5640,D001249,Asthma,DISEASE,ci_with,MEDRT
5640,D002062,Bursitis,DISEASE,may_treat,MEDRT
5640,D004342,Drug Hypersensitivity,DISEASE,ci_with,MEDRT
5640,D004412,Dysmenorrhea,DISEASE,may_treat,MEDRT
5640,D005334,Fever,DISEASE,may_treat,MEDRT
5640,D006073,Gout,DISEASE,may_treat,MEDRT
5640,D007052,Ibuprofen,CHEM,has_ingredient,MEDRT
5640,D007249,Inflammation,DISEASE,may_treat,MEDRT
5640,D008239,Lysine,CHEM,has_ingredient,MEDRT
5640,D008595,Menorrhagia,DISEASE,may_treat,MEDRT
5640,D010003,Osteoarthritis,DISEASE,may_treat,MEDRT
5640,D010146,Pain,DISEASE,may_prevent,MEDRT
5640,D010149,Postoperative Pain,DISEASE,may_treat,MEDRT
5640,D011263,"Pregnancy Trimester, Third",DISEASE,ci_with,MEDRT
5640,D011269,"Pregnancy, Abdominal",DISEASE,ci_with,MEDRT
5640,D011293,Premenstrual Syndrome,DISEASE,may_treat,MEDRT
5640,D012220,Rhinitis,DISEASE,ci_with,MEDRT
5640,D013167,"Spondylitis, Ankylosing",DISEASE,may_treat,MEDRT
5640,D016535,Bronchial Hyperreactivity,DISEASE,ci_with,MEDRT
5640,N0000000026,Hepatic Metabolism,PK,has_pk,MEDRT
5640,N0000000042,Renal Excretion,PK,has_pk,MEDRT
5640,N0000000160,Cyclooxygenase Inhibitors,MOA,has_moa,MEDRT
5640,N0000008831,Decreased Platelet Activating Factor Production,PE,has_pe,MEDRT
5640,N0000008836,Decreased Prostaglandin Production,PE,has_pe,MEDRT
5640,N0000009006,Decreased Thromboxane Production,PE,has_pe,MEDRT
5640,D001171,"Arthritis, Juvenile",DISEASE,may_treat,MEDRT
5640,D001172,"Arthritis, Rheumatoid",DISEASE,may_treat,MEDRT
5640,D001249,Asthma,DISEASE,ci_with,MEDRT
5640,D002062,Bursitis,DISEASE,may_treat,MEDRT
5640,D004342,Drug Hypersensitivity,DISEASE,ci_with,MEDRT
5640,D004412,Dysmenorrhea,DISEASE,may_treat,MEDRT
5640,D005334,Fever,DISEASE,may_treat,MEDRT
5640,D006073,Gout,DISEASE,may_treat,MEDRT
5640,D007052,Ibuprofen,CHEM,has_ingredient,MEDRT
5640,D007249,Inflammation,DISEASE,may_treat,MEDRT
5640,D008595,Menorrhagia,DISEASE,may_treat,MEDRT
5640,D010003,Osteoarthritis,DISEASE,may_treat,MEDRT
5640,D010146,Pain,DISEASE,may_prevent,MEDRT
5640,D010149,Postoperative Pain,DISEASE,may_treat,MEDRT
5640,D011263,"Pregnancy Trimester, Third",DISEASE,ci_with,MEDRT
5640,D011269,"Pregnancy, Abdominal",DISEASE,ci_with,MEDRT
5640,D011293,Premenstrual Syndrome,DISEASE,may_treat,MEDRT
5640,D012220,Rhinitis,DISEASE,ci_with,MEDRT
5640,D013167,"Spondylitis, Ankylosing",DISEASE,may_treat,MEDRT
5640,D016535,Bronchial Hyperreactivity,DISEASE,ci_with,MEDRT
5640,N0000000026,Hepatic Metabolism,PK,has_pk,MEDRT
5640,N0000000042,Renal Excretion,PK,has_pk,MEDRT
5640,N0000000160,Cyclooxygenase Inhibitors,MOA,has_moa,MEDRT
5640,N0000008831,Decreased Platelet Activating Factor Production,PE,has_pe,MEDRT
5640,N0000008836,Decreased Prostaglandin Production,PE,has_pe,MEDRT
5640,N0000009006,Decreased Thromboxane Production,PE,has_pe,MEDRT
5764,D001002,Anuria,DISEASE,ci_with,MEDRT
5764,D004342,Drug Hypersensitivity,DISEASE,ci_with,MEDRT
5764,D004487,Edema,DISEASE,may_treat,MEDRT
5764,D006333,Heart Failure,DISEASE,may_treat,MEDRT
5764,D006973,Hypertension,DISEASE,may_treat,MEDRT
5764,D007190,Indapamide,CHEM,has_ingredient,MEDRT
5764,D009404,Nephrotic Syndrome,DISEASE,may_treat,MEDRT
5764,D011247,Pregnancy,DISEASE,ci_with,MEDRT
5764,D013449,Sulfonamides,CHEM,ci_chemclass,MEDRT
5764,D051437,Renal Insufficiency,DISEASE,ci_with,MEDRT
5764,N0000000211,Potassium Channel Interactions,MOA,has_moa,MEDRT
5764,N0000008669,Decreased Intravascular Volume,PE,has_pe,MEDRT
5764,N0000009275,Increased Distal Tubule H+ Excretion,PE,has_pe,MEDRT
5764,N0000009277,Increased Distal Tubule K+ Excretion,PE,has_pe,MEDRT
5764,N0000009279,Increased Distal Tubule Na+ Excretion,PE,has_pe,MEDRT
5764,N0000175359,Increased Diuresis,PE,has_pe,MEDRT
5764,N0000178477,Decreased Blood Pressure,PE,has_pe,MEDRT
5764,N0000181005,Sodium Chloride Symporter Inhibitors,MOA,has_moa,MEDRT
5764,D001002,Anuria,DISEASE,ci_with,MEDRT
5764,D004342,Drug Hypersensitivity,DISEASE,ci_with,MEDRT
5764,D004487,Edema,DISEASE,may_treat,MEDRT
5764,D006333,Heart Failure,DISEASE,may_treat,MEDRT
5764,D006973,Hypertension,DISEASE,may_treat,MEDRT
5764,D007190,Indapamide,CHEM,has_ingredient,MEDRT
5764,D009404,Nephrotic Syndrome,DISEASE,may_treat,MEDRT
5764,D011247,Pregnancy,DISEASE,ci_with,MEDRT
5764,D013449,Sulfonamides,CHEM,ci_chemclass,MEDRT
5764,D051437,Renal Insufficiency,DISEASE,ci_with,MEDRT
5764,N0000000211,Potassium Channel Interactions,MOA,has_moa,MEDRT
5764,N0000008669,Decreased Intravascular Volume,PE,has_pe,MEDRT
5764,N0000009275,Increased Distal Tubule H+ Excretion,PE,has_pe,MEDRT
5764,N0000009277,Increased Distal Tubule K+ Excretion,PE,has_pe,MEDRT
5764,N0000009279,Increased Distal Tubule Na+ Excretion,PE,has_pe,MEDRT
5764,N0000175359,Increased Diuresis,PE,has_pe,MEDRT
5764,N0000178477,Decreased Blood Pressure,PE,has_pe,MEDRT
5764,N0000181005,Sodium Chloride Symporter Inhibitors,MOA,has_moa,MEDRT
1670007,D003922,"Diabetes Mellitus, Type 1",DISEASE,may_treat,MEDRT
1670007,D003924,"Diabetes Mellitus, Type 2",DISEASE,may_treat,MEDRT
1670007,D004342,Drug Hypersensitivity,DISEASE,ci_with,MEDRT
1670007,D006943,Hyperglycemia,DISEASE,may_treat,MEDRT
1670007,D007003,Hypoglycemia,DISEASE,ci_with,MEDRT
1670007,D049528,"Insulin, Long-Acting",CHEM,has_ingredient,MEDRT
1670007,N0000000225,Insulin Receptor Agonists,MOA,has_moa,MEDRT
1670007,N0000008651,Decreased Glycogenolysis,PE,has_pe,MEDRT
1670007,N0000008688,Decreased Lipolysis,PE,has_pe,MEDRT
1670007,N0000009341,Increased Glucose Transport into Cells,PE,has_pe,MEDRT
1670007,N0000009344,Increased Glycogenesis,PE,has_pe,MEDRT
1670007,N0000009379,Increased Lipogenesis,PE,has_pe,MEDRT
1670007,N0000009533,Increased Protein Synthesis,PE,has_pe,MEDRT
139825,D000069057,Insulin Detemir,CHEM,has_ingredient,MEDRT
400008,D003922,"Diabetes Mellitus, Type 1",DISEASE,may_treat,MEDRT
400008,D003924,"Diabetes Mellitus, Type 2",DISEASE,may_treat,MEDRT
400008,D004342,Drug Hypersensitivity,DISEASE,ci_with,MEDRT
400008,D006943,Hyperglycemia,DISEASE,may_treat,MEDRT
400008,D007003,Hypoglycemia,DISEASE,ci_with,MEDRT
400008,D007328,Insulin,CHEM,has_ingredient,MEDRT
400008,N0000000225,Insulin Receptor Agonists,MOA,has_moa,MEDRT
400008,N0000008651,Decreased Glycogenolysis,PE,has_pe,MEDRT
400008,N0000008688,Decreased Lipolysis,PE,has_pe,MEDRT
400008,N0000009341,Increased Glucose Transport into Cells,PE,has_pe,MEDRT
400008,N0000009344,Increased Glycogenesis,PE,has_pe,MEDRT
400008,N0000009379,Increased Lipogenesis,PE,has_pe,MEDRT
400008,N0000009533,Increased Protein Synthesis,PE,has_pe,MEDRT
86009,D003922,"Diabetes Mellitus, Type 1",DISEASE,may_treat,MEDRT
86009,D003924,"Diabetes Mellitus, Type 2",DISEASE,may_treat,MEDRT
86009,D004342,Drug Hypersensitivity,DISEASE,ci_with,MEDRT
86009,D006943,Hyperglycemia,DISEASE,may_treat,MEDRT
86009,D007003,Hypoglycemia,DISEASE,ci_with,MEDRT
86009,N0000000225,Insulin Receptor Agonists,MOA,has_moa,MEDRT
86009,N0000008651,Decreased Glycogenolysis,PE,has_pe,MEDRT
86009,N0000008688,Decreased Lipolysis,PE,has_pe,MEDRT
86009,N0000009341,Increased Glucose Transport into Cells,PE,has_pe,MEDRT
86009,N0000009344,Increased Glycogenesis,PE,has_pe,MEDRT
86009,N0000009379,Increased Lipogenesis,PE,has_pe,MEDRT
86009,N0000009533,Increased Protein Synthesis,PE,has_pe,MEDRT
86009,D003922,"Diabetes Mellitus, Type 1",DISEASE,may_treat,MEDRT
86009,D003924,"Diabetes Mellitus, Type 2",DISEASE,may_treat,MEDRT
86009,D004342,Drug Hypersensitivity,DISEASE,ci_with,MEDRT
86009,D006943,Hyperglycemia,DISEASE,may_treat,MEDRT
86009,D007003,Hypoglycemia,DISEASE,ci_with,MEDRT
86009,D061268,Insulin Lispro,CHEM,has_ingredient,MEDRT
86009,N0000000225,Insulin Receptor Agonists,MOA,has_moa,MEDRT
86009,N0000008651,Decreased Glycogenolysis,PE,has_pe,MEDRT
86009,N0000008688,Decreased Lipolysis,PE,has_pe,MEDRT
86009,N0000009341,Increased Glucose Transport into Cells,PE,has_pe,MEDRT
86009,N0000009344,Increased Glycogenesis,PE,has_pe,MEDRT
86009,N0000009379,Increased Lipogenesis,PE,has_pe,MEDRT
86009,N0000009533,Increased Protein Synthesis,PE,has_pe,MEDRT
83818,D000077405,Irbesartan,CHEM,has_ingredient,MEDRT
83818,D003928,Diabetic Nephropathies,DISEASE,may_treat,MEDRT
83818,D004342,Drug Hypersensitivity,DISEASE,ci_with,MEDRT
83818,D006929,Hyperaldosteronism,DISEASE,ci_with,MEDRT
83818,D006973,Hypertension,DISEASE,may_treat,MEDRT
83818,D007022,Hypotension,DISEASE,ci_with,MEDRT
83818,D011247,Pregnancy,DISEASE,ci_with,MEDRT
83818,D012078,Renal Artery Obstruction,DISEASE,ci_with,MEDRT
83818,D018487,"Ventricular Dysfunction, Left",DISEASE,may_treat,MEDRT
83818,N0000000070,Angiotensin 2 Receptor Antagonists,MOA,has_moa,MEDRT
83818,N0000008669,Decreased Intravascular Volume,PE,has_pe,MEDRT
83818,N0000008731,Decreased Mineralocorticoid Secretion,PE,has_pe,MEDRT
83818,N0000008859,Decreased Renal K+ Excretion,PE,has_pe,MEDRT
83818,N0000009553,Increased Renal Na+ Excretion,PE,has_pe,MEDRT
83818,N0000009826,Renal Arterial Vasodilation,PE,has_pe,MEDRT
83818,N0000178477,Decreased Blood Pressure,PE,has_pe,MEDRT
1649480,D006327,Heart Block,DISEASE,ci_with,MEDRT
1649480,D006333,Heart Failure,DISEASE,may_treat,MEDRT
1649480,D006333,Heart Failure,DISEASE,ci_with,MEDRT
1649480,D007022,Hypotension,DISEASE,ci_with,MEDRT
1649480,D008107,Liver Diseases,DISEASE,ci_with,MEDRT
1649480,N0000009756,Negative Chronotropy,PE,has_pe,MEDRT
1649480,N0000182141,Cytochrome P450 3A4 Inhibitors,MOA,ci_moa,MEDRT
1649480,N0000191546,Hyperpolarization-activated Cyclic Nucleotide-gated Channel Antagonists,MOA,has_moa,MEDRT
1649480,D000077550,Ivabradine,CHEM,has_ingredient,MEDRT
1649480,D006327,Heart Block,DISEASE,ci_with,MEDRT
1649480,D006333,Heart Failure,DISEASE,may_treat,MEDRT
1649480,D006333,Heart Failure,DISEASE,ci_with,MEDRT
1649480,D007022,Hypotension,DISEASE,ci_with,MEDRT
1649480,D008107,Liver Diseases,DISEASE,ci_with,MEDRT
1649480,N0000009756,Negative Chronotropy,PE,has_pe,MEDRT
1649480,N0000182141,Cytochrome P450 3A4 Inhibitors,MOA,ci_moa,MEDRT
1649480,N0000191546,Hyperpolarization-activated Cyclic Nucleotide-gated Channel Antagonists,MOA,has_moa,MEDRT
68244,D000163,Acquired Immunodeficiency Syndrome,DISEASE,may_treat,MEDRT
68244,D004342,Drug Hypersensitivity,DISEASE,ci_with,MEDRT
68244,D019259,Lamivudine,CHEM,has_ingredient,MEDRT
68244,N0000008869,Decreased Reverse Transcription to DNA,PE,has_pe,MEDRT
68244,N0000009357,Increased Immunologically Active Molecule Activity,PE,has_pe,MEDRT
68244,N0000009947,Nucleoside Reverse Transcriptase Inhibitors,MOA,has_moa,MEDRT
28439,D000077213,Lamotrigine,CHEM,has_ingredient,MEDRT
28439,D001714,Bipolar Disorder,DISEASE,may_treat,MEDRT
28439,D004342,Drug Hypersensitivity,DISEASE,ci_with,MEDRT
28439,D004828,"Epilepsies, Partial",DISEASE,may_treat,MEDRT
28439,D012640,Seizures,DISEASE,may_treat,MEDRT
28439,D065768,Lennox Gastaut Syndrome,DISEASE,may_treat,MEDRT
28439,N0000000191,Dihydrofolate Reductase Inhibitors,MOA,has_moa,MEDRT
28439,N0000008486,Decreased Central Nervous System Disorganized Electrical Activity,PE,has_pe,MEDRT
28439,N0000008648,Decreased Glutamate Activity,PE,has_pe,MEDRT
28439,N0000181004,Sodium Channel Antagonists,MOA,has_moa,MEDRT
43611,D005902,"Glaucoma, Open-Angle",DISEASE,may_treat,MEDRT
43611,N0000000106,Prostaglandin Receptor Agonists,MOA,has_moa,MEDRT
43611,N0000009943,Decreased Intraocular Fluid Pressure,PE,has_pe,MEDRT
43611,D000077338,Latanoprost,CHEM,has_ingredient,MEDRT
43611,D004342,Drug Hypersensitivity,DISEASE,ci_with,MEDRT
43611,D005902,"Glaucoma, Open-Angle",DISEASE,may_treat,MEDRT
43611,N0000000106,Prostaglandin Receptor Agonists,MOA,has_moa,MEDRT
43611,N0000009943,Decreased Intraocular Fluid Pressure,PE,has_pe,MEDRT
27169,D000077339,Leflunomide,CHEM,has_ingredient,MEDRT
27169,D001172,"Arthritis, Rheumatoid",DISEASE,may_treat,MEDRT
27169,D004342,Drug Hypersensitivity,DISEASE,ci_with,MEDRT
27169,D011247,Pregnancy,DISEASE,ci_with,MEDRT
27169,D017093,Liver Failure,DISEASE,ci_with,MEDRT
27169,N0000000233,Nucleic Acid Synthesis Inhibitors,MOA,has_moa,MEDRT
27169,N0000009073,Immunologic Activity Alteration,PE,has_pe,MEDRT
114477,D000077287,Levetiracetam,CHEM,has_ingredient,MEDRT
114477,D004342,Drug Hypersensitivity,DISEASE,ci_with,MEDRT
114477,D004828,"Epilepsies, Partial",DISEASE,may_treat,MEDRT
114477,D004830,"Epilepsy, Tonic-Clonic",DISEASE,may_treat,MEDRT
114477,D020190,"Myoclonic Epilepsy, Juvenile",DISEASE,may_treat,MEDRT
114477,N0000009915,Unknown Cellular or Molecular Interaction,MOA,has_moa,MEDRT
114477,N0000009925,Unknown Physiological Effect,PE,has_pe,MEDRT
356887,D004342,Drug Hypersensitivity,DISEASE,ci_with,MEDRT
356887,D006255,"Rhinitis, Allergic, Seasonal",DISEASE,may_treat,MEDRT
356887,D012221,"Rhinitis, Allergic, Perennial",DISEASE,may_treat,MEDRT
356887,D014581,Urticaria,DISEASE,may_treat,MEDRT
356887,D017332,Cetirizine,CHEM,has_ingredient,MEDRT
356887,D051437,Renal Insufficiency,DISEASE,ci_with,MEDRT
356887,N0000000190,Histamine H1 Receptor Antagonists,MOA,has_moa,MEDRT
356887,N0000008657,Decreased Histamine Activity,PE,has_pe,MEDRT
356887,D004342,Drug Hypersensitivity,DISEASE,ci_with,MEDRT
356887,D006255,"Rhinitis, Allergic, Seasonal",DISEASE,may_treat,MEDRT
356887,D012221,"Rhinitis, Allergic, Perennial",DISEASE,may_treat,MEDRT
356887,D014581,Urticaria,DISEASE,may_treat,MEDRT
356887,D017332,Cetirizine,CHEM,has_ingredient,MEDRT
356887,D051437,Renal Insufficiency,DISEASE,ci_with,MEDRT
356887,N0000000190,Histamine H1 Receptor Antagonists,MOA,has_moa,MEDRT
356887,N0000008657,Decreased Histamine Activity,PE,has_pe,MEDRT
6375,D010300,Parkinson Disease,DISEASE,may_treat,MEDRT
6375,N0000000184,Monoamine Oxidase Inhibitors,MOA,ci_moa,MEDRT
6375,N0000000203,Dopamine Receptor Interactions,MOA,has_moa,MEDRT
6375,N0000009183,Increased Central Nervous System Dopamine Activity,PE,has_pe,MEDRT
6375,D004342,Drug Hypersensitivity,DISEASE,ci_with,MEDRT
6375,D007980,Levodopa,CHEM,has_ingredient,MEDRT
6375,D008545,Melanoma,DISEASE,ci_with,MEDRT
6375,D010300,Parkinson Disease,DISEASE,may_treat,MEDRT
6375,D015812,"Glaucoma, Angle-Closure",DISEASE,ci_with,MEDRT
6375,N0000000184,Monoamine Oxidase Inhibitors,MOA,ci_moa,MEDRT
6375,N0000000203,Dopamine Receptor Interactions,MOA,has_moa,MEDRT
6375,N0000009183,Increased Central Nervous System Dopamine Activity,PE,has_pe,MEDRT
619749,D001545,Benserazide,CHEM,has_ingredient,MEDRT
619749,D004342,Drug Hypersensitivity,DISEASE,ci_with,MEDRT
619749,D007980,Levodopa,CHEM,has_ingredient,MEDRT
619749,D008545,Melanoma,DISEASE,ci_with,MEDRT
619749,D010300,Parkinson Disease,DISEASE,may_treat,MEDRT
619749,D015812,"Glaucoma, Angle-Closure",DISEASE,ci_with,MEDRT
619749,N0000000184,Monoamine Oxidase Inhibitors,MOA,ci_moa,MEDRT
619749,N0000000203,Dopamine Receptor Interactions,MOA,has_moa,MEDRT
619749,N0000009183,Increased Central Nervous System Dopamine Activity,PE,has_pe,MEDRT
103990,D002230,Carbidopa,CHEM,has_ingredient,MEDRT
103990,D004342,Drug Hypersensitivity,DISEASE,ci_with,MEDRT
103990,D008545,Melanoma,DISEASE,ci_with,MEDRT
103990,D010300,Parkinson Disease,DISEASE,may_treat,MEDRT
103990,D015812,"Glaucoma, Angle-Closure",DISEASE,ci_with,MEDRT
103990,N0000000133,Enzyme Inhibitors,MOA,has_moa,MEDRT
103990,N0000000184,Monoamine Oxidase Inhibitors,MOA,ci_moa,MEDRT
103990,N0000000203,Dopamine Receptor Interactions,MOA,has_moa,MEDRT
103990,N0000009183,Increased Central Nervous System Dopamine Activity,PE,has_pe,MEDRT
103990,D010300,Parkinson Disease,DISEASE,may_treat,MEDRT
103990,N0000000133,Enzyme Inhibitors,MOA,has_moa,MEDRT
103990,N0000000184,Monoamine Oxidase Inhibitors,MOA,ci_moa,MEDRT
103990,N0000000203,Dopamine Receptor Interactions,MOA,has_moa,MEDRT
103990,N0000009183,Increased Central Nervous System Dopamine Activity,PE,has_pe,MEDRT
103990,N0000175755,DOPA Decarboxylase Inhibitors,MOA,has_moa,MEDRT
103990,D010300,Parkinson Disease,DISEASE,may_treat,MEDRT
103990,N0000000184,Monoamine Oxidase Inhibitors,MOA,ci_moa,MEDRT
103990,N0000000203,Dopamine Receptor Interactions,MOA,has_moa,MEDRT
103990,N0000009183,Increased Central Nervous System Dopamine Activity,PE,has_pe,MEDRT
103990,D004342,Drug Hypersensitivity,DISEASE,ci_with,MEDRT
103990,D007980,Levodopa,CHEM,has_ingredient,MEDRT
103990,D008545,Melanoma,DISEASE,ci_with,MEDRT
103990,D010300,Parkinson Disease,DISEASE,may_treat,MEDRT
103990,D015812,"Glaucoma, Angle-Closure",DISEASE,ci_with,MEDRT
103990,N0000000184,Monoamine Oxidase Inhibitors,MOA,ci_moa,MEDRT
103990,N0000000203,Dopamine Receptor Interactions,MOA,has_moa,MEDRT
103990,N0000009183,Increased Central Nervous System Dopamine Activity,PE,has_pe,MEDRT
1100699,D000069476,Linagliptin,CHEM,has_ingredient,MEDRT
1100699,D003924,"Diabetes Mellitus, Type 2",DISEASE,may_treat,MEDRT
1100699,D004342,Drug Hypersensitivity,DISEASE,ci_with,MEDRT
1100699,N0000008644,Decreased Glucagon Secretion,PE,has_pe,MEDRT
1100699,N0000009360,Increased Insulin Secretion,PE,has_pe,MEDRT
1100699,N0000175912,Dipeptidyl Peptidase 4 Inhibitors,MOA,has_moa,MEDRT
1100699,D000069476,Linagliptin,CHEM,has_ingredient,MEDRT
1100699,D003924,"Diabetes Mellitus, Type 2",DISEASE,may_treat,MEDRT
1100699,D004342,Drug Hypersensitivity,DISEASE,ci_with,MEDRT
1100699,N0000008644,Decreased Glucagon Secretion,PE,has_pe,MEDRT
1100699,N0000009360,Increased Insulin Secretion,PE,has_pe,MEDRT
1100699,N0000175912,Dipeptidyl Peptidase 4 Inhibitors,MOA,has_moa,MEDRT
475968,D000069450,Liraglutide,CHEM,has_ingredient,MEDRT
475968,D004342,Drug Hypersensitivity,DISEASE,ci_with,MEDRT
475968,D011247,Pregnancy,DISEASE,ci_with,MEDRT
475968,D018813,Multiple Endocrine Neoplasia Type 2a,DISEASE,ci_with,MEDRT
475968,D018814,Multiple Endocrine Neoplasia Type 2b,DISEASE,ci_with,MEDRT
475968,N0000008640,Decreased Gastric Motility,PE,has_pe,MEDRT
29046,D000799,Angioedema,DISEASE,ci_with,MEDRT
29046,D003928,Diabetic Nephropathies,DISEASE,may_prevent,MEDRT
29046,D003928,Diabetic Nephropathies,DISEASE,may_treat,MEDRT
29046,D004342,Drug Hypersensitivity,DISEASE,ci_with,MEDRT
29046,D006333,Heart Failure,DISEASE,may_treat,MEDRT
29046,D006929,Hyperaldosteronism,DISEASE,ci_with,MEDRT
29046,D006973,Hypertension,DISEASE,may_treat,MEDRT
29046,D007022,Hypotension,DISEASE,ci_with,MEDRT
29046,D009203,Myocardial Infarction,DISEASE,may_treat,MEDRT
29046,D011247,Pregnancy,DISEASE,ci_with,MEDRT
29046,D017379,"Hypertrophy, Left Ventricular",DISEASE,may_prevent,MEDRT
29046,D018487,"Ventricular Dysfunction, Left",DISEASE,may_treat,MEDRT
29046,D018487,"Ventricular Dysfunction, Left",DISEASE,may_prevent,MEDRT
29046,N0000000181,Angiotensin-converting Enzyme Inhibitors,MOA,has_moa,MEDRT
29046,N0000008423,Decreased Bradykinin Degradation,PE,has_pe,MEDRT
29046,N0000008669,Decreased Intravascular Volume,PE,has_pe,MEDRT
29046,N0000008731,Decreased Mineralocorticoid Secretion,PE,has_pe,MEDRT
29046,N0000008859,Decreased Renal K+ Excretion,PE,has_pe,MEDRT
29046,N0000009553,Increased Renal Na+ Excretion,PE,has_pe,MEDRT
29046,N0000009826,Renal Arterial Vasodilation,PE,has_pe,MEDRT
29046,N0000178477,Decreased Blood Pressure,PE,has_pe,MEDRT
29046,D000799,Angioedema,DISEASE,ci_with,MEDRT
29046,D003928,Diabetic Nephropathies,DISEASE,may_prevent,MEDRT
29046,D003928,Diabetic Nephropathies,DISEASE,may_treat,MEDRT
29046,D004342,Drug Hypersensitivity,DISEASE,ci_with,MEDRT
29046,D006333,Heart Failure,DISEASE,may_treat,MEDRT
29046,D006929,Hyperaldosteronism,DISEASE,ci_with,MEDRT
29046,D006973,Hypertension,DISEASE,may_treat,MEDRT
29046,D007022,Hypotension,DISEASE,ci_with,MEDRT
29046,D009203,Myocardial Infarction,DISEASE,may_treat,MEDRT
29046,D011247,Pregnancy,DISEASE,ci_with,MEDRT
29046,D017379,"Hypertrophy, Left Ventricular",DISEASE,may_prevent,MEDRT
29046,D017706,Lisinopril,CHEM,has_ingredient,MEDRT
29046,D018487,"Ventricular Dysfunction, Left",DISEASE,may_prevent,MEDRT
29046,D018487,"Ventricular Dysfunction, Left",DISEASE,may_treat,MEDRT
29046,N0000000181,Angiotensin-converting Enzyme Inhibitors,MOA,has_moa,MEDRT
29046,N0000008423,Decreased Bradykinin Degradation,PE,has_pe,MEDRT
29046,N0000008669,Decreased Intravascular Volume,PE,has_pe,MEDRT
29046,N0000008731,Decreased Mineralocorticoid Secretion,PE,has_pe,MEDRT
29046,N0000008859,Decreased Renal K+ Excretion,PE,has_pe,MEDRT
29046,N0000009553,Increased Renal Na+ Excretion,PE,has_pe,MEDRT
29046,N0000009826,Renal Arterial Vasodilation,PE,has_pe,MEDRT
29046,N0000178477,Decreased Blood Pressure,PE,has_pe,MEDRT
6470,D001008,Anxiety Disorders,DISEASE,may_treat,MEDRT
6470,D002389,Catatonia,DISEASE,may_treat,MEDRT
6470,D003866,Depressive Disorder,DISEASE,may_treat,MEDRT
6470,D004342,Drug Hypersensitivity,DISEASE,ci_with,MEDRT
6470,D004828,"Epilepsies, Partial",DISEASE,may_treat,MEDRT
6470,D007319,Sleep Initiation and Maintenance Disorders,DISEASE,may_treat,MEDRT
6470,D008140,Lorazepam,CHEM,has_ingredient,MEDRT
6470,D011247,Pregnancy,DISEASE,ci_with,MEDRT
6470,D011618,Psychotic Disorders,DISEASE,may_treat,MEDRT
6470,D012131,Respiratory Insufficiency,DISEASE,ci_with,MEDRT
6470,D012891,Sleep Apnea Syndromes,DISEASE,ci_with,MEDRT
6470,D013226,Status Epilepticus,DISEASE,may_treat,MEDRT
6470,D013375,Substance Withdrawal Syndrome,DISEASE,may_treat,MEDRT
6470,D014839,Vomiting,DISEASE,may_treat,MEDRT
6470,D015812,"Glaucoma, Angle-Closure",DISEASE,ci_with,MEDRT
6470,N0000000118,GABA A Modulators,MOA,has_moa,MEDRT
6470,N0000009188,Increased Central Nervous System GABA Activity,PE,has_pe,MEDRT
28894,D007319,Sleep Initiation and Maintenance Disorders,DISEASE,may_treat,MEDRT
28894,D008140,Lorazepam,CHEM,has_ingredient,MEDRT
28894,N0000000118,GABA A Modulators,MOA,has_moa,MEDRT
28894,N0000000196,GABA A Agonists,MOA,has_moa,MEDRT
28894,N0000009188,Increased Central Nervous System GABA Activity,PE,has_pe,MEDRT
28894,N0000175456,Chloride Channel Activators,MOA,has_moa,MEDRT
52175,D003928,Diabetic Nephropathies,DISEASE,may_treat,MEDRT
52175,D004342,Drug Hypersensitivity,DISEASE,ci_with,MEDRT
52175,D006333,Heart Failure,DISEASE,may_treat,MEDRT
52175,D006929,Hyperaldosteronism,DISEASE,ci_with,MEDRT
52175,D006973,Hypertension,DISEASE,may_treat,MEDRT
52175,D007022,Hypotension,DISEASE,ci_with,MEDRT
52175,D011247,Pregnancy,DISEASE,ci_with,MEDRT
52175,D017379,"Hypertrophy, Left Ventricular",DISEASE,may_treat,MEDRT
52175,D018487,"Ventricular Dysfunction, Left",DISEASE,may_treat,MEDRT
52175,D019808,Losartan,CHEM,has_ingredient,MEDRT
52175,N0000000070,Angiotensin 2 Receptor Antagonists,MOA,has_moa,MEDRT
52175,N0000008669,Decreased Intravascular Volume,PE,has_pe,MEDRT
52175,N0000008731,Decreased Mineralocorticoid Secretion,PE,has_pe,MEDRT
52175,N0000008859,Decreased Renal K+ Excretion,PE,has_pe,MEDRT
52175,N0000009553,Increased Renal Na+ Excretion,PE,has_pe,MEDRT
52175,N0000009825,Renal Arterial Vasoconstriction,PE,ci_pe,MEDRT
52175,N0000009826,Renal Arterial Vasodilation,PE,has_pe,MEDRT
52175,N0000178477,Decreased Blood Pressure,PE,has_pe,MEDRT
52175,D003928,Diabetic Nephropathies,DISEASE,may_treat,MEDRT
52175,D004342,Drug Hypersensitivity,DISEASE,ci_with,MEDRT
52175,D006333,Heart Failure,DISEASE,may_treat,MEDRT
52175,D006929,Hyperaldosteronism,DISEASE,ci_with,MEDRT
52175,D006973,Hypertension,DISEASE,may_treat,MEDRT
52175,D007022,Hypotension,DISEASE,ci_with,MEDRT
52175,D011247,Pregnancy,DISEASE,ci_with,MEDRT
52175,D017379,"Hypertrophy, Left Ventricular",DISEASE,may_treat,MEDRT
52175,D018487,"Ventricular Dysfunction, Left",DISEASE,may_treat,MEDRT
52175,D019808,Losartan,CHEM,has_ingredient,MEDRT
52175,N0000000070,Angiotensin 2 Receptor Antagonists,MOA,has_moa,MEDRT
52175,N0000008669,Decreased Intravascular Volume,PE,has_pe,MEDRT
52175,N0000008731,Decreased Mineralocorticoid Secretion,PE,has_pe,MEDRT
52175,N0000008859,Decreased Renal K+ Excretion,PE,has_pe,MEDRT
52175,N0000009553,Increased Renal Na+ Excretion,PE,has_pe,MEDRT
52175,N0000009825,Renal Arterial Vasoconstriction,PE,ci_pe,MEDRT
52175,N0000009826,Renal Arterial Vasodilation,PE,has_pe,MEDRT
52175,N0000178477,Decreased Blood Pressure,PE,has_pe,MEDRT
6472,D000069547,Cobicistat,CHEM,ci_chemclass,MEDRT
6472,D003324,Coronary Artery Disease,DISEASE,may_prevent,MEDRT
6472,D003324,Coronary Artery Disease,DISEASE,may_treat,MEDRT
6472,D004342,Drug Hypersensitivity,DISEASE,ci_with,MEDRT
6472,D004917,Erythromycin,CHEM,ci_chemclass,MEDRT
6472,D006937,Hypercholesterolemia,DISEASE,may_treat,MEDRT
6472,D006951,Hyperlipoproteinemias,DISEASE,may_treat,MEDRT
6472,D007654,Ketoconazole,CHEM,ci_chemclass,MEDRT
6472,D007774,Lactation,DISEASE,ci_with,MEDRT
6472,D008148,Lovastatin,CHEM,has_ingredient,MEDRT
6472,D009842,Oligopeptides,CHEM,ci_chemclass,MEDRT
6472,D010879,Piperazines,CHEM,ci_chemclass,MEDRT
6472,D011247,Pregnancy,DISEASE,ci_with,MEDRT
6472,D011392,Proline,CHEM,ci_chemclass,MEDRT
6472,D014230,Triazoles,CHEM,ci_chemclass,MEDRT
6472,D015228,Hypertriglyceridemia,DISEASE,may_treat,MEDRT
6472,D017093,Liver Failure,DISEASE,ci_with,MEDRT
6472,D017291,Clarithromycin,CHEM,ci_chemclass,MEDRT
6472,D017964,Itraconazole,CHEM,ci_chemclass,MEDRT
6472,D048628,Ketolides,CHEM,ci_chemclass,MEDRT
6472,D065819,Voriconazole,CHEM,ci_chemclass,MEDRT
6472,N0000000121,Hydroxymethylglutaryl-CoA Reductase Inhibitors,MOA,has_moa,MEDRT
6472,N0000000246,HIV Protease Inhibitors,MOA,ci_moa,MEDRT
6472,N0000008555,Decreased Cholesterol Synthesis,PE,has_pe,MEDRT
6472,N0000182141,Cytochrome P450 3A4 Inhibitors,MOA,ci_moa,MEDRT
1442132,D006976,"Hypertension, Pulmonary",DISEASE,may_treat,MEDRT
1442132,D011247,Pregnancy,DISEASE,ci_with,MEDRT
1442132,D011743,Pyrimidines,CHEM,has_ingredient,MEDRT
1442132,D013449,Sulfonamides,CHEM,has_ingredient,MEDRT
1442132,N0000009816,Pulmonary Arterial Vasodilation,PE,has_pe,MEDRT
1442132,N0000175364,Endothelin Receptor Antagonists,MOA,has_moa,MEDRT
1442132,N0000178477,Decreased Blood Pressure,PE,has_pe,MEDRT
29151,D000536,Aluminum Hydroxide,CHEM,has_ingredient,MEDRT
29151,D003967,Diarrhea,DISEASE,induces,MEDRT
29151,D004342,Drug Hypersensitivity,DISEASE,ci_with,MEDRT
29151,D004381,Duodenal Ulcer,DISEASE,may_treat,MEDRT
29151,D004415,Dyspepsia,DISEASE,may_treat,MEDRT
29151,D005764,Gastroesophageal Reflux,DISEASE,may_treat,MEDRT
29151,D006356,Heartburn,DISEASE,may_treat,MEDRT
29151,D006471,Gastrointestinal Hemorrhage,DISEASE,may_treat,MEDRT
29151,D006471,Gastrointestinal Hemorrhage,DISEASE,may_prevent,MEDRT
29151,D006551,"Hernia, Hiatal",DISEASE,may_treat,MEDRT
29151,D007676,"Kidney Failure, Chronic",DISEASE,may_treat,MEDRT
29151,D008276,Magnesium Hydroxide,CHEM,has_ingredient,MEDRT
29151,D013276,Stomach Ulcer,DISEASE,may_treat,MEDRT
29151,D051437,Renal Insufficiency,DISEASE,ci_with,MEDRT
29151,N0000000220,Electrolyte Activity,MOA,has_moa,MEDRT
29151,N0000000226,Acid-Base Activity,MOA,has_moa,MEDRT
29151,N0000009054,Gastric Acid Alteration,PE,has_pe,MEDRT
6711,D008550,Melatonin,CHEM,has_ingredient,MEDRT
6711,D016574,Seasonal Affective Disorder,DISEASE,may_treat,MEDRT
6711,D020179,Jet Lag Syndrome,DISEASE,may_treat,MEDRT
6711,D020179,Jet Lag Syndrome,DISEASE,may_prevent,MEDRT
6711,N0000000149,Hormone Receptor Agonists,MOA,has_moa,MEDRT
6711,N0000009397,Increased Melatonin Activity,PE,has_pe,MEDRT
6719,D000544,Alzheimer Disease,DISEASE,may_treat,MEDRT
6719,D004342,Drug Hypersensitivity,DISEASE,ci_with,MEDRT
6719,D008559,Memantine,CHEM,has_ingredient,MEDRT
6719,N0000008494,Decreased Central Nervous System Glutamate Activity,PE,has_pe,MEDRT
6719,N0000020015,NMDA Receptor Antagonists,MOA,has_moa,MEDRT
6719,D000544,Alzheimer Disease,DISEASE,may_treat,MEDRT
6719,D004342,Drug Hypersensitivity,DISEASE,ci_with,MEDRT
6719,D008559,Memantine,CHEM,has_ingredient,MEDRT
6719,N0000008494,Decreased Central Nervous System Glutamate Activity,PE,has_pe,MEDRT
6719,N0000020015,NMDA Receptor Antagonists,MOA,has_moa,MEDRT
1720597,D001249,Asthma,DISEASE,may_treat,MEDRT
1720597,D004342,Drug Hypersensitivity,DISEASE,ci_with,MEDRT
1720597,D061067,"Antibodies, Monoclonal, Humanized",CHEM,has_ingredient,MEDRT
1720597,N0000191871,Interleukin-5 Antagonists,MOA,has_moa,MEDRT
52582,D003093,"Colitis, Ulcerative",DISEASE,may_treat,MEDRT
52582,D004342,Drug Hypersensitivity,DISEASE,ci_with,MEDRT
52582,D011349,Proctitis,DISEASE,may_treat,MEDRT
52582,D012810,Sigmoid Diseases,DISEASE,may_treat,MEDRT
52582,D019804,Mesalamine,CHEM,has_ingredient,MEDRT
52582,N0000000134,Lipoxygenase Inhibitors,MOA,has_moa,MEDRT
52582,N0000000160,Cyclooxygenase Inhibitors,MOA,has_moa,MEDRT
52582,N0000008681,Decreased Leukotriene Activity,PE,has_pe,MEDRT
52582,N0000008832,Decreased Platelet Aggregation,PE,has_pe,MEDRT
52582,N0000008836,Decreased Prostaglandin Production,PE,has_pe,MEDRT
52582,N0000009006,Decreased Thromboxane Production,PE,has_pe,MEDRT
6809,D000138,Acidosis,DISEASE,ci_with,MEDRT
6809,D003924,"Diabetes Mellitus, Type 2",DISEASE,may_treat,MEDRT
6809,D004342,Drug Hypersensitivity,DISEASE,ci_with,MEDRT
6809,D008107,Liver Diseases,DISEASE,ci_with,MEDRT
6809,D008687,Metformin,CHEM,has_ingredient,MEDRT
6809,D016883,Diabetic Ketoacidosis,DISEASE,ci_with,MEDRT
6809,D051437,Renal Insufficiency,DISEASE,ci_with,MEDRT
6809,N0000000042,Renal Excretion,PK,has_pk,MEDRT
6809,N0000000225,Insulin Receptor Agonists,MOA,has_moa,MEDRT
6809,N0000008646,Decreased Gluconeogenesis,PE,has_pe,MEDRT
6809,N0000008650,Decreased Glycogenesis,PE,has_pe,MEDRT
6809,N0000009341,Increased Glucose Transport into Cells,PE,has_pe,MEDRT
6809,D000138,Acidosis,DISEASE,ci_with,MEDRT
6809,D003924,"Diabetes Mellitus, Type 2",DISEASE,may_treat,MEDRT
6809,D004342,Drug Hypersensitivity,DISEASE,ci_with,MEDRT
6809,D008107,Liver Diseases,DISEASE,ci_with,MEDRT
6809,D008687,Metformin,CHEM,has_ingredient,MEDRT
6809,D016883,Diabetic Ketoacidosis,DISEASE,ci_with,MEDRT
6809,D051437,Renal Insufficiency,DISEASE,ci_with,MEDRT
6809,N0000000042,Renal Excretion,PK,has_pk,MEDRT
6809,N0000000225,Insulin Receptor Agonists,MOA,has_moa,MEDRT
6809,N0000008646,Decreased Gluconeogenesis,PE,has_pe,MEDRT
6809,N0000008650,Decreased Glycogenesis,PE,has_pe,MEDRT
6809,N0000009341,Increased Glucose Transport into Cells,PE,has_pe,MEDRT
6809,D000138,Acidosis,DISEASE,ci_with,MEDRT
6809,D003924,"Diabetes Mellitus, Type 2",DISEASE,may_treat,MEDRT
6809,D004342,Drug Hypersensitivity,DISEASE,ci_with,MEDRT
6809,D008107,Liver Diseases,DISEASE,ci_with,MEDRT
6809,D008687,Metformin,CHEM,has_ingredient,MEDRT
6809,D016883,Diabetic Ketoacidosis,DISEASE,ci_with,MEDRT
6809,D051437,Renal Insufficiency,DISEASE,ci_with,MEDRT
6809,N0000000042,Renal Excretion,PK,has_pk,MEDRT
6809,N0000000225,Insulin Receptor Agonists,MOA,has_moa,MEDRT
6809,N0000008646,Decreased Gluconeogenesis,PE,has_pe,MEDRT
6809,N0000008650,Decreased Glycogenesis,PE,has_pe,MEDRT
6809,N0000009341,Increased Glucose Transport into Cells,PE,has_pe,MEDRT
6809,D000138,Acidosis,DISEASE,ci_with,MEDRT
6809,D003924,"Diabetes Mellitus, Type 2",DISEASE,may_treat,MEDRT
6809,D004342,Drug Hypersensitivity,DISEASE,ci_with,MEDRT
6809,D008107,Liver Diseases,DISEASE,ci_with,MEDRT
6809,D008687,Metformin,CHEM,has_ingredient,MEDRT
6809,D016883,Diabetic Ketoacidosis,DISEASE,ci_with,MEDRT
6809,D051437,Renal Insufficiency,DISEASE,ci_with,MEDRT
6809,N0000000042,Renal Excretion,PK,has_pk,MEDRT
6809,N0000000225,Insulin Receptor Agonists,MOA,has_moa,MEDRT
6809,N0000008646,Decreased Gluconeogenesis,PE,has_pe,MEDRT
6809,N0000008650,Decreased Glycogenesis,PE,has_pe,MEDRT
6809,N0000009341,Increased Glucose Transport into Cells,PE,has_pe,MEDRT
6915,D004342,Drug Hypersensitivity,DISEASE,ci_with,MEDRT
6915,D004827,Epilepsy,DISEASE,ci_with,MEDRT
6915,D005764,Gastroesophageal Reflux,DISEASE,may_treat,MEDRT
6915,D006471,Gastrointestinal Hemorrhage,DISEASE,ci_with,MEDRT
6915,D007415,Intestinal Obstruction,DISEASE,ci_with,MEDRT
6915,D007416,Intestinal Perforation,DISEASE,ci_with,MEDRT
6915,D008787,Metoclopramide,CHEM,has_ingredient,MEDRT
6915,D010673,Pheochromocytoma,DISEASE,ci_with,MEDRT
6915,D018589,Gastroparesis,DISEASE,may_treat,MEDRT
6915,D020250,Postoperative Nausea and Vomiting,DISEASE,may_treat,MEDRT
6915,D020250,Postoperative Nausea and Vomiting,DISEASE,may_prevent,MEDRT
6915,N0000000230,Dopamine Antagonists,MOA,has_moa,MEDRT
6915,N0000009329,Increased GI Motility,PE,has_pe,MEDRT
6915,D004342,Drug Hypersensitivity,DISEASE,ci_with,MEDRT
6915,D004827,Epilepsy,DISEASE,ci_with,MEDRT
6915,D005764,Gastroesophageal Reflux,DISEASE,may_treat,MEDRT
6915,D006471,Gastrointestinal Hemorrhage,DISEASE,ci_with,MEDRT
6915,D006967,Hypersensitivity,DISEASE,ci_with,MEDRT
6915,D007415,Intestinal Obstruction,DISEASE,ci_with,MEDRT
6915,D007416,Intestinal Perforation,DISEASE,ci_with,MEDRT
6915,D008787,Metoclopramide,CHEM,has_ingredient,MEDRT
6915,D010673,Pheochromocytoma,DISEASE,ci_with,MEDRT
6915,D018589,Gastroparesis,DISEASE,may_treat,MEDRT
6915,D020250,Postoperative Nausea and Vomiting,DISEASE,may_treat,MEDRT
6915,D020250,Postoperative Nausea and Vomiting,DISEASE,may_prevent,MEDRT
6915,N0000000230,Dopamine Antagonists,MOA,has_moa,MEDRT
6915,N0000009329,Increased GI Motility,PE,has_pe,MEDRT
6915,D004342,Drug Hypersensitivity,DISEASE,ci_with,MEDRT
6915,D004827,Epilepsy,DISEASE,ci_with,MEDRT
6915,D005764,Gastroesophageal Reflux,DISEASE,may_treat,MEDRT
6915,D006471,Gastrointestinal Hemorrhage,DISEASE,ci_with,MEDRT
6915,D007415,Intestinal Obstruction,DISEASE,ci_with,MEDRT
6915,D007416,Intestinal Perforation,DISEASE,ci_with,MEDRT
6915,D008787,Metoclopramide,CHEM,has_ingredient,MEDRT
6915,D010673,Pheochromocytoma,DISEASE,ci_with,MEDRT
6915,D018589,Gastroparesis,DISEASE,may_treat,MEDRT
6915,D020250,Postoperative Nausea and Vomiting,DISEASE,may_prevent,MEDRT
6915,D020250,Postoperative Nausea and Vomiting,DISEASE,may_treat,MEDRT
6915,N0000000230,Dopamine Antagonists,MOA,has_moa,MEDRT
6915,N0000009329,Increased GI Motility,PE,has_pe,MEDRT
6916,D001002,Anuria,DISEASE,ci_with,MEDRT
6916,D003128,Coma,DISEASE,ci_with,MEDRT
6916,D004342,Drug Hypersensitivity,DISEASE,ci_with,MEDRT
6916,D004487,Edema,DISEASE,may_treat,MEDRT
6916,D006333,Heart Failure,DISEASE,may_treat,MEDRT
6916,D006973,Hypertension,DISEASE,may_treat,MEDRT
6916,D008788,Metolazone,CHEM,has_ingredient,MEDRT
6916,D009404,Nephrotic Syndrome,DISEASE,may_treat,MEDRT
6916,D011247,Pregnancy,DISEASE,ci_with,MEDRT
6916,D013449,Sulfonamides,CHEM,ci_chemclass,MEDRT
6916,D051437,Renal Insufficiency,DISEASE,ci_with,MEDRT
6916,N0000008669,Decreased Intravascular Volume,PE,has_pe,MEDRT
6916,N0000009274,Increased Distal Tubule Cl- Excretion,PE,has_pe,MEDRT
6916,N0000009275,Increased Distal Tubule H+ Excretion,PE,has_pe,MEDRT
6916,N0000009277,Increased Distal Tubule K+ Excretion,PE,has_pe,MEDRT
6916,N0000009279,Increased Distal Tubule Na+ Excretion,PE,has_pe,MEDRT
6916,N0000175359,Increased Diuresis,PE,has_pe,MEDRT
6916,N0000178477,Decreased Blood Pressure,PE,has_pe,MEDRT
6916,N0000181005,Sodium Chloride Symporter Inhibitors,MOA,has_moa,MEDRT
6851,D001171,"Arthritis, Juvenile",DISEASE,may_treat,MEDRT
6851,D001172,"Arthritis, Rheumatoid",DISEASE,may_treat,MEDRT
6851,D001778,Blood Coagulation Disorders,DISEASE,ci_with,MEDRT
6851,D001942,Breast Feeding,DISEASE,ci_with,MEDRT
6851,D001943,Breast Neoplasms,DISEASE,may_treat,MEDRT
6851,D002822,Choriocarcinoma,DISEASE,may_treat,MEDRT
6851,D003424,Crohn Disease,DISEASE,may_treat,MEDRT
6851,D004342,Drug Hypersensitivity,DISEASE,ci_with,MEDRT
6851,D004938,Esophageal Neoplasms,DISEASE,may_treat,MEDRT
6851,D006828,Hydatidiform Mole,DISEASE,may_treat,MEDRT
6851,D007938,Leukemia,DISEASE,may_treat,MEDRT
6851,D008108,"Liver Diseases, Alcoholic",DISEASE,ci_with,MEDRT
6851,D008175,Lung Neoplasms,DISEASE,may_treat,MEDRT
6851,D008727,Methotrexate,CHEM,has_ingredient,MEDRT
6851,D009182,Mycosis Fungoides,DISEASE,may_treat,MEDRT
6851,D009503,Neutropenia,DISEASE,ci_with,MEDRT
6851,D011247,Pregnancy,DISEASE,ci_with,MEDRT
6851,D011565,Psoriasis,DISEASE,may_treat,MEDRT
6851,D012516,Osteosarcoma,DISEASE,may_treat,MEDRT
6851,D013274,Stomach Neoplasms,DISEASE,may_treat,MEDRT
6851,D013736,Testicular Neoplasms,DISEASE,may_treat,MEDRT
6851,D013921,Thrombocytopenia,DISEASE,ci_with,MEDRT
6851,D015658,HIV Infections,DISEASE,ci_with,MEDRT
6851,D051437,Renal Insufficiency,DISEASE,ci_with,MEDRT
6851,N0000000098,Thymidylate Synthetase Inhibitors,MOA,has_moa,MEDRT
6851,N0000000191,Dihydrofolate Reductase Inhibitors,MOA,has_moa,MEDRT
6851,N0000008576,Decreased DNA Integrity,PE,has_pe,MEDRT
6851,N0000175550,Decreased Immunologic Activity,PE,has_pe,MEDRT
6851,N0000175676,Decreased Epithelial Proliferation,PE,has_pe,MEDRT
6851,D001171,"Arthritis, Juvenile",DISEASE,may_treat,MEDRT
6851,D001172,"Arthritis, Rheumatoid",DISEASE,may_treat,MEDRT
6851,D001778,Blood Coagulation Disorders,DISEASE,ci_with,MEDRT
6851,D001942,Breast Feeding,DISEASE,ci_with,MEDRT
6851,D001943,Breast Neoplasms,DISEASE,may_treat,MEDRT
6851,D002822,Choriocarcinoma,DISEASE,may_treat,MEDRT
6851,D003424,Crohn Disease,DISEASE,may_treat,MEDRT
6851,D004342,Drug Hypersensitivity,DISEASE,ci_with,MEDRT
6851,D004938,Esophageal Neoplasms,DISEASE,may_treat,MEDRT
6851,D006828,Hydatidiform Mole,DISEASE,may_treat,MEDRT
6851,D007938,Leukemia,DISEASE,may_treat,MEDRT
6851,D008108,"Liver Diseases, Alcoholic",DISEASE,ci_with,MEDRT
6851,D008175,Lung Neoplasms,DISEASE,may_treat,MEDRT
6851,D008727,Methotrexate,CHEM,has_ingredient,MEDRT
6851,D009182,Mycosis Fungoides,DISEASE,may_treat,MEDRT
6851,D009503,Neutropenia,DISEASE,ci_with,MEDRT
6851,D011247,Pregnancy,DISEASE,ci_with,MEDRT
6851,D011565,Psoriasis,DISEASE,may_treat,MEDRT
6851,D012516,Osteosarcoma,DISEASE,may_treat,MEDRT
6851,D013274,Stomach Neoplasms,DISEASE,may_treat,MEDRT
6851,D013736,Testicular Neoplasms,DISEASE,may_treat,MEDRT
6851,D013921,Thrombocytopenia,DISEASE,ci_with,MEDRT
6851,D015658,HIV Infections,DISEASE,ci_with,MEDRT
6851,D051437,Renal Insufficiency,DISEASE,ci_with,MEDRT
6851,N0000000098,Thymidylate Synthetase Inhibitors,MOA,has_moa,MEDRT
6851,N0000000191,Dihydrofolate Reductase Inhibitors,MOA,has_moa,MEDRT
6851,N0000008576,Decreased DNA Integrity,PE,has_pe,MEDRT
6851,N0000175550,Decreased Immunologic Activity,PE,has_pe,MEDRT
6851,N0000175676,Decreased Epithelial Proliferation,PE,has_pe,MEDRT
6926,D003929,Diabetic Neuropathies,DISEASE,may_treat,MEDRT
6926,D004342,Drug Hypersensitivity,DISEASE,ci_with,MEDRT
6926,D006327,Heart Block,DISEASE,ci_with,MEDRT
6926,D008801,Mexiletine,CHEM,has_ingredient,MEDRT
6926,D012770,"Shock, Cardiogenic",DISEASE,ci_with,MEDRT
6926,D014693,Ventricular Fibrillation,DISEASE,may_treat,MEDRT
6926,D018879,Ventricular Premature Complexes,DISEASE,may_treat,MEDRT
6926,N0000000180,Sodium Channel Interactions,MOA,has_moa,MEDRT
6926,N0000008330,Cardiac Rhythm Alteration,PE,has_pe,MEDRT
6926,D003929,Diabetic Neuropathies,DISEASE,may_treat,MEDRT
6926,D004342,Drug Hypersensitivity,DISEASE,ci_with,MEDRT
6926,D006327,Heart Block,DISEASE,ci_with,MEDRT
6926,D008801,Mexiletine,CHEM,has_ingredient,MEDRT
6926,D012770,"Shock, Cardiogenic",DISEASE,ci_with,MEDRT
6926,D014693,Ventricular Fibrillation,DISEASE,may_treat,MEDRT
6926,D018879,Ventricular Premature Complexes,DISEASE,may_treat,MEDRT
6926,N0000000180,Sodium Channel Interactions,MOA,has_moa,MEDRT
6926,N0000008330,Cardiac Rhythm Alteration,PE,has_pe,MEDRT
6960,D001008,Anxiety Disorders,DISEASE,may_treat,MEDRT
6960,D004342,Drug Hypersensitivity,DISEASE,ci_with,MEDRT
6960,D007234,"Infant, Premature",DISEASE,ci_with,MEDRT
6960,D008874,Midazolam,CHEM,has_ingredient,MEDRT
6960,D011247,Pregnancy,DISEASE,ci_with,MEDRT
6960,D011595,Psychomotor Agitation,DISEASE,may_treat,MEDRT
6960,D013226,Status Epilepticus,DISEASE,may_treat,MEDRT
6960,D015812,"Glaucoma, Angle-Closure",DISEASE,ci_with,MEDRT
6960,N0000000118,GABA A Modulators,MOA,has_moa,MEDRT
6960,N0000009188,Increased Central Nervous System GABA Activity,PE,has_pe,MEDRT
6960,D001008,Anxiety Disorders,DISEASE,may_treat,MEDRT
6960,D004342,Drug Hypersensitivity,DISEASE,ci_with,MEDRT
6960,D007234,"Infant, Premature",DISEASE,ci_with,MEDRT
6960,D008874,Midazolam,CHEM,has_ingredient,MEDRT
6960,D011247,Pregnancy,DISEASE,ci_with,MEDRT
6960,D011595,Psychomotor Agitation,DISEASE,may_treat,MEDRT
6960,D013226,Status Epilepticus,DISEASE,may_treat,MEDRT
6960,D015812,"Glaucoma, Angle-Closure",DISEASE,ci_with,MEDRT
6960,N0000000118,GABA A Modulators,MOA,has_moa,MEDRT
6960,N0000009188,Increased Central Nervous System GABA Activity,PE,has_pe,MEDRT
6960,D001008,Anxiety Disorders,DISEASE,may_treat,MEDRT
6960,D004342,Drug Hypersensitivity,DISEASE,ci_with,MEDRT
6960,D007234,"Infant, Premature",DISEASE,ci_with,MEDRT
6960,D008874,Midazolam,CHEM,has_ingredient,MEDRT
6960,D011247,Pregnancy,DISEASE,ci_with,MEDRT
6960,D011595,Psychomotor Agitation,DISEASE,may_treat,MEDRT
6960,D013226,Status Epilepticus,DISEASE,may_treat,MEDRT
6960,D015812,"Glaucoma, Angle-Closure",DISEASE,ci_with,MEDRT
6960,N0000000118,GABA A Modulators,MOA,has_moa,MEDRT
6960,N0000009188,Increased Central Nervous System GABA Activity,PE,has_pe,MEDRT
15996,D000078785,Mirtazapine,CHEM,has_ingredient,MEDRT
15996,D003866,Depressive Disorder,DISEASE,may_treat,MEDRT
15996,D004342,Drug Hypersensitivity,DISEASE,ci_with,MEDRT
15996,N0000000090,Serotonin 5HT-3 Antagonists,MOA,has_moa,MEDRT
15996,N0000000125,Cholinergic Muscarinic Antagonists,MOA,has_moa,MEDRT
15996,N0000000184,Monoamine Oxidase Inhibitors,MOA,ci_moa,MEDRT
15996,N0000000190,Histamine H1 Receptor Antagonists,MOA,has_moa,MEDRT
15996,N0000009456,Increased Norepinephrine Activity,PE,has_pe,MEDRT
15996,N0000009585,Increased Serotonin Activity,PE,has_pe,MEDRT
15996,N0000009919,Adrenergic alpha1-Antagonists,MOA,has_moa,MEDRT
15996,N0000009920,Adrenergic alpha2-Antagonists,MOA,has_moa,MEDRT
15996,D003866,Depressive Disorder,DISEASE,may_treat,MEDRT
15996,D004342,Drug Hypersensitivity,DISEASE,ci_with,MEDRT
15996,N0000000090,Serotonin 5HT-3 Antagonists,MOA,has_moa,MEDRT
15996,N0000000125,Cholinergic Muscarinic Antagonists,MOA,has_moa,MEDRT
15996,N0000000184,Monoamine Oxidase Inhibitors,MOA,ci_moa,MEDRT
15996,N0000000190,Histamine H1 Receptor Antagonists,MOA,has_moa,MEDRT
15996,N0000009456,Increased Norepinephrine Activity,PE,has_pe,MEDRT
15996,N0000009585,Increased Serotonin Activity,PE,has_pe,MEDRT
15996,N0000009919,Adrenergic alpha1-Antagonists,MOA,has_moa,MEDRT
15996,N0000009920,Adrenergic alpha2-Antagonists,MOA,has_moa,MEDRT
108118,D000068656,Mometasone Furoate,CHEM,has_ingredient,MEDRT
108118,D003881,Dermatomycoses,DISEASE,ci_with,MEDRT
108118,D004342,Drug Hypersensitivity,DISEASE,ci_with,MEDRT
108118,D005148,Facial Dermatoses,DISEASE,may_treat,MEDRT
108118,D005533,Foot Dermatoses,DISEASE,may_treat,MEDRT
108118,D006229,Hand Dermatoses,DISEASE,may_treat,MEDRT
108118,D006561,Herpes Simplex,DISEASE,ci_with,MEDRT
108118,D006562,Herpes Zoster,DISEASE,ci_with,MEDRT
108118,D007249,Inflammation,DISEASE,may_treat,MEDRT
108118,D007868,Leg Dermatoses,DISEASE,may_treat,MEDRT
108118,D011537,Pruritus,DISEASE,may_treat,MEDRT
108118,D012221,"Rhinitis, Allergic, Perennial",DISEASE,may_treat,MEDRT
108118,D012536,Scalp Dermatoses,DISEASE,may_treat,MEDRT
108118,D014382,"Tuberculosis, Cutaneous",DISEASE,ci_with,MEDRT
108118,N0000000134,Lipoxygenase Inhibitors,MOA,has_moa,MEDRT
108118,N0000000159,Glucocorticoid Receptor Agonists,MOA,has_moa,MEDRT
108118,N0000008681,Decreased Leukotriene Activity,PE,has_pe,MEDRT
108118,N0000008834,Decreased Prostaglandin Activity,PE,has_pe,MEDRT
108118,N0000008841,Decreased Protein Synthesis,PE,has_pe,MEDRT
108118,N0000009004,Decreased Thromboxane Activity,PE,has_pe,MEDRT
108118,N0000009908,Vasoconstriction,PE,has_pe,MEDRT
108118,D000068656,Mometasone Furoate,CHEM,has_ingredient,MEDRT
108118,D003881,Dermatomycoses,DISEASE,ci_with,MEDRT
108118,D004342,Drug Hypersensitivity,DISEASE,ci_with,MEDRT
108118,D005148,Facial Dermatoses,DISEASE,may_treat,MEDRT
108118,D005533,Foot Dermatoses,DISEASE,may_treat,MEDRT
108118,D006229,Hand Dermatoses,DISEASE,may_treat,MEDRT
108118,D006561,Herpes Simplex,DISEASE,ci_with,MEDRT
108118,D006562,Herpes Zoster,DISEASE,ci_with,MEDRT
108118,D006967,Hypersensitivity,DISEASE,ci_with,MEDRT
108118,D007249,Inflammation,DISEASE,may_treat,MEDRT
108118,D007868,Leg Dermatoses,DISEASE,may_treat,MEDRT
108118,D011537,Pruritus,DISEASE,may_treat,MEDRT
108118,D012221,"Rhinitis, Allergic, Perennial",DISEASE,may_treat,MEDRT
108118,D012536,Scalp Dermatoses,DISEASE,may_treat,MEDRT
108118,D014382,"Tuberculosis, Cutaneous",DISEASE,ci_with,MEDRT
108118,N0000000134,Lipoxygenase Inhibitors,MOA,has_moa,MEDRT
108118,N0000000159,Glucocorticoid Receptor Agonists,MOA,has_moa,MEDRT
108118,N0000008681,Decreased Leukotriene Activity,PE,has_pe,MEDRT
108118,N0000008834,Decreased Prostaglandin Activity,PE,has_pe,MEDRT
108118,N0000008841,Decreased Protein Synthesis,PE,has_pe,MEDRT
108118,N0000009004,Decreased Thromboxane Activity,PE,has_pe,MEDRT
108118,N0000009908,Vasoconstriction,PE,has_pe,MEDRT
108118,D000068656,Mometasone Furoate,CHEM,has_ingredient,MEDRT
108118,D003881,Dermatomycoses,DISEASE,ci_with,MEDRT
108118,D004342,Drug Hypersensitivity,DISEASE,ci_with,MEDRT
108118,D005148,Facial Dermatoses,DISEASE,may_treat,MEDRT
108118,D005533,Foot Dermatoses,DISEASE,may_treat,MEDRT
108118,D006229,Hand Dermatoses,DISEASE,may_treat,MEDRT
108118,D006561,Herpes Simplex,DISEASE,ci_with,MEDRT
108118,D006562,Herpes Zoster,DISEASE,ci_with,MEDRT
108118,D006967,Hypersensitivity,DISEASE,ci_with,MEDRT
108118,D007249,Inflammation,DISEASE,may_treat,MEDRT
108118,D007868,Leg Dermatoses,DISEASE,may_treat,MEDRT
108118,D011537,Pruritus,DISEASE,may_treat,MEDRT
108118,D012221,"Rhinitis, Allergic, Perennial",DISEASE,may_treat,MEDRT
108118,D012536,Scalp Dermatoses,DISEASE,may_treat,MEDRT
108118,D014382,"Tuberculosis, Cutaneous",DISEASE,ci_with,MEDRT
108118,N0000000134,Lipoxygenase Inhibitors,MOA,has_moa,MEDRT
108118,N0000000159,Glucocorticoid Receptor Agonists,MOA,has_moa,MEDRT
108118,N0000008681,Decreased Leukotriene Activity,PE,has_pe,MEDRT
108118,N0000008834,Decreased Prostaglandin Activity,PE,has_pe,MEDRT
108118,N0000008841,Decreased Protein Synthesis,PE,has_pe,MEDRT
108118,N0000009004,Decreased Thromboxane Activity,PE,has_pe,MEDRT
108118,N0000009908,Vasoconstriction,PE,has_pe,MEDRT
88249,D000085,Acetates,CHEM,has_ingredient,MEDRT
88249,D001249,Asthma,DISEASE,may_treat,MEDRT
88249,D004342,Drug Hypersensitivity,DISEASE,ci_with,MEDRT
88249,D012221,"Rhinitis, Allergic, Perennial",DISEASE,may_treat,MEDRT
88249,N0000000083,Leukotriene Receptor Antagonists,MOA,has_moa,MEDRT
88249,N0000008322,Bronchodilation,PE,has_pe,MEDRT
88249,N0000009970,Decreased Tracheo-Bronchial Mucosal Edema,PE,has_pe,MEDRT
88249,D000085,Acetates,CHEM,has_ingredient,MEDRT
88249,D001249,Asthma,DISEASE,may_treat,MEDRT
88249,D003521,Cyclopropanes,CHEM,has_ingredient,MEDRT
88249,D004342,Drug Hypersensitivity,DISEASE,ci_with,MEDRT
88249,D011804,Quinolines,CHEM,has_ingredient,MEDRT
88249,D012221,"Rhinitis, Allergic, Perennial",DISEASE,may_treat,MEDRT
88249,D013440,Sulfides,CHEM,has_ingredient,MEDRT
88249,N0000000083,Leukotriene Receptor Antagonists,MOA,has_moa,MEDRT
88249,N0000008322,Bronchodilation,PE,has_pe,MEDRT
88249,N0000009970,Decreased Tracheo-Bronchial Mucosal Edema,PE,has_pe,MEDRT
7052,D001249,Asthma,DISEASE,ci_with,MEDRT
7052,D004342,Drug Hypersensitivity,DISEASE,ci_with,MEDRT
7052,D004417,Dyspnea,DISEASE,may_treat,MEDRT
7052,D007415,Intestinal Obstruction,DISEASE,ci_with,MEDRT
7052,D007418,Intestinal Pseudo-Obstruction,DISEASE,ci_with,MEDRT
7052,D010148,Intractable Pain,DISEASE,may_treat,MEDRT
7052,D012131,Respiratory Insufficiency,DISEASE,ci_with,MEDRT
7052,D019586,Intracranial Hypertension,DISEASE,ci_with,MEDRT
7052,N0000000184,Monoamine Oxidase Inhibitors,MOA,ci_moa,MEDRT
7052,N0000008377,Cutaneous Arterial Vasodilation,PE,has_pe,MEDRT
7052,N0000008635,Decreased GI Motility,PE,has_pe,MEDRT
7052,N0000008768,Decreased Organized Electrical Activity,PE,has_pe,MEDRT
7052,N0000009793,Pancreatic Secretion Alteration,PE,has_pe,MEDRT
7052,N0000020054,Bile Secretion Volume Alteration,PE,has_pe,MEDRT
7052,N0000175439,Analgesia,PE,has_pe,MEDRT
7052,N0000191866,Opioid mu-Receptor Agonists,MOA,has_moa,MEDRT
7052,D001249,Asthma,DISEASE,ci_with,MEDRT
7052,D004342,Drug Hypersensitivity,DISEASE,ci_with,MEDRT
7052,D004417,Dyspnea,DISEASE,may_treat,MEDRT
7052,D007415,Intestinal Obstruction,DISEASE,ci_with,MEDRT
7052,D007418,Intestinal Pseudo-Obstruction,DISEASE,ci_with,MEDRT
7052,D010148,Intractable Pain,DISEASE,may_treat,MEDRT
7052,D012131,Respiratory Insufficiency,DISEASE,ci_with,MEDRT
7052,D019586,Intracranial Hypertension,DISEASE,ci_with,MEDRT
7052,N0000000184,Monoamine Oxidase Inhibitors,MOA,ci_moa,MEDRT
7052,N0000008377,Cutaneous Arterial Vasodilation,PE,has_pe,MEDRT
7052,N0000008635,Decreased GI Motility,PE,has_pe,MEDRT
7052,N0000008768,Decreased Organized Electrical Activity,PE,has_pe,MEDRT
7052,N0000009793,Pancreatic Secretion Alteration,PE,has_pe,MEDRT
7052,N0000020054,Bile Secretion Volume Alteration,PE,has_pe,MEDRT
7052,N0000175439,Analgesia,PE,has_pe,MEDRT
7052,N0000191866,Opioid mu-Receptor Agonists,MOA,has_moa,MEDRT
7052,D001249,Asthma,DISEASE,ci_with,MEDRT
7052,D004342,Drug Hypersensitivity,DISEASE,ci_with,MEDRT
7052,D004417,Dyspnea,DISEASE,may_treat,MEDRT
7052,D007415,Intestinal Obstruction,DISEASE,ci_with,MEDRT
7052,D007418,Intestinal Pseudo-Obstruction,DISEASE,ci_with,MEDRT
7052,D009020,Morphine,CHEM,has_ingredient,MEDRT
7052,D010148,Intractable Pain,DISEASE,may_treat,MEDRT
7052,D012131,Respiratory Insufficiency,DISEASE,ci_with,MEDRT
7052,D019586,Intracranial Hypertension,DISEASE,ci_with,MEDRT
7052,N0000000184,Monoamine Oxidase Inhibitors,MOA,ci_moa,MEDRT
7052,N0000008377,Cutaneous Arterial Vasodilation,PE,has_pe,MEDRT
7052,N0000008635,Decreased GI Motility,PE,has_pe,MEDRT
7052,N0000008768,Decreased Organized Electrical Activity,PE,has_pe,MEDRT
7052,N0000009793,Pancreatic Secretion Alteration,PE,has_pe,MEDRT
7052,N0000020054,Bile Secretion Volume Alteration,PE,has_pe,MEDRT
7052,N0000175439,Analgesia,PE,has_pe,MEDRT
7052,N0000191866,Opioid mu-Receptor Agonists,MOA,has_moa,MEDRT
7052,D001249,Asthma,DISEASE,ci_with,MEDRT
7052,D004342,Drug Hypersensitivity,DISEASE,ci_with,MEDRT
7052,D004417,Dyspnea,DISEASE,may_treat,MEDRT
7052,D007415,Intestinal Obstruction,DISEASE,ci_with,MEDRT
7052,D007418,Intestinal Pseudo-Obstruction,DISEASE,ci_with,MEDRT
7052,D009020,Morphine,CHEM,has_ingredient,MEDRT
7052,D010148,Intractable Pain,DISEASE,may_treat,MEDRT
7052,D012131,Respiratory Insufficiency,DISEASE,ci_with,MEDRT
7052,D019586,Intracranial Hypertension,DISEASE,ci_with,MEDRT
7052,N0000000184,Monoamine Oxidase Inhibitors,MOA,ci_moa,MEDRT
7052,N0000008377,Cutaneous Arterial Vasodilation,PE,has_pe,MEDRT
7052,N0000008635,Decreased GI Motility,PE,has_pe,MEDRT
7052,N0000008768,Decreased Organized Electrical Activity,PE,has_pe,MEDRT
7052,N0000009793,Pancreatic Secretion Alteration,PE,has_pe,MEDRT
7052,N0000020054,Bile Secretion Volume Alteration,PE,has_pe,MEDRT
7052,N0000175439,Analgesia,PE,has_pe,MEDRT
7052,N0000191866,Opioid mu-Receptor Agonists,MOA,has_moa,MEDRT
7242,D004342,Drug Hypersensitivity,DISEASE,ci_with,MEDRT
7242,D009293,Opioid-Related Disorders,DISEASE,may_treat,MEDRT
7242,D012120,Respiration Disorders,DISEASE,may_treat,MEDRT
7242,D012772,"Shock, Septic",DISEASE,may_treat,MEDRT
7242,N0000000154,Opioid Antagonists,MOA,has_moa,MEDRT
7242,N0000009393,Increased Medullary Respiratory Drive,PE,has_pe,MEDRT
7242,N0000175729,Central Nervous System Stimulation,PE,has_pe,MEDRT
7242,N0000178478,Increased Blood Pressure,PE,has_pe,MEDRT
7242,D004342,Drug Hypersensitivity,DISEASE,ci_with,MEDRT
7242,D009270,Naloxone,CHEM,has_ingredient,MEDRT
7242,D009293,Opioid-Related Disorders,DISEASE,may_treat,MEDRT
7242,D009293,Opioid-Related Disorders,DISEASE,may_diagnose,MEDRT
7242,D012120,Respiration Disorders,DISEASE,may_treat,MEDRT
7242,D012772,"Shock, Septic",DISEASE,may_treat,MEDRT
7242,N0000000154,Opioid Antagonists,MOA,has_moa,MEDRT
7242,N0000009393,Increased Medullary Respiratory Drive,PE,has_pe,MEDRT
7242,N0000175729,Central Nervous System Stimulation,PE,has_pe,MEDRT
7242,N0000178478,Increased Blood Pressure,PE,has_pe,MEDRT
7242,D004342,Drug Hypersensitivity,DISEASE,ci_with,MEDRT
7242,D009270,Naloxone,CHEM,has_ingredient,MEDRT
7242,D009293,Opioid-Related Disorders,DISEASE,may_treat,MEDRT
7242,D009293,Opioid-Related Disorders,DISEASE,may_diagnose,MEDRT
7242,D012120,Respiration Disorders,DISEASE,may_treat,MEDRT
7242,D012772,"Shock, Septic",DISEASE,may_treat,MEDRT
7242,N0000000154,Opioid Antagonists,MOA,has_moa,MEDRT
7242,N0000009393,Increased Medullary Respiratory Drive,PE,has_pe,MEDRT
7242,N0000175729,Central Nervous System Stimulation,PE,has_pe,MEDRT
7242,N0000178478,Increased Blood Pressure,PE,has_pe,MEDRT
298665,D004342,Drug Hypersensitivity,DISEASE,ci_with,MEDRT
298665,D010648,Phenylacetates,CHEM,has_ingredient,MEDRT
298665,D044482,Benzeneacetamides,CHEM,has_ingredient,MEDRT
298665,D058447,Eye Pain,DISEASE,may_treat,MEDRT
298665,D058447,Eye Pain,DISEASE,may_prevent,MEDRT
298665,N0000000160,Cyclooxygenase Inhibitors,MOA,has_moa,MEDRT
298665,N0000008836,Decreased Prostaglandin Production,PE,has_pe,MEDRT
7405,D003324,Coronary Artery Disease,DISEASE,may_prevent,MEDRT
7405,D003967,Diarrhea,DISEASE,induces,MEDRT
7405,D004342,Drug Hypersensitivity,DISEASE,ci_with,MEDRT
7405,D005483,Flushing,DISEASE,induces,MEDRT
7405,D006470,Hemorrhage,DISEASE,ci_with,MEDRT
7405,D006937,Hypercholesterolemia,DISEASE,may_treat,MEDRT
7405,D007022,Hypotension,DISEASE,ci_with,MEDRT
7405,D008107,Liver Diseases,DISEASE,ci_with,MEDRT
7405,D010383,Pellagra,DISEASE,may_treat,MEDRT
7405,D010383,Pellagra,DISEASE,may_prevent,MEDRT
7405,D010437,Peptic Ulcer,DISEASE,ci_with,MEDRT
7405,D015228,Hypertriglyceridemia,DISEASE,may_treat,MEDRT
7405,D016491,Peripheral Vascular Diseases,DISEASE,may_treat,MEDRT
7405,N0000000163,Enzyme Interactions,MOA,has_moa,MEDRT
7405,N0000000231,Enzyme Activators,MOA,has_moa,MEDRT
7405,N0000008337,Cellular Activity Alteration,PE,has_pe,MEDRT
7405,N0000008555,Decreased Cholesterol Synthesis,PE,has_pe,MEDRT
7405,N0000008687,Decreased Lipogenesis,PE,has_pe,MEDRT
7405,N0000009061,Glucose Metabolism Alteration,PE,has_pe,MEDRT
7405,N0000009345,Increased Glycogenolysis,PE,has_pe,MEDRT
7405,N0000009399,Increased Metabolic Rate,PE,has_pe,MEDRT
7405,N0000009739,Lipid Metabolism Alteration,PE,has_pe,MEDRT
7405,N0000009749,Metabolic Rate Alteration,PE,has_pe,MEDRT
7405,D003324,Coronary Artery Disease,DISEASE,may_prevent,MEDRT
7405,D003967,Diarrhea,DISEASE,induces,MEDRT
7405,D004342,Drug Hypersensitivity,DISEASE,ci_with,MEDRT
7405,D005414,Flatulence,DISEASE,induces,MEDRT
7405,D005483,Flushing,DISEASE,induces,MEDRT
7405,D006470,Hemorrhage,DISEASE,ci_with,MEDRT
7405,D006937,Hypercholesterolemia,DISEASE,may_treat,MEDRT
7405,D007022,Hypotension,DISEASE,ci_with,MEDRT
7405,D008107,Liver Diseases,DISEASE,ci_with,MEDRT
7405,D009536,Niacinamide,CHEM,has_ingredient,MEDRT
7405,D010383,Pellagra,DISEASE,may_treat,MEDRT
7405,D010383,Pellagra,DISEASE,may_prevent,MEDRT
7405,D010437,Peptic Ulcer,DISEASE,ci_with,MEDRT
7405,D015228,Hypertriglyceridemia,DISEASE,may_treat,MEDRT
7405,D016491,Peripheral Vascular Diseases,DISEASE,may_treat,MEDRT
7405,N0000000163,Enzyme Interactions,MOA,has_moa,MEDRT
7405,N0000000231,Enzyme Activators,MOA,has_moa,MEDRT
7405,N0000008337,Cellular Activity Alteration,PE,has_pe,MEDRT
7405,N0000008555,Decreased Cholesterol Synthesis,PE,has_pe,MEDRT
7405,N0000008687,Decreased Lipogenesis,PE,has_pe,MEDRT
7405,N0000009061,Glucose Metabolism Alteration,PE,has_pe,MEDRT
7405,N0000009345,Increased Glycogenolysis,PE,has_pe,MEDRT
7405,N0000009399,Increased Metabolic Rate,PE,has_pe,MEDRT
7405,N0000009739,Lipid Metabolism Alteration,PE,has_pe,MEDRT
1592737,D007211,Indoles,CHEM,has_ingredient,MEDRT
1592737,D054990,Idiopathic Pulmonary Fibrosis,DISEASE,may_treat,MEDRT
1592737,N0000020000,Receptor Tyrosine Kinase Inhibitors,MOA,has_moa,MEDRT
1592737,N0000175678,Decreased Endothelial Proliferation,PE,has_pe,MEDRT
1592737,D007211,Indoles,CHEM,has_ingredient,MEDRT
1592737,D054990,Idiopathic Pulmonary Fibrosis,DISEASE,may_treat,MEDRT
1592737,N0000020000,Receptor Tyrosine Kinase Inhibitors,MOA,has_moa,MEDRT
1592737,N0000175678,Decreased Endothelial Proliferation,PE,has_pe,MEDRT
7597,D002178,"Candidiasis, Chronic Mucocutaneous",DISEASE,may_treat,MEDRT
7597,D002179,"Candidiasis, Cutaneous",DISEASE,may_prevent,MEDRT
7597,D002179,"Candidiasis, Cutaneous",DISEASE,may_treat,MEDRT
7597,D002180,"Candidiasis, Oral",DISEASE,may_treat,MEDRT
7597,D002181,"Candidiasis, Vulvovaginal",DISEASE,may_treat,MEDRT
7597,D004342,Drug Hypersensitivity,DISEASE,ci_with,MEDRT
7597,D009761,Nystatin,CHEM,has_ingredient,MEDRT
7597,D017088,AIDS-Related Opportunistic Infections,DISEASE,may_prevent,MEDRT
7597,N0000008478,Decreased Cell Wall Integrity,PE,has_pe,MEDRT
7597,N0000009957,Ergosterol Synthesis Inhibitors,MOA,has_moa,MEDRT
4917,D000068581,Tadalafil,CHEM,ci_chemclass,MEDRT
4917,D000068677,Sildenafil Citrate,CHEM,ci_chemclass,MEDRT
4917,D000069058,Vardenafil Dihydrochloride,CHEM,ci_chemclass,MEDRT
4917,D000740,Anemia,DISEASE,ci_with,MEDRT
4917,D000787,Angina Pectoris,DISEASE,may_treat,MEDRT
4917,D000787,Angina Pectoris,DISEASE,may_prevent,MEDRT
4917,D002543,Cerebral Hemorrhage,DISEASE,ci_with,MEDRT
4917,D004342,Drug Hypersensitivity,DISEASE,ci_with,MEDRT
4917,D004461,Eclampsia,DISEASE,may_treat,MEDRT
4917,D005401,Fissure in Ano,DISEASE,may_treat,MEDRT
4917,D005996,Nitroglycerin,CHEM,has_ingredient,MEDRT
4917,D006259,Craniocerebral Trauma,DISEASE,ci_with,MEDRT
4917,D006333,Heart Failure,DISEASE,may_treat,MEDRT
4917,D006976,"Hypertension, Pulmonary",DISEASE,may_treat,MEDRT
4917,D007431,Intraoperative Complications,DISEASE,may_treat,MEDRT
4917,D009203,Myocardial Infarction,DISEASE,may_treat,MEDRT
4917,D011720,Pyrazoles,CHEM,ci_chemclass,MEDRT
4917,D011743,Pyrimidines,CHEM,ci_chemclass,MEDRT
4917,D012769,Shock,DISEASE,ci_with,MEDRT
4917,D015155,"Esophageal Spasm, Diffuse",DISEASE,may_treat,MEDRT
4917,D015812,"Glaucoma, Angle-Closure",DISEASE,ci_with,MEDRT
4917,N0000000120,Nitric Oxide Donors,MOA,has_moa,MEDRT
4917,N0000008299,Arterial Vasodilation,PE,has_pe,MEDRT
4917,N0000009455,Increased Nitric Oxide Activity,PE,has_pe,MEDRT
4917,N0000009911,Venous Vasodilation,PE,has_pe,MEDRT
4917,N0000010271,Decreased Vascular Smooth Muscle Tone,PE,has_pe,MEDRT
4917,N0000020026,Phosphodiesterase 5 Inhibitors,MOA,ci_moa,MEDRT
4917,N0000178477,Decreased Blood Pressure,PE,has_pe,MEDRT
4917,N0000185499,Guanylate Cyclase Activators,MOA,has_moa,MEDRT
61381,D000077152,Olanzapine,CHEM,has_ingredient,MEDRT
61381,D001714,Bipolar Disorder,DISEASE,may_treat,MEDRT
61381,D004342,Drug Hypersensitivity,DISEASE,ci_with,MEDRT
61381,D011618,Psychotic Disorders,DISEASE,may_treat,MEDRT
61381,D012559,Schizophrenia,DISEASE,may_treat,MEDRT
61381,N0000000074,GABA A Antagonists,MOA,has_moa,MEDRT
61381,N0000000099,Adrenergic alpha-Antagonists,MOA,has_moa,MEDRT
61381,N0000000125,Cholinergic Muscarinic Antagonists,MOA,has_moa,MEDRT
61381,N0000000130,Serotonin Antagonists,MOA,has_moa,MEDRT
61381,N0000000161,Adrenergic beta-Antagonists,MOA,has_moa,MEDRT
61381,N0000000190,Histamine H1 Receptor Antagonists,MOA,has_moa,MEDRT
61381,N0000000230,Dopamine Antagonists,MOA,has_moa,MEDRT
61381,N0000008383,Decreased Acetylcholine Activity,PE,has_pe,MEDRT
61381,N0000008588,Decreased Dopamine Activity,PE,has_pe,MEDRT
61381,N0000008610,Decreased Enteric Nervous System GABA Activity,PE,has_pe,MEDRT
61381,N0000008657,Decreased Histamine Activity,PE,has_pe,MEDRT
61381,N0000008764,Decreased Norepinephrine Activity,PE,has_pe,MEDRT
61381,N0000008893,Decreased Serotonin Activity,PE,has_pe,MEDRT
61381,D000077152,Olanzapine,CHEM,has_ingredient,MEDRT
61381,D001714,Bipolar Disorder,DISEASE,may_treat,MEDRT
61381,D004342,Drug Hypersensitivity,DISEASE,ci_with,MEDRT
61381,D011618,Psychotic Disorders,DISEASE,may_treat,MEDRT
61381,D012559,Schizophrenia,DISEASE,may_treat,MEDRT
61381,N0000000074,GABA A Antagonists,MOA,has_moa,MEDRT
61381,N0000000099,Adrenergic alpha-Antagonists,MOA,has_moa,MEDRT
61381,N0000000125,Cholinergic Muscarinic Antagonists,MOA,has_moa,MEDRT
61381,N0000000130,Serotonin Antagonists,MOA,has_moa,MEDRT
61381,N0000000161,Adrenergic beta-Antagonists,MOA,has_moa,MEDRT
61381,N0000000190,Histamine H1 Receptor Antagonists,MOA,has_moa,MEDRT
61381,N0000000230,Dopamine Antagonists,MOA,has_moa,MEDRT
61381,N0000008383,Decreased Acetylcholine Activity,PE,has_pe,MEDRT
61381,N0000008588,Decreased Dopamine Activity,PE,has_pe,MEDRT
61381,N0000008610,Decreased Enteric Nervous System GABA Activity,PE,has_pe,MEDRT
61381,N0000008657,Decreased Histamine Activity,PE,has_pe,MEDRT
61381,N0000008764,Decreased Norepinephrine Activity,PE,has_pe,MEDRT
61381,N0000008893,Decreased Serotonin Activity,PE,has_pe,MEDRT
61381,D001714,Bipolar Disorder,DISEASE,may_treat,MEDRT
61381,D004342,Drug Hypersensitivity,DISEASE,ci_with,MEDRT
61381,D011618,Psychotic Disorders,DISEASE,may_treat,MEDRT
61381,D012559,Schizophrenia,DISEASE,may_treat,MEDRT
61381,N0000000074,GABA A Antagonists,MOA,has_moa,MEDRT
61381,N0000000099,Adrenergic alpha-Antagonists,MOA,has_moa,MEDRT
61381,N0000000125,Cholinergic Muscarinic Antagonists,MOA,has_moa,MEDRT
61381,N0000000130,Serotonin Antagonists,MOA,has_moa,MEDRT
61381,N0000000161,Adrenergic beta-Antagonists,MOA,has_moa,MEDRT
61381,N0000000190,Histamine H1 Receptor Antagonists,MOA,has_moa,MEDRT
61381,N0000000230,Dopamine Antagonists,MOA,has_moa,MEDRT
61381,N0000008383,Decreased Acetylcholine Activity,PE,has_pe,MEDRT
61381,N0000008588,Decreased Dopamine Activity,PE,has_pe,MEDRT
61381,N0000008610,Decreased Enteric Nervous System GABA Activity,PE,has_pe,MEDRT
61381,N0000008657,Decreased Histamine Activity,PE,has_pe,MEDRT
61381,N0000008764,Decreased Norepinephrine Activity,PE,has_pe,MEDRT
61381,N0000008893,Decreased Serotonin Activity,PE,has_pe,MEDRT
118463,D000068557,Olmesartan Medoxomil,CHEM,has_ingredient,MEDRT
118463,D003928,Diabetic Nephropathies,DISEASE,may_treat,MEDRT
118463,D004342,Drug Hypersensitivity,DISEASE,ci_with,MEDRT
118463,D006333,Heart Failure,DISEASE,may_treat,MEDRT
118463,D006929,Hyperaldosteronism,DISEASE,ci_with,MEDRT
118463,D006973,Hypertension,DISEASE,may_treat,MEDRT
118463,D007022,Hypotension,DISEASE,ci_with,MEDRT
118463,D011247,Pregnancy,DISEASE,ci_with,MEDRT
118463,D018487,"Ventricular Dysfunction, Left",DISEASE,may_treat,MEDRT
118463,N0000000070,Angiotensin 2 Receptor Antagonists,MOA,has_moa,MEDRT
118463,N0000008669,Decreased Intravascular Volume,PE,has_pe,MEDRT
118463,N0000008731,Decreased Mineralocorticoid Secretion,PE,has_pe,MEDRT
118463,N0000008859,Decreased Renal K+ Excretion,PE,has_pe,MEDRT
118463,N0000009553,Increased Renal Na+ Excretion,PE,has_pe,MEDRT
118463,N0000009825,Renal Arterial Vasoconstriction,PE,ci_pe,MEDRT
118463,N0000009826,Renal Arterial Vasodilation,PE,has_pe,MEDRT
118463,N0000178477,Decreased Blood Pressure,PE,has_pe,MEDRT
118463,D003928,Diabetic Nephropathies,DISEASE,may_treat,MEDRT
118463,D004342,Drug Hypersensitivity,DISEASE,ci_with,MEDRT
118463,D006333,Heart Failure,DISEASE,may_treat,MEDRT
118463,D006929,Hyperaldosteronism,DISEASE,ci_with,MEDRT
118463,D006973,Hypertension,DISEASE,may_treat,MEDRT
118463,D007022,Hypotension,DISEASE,ci_with,MEDRT
118463,D007093,Imidazoles,CHEM,has_ingredient,MEDRT
118463,D011247,Pregnancy,DISEASE,ci_with,MEDRT
118463,D013777,Tetrazoles,CHEM,has_ingredient,MEDRT
118463,D018487,"Ventricular Dysfunction, Left",DISEASE,may_treat,MEDRT
118463,N0000000070,Angiotensin 2 Receptor Antagonists,MOA,has_moa,MEDRT
118463,N0000008669,Decreased Intravascular Volume,PE,has_pe,MEDRT
118463,N0000008731,Decreased Mineralocorticoid Secretion,PE,has_pe,MEDRT
118463,N0000008859,Decreased Renal K+ Excretion,PE,has_pe,MEDRT
118463,N0000009553,Increased Renal Na+ Excretion,PE,has_pe,MEDRT
118463,N0000009825,Renal Arterial Vasoconstriction,PE,ci_pe,MEDRT
118463,N0000009826,Renal Arterial Vasodilation,PE,has_pe,MEDRT
118463,N0000178477,Decreased Blood Pressure,PE,has_pe,MEDRT
135391,D000069605,Olopatadine Hydrochloride,CHEM,has_ingredient,MEDRT
135391,D003233,"Conjunctivitis, Allergic",DISEASE,may_treat,MEDRT
135391,D004342,Drug Hypersensitivity,DISEASE,ci_with,MEDRT
135391,N0000000190,Histamine H1 Receptor Antagonists,MOA,has_moa,MEDRT
135391,N0000008657,Decreased Histamine Activity,PE,has_pe,MEDRT
135391,D000069605,Olopatadine Hydrochloride,CHEM,has_ingredient,MEDRT
135391,D003233,"Conjunctivitis, Allergic",DISEASE,may_treat,MEDRT
135391,D004342,Drug Hypersensitivity,DISEASE,ci_with,MEDRT
135391,N0000000190,Histamine H1 Receptor Antagonists,MOA,has_moa,MEDRT
135391,N0000008657,Decreased Histamine Activity,PE,has_pe,MEDRT
260101,D004342,Drug Hypersensitivity,DISEASE,ci_with,MEDRT
260101,D007251,"Influenza, Human",DISEASE,may_prevent,MEDRT
260101,D007251,"Influenza, Human",DISEASE,may_treat,MEDRT
260101,N0000009925,Unknown Physiological Effect,PE,has_pe,MEDRT
260101,N0000175436,Neuraminidase Inhibitors,MOA,has_moa,MEDRT
260101,D004342,Drug Hypersensitivity,DISEASE,ci_with,MEDRT
260101,D007251,"Influenza, Human",DISEASE,may_prevent,MEDRT
260101,D007251,"Influenza, Human",DISEASE,may_treat,MEDRT
260101,D053139,Oseltamivir,CHEM,has_ingredient,MEDRT
260101,N0000009925,Unknown Physiological Effect,PE,has_pe,MEDRT
260101,N0000175436,Neuraminidase Inhibitors,MOA,has_moa,MEDRT
1721560,D000178,Acrylamides,CHEM,has_ingredient,MEDRT
1721560,D002289,"Carcinoma, Non-Small-Cell Lung",DISEASE,may_treat,MEDRT
1721560,N0000175082,Kinase Inhibitors,MOA,has_moa,MEDRT
1721560,N0000175672,Cellular Proliferation Alteration,PE,has_pe,MEDRT
1721560,N0000185506,Cytochrome P450 3A4 Inducers,MOA,has_moa,MEDRT
1721560,N0000190113,Breast Cancer Resistance Protein Inhibitors,MOA,has_moa,MEDRT
1721560,N0000190114,Cytochrome P450 3A Inhibitors,MOA,has_moa,MEDRT
1721560,N0000191266,Cytochrome P450 1A2 Inducers,MOA,has_moa,MEDRT
1721560,D000178,Acrylamides,CHEM,has_ingredient,MEDRT
1721560,D000814,Aniline Compounds,CHEM,has_ingredient,MEDRT
1721560,D002289,"Carcinoma, Non-Small-Cell Lung",DISEASE,may_treat,MEDRT
1721560,D007211,Indoles,CHEM,has_ingredient,MEDRT
1721560,D011743,Pyrimidines,CHEM,has_ingredient,MEDRT
1721560,N0000175082,Kinase Inhibitors,MOA,has_moa,MEDRT
1721560,N0000175672,Cellular Proliferation Alteration,PE,has_pe,MEDRT
1721560,N0000185506,Cytochrome P450 3A4 Inducers,MOA,has_moa,MEDRT
1721560,N0000190113,Breast Cancer Resistance Protein Inhibitors,MOA,has_moa,MEDRT
1721560,N0000190114,Cytochrome P450 3A Inhibitors,MOA,has_moa,MEDRT
1721560,N0000191266,Cytochrome P450 1A2 Inducers,MOA,has_moa,MEDRT
54236,D010879,Piperazines,CHEM,has_ingredient,MEDRT
32937,D001068,Feeding and Eating Disorders,DISEASE,may_treat,MEDRT
32937,D003866,Depressive Disorder,DISEASE,may_treat,MEDRT
32937,D004342,Drug Hypersensitivity,DISEASE,ci_with,MEDRT
32937,D009771,Obsessive-Compulsive Disorder,DISEASE,may_treat,MEDRT
32937,D010698,Phobic Disorders,DISEASE,may_treat,MEDRT
32937,D010868,Pimozide,CHEM,ci_chemclass,MEDRT
32937,D013313,"Stress Disorders, Post-Traumatic",DISEASE,may_treat,MEDRT
32937,D013881,Thioridazine,CHEM,ci_chemclass,MEDRT
32937,D016584,Panic Disorder,DISEASE,may_treat,MEDRT
32937,D017374,Paroxetine,CHEM,has_ingredient,MEDRT
32937,N0000000109,Serotonin Uptake Inhibitors,MOA,has_moa,MEDRT
32937,N0000000184,Monoamine Oxidase Inhibitors,MOA,ci_moa,MEDRT
32937,N0000009142,Increased Brain Stem Serotonin Activity,PE,has_pe,MEDRT
32937,D001068,Feeding and Eating Disorders,DISEASE,may_treat,MEDRT
32937,D003866,Depressive Disorder,DISEASE,may_treat,MEDRT
32937,D004342,Drug Hypersensitivity,DISEASE,ci_with,MEDRT
32937,D009771,Obsessive-Compulsive Disorder,DISEASE,may_treat,MEDRT
32937,D010698,Phobic Disorders,DISEASE,may_treat,MEDRT
32937,D010868,Pimozide,CHEM,ci_chemclass,MEDRT
32937,D013313,"Stress Disorders, Post-Traumatic",DISEASE,may_treat,MEDRT
32937,D013881,Thioridazine,CHEM,ci_chemclass,MEDRT
32937,D016584,Panic Disorder,DISEASE,may_treat,MEDRT
32937,D017374,Paroxetine,CHEM,has_ingredient,MEDRT
32937,N0000000109,Serotonin Uptake Inhibitors,MOA,has_moa,MEDRT
32937,N0000000184,Monoamine Oxidase Inhibitors,MOA,ci_moa,MEDRT
32937,N0000009142,Increased Brain Stem Serotonin Activity,PE,has_pe,MEDRT
32937,D001068,Feeding and Eating Disorders,DISEASE,may_treat,MEDRT
32937,D003866,Depressive Disorder,DISEASE,may_treat,MEDRT
32937,D004342,Drug Hypersensitivity,DISEASE,ci_with,MEDRT
32937,D009771,Obsessive-Compulsive Disorder,DISEASE,may_treat,MEDRT
32937,D010698,Phobic Disorders,DISEASE,may_treat,MEDRT
32937,D010868,Pimozide,CHEM,ci_chemclass,MEDRT
32937,D013313,"Stress Disorders, Post-Traumatic",DISEASE,may_treat,MEDRT
32937,D013881,Thioridazine,CHEM,ci_chemclass,MEDRT
32937,D016584,Panic Disorder,DISEASE,may_treat,MEDRT
32937,D017374,Paroxetine,CHEM,has_ingredient,MEDRT
32937,N0000000109,Serotonin Uptake Inhibitors,MOA,has_moa,MEDRT
32937,N0000000184,Monoamine Oxidase Inhibitors,MOA,ci_moa,MEDRT
32937,N0000009142,Increased Brain Stem Serotonin Activity,PE,has_pe,MEDRT
32937,D001068,Feeding and Eating Disorders,DISEASE,may_treat,MEDRT
32937,D003866,Depressive Disorder,DISEASE,may_treat,MEDRT
32937,D004342,Drug Hypersensitivity,DISEASE,ci_with,MEDRT
32937,D009771,Obsessive-Compulsive Disorder,DISEASE,may_treat,MEDRT
32937,D010698,Phobic Disorders,DISEASE,may_treat,MEDRT
32937,D010868,Pimozide,CHEM,ci_chemclass,MEDRT
32937,D013313,"Stress Disorders, Post-Traumatic",DISEASE,may_treat,MEDRT
32937,D013881,Thioridazine,CHEM,ci_chemclass,MEDRT
32937,D016584,Panic Disorder,DISEASE,may_treat,MEDRT
32937,D017374,Paroxetine,CHEM,has_ingredient,MEDRT
32937,N0000000109,Serotonin Uptake Inhibitors,MOA,has_moa,MEDRT
32937,N0000000184,Monoamine Oxidase Inhibitors,MOA,ci_moa,MEDRT
32937,N0000009142,Increased Brain Stem Serotonin Activity,PE,has_pe,MEDRT
32937,D001068,Feeding and Eating Disorders,DISEASE,may_treat,MEDRT
32937,D003866,Depressive Disorder,DISEASE,may_treat,MEDRT
32937,D004342,Drug Hypersensitivity,DISEASE,ci_with,MEDRT
32937,D009771,Obsessive-Compulsive Disorder,DISEASE,may_treat,MEDRT
32937,D010698,Phobic Disorders,DISEASE,may_treat,MEDRT
32937,D010868,Pimozide,CHEM,ci_chemclass,MEDRT
32937,D013313,"Stress Disorders, Post-Traumatic",DISEASE,may_treat,MEDRT
32937,D013881,Thioridazine,CHEM,ci_chemclass,MEDRT
32937,D016584,Panic Disorder,DISEASE,may_treat,MEDRT
32937,N0000000109,Serotonin Uptake Inhibitors,MOA,has_moa,MEDRT
32937,N0000000184,Monoamine Oxidase Inhibitors,MOA,ci_moa,MEDRT
32937,N0000009142,Increased Brain Stem Serotonin Activity,PE,has_pe,MEDRT
8076,D001778,Blood Coagulation Disorders,DISEASE,ci_with,MEDRT
8076,D001855,Bone Marrow Diseases,DISEASE,ci_with,MEDRT
8076,D001925,"Brain Damage, Chronic",DISEASE,ci_with,MEDRT
8076,D003128,Coma,DISEASE,ci_with,MEDRT
8076,D004342,Drug Hypersensitivity,DISEASE,ci_with,MEDRT
8076,D005879,Tourette Syndrome,DISEASE,may_treat,MEDRT
8076,D006816,Huntington Disease,DISEASE,may_treat,MEDRT
8076,D009325,Nausea,DISEASE,may_treat,MEDRT
8076,D010265,Paraproteinemias,DISEASE,ci_with,MEDRT
8076,D010546,Perphenazine,CHEM,has_ingredient,MEDRT
8076,D011618,Psychotic Disorders,DISEASE,may_treat,MEDRT
8076,D012202,Reye Syndrome,DISEASE,may_treat,MEDRT
8076,D012559,Schizophrenia,DISEASE,may_treat,MEDRT
8076,D013375,Substance Withdrawal Syndrome,DISEASE,may_treat,MEDRT
8076,D014103,Torticollis,DISEASE,may_treat,MEDRT
8076,D014839,Vomiting,DISEASE,may_treat,MEDRT
8076,N0000000099,Adrenergic alpha-Antagonists,MOA,has_moa,MEDRT
8076,N0000000230,Dopamine Antagonists,MOA,has_moa,MEDRT
8076,N0000008588,Decreased Dopamine Activity,PE,has_pe,MEDRT
8076,N0000008764,Decreased Norepinephrine Activity,PE,has_pe,MEDRT
8076,N0000009072,Hypothalamic Endocrine Activity Alteration,PE,has_pe,MEDRT
8076,N0000175728,Central Nervous System Depression,PE,ci_pe,MEDRT
8076,D001778,Blood Coagulation Disorders,DISEASE,ci_with,MEDRT
8076,D001855,Bone Marrow Diseases,DISEASE,ci_with,MEDRT
8076,D001925,"Brain Damage, Chronic",DISEASE,ci_with,MEDRT
8076,D003128,Coma,DISEASE,ci_with,MEDRT
8076,D004342,Drug Hypersensitivity,DISEASE,ci_with,MEDRT
8076,D005879,Tourette Syndrome,DISEASE,may_treat,MEDRT
8076,D006816,Huntington Disease,DISEASE,may_treat,MEDRT
8076,D009325,Nausea,DISEASE,may_treat,MEDRT
8076,D010265,Paraproteinemias,DISEASE,ci_with,MEDRT
8076,D010546,Perphenazine,CHEM,has_ingredient,MEDRT
8076,D011618,Psychotic Disorders,DISEASE,may_treat,MEDRT
8076,D012202,Reye Syndrome,DISEASE,may_treat,MEDRT
8076,D012559,Schizophrenia,DISEASE,may_treat,MEDRT
8076,D013375,Substance Withdrawal Syndrome,DISEASE,may_treat,MEDRT
8076,D014103,Torticollis,DISEASE,may_treat,MEDRT
8076,D014839,Vomiting,DISEASE,may_treat,MEDRT
8076,N0000000099,Adrenergic alpha-Antagonists,MOA,has_moa,MEDRT
8076,N0000000230,Dopamine Antagonists,MOA,has_moa,MEDRT
8076,N0000008588,Decreased Dopamine Activity,PE,has_pe,MEDRT
8076,N0000008764,Decreased Norepinephrine Activity,PE,has_pe,MEDRT
8076,N0000009072,Hypothalamic Endocrine Activity Alteration,PE,has_pe,MEDRT
8076,N0000175728,Central Nervous System Depression,PE,ci_pe,MEDRT
54552,D000799,Angioedema,DISEASE,ci_with,MEDRT
54552,D003928,Diabetic Nephropathies,DISEASE,may_treat,MEDRT
54552,D003928,Diabetic Nephropathies,DISEASE,may_prevent,MEDRT
54552,D004342,Drug Hypersensitivity,DISEASE,ci_with,MEDRT
54552,D006333,Heart Failure,DISEASE,may_treat,MEDRT
54552,D006929,Hyperaldosteronism,DISEASE,ci_with,MEDRT
54552,D006973,Hypertension,DISEASE,may_treat,MEDRT
54552,D007022,Hypotension,DISEASE,ci_with,MEDRT
54552,D009203,Myocardial Infarction,DISEASE,may_prevent,MEDRT
54552,D011247,Pregnancy,DISEASE,ci_with,MEDRT
54552,D017379,"Hypertrophy, Left Ventricular",DISEASE,may_prevent,MEDRT
54552,D018487,"Ventricular Dysfunction, Left",DISEASE,may_treat,MEDRT
54552,D018487,"Ventricular Dysfunction, Left",DISEASE,may_prevent,MEDRT
54552,N0000000181,Angiotensin-converting Enzyme Inhibitors,MOA,has_moa,MEDRT
54552,N0000008423,Decreased Bradykinin Degradation,PE,has_pe,MEDRT
54552,N0000008669,Decreased Intravascular Volume,PE,has_pe,MEDRT
54552,N0000008731,Decreased Mineralocorticoid Secretion,PE,has_pe,MEDRT
54552,N0000008859,Decreased Renal K+ Excretion,PE,has_pe,MEDRT
54552,N0000009553,Increased Renal Na+ Excretion,PE,has_pe,MEDRT
54552,N0000009826,Renal Arterial Vasodilation,PE,has_pe,MEDRT
54552,N0000178477,Decreased Blood Pressure,PE,has_pe,MEDRT
54552,N0000191727,Neprilysin Inhibitors,MOA,ci_moa,MEDRT
54552,D000799,Angioedema,DISEASE,ci_with,MEDRT
54552,D003928,Diabetic Nephropathies,DISEASE,may_treat,MEDRT
54552,D003928,Diabetic Nephropathies,DISEASE,may_prevent,MEDRT
54552,D004342,Drug Hypersensitivity,DISEASE,ci_with,MEDRT
54552,D006333,Heart Failure,DISEASE,may_treat,MEDRT
54552,D006929,Hyperaldosteronism,DISEASE,ci_with,MEDRT
54552,D006973,Hypertension,DISEASE,may_treat,MEDRT
54552,D007022,Hypotension,DISEASE,ci_with,MEDRT
54552,D009203,Myocardial Infarction,DISEASE,may_prevent,MEDRT
54552,D011247,Pregnancy,DISEASE,ci_with,MEDRT
54552,D017379,"Hypertrophy, Left Ventricular",DISEASE,may_prevent,MEDRT
54552,D018487,"Ventricular Dysfunction, Left",DISEASE,may_treat,MEDRT
54552,D018487,"Ventricular Dysfunction, Left",DISEASE,may_prevent,MEDRT
54552,D020913,Perindopril,CHEM,has_ingredient,MEDRT
54552,N0000000181,Angiotensin-converting Enzyme Inhibitors,MOA,has_moa,MEDRT
54552,N0000008423,Decreased Bradykinin Degradation,PE,has_pe,MEDRT
54552,N0000008669,Decreased Intravascular Volume,PE,has_pe,MEDRT
54552,N0000008731,Decreased Mineralocorticoid Secretion,PE,has_pe,MEDRT
54552,N0000008859,Decreased Renal K+ Excretion,PE,has_pe,MEDRT
54552,N0000009553,Increased Renal Na+ Excretion,PE,has_pe,MEDRT
54552,N0000009826,Renal Arterial Vasodilation,PE,has_pe,MEDRT
54552,N0000178477,Decreased Blood Pressure,PE,has_pe,MEDRT
54552,N0000191727,Neprilysin Inhibitors,MOA,ci_moa,MEDRT
54552,D000799,Angioedema,DISEASE,ci_with,MEDRT
54552,D002082,Butylamines,CHEM,has_ingredient,MEDRT
54552,D003928,Diabetic Nephropathies,DISEASE,may_treat,MEDRT
54552,D003928,Diabetic Nephropathies,DISEASE,may_prevent,MEDRT
54552,D004342,Drug Hypersensitivity,DISEASE,ci_with,MEDRT
54552,D006333,Heart Failure,DISEASE,may_treat,MEDRT
54552,D006929,Hyperaldosteronism,DISEASE,ci_with,MEDRT
54552,D006973,Hypertension,DISEASE,may_treat,MEDRT
54552,D007022,Hypotension,DISEASE,ci_with,MEDRT
54552,D009203,Myocardial Infarction,DISEASE,may_prevent,MEDRT
54552,D011247,Pregnancy,DISEASE,ci_with,MEDRT
54552,D017379,"Hypertrophy, Left Ventricular",DISEASE,may_prevent,MEDRT
54552,D018487,"Ventricular Dysfunction, Left",DISEASE,may_treat,MEDRT
54552,D018487,"Ventricular Dysfunction, Left",DISEASE,may_prevent,MEDRT
54552,D020913,Perindopril,CHEM,has_ingredient,MEDRT
54552,N0000000181,Angiotensin-converting Enzyme Inhibitors,MOA,has_moa,MEDRT
54552,N0000008423,Decreased Bradykinin Degradation,PE,has_pe,MEDRT
54552,N0000008669,Decreased Intravascular Volume,PE,has_pe,MEDRT
54552,N0000008731,Decreased Mineralocorticoid Secretion,PE,has_pe,MEDRT
54552,N0000008859,Decreased Renal K+ Excretion,PE,has_pe,MEDRT
54552,N0000009553,Increased Renal Na+ Excretion,PE,has_pe,MEDRT
54552,N0000009826,Renal Arterial Vasodilation,PE,has_pe,MEDRT
54552,N0000178477,Decreased Blood Pressure,PE,has_pe,MEDRT
54552,N0000191727,Neprilysin Inhibitors,MOA,ci_moa,MEDRT
54552,D000799,Angioedema,DISEASE,ci_with,MEDRT
54552,D003928,Diabetic Nephropathies,DISEASE,may_treat,MEDRT
54552,D003928,Diabetic Nephropathies,DISEASE,may_prevent,MEDRT
54552,D004342,Drug Hypersensitivity,DISEASE,ci_with,MEDRT
54552,D006333,Heart Failure,DISEASE,may_treat,MEDRT
54552,D006929,Hyperaldosteronism,DISEASE,ci_with,MEDRT
54552,D006973,Hypertension,DISEASE,may_treat,MEDRT
54552,D007022,Hypotension,DISEASE,ci_with,MEDRT
54552,D009203,Myocardial Infarction,DISEASE,may_prevent,MEDRT
54552,D011247,Pregnancy,DISEASE,ci_with,MEDRT
54552,D017379,"Hypertrophy, Left Ventricular",DISEASE,may_prevent,MEDRT
54552,D018487,"Ventricular Dysfunction, Left",DISEASE,may_treat,MEDRT
54552,D018487,"Ventricular Dysfunction, Left",DISEASE,may_prevent,MEDRT
54552,N0000000181,Angiotensin-converting Enzyme Inhibitors,MOA,has_moa,MEDRT
54552,N0000008423,Decreased Bradykinin Degradation,PE,has_pe,MEDRT
54552,N0000008669,Decreased Intravascular Volume,PE,has_pe,MEDRT
54552,N0000008731,Decreased Mineralocorticoid Secretion,PE,has_pe,MEDRT
54552,N0000008859,Decreased Renal K+ Excretion,PE,has_pe,MEDRT
54552,N0000009553,Increased Renal Na+ Excretion,PE,has_pe,MEDRT
54552,N0000009826,Renal Arterial Vasodilation,PE,has_pe,MEDRT
54552,N0000178477,Decreased Blood Pressure,PE,has_pe,MEDRT
54552,N0000191727,Neprilysin Inhibitors,MOA,ci_moa,MEDRT
54552,D000799,Angioedema,DISEASE,ci_with,MEDRT
54552,D003928,Diabetic Nephropathies,DISEASE,may_treat,MEDRT
54552,D003928,Diabetic Nephropathies,DISEASE,may_prevent,MEDRT
54552,D004342,Drug Hypersensitivity,DISEASE,ci_with,MEDRT
54552,D006333,Heart Failure,DISEASE,may_treat,MEDRT
54552,D006929,Hyperaldosteronism,DISEASE,ci_with,MEDRT
54552,D006973,Hypertension,DISEASE,may_treat,MEDRT
54552,D007022,Hypotension,DISEASE,ci_with,MEDRT
54552,D009203,Myocardial Infarction,DISEASE,may_prevent,MEDRT
54552,D011247,Pregnancy,DISEASE,ci_with,MEDRT
54552,D017379,"Hypertrophy, Left Ventricular",DISEASE,may_prevent,MEDRT
54552,D018487,"Ventricular Dysfunction, Left",DISEASE,may_treat,MEDRT
54552,D018487,"Ventricular Dysfunction, Left",DISEASE,may_prevent,MEDRT
54552,D020913,Perindopril,CHEM,has_ingredient,MEDRT
54552,N0000000181,Angiotensin-converting Enzyme Inhibitors,MOA,has_moa,MEDRT
54552,N0000008423,Decreased Bradykinin Degradation,PE,has_pe,MEDRT
54552,N0000008669,Decreased Intravascular Volume,PE,has_pe,MEDRT
54552,N0000008731,Decreased Mineralocorticoid Secretion,PE,has_pe,MEDRT
54552,N0000008859,Decreased Renal K+ Excretion,PE,has_pe,MEDRT
54552,N0000009553,Increased Renal Na+ Excretion,PE,has_pe,MEDRT
54552,N0000009826,Renal Arterial Vasodilation,PE,has_pe,MEDRT
54552,N0000178477,Decreased Blood Pressure,PE,has_pe,MEDRT
54552,N0000191727,Neprilysin Inhibitors,MOA,ci_moa,MEDRT
54552,D000799,Angioedema,DISEASE,ci_with,MEDRT
54552,D002082,Butylamines,CHEM,has_ingredient,MEDRT
54552,D003928,Diabetic Nephropathies,DISEASE,may_treat,MEDRT
54552,D003928,Diabetic Nephropathies,DISEASE,may_prevent,MEDRT
54552,D004342,Drug Hypersensitivity,DISEASE,ci_with,MEDRT
54552,D006333,Heart Failure,DISEASE,may_treat,MEDRT
54552,D006929,Hyperaldosteronism,DISEASE,ci_with,MEDRT
54552,D006973,Hypertension,DISEASE,may_treat,MEDRT
54552,D007022,Hypotension,DISEASE,ci_with,MEDRT
54552,D009203,Myocardial Infarction,DISEASE,may_prevent,MEDRT
54552,D011247,Pregnancy,DISEASE,ci_with,MEDRT
54552,D017379,"Hypertrophy, Left Ventricular",DISEASE,may_prevent,MEDRT
54552,D018487,"Ventricular Dysfunction, Left",DISEASE,may_treat,MEDRT
54552,D018487,"Ventricular Dysfunction, Left",DISEASE,may_prevent,MEDRT
54552,D020913,Perindopril,CHEM,has_ingredient,MEDRT
54552,N0000000181,Angiotensin-converting Enzyme Inhibitors,MOA,has_moa,MEDRT
54552,N0000008423,Decreased Bradykinin Degradation,PE,has_pe,MEDRT
54552,N0000008669,Decreased Intravascular Volume,PE,has_pe,MEDRT
54552,N0000008731,Decreased Mineralocorticoid Secretion,PE,has_pe,MEDRT
54552,N0000008859,Decreased Renal K+ Excretion,PE,has_pe,MEDRT
54552,N0000009553,Increased Renal Na+ Excretion,PE,has_pe,MEDRT
54552,N0000009826,Renal Arterial Vasodilation,PE,has_pe,MEDRT
54552,N0000178477,Decreased Blood Pressure,PE,has_pe,MEDRT
54552,N0000191727,Neprilysin Inhibitors,MOA,ci_moa,MEDRT
388499,D000799,Angioedema,DISEASE,ci_with,MEDRT
388499,D003928,Diabetic Nephropathies,DISEASE,may_treat,MEDRT
388499,D003928,Diabetic Nephropathies,DISEASE,may_prevent,MEDRT
388499,D004342,Drug Hypersensitivity,DISEASE,ci_with,MEDRT
388499,D006333,Heart Failure,DISEASE,may_treat,MEDRT
388499,D006929,Hyperaldosteronism,DISEASE,ci_with,MEDRT
388499,D006973,Hypertension,DISEASE,may_treat,MEDRT
388499,D007022,Hypotension,DISEASE,ci_with,MEDRT
388499,D009203,Myocardial Infarction,DISEASE,may_prevent,MEDRT
388499,D011247,Pregnancy,DISEASE,ci_with,MEDRT
388499,D017379,"Hypertrophy, Left Ventricular",DISEASE,may_prevent,MEDRT
388499,D018487,"Ventricular Dysfunction, Left",DISEASE,may_prevent,MEDRT
388499,D018487,"Ventricular Dysfunction, Left",DISEASE,may_treat,MEDRT
388499,D020913,Perindopril,CHEM,has_ingredient,MEDRT
388499,N0000000181,Angiotensin-converting Enzyme Inhibitors,MOA,has_moa,MEDRT
388499,N0000008423,Decreased Bradykinin Degradation,PE,has_pe,MEDRT
388499,N0000008669,Decreased Intravascular Volume,PE,has_pe,MEDRT
388499,N0000008731,Decreased Mineralocorticoid Secretion,PE,has_pe,MEDRT
388499,N0000008859,Decreased Renal K+ Excretion,PE,has_pe,MEDRT
388499,N0000009553,Increased Renal Na+ Excretion,PE,has_pe,MEDRT
388499,N0000009826,Renal Arterial Vasodilation,PE,has_pe,MEDRT
388499,N0000178477,Decreased Blood Pressure,PE,has_pe,MEDRT
388499,N0000191727,Neprilysin Inhibitors,MOA,ci_moa,MEDRT
388499,D001002,Anuria,DISEASE,ci_with,MEDRT
388499,D004342,Drug Hypersensitivity,DISEASE,ci_with,MEDRT
388499,D004487,Edema,DISEASE,may_treat,MEDRT
388499,D006333,Heart Failure,DISEASE,may_treat,MEDRT
388499,D006973,Hypertension,DISEASE,may_treat,MEDRT
388499,D007190,Indapamide,CHEM,has_ingredient,MEDRT
388499,D009404,Nephrotic Syndrome,DISEASE,may_treat,MEDRT
388499,D011247,Pregnancy,DISEASE,ci_with,MEDRT
388499,D013449,Sulfonamides,CHEM,ci_chemclass,MEDRT
388499,D051437,Renal Insufficiency,DISEASE,ci_with,MEDRT
388499,N0000000211,Potassium Channel Interactions,MOA,has_moa,MEDRT
388499,N0000008669,Decreased Intravascular Volume,PE,has_pe,MEDRT
388499,N0000009275,Increased Distal Tubule H+ Excretion,PE,has_pe,MEDRT
388499,N0000009277,Increased Distal Tubule K+ Excretion,PE,has_pe,MEDRT
388499,N0000009279,Increased Distal Tubule Na+ Excretion,PE,has_pe,MEDRT
388499,N0000175359,Increased Diuresis,PE,has_pe,MEDRT
388499,N0000178477,Decreased Blood Pressure,PE,has_pe,MEDRT
388499,N0000181005,Sodium Chloride Symporter Inhibitors,MOA,has_moa,MEDRT
388499,D000799,Angioedema,DISEASE,ci_with,MEDRT
388499,D002082,Butylamines,CHEM,has_ingredient,MEDRT
388499,D003928,Diabetic Nephropathies,DISEASE,may_treat,MEDRT
388499,D003928,Diabetic Nephropathies,DISEASE,may_prevent,MEDRT
388499,D004342,Drug Hypersensitivity,DISEASE,ci_with,MEDRT
388499,D006333,Heart Failure,DISEASE,may_treat,MEDRT
388499,D006929,Hyperaldosteronism,DISEASE,ci_with,MEDRT
388499,D006973,Hypertension,DISEASE,may_treat,MEDRT
388499,D007022,Hypotension,DISEASE,ci_with,MEDRT
388499,D009203,Myocardial Infarction,DISEASE,may_prevent,MEDRT
388499,D011247,Pregnancy,DISEASE,ci_with,MEDRT
388499,D017379,"Hypertrophy, Left Ventricular",DISEASE,may_prevent,MEDRT
388499,D018487,"Ventricular Dysfunction, Left",DISEASE,may_prevent,MEDRT
388499,D018487,"Ventricular Dysfunction, Left",DISEASE,may_treat,MEDRT
388499,D020913,Perindopril,CHEM,has_ingredient,MEDRT
388499,N0000000181,Angiotensin-converting Enzyme Inhibitors,MOA,has_moa,MEDRT
388499,N0000008423,Decreased Bradykinin Degradation,PE,has_pe,MEDRT
388499,N0000008669,Decreased Intravascular Volume,PE,has_pe,MEDRT
388499,N0000008731,Decreased Mineralocorticoid Secretion,PE,has_pe,MEDRT
388499,N0000008859,Decreased Renal K+ Excretion,PE,has_pe,MEDRT
388499,N0000009553,Increased Renal Na+ Excretion,PE,has_pe,MEDRT
388499,N0000009826,Renal Arterial Vasodilation,PE,has_pe,MEDRT
388499,N0000178477,Decreased Blood Pressure,PE,has_pe,MEDRT
388499,N0000191727,Neprilysin Inhibitors,MOA,ci_moa,MEDRT
33738,D000077205,Pioglitazone,CHEM,has_ingredient,MEDRT
33738,D003924,"Diabetes Mellitus, Type 2",DISEASE,may_treat,MEDRT
33738,D004342,Drug Hypersensitivity,DISEASE,ci_with,MEDRT
33738,D006333,Heart Failure,DISEASE,ci_with,MEDRT
33738,D008107,Liver Diseases,DISEASE,ci_with,MEDRT
33738,N0000000225,Insulin Receptor Agonists,MOA,has_moa,MEDRT
33738,N0000009341,Increased Glucose Transport into Cells,PE,has_pe,MEDRT
33738,N0000009346,Increased Glycolysis,PE,has_pe,MEDRT
33738,N0000175375,Peroxisome Proliferator-activated Receptor alpha Agonists,MOA,has_moa,MEDRT
33738,D000077205,Pioglitazone,CHEM,has_ingredient,MEDRT
33738,D003924,"Diabetes Mellitus, Type 2",DISEASE,may_treat,MEDRT
33738,D004342,Drug Hypersensitivity,DISEASE,ci_with,MEDRT
33738,D006333,Heart Failure,DISEASE,ci_with,MEDRT
33738,D008107,Liver Diseases,DISEASE,ci_with,MEDRT
33738,N0000000225,Insulin Receptor Agonists,MOA,has_moa,MEDRT
33738,N0000009341,Increased Glucose Transport into Cells,PE,has_pe,MEDRT
33738,N0000009346,Increased Glycolysis,PE,has_pe,MEDRT
33738,N0000175375,Peroxisome Proliferator-activated Receptor alpha Agonists,MOA,has_moa,MEDRT
613391,D000068799,Prasugrel Hydrochloride,CHEM,has_ingredient,MEDRT
613391,D002544,Cerebral Infarction,DISEASE,may_prevent,MEDRT
613391,D002546,"Ischemic Attack, Transient",DISEASE,ci_with,MEDRT
613391,D003328,Coronary Thrombosis,DISEASE,may_prevent,MEDRT
613391,D004342,Drug Hypersensitivity,DISEASE,ci_with,MEDRT
613391,D009203,Myocardial Infarction,DISEASE,may_prevent,MEDRT
613391,D010437,Peptic Ulcer,DISEASE,ci_with,MEDRT
613391,D020300,Intracranial Hemorrhages,DISEASE,ci_with,MEDRT
613391,D020521,Stroke,DISEASE,ci_with,MEDRT
613391,N0000008832,Decreased Platelet Aggregation,PE,has_pe,MEDRT
613391,N0000182143,P2Y12 Receptor Antagonists,MOA,has_moa,MEDRT
613391,D000068799,Prasugrel Hydrochloride,CHEM,has_ingredient,MEDRT
613391,D002544,Cerebral Infarction,DISEASE,may_prevent,MEDRT
613391,D002546,"Ischemic Attack, Transient",DISEASE,ci_with,MEDRT
613391,D003328,Coronary Thrombosis,DISEASE,may_prevent,MEDRT
613391,D004342,Drug Hypersensitivity,DISEASE,ci_with,MEDRT
613391,D009203,Myocardial Infarction,DISEASE,may_prevent,MEDRT
613391,D010437,Peptic Ulcer,DISEASE,ci_with,MEDRT
613391,D020300,Intracranial Hemorrhages,DISEASE,ci_with,MEDRT
613391,D020521,Stroke,DISEASE,ci_with,MEDRT
613391,N0000008832,Decreased Platelet Aggregation,PE,has_pe,MEDRT
613391,N0000182143,P2Y12 Receptor Antagonists,MOA,has_moa,MEDRT
42463,D003324,Coronary Artery Disease,DISEASE,may_treat,MEDRT
42463,D003324,Coronary Artery Disease,DISEASE,may_prevent,MEDRT
42463,D004342,Drug Hypersensitivity,DISEASE,ci_with,MEDRT
42463,D006937,Hypercholesterolemia,DISEASE,may_treat,MEDRT
42463,D006951,Hyperlipoproteinemias,DISEASE,may_treat,MEDRT
42463,D007774,Lactation,DISEASE,ci_with,MEDRT
42463,D011247,Pregnancy,DISEASE,ci_with,MEDRT
42463,D015228,Hypertriglyceridemia,DISEASE,may_treat,MEDRT
42463,D017035,Pravastatin,CHEM,has_ingredient,MEDRT
42463,D017093,Liver Failure,DISEASE,ci_with,MEDRT
42463,N0000000026,Hepatic Metabolism,PK,site_of_metabolism,MEDRT
42463,N0000000121,Hydroxymethylglutaryl-CoA Reductase Inhibitors,MOA,has_moa,MEDRT
42463,N0000008555,Decreased Cholesterol Synthesis,PE,has_pe,MEDRT
42463,D003324,Coronary Artery Disease,DISEASE,may_treat,MEDRT
42463,D003324,Coronary Artery Disease,DISEASE,may_prevent,MEDRT
42463,D004342,Drug Hypersensitivity,DISEASE,ci_with,MEDRT
42463,D006937,Hypercholesterolemia,DISEASE,may_treat,MEDRT
42463,D006951,Hyperlipoproteinemias,DISEASE,may_treat,MEDRT
42463,D007774,Lactation,DISEASE,ci_with,MEDRT
42463,D011247,Pregnancy,DISEASE,ci_with,MEDRT
42463,D015228,Hypertriglyceridemia,DISEASE,may_treat,MEDRT
42463,D017035,Pravastatin,CHEM,has_ingredient,MEDRT
42463,D017093,Liver Failure,DISEASE,ci_with,MEDRT
42463,N0000000026,Hepatic Metabolism,PK,site_of_metabolism,MEDRT
42463,N0000000121,Hydroxymethylglutaryl-CoA Reductase Inhibitors,MOA,has_moa,MEDRT
42463,N0000008555,Decreased Cholesterol Synthesis,PE,has_pe,MEDRT
8640,D000309,Adrenal Insufficiency,DISEASE,may_treat,MEDRT
8640,D000744,"Anemia, Hemolytic, Autoimmune",DISEASE,may_treat,MEDRT
8640,D001172,"Arthritis, Rheumatoid",DISEASE,may_prevent,MEDRT
8640,D001249,Asthma,DISEASE,may_treat,MEDRT
8640,D001607,Berylliosis,DISEASE,may_treat,MEDRT
8640,D002062,Bursitis,DISEASE,may_treat,MEDRT
8640,D002644,Chickenpox,DISEASE,ci_with,MEDRT
8640,D003093,"Colitis, Ulcerative",DISEASE,may_treat,MEDRT
8640,D003095,Collagen Diseases,DISEASE,may_treat,MEDRT
8640,D003233,"Conjunctivitis, Allergic",DISEASE,may_treat,MEDRT
8640,D003874,Dermatitis Herpetiformis,DISEASE,may_treat,MEDRT
8640,D003876,"Dermatitis, Atopic",DISEASE,may_treat,MEDRT
8640,D003877,"Dermatitis, Contact",DISEASE,may_treat,MEDRT
8640,D003882,Dermatomyositis,DISEASE,may_prevent,MEDRT
8640,D004342,Drug Hypersensitivity,DISEASE,ci_with,MEDRT
8640,D004892,Erythema Multiforme,DISEASE,may_treat,MEDRT
8640,D006086,Graft vs Host Disease,DISEASE,may_treat,MEDRT
8640,D006934,Hypercalcemia,DISEASE,may_treat,MEDRT
8640,D007239,Infections,DISEASE,ci_with,MEDRT
8640,D007249,Inflammation,DISEASE,may_treat,MEDRT
8640,D007500,Iritis,DISEASE,may_treat,MEDRT
8640,D007938,Leukemia,DISEASE,may_treat,MEDRT
8640,D008180,"Lupus Erythematosus, Systemic",DISEASE,may_treat,MEDRT
8640,D008223,Lymphoma,DISEASE,may_treat,MEDRT
8640,D009103,Multiple Sclerosis,DISEASE,may_treat,MEDRT
8640,D009181,Mycoses,DISEASE,ci_with,MEDRT
8640,D009404,Nephrotic Syndrome,DISEASE,may_treat,MEDRT
8640,D009437,Neuralgia,DISEASE,may_prevent,MEDRT
8640,D010392,Pemphigus,DISEASE,may_treat,MEDRT
8640,D011241,Prednisone,CHEM,has_ingredient,MEDRT
8640,D012216,Rheumatic Diseases,DISEASE,may_treat,MEDRT
8640,D012507,Sarcoidosis,DISEASE,may_treat,MEDRT
8640,D012628,"Dermatitis, Seborrheic",DISEASE,may_treat,MEDRT
8640,D012713,Serum Sickness,DISEASE,may_treat,MEDRT
8640,D013167,"Spondylitis, Ankylosing",DISEASE,may_treat,MEDRT
8640,D013585,Synovitis,DISEASE,may_treat,MEDRT
8640,D013966,Thyroiditis,DISEASE,may_treat,MEDRT
8640,D014397,"Tuberculosis, Pulmonary",DISEASE,may_treat,MEDRT
8640,D015210,"Arthritis, Gouty",DISEASE,may_prevent,MEDRT
8640,D015535,"Arthritis, Psoriatic",DISEASE,may_treat,MEDRT
8640,D016553,"Purpura, Thrombocytopenic, Idiopathic",DISEASE,may_treat,MEDRT
8640,D065631,"Rhinitis, Allergic",DISEASE,may_treat,MEDRT
8640,N0000000134,Lipoxygenase Inhibitors,MOA,has_moa,MEDRT
8640,N0000000159,Glucocorticoid Receptor Agonists,MOA,has_moa,MEDRT
8640,N0000008327,Carbohydrate Metabolism Alteration,PE,has_pe,MEDRT
8640,N0000008645,Decreased Glucocorticoid Secretion,PE,has_pe,MEDRT
8640,N0000008681,Decreased Leukotriene Activity,PE,has_pe,MEDRT
8640,N0000008700,Decreased Lysosomal Function,PE,has_pe,MEDRT
8640,N0000008834,Decreased Prostaglandin Activity,PE,has_pe,MEDRT
8640,N0000008841,Decreased Protein Synthesis,PE,has_pe,MEDRT
8640,N0000009004,Decreased Thromboxane Activity,PE,has_pe,MEDRT
8640,N0000009739,Lipid Metabolism Alteration,PE,has_pe,MEDRT
8640,N0000010246,Decreased Polymorphonuclear Leukocyte Migration,PE,has_pe,MEDRT
8640,N0000010248,Decreased Fibroblast Migration,PE,has_pe,MEDRT
8640,N0000010253,Decreased Capillary Permeability,PE,has_pe,MEDRT
187832,D000069583,Pregabalin,CHEM,has_ingredient,MEDRT
187832,D004342,Drug Hypersensitivity,DISEASE,ci_with,MEDRT
187832,D005356,Fibromyalgia,DISEASE,may_treat,MEDRT
187832,D012640,Seizures,DISEASE,may_treat,MEDRT
187832,D013119,Spinal Cord Injuries,DISEASE,may_treat,MEDRT
187832,D051474,"Neuralgia, Postherpetic",DISEASE,may_treat,MEDRT
187832,N0000009915,Unknown Cellular or Molecular Interaction,MOA,has_moa,MEDRT
8742,D001855,Bone Marrow Diseases,DISEASE,ci_with,MEDRT
8742,D003128,Coma,DISEASE,ci_with,MEDRT
8742,D004342,Drug Hypersensitivity,DISEASE,ci_with,MEDRT
8742,D009325,Nausea,DISEASE,may_treat,MEDRT
8742,D011395,Promazine,CHEM,has_ingredient,MEDRT
8742,D011618,Psychotic Disorders,DISEASE,may_treat,MEDRT
8742,D012559,Schizophrenia,DISEASE,may_treat,MEDRT
8742,D014839,Vomiting,DISEASE,may_treat,MEDRT
8742,N0000000099,Adrenergic alpha-Antagonists,MOA,has_moa,MEDRT
8742,N0000000230,Dopamine Antagonists,MOA,has_moa,MEDRT
8742,N0000008588,Decreased Dopamine Activity,PE,has_pe,MEDRT
8742,N0000008764,Decreased Norepinephrine Activity,PE,has_pe,MEDRT
8742,N0000009072,Hypothalamic Endocrine Activity Alteration,PE,has_pe,MEDRT
8742,D001855,Bone Marrow Diseases,DISEASE,ci_with,MEDRT
8742,D003128,Coma,DISEASE,ci_with,MEDRT
8742,D004342,Drug Hypersensitivity,DISEASE,ci_with,MEDRT
8742,D009325,Nausea,DISEASE,may_treat,MEDRT
8742,D011395,Promazine,CHEM,has_ingredient,MEDRT
8742,D011618,Psychotic Disorders,DISEASE,may_treat,MEDRT
8742,D012559,Schizophrenia,DISEASE,may_treat,MEDRT
8742,D014839,Vomiting,DISEASE,may_treat,MEDRT
8742,N0000000099,Adrenergic alpha-Antagonists,MOA,has_moa,MEDRT
8742,N0000000230,Dopamine Antagonists,MOA,has_moa,MEDRT
8742,N0000008588,Decreased Dopamine Activity,PE,has_pe,MEDRT
8742,N0000008764,Decreased Norepinephrine Activity,PE,has_pe,MEDRT
8742,N0000009072,Hypothalamic Endocrine Activity Alteration,PE,has_pe,MEDRT
8754,D001281,Atrial Fibrillation,DISEASE,may_treat,MEDRT
8754,D001919,Bradycardia,DISEASE,ci_with,MEDRT
8754,D001986,Bronchial Spasm,DISEASE,ci_with,MEDRT
8754,D002219,Carbamates,CHEM,ci_chemclass,MEDRT
8754,D002927,Cimetidine,CHEM,ci_chemclass,MEDRT
8754,D004342,Drug Hypersensitivity,DISEASE,ci_with,MEDRT
8754,D005663,Furans,CHEM,ci_chemclass,MEDRT
8754,D006333,Heart Failure,DISEASE,ci_with,MEDRT
8754,D007022,Hypotension,DISEASE,ci_with,MEDRT
8754,D008173,"Lung Diseases, Obstructive",DISEASE,ci_with,MEDRT
8754,D008790,Metoprolol,CHEM,ci_chemclass,MEDRT
8754,D011405,Propafenone,CHEM,has_ingredient,MEDRT
8754,D011433,Propranolol,CHEM,ci_chemclass,MEDRT
8754,D011802,Quinidine,CHEM,ci_chemclass,MEDRT
8754,D012770,"Shock, Cardiogenic",DISEASE,ci_with,MEDRT
8754,D012804,Sick Sinus Syndrome,DISEASE,ci_with,MEDRT
8754,D013449,Sulfonamides,CHEM,ci_chemclass,MEDRT
8754,D013617,"Tachycardia, Supraventricular",DISEASE,may_treat,MEDRT
8754,D014883,Water-Electrolyte Imbalance,DISEASE,ci_with,MEDRT
8754,D018754,Ventricular Dysfunction,DISEASE,ci_with,MEDRT
8754,D019438,Ritonavir,CHEM,ci_chemclass,MEDRT
8754,D053840,Brugada Syndrome,DISEASE,ci_with,MEDRT
8754,D054537,Atrioventricular Block,DISEASE,ci_with,MEDRT
8754,N0000000026,Hepatic Metabolism,PK,site_of_metabolism,MEDRT
8754,N0000000161,Adrenergic beta-Antagonists,MOA,has_moa,MEDRT
8754,N0000000180,Sodium Channel Interactions,MOA,has_moa,MEDRT
8754,N0000008472,Decreased Cardiac Muscle Organized Electrical Activity,PE,has_pe,MEDRT
8754,N0000009756,Negative Chronotropy,PE,has_pe,MEDRT
8754,N0000175976,Local Anesthesia,PE,has_pe,MEDRT
8754,D001281,Atrial Fibrillation,DISEASE,may_treat,MEDRT
8754,D001919,Bradycardia,DISEASE,ci_with,MEDRT
8754,D001986,Bronchial Spasm,DISEASE,ci_with,MEDRT
8754,D002219,Carbamates,CHEM,ci_chemclass,MEDRT
8754,D002927,Cimetidine,CHEM,ci_chemclass,MEDRT
8754,D004342,Drug Hypersensitivity,DISEASE,ci_with,MEDRT
8754,D005663,Furans,CHEM,ci_chemclass,MEDRT
8754,D006333,Heart Failure,DISEASE,ci_with,MEDRT
8754,D007022,Hypotension,DISEASE,ci_with,MEDRT
8754,D008173,"Lung Diseases, Obstructive",DISEASE,ci_with,MEDRT
8754,D008790,Metoprolol,CHEM,ci_chemclass,MEDRT
8754,D011405,Propafenone,CHEM,has_ingredient,MEDRT
8754,D011433,Propranolol,CHEM,ci_chemclass,MEDRT
8754,D011802,Quinidine,CHEM,ci_chemclass,MEDRT
8754,D012770,"Shock, Cardiogenic",DISEASE,ci_with,MEDRT
8754,D012804,Sick Sinus Syndrome,DISEASE,ci_with,MEDRT
8754,D013449,Sulfonamides,CHEM,ci_chemclass,MEDRT
8754,D013617,"Tachycardia, Supraventricular",DISEASE,may_treat,MEDRT
8754,D014883,Water-Electrolyte Imbalance,DISEASE,ci_with,MEDRT
8754,D018754,Ventricular Dysfunction,DISEASE,ci_with,MEDRT
8754,D019438,Ritonavir,CHEM,ci_chemclass,MEDRT
8754,D053840,Brugada Syndrome,DISEASE,ci_with,MEDRT
8754,D054537,Atrioventricular Block,DISEASE,ci_with,MEDRT
8754,N0000000026,Hepatic Metabolism,PK,site_of_metabolism,MEDRT
8754,N0000000161,Adrenergic beta-Antagonists,MOA,has_moa,MEDRT
8754,N0000000180,Sodium Channel Interactions,MOA,has_moa,MEDRT
8754,N0000008472,Decreased Cardiac Muscle Organized Electrical Activity,PE,has_pe,MEDRT
8754,N0000009756,Negative Chronotropy,PE,has_pe,MEDRT
8754,N0000175976,Local Anesthesia,PE,has_pe,MEDRT
8782,D003693,Delirium,DISEASE,may_treat,MEDRT
8782,D007774,Lactation,DISEASE,ci_with,MEDRT
8782,D010146,Pain,DISEASE,may_treat,MEDRT
8782,D010146,Pain,DISEASE,may_prevent,MEDRT
8782,D011247,Pregnancy,DISEASE,ci_with,MEDRT
8782,D011269,"Pregnancy, Abdominal",DISEASE,ci_with,MEDRT
8782,D011595,Psychomotor Agitation,DISEASE,may_treat,MEDRT
8782,D013226,Status Epilepticus,DISEASE,may_treat,MEDRT
8782,D020250,Postoperative Nausea and Vomiting,DISEASE,may_prevent,MEDRT
8782,N0000000118,GABA A Modulators,MOA,has_moa,MEDRT
8782,N0000008486,Decreased Central Nervous System Disorganized Electrical Activity,PE,has_pe,MEDRT
8782,N0000008501,Decreased Central Nervous System Organized Electrical Activity,PE,has_pe,MEDRT
8782,N0000008821,Decreased Peripheral Nervous System Organized Electrical Activity,PE,has_pe,MEDRT
8782,N0000175975,General Anesthesia,PE,has_pe,MEDRT
8782,D003693,Delirium,DISEASE,may_treat,MEDRT
8782,D004342,Drug Hypersensitivity,DISEASE,ci_with,MEDRT
8782,D007774,Lactation,DISEASE,ci_with,MEDRT
8782,D010146,Pain,DISEASE,may_prevent,MEDRT
8782,D010146,Pain,DISEASE,may_treat,MEDRT
8782,D011247,Pregnancy,DISEASE,ci_with,MEDRT
8782,D011269,"Pregnancy, Abdominal",DISEASE,ci_with,MEDRT
8782,D011595,Psychomotor Agitation,DISEASE,may_treat,MEDRT
8782,D012131,Respiratory Insufficiency,DISEASE,induces,MEDRT
8782,D013226,Status Epilepticus,DISEASE,may_treat,MEDRT
8782,D014474,Unconsciousness,DISEASE,induces,MEDRT
8782,D015742,Propofol,CHEM,has_ingredient,MEDRT
8782,D020250,Postoperative Nausea and Vomiting,DISEASE,may_prevent,MEDRT
8782,N0000000118,GABA A Modulators,MOA,has_moa,MEDRT
8782,N0000008486,Decreased Central Nervous System Disorganized Electrical Activity,PE,has_pe,MEDRT
8782,N0000008501,Decreased Central Nervous System Organized Electrical Activity,PE,has_pe,MEDRT
8782,N0000008821,Decreased Peripheral Nervous System Organized Electrical Activity,PE,has_pe,MEDRT
8782,N0000175975,General Anesthesia,PE,has_pe,MEDRT
8787,D000787,Angina Pectoris,DISEASE,may_treat,MEDRT
8787,D001249,Asthma,DISEASE,ci_with,MEDRT
8787,D001919,Bradycardia,DISEASE,ci_with,MEDRT
8787,D004342,Drug Hypersensitivity,DISEASE,ci_with,MEDRT
8787,D004932,Esophageal and Gastric Varices,DISEASE,may_treat,MEDRT
8787,D006333,Heart Failure,DISEASE,ci_with,MEDRT
8787,D006333,Heart Failure,DISEASE,may_treat,MEDRT
8787,D006973,Hypertension,DISEASE,may_treat,MEDRT
8787,D007022,Hypotension,DISEASE,ci_with,MEDRT
8787,D008881,Migraine Disorders,DISEASE,may_prevent,MEDRT
8787,D009203,Myocardial Infarction,DISEASE,may_treat,MEDRT
8787,D010673,Pheochromocytoma,DISEASE,may_treat,MEDRT
8787,D011247,Pregnancy,DISEASE,ci_with,MEDRT
8787,D011433,Propranolol,CHEM,has_ingredient,MEDRT
8787,D011654,Pulmonary Edema,DISEASE,ci_with,MEDRT
8787,D011928,Raynaud Disease,DISEASE,ci_with,MEDRT
8787,D012770,"Shock, Cardiogenic",DISEASE,ci_with,MEDRT
8787,D012804,Sick Sinus Syndrome,DISEASE,ci_with,MEDRT
8787,D013617,"Tachycardia, Supraventricular",DISEASE,may_treat,MEDRT
8787,D014693,Ventricular Fibrillation,DISEASE,may_treat,MEDRT
8787,D016535,Bronchial Hyperreactivity,DISEASE,ci_with,MEDRT
8787,D016584,Panic Disorder,DISEASE,may_treat,MEDRT
8787,D017180,"Tachycardia, Ventricular",DISEASE,may_treat,MEDRT
8787,D020329,Essential Tremor,DISEASE,may_treat,MEDRT
8787,D054537,Atrioventricular Block,DISEASE,ci_with,MEDRT
8787,N0000008299,Arterial Vasodilation,PE,has_pe,MEDRT
8787,N0000008321,Bronchoconstriction,PE,has_pe,MEDRT
8787,N0000008330,Cardiac Rhythm Alteration,PE,has_pe,MEDRT
8787,N0000009756,Negative Chronotropy,PE,ci_pe,MEDRT
8787,N0000009756,Negative Chronotropy,PE,has_pe,MEDRT
8787,N0000009757,Negative Inotropy,PE,has_pe,MEDRT
8787,N0000009923,Adrenergic beta1-Antagonists,MOA,has_moa,MEDRT
8787,N0000009924,Adrenergic beta2-Antagonists,MOA,has_moa,MEDRT
8787,N0000178477,Decreased Blood Pressure,PE,has_pe,MEDRT
8787,D000787,Angina Pectoris,DISEASE,may_treat,MEDRT
8787,D001249,Asthma,DISEASE,ci_with,MEDRT
8787,D001919,Bradycardia,DISEASE,ci_with,MEDRT
8787,D004342,Drug Hypersensitivity,DISEASE,ci_with,MEDRT
8787,D004932,Esophageal and Gastric Varices,DISEASE,may_treat,MEDRT
8787,D006333,Heart Failure,DISEASE,ci_with,MEDRT
8787,D006333,Heart Failure,DISEASE,may_treat,MEDRT
8787,D006973,Hypertension,DISEASE,may_treat,MEDRT
8787,D007022,Hypotension,DISEASE,ci_with,MEDRT
8787,D008881,Migraine Disorders,DISEASE,may_prevent,MEDRT
8787,D009203,Myocardial Infarction,DISEASE,may_treat,MEDRT
8787,D010673,Pheochromocytoma,DISEASE,may_treat,MEDRT
8787,D011247,Pregnancy,DISEASE,ci_with,MEDRT
8787,D011433,Propranolol,CHEM,has_ingredient,MEDRT
8787,D011654,Pulmonary Edema,DISEASE,ci_with,MEDRT
8787,D011928,Raynaud Disease,DISEASE,ci_with,MEDRT
8787,D012770,"Shock, Cardiogenic",DISEASE,ci_with,MEDRT
8787,D012804,Sick Sinus Syndrome,DISEASE,ci_with,MEDRT
8787,D013617,"Tachycardia, Supraventricular",DISEASE,may_treat,MEDRT
8787,D014693,Ventricular Fibrillation,DISEASE,may_treat,MEDRT
8787,D016535,Bronchial Hyperreactivity,DISEASE,ci_with,MEDRT
8787,D016584,Panic Disorder,DISEASE,may_treat,MEDRT
8787,D017180,"Tachycardia, Ventricular",DISEASE,may_treat,MEDRT
8787,D020329,Essential Tremor,DISEASE,may_treat,MEDRT
8787,D054537,Atrioventricular Block,DISEASE,ci_with,MEDRT
8787,N0000008299,Arterial Vasodilation,PE,has_pe,MEDRT
8787,N0000008321,Bronchoconstriction,PE,has_pe,MEDRT
8787,N0000008330,Cardiac Rhythm Alteration,PE,has_pe,MEDRT
8787,N0000009756,Negative Chronotropy,PE,ci_pe,MEDRT
8787,N0000009756,Negative Chronotropy,PE,has_pe,MEDRT
8787,N0000009757,Negative Inotropy,PE,has_pe,MEDRT
8787,N0000009923,Adrenergic beta1-Antagonists,MOA,has_moa,MEDRT
8787,N0000009924,Adrenergic beta2-Antagonists,MOA,has_moa,MEDRT
8787,N0000178477,Decreased Blood Pressure,PE,has_pe,MEDRT
51272,D000069348,Quetiapine Fumarate,CHEM,has_ingredient,MEDRT
51272,D001321,Autistic Disorder,DISEASE,may_treat,MEDRT
51272,D001714,Bipolar Disorder,DISEASE,may_treat,MEDRT
51272,D001778,Blood Coagulation Disorders,DISEASE,ci_with,MEDRT
51272,D003128,Coma,DISEASE,ci_with,MEDRT
51272,D003865,Major Depressive Disorder,DISEASE,may_treat,MEDRT
51272,D004342,Drug Hypersensitivity,DISEASE,ci_with,MEDRT
51272,D008107,Liver Diseases,DISEASE,ci_with,MEDRT
51272,D011618,Psychotic Disorders,DISEASE,may_treat,MEDRT
51272,D012559,Schizophrenia,DISEASE,may_treat,MEDRT
51272,N0000000099,Adrenergic alpha-Antagonists,MOA,has_moa,MEDRT
51272,N0000000130,Serotonin Antagonists,MOA,has_moa,MEDRT
51272,N0000000190,Histamine H1 Receptor Antagonists,MOA,has_moa,MEDRT
51272,N0000000230,Dopamine Antagonists,MOA,has_moa,MEDRT
51272,N0000008501,Decreased Central Nervous System Organized Electrical Activity,PE,ci_pe,MEDRT
51272,N0000008588,Decreased Dopamine Activity,PE,has_pe,MEDRT
51272,N0000008657,Decreased Histamine Activity,PE,has_pe,MEDRT
51272,N0000008764,Decreased Norepinephrine Activity,PE,has_pe,MEDRT
51272,N0000008893,Decreased Serotonin Activity,PE,has_pe,MEDRT
51272,D000069348,Quetiapine Fumarate,CHEM,has_ingredient,MEDRT
51272,D001321,Autistic Disorder,DISEASE,may_treat,MEDRT
51272,D001714,Bipolar Disorder,DISEASE,may_treat,MEDRT
51272,D001778,Blood Coagulation Disorders,DISEASE,ci_with,MEDRT
51272,D003128,Coma,DISEASE,ci_with,MEDRT
51272,D003865,Major Depressive Disorder,DISEASE,may_treat,MEDRT
51272,D004342,Drug Hypersensitivity,DISEASE,ci_with,MEDRT
51272,D008107,Liver Diseases,DISEASE,ci_with,MEDRT
51272,D011618,Psychotic Disorders,DISEASE,may_treat,MEDRT
51272,D012559,Schizophrenia,DISEASE,may_treat,MEDRT
51272,N0000000099,Adrenergic alpha-Antagonists,MOA,has_moa,MEDRT
51272,N0000000130,Serotonin Antagonists,MOA,has_moa,MEDRT
51272,N0000000190,Histamine H1 Receptor Antagonists,MOA,has_moa,MEDRT
51272,N0000000230,Dopamine Antagonists,MOA,has_moa,MEDRT
51272,N0000008501,Decreased Central Nervous System Organized Electrical Activity,PE,ci_pe,MEDRT
51272,N0000008588,Decreased Dopamine Activity,PE,has_pe,MEDRT
51272,N0000008657,Decreased Histamine Activity,PE,has_pe,MEDRT
51272,N0000008764,Decreased Norepinephrine Activity,PE,has_pe,MEDRT
51272,N0000008893,Decreased Serotonin Activity,PE,has_pe,MEDRT
35296,D000799,Angioedema,DISEASE,ci_with,MEDRT
35296,D003928,Diabetic Nephropathies,DISEASE,may_prevent,MEDRT
35296,D003928,Diabetic Nephropathies,DISEASE,may_treat,MEDRT
35296,D004342,Drug Hypersensitivity,DISEASE,ci_with,MEDRT
35296,D006333,Heart Failure,DISEASE,may_treat,MEDRT
35296,D006929,Hyperaldosteronism,DISEASE,ci_with,MEDRT
35296,D006973,Hypertension,DISEASE,may_treat,MEDRT
35296,D007022,Hypotension,DISEASE,ci_with,MEDRT
35296,D011247,Pregnancy,DISEASE,ci_with,MEDRT
35296,D017257,Ramipril,CHEM,has_ingredient,MEDRT
35296,D017379,"Hypertrophy, Left Ventricular",DISEASE,may_prevent,MEDRT
35296,D018487,"Ventricular Dysfunction, Left",DISEASE,may_treat,MEDRT
35296,D018487,"Ventricular Dysfunction, Left",DISEASE,may_prevent,MEDRT
35296,N0000000181,Angiotensin-converting Enzyme Inhibitors,MOA,has_moa,MEDRT
35296,N0000008423,Decreased Bradykinin Degradation,PE,has_pe,MEDRT
35296,N0000008669,Decreased Intravascular Volume,PE,has_pe,MEDRT
35296,N0000008731,Decreased Mineralocorticoid Secretion,PE,has_pe,MEDRT
35296,N0000008859,Decreased Renal K+ Excretion,PE,has_pe,MEDRT
35296,N0000009553,Increased Renal Na+ Excretion,PE,has_pe,MEDRT
35296,N0000009826,Renal Arterial Vasodilation,PE,has_pe,MEDRT
35296,N0000178477,Decreased Blood Pressure,PE,has_pe,MEDRT
35829,D000069458,Ranolazine,CHEM,has_ingredient,MEDRT
35829,D000787,Angina Pectoris,DISEASE,may_treat,MEDRT
35829,D048550,Hepatic Insufficiency,DISEASE,ci_with,MEDRT
35829,N0000190114,Cytochrome P450 3A Inhibitors,MOA,ci_moa,MEDRT
35829,N0000190118,Cytochrome P450 3A Inducers,MOA,ci_moa,MEDRT
134748,D000639,Amitriptyline,CHEM,ci_chemclass,MEDRT
134748,D003915,Dextromethorphan,CHEM,ci_chemclass,MEDRT
134748,D007189,Indans,CHEM,has_ingredient,MEDRT
134748,D008614,Meperidine,CHEM,ci_chemclass,MEDRT
134748,D008691,Methadone,CHEM,ci_chemclass,MEDRT
134748,D010300,Parkinson Disease,DISEASE,may_treat,MEDRT
134748,D014147,Tramadol,CHEM,ci_chemclass,MEDRT
134748,N0000000184,Monoamine Oxidase Inhibitors,MOA,ci_moa,MEDRT
134748,N0000009282,Increased Dopamine Activity,PE,has_pe,MEDRT
134748,N0000009585,Increased Serotonin Activity,PE,has_pe,MEDRT
134748,N0000175761,Monoamine Oxidase-B Inhibitors,MOA,has_moa,MEDRT
134748,D000639,Amitriptyline,CHEM,ci_chemclass,MEDRT
134748,D003915,Dextromethorphan,CHEM,ci_chemclass,MEDRT
134748,D008614,Meperidine,CHEM,ci_chemclass,MEDRT
134748,D008691,Methadone,CHEM,ci_chemclass,MEDRT
134748,D010300,Parkinson Disease,DISEASE,may_treat,MEDRT
134748,D014147,Tramadol,CHEM,ci_chemclass,MEDRT
134748,N0000000184,Monoamine Oxidase Inhibitors,MOA,ci_moa,MEDRT
134748,N0000009282,Increased Dopamine Activity,PE,has_pe,MEDRT
134748,N0000009585,Increased Serotonin Activity,PE,has_pe,MEDRT
134748,N0000175761,Monoamine Oxidase-B Inhibitors,MOA,has_moa,MEDRT
9346,D004342,Drug Hypersensitivity,DISEASE,ci_with,MEDRT
9346,D012256,Riboflavin,CHEM,has_ingredient,MEDRT
9346,D012257,Riboflavin Deficiency,DISEASE,may_treat,MEDRT
9346,D012257,Riboflavin Deficiency,DISEASE,may_prevent,MEDRT
9346,N0000000163,Enzyme Interactions,MOA,has_moa,MEDRT
9346,N0000008337,Cellular Activity Alteration,PE,has_pe,MEDRT
9346,D004342,Drug Hypersensitivity,DISEASE,ci_with,MEDRT
9346,D012257,Riboflavin Deficiency,DISEASE,may_treat,MEDRT
9346,D012257,Riboflavin Deficiency,DISEASE,may_prevent,MEDRT
9346,N0000000163,Enzyme Interactions,MOA,has_moa,MEDRT
9346,N0000008337,Cellular Activity Alteration,PE,has_pe,MEDRT
9346,D004342,Drug Hypersensitivity,DISEASE,ci_with,MEDRT
9346,D012256,Riboflavin,CHEM,has_ingredient,MEDRT
9346,D012257,Riboflavin Deficiency,DISEASE,may_prevent,MEDRT
9346,D012257,Riboflavin Deficiency,DISEASE,may_treat,MEDRT
9346,N0000000163,Enzyme Interactions,MOA,has_moa,MEDRT
9346,N0000008337,Cellular Activity Alteration,PE,has_pe,MEDRT
9384,D000069446,Atazanavir Sulfate,CHEM,ci_chemclass,MEDRT
9384,D000069454,Darunavir,CHEM,ci_chemclass,MEDRT
9384,D002006,Brucellosis,DISEASE,may_treat,MEDRT
9384,D002219,Carbamates,CHEM,ci_chemclass,MEDRT
9384,D005663,Furans,CHEM,ci_chemclass,MEDRT
9384,D006192,Haemophilus Infections,DISEASE,may_treat,MEDRT
9384,D006967,Hypersensitivity,DISEASE,ci_with,MEDRT
9384,D007877,Legionnaires' Disease,DISEASE,may_treat,MEDRT
9384,D007918,Leprosy,DISEASE,may_treat,MEDRT
9384,D008585,"Meningitis, Meningococcal",DISEASE,may_prevent,MEDRT
9384,D011725,Pyridines,CHEM,ci_chemclass,MEDRT
9384,D011753,Pyrones,CHEM,ci_chemclass,MEDRT
9384,D012293,Rifampin,CHEM,has_ingredient,MEDRT
9384,D013203,Staphylococcal Infections,DISEASE,may_treat,MEDRT
9384,D013449,Sulfonamides,CHEM,ci_chemclass,MEDRT
9384,D014376,Tuberculosis,DISEASE,may_treat,MEDRT
9384,D014376,Tuberculosis,DISEASE,may_prevent,MEDRT
9384,D016920,"Meningitis, Bacterial",DISEASE,may_treat,MEDRT
9384,D017088,AIDS-Related Opportunistic Infections,DISEASE,may_treat,MEDRT
9384,D019258,Saquinavir,CHEM,ci_chemclass,MEDRT
9384,N0000000076,Protease Inhibitors,MOA,ci_moa,MEDRT
9384,N0000000233,Nucleic Acid Synthesis Inhibitors,MOA,has_moa,MEDRT
9384,N0000008853,Decreased RNA Replication,PE,has_pe,MEDRT
9384,N0000009011,Decreased Transcription to RNA,PE,has_pe,MEDRT
35619,D000078262,Rifaximin,CHEM,has_ingredient,MEDRT
35619,D003967,Diarrhea,DISEASE,may_treat,MEDRT
35619,D004342,Drug Hypersensitivity,DISEASE,ci_with,MEDRT
35619,D006501,Hepatic Encephalopathy,DISEASE,may_prevent,MEDRT
35619,D043183,Irritable Bowel Syndrome,DISEASE,may_treat,MEDRT
35619,N0000000233,Nucleic Acid Synthesis Inhibitors,MOA,has_moa,MEDRT
35619,N0000008841,Decreased Protein Synthesis,PE,has_pe,MEDRT
35619,N0000008853,Decreased RNA Replication,PE,has_pe,MEDRT
35619,N0000009011,Decreased Transcription to RNA,PE,has_pe,MEDRT
35619,N0000020013,Cellular Growth Phase Reduction,PE,has_pe,MEDRT
1102270,D000068696,Rilpivirine,CHEM,has_ingredient,MEDRT
1102270,D015658,HIV Infections,DISEASE,may_treat,MEDRT
1102270,N0000008869,Decreased Reverse Transcription to DNA,PE,has_pe,MEDRT
1102270,N0000009868,Stimulation Gastric Acid Secretion,PE,ci_pe,MEDRT
1102270,N0000009948,Non-Nucleoside Reverse Transcriptase Inhibitors,MOA,has_moa,MEDRT
1102270,N0000190114,Cytochrome P450 3A Inhibitors,MOA,ci_moa,MEDRT
1102270,D000068696,Rilpivirine,CHEM,has_ingredient,MEDRT
1102270,D015658,HIV Infections,DISEASE,may_treat,MEDRT
1102270,N0000008869,Decreased Reverse Transcription to DNA,PE,has_pe,MEDRT
1102270,N0000009868,Stimulation Gastric Acid Secretion,PE,ci_pe,MEDRT
1102270,N0000009948,Non-Nucleoside Reverse Transcriptase Inhibitors,MOA,has_moa,MEDRT
1102270,N0000190114,Cytochrome P450 3A Inhibitors,MOA,ci_moa,MEDRT
1439816,D006976,"Hypertension, Pulmonary",DISEASE,ci_with,MEDRT
1439816,D006976,"Hypertension, Pulmonary",DISEASE,may_treat,MEDRT
1439816,D009573,Nitrites,CHEM,ci_chemclass,MEDRT
1439816,D011247,Pregnancy,DISEASE,ci_with,MEDRT
1439816,D011720,Pyrazoles,CHEM,has_ingredient,MEDRT
1439816,D011743,Pyrimidines,CHEM,has_ingredient,MEDRT
1439816,D054988,Idiopathic Interstitial Pneumonias,DISEASE,ci_with,MEDRT
1439816,N0000009909,Vasodilation,PE,has_pe,MEDRT
1439816,N0000020026,Phosphodiesterase 5 Inhibitors,MOA,ci_moa,MEDRT
1439816,N0000190484,Guanylate Cyclase Stimulators,MOA,has_moa,MEDRT
35636,D001321,Autistic Disorder,DISEASE,may_treat,MEDRT
35636,D001714,Bipolar Disorder,DISEASE,may_treat,MEDRT
35636,D003704,Dementia,DISEASE,may_treat,MEDRT
35636,D004342,Drug Hypersensitivity,DISEASE,ci_with,MEDRT
35636,D005879,Tourette Syndrome,DISEASE,may_treat,MEDRT
35636,D012559,Schizophrenia,DISEASE,may_treat,MEDRT
35636,D018967,Risperidone,CHEM,has_ingredient,MEDRT
35636,N0000000099,Adrenergic alpha-Antagonists,MOA,has_moa,MEDRT
35636,N0000000130,Serotonin Antagonists,MOA,has_moa,MEDRT
35636,N0000000190,Histamine H1 Receptor Antagonists,MOA,has_moa,MEDRT
35636,N0000000230,Dopamine Antagonists,MOA,has_moa,MEDRT
35636,N0000008588,Decreased Dopamine Activity,PE,has_pe,MEDRT
35636,N0000008657,Decreased Histamine Activity,PE,has_pe,MEDRT
35636,N0000008764,Decreased Norepinephrine Activity,PE,has_pe,MEDRT
35636,N0000008893,Decreased Serotonin Activity,PE,has_pe,MEDRT
1114195,D000069552,Rivaroxaban,CHEM,has_ingredient,MEDRT
1114195,D006470,Hemorrhage,DISEASE,ci_with,MEDRT
1114195,D011655,Pulmonary Embolism,DISEASE,may_treat,MEDRT
1114195,D011655,Pulmonary Embolism,DISEASE,may_prevent,MEDRT
1114195,D020246,Venous Thrombosis,DISEASE,may_treat,MEDRT
1114195,D020246,Venous Thrombosis,DISEASE,may_prevent,MEDRT
1114195,D020521,Stroke,DISEASE,may_prevent,MEDRT
1114195,N0000008556,Decreased Coagulation Factor Activity,PE,has_pe,MEDRT
1114195,N0000175635,Factor Xa Inhibitors,MOA,has_moa,MEDRT
183379,D000068836,Rivastigmine,CHEM,has_ingredient,MEDRT
183379,D000544,Alzheimer Disease,DISEASE,may_treat,MEDRT
183379,D002219,Carbamates,CHEM,ci_chemclass,MEDRT
183379,D004342,Drug Hypersensitivity,DISEASE,ci_with,MEDRT
183379,N0000000177,Cholinesterase Inhibitors,MOA,has_moa,MEDRT
183379,N0000009178,Increased Central Nervous System Acetylcholine Activity,PE,has_pe,MEDRT
183379,D000068836,Rivastigmine,CHEM,has_ingredient,MEDRT
183379,D000544,Alzheimer Disease,DISEASE,may_treat,MEDRT
183379,D002219,Carbamates,CHEM,ci_chemclass,MEDRT
183379,D004342,Drug Hypersensitivity,DISEASE,ci_with,MEDRT
183379,D006967,Hypersensitivity,DISEASE,ci_with,MEDRT
183379,N0000000177,Cholinesterase Inhibitors,MOA,has_moa,MEDRT
183379,N0000009178,Increased Central Nervous System Acetylcholine Activity,PE,has_pe,MEDRT
1656328,D000613,Aminobutyrates,CHEM,has_ingredient,MEDRT
1656328,D001713,Biphenyl Compounds,CHEM,has_ingredient,MEDRT
1656328,D004342,Drug Hypersensitivity,DISEASE,ci_with,MEDRT
1656328,D006333,Heart Failure,DISEASE,may_prevent,MEDRT
1656328,N0000191727,Neprilysin Inhibitors,MOA,has_moa,MEDRT
1656339,D000613,Aminobutyrates,CHEM,has_ingredient,MEDRT
1656339,D001713,Biphenyl Compounds,CHEM,has_ingredient,MEDRT
1656339,D004342,Drug Hypersensitivity,DISEASE,ci_with,MEDRT
1656339,D006333,Heart Failure,DISEASE,may_prevent,MEDRT
1656339,N0000191727,Neprilysin Inhibitors,MOA,has_moa,MEDRT
1656339,D000068756,Valsartan,CHEM,has_ingredient,MEDRT
1656339,D003928,Diabetic Nephropathies,DISEASE,may_treat,MEDRT
1656339,D004342,Drug Hypersensitivity,DISEASE,ci_with,MEDRT
1656339,D006333,Heart Failure,DISEASE,may_treat,MEDRT
1656339,D006929,Hyperaldosteronism,DISEASE,ci_with,MEDRT
1656339,D006973,Hypertension,DISEASE,may_treat,MEDRT
1656339,D007022,Hypotension,DISEASE,ci_with,MEDRT
1656339,D011247,Pregnancy,DISEASE,ci_with,MEDRT
1656339,D018487,"Ventricular Dysfunction, Left",DISEASE,may_treat,MEDRT
1656339,N0000000070,Angiotensin 2 Receptor Antagonists,MOA,has_moa,MEDRT
1656339,N0000008669,Decreased Intravascular Volume,PE,has_pe,MEDRT
1656339,N0000008731,Decreased Mineralocorticoid Secretion,PE,has_pe,MEDRT
1656339,N0000008859,Decreased Renal K+ Excretion,PE,has_pe,MEDRT
1656339,N0000009553,Increased Renal Na+ Excretion,PE,has_pe,MEDRT
1656339,N0000009825,Renal Arterial Vasoconstriction,PE,ci_pe,MEDRT
1656339,N0000009826,Renal Arterial Vasodilation,PE,has_pe,MEDRT
1656339,N0000178477,Decreased Blood Pressure,PE,has_pe,MEDRT
9639,D000544,Alzheimer Disease,DISEASE,may_treat,MEDRT
9639,D001289,Attention Deficit Disorder with Hyperactivity,DISEASE,may_treat,MEDRT
9639,D003866,Depressive Disorder,DISEASE,may_treat,MEDRT
9639,D004342,Drug Hypersensitivity,DISEASE,ci_with,MEDRT
9639,D008614,Meperidine,CHEM,ci_chemclass,MEDRT
9639,D010300,Parkinson Disease,DISEASE,may_treat,MEDRT
9639,D012559,Schizophrenia,DISEASE,may_treat,MEDRT
9639,D012642,Selegiline,CHEM,has_ingredient,MEDRT
9639,N0000000184,Monoamine Oxidase Inhibitors,MOA,has_moa,MEDRT
9639,N0000009183,Increased Central Nervous System Dopamine Activity,PE,has_pe,MEDRT
9639,D000544,Alzheimer Disease,DISEASE,may_treat,MEDRT
9639,D001289,Attention Deficit Disorder with Hyperactivity,DISEASE,may_treat,MEDRT
9639,D003866,Depressive Disorder,DISEASE,may_treat,MEDRT
9639,D004342,Drug Hypersensitivity,DISEASE,ci_with,MEDRT
9639,D008614,Meperidine,CHEM,ci_chemclass,MEDRT
9639,D010300,Parkinson Disease,DISEASE,may_treat,MEDRT
9639,D012559,Schizophrenia,DISEASE,may_treat,MEDRT
9639,D012642,Selegiline,CHEM,has_ingredient,MEDRT
9639,N0000000184,Monoamine Oxidase Inhibitors,MOA,has_moa,MEDRT
9639,N0000009183,Increased Central Nervous System Dopamine Activity,PE,has_pe,MEDRT
1729002,D000081,Acetamides,CHEM,has_ingredient,MEDRT
1729002,D006976,"Hypertension, Pulmonary",DISEASE,may_treat,MEDRT
1729002,D011719,Pyrazines,CHEM,has_ingredient,MEDRT
1729002,D015248,Gemfibrozil,CHEM,ci_chemclass,MEDRT
1729002,N0000009816,Pulmonary Arterial Vasodilation,PE,has_pe,MEDRT
1729002,N0000020068,Prostacyclin Receptor Agonists,MOA,has_moa,MEDRT
1729002,N0000178477,Decreased Blood Pressure,PE,has_pe,MEDRT
1729002,N0000187062,Cytochrome P450 2C8 Inhibitors,MOA,ci_moa,MEDRT
1991302,D004342,Drug Hypersensitivity,DISEASE,ci_with,MEDRT
1991302,D013964,Thyroid Neoplasms,DISEASE,ci_with,MEDRT
1991302,D018278,"Carcinoma, Neuroendocrine",DISEASE,ci_with,MEDRT
1991302,D018813,Multiple Endocrine Neoplasia Type 2a,DISEASE,ci_with,MEDRT
1991302,D018814,Multiple Endocrine Neoplasia Type 2b,DISEASE,ci_with,MEDRT
1991302,N0000008640,Decreased Gastric Motility,PE,has_pe,MEDRT
1991302,N0000008644,Decreased Glucagon Secretion,PE,has_pe,MEDRT
1991302,N0000009360,Increased Insulin Secretion,PE,has_pe,MEDRT
36437,D001068,Feeding and Eating Disorders,DISEASE,may_treat,MEDRT
36437,D003866,Depressive Disorder,DISEASE,may_treat,MEDRT
36437,D004342,Drug Hypersensitivity,DISEASE,ci_with,MEDRT
36437,D009771,Obsessive-Compulsive Disorder,DISEASE,may_treat,MEDRT
36437,D010868,Pimozide,CHEM,ci_chemclass,MEDRT
36437,D013313,"Stress Disorders, Post-Traumatic",DISEASE,may_treat,MEDRT
36437,D016584,Panic Disorder,DISEASE,may_treat,MEDRT
36437,D020280,Sertraline,CHEM,has_ingredient,MEDRT
36437,N0000000109,Serotonin Uptake Inhibitors,MOA,has_moa,MEDRT
36437,N0000000184,Monoamine Oxidase Inhibitors,MOA,ci_moa,MEDRT
36437,N0000009198,Increased Central Nervous System Serotonin Activity,PE,has_pe,MEDRT
36437,D001068,Feeding and Eating Disorders,DISEASE,may_treat,MEDRT
36437,D003866,Depressive Disorder,DISEASE,may_treat,MEDRT
36437,D004342,Drug Hypersensitivity,DISEASE,ci_with,MEDRT
36437,D009771,Obsessive-Compulsive Disorder,DISEASE,may_treat,MEDRT
36437,D010868,Pimozide,CHEM,ci_chemclass,MEDRT
36437,D013313,"Stress Disorders, Post-Traumatic",DISEASE,may_treat,MEDRT
36437,D016584,Panic Disorder,DISEASE,may_treat,MEDRT
36437,D020280,Sertraline,CHEM,has_ingredient,MEDRT
36437,N0000000109,Serotonin Uptake Inhibitors,MOA,has_moa,MEDRT
36437,N0000000184,Monoamine Oxidase Inhibitors,MOA,ci_moa,MEDRT
36437,N0000009198,Increased Central Nervous System Serotonin Activity,PE,has_pe,MEDRT
214824,D000069603,Sevelamer,CHEM,has_ingredient,MEDRT
214824,D004342,Drug Hypersensitivity,DISEASE,ci_with,MEDRT
214824,D007415,Intestinal Obstruction,DISEASE,ci_with,MEDRT
214824,D017674,Hypophosphatemia,DISEASE,ci_with,MEDRT
214824,D054559,Hyperphosphatemia,DISEASE,may_treat,MEDRT
214824,N0000009726,Inhibition Large Intestine Fluid/Electrolyte Absorption,PE,has_pe,MEDRT
214824,N0000009730,Inhibition Small Intestine Fluid/Electrolyte Absorption,PE,has_pe,MEDRT
214824,N0000020074,Phosphate Chelating Activity,MOA,has_moa,MEDRT
214824,N0000175528,Decreased Inorganic Ion Absorption,PE,has_pe,MEDRT
214824,D000069603,Sevelamer,CHEM,has_ingredient,MEDRT
214824,D004342,Drug Hypersensitivity,DISEASE,ci_with,MEDRT
214824,D007415,Intestinal Obstruction,DISEASE,ci_with,MEDRT
214824,D017674,Hypophosphatemia,DISEASE,ci_with,MEDRT
214824,D054559,Hyperphosphatemia,DISEASE,may_treat,MEDRT
214824,N0000009726,Inhibition Large Intestine Fluid/Electrolyte Absorption,PE,has_pe,MEDRT
214824,N0000009730,Inhibition Small Intestine Fluid/Electrolyte Absorption,PE,has_pe,MEDRT
214824,N0000020074,Phosphate Chelating Activity,MOA,has_moa,MEDRT
214824,N0000175528,Decreased Inorganic Ion Absorption,PE,has_pe,MEDRT
214824,D000069603,Sevelamer,CHEM,has_ingredient,MEDRT
214824,D004342,Drug Hypersensitivity,DISEASE,ci_with,MEDRT
214824,D007415,Intestinal Obstruction,DISEASE,ci_with,MEDRT
214824,D017674,Hypophosphatemia,DISEASE,ci_with,MEDRT
214824,D054559,Hyperphosphatemia,DISEASE,may_treat,MEDRT
214824,N0000009726,Inhibition Large Intestine Fluid/Electrolyte Absorption,PE,has_pe,MEDRT
214824,N0000009730,Inhibition Small Intestine Fluid/Electrolyte Absorption,PE,has_pe,MEDRT
214824,N0000020074,Phosphate Chelating Activity,MOA,has_moa,MEDRT
214824,N0000175528,Decreased Inorganic Ion Absorption,PE,has_pe,MEDRT
136411,D000068677,Sildenafil Citrate,CHEM,has_ingredient,MEDRT
136411,D004342,Drug Hypersensitivity,DISEASE,ci_with,MEDRT
136411,D005996,Nitroglycerin,CHEM,ci_chemclass,MEDRT
136411,D006976,"Hypertension, Pulmonary",DISEASE,may_treat,MEDRT
136411,D009566,Nitrates,CHEM,ci_chemclass,MEDRT
136411,D011720,Pyrazoles,CHEM,ci_chemclass,MEDRT
136411,D011743,Pyrimidines,CHEM,ci_chemclass,MEDRT
136411,D018783,"Impotence, Vasculogenic",DISEASE,may_treat,MEDRT
136411,N0000009798,Penile Venous Vasodilation,PE,has_pe,MEDRT
136411,N0000009818,Pulmonary Venous Vasodilation,PE,has_pe,MEDRT
136411,N0000020026,Phosphodiesterase 5 Inhibitors,MOA,has_moa,MEDRT
136411,D000068677,Sildenafil Citrate,CHEM,has_ingredient,MEDRT
136411,D004342,Drug Hypersensitivity,DISEASE,ci_with,MEDRT
136411,D005996,Nitroglycerin,CHEM,ci_chemclass,MEDRT
136411,D006976,"Hypertension, Pulmonary",DISEASE,may_treat,MEDRT
136411,D009566,Nitrates,CHEM,ci_chemclass,MEDRT
136411,D011720,Pyrazoles,CHEM,ci_chemclass,MEDRT
136411,D011743,Pyrimidines,CHEM,ci_chemclass,MEDRT
136411,D018783,"Impotence, Vasculogenic",DISEASE,may_treat,MEDRT
136411,N0000009798,Penile Venous Vasodilation,PE,has_pe,MEDRT
136411,N0000009818,Pulmonary Venous Vasodilation,PE,has_pe,MEDRT
136411,N0000020026,Phosphodiesterase 5 Inhibitors,MOA,has_moa,MEDRT
720825,D004342,Drug Hypersensitivity,DISEASE,ci_with,MEDRT
720825,D007211,Indoles,CHEM,has_ingredient,MEDRT
720825,D007654,Ketoconazole,CHEM,ci_chemclass,MEDRT
720825,D007674,Kidney Diseases,DISEASE,ci_with,MEDRT
720825,D008107,Liver Diseases,DISEASE,ci_with,MEDRT
720825,D011470,Prostatic Hyperplasia,DISEASE,may_treat,MEDRT
720825,D017291,Clarithromycin,CHEM,ci_chemclass,MEDRT
720825,D017964,Itraconazole,CHEM,ci_chemclass,MEDRT
720825,D019438,Ritonavir,CHEM,ci_chemclass,MEDRT
720825,N0000008421,Decreased Bladder Sphincter Tone,PE,has_pe,MEDRT
720825,N0000009919,Adrenergic alpha1-Antagonists,MOA,has_moa,MEDRT
720825,N0000009976,Decreased Urethra Smooth Muscle Tone,PE,has_pe,MEDRT
720825,N0000182141,Cytochrome P450 3A4 Inhibitors,MOA,ci_moa,MEDRT
36567,D000069547,Cobicistat,CHEM,ci_chemclass,MEDRT
36567,D003324,Coronary Artery Disease,DISEASE,may_treat,MEDRT
36567,D003324,Coronary Artery Disease,DISEASE,may_prevent,MEDRT
36567,D003613,Danazol,CHEM,ci_chemclass,MEDRT
36567,D004342,Drug Hypersensitivity,DISEASE,ci_with,MEDRT
36567,D004917,Erythromycin,CHEM,ci_chemclass,MEDRT
36567,D006937,Hypercholesterolemia,DISEASE,may_treat,MEDRT
36567,D006951,Hyperlipoproteinemias,DISEASE,may_treat,MEDRT
36567,D007654,Ketoconazole,CHEM,ci_chemclass,MEDRT
36567,D007774,Lactation,DISEASE,ci_with,MEDRT
36567,D009842,Oligopeptides,CHEM,ci_chemclass,MEDRT
36567,D010879,Piperazines,CHEM,ci_chemclass,MEDRT
36567,D011247,Pregnancy,DISEASE,ci_with,MEDRT
36567,D011392,Proline,CHEM,ci_chemclass,MEDRT
36567,D014230,Triazoles,CHEM,ci_chemclass,MEDRT
36567,D015228,Hypertriglyceridemia,DISEASE,may_treat,MEDRT
36567,D015248,Gemfibrozil,CHEM,ci_chemclass,MEDRT
36567,D016572,Cyclosporine,CHEM,ci_chemclass,MEDRT
36567,D017093,Liver Failure,DISEASE,ci_with,MEDRT
36567,D017291,Clarithromycin,CHEM,ci_chemclass,MEDRT
36567,D017964,Itraconazole,CHEM,ci_chemclass,MEDRT
36567,D019821,Simvastatin,CHEM,has_ingredient,MEDRT
36567,D048628,Ketolides,CHEM,ci_chemclass,MEDRT
36567,D065819,Voriconazole,CHEM,ci_chemclass,MEDRT
36567,N0000000121,Hydroxymethylglutaryl-CoA Reductase Inhibitors,MOA,has_moa,MEDRT
36567,N0000000246,HIV Protease Inhibitors,MOA,ci_moa,MEDRT
36567,N0000182141,Cytochrome P450 3A4 Inhibitors,MOA,ci_moa,MEDRT
36567,D000069547,Cobicistat,CHEM,ci_chemclass,MEDRT
36567,D003324,Coronary Artery Disease,DISEASE,may_treat,MEDRT
36567,D003324,Coronary Artery Disease,DISEASE,may_prevent,MEDRT
36567,D003613,Danazol,CHEM,ci_chemclass,MEDRT
36567,D004342,Drug Hypersensitivity,DISEASE,ci_with,MEDRT
36567,D004917,Erythromycin,CHEM,ci_chemclass,MEDRT
36567,D006937,Hypercholesterolemia,DISEASE,may_treat,MEDRT
36567,D006951,Hyperlipoproteinemias,DISEASE,may_treat,MEDRT
36567,D007654,Ketoconazole,CHEM,ci_chemclass,MEDRT
36567,D007774,Lactation,DISEASE,ci_with,MEDRT
36567,D009842,Oligopeptides,CHEM,ci_chemclass,MEDRT
36567,D010879,Piperazines,CHEM,ci_chemclass,MEDRT
36567,D011247,Pregnancy,DISEASE,ci_with,MEDRT
36567,D011392,Proline,CHEM,ci_chemclass,MEDRT
36567,D014230,Triazoles,CHEM,ci_chemclass,MEDRT
36567,D015228,Hypertriglyceridemia,DISEASE,may_treat,MEDRT
36567,D015248,Gemfibrozil,CHEM,ci_chemclass,MEDRT
36567,D016572,Cyclosporine,CHEM,ci_chemclass,MEDRT
36567,D017093,Liver Failure,DISEASE,ci_with,MEDRT
36567,D017291,Clarithromycin,CHEM,ci_chemclass,MEDRT
36567,D017964,Itraconazole,CHEM,ci_chemclass,MEDRT
36567,D019821,Simvastatin,CHEM,has_ingredient,MEDRT
36567,D048628,Ketolides,CHEM,ci_chemclass,MEDRT
36567,D065819,Voriconazole,CHEM,ci_chemclass,MEDRT
36567,N0000000121,Hydroxymethylglutaryl-CoA Reductase Inhibitors,MOA,has_moa,MEDRT
36567,N0000000246,HIV Protease Inhibitors,MOA,ci_moa,MEDRT
36567,N0000182141,Cytochrome P450 3A4 Inhibitors,MOA,ci_moa,MEDRT
593411,D003922,"Diabetes Mellitus, Type 1",DISEASE,ci_with,MEDRT
593411,D003924,"Diabetes Mellitus, Type 2",DISEASE,may_treat,MEDRT
593411,D016883,Diabetic Ketoacidosis,DISEASE,ci_with,MEDRT
593411,N0000008644,Decreased Glucagon Secretion,PE,has_pe,MEDRT
593411,N0000009360,Increased Insulin Secretion,PE,has_pe,MEDRT
593411,N0000175912,Dipeptidyl Peptidase 4 Inhibitors,MOA,has_moa,MEDRT
593411,D000068900,Sitagliptin Phosphate,CHEM,has_ingredient,MEDRT
593411,D003922,"Diabetes Mellitus, Type 1",DISEASE,ci_with,MEDRT
593411,D003924,"Diabetes Mellitus, Type 2",DISEASE,may_treat,MEDRT
593411,D016883,Diabetic Ketoacidosis,DISEASE,ci_with,MEDRT
593411,N0000008644,Decreased Glucagon Secretion,PE,has_pe,MEDRT
593411,N0000009360,Increased Insulin Secretion,PE,has_pe,MEDRT
593411,N0000175912,Dipeptidyl Peptidase 4 Inhibitors,MOA,has_moa,MEDRT
593411,D000068900,Sitagliptin Phosphate,CHEM,has_ingredient,MEDRT
593411,D003922,"Diabetes Mellitus, Type 1",DISEASE,ci_with,MEDRT
593411,D003924,"Diabetes Mellitus, Type 2",DISEASE,may_treat,MEDRT
593411,D004342,Drug Hypersensitivity,DISEASE,ci_with,MEDRT
593411,D016883,Diabetic Ketoacidosis,DISEASE,ci_with,MEDRT
593411,N0000008644,Decreased Glucagon Secretion,PE,has_pe,MEDRT
593411,N0000009360,Increased Insulin Secretion,PE,has_pe,MEDRT
593411,N0000175912,Dipeptidyl Peptidase 4 Inhibitors,MOA,has_moa,MEDRT
1992825,D004342,Drug Hypersensitivity,DISEASE,ci_with,MEDRT
1992825,D007676,"Kidney Failure, Chronic",DISEASE,ci_with,MEDRT
1992825,D019086,"Bridged Bicyclo Compounds, Heterocyclic",CHEM,has_ingredient,MEDRT
1992825,D051437,Renal Insufficiency,DISEASE,ci_with,MEDRT
1992825,N0000187058,Sodium-Glucose Transporter 2 Inhibitors,MOA,has_moa,MEDRT
1992825,D000068900,Sitagliptin Phosphate,CHEM,has_ingredient,MEDRT
1992825,D003922,"Diabetes Mellitus, Type 1",DISEASE,ci_with,MEDRT
1992825,D003924,"Diabetes Mellitus, Type 2",DISEASE,may_treat,MEDRT
1992825,D016883,Diabetic Ketoacidosis,DISEASE,ci_with,MEDRT
1992825,N0000008644,Decreased Glucagon Secretion,PE,has_pe,MEDRT
1992825,N0000009360,Increased Insulin Secretion,PE,has_pe,MEDRT
1992825,N0000175912,Dipeptidyl Peptidase 4 Inhibitors,MOA,has_moa,MEDRT
36676,D000141,"Acidosis, Renal Tubular",DISEASE,may_treat,MEDRT
36676,D000471,Alkalosis,DISEASE,ci_with,MEDRT
36676,D004342,Drug Hypersensitivity,DISEASE,ci_with,MEDRT
36676,D004415,Dyspepsia,DISEASE,may_treat,MEDRT
36676,D004487,Edema,DISEASE,ci_with,MEDRT
36676,D005764,Gastroesophageal Reflux,DISEASE,may_treat,MEDRT
36676,D006323,Heart Arrest,DISEASE,may_treat,MEDRT
36676,D006356,Heartburn,DISEASE,may_treat,MEDRT
36676,D006947,Hyperkalemia,DISEASE,may_treat,MEDRT
36676,D006955,Hypernatremia,DISEASE,ci_with,MEDRT
36676,D006996,Hypocalcemia,DISEASE,ci_with,MEDRT
36676,D011654,Pulmonary Edema,DISEASE,ci_with,MEDRT
36676,D017693,Sodium Bicarbonate,CHEM,has_ingredient,MEDRT
36676,D062787,Drug Overdose,DISEASE,may_treat,MEDRT
36676,D064420,Drug-Related Side Effects and Adverse Reactions,DISEASE,may_prevent,MEDRT
36676,N0000000220,Electrolyte Activity,MOA,has_moa,MEDRT
36676,N0000000226,Acid-Base Activity,MOA,has_moa,MEDRT
36676,N0000009054,Gastric Acid Alteration,PE,has_pe,MEDRT
36676,N0000009549,Increased Renal HCO3- Excretion,PE,has_pe,MEDRT
36676,D000141,"Acidosis, Renal Tubular",DISEASE,may_treat,MEDRT
36676,D000471,Alkalosis,DISEASE,ci_with,MEDRT
36676,D004342,Drug Hypersensitivity,DISEASE,ci_with,MEDRT
36676,D004415,Dyspepsia,DISEASE,may_treat,MEDRT
36676,D004487,Edema,DISEASE,ci_with,MEDRT
36676,D005764,Gastroesophageal Reflux,DISEASE,may_treat,MEDRT
36676,D006323,Heart Arrest,DISEASE,may_treat,MEDRT
36676,D006356,Heartburn,DISEASE,may_treat,MEDRT
36676,D006947,Hyperkalemia,DISEASE,may_treat,MEDRT
36676,D006955,Hypernatremia,DISEASE,ci_with,MEDRT
36676,D006996,Hypocalcemia,DISEASE,ci_with,MEDRT
36676,D011654,Pulmonary Edema,DISEASE,ci_with,MEDRT
36676,D017693,Sodium Bicarbonate,CHEM,has_ingredient,MEDRT
36676,D062787,Drug Overdose,DISEASE,may_treat,MEDRT
36676,D064420,Drug-Related Side Effects and Adverse Reactions,DISEASE,may_prevent,MEDRT
36676,N0000000220,Electrolyte Activity,MOA,has_moa,MEDRT
36676,N0000000226,Acid-Base Activity,MOA,has_moa,MEDRT
36676,N0000009054,Gastric Acid Alteration,PE,has_pe,MEDRT
36676,N0000009549,Increased Renal HCO3- Excretion,PE,has_pe,MEDRT
61148,D001932,Brain Neoplasms,DISEASE,ci_with,MEDRT
61148,D002100,Cachexia,DISEASE,may_treat,MEDRT
61148,D003930,Diabetic Retinopathy,DISEASE,ci_with,MEDRT
61148,D004342,Drug Hypersensitivity,DISEASE,ci_with,MEDRT
61148,D004392,Dwarfism,DISEASE,may_treat,MEDRT
61148,D006333,Heart Failure,DISEASE,may_treat,MEDRT
61148,D009634,Noonan Syndrome,DISEASE,may_treat,MEDRT
61148,D011218,Prader-Willi Syndrome,DISEASE,ci_with,MEDRT
61148,D011218,Prader-Willi Syndrome,DISEASE,may_treat,MEDRT
61148,D014424,Turner Syndrome,DISEASE,may_treat,MEDRT
61148,D016638,Critical Illness,DISEASE,ci_with,MEDRT
61148,D020300,Intracranial Hemorrhages,DISEASE,ci_with,MEDRT
61148,N0000000165,Pituitary Hormone Receptor Agonists,MOA,has_moa,MEDRT
61148,N0000008311,Bone Formation Stimulation,PE,has_pe,MEDRT
61148,N0000009319,Increased Erythroid Cell Production,PE,has_pe,MEDRT
61148,N0000009380,Increased Lipolysis,PE,has_pe,MEDRT
61148,N0000009533,Increased Protein Synthesis,PE,has_pe,MEDRT
61148,N0000010266,Growth Hormone Receptor Agonists,MOA,has_moa,MEDRT
61148,D001932,Brain Neoplasms,DISEASE,ci_with,MEDRT
61148,D002100,Cachexia,DISEASE,may_treat,MEDRT
61148,D003930,Diabetic Retinopathy,DISEASE,ci_with,MEDRT
61148,D004342,Drug Hypersensitivity,DISEASE,ci_with,MEDRT
61148,D004392,Dwarfism,DISEASE,may_treat,MEDRT
61148,D006333,Heart Failure,DISEASE,may_treat,MEDRT
61148,D009634,Noonan Syndrome,DISEASE,may_treat,MEDRT
61148,D011218,Prader-Willi Syndrome,DISEASE,ci_with,MEDRT
61148,D011218,Prader-Willi Syndrome,DISEASE,may_treat,MEDRT
61148,D014424,Turner Syndrome,DISEASE,may_treat,MEDRT
61148,D016638,Critical Illness,DISEASE,ci_with,MEDRT
61148,D020300,Intracranial Hemorrhages,DISEASE,ci_with,MEDRT
61148,N0000000165,Pituitary Hormone Receptor Agonists,MOA,has_moa,MEDRT
61148,N0000008311,Bone Formation Stimulation,PE,has_pe,MEDRT
61148,N0000009319,Increased Erythroid Cell Production,PE,has_pe,MEDRT
61148,N0000009380,Increased Lipolysis,PE,has_pe,MEDRT
61148,N0000009533,Increased Protein Synthesis,PE,has_pe,MEDRT
61148,N0000010266,Growth Hormone Receptor Agonists,MOA,has_moa,MEDRT
61148,D001932,Brain Neoplasms,DISEASE,ci_with,MEDRT
61148,D002100,Cachexia,DISEASE,may_treat,MEDRT
61148,D003930,Diabetic Retinopathy,DISEASE,ci_with,MEDRT
61148,D004342,Drug Hypersensitivity,DISEASE,ci_with,MEDRT
61148,D004392,Dwarfism,DISEASE,may_treat,MEDRT
61148,D006333,Heart Failure,DISEASE,may_treat,MEDRT
61148,D009634,Noonan Syndrome,DISEASE,may_treat,MEDRT
61148,D011218,Prader-Willi Syndrome,DISEASE,ci_with,MEDRT
61148,D011218,Prader-Willi Syndrome,DISEASE,may_treat,MEDRT
61148,D014424,Turner Syndrome,DISEASE,may_treat,MEDRT
61148,D016638,Critical Illness,DISEASE,ci_with,MEDRT
61148,D020300,Intracranial Hemorrhages,DISEASE,ci_with,MEDRT
61148,N0000000165,Pituitary Hormone Receptor Agonists,MOA,has_moa,MEDRT
61148,N0000008311,Bone Formation Stimulation,PE,has_pe,MEDRT
61148,N0000009319,Increased Erythroid Cell Production,PE,has_pe,MEDRT
61148,N0000009380,Increased Lipolysis,PE,has_pe,MEDRT
61148,N0000009533,Increased Protein Synthesis,PE,has_pe,MEDRT
61148,N0000010266,Growth Hormone Receptor Agonists,MOA,has_moa,MEDRT
9947,D000077734,Gatifloxacin,CHEM,ci_chemclass,MEDRT
9947,D001249,Asthma,DISEASE,ci_with,MEDRT
9947,D001281,Atrial Fibrillation,DISEASE,may_treat,MEDRT
9947,D001281,Atrial Fibrillation,DISEASE,may_prevent,MEDRT
9947,D001282,Atrial Flutter,DISEASE,may_treat,MEDRT
9947,D001282,Atrial Flutter,DISEASE,may_prevent,MEDRT
9947,D001919,Bradycardia,DISEASE,ci_with,MEDRT
9947,D004342,Drug Hypersensitivity,DISEASE,ci_with,MEDRT
9947,D006333,Heart Failure,DISEASE,ci_with,MEDRT
9947,D007008,Hypokalemia,DISEASE,ci_with,MEDRT
9947,D007022,Hypotension,DISEASE,ci_with,MEDRT
9947,D008133,Long QT Syndrome,DISEASE,ci_with,MEDRT
9947,D011654,Pulmonary Edema,DISEASE,ci_with,MEDRT
9947,D012770,"Shock, Cardiogenic",DISEASE,ci_with,MEDRT
9947,D012804,Sick Sinus Syndrome,DISEASE,ci_with,MEDRT
9947,D013015,Sotalol,CHEM,has_ingredient,MEDRT
9947,D013617,"Tachycardia, Supraventricular",DISEASE,may_treat,MEDRT
9947,D014693,Ventricular Fibrillation,DISEASE,may_treat,MEDRT
9947,D016535,Bronchial Hyperreactivity,DISEASE,ci_with,MEDRT
9947,D017180,"Tachycardia, Ventricular",DISEASE,may_treat,MEDRT
9947,D020117,Cisapride,CHEM,ci_chemclass,MEDRT
9947,D024841,Fluoroquinolones,CHEM,ci_chemclass,MEDRT
9947,D051437,Renal Insufficiency,DISEASE,ci_with,MEDRT
9947,D054537,Atrioventricular Block,DISEASE,ci_with,MEDRT
9947,N0000008299,Arterial Vasodilation,PE,has_pe,MEDRT
9947,N0000009756,Negative Chronotropy,PE,ci_pe,MEDRT
9947,N0000009756,Negative Chronotropy,PE,has_pe,MEDRT
9947,N0000009757,Negative Inotropy,PE,has_pe,MEDRT
9947,N0000009923,Adrenergic beta1-Antagonists,MOA,has_moa,MEDRT
9947,N0000009924,Adrenergic beta2-Antagonists,MOA,has_moa,MEDRT
9947,D000077734,Gatifloxacin,CHEM,ci_chemclass,MEDRT
9947,D001249,Asthma,DISEASE,ci_with,MEDRT
9947,D001281,Atrial Fibrillation,DISEASE,may_treat,MEDRT
9947,D001281,Atrial Fibrillation,DISEASE,may_prevent,MEDRT
9947,D001282,Atrial Flutter,DISEASE,may_treat,MEDRT
9947,D001282,Atrial Flutter,DISEASE,may_prevent,MEDRT
9947,D001919,Bradycardia,DISEASE,ci_with,MEDRT
9947,D004342,Drug Hypersensitivity,DISEASE,ci_with,MEDRT
9947,D006333,Heart Failure,DISEASE,ci_with,MEDRT
9947,D007008,Hypokalemia,DISEASE,ci_with,MEDRT
9947,D007022,Hypotension,DISEASE,ci_with,MEDRT
9947,D008133,Long QT Syndrome,DISEASE,ci_with,MEDRT
9947,D011654,Pulmonary Edema,DISEASE,ci_with,MEDRT
9947,D012770,"Shock, Cardiogenic",DISEASE,ci_with,MEDRT
9947,D012804,Sick Sinus Syndrome,DISEASE,ci_with,MEDRT
9947,D013015,Sotalol,CHEM,has_ingredient,MEDRT
9947,D013617,"Tachycardia, Supraventricular",DISEASE,may_treat,MEDRT
9947,D014693,Ventricular Fibrillation,DISEASE,may_treat,MEDRT
9947,D016535,Bronchial Hyperreactivity,DISEASE,ci_with,MEDRT
9947,D017180,"Tachycardia, Ventricular",DISEASE,may_treat,MEDRT
9947,D020117,Cisapride,CHEM,ci_chemclass,MEDRT
9947,D024841,Fluoroquinolones,CHEM,ci_chemclass,MEDRT
9947,D051437,Renal Insufficiency,DISEASE,ci_with,MEDRT
9947,D054537,Atrioventricular Block,DISEASE,ci_with,MEDRT
9947,N0000008299,Arterial Vasodilation,PE,has_pe,MEDRT
9947,N0000009756,Negative Chronotropy,PE,ci_pe,MEDRT
9947,N0000009756,Negative Chronotropy,PE,has_pe,MEDRT
9947,N0000009757,Negative Inotropy,PE,has_pe,MEDRT
9947,N0000009923,Adrenergic beta1-Antagonists,MOA,has_moa,MEDRT
9947,N0000009924,Adrenergic beta2-Antagonists,MOA,has_moa,MEDRT
9997,D000077545,Eplerenone,CHEM,ci_chemclass,MEDRT
9997,D000224,Addison Disease,DISEASE,ci_with,MEDRT
9997,D001002,Anuria,DISEASE,ci_with,MEDRT
9997,D001201,Ascites,DISEASE,may_treat,MEDRT
9997,D004487,Edema,DISEASE,may_treat,MEDRT
9997,D006333,Heart Failure,DISEASE,may_treat,MEDRT
9997,D006628,Hirsutism,DISEASE,may_treat,MEDRT
9997,D006929,Hyperaldosteronism,DISEASE,may_treat,MEDRT
9997,D006947,Hyperkalemia,DISEASE,ci_with,MEDRT
9997,D006967,Hypersensitivity,DISEASE,ci_with,MEDRT
9997,D006973,Hypertension,DISEASE,may_treat,MEDRT
9997,D007008,Hypokalemia,DISEASE,may_treat,MEDRT
9997,D011247,Pregnancy,DISEASE,ci_with,MEDRT
9997,D013148,Spironolactone,CHEM,has_ingredient,MEDRT
9997,D058186,Acute Kidney Injury,DISEASE,ci_with,MEDRT
9997,N0000008299,Arterial Vasodilation,PE,has_pe,MEDRT
9997,N0000008581,Decreased Distal Tubule H+ Excretion,PE,has_pe,MEDRT
9997,N0000008583,Decreased Distal Tubule K+ Excretion,PE,has_pe,MEDRT
9997,N0000009279,Increased Distal Tubule Na+ Excretion,PE,has_pe,MEDRT
9997,N0000011310,Aldosterone Antagonists,MOA,has_moa,MEDRT
9997,N0000178477,Decreased Blood Pressure,PE,has_pe,MEDRT
9997,D000077545,Eplerenone,CHEM,ci_chemclass,MEDRT
9997,D000224,Addison Disease,DISEASE,ci_with,MEDRT
9997,D001002,Anuria,DISEASE,ci_with,MEDRT
9997,D001201,Ascites,DISEASE,may_treat,MEDRT
9997,D004487,Edema,DISEASE,may_treat,MEDRT
9997,D006333,Heart Failure,DISEASE,may_treat,MEDRT
9997,D006628,Hirsutism,DISEASE,may_treat,MEDRT
9997,D006929,Hyperaldosteronism,DISEASE,may_treat,MEDRT
9997,D006947,Hyperkalemia,DISEASE,ci_with,MEDRT
9997,D006967,Hypersensitivity,DISEASE,ci_with,MEDRT
9997,D006973,Hypertension,DISEASE,may_treat,MEDRT
9997,D007008,Hypokalemia,DISEASE,may_treat,MEDRT
9997,D011247,Pregnancy,DISEASE,ci_with,MEDRT
9997,D013148,Spironolactone,CHEM,has_ingredient,MEDRT
9997,D058186,Acute Kidney Injury,DISEASE,ci_with,MEDRT
9997,N0000008299,Arterial Vasodilation,PE,has_pe,MEDRT
9997,N0000008581,Decreased Distal Tubule H+ Excretion,PE,has_pe,MEDRT
9997,N0000008583,Decreased Distal Tubule K+ Excretion,PE,has_pe,MEDRT
9997,N0000009279,Increased Distal Tubule Na+ Excretion,PE,has_pe,MEDRT
9997,N0000011310,Aldosterone Antagonists,MOA,has_moa,MEDRT
9997,N0000178477,Decreased Blood Pressure,PE,has_pe,MEDRT
10156,D004342,Drug Hypersensitivity,DISEASE,ci_with,MEDRT
10156,D004381,Duodenal Ulcer,DISEASE,may_treat,MEDRT
10156,D004381,Duodenal Ulcer,DISEASE,may_prevent,MEDRT
10156,D004941,Esophagitis,DISEASE,may_treat,MEDRT
10156,D005756,Gastritis,DISEASE,may_treat,MEDRT
10156,D011014,Pneumonia,DISEASE,may_treat,MEDRT
10156,D013276,Stomach Ulcer,DISEASE,may_treat,MEDRT
10156,D013280,Stomatitis,DISEASE,may_treat,MEDRT
10156,D013392,Sucralfate,CHEM,has_ingredient,MEDRT
10156,N0000009054,Gastric Acid Alteration,PE,has_pe,MEDRT
10156,N0000175355,Binding Activity,MOA,has_moa,MEDRT
10156,D004342,Drug Hypersensitivity,DISEASE,ci_with,MEDRT
10156,D004381,Duodenal Ulcer,DISEASE,may_treat,MEDRT
10156,D004381,Duodenal Ulcer,DISEASE,may_prevent,MEDRT
10156,D004941,Esophagitis,DISEASE,may_treat,MEDRT
10156,D005756,Gastritis,DISEASE,may_treat,MEDRT
10156,D011014,Pneumonia,DISEASE,may_treat,MEDRT
10156,D013276,Stomach Ulcer,DISEASE,may_treat,MEDRT
10156,D013280,Stomatitis,DISEASE,may_treat,MEDRT
10156,N0000009054,Gastric Acid Alteration,PE,has_pe,MEDRT
10156,N0000175355,Binding Activity,MOA,has_moa,MEDRT
37418,D000788,"Angina Pectoris, Variant",DISEASE,ci_with,MEDRT
37418,D001145,"Arrhythmias, Cardiac",DISEASE,ci_with,MEDRT
37418,D002546,"Ischemic Attack, Transient",DISEASE,ci_with,MEDRT
37418,D003027,Cluster Headache,DISEASE,may_treat,MEDRT
37418,D003324,Coronary Artery Disease,DISEASE,ci_with,MEDRT
37418,D004342,Drug Hypersensitivity,DISEASE,ci_with,MEDRT
37418,D006974,"Hypertension, Malignant",DISEASE,ci_with,MEDRT
37418,D008107,Liver Diseases,DISEASE,ci_with,MEDRT
37418,D008881,Migraine Disorders,DISEASE,may_treat,MEDRT
37418,D009203,Myocardial Infarction,DISEASE,ci_with,MEDRT
37418,D016491,Peripheral Vascular Diseases,DISEASE,ci_with,MEDRT
37418,D018170,Sumatriptan,CHEM,has_ingredient,MEDRT
37418,D020325,Migraine with Aura,DISEASE,ci_with,MEDRT
37418,D020521,Stroke,DISEASE,ci_with,MEDRT
37418,N0000000184,Monoamine Oxidase Inhibitors,MOA,ci_moa,MEDRT
37418,N0000000256,Serotonin Agonists,MOA,has_moa,MEDRT
37418,N0000008351,Cerebral Arterial Vasoconstriction,PE,has_pe,MEDRT
37418,N0000009198,Increased Central Nervous System Serotonin Activity,PE,has_pe,MEDRT
37418,D000788,"Angina Pectoris, Variant",DISEASE,ci_with,MEDRT
37418,D001145,"Arrhythmias, Cardiac",DISEASE,ci_with,MEDRT
37418,D002546,"Ischemic Attack, Transient",DISEASE,ci_with,MEDRT
37418,D003027,Cluster Headache,DISEASE,may_treat,MEDRT
37418,D003324,Coronary Artery Disease,DISEASE,ci_with,MEDRT
37418,D004342,Drug Hypersensitivity,DISEASE,ci_with,MEDRT
37418,D006973,Hypertension,DISEASE,ci_with,MEDRT
37418,D006974,"Hypertension, Malignant",DISEASE,ci_with,MEDRT
37418,D008107,Liver Diseases,DISEASE,ci_with,MEDRT
37418,D008881,Migraine Disorders,DISEASE,may_treat,MEDRT
37418,D009203,Myocardial Infarction,DISEASE,ci_with,MEDRT
37418,D016491,Peripheral Vascular Diseases,DISEASE,ci_with,MEDRT
37418,D018170,Sumatriptan,CHEM,has_ingredient,MEDRT
37418,D020325,Migraine with Aura,DISEASE,ci_with,MEDRT
37418,D020521,Stroke,DISEASE,ci_with,MEDRT
37418,N0000000184,Monoamine Oxidase Inhibitors,MOA,ci_moa,MEDRT
37418,N0000000256,Serotonin Agonists,MOA,has_moa,MEDRT
37418,N0000008351,Cerebral Arterial Vasoconstriction,PE,has_pe,MEDRT
37418,N0000009198,Increased Central Nervous System Serotonin Activity,PE,has_pe,MEDRT
42316,D002368,Castor Oil,CHEM,ci_chemclass,MEDRT
42316,D003876,"Dermatitis, Atopic",DISEASE,may_treat,MEDRT
42316,D004342,Drug Hypersensitivity,DISEASE,ci_with,MEDRT
42316,D006086,Graft vs Host Disease,DISEASE,may_prevent,MEDRT
42316,D006086,Graft vs Host Disease,DISEASE,may_treat,MEDRT
42316,D016559,Tacrolimus,CHEM,has_ingredient,MEDRT
42316,D016572,Cyclosporine,CHEM,ci_chemclass,MEDRT
42316,N0000000133,Enzyme Inhibitors,MOA,has_moa,MEDRT
42316,N0000008344,Cellular Growth Phase Arrest,PE,has_pe,MEDRT
42316,N0000008573,Decreased Cytokine Production,PE,has_pe,MEDRT
42316,N0000008998,Decreased T Lymphocyte Production,PE,has_pe,MEDRT
42316,D002368,Castor Oil,CHEM,ci_chemclass,MEDRT
42316,D003876,"Dermatitis, Atopic",DISEASE,may_treat,MEDRT
42316,D004342,Drug Hypersensitivity,DISEASE,ci_with,MEDRT
42316,D006086,Graft vs Host Disease,DISEASE,may_treat,MEDRT
42316,D006086,Graft vs Host Disease,DISEASE,may_prevent,MEDRT
42316,D016559,Tacrolimus,CHEM,has_ingredient,MEDRT
42316,D016572,Cyclosporine,CHEM,ci_chemclass,MEDRT
42316,N0000000133,Enzyme Inhibitors,MOA,has_moa,MEDRT
42316,N0000008344,Cellular Growth Phase Arrest,PE,has_pe,MEDRT
42316,N0000008573,Decreased Cytokine Production,PE,has_pe,MEDRT
42316,N0000008998,Decreased T Lymphocyte Production,PE,has_pe,MEDRT
42316,D002368,Castor Oil,CHEM,ci_chemclass,MEDRT
42316,D003876,"Dermatitis, Atopic",DISEASE,may_treat,MEDRT
42316,D004342,Drug Hypersensitivity,DISEASE,ci_with,MEDRT
42316,D006086,Graft vs Host Disease,DISEASE,may_treat,MEDRT
42316,D006086,Graft vs Host Disease,DISEASE,may_prevent,MEDRT
42316,D016572,Cyclosporine,CHEM,ci_chemclass,MEDRT
42316,N0000000133,Enzyme Inhibitors,MOA,has_moa,MEDRT
42316,N0000008344,Cellular Growth Phase Arrest,PE,has_pe,MEDRT
42316,N0000008573,Decreased Cytokine Production,PE,has_pe,MEDRT
42316,N0000008998,Decreased T Lymphocyte Production,PE,has_pe,MEDRT
358263,D000068581,Tadalafil,CHEM,has_ingredient,MEDRT
358263,D004342,Drug Hypersensitivity,DISEASE,ci_with,MEDRT
358263,D006976,"Hypertension, Pulmonary",DISEASE,may_treat,MEDRT
358263,D009566,Nitrates,CHEM,ci_chemclass,MEDRT
358263,D018783,"Impotence, Vasculogenic",DISEASE,may_treat,MEDRT
358263,N0000009798,Penile Venous Vasodilation,PE,has_pe,MEDRT
358263,N0000009818,Pulmonary Venous Vasodilation,PE,has_pe,MEDRT
358263,N0000020026,Phosphodiesterase 5 Inhibitors,MOA,has_moa,MEDRT
1545063,D001583,Benzoxazoles,CHEM,has_ingredient,MEDRT
1545063,D001583,Benzoxazoles,CHEM,has_ingredient,MEDRT
1244607,D005902,"Glaucoma, Open-Angle",DISEASE,may_treat,MEDRT
1244607,D011460,Prostaglandins F,CHEM,has_ingredient,MEDRT
1244607,N0000009943,Decreased Intraocular Fluid Pressure,PE,has_pe,MEDRT
10324,D001943,Breast Neoplasms,DISEASE,may_treat,MEDRT
10324,D003374,Coumarins,CHEM,ci_chemclass,MEDRT
10324,D004342,Drug Hypersensitivity,DISEASE,ci_with,MEDRT
10324,D006177,Gynecomastia,DISEASE,may_treat,MEDRT
10324,D010190,Pancreatic Neoplasms,DISEASE,may_treat,MEDRT
10324,D011247,Pregnancy,DISEASE,ci_with,MEDRT
10324,D011629,"Puberty, Precocious",DISEASE,may_treat,MEDRT
10324,D011655,Pulmonary Embolism,DISEASE,ci_with,MEDRT
10324,D013629,Tamoxifen,CHEM,has_ingredient,MEDRT
10324,D018270,"Carcinoma, Ductal, Breast",DISEASE,may_prevent,MEDRT
10324,D020246,Venous Thrombosis,DISEASE,ci_with,MEDRT
10324,N0000000168,Selective Estrogen Receptor Modulators,MOA,has_moa,MEDRT
10324,N0000008577,Decreased DNA Replication,PE,has_pe,MEDRT
10324,N0000008769,Decreased Ovarian Estrogen Secretion,PE,has_pe,MEDRT
10324,N0000009863,Stimulate Ovulation,PE,has_pe,MEDRT
10324,D001943,Breast Neoplasms,DISEASE,may_treat,MEDRT
10324,D003374,Coumarins,CHEM,ci_chemclass,MEDRT
10324,D004342,Drug Hypersensitivity,DISEASE,ci_with,MEDRT
10324,D006177,Gynecomastia,DISEASE,may_treat,MEDRT
10324,D010190,Pancreatic Neoplasms,DISEASE,may_treat,MEDRT
10324,D011247,Pregnancy,DISEASE,ci_with,MEDRT
10324,D011629,"Puberty, Precocious",DISEASE,may_treat,MEDRT
10324,D011655,Pulmonary Embolism,DISEASE,ci_with,MEDRT
10324,D013629,Tamoxifen,CHEM,has_ingredient,MEDRT
10324,D014859,Warfarin,CHEM,ci_chemclass,MEDRT
10324,D018270,"Carcinoma, Ductal, Breast",DISEASE,may_prevent,MEDRT
10324,D020246,Venous Thrombosis,DISEASE,ci_with,MEDRT
10324,N0000000168,Selective Estrogen Receptor Modulators,MOA,has_moa,MEDRT
10324,N0000008577,Decreased DNA Replication,PE,has_pe,MEDRT
10324,N0000008769,Decreased Ovarian Estrogen Secretion,PE,has_pe,MEDRT
10324,N0000009863,Stimulate Ovulation,PE,has_pe,MEDRT
77492,D000077409,Tamsulosin,CHEM,has_ingredient,MEDRT
77492,D004342,Drug Hypersensitivity,DISEASE,ci_with,MEDRT
77492,D011470,Prostatic Hyperplasia,DISEASE,may_treat,MEDRT
77492,N0000008421,Decreased Bladder Sphincter Tone,PE,has_pe,MEDRT
77492,N0000009919,Adrenergic alpha1-Antagonists,MOA,has_moa,MEDRT
77492,N0000009976,Decreased Urethra Smooth Muscle Tone,PE,has_pe,MEDRT
77492,D000077409,Tamsulosin,CHEM,has_ingredient,MEDRT
77492,D004342,Drug Hypersensitivity,DISEASE,ci_with,MEDRT
77492,D011470,Prostatic Hyperplasia,DISEASE,may_treat,MEDRT
77492,N0000008421,Decreased Bladder Sphincter Tone,PE,has_pe,MEDRT
77492,N0000009919,Adrenergic alpha1-Antagonists,MOA,has_moa,MEDRT
77492,N0000009976,Decreased Urethra Smooth Muscle Tone,PE,has_pe,MEDRT
73494,D000077333,Telmisartan,CHEM,has_ingredient,MEDRT
73494,D003928,Diabetic Nephropathies,DISEASE,may_treat,MEDRT
73494,D004342,Drug Hypersensitivity,DISEASE,ci_with,MEDRT
73494,D006333,Heart Failure,DISEASE,may_treat,MEDRT
73494,D006929,Hyperaldosteronism,DISEASE,ci_with,MEDRT
73494,D006973,Hypertension,DISEASE,may_treat,MEDRT
73494,D007022,Hypotension,DISEASE,ci_with,MEDRT
73494,D011247,Pregnancy,DISEASE,ci_with,MEDRT
73494,D018487,"Ventricular Dysfunction, Left",DISEASE,may_treat,MEDRT
73494,N0000000070,Angiotensin 2 Receptor Antagonists,MOA,has_moa,MEDRT
73494,N0000008669,Decreased Intravascular Volume,PE,has_pe,MEDRT
73494,N0000008731,Decreased Mineralocorticoid Secretion,PE,has_pe,MEDRT
73494,N0000008859,Decreased Renal K+ Excretion,PE,has_pe,MEDRT
73494,N0000009553,Increased Renal Na+ Excretion,PE,has_pe,MEDRT
73494,N0000009825,Renal Arterial Vasoconstriction,PE,ci_pe,MEDRT
73494,N0000009826,Renal Arterial Vasodilation,PE,has_pe,MEDRT
73494,N0000178477,Decreased Blood Pressure,PE,has_pe,MEDRT
1721603,D000068698,Tenofovir,CHEM,has_ingredient,MEDRT
1721603,D000409,Alanine,CHEM,has_ingredient,MEDRT
1721603,D019694,"Hepatitis B, Chronic",DISEASE,may_treat,MEDRT
1721603,N0000008869,Decreased Reverse Transcription to DNA,PE,has_pe,MEDRT
1721603,N0000009947,Nucleoside Reverse Transcriptase Inhibitors,MOA,has_moa,MEDRT
1721603,D000163,Acquired Immunodeficiency Syndrome,DISEASE,may_treat,MEDRT
1721603,D004342,Drug Hypersensitivity,DISEASE,ci_with,MEDRT
1721603,D019694,"Hepatitis B, Chronic",DISEASE,may_treat,MEDRT
1721603,N0000008869,Decreased Reverse Transcription to DNA,PE,has_pe,MEDRT
1721603,N0000009357,Increased Immunologically Active Molecule Activity,PE,has_pe,MEDRT
1721603,N0000009947,Nucleoside Reverse Transcriptase Inhibitors,MOA,has_moa,MEDRT
1721603,D000068698,Tenofovir,CHEM,has_ingredient,MEDRT
1721603,D000409,Alanine,CHEM,has_ingredient,MEDRT
1721603,D019694,"Hepatitis B, Chronic",DISEASE,may_treat,MEDRT
1721603,N0000008869,Decreased Reverse Transcription to DNA,PE,has_pe,MEDRT
1721603,N0000009947,Nucleoside Reverse Transcriptase Inhibitors,MOA,has_moa,MEDRT
1721603,D000163,Acquired Immunodeficiency Syndrome,DISEASE,may_treat,MEDRT
1721603,D004342,Drug Hypersensitivity,DISEASE,ci_with,MEDRT
1721603,D019694,"Hepatitis B, Chronic",DISEASE,may_treat,MEDRT
1721603,N0000008869,Decreased Reverse Transcription to DNA,PE,has_pe,MEDRT
1721603,N0000009357,Increased Immunologically Active Molecule Activity,PE,has_pe,MEDRT
1721603,N0000009947,Nucleoside Reverse Transcriptase Inhibitors,MOA,has_moa,MEDRT
37798,D004342,Drug Hypersensitivity,DISEASE,ci_with,MEDRT
37798,D006973,Hypertension,DISEASE,may_treat,MEDRT
37798,D007022,Hypotension,DISEASE,ci_with,MEDRT
37798,D011224,Prazosin,CHEM,has_ingredient,MEDRT
37798,D011470,Prostatic Hyperplasia,DISEASE,may_treat,MEDRT
37798,D011799,Quinazolines,CHEM,ci_chemclass,MEDRT
37798,D016055,Urinary Retention,DISEASE,may_treat,MEDRT
37798,N0000000099,Adrenergic alpha-Antagonists,MOA,has_moa,MEDRT
37798,N0000008299,Arterial Vasodilation,PE,has_pe,MEDRT
37798,N0000008421,Decreased Bladder Sphincter Tone,PE,has_pe,MEDRT
37798,N0000009911,Venous Vasodilation,PE,has_pe,MEDRT
37798,N0000178477,Decreased Blood Pressure,PE,has_pe,MEDRT
37798,D004342,Drug Hypersensitivity,DISEASE,ci_with,MEDRT
37798,D006973,Hypertension,DISEASE,may_treat,MEDRT
37798,D007022,Hypotension,DISEASE,ci_with,MEDRT
37798,D011224,Prazosin,CHEM,has_ingredient,MEDRT
37798,D011470,Prostatic Hyperplasia,DISEASE,may_treat,MEDRT
37798,D011799,Quinazolines,CHEM,ci_chemclass,MEDRT
37798,D016055,Urinary Retention,DISEASE,may_treat,MEDRT
37798,N0000000099,Adrenergic alpha-Antagonists,MOA,has_moa,MEDRT
37798,N0000008299,Arterial Vasodilation,PE,has_pe,MEDRT
37798,N0000008421,Decreased Bladder Sphincter Tone,PE,has_pe,MEDRT
37798,N0000009911,Venous Vasodilation,PE,has_pe,MEDRT
37798,N0000178477,Decreased Blood Pressure,PE,has_pe,MEDRT
37798,D004342,Drug Hypersensitivity,DISEASE,ci_with,MEDRT
37798,D006973,Hypertension,DISEASE,may_treat,MEDRT
37798,D007022,Hypotension,DISEASE,ci_with,MEDRT
37798,D011224,Prazosin,CHEM,has_ingredient,MEDRT
37798,D011470,Prostatic Hyperplasia,DISEASE,may_treat,MEDRT
37798,D011799,Quinazolines,CHEM,ci_chemclass,MEDRT
37798,D016055,Urinary Retention,DISEASE,may_treat,MEDRT
37798,N0000000099,Adrenergic alpha-Antagonists,MOA,has_moa,MEDRT
37798,N0000008299,Arterial Vasodilation,PE,has_pe,MEDRT
37798,N0000008421,Decreased Bladder Sphincter Tone,PE,has_pe,MEDRT
37798,N0000009911,Venous Vasodilation,PE,has_pe,MEDRT
37798,N0000178477,Decreased Blood Pressure,PE,has_pe,MEDRT
10454,D001602,Beriberi,DISEASE,may_treat,MEDRT
10454,D004342,Drug Hypersensitivity,DISEASE,ci_with,MEDRT
10454,D010383,Pellagra,DISEASE,may_treat,MEDRT
10454,D013831,Thiamine,CHEM,has_ingredient,MEDRT
10454,D013832,Thiamine Deficiency,DISEASE,may_treat,MEDRT
10454,D014899,Wernicke Encephalopathy,DISEASE,may_treat,MEDRT
10454,D020269,Alcoholic Neuropathy,DISEASE,may_treat,MEDRT
10454,N0000000163,Enzyme Interactions,MOA,has_moa,MEDRT
10454,N0000008337,Cellular Activity Alteration,PE,has_pe,MEDRT
10454,D001602,Beriberi,DISEASE,may_treat,MEDRT
10454,D004342,Drug Hypersensitivity,DISEASE,ci_with,MEDRT
10454,D010383,Pellagra,DISEASE,may_treat,MEDRT
10454,D013831,Thiamine,CHEM,has_ingredient,MEDRT
10454,D013832,Thiamine Deficiency,DISEASE,may_treat,MEDRT
10454,D014899,Wernicke Encephalopathy,DISEASE,may_treat,MEDRT
10454,D020269,Alcoholic Neuropathy,DISEASE,may_treat,MEDRT
10454,N0000000163,Enzyme Interactions,MOA,has_moa,MEDRT
10454,N0000008337,Cellular Activity Alteration,PE,has_pe,MEDRT
10454,D001602,Beriberi,DISEASE,may_treat,MEDRT
10454,D004342,Drug Hypersensitivity,DISEASE,ci_with,MEDRT
10454,D010383,Pellagra,DISEASE,may_treat,MEDRT
10454,D013832,Thiamine Deficiency,DISEASE,may_treat,MEDRT
10454,D013835,Thiamine Pyrophosphate,CHEM,has_ingredient,MEDRT
10454,D014899,Wernicke Encephalopathy,DISEASE,may_treat,MEDRT
10454,D020269,Alcoholic Neuropathy,DISEASE,may_treat,MEDRT
10454,N0000000163,Enzyme Interactions,MOA,has_moa,MEDRT
10454,N0000008337,Cellular Activity Alteration,PE,has_pe,MEDRT
10454,D001602,Beriberi,DISEASE,may_treat,MEDRT
10454,D004342,Drug Hypersensitivity,DISEASE,ci_with,MEDRT
10454,D010383,Pellagra,DISEASE,may_treat,MEDRT
10454,D013831,Thiamine,CHEM,has_ingredient,MEDRT
10454,D013832,Thiamine Deficiency,DISEASE,may_treat,MEDRT
10454,D014899,Wernicke Encephalopathy,DISEASE,may_treat,MEDRT
10454,D020269,Alcoholic Neuropathy,DISEASE,may_treat,MEDRT
10454,N0000000163,Enzyme Interactions,MOA,has_moa,MEDRT
10454,N0000008337,Cellular Activity Alteration,PE,has_pe,MEDRT
10454,D001602,Beriberi,DISEASE,may_treat,MEDRT
10454,D004342,Drug Hypersensitivity,DISEASE,ci_with,MEDRT
10454,D010383,Pellagra,DISEASE,may_treat,MEDRT
10454,D013831,Thiamine,CHEM,has_ingredient,MEDRT
10454,D013832,Thiamine Deficiency,DISEASE,may_treat,MEDRT
10454,D014899,Wernicke Encephalopathy,DISEASE,may_treat,MEDRT
10454,D020269,Alcoholic Neuropathy,DISEASE,may_treat,MEDRT
10454,N0000000163,Enzyme Interactions,MOA,has_moa,MEDRT
10454,N0000008337,Cellular Activity Alteration,PE,has_pe,MEDRT
38260,D001007,Anxiety,DISEASE,may_treat,MEDRT
38260,D007319,Sleep Initiation and Maintenance Disorders,DISEASE,may_treat,MEDRT
38260,D009652,Norpregnenes,CHEM,has_ingredient,MEDRT
38260,D015663,"Osteoporosis, Postmenopausal",DISEASE,may_prevent,MEDRT
38260,D019584,Hot Flashes,DISEASE,may_treat,MEDRT
38260,N0000000100,Estrogen Receptor Agonists,MOA,has_moa,MEDRT
38260,N0000008313,Bone Resorption Inhibition,PE,has_pe,MEDRT
1116632,D000077486,Ticagrelor,CHEM,has_ingredient,MEDRT
1116632,D003328,Coronary Thrombosis,DISEASE,may_prevent,MEDRT
1116632,D004342,Drug Hypersensitivity,DISEASE,ci_with,MEDRT
1116632,D009203,Myocardial Infarction,DISEASE,may_prevent,MEDRT
1116632,D020521,Stroke,DISEASE,may_prevent,MEDRT
1116632,N0000008832,Decreased Platelet Aggregation,PE,has_pe,MEDRT
1116632,N0000182143,P2Y12 Receptor Antagonists,MOA,has_moa,MEDRT
10594,D001778,Blood Coagulation Disorders,DISEASE,ci_with,MEDRT
10594,D002542,Intracranial Embolism and Thrombosis,DISEASE,may_treat,MEDRT
10594,D004342,Drug Hypersensitivity,DISEASE,ci_with,MEDRT
10594,D006470,Hemorrhage,DISEASE,ci_with,MEDRT
10594,D007511,Ischemia,DISEASE,may_prevent,MEDRT
10594,D008107,Liver Diseases,DISEASE,ci_with,MEDRT
10594,D013923,Thromboembolism,DISEASE,may_prevent,MEDRT
10594,D013988,Ticlopidine,CHEM,has_ingredient,MEDRT
10594,D020246,Venous Thrombosis,DISEASE,may_prevent,MEDRT
10594,D020521,Stroke,DISEASE,may_prevent,MEDRT
10594,N0000008832,Decreased Platelet Aggregation,PE,has_pe,MEDRT
10594,N0000009961,Platelet Activating Factor Inhibitors,MOA,has_moa,MEDRT
10594,D001778,Blood Coagulation Disorders,DISEASE,ci_with,MEDRT
10594,D002542,Intracranial Embolism and Thrombosis,DISEASE,may_treat,MEDRT
10594,D004342,Drug Hypersensitivity,DISEASE,ci_with,MEDRT
10594,D006470,Hemorrhage,DISEASE,ci_with,MEDRT
10594,D007511,Ischemia,DISEASE,may_prevent,MEDRT
10594,D008107,Liver Diseases,DISEASE,ci_with,MEDRT
10594,D013923,Thromboembolism,DISEASE,may_prevent,MEDRT
10594,D013988,Ticlopidine,CHEM,has_ingredient,MEDRT
10594,D020246,Venous Thrombosis,DISEASE,may_prevent,MEDRT
10594,D020521,Stroke,DISEASE,may_prevent,MEDRT
10594,N0000008832,Decreased Platelet Aggregation,PE,has_pe,MEDRT
10594,N0000009961,Platelet Activating Factor Inhibitors,MOA,has_moa,MEDRT
10600,D000787,Angina Pectoris,DISEASE,may_treat,MEDRT
10600,D001249,Asthma,DISEASE,ci_with,MEDRT
10600,D001919,Bradycardia,DISEASE,ci_with,MEDRT
10600,D001986,Bronchial Spasm,DISEASE,ci_with,MEDRT
10600,D004342,Drug Hypersensitivity,DISEASE,ci_with,MEDRT
10600,D005902,"Glaucoma, Open-Angle",DISEASE,may_treat,MEDRT
10600,D006331,Heart Diseases,DISEASE,may_prevent,MEDRT
10600,D006333,Heart Failure,DISEASE,ci_with,MEDRT
10600,D006333,Heart Failure,DISEASE,may_treat,MEDRT
10600,D006973,Hypertension,DISEASE,may_treat,MEDRT
10600,D007022,Hypotension,DISEASE,ci_with,MEDRT
10600,D009203,Myocardial Infarction,DISEASE,may_treat,MEDRT
10600,D011247,Pregnancy,DISEASE,ci_with,MEDRT
10600,D011654,Pulmonary Edema,DISEASE,ci_with,MEDRT
10600,D012770,"Shock, Cardiogenic",DISEASE,ci_with,MEDRT
10600,D012804,Sick Sinus Syndrome,DISEASE,ci_with,MEDRT
10600,D013999,Timolol,CHEM,has_ingredient,MEDRT
10600,D016535,Bronchial Hyperreactivity,DISEASE,ci_with,MEDRT
10600,D029424,"Pulmonary Disease, Chronic Obstructive",DISEASE,ci_with,MEDRT
10600,D054537,Atrioventricular Block,DISEASE,ci_with,MEDRT
10600,N0000000026,Hepatic Metabolism,PK,site_of_metabolism,MEDRT
10600,N0000009756,Negative Chronotropy,PE,ci_pe,MEDRT
10600,N0000009756,Negative Chronotropy,PE,has_pe,MEDRT
10600,N0000009757,Negative Inotropy,PE,has_pe,MEDRT
10600,N0000009923,Adrenergic beta1-Antagonists,MOA,has_moa,MEDRT
10600,N0000009924,Adrenergic beta2-Antagonists,MOA,has_moa,MEDRT
10600,N0000009943,Decreased Intraocular Fluid Pressure,PE,has_pe,MEDRT
10600,N0000178477,Decreased Blood Pressure,PE,has_pe,MEDRT
10600,D000787,Angina Pectoris,DISEASE,may_treat,MEDRT
10600,D001249,Asthma,DISEASE,ci_with,MEDRT
10600,D001919,Bradycardia,DISEASE,ci_with,MEDRT
10600,D001986,Bronchial Spasm,DISEASE,ci_with,MEDRT
10600,D004342,Drug Hypersensitivity,DISEASE,ci_with,MEDRT
10600,D005902,"Glaucoma, Open-Angle",DISEASE,may_treat,MEDRT
10600,D006331,Heart Diseases,DISEASE,may_prevent,MEDRT
10600,D006333,Heart Failure,DISEASE,ci_with,MEDRT
10600,D006333,Heart Failure,DISEASE,may_treat,MEDRT
10600,D006973,Hypertension,DISEASE,may_treat,MEDRT
10600,D007022,Hypotension,DISEASE,ci_with,MEDRT
10600,D009203,Myocardial Infarction,DISEASE,may_treat,MEDRT
10600,D011247,Pregnancy,DISEASE,ci_with,MEDRT
10600,D011654,Pulmonary Edema,DISEASE,ci_with,MEDRT
10600,D012770,"Shock, Cardiogenic",DISEASE,ci_with,MEDRT
10600,D012804,Sick Sinus Syndrome,DISEASE,ci_with,MEDRT
10600,D016535,Bronchial Hyperreactivity,DISEASE,ci_with,MEDRT
10600,D029424,"Pulmonary Disease, Chronic Obstructive",DISEASE,ci_with,MEDRT
10600,D054537,Atrioventricular Block,DISEASE,ci_with,MEDRT
10600,N0000009756,Negative Chronotropy,PE,ci_pe,MEDRT
10600,N0000009756,Negative Chronotropy,PE,has_pe,MEDRT
10600,N0000009757,Negative Inotropy,PE,has_pe,MEDRT
10600,N0000009923,Adrenergic beta1-Antagonists,MOA,has_moa,MEDRT
10600,N0000009924,Adrenergic beta2-Antagonists,MOA,has_moa,MEDRT
10600,N0000009943,Decreased Intraocular Fluid Pressure,PE,has_pe,MEDRT
10600,N0000178477,Decreased Blood Pressure,PE,has_pe,MEDRT
10600,D000787,Angina Pectoris,DISEASE,may_treat,MEDRT
10600,D001249,Asthma,DISEASE,ci_with,MEDRT
10600,D001919,Bradycardia,DISEASE,ci_with,MEDRT
10600,D001986,Bronchial Spasm,DISEASE,ci_with,MEDRT
10600,D004342,Drug Hypersensitivity,DISEASE,ci_with,MEDRT
10600,D005902,"Glaucoma, Open-Angle",DISEASE,may_treat,MEDRT
10600,D006331,Heart Diseases,DISEASE,may_prevent,MEDRT
10600,D006333,Heart Failure,DISEASE,ci_with,MEDRT
10600,D006333,Heart Failure,DISEASE,may_treat,MEDRT
10600,D006973,Hypertension,DISEASE,may_treat,MEDRT
10600,D007022,Hypotension,DISEASE,ci_with,MEDRT
10600,D009203,Myocardial Infarction,DISEASE,may_treat,MEDRT
10600,D011247,Pregnancy,DISEASE,ci_with,MEDRT
10600,D011654,Pulmonary Edema,DISEASE,ci_with,MEDRT
10600,D012770,"Shock, Cardiogenic",DISEASE,ci_with,MEDRT
10600,D012804,Sick Sinus Syndrome,DISEASE,ci_with,MEDRT
10600,D013999,Timolol,CHEM,has_ingredient,MEDRT
10600,D016535,Bronchial Hyperreactivity,DISEASE,ci_with,MEDRT
10600,D029424,"Pulmonary Disease, Chronic Obstructive",DISEASE,ci_with,MEDRT
10600,D054537,Atrioventricular Block,DISEASE,ci_with,MEDRT
10600,N0000000026,Hepatic Metabolism,PK,site_of_metabolism,MEDRT
10600,N0000009756,Negative Chronotropy,PE,ci_pe,MEDRT
10600,N0000009756,Negative Chronotropy,PE,has_pe,MEDRT
10600,N0000009757,Negative Inotropy,PE,has_pe,MEDRT
10600,N0000009923,Adrenergic beta1-Antagonists,MOA,has_moa,MEDRT
10600,N0000009924,Adrenergic beta2-Antagonists,MOA,has_moa,MEDRT
10600,N0000009943,Decreased Intraocular Fluid Pressure,PE,has_pe,MEDRT
10600,N0000178477,Decreased Blood Pressure,PE,has_pe,MEDRT
10600,D000787,Angina Pectoris,DISEASE,may_treat,MEDRT
10600,D001249,Asthma,DISEASE,ci_with,MEDRT
10600,D001919,Bradycardia,DISEASE,ci_with,MEDRT
10600,D001986,Bronchial Spasm,DISEASE,ci_with,MEDRT
10600,D004342,Drug Hypersensitivity,DISEASE,ci_with,MEDRT
10600,D005902,"Glaucoma, Open-Angle",DISEASE,may_treat,MEDRT
10600,D006331,Heart Diseases,DISEASE,may_prevent,MEDRT
10600,D006333,Heart Failure,DISEASE,ci_with,MEDRT
10600,D006333,Heart Failure,DISEASE,may_treat,MEDRT
10600,D006973,Hypertension,DISEASE,may_treat,MEDRT
10600,D007022,Hypotension,DISEASE,ci_with,MEDRT
10600,D009203,Myocardial Infarction,DISEASE,may_treat,MEDRT
10600,D011247,Pregnancy,DISEASE,ci_with,MEDRT
10600,D011654,Pulmonary Edema,DISEASE,ci_with,MEDRT
10600,D012770,"Shock, Cardiogenic",DISEASE,ci_with,MEDRT
10600,D012804,Sick Sinus Syndrome,DISEASE,ci_with,MEDRT
10600,D013999,Timolol,CHEM,has_ingredient,MEDRT
10600,D016535,Bronchial Hyperreactivity,DISEASE,ci_with,MEDRT
10600,D029424,"Pulmonary Disease, Chronic Obstructive",DISEASE,ci_with,MEDRT
10600,D054537,Atrioventricular Block,DISEASE,ci_with,MEDRT
10600,N0000000026,Hepatic Metabolism,PK,site_of_metabolism,MEDRT
10600,N0000009756,Negative Chronotropy,PE,ci_pe,MEDRT
10600,N0000009756,Negative Chronotropy,PE,has_pe,MEDRT
10600,N0000009757,Negative Inotropy,PE,has_pe,MEDRT
10600,N0000009923,Adrenergic beta1-Antagonists,MOA,has_moa,MEDRT
10600,N0000009924,Adrenergic beta2-Antagonists,MOA,has_moa,MEDRT
10600,N0000009943,Decreased Intraocular Fluid Pressure,PE,has_pe,MEDRT
10600,N0000178477,Decreased Blood Pressure,PE,has_pe,MEDRT
10600,D000787,Angina Pectoris,DISEASE,may_treat,MEDRT
10600,D001249,Asthma,DISEASE,ci_with,MEDRT
10600,D001919,Bradycardia,DISEASE,ci_with,MEDRT
10600,D001986,Bronchial Spasm,DISEASE,ci_with,MEDRT
10600,D004342,Drug Hypersensitivity,DISEASE,ci_with,MEDRT
10600,D005902,"Glaucoma, Open-Angle",DISEASE,may_treat,MEDRT
10600,D006331,Heart Diseases,DISEASE,may_prevent,MEDRT
10600,D006333,Heart Failure,DISEASE,ci_with,MEDRT
10600,D006333,Heart Failure,DISEASE,may_treat,MEDRT
10600,D006973,Hypertension,DISEASE,may_treat,MEDRT
10600,D007022,Hypotension,DISEASE,ci_with,MEDRT
10600,D009203,Myocardial Infarction,DISEASE,may_treat,MEDRT
10600,D011247,Pregnancy,DISEASE,ci_with,MEDRT
10600,D011654,Pulmonary Edema,DISEASE,ci_with,MEDRT
10600,D012770,"Shock, Cardiogenic",DISEASE,ci_with,MEDRT
10600,D012804,Sick Sinus Syndrome,DISEASE,ci_with,MEDRT
10600,D013999,Timolol,CHEM,has_ingredient,MEDRT
10600,D016535,Bronchial Hyperreactivity,DISEASE,ci_with,MEDRT
10600,D029424,"Pulmonary Disease, Chronic Obstructive",DISEASE,ci_with,MEDRT
10600,D054537,Atrioventricular Block,DISEASE,ci_with,MEDRT
10600,N0000000026,Hepatic Metabolism,PK,site_of_metabolism,MEDRT
10600,N0000009756,Negative Chronotropy,PE,ci_pe,MEDRT
10600,N0000009756,Negative Chronotropy,PE,has_pe,MEDRT
10600,N0000009757,Negative Inotropy,PE,has_pe,MEDRT
10600,N0000009923,Adrenergic beta1-Antagonists,MOA,has_moa,MEDRT
10600,N0000009924,Adrenergic beta2-Antagonists,MOA,has_moa,MEDRT
10600,N0000009943,Decreased Intraocular Fluid Pressure,PE,has_pe,MEDRT
10600,N0000178477,Decreased Blood Pressure,PE,has_pe,MEDRT
10600,D000787,Angina Pectoris,DISEASE,may_treat,MEDRT
10600,D001249,Asthma,DISEASE,ci_with,MEDRT
10600,D001919,Bradycardia,DISEASE,ci_with,MEDRT
10600,D001986,Bronchial Spasm,DISEASE,ci_with,MEDRT
10600,D004342,Drug Hypersensitivity,DISEASE,ci_with,MEDRT
10600,D005902,"Glaucoma, Open-Angle",DISEASE,may_treat,MEDRT
10600,D006331,Heart Diseases,DISEASE,may_prevent,MEDRT
10600,D006333,Heart Failure,DISEASE,ci_with,MEDRT
10600,D006333,Heart Failure,DISEASE,may_treat,MEDRT
10600,D006973,Hypertension,DISEASE,may_treat,MEDRT
10600,D007022,Hypotension,DISEASE,ci_with,MEDRT
10600,D009203,Myocardial Infarction,DISEASE,may_treat,MEDRT
10600,D011247,Pregnancy,DISEASE,ci_with,MEDRT
10600,D011654,Pulmonary Edema,DISEASE,ci_with,MEDRT
10600,D012770,"Shock, Cardiogenic",DISEASE,ci_with,MEDRT
10600,D012804,Sick Sinus Syndrome,DISEASE,ci_with,MEDRT
10600,D016535,Bronchial Hyperreactivity,DISEASE,ci_with,MEDRT
10600,D029424,"Pulmonary Disease, Chronic Obstructive",DISEASE,ci_with,MEDRT
10600,D054537,Atrioventricular Block,DISEASE,ci_with,MEDRT
10600,N0000009756,Negative Chronotropy,PE,ci_pe,MEDRT
10600,N0000009756,Negative Chronotropy,PE,has_pe,MEDRT
10600,N0000009757,Negative Inotropy,PE,has_pe,MEDRT
10600,N0000009923,Adrenergic beta1-Antagonists,MOA,has_moa,MEDRT
10600,N0000009924,Adrenergic beta2-Antagonists,MOA,has_moa,MEDRT
10600,N0000009943,Decreased Intraocular Fluid Pressure,PE,has_pe,MEDRT
10600,N0000178477,Decreased Blood Pressure,PE,has_pe,MEDRT
10600,D000787,Angina Pectoris,DISEASE,may_treat,MEDRT
10600,D001249,Asthma,DISEASE,ci_with,MEDRT
10600,D001919,Bradycardia,DISEASE,ci_with,MEDRT
10600,D001986,Bronchial Spasm,DISEASE,ci_with,MEDRT
10600,D004342,Drug Hypersensitivity,DISEASE,ci_with,MEDRT
10600,D005902,"Glaucoma, Open-Angle",DISEASE,may_treat,MEDRT
10600,D006331,Heart Diseases,DISEASE,may_prevent,MEDRT
10600,D006333,Heart Failure,DISEASE,ci_with,MEDRT
10600,D006333,Heart Failure,DISEASE,may_treat,MEDRT
10600,D006973,Hypertension,DISEASE,may_treat,MEDRT
10600,D007022,Hypotension,DISEASE,ci_with,MEDRT
10600,D009203,Myocardial Infarction,DISEASE,may_treat,MEDRT
10600,D011247,Pregnancy,DISEASE,ci_with,MEDRT
10600,D011654,Pulmonary Edema,DISEASE,ci_with,MEDRT
10600,D012770,"Shock, Cardiogenic",DISEASE,ci_with,MEDRT
10600,D012804,Sick Sinus Syndrome,DISEASE,ci_with,MEDRT
10600,D013999,Timolol,CHEM,has_ingredient,MEDRT
10600,D016535,Bronchial Hyperreactivity,DISEASE,ci_with,MEDRT
10600,D029424,"Pulmonary Disease, Chronic Obstructive",DISEASE,ci_with,MEDRT
10600,D054537,Atrioventricular Block,DISEASE,ci_with,MEDRT
10600,N0000000026,Hepatic Metabolism,PK,site_of_metabolism,MEDRT
10600,N0000009756,Negative Chronotropy,PE,ci_pe,MEDRT
10600,N0000009756,Negative Chronotropy,PE,has_pe,MEDRT
10600,N0000009757,Negative Inotropy,PE,has_pe,MEDRT
10600,N0000009923,Adrenergic beta1-Antagonists,MOA,has_moa,MEDRT
10600,N0000009924,Adrenergic beta2-Antagonists,MOA,has_moa,MEDRT
10600,N0000009943,Decreased Intraocular Fluid Pressure,PE,has_pe,MEDRT
10600,N0000178477,Decreased Blood Pressure,PE,has_pe,MEDRT
10600,D000787,Angina Pectoris,DISEASE,may_treat,MEDRT
10600,D001249,Asthma,DISEASE,ci_with,MEDRT
10600,D001919,Bradycardia,DISEASE,ci_with,MEDRT
10600,D001986,Bronchial Spasm,DISEASE,ci_with,MEDRT
10600,D004342,Drug Hypersensitivity,DISEASE,ci_with,MEDRT
10600,D005902,"Glaucoma, Open-Angle",DISEASE,may_treat,MEDRT
10600,D006331,Heart Diseases,DISEASE,may_prevent,MEDRT
10600,D006333,Heart Failure,DISEASE,ci_with,MEDRT
10600,D006333,Heart Failure,DISEASE,may_treat,MEDRT
10600,D006973,Hypertension,DISEASE,may_treat,MEDRT
10600,D007022,Hypotension,DISEASE,ci_with,MEDRT
10600,D009203,Myocardial Infarction,DISEASE,may_treat,MEDRT
10600,D011247,Pregnancy,DISEASE,ci_with,MEDRT
10600,D011654,Pulmonary Edema,DISEASE,ci_with,MEDRT
10600,D012770,"Shock, Cardiogenic",DISEASE,ci_with,MEDRT
10600,D012804,Sick Sinus Syndrome,DISEASE,ci_with,MEDRT
10600,D013999,Timolol,CHEM,has_ingredient,MEDRT
10600,D016535,Bronchial Hyperreactivity,DISEASE,ci_with,MEDRT
10600,D029424,"Pulmonary Disease, Chronic Obstructive",DISEASE,ci_with,MEDRT
10600,D054537,Atrioventricular Block,DISEASE,ci_with,MEDRT
10600,N0000000026,Hepatic Metabolism,PK,site_of_metabolism,MEDRT
10600,N0000009756,Negative Chronotropy,PE,ci_pe,MEDRT
10600,N0000009756,Negative Chronotropy,PE,has_pe,MEDRT
10600,N0000009757,Negative Inotropy,PE,has_pe,MEDRT
10600,N0000009923,Adrenergic beta1-Antagonists,MOA,has_moa,MEDRT
10600,N0000009924,Adrenergic beta2-Antagonists,MOA,has_moa,MEDRT
10600,N0000009943,Decreased Intraocular Fluid Pressure,PE,has_pe,MEDRT
10600,N0000178477,Decreased Blood Pressure,PE,has_pe,MEDRT
2601723,D000098860,Tirzepatide,CHEM,has_ingredient,MEDRT
2601723,D003924,"Diabetes Mellitus, Type 2",DISEASE,may_treat,MEDRT
2601723,D013964,Thyroid Neoplasms,DISEASE,ci_with,MEDRT
2601723,D018276,"Carcinoma, Medullary",DISEASE,ci_with,MEDRT
2601723,D018813,Multiple Endocrine Neoplasia Type 2a,DISEASE,ci_with,MEDRT
2601723,N0000020057,Glucagon-like Peptide-1 (GLP-1) Receptor Interactions,MOA,has_moa,MEDRT
2601723,N0000020058,Glucagon-like Peptide-1 (GLP-1) Agonists,MOA,has_moa,MEDRT
10627,D001850,"Bone Diseases, Infectious",DISEASE,may_treat,MEDRT
10627,D002494,Central Nervous System Infections,DISEASE,may_treat,MEDRT
10627,D004342,Drug Hypersensitivity,DISEASE,ci_with,MEDRT
10627,D011552,Pseudomonas Infections,DISEASE,may_treat,MEDRT
10627,D012141,Respiratory Tract Infections,DISEASE,may_treat,MEDRT
10627,D012874,"Skin Diseases, Infectious",DISEASE,may_treat,MEDRT
10627,D013203,Staphylococcal Infections,DISEASE,may_treat,MEDRT
10627,D014031,Tobramycin,CHEM,has_ingredient,MEDRT
10627,D014552,Urinary Tract Infections,DISEASE,may_treat,MEDRT
10627,D015818,"Eye Infections, Bacterial",DISEASE,may_treat,MEDRT
10627,D018805,Sepsis,DISEASE,may_treat,MEDRT
10627,D059413,Intraabdominal Infections,DISEASE,may_treat,MEDRT
10627,N0000000150,Protein Synthesis Inhibitors,MOA,has_moa,MEDRT
10627,N0000008334,Cell Membrane Alteration,PE,has_pe,MEDRT
10627,N0000008841,Decreased Protein Synthesis,PE,has_pe,MEDRT
10627,D001850,"Bone Diseases, Infectious",DISEASE,may_treat,MEDRT
10627,D002494,Central Nervous System Infections,DISEASE,may_treat,MEDRT
10627,D004342,Drug Hypersensitivity,DISEASE,ci_with,MEDRT
10627,D011552,Pseudomonas Infections,DISEASE,may_treat,MEDRT
10627,D012141,Respiratory Tract Infections,DISEASE,may_treat,MEDRT
10627,D012874,"Skin Diseases, Infectious",DISEASE,may_treat,MEDRT
10627,D013203,Staphylococcal Infections,DISEASE,may_treat,MEDRT
10627,D014031,Tobramycin,CHEM,has_ingredient,MEDRT
10627,D014552,Urinary Tract Infections,DISEASE,may_treat,MEDRT
10627,D015818,"Eye Infections, Bacterial",DISEASE,may_treat,MEDRT
10627,D018805,Sepsis,DISEASE,may_treat,MEDRT
10627,D059413,Intraabdominal Infections,DISEASE,may_treat,MEDRT
10627,N0000000150,Protein Synthesis Inhibitors,MOA,has_moa,MEDRT
10627,N0000008334,Cell Membrane Alteration,PE,has_pe,MEDRT
10627,N0000008841,Decreased Protein Synthesis,PE,has_pe,MEDRT
38404,D000077236,Topiramate,CHEM,has_ingredient,MEDRT
38404,D001714,Bipolar Disorder,DISEASE,may_treat,MEDRT
38404,D004342,Drug Hypersensitivity,DISEASE,ci_with,MEDRT
38404,D004828,"Epilepsies, Partial",DISEASE,may_treat,MEDRT
38404,D004830,"Epilepsy, Tonic-Clonic",DISEASE,may_treat,MEDRT
38404,D008881,Migraine Disorders,DISEASE,may_prevent,MEDRT
38404,D010146,Pain,DISEASE,may_treat,MEDRT
38404,D013036,"Spasms, Infantile",DISEASE,may_treat,MEDRT
38404,D065768,Lennox Gastaut Syndrome,DISEASE,may_treat,MEDRT
38404,N0000000180,Sodium Channel Interactions,MOA,has_moa,MEDRT
38404,N0000008648,Decreased Glutamate Activity,PE,has_pe,MEDRT
38404,N0000009325,Increased GABA Activity,PE,has_pe,MEDRT
38413,D000077786,Torsemide,CHEM,has_ingredient,MEDRT
38413,D001002,Anuria,DISEASE,ci_with,MEDRT
38413,D001201,Ascites,DISEASE,may_treat,MEDRT
38413,D003681,Dehydration,DISEASE,ci_with,MEDRT
38413,D004342,Drug Hypersensitivity,DISEASE,ci_with,MEDRT
38413,D004487,Edema,DISEASE,may_treat,MEDRT
38413,D006333,Heart Failure,DISEASE,may_treat,MEDRT
38413,D006973,Hypertension,DISEASE,may_treat,MEDRT
38413,D007676,"Kidney Failure, Chronic",DISEASE,may_treat,MEDRT
38413,D008103,Liver Cirrhosis,DISEASE,may_treat,MEDRT
38413,D009404,Nephrotic Syndrome,DISEASE,may_treat,MEDRT
38413,D011654,Pulmonary Edema,DISEASE,may_treat,MEDRT
38413,D013449,Sulfonamides,CHEM,ci_chemclass,MEDRT
38413,D058186,Acute Kidney Injury,DISEASE,may_treat,MEDRT
38413,N0000000026,Hepatic Metabolism,PK,has_pk,MEDRT
38413,N0000000042,Renal Excretion,PK,has_pk,MEDRT
38413,N0000008669,Decreased Intravascular Volume,PE,has_pe,MEDRT
38413,N0000009381,Increased Loop of Henle Ca++ Excretion,PE,has_pe,MEDRT
38413,N0000009382,Increased Loop of Henle Cl- Excretion,PE,has_pe,MEDRT
38413,N0000009385,Increased Loop of Henle K+ Excretion,PE,has_pe,MEDRT
38413,N0000009386,Increased Loop of Henle Mg++ Excretion,PE,has_pe,MEDRT
38413,N0000009387,Increased Loop of Henle Na+ Excretion,PE,has_pe,MEDRT
38413,N0000178477,Decreased Blood Pressure,PE,has_pe,MEDRT
38413,N0000181006,Sodium Potassium Chloride Symporter Inhibitors,MOA,has_moa,MEDRT
283809,D000069557,Travoprost,CHEM,has_ingredient,MEDRT
283809,D004342,Drug Hypersensitivity,DISEASE,ci_with,MEDRT
283809,D005902,"Glaucoma, Open-Angle",DISEASE,may_treat,MEDRT
283809,D011247,Pregnancy,DISEASE,ci_with,MEDRT
283809,N0000000106,Prostaglandin Receptor Agonists,MOA,has_moa,MEDRT
283809,N0000009943,Decreased Intraocular Fluid Pressure,PE,has_pe,MEDRT
10737,D000069349,Linezolid,CHEM,ci_chemclass,MEDRT
10737,D003866,Depressive Disorder,DISEASE,may_treat,MEDRT
10737,D004342,Drug Hypersensitivity,DISEASE,ci_with,MEDRT
10737,D007319,Sleep Initiation and Maintenance Disorders,DISEASE,may_treat,MEDRT
10737,D008751,Methylene Blue,CHEM,ci_chemclass,MEDRT
10737,D014196,Trazodone,CHEM,has_ingredient,MEDRT
10737,N0000000090,Serotonin 5HT-3 Antagonists,MOA,has_moa,MEDRT
10737,N0000000109,Serotonin Uptake Inhibitors,MOA,has_moa,MEDRT
10737,N0000000184,Monoamine Oxidase Inhibitors,MOA,ci_moa,MEDRT
10737,N0000000190,Histamine H1 Receptor Antagonists,MOA,has_moa,MEDRT
10737,N0000009198,Increased Central Nervous System Serotonin Activity,PE,has_pe,MEDRT
10737,N0000009919,Adrenergic alpha1-Antagonists,MOA,has_moa,MEDRT
10737,D000069349,Linezolid,CHEM,ci_chemclass,MEDRT
10737,D003866,Depressive Disorder,DISEASE,may_treat,MEDRT
10737,D004342,Drug Hypersensitivity,DISEASE,ci_with,MEDRT
10737,D007319,Sleep Initiation and Maintenance Disorders,DISEASE,may_treat,MEDRT
10737,D008751,Methylene Blue,CHEM,ci_chemclass,MEDRT
10737,D014196,Trazodone,CHEM,has_ingredient,MEDRT
10737,N0000000090,Serotonin 5HT-3 Antagonists,MOA,has_moa,MEDRT
10737,N0000000109,Serotonin Uptake Inhibitors,MOA,has_moa,MEDRT
10737,N0000000184,Monoamine Oxidase Inhibitors,MOA,ci_moa,MEDRT
10737,N0000000190,Histamine H1 Receptor Antagonists,MOA,has_moa,MEDRT
10737,N0000009198,Increased Central Nervous System Serotonin Activity,PE,has_pe,MEDRT
10737,N0000009919,Adrenergic alpha1-Antagonists,MOA,has_moa,MEDRT
343048,D006967,Hypersensitivity,DISEASE,ci_with,MEDRT
343048,D006976,"Hypertension, Pulmonary",DISEASE,may_treat,MEDRT
343048,D008107,Liver Diseases,DISEASE,ci_with,MEDRT
343048,D011464,Epoprostenol,CHEM,has_ingredient,MEDRT
343048,N0000000106,Prostaglandin Receptor Agonists,MOA,has_moa,MEDRT
343048,N0000008832,Decreased Platelet Aggregation,PE,has_pe,MEDRT
343048,N0000009816,Pulmonary Arterial Vasodilation,PE,has_pe,MEDRT
343048,N0000009940,Systemic Arterial Vasodilation,PE,has_pe,MEDRT
343048,N0000178477,Decreased Blood Pressure,PE,has_pe,MEDRT
343048,D006967,Hypersensitivity,DISEASE,ci_with,MEDRT
343048,D006976,"Hypertension, Pulmonary",DISEASE,may_treat,MEDRT
343048,D008107,Liver Diseases,DISEASE,ci_with,MEDRT
343048,D011464,Epoprostenol,CHEM,has_ingredient,MEDRT
343048,N0000000106,Prostaglandin Receptor Agonists,MOA,has_moa,MEDRT
343048,N0000008832,Decreased Platelet Aggregation,PE,has_pe,MEDRT
343048,N0000009816,Pulmonary Arterial Vasodilation,PE,has_pe,MEDRT
343048,N0000009940,Systemic Arterial Vasodilation,PE,has_pe,MEDRT
343048,N0000178477,Decreased Blood Pressure,PE,has_pe,MEDRT
343048,D006967,Hypersensitivity,DISEASE,ci_with,MEDRT
343048,D006976,"Hypertension, Pulmonary",DISEASE,may_treat,MEDRT
343048,D008107,Liver Diseases,DISEASE,ci_with,MEDRT
343048,D011464,Epoprostenol,CHEM,has_ingredient,MEDRT
343048,N0000000106,Prostaglandin Receptor Agonists,MOA,has_moa,MEDRT
343048,N0000008832,Decreased Platelet Aggregation,PE,has_pe,MEDRT
343048,N0000009816,Pulmonary Arterial Vasodilation,PE,has_pe,MEDRT
343048,N0000009940,Systemic Arterial Vasodilation,PE,has_pe,MEDRT
343048,N0000178477,Decreased Blood Pressure,PE,has_pe,MEDRT
10767,D004342,Drug Hypersensitivity,DISEASE,ci_with,MEDRT
10767,D007319,Sleep Initiation and Maintenance Disorders,DISEASE,may_treat,MEDRT
10767,D007654,Ketoconazole,CHEM,ci_chemclass,MEDRT
10767,D010879,Piperazines,CHEM,ci_chemclass,MEDRT
10767,D011247,Pregnancy,DISEASE,ci_with,MEDRT
10767,D014229,Triazolam,CHEM,has_ingredient,MEDRT
10767,D014230,Triazoles,CHEM,ci_chemclass,MEDRT
10767,D017964,Itraconazole,CHEM,ci_chemclass,MEDRT
10767,N0000000118,GABA A Modulators,MOA,has_moa,MEDRT
10767,N0000009188,Increased Central Nervous System GABA Activity,PE,has_pe,MEDRT
275891,D000077562,Valganciclovir,CHEM,has_ingredient,MEDRT
275891,D000740,Anemia,DISEASE,ci_with,MEDRT
275891,D003586,Cytomegalovirus Infections,DISEASE,may_prevent,MEDRT
275891,D004342,Drug Hypersensitivity,DISEASE,ci_with,MEDRT
275891,D009503,Neutropenia,DISEASE,ci_with,MEDRT
275891,D011247,Pregnancy,DISEASE,ci_with,MEDRT
275891,D013921,Thrombocytopenia,DISEASE,ci_with,MEDRT
275891,D017088,AIDS-Related Opportunistic Infections,DISEASE,may_treat,MEDRT
275891,D017726,Cytomegalovirus Retinitis,DISEASE,may_treat,MEDRT
275891,N0000000233,Nucleic Acid Synthesis Inhibitors,MOA,has_moa,MEDRT
275891,N0000008576,Decreased DNA Integrity,PE,has_pe,MEDRT
275891,N0000008577,Decreased DNA Replication,PE,has_pe,MEDRT
275891,D000077562,Valganciclovir,CHEM,has_ingredient,MEDRT
275891,D000740,Anemia,DISEASE,ci_with,MEDRT
275891,D003586,Cytomegalovirus Infections,DISEASE,may_prevent,MEDRT
275891,D004342,Drug Hypersensitivity,DISEASE,ci_with,MEDRT
275891,D009503,Neutropenia,DISEASE,ci_with,MEDRT
275891,D011247,Pregnancy,DISEASE,ci_with,MEDRT
275891,D013921,Thrombocytopenia,DISEASE,ci_with,MEDRT
275891,D017088,AIDS-Related Opportunistic Infections,DISEASE,may_treat,MEDRT
275891,D017726,Cytomegalovirus Retinitis,DISEASE,may_treat,MEDRT
275891,N0000000233,Nucleic Acid Synthesis Inhibitors,MOA,has_moa,MEDRT
275891,N0000008576,Decreased DNA Integrity,PE,has_pe,MEDRT
275891,N0000008577,Decreased DNA Replication,PE,has_pe,MEDRT
69749,D000068756,Valsartan,CHEM,has_ingredient,MEDRT
69749,D003928,Diabetic Nephropathies,DISEASE,may_treat,MEDRT
69749,D004342,Drug Hypersensitivity,DISEASE,ci_with,MEDRT
69749,D006333,Heart Failure,DISEASE,may_treat,MEDRT
69749,D006929,Hyperaldosteronism,DISEASE,ci_with,MEDRT
69749,D006973,Hypertension,DISEASE,may_treat,MEDRT
69749,D007022,Hypotension,DISEASE,ci_with,MEDRT
69749,D011247,Pregnancy,DISEASE,ci_with,MEDRT
69749,D018487,"Ventricular Dysfunction, Left",DISEASE,may_treat,MEDRT
69749,N0000000070,Angiotensin 2 Receptor Antagonists,MOA,has_moa,MEDRT
69749,N0000008669,Decreased Intravascular Volume,PE,has_pe,MEDRT
69749,N0000008731,Decreased Mineralocorticoid Secretion,PE,has_pe,MEDRT
69749,N0000008859,Decreased Renal K+ Excretion,PE,has_pe,MEDRT
69749,N0000009553,Increased Renal Na+ Excretion,PE,has_pe,MEDRT
69749,N0000009825,Renal Arterial Vasoconstriction,PE,ci_pe,MEDRT
69749,N0000009826,Renal Arterial Vasodilation,PE,has_pe,MEDRT
69749,N0000178477,Decreased Blood Pressure,PE,has_pe,MEDRT
69749,D000068756,Valsartan,CHEM,has_ingredient,MEDRT
69749,D003928,Diabetic Nephropathies,DISEASE,may_treat,MEDRT
69749,D004342,Drug Hypersensitivity,DISEASE,ci_with,MEDRT
69749,D006333,Heart Failure,DISEASE,may_treat,MEDRT
69749,D006929,Hyperaldosteronism,DISEASE,ci_with,MEDRT
69749,D006973,Hypertension,DISEASE,may_treat,MEDRT
69749,D007022,Hypotension,DISEASE,ci_with,MEDRT
69749,D011247,Pregnancy,DISEASE,ci_with,MEDRT
69749,D018487,"Ventricular Dysfunction, Left",DISEASE,may_treat,MEDRT
69749,N0000000070,Angiotensin 2 Receptor Antagonists,MOA,has_moa,MEDRT
69749,N0000008669,Decreased Intravascular Volume,PE,has_pe,MEDRT
69749,N0000008731,Decreased Mineralocorticoid Secretion,PE,has_pe,MEDRT
69749,N0000008859,Decreased Renal K+ Excretion,PE,has_pe,MEDRT
69749,N0000009553,Increased Renal Na+ Excretion,PE,has_pe,MEDRT
69749,N0000009825,Renal Arterial Vasoconstriction,PE,ci_pe,MEDRT
69749,N0000009826,Renal Arterial Vasodilation,PE,has_pe,MEDRT
69749,N0000178477,Decreased Blood Pressure,PE,has_pe,MEDRT
39786,D000069470,Venlafaxine Hydrochloride,CHEM,has_ingredient,MEDRT
39786,D001289,Attention Deficit Disorder with Hyperactivity,DISEASE,may_treat,MEDRT
39786,D001321,Autistic Disorder,DISEASE,may_treat,MEDRT
39786,D003866,Depressive Disorder,DISEASE,may_treat,MEDRT
39786,D004342,Drug Hypersensitivity,DISEASE,ci_with,MEDRT
39786,D009771,Obsessive-Compulsive Disorder,DISEASE,may_treat,MEDRT
39786,D010146,Pain,DISEASE,may_treat,MEDRT
39786,D015673,"Fatigue Syndrome, Chronic",DISEASE,may_treat,MEDRT
39786,N0000000102,Norepinephrine Uptake Inhibitors,MOA,has_moa,MEDRT
39786,N0000000109,Serotonin Uptake Inhibitors,MOA,has_moa,MEDRT
39786,N0000000184,Monoamine Oxidase Inhibitors,MOA,ci_moa,MEDRT
39786,N0000009196,Increased Central Nervous System Norepinephrine Activity,PE,has_pe,MEDRT
39786,N0000009198,Increased Central Nervous System Serotonin Activity,PE,has_pe,MEDRT
39786,D001289,Attention Deficit Disorder with Hyperactivity,DISEASE,may_treat,MEDRT
39786,D001321,Autistic Disorder,DISEASE,may_treat,MEDRT
39786,D003866,Depressive Disorder,DISEASE,may_treat,MEDRT
39786,D009771,Obsessive-Compulsive Disorder,DISEASE,may_treat,MEDRT
39786,D010146,Pain,DISEASE,may_treat,MEDRT
39786,D015673,"Fatigue Syndrome, Chronic",DISEASE,may_treat,MEDRT
39786,N0000000102,Norepinephrine Uptake Inhibitors,MOA,has_moa,MEDRT
39786,N0000000109,Serotonin Uptake Inhibitors,MOA,has_moa,MEDRT
39786,N0000000184,Monoamine Oxidase Inhibitors,MOA,ci_moa,MEDRT
39786,N0000009196,Increased Central Nervous System Norepinephrine Activity,PE,has_pe,MEDRT
39786,N0000009198,Increased Central Nervous System Serotonin Activity,PE,has_pe,MEDRT
39786,D001008,Anxiety Disorders,DISEASE,may_treat,MEDRT
39786,D001289,Attention Deficit Disorder with Hyperactivity,DISEASE,may_treat,MEDRT
39786,D001321,Autistic Disorder,DISEASE,may_treat,MEDRT
39786,D003866,Depressive Disorder,DISEASE,may_treat,MEDRT
39786,D009771,Obsessive-Compulsive Disorder,DISEASE,may_treat,MEDRT
39786,D010146,Pain,DISEASE,may_treat,MEDRT
39786,D015673,"Fatigue Syndrome, Chronic",DISEASE,may_treat,MEDRT
39786,N0000000102,Norepinephrine Uptake Inhibitors,MOA,has_moa,MEDRT
39786,N0000000109,Serotonin Uptake Inhibitors,MOA,has_moa,MEDRT
39786,N0000000184,Monoamine Oxidase Inhibitors,MOA,ci_moa,MEDRT
39786,N0000009196,Increased Central Nervous System Norepinephrine Activity,PE,has_pe,MEDRT
39786,N0000009198,Increased Central Nervous System Serotonin Activity,PE,has_pe,MEDRT
39786,D000069470,Venlafaxine Hydrochloride,CHEM,has_ingredient,MEDRT
39786,D001289,Attention Deficit Disorder with Hyperactivity,DISEASE,may_treat,MEDRT
39786,D001321,Autistic Disorder,DISEASE,may_treat,MEDRT
39786,D003866,Depressive Disorder,DISEASE,may_treat,MEDRT
39786,D004342,Drug Hypersensitivity,DISEASE,ci_with,MEDRT
39786,D009771,Obsessive-Compulsive Disorder,DISEASE,may_treat,MEDRT
39786,D010146,Pain,DISEASE,may_treat,MEDRT
39786,D015673,"Fatigue Syndrome, Chronic",DISEASE,may_treat,MEDRT
39786,N0000000102,Norepinephrine Uptake Inhibitors,MOA,has_moa,MEDRT
39786,N0000000109,Serotonin Uptake Inhibitors,MOA,has_moa,MEDRT
39786,N0000000184,Monoamine Oxidase Inhibitors,MOA,ci_moa,MEDRT
39786,N0000009196,Increased Central Nervous System Norepinephrine Activity,PE,has_pe,MEDRT
39786,N0000009198,Increased Central Nervous System Serotonin Activity,PE,has_pe,MEDRT
11170,D000788,"Angina Pectoris, Variant",DISEASE,may_treat,MEDRT
11170,D001281,Atrial Fibrillation,DISEASE,ci_with,MEDRT
11170,D001281,Atrial Fibrillation,DISEASE,may_treat,MEDRT
11170,D001282,Atrial Flutter,DISEASE,ci_with,MEDRT
11170,D001282,Atrial Flutter,DISEASE,may_treat,MEDRT
11170,D004342,Drug Hypersensitivity,DISEASE,ci_with,MEDRT
11170,D006333,Heart Failure,DISEASE,ci_with,MEDRT
11170,D006973,Hypertension,DISEASE,may_treat,MEDRT
11170,D007022,Hypotension,DISEASE,ci_with,MEDRT
11170,D008151,Lown-Ganong-Levine Syndrome,DISEASE,ci_with,MEDRT
11170,D009203,Myocardial Infarction,DISEASE,may_treat,MEDRT
11170,D012770,"Shock, Cardiogenic",DISEASE,ci_with,MEDRT
11170,D012804,Sick Sinus Syndrome,DISEASE,ci_with,MEDRT
11170,D013617,"Tachycardia, Supraventricular",DISEASE,may_treat,MEDRT
11170,D014700,Verapamil,CHEM,has_ingredient,MEDRT
11170,D014927,Wolff-Parkinson-White Syndrome,DISEASE,ci_with,MEDRT
11170,D017180,"Tachycardia, Ventricular",DISEASE,ci_with,MEDRT
11170,D018487,"Ventricular Dysfunction, Left",DISEASE,ci_with,MEDRT
11170,D054537,Atrioventricular Block,DISEASE,ci_with,MEDRT
11170,N0000000161,Adrenergic beta-Antagonists,MOA,ci_moa,MEDRT
11170,N0000008375,Coronary Arterial Vasodilation,PE,has_pe,MEDRT
11170,N0000009756,Negative Chronotropy,PE,has_pe,MEDRT
11170,N0000020065,L-Calcium Channel Receptor Antagonists,MOA,has_moa,MEDRT
11170,N0000178477,Decreased Blood Pressure,PE,has_pe,MEDRT
11170,D000788,"Angina Pectoris, Variant",DISEASE,may_treat,MEDRT
11170,D001281,Atrial Fibrillation,DISEASE,ci_with,MEDRT
11170,D001281,Atrial Fibrillation,DISEASE,may_treat,MEDRT
11170,D001282,Atrial Flutter,DISEASE,ci_with,MEDRT
11170,D001282,Atrial Flutter,DISEASE,may_treat,MEDRT
11170,D004342,Drug Hypersensitivity,DISEASE,ci_with,MEDRT
11170,D006333,Heart Failure,DISEASE,ci_with,MEDRT
11170,D006973,Hypertension,DISEASE,may_treat,MEDRT
11170,D007022,Hypotension,DISEASE,ci_with,MEDRT
11170,D008151,Lown-Ganong-Levine Syndrome,DISEASE,ci_with,MEDRT
11170,D009203,Myocardial Infarction,DISEASE,may_treat,MEDRT
11170,D012770,"Shock, Cardiogenic",DISEASE,ci_with,MEDRT
11170,D012804,Sick Sinus Syndrome,DISEASE,ci_with,MEDRT
11170,D013617,"Tachycardia, Supraventricular",DISEASE,may_treat,MEDRT
11170,D014700,Verapamil,CHEM,has_ingredient,MEDRT
11170,D014927,Wolff-Parkinson-White Syndrome,DISEASE,ci_with,MEDRT
11170,D017180,"Tachycardia, Ventricular",DISEASE,ci_with,MEDRT
11170,D018487,"Ventricular Dysfunction, Left",DISEASE,ci_with,MEDRT
11170,D054537,Atrioventricular Block,DISEASE,ci_with,MEDRT
11170,N0000000161,Adrenergic beta-Antagonists,MOA,ci_moa,MEDRT
11170,N0000008375,Coronary Arterial Vasodilation,PE,has_pe,MEDRT
11170,N0000009756,Negative Chronotropy,PE,has_pe,MEDRT
11170,N0000020065,L-Calcium Channel Receptor Antagonists,MOA,has_moa,MEDRT
11170,N0000178477,Decreased Blood Pressure,PE,has_pe,MEDRT
2475830,D006333,Heart Failure,DISEASE,may_prevent,MEDRT
2475830,D006574,"Heterocyclic Compounds, 2-Ring",CHEM,has_ingredient,MEDRT
2475830,D011743,Pyrimidines,CHEM,has_ingredient,MEDRT
2475830,N0000000231,Enzyme Activators,MOA,has_moa,MEDRT
2475830,N0000190484,Guanylate Cyclase Stimulators,MOA,ci_moa,MEDRT
2475830,N0000190484,Guanylate Cyclase Stimulators,MOA,has_moa,MEDRT
596554,D000077597,Vildagliptin,CHEM,has_ingredient,MEDRT
1455099,D000078784,Vortioxetine,CHEM,has_ingredient,MEDRT
1455099,D003865,Major Depressive Disorder,DISEASE,may_treat,MEDRT
1455099,D004342,Drug Hypersensitivity,DISEASE,ci_with,MEDRT
1455099,N0000000090,Serotonin 5HT-3 Antagonists,MOA,has_moa,MEDRT
1455099,N0000000109,Serotonin Uptake Inhibitors,MOA,has_moa,MEDRT
1455099,N0000000184,Monoamine Oxidase Inhibitors,MOA,ci_moa,MEDRT
1455099,N0000009198,Increased Central Nervous System Serotonin Activity,PE,has_pe,MEDRT
1455099,D000078784,Vortioxetine,CHEM,has_ingredient,MEDRT
1455099,D003865,Major Depressive Disorder,DISEASE,may_treat,MEDRT
1455099,D004342,Drug Hypersensitivity,DISEASE,ci_with,MEDRT
1455099,N0000000090,Serotonin 5HT-3 Antagonists,MOA,has_moa,MEDRT
1455099,N0000000109,Serotonin Uptake Inhibitors,MOA,has_moa,MEDRT
1455099,N0000000184,Monoamine Oxidase Inhibitors,MOA,ci_moa,MEDRT
1455099,N0000009198,Increased Central Nervous System Serotonin Activity,PE,has_pe,MEDRT
11289,D000033,"Abortion, Threatened",DISEASE,ci_with,MEDRT
11289,D000437,Alcoholism,DISEASE,ci_with,MEDRT
11289,D000783,Aneurysm,DISEASE,ci_with,MEDRT
11289,D001206,Ascorbic Acid Deficiency,DISEASE,ci_with,MEDRT
11289,D001281,Atrial Fibrillation,DISEASE,may_treat,MEDRT
11289,D001281,Atrial Fibrillation,DISEASE,may_prevent,MEDRT
11289,D002277,Carcinoma,DISEASE,ci_with,MEDRT
11289,D002543,Cerebral Hemorrhage,DISEASE,ci_with,MEDRT
11289,D002546,"Ischemic Attack, Transient",DISEASE,may_prevent,MEDRT
11289,D002836,Hemophilia B,DISEASE,ci_with,MEDRT
11289,D003328,Coronary Thrombosis,DISEASE,may_prevent,MEDRT
11289,D004238,Diverticulitis,DISEASE,ci_with,MEDRT
11289,D004342,Drug Hypersensitivity,DISEASE,ci_with,MEDRT
11289,D004461,Eclampsia,DISEASE,ci_with,MEDRT
11289,D004614,Emaciation,DISEASE,ci_with,MEDRT
11289,D004697,"Endocarditis, Bacterial",DISEASE,ci_with,MEDRT
11289,D006467,Hemophilia A,DISEASE,ci_with,MEDRT
11289,D006470,Hemorrhage,DISEASE,ci_with,MEDRT
11289,D006471,Gastrointestinal Hemorrhage,DISEASE,ci_with,MEDRT
11289,D006974,"Hypertension, Malignant",DISEASE,ci_with,MEDRT
11289,D007938,Leukemia,DISEASE,ci_with,MEDRT
11289,D008107,Liver Diseases,DISEASE,ci_with,MEDRT
11289,D009203,Myocardial Infarction,DISEASE,may_prevent,MEDRT
11289,D010490,Pericardial Effusion,DISEASE,ci_with,MEDRT
11289,D010493,Pericarditis,DISEASE,ci_with,MEDRT
11289,D011183,Postoperative Complications,DISEASE,may_treat,MEDRT
11289,D011183,Postoperative Complications,DISEASE,may_prevent,MEDRT
11289,D011225,Pre-Eclampsia,DISEASE,ci_with,MEDRT
11289,D011247,Pregnancy,DISEASE,ci_with,MEDRT
11289,D011469,Prostatic Diseases,DISEASE,ci_with,MEDRT
11289,D011502,Protein-Energy Malnutrition,DISEASE,ci_with,MEDRT
11289,D011655,Pulmonary Embolism,DISEASE,may_treat,MEDRT
11289,D011655,Pulmonary Embolism,DISEASE,may_prevent,MEDRT
11289,D011696,"Purpura, Thrombocytopenic",DISEASE,ci_with,MEDRT
11289,D013923,Thromboembolism,DISEASE,may_treat,MEDRT
11289,D013923,Thromboembolism,DISEASE,may_prevent,MEDRT
11289,D013924,Thrombophlebitis,DISEASE,may_treat,MEDRT
11289,D014813,Vitamin K Deficiency,DISEASE,ci_with,MEDRT
11289,D014859,Warfarin,CHEM,has_ingredient,MEDRT
11289,D019106,Postoperative Hemorrhage,DISEASE,ci_with,MEDRT
11289,D020246,Venous Thrombosis,DISEASE,may_prevent,MEDRT
11289,D020521,Stroke,DISEASE,may_treat,MEDRT
11289,D020521,Stroke,DISEASE,may_prevent,MEDRT
11289,N0000000026,Hepatic Metabolism,PK,site_of_metabolism,MEDRT
11289,N0000000164,Vitamin K Epoxide Reductase Inhibitors,MOA,has_moa,MEDRT
11289,N0000008556,Decreased Coagulation Factor Activity,PE,has_pe,MEDRT
11289,N0000008557,Decreased Coagulation Factor Concentration,PE,has_pe,MEDRT
11289,D000033,"Abortion, Threatened",DISEASE,ci_with,MEDRT
11289,D000437,Alcoholism,DISEASE,ci_with,MEDRT
11289,D000783,Aneurysm,DISEASE,ci_with,MEDRT
11289,D001206,Ascorbic Acid Deficiency,DISEASE,ci_with,MEDRT
11289,D001281,Atrial Fibrillation,DISEASE,may_treat,MEDRT
11289,D001281,Atrial Fibrillation,DISEASE,may_prevent,MEDRT
11289,D002277,Carcinoma,DISEASE,ci_with,MEDRT
11289,D002543,Cerebral Hemorrhage,DISEASE,ci_with,MEDRT
11289,D002546,"Ischemic Attack, Transient",DISEASE,may_prevent,MEDRT
11289,D002836,Hemophilia B,DISEASE,ci_with,MEDRT
11289,D003328,Coronary Thrombosis,DISEASE,may_prevent,MEDRT
11289,D004238,Diverticulitis,DISEASE,ci_with,MEDRT
11289,D004342,Drug Hypersensitivity,DISEASE,ci_with,MEDRT
11289,D004461,Eclampsia,DISEASE,ci_with,MEDRT
11289,D004614,Emaciation,DISEASE,ci_with,MEDRT
11289,D004697,"Endocarditis, Bacterial",DISEASE,ci_with,MEDRT
11289,D006467,Hemophilia A,DISEASE,ci_with,MEDRT
11289,D006470,Hemorrhage,DISEASE,ci_with,MEDRT
11289,D006471,Gastrointestinal Hemorrhage,DISEASE,ci_with,MEDRT
11289,D006974,"Hypertension, Malignant",DISEASE,ci_with,MEDRT
11289,D007938,Leukemia,DISEASE,ci_with,MEDRT
11289,D008107,Liver Diseases,DISEASE,ci_with,MEDRT
11289,D009203,Myocardial Infarction,DISEASE,may_prevent,MEDRT
11289,D010490,Pericardial Effusion,DISEASE,ci_with,MEDRT
11289,D010493,Pericarditis,DISEASE,ci_with,MEDRT
11289,D011183,Postoperative Complications,DISEASE,may_treat,MEDRT
11289,D011183,Postoperative Complications,DISEASE,may_prevent,MEDRT
11289,D011225,Pre-Eclampsia,DISEASE,ci_with,MEDRT
11289,D011247,Pregnancy,DISEASE,ci_with,MEDRT
11289,D011469,Prostatic Diseases,DISEASE,ci_with,MEDRT
11289,D011502,Protein-Energy Malnutrition,DISEASE,ci_with,MEDRT
11289,D011655,Pulmonary Embolism,DISEASE,may_treat,MEDRT
11289,D011655,Pulmonary Embolism,DISEASE,may_prevent,MEDRT
11289,D011696,"Purpura, Thrombocytopenic",DISEASE,ci_with,MEDRT
11289,D013923,Thromboembolism,DISEASE,may_treat,MEDRT
11289,D013923,Thromboembolism,DISEASE,may_prevent,MEDRT
11289,D013924,Thrombophlebitis,DISEASE,may_treat,MEDRT
11289,D014813,Vitamin K Deficiency,DISEASE,ci_with,MEDRT
11289,D014859,Warfarin,CHEM,has_ingredient,MEDRT
11289,D019106,Postoperative Hemorrhage,DISEASE,ci_with,MEDRT
11289,D020246,Venous Thrombosis,DISEASE,may_prevent,MEDRT
11289,D020521,Stroke,DISEASE,may_treat,MEDRT
11289,D020521,Stroke,DISEASE,may_prevent,MEDRT
11289,N0000000026,Hepatic Metabolism,PK,site_of_metabolism,MEDRT
11289,N0000000164,Vitamin K Epoxide Reductase Inhibitors,MOA,has_moa,MEDRT
11289,N0000008556,Decreased Coagulation Factor Activity,PE,has_pe,MEDRT
11289,N0000008557,Decreased Coagulation Factor Concentration,PE,has_pe,MEDRT
11289,D000033,"Abortion, Threatened",DISEASE,ci_with,MEDRT
11289,D000437,Alcoholism,DISEASE,ci_with,MEDRT
11289,D000783,Aneurysm,DISEASE,ci_with,MEDRT
11289,D001206,Ascorbic Acid Deficiency,DISEASE,ci_with,MEDRT
11289,D001281,Atrial Fibrillation,DISEASE,may_treat,MEDRT
11289,D001281,Atrial Fibrillation,DISEASE,may_prevent,MEDRT
11289,D002277,Carcinoma,DISEASE,ci_with,MEDRT
11289,D002543,Cerebral Hemorrhage,DISEASE,ci_with,MEDRT
11289,D002546,"Ischemic Attack, Transient",DISEASE,may_prevent,MEDRT
11289,D002836,Hemophilia B,DISEASE,ci_with,MEDRT
11289,D003328,Coronary Thrombosis,DISEASE,may_prevent,MEDRT
11289,D004238,Diverticulitis,DISEASE,ci_with,MEDRT
11289,D004342,Drug Hypersensitivity,DISEASE,ci_with,MEDRT
11289,D004461,Eclampsia,DISEASE,ci_with,MEDRT
11289,D004614,Emaciation,DISEASE,ci_with,MEDRT
11289,D004697,"Endocarditis, Bacterial",DISEASE,ci_with,MEDRT
11289,D006467,Hemophilia A,DISEASE,ci_with,MEDRT
11289,D006470,Hemorrhage,DISEASE,ci_with,MEDRT
11289,D006471,Gastrointestinal Hemorrhage,DISEASE,ci_with,MEDRT
11289,D006974,"Hypertension, Malignant",DISEASE,ci_with,MEDRT
11289,D007938,Leukemia,DISEASE,ci_with,MEDRT
11289,D008107,Liver Diseases,DISEASE,ci_with,MEDRT
11289,D009203,Myocardial Infarction,DISEASE,may_prevent,MEDRT
11289,D010490,Pericardial Effusion,DISEASE,ci_with,MEDRT
11289,D010493,Pericarditis,DISEASE,ci_with,MEDRT
11289,D011183,Postoperative Complications,DISEASE,may_treat,MEDRT
11289,D011183,Postoperative Complications,DISEASE,may_prevent,MEDRT
11289,D011225,Pre-Eclampsia,DISEASE,ci_with,MEDRT
11289,D011247,Pregnancy,DISEASE,ci_with,MEDRT
11289,D011469,Prostatic Diseases,DISEASE,ci_with,MEDRT
11289,D011502,Protein-Energy Malnutrition,DISEASE,ci_with,MEDRT
11289,D011655,Pulmonary Embolism,DISEASE,may_treat,MEDRT
11289,D011655,Pulmonary Embolism,DISEASE,may_prevent,MEDRT
11289,D011696,"Purpura, Thrombocytopenic",DISEASE,ci_with,MEDRT
11289,D013923,Thromboembolism,DISEASE,may_treat,MEDRT
11289,D013923,Thromboembolism,DISEASE,may_prevent,MEDRT
11289,D013924,Thrombophlebitis,DISEASE,may_treat,MEDRT
11289,D014813,Vitamin K Deficiency,DISEASE,ci_with,MEDRT
11289,D014859,Warfarin,CHEM,has_ingredient,MEDRT
11289,D019106,Postoperative Hemorrhage,DISEASE,ci_with,MEDRT
11289,D020246,Venous Thrombosis,DISEASE,may_prevent,MEDRT
11289,D020521,Stroke,DISEASE,may_treat,MEDRT
11289,D020521,Stroke,DISEASE,may_prevent,MEDRT
11289,N0000000164,Vitamin K Epoxide Reductase Inhibitors,MOA,has_moa,MEDRT
11289,N0000008556,Decreased Coagulation Factor Activity,PE,has_pe,MEDRT
11289,N0000008557,Decreased Coagulation Factor Concentration,PE,has_pe,MEDRT
39990,D004342,Drug Hypersensitivity,DISEASE,ci_with,MEDRT
39990,D006973,Hypertension,DISEASE,may_treat,MEDRT
39990,N0000000181,Angiotensin-converting Enzyme Inhibitors,MOA,has_moa,MEDRT
39990,N0000008423,Decreased Bradykinin Degradation,PE,has_pe,MEDRT
39990,N0000008669,Decreased Intravascular Volume,PE,has_pe,MEDRT
39990,N0000008859,Decreased Renal K+ Excretion,PE,has_pe,MEDRT
39990,N0000009553,Increased Renal Na+ Excretion,PE,has_pe,MEDRT
39990,N0000009826,Renal Arterial Vasodilation,PE,has_pe,MEDRT
39990,N0000178477,Decreased Blood Pressure,PE,has_pe,MEDRT
39990,D002216,Captopril,CHEM,has_ingredient,MEDRT
39990,D004342,Drug Hypersensitivity,DISEASE,ci_with,MEDRT
39990,D006973,Hypertension,DISEASE,may_treat,MEDRT
39990,N0000000181,Angiotensin-converting Enzyme Inhibitors,MOA,has_moa,MEDRT
39990,N0000008423,Decreased Bradykinin Degradation,PE,has_pe,MEDRT
39990,N0000008669,Decreased Intravascular Volume,PE,has_pe,MEDRT
39990,N0000008859,Decreased Renal K+ Excretion,PE,has_pe,MEDRT
39990,N0000009553,Increased Renal Na+ Excretion,PE,has_pe,MEDRT
39990,N0000009826,Renal Arterial Vasodilation,PE,has_pe,MEDRT
39990,N0000178477,Decreased Blood Pressure,PE,has_pe,MEDRT
39993,D000077334,Zolpidem,CHEM,has_ingredient,MEDRT
39993,D004342,Drug Hypersensitivity,DISEASE,ci_with,MEDRT
39993,D007319,Sleep Initiation and Maintenance Disorders,DISEASE,may_treat,MEDRT
39993,N0000000118,GABA A Modulators,MOA,has_moa,MEDRT
39993,N0000000196,GABA A Agonists,MOA,has_moa,MEDRT
39993,N0000008501,Decreased Central Nervous System Organized Electrical Activity,PE,has_pe,MEDRT
39993,D000077334,Zolpidem,CHEM,has_ingredient,MEDRT
39993,D004342,Drug Hypersensitivity,DISEASE,ci_with,MEDRT
39993,D007319,Sleep Initiation and Maintenance Disorders,DISEASE,may_treat,MEDRT
39993,N0000000118,GABA A Modulators,MOA,has_moa,MEDRT
39993,N0000000196,GABA A Agonists,MOA,has_moa,MEDRT
39993,N0000008501,Decreased Central Nervous System Organized Electrical Activity,PE,has_pe,MEDRT
