preferred_label,entity_type,source,aliases,AIC,ATC,RXCUI,DDINTER
Abacavir,DRUG,DDInter,Abacavir,,,,DDInter1
Acamprosate,DRUG,DDInter,Acamprosate,,,,DDInter10
Anthrax vaccine,DRUG,DDInter,Anthrax vaccine,,,,DDInter100
Ivosidenib,DRUG,DDInter,Ivosidenib,,,,DDInter1000
Ixabepilone,DRUG,DDInter,Ixabepilone,,,,DDInter1001
Ixazomib,DRUG,DDInter,Ixazomib,,,,DDInter1002
Ixekizumab,DRUG,DDInter,Ixekizumab,,,,DDInter1003
Kanamycin,DRUG,DDInter,Kanamycin,,,,DDInter1004
Kaolin,DRUG,DDInter,Kaolin,,,,DDInter1005
Kava,DRUG,DDInter,Kava,,,,DDInter1006
Ketamine,DRUG,DDInter,Ketamine,,,,DDInter1007
Ketoconazole,DRUG,DDInter,Ketoconazole,,,,DDInter1008
Ketoprofen,DRUG,DDInter,Ketoprofen,,,,DDInter1009
Anti-inhibitor coagulant complex,DRUG,DDInter,Anti-inhibitor coagulant complex,,,,DDInter101
Ketorolac,DRUG,DDInter,Ketorolac,,,,DDInter1010
Ketorolac (ophthalmic),DRUG,DDInter,Ketorolac (ophthalmic),,,,DDInter1011
Ketotifen,DRUG,DDInter,Ketotifen,,,,DDInter1012
Labetalol,DRUG,DDInter,Labetalol,,,,DDInter1013
Lacosamide,DRUG,DDInter,Lacosamide,,,,DDInter1014
Lactic acid,DRUG,DDInter,Lactic acid,,,,DDInter1015
Lactitol,DRUG,DDInter,Lactitol,,,,DDInter1016
Lactobacillus acidophilus,DRUG,DDInter,Lactobacillus acidophilus,,,,DDInter1017
Lactulose,DRUG,DDInter,Lactulose,,,,DDInter1018
Lamivudine,DRUG,DDInter,Lamivudine,,,,DDInter1019
"Antihemophilic factor, human recombinant",DRUG,DDInter,"Antihemophilic factor, human recombinant",,,,DDInter102
Lamotrigine,DRUG,DDInter,Lamotrigine,,,,DDInter1020
Lanreotide,DRUG,DDInter,Lanreotide,,,,DDInter1021
Lansoprazole,DRUG,DDInter,Lansoprazole,,,,DDInter1022
Lanthanum carbonate,DRUG,DDInter,Lanthanum carbonate,,,,DDInter1023
Lapatinib,DRUG,DDInter,Lapatinib,,,,DDInter1024
Laronidase,DRUG,DDInter,Laronidase,,,,DDInter1025
Larotrectinib,DRUG,DDInter,Larotrectinib,,,,DDInter1026
Lasmiditan,DRUG,DDInter,Lasmiditan,,,,DDInter1027
Latanoprost,DRUG,DDInter,Latanoprost,,,,DDInter1028
Antilymphocyte immunoglobulin (horse),DRUG,DDInter,Antilymphocyte immunoglobulin (horse),,,,DDInter103
Ledipasvir,DRUG,DDInter,Ledipasvir,,,,DDInter1031
Lefamulin,DRUG,DDInter,Lefamulin,,,,DDInter1032
Leflunomide,DRUG,DDInter,Leflunomide,,,,DDInter1033
Lemborexant,DRUG,DDInter,Lemborexant,,,,DDInter1034
Lenalidomide,DRUG,DDInter,Lenalidomide,,,,DDInter1035
Lenvatinib,DRUG,DDInter,Lenvatinib,,,,DDInter1036
Lepirudin,DRUG,DDInter,Lepirudin,,,,DDInter1037
Lesinurad,DRUG,DDInter,Lesinurad,,,,DDInter1038
Letermovir,DRUG,DDInter,Letermovir,,,,DDInter1039
Antithrombin Alfa,DRUG,DDInter,Antithrombin Alfa,,,,DDInter104
Letrozole,DRUG,DDInter,Letrozole,,,,DDInter1040
Leucovorin,DRUG,DDInter,Leucovorin,,,,DDInter1041
Leuprolide,DRUG,DDInter,Leuprolide,,,,DDInter1042
Levacetylmethadol,DRUG,DDInter,Levacetylmethadol,,,,DDInter1043
Levamisole,DRUG,DDInter,Levamisole,,,,DDInter1044
Levamlodipine,DRUG,DDInter,Levamlodipine,,,,DDInter1045
Levetiracetam,DRUG,DDInter,Levetiracetam,,,,DDInter1046
Levmetamfetamine (nasal),DRUG,DDInter,Levmetamfetamine (nasal),,,,DDInter1047
Levobetaxolol (ophthalmic),DRUG,DDInter,Levobetaxolol (ophthalmic),,,,DDInter1048
Levobunolol,DRUG,DDInter,Levobunolol,,,,DDInter1049
Antithrombin III human,DRUG,DDInter,Antithrombin III human,,,,DDInter105
Levobunolol (ophthalmic),DRUG,DDInter,Levobunolol (ophthalmic),,,,DDInter1050
Levobupivacaine,DRUG,DDInter,Levobupivacaine,,,,DDInter1051
Levocarnitine,DRUG,DDInter,Levocarnitine,,,,DDInter1052
Levocetirizine,DRUG,DDInter,Levocetirizine,,,,DDInter1053
Levodopa,DRUG,DDInter,Levodopa,,,,DDInter1054
Levofloxacin,DRUG,DDInter,Levofloxacin,,,,DDInter1055
Levoleucovorin,DRUG,DDInter,Levoleucovorin,,,,DDInter1056
Levomefolic acid,DRUG,DDInter,Levomefolic acid,,,,DDInter1057
Levomefolic acid (calcium),DRUG,DDInter,Levomefolic acid (calcium),,,,DDInter1058
Levomilnacipran,DRUG,DDInter,Levomilnacipran,,,,DDInter1059
Antithymocyte immunoglobulin (rabbit),DRUG,DDInter,Antithymocyte immunoglobulin (rabbit),,,,DDInter106
Levonordefrin,DRUG,DDInter,Levonordefrin,,,,DDInter1060
Levonorgestrel,DRUG,DDInter,Levonorgestrel,,,,DDInter1061
Levorphanol,DRUG,DDInter,Levorphanol,,,,DDInter1062
Levosalbutamol,DRUG,DDInter,Levosalbutamol,,,,DDInter1063
Levothyroxine,DRUG,DDInter,Levothyroxine,,,,DDInter1064
Licorice,DRUG,DDInter,Licorice,,,,DDInter1065
Lidocaine,DRUG,DDInter,Lidocaine,,,,DDInter1066
Lidocaine (ophthalmic),DRUG,DDInter,Lidocaine (ophthalmic),,,,DDInter1067
Lidocaine (topical),DRUG,DDInter,Lidocaine (topical),,,,DDInter1068
Linaclotide,DRUG,DDInter,Linaclotide,,,,DDInter1069
Apalutamide,DRUG,DDInter,Apalutamide,,,,DDInter107
Linagliptin,DRUG,DDInter,Linagliptin,,,,DDInter1070
Lincomycin,DRUG,DDInter,Lincomycin,,,,DDInter1071
Lindane,DRUG,DDInter,Lindane,,,,DDInter1072
Linezolid,DRUG,DDInter,Linezolid,,,,DDInter1073
Liothyronine,DRUG,DDInter,Liothyronine,,,,DDInter1074
Liotrix,DRUG,DDInter,Liotrix,,,,DDInter1075
Lipoic acid,DRUG,DDInter,Lipoic acid,,,,DDInter1076
Liraglutide,DRUG,DDInter,Liraglutide,,,,DDInter1077
Lisdexamfetamine,DRUG,DDInter,Lisdexamfetamine,,,,DDInter1078
Lisinopril,DRUG,DDInter,Lisinopril,,,,DDInter1079
Apixaban,DRUG,DDInter,Apixaban,,,,DDInter108
Lisocabtagene maraleucel,DRUG,DDInter,Lisocabtagene maraleucel,,,,DDInter1080
Lithium carbonate,DRUG,DDInter,Lithium carbonate,,,,DDInter1081
Lixisenatide,DRUG,DDInter,Lixisenatide,,,,DDInter1082
Lofexidine,DRUG,DDInter,Lofexidine,,,,DDInter1083
Lomefloxacin,DRUG,DDInter,Lomefloxacin,,,,DDInter1084
Lomitapide,DRUG,DDInter,Lomitapide,,,,DDInter1085
Lomustine,DRUG,DDInter,Lomustine,,,,DDInter1086
Lonafarnib,DRUG,DDInter,Lonafarnib,,,,DDInter1087
Loperamide,DRUG,DDInter,Loperamide,,,,DDInter1088
Lopinavir,DRUG,DDInter,Lopinavir,,,,DDInter1089
Apomorphine,DRUG,DDInter,Apomorphine,,,,DDInter109
Loracarbef,DRUG,DDInter,Loracarbef,,,,DDInter1090
Loratadine,DRUG,DDInter,Loratadine,,,,DDInter1091
Lorazepam,DRUG,DDInter,Lorazepam,,,,DDInter1092
Lorcaserin,DRUG,DDInter,Lorcaserin,,,,DDInter1093
Lorlatinib,DRUG,DDInter,Lorlatinib,,,,DDInter1094
Losartan,DRUG,DDInter,Losartan,,,,DDInter1095
Loteprednol (ophthalmic),DRUG,DDInter,Loteprednol (ophthalmic),,,,DDInter1096
Loteprednol etabonate,DRUG,DDInter,Loteprednol etabonate,,,,DDInter1097
Lovastatin,DRUG,DDInter,Lovastatin,,,,DDInter1098
Loxapine,DRUG,DDInter,Loxapine,,,,DDInter1099
Acarbose,DRUG,DDInter,Acarbose,,,,DDInter11
Apraclonidine,DRUG,DDInter,Apraclonidine,,,,DDInter110
Lubiprostone,DRUG,DDInter,Lubiprostone,,,,DDInter1100
Lumacaftor,DRUG,DDInter,Lumacaftor,,,,DDInter1101
Lumateperone,DRUG,DDInter,Lumateperone,,,,DDInter1102
Lumefantrine,DRUG,DDInter,Lumefantrine,,,,DDInter1103
Lurasidone,DRUG,DDInter,Lurasidone,,,,DDInter1104
Lurbinectedin,DRUG,DDInter,Lurbinectedin,,,,DDInter1105
Lusutrombopag,DRUG,DDInter,Lusutrombopag,,,,DDInter1106
Lutein,DRUG,DDInter,Lutein,,,,DDInter1107
Lutetium Lu 177 dotatate,DRUG,DDInter,Lutetium Lu 177 dotatate,,,,DDInter1108
Lyme disease vaccine (recombinant OspA),DRUG,DDInter,Lyme disease vaccine (recombinant OspA),,,,DDInter1109
Apremilast,DRUG,DDInter,Apremilast,,,,DDInter111
Macimorelin,DRUG,DDInter,Macimorelin,,,,DDInter1110
Macitentan,DRUG,DDInter,Macitentan,,,,DDInter1111
Magaldrate,DRUG,DDInter,Magaldrate,,,,DDInter1112
Magnesium carbonate,DRUG,DDInter,Magnesium carbonate,,,,DDInter1113
Magnesium chloride,DRUG,DDInter,Magnesium chloride,,,,DDInter1114
Magnesium citrate,DRUG,DDInter,Magnesium citrate,,,,DDInter1115
Magnesium gluconate,DRUG,DDInter,Magnesium gluconate,,,,DDInter1116
Magnesium glycinate,DRUG,DDInter,Magnesium glycinate,,,,DDInter1117
Magnesium hydroxide,DRUG,DDInter,Magnesium hydroxide,,,,DDInter1118
Magnesium oxide,DRUG,DDInter,Magnesium oxide,,,,DDInter1119
Aprepitant,DRUG,DDInter,Aprepitant,,,,DDInter112
Magnesium sulfate,DRUG,DDInter,Magnesium sulfate,,,,DDInter1120
Manganese (chloride),DRUG,DDInter,Manganese (chloride),,,,DDInter1121
Manganese (sulfate),DRUG,DDInter,Manganese (sulfate),,,,DDInter1122
Mannitol,DRUG,DDInter,Mannitol,,,,DDInter1123
Maprotiline,DRUG,DDInter,Maprotiline,,,,DDInter1124
Maraviroc,DRUG,DDInter,Maraviroc,,,,DDInter1125
Mazindol,DRUG,DDInter,Mazindol,,,,DDInter1126
Measles virus vaccine live attenuated,DRUG,DDInter,Measles virus vaccine live attenuated,,,,DDInter1127
Mebendazole,DRUG,DDInter,Mebendazole,,,,DDInter1128
Mebrofenin,DRUG,DDInter,Mebrofenin,,,,DDInter1129
Aprotinin,DRUG,DDInter,Aprotinin,,,,DDInter113
Mecamylamine,DRUG,DDInter,Mecamylamine,,,,DDInter1130
Mecasermin,DRUG,DDInter,Mecasermin,,,,DDInter1131
Mecasermin rinfabate,DRUG,DDInter,Mecasermin rinfabate,,,,DDInter1132
Mechlorethamine,DRUG,DDInter,Mechlorethamine,,,,DDInter1133
Meclizine,DRUG,DDInter,Meclizine,,,,DDInter1134
Meclofenamic acid,DRUG,DDInter,Meclofenamic acid,,,,DDInter1135
Mecobalamin,DRUG,DDInter,Mecobalamin,,,,DDInter1136
Medroxyprogesterone acetate,DRUG,DDInter,Medroxyprogesterone acetate,,,,DDInter1137
Medrysone (ophthalmic),DRUG,DDInter,Medrysone (ophthalmic),,,,DDInter1138
Mefenamic acid,DRUG,DDInter,Mefenamic acid,,,,DDInter1139
Arbutamine,DRUG,DDInter,Arbutamine,,,,DDInter114
Mefloquine,DRUG,DDInter,Mefloquine,,,,DDInter1140
Megestrol acetate,DRUG,DDInter,Megestrol acetate,,,,DDInter1141
Melatonin,DRUG,DDInter,Melatonin,,,,DDInter1142
Meloxicam,DRUG,DDInter,Meloxicam,,,,DDInter1143
Melphalan,DRUG,DDInter,Melphalan,,,,DDInter1144
Melphalan flufenamide,DRUG,DDInter,Melphalan flufenamide,,,,DDInter1145
Memantine,DRUG,DDInter,Memantine,,,,DDInter1146
Meningococcal polysaccharide vaccine group C,DRUG,DDInter,Meningococcal polysaccharide vaccine group C,,,,DDInter1147
Menotropins,DRUG,DDInter,Menotropins,,,,DDInter1148
Mepenzolate,DRUG,DDInter,Mepenzolate,,,,DDInter1149
Ardeparin,DRUG,DDInter,Ardeparin,,,,DDInter115
Meperidine,DRUG,DDInter,Meperidine,,,,DDInter1150
Mephentermine,DRUG,DDInter,Mephentermine,,,,DDInter1151
Mephenytoin,DRUG,DDInter,Mephenytoin,,,,DDInter1152
Mepivacaine,DRUG,DDInter,Mepivacaine,,,,DDInter1153
Meprobamate,DRUG,DDInter,Meprobamate,,,,DDInter1154
Mepyramine,DRUG,DDInter,Mepyramine,,,,DDInter1155
Mercaptopurine,DRUG,DDInter,Mercaptopurine,,,,DDInter1156
Meropenem,DRUG,DDInter,Meropenem,,,,DDInter1157
Mesalazine,DRUG,DDInter,Mesalazine,,,,DDInter1158
Mesoridazine,DRUG,DDInter,Mesoridazine,,,,DDInter1159
Arformoterol,DRUG,DDInter,Arformoterol,,,,DDInter116
Mestranol,DRUG,DDInter,Mestranol,,,,DDInter1160
Metamfetamine,DRUG,DDInter,Metamfetamine,,,,DDInter1161
Metaraminol,DRUG,DDInter,Metaraminol,,,,DDInter1162
Metaxalone,DRUG,DDInter,Metaxalone,,,,DDInter1163
Metformin,DRUG,DDInter,Metformin,,,,DDInter1164
Methacholine,DRUG,DDInter,Methacholine,,,,DDInter1165
Methadone,DRUG,DDInter,Methadone,,,,DDInter1166
Methazolamide,DRUG,DDInter,Methazolamide,,,,DDInter1167
Methdilazine,DRUG,DDInter,Methdilazine,,,,DDInter1168
Methenamine,DRUG,DDInter,Methenamine,,,,DDInter1169
Argatroban,DRUG,DDInter,Argatroban,,,,DDInter117
Methimazole,DRUG,DDInter,Methimazole,,,,DDInter1170
Methionine,DRUG,DDInter,Methionine,,,,DDInter1171
Methocarbamol,DRUG,DDInter,Methocarbamol,,,,DDInter1172
Methohexital,DRUG,DDInter,Methohexital,,,,DDInter1173
Methotrexate,DRUG,DDInter,Methotrexate,,,,DDInter1174
Methotrimeprazine,DRUG,DDInter,Methotrimeprazine,,,,DDInter1175
Methoxamine,DRUG,DDInter,Methoxamine,,,,DDInter1176
Methoxsalen,DRUG,DDInter,Methoxsalen,,,,DDInter1177
Methoxsalen (topical),DRUG,DDInter,Methoxsalen (topical),,,,DDInter1178
Methoxyflurane,DRUG,DDInter,Methoxyflurane,,,,DDInter1179
Aripiprazole,DRUG,DDInter,Aripiprazole,,,,DDInter118
Methscopolamine,DRUG,DDInter,Methscopolamine,,,,DDInter1180
Methsuximide,DRUG,DDInter,Methsuximide,,,,DDInter1181
Methyl aminolevulinate (topical),DRUG,DDInter,Methyl aminolevulinate (topical),,,,DDInter1182
Methyl salicylate (topical),DRUG,DDInter,Methyl salicylate (topical),,,,DDInter1183
Methylcellulose,DRUG,DDInter,Methylcellulose,,,,DDInter1184
Methyldopa,DRUG,DDInter,Methyldopa,,,,DDInter1185
Methylene blue,DRUG,DDInter,Methylene blue,,,,DDInter1186
Methylergometrine,DRUG,DDInter,Methylergometrine,,,,DDInter1187
Methylnaltrexone,DRUG,DDInter,Methylnaltrexone,,,,DDInter1188
Methylphenidate,DRUG,DDInter,Methylphenidate,,,,DDInter1189
Armodafinil,DRUG,DDInter,Armodafinil,,,,DDInter119
Methylphenobarbital,DRUG,DDInter,Methylphenobarbital,,,,DDInter1190
Methylprednisolone,DRUG,DDInter,Methylprednisolone,,,,DDInter1191
Methylprednisolone (topical),DRUG,DDInter,Methylprednisolone (topical),,,,DDInter1192
Methyltestosterone,DRUG,DDInter,Methyltestosterone,,,,DDInter1193
Methysergide,DRUG,DDInter,Methysergide,,,,DDInter1194
Meticillin,DRUG,DDInter,Meticillin,,,,DDInter1195
Metipranolol (ophthalmic),DRUG,DDInter,Metipranolol (ophthalmic),,,,DDInter1196
Metoclopramide,DRUG,DDInter,Metoclopramide,,,,DDInter1197
Metocurine,DRUG,DDInter,Metocurine,,,,DDInter1198
Metolazone,DRUG,DDInter,Metolazone,,,,DDInter1199
Acebutolol,DRUG,DDInter,Acebutolol,,,,DDInter12
Arsenic trioxide,DRUG,DDInter,Arsenic trioxide,,,,DDInter120
Metoprolol,DRUG,DDInter,Metoprolol,,,,DDInter1200
Metreleptin,DRUG,DDInter,Metreleptin,,,,DDInter1201
Metronidazole,DRUG,DDInter,Metronidazole,,,,DDInter1202
Metronidazole (topical),DRUG,DDInter,Metronidazole (topical),,,,DDInter1203
Metyrapone,DRUG,DDInter,Metyrapone,,,,DDInter1204
Metyrosine,DRUG,DDInter,Metyrosine,,,,DDInter1205
Mexiletine,DRUG,DDInter,Mexiletine,,,,DDInter1206
Mezlocillin,DRUG,DDInter,Mezlocillin,,,,DDInter1207
Micafungin,DRUG,DDInter,Micafungin,,,,DDInter1208
Miconazole,DRUG,DDInter,Miconazole,,,,DDInter1209
Artemether,DRUG,DDInter,Artemether,,,,DDInter121
Miconazole (topical),DRUG,DDInter,Miconazole (topical),,,,DDInter1210
Microcrystalline cellulose,DRUG,DDInter,Microcrystalline cellulose,,,,DDInter1211
Midazolam,DRUG,DDInter,Midazolam,,,,DDInter1212
Midodrine,DRUG,DDInter,Midodrine,,,,DDInter1213
Midostaurin,DRUG,DDInter,Midostaurin,,,,DDInter1214
Mifepristone,DRUG,DDInter,Mifepristone,,,,DDInter1215
Migalastat,DRUG,DDInter,Migalastat,,,,DDInter1216
Miglitol,DRUG,DDInter,Miglitol,,,,DDInter1217
Miglustat,DRUG,DDInter,Miglustat,,,,DDInter1218
Milk thistle,DRUG,DDInter,Milk thistle,,,,DDInter1219
Artesunate,DRUG,DDInter,Artesunate,,,,DDInter122
Milnacipran,DRUG,DDInter,Milnacipran,,,,DDInter1220
Milrinone,DRUG,DDInter,Milrinone,,,,DDInter1221
Miltefosine,DRUG,DDInter,Miltefosine,,,,DDInter1222
Mineral oil,DRUG,DDInter,Mineral oil,,,,DDInter1223
Minocycline,DRUG,DDInter,Minocycline,,,,DDInter1224
Minocycline (topical),DRUG,DDInter,Minocycline (topical),,,,DDInter1225
Minoxidil,DRUG,DDInter,Minoxidil,,,,DDInter1226
Minoxidil (topical),DRUG,DDInter,Minoxidil (topical),,,,DDInter1227
Mipomersen,DRUG,DDInter,Mipomersen,,,,DDInter1228
Mirabegron,DRUG,DDInter,Mirabegron,,,,DDInter1229
Articaine,DRUG,DDInter,Articaine,,,,DDInter123
Mirtazapine,DRUG,DDInter,Mirtazapine,,,,DDInter1230
Misoprostol,DRUG,DDInter,Misoprostol,,,,DDInter1231
Mitomycin,DRUG,DDInter,Mitomycin,,,,DDInter1232
Mitotane,DRUG,DDInter,Mitotane,,,,DDInter1233
Mitoxantrone,DRUG,DDInter,Mitoxantrone,,,,DDInter1234
Mivacurium,DRUG,DDInter,Mivacurium,,,,DDInter1235
Modafinil,DRUG,DDInter,Modafinil,,,,DDInter1236
Moexipril,DRUG,DDInter,Moexipril,,,,DDInter1237
Mogamulizumab,DRUG,DDInter,Mogamulizumab,,,,DDInter1238
Molindone,DRUG,DDInter,Molindone,,,,DDInter1239
Ascorbic acid,DRUG,DDInter,Ascorbic acid,,,,DDInter124
Monomethyl fumarate,DRUG,DDInter,Monomethyl fumarate,,,,DDInter1240
Monopotassium phosphate,DRUG,DDInter,Monopotassium phosphate,,,,DDInter1241
Montelukast,DRUG,DDInter,Montelukast,,,,DDInter1242
Moricizine,DRUG,DDInter,Moricizine,,,,DDInter1243
Morphine,DRUG,DDInter,Morphine,,,,DDInter1244
Morphine (liposomal),DRUG,DDInter,Morphine (liposomal),,,,DDInter1245
Moxetumomab Pasudotox,DRUG,DDInter,Moxetumomab Pasudotox,,,,DDInter1246
Moxifloxacin,DRUG,DDInter,Moxifloxacin,,,,DDInter1247
Mumps virus strain B level jeryl lynn live antigen,DRUG,DDInter,Mumps virus strain B level jeryl lynn live antigen,,,,DDInter1248
Mupirocin,DRUG,DDInter,Mupirocin,,,,DDInter1249
Asenapine,DRUG,DDInter,Asenapine,,,,DDInter125
Muromonab,DRUG,DDInter,Muromonab,,,,DDInter1250
Mycophenolate mofetil,DRUG,DDInter,Mycophenolate mofetil,,,,DDInter1251
Mycophenolic acid,DRUG,DDInter,Mycophenolic acid,,,,DDInter1252
Nabilone,DRUG,DDInter,Nabilone,,,,DDInter1253
Nabumetone,DRUG,DDInter,Nabumetone,,,,DDInter1254
Nadolol,DRUG,DDInter,Nadolol,,,,DDInter1255
Nafcillin,DRUG,DDInter,Nafcillin,,,,DDInter1256
Nalbuphine,DRUG,DDInter,Nalbuphine,,,,DDInter1257
Naldemedine,DRUG,DDInter,Naldemedine,,,,DDInter1258
Nalidixic acid,DRUG,DDInter,Nalidixic acid,,,,DDInter1259
Asparaginase Erwinia chrysanthemi,DRUG,DDInter,Asparaginase Erwinia chrysanthemi,,,,DDInter126
Nalmefene,DRUG,DDInter,Nalmefene,,,,DDInter1260
Naloxegol,DRUG,DDInter,Naloxegol,,,,DDInter1261
Naloxone,DRUG,DDInter,Naloxone,,,,DDInter1262
Naltrexone,DRUG,DDInter,Naltrexone,,,,DDInter1263
Naphazoline (nasal),DRUG,DDInter,Naphazoline (nasal),,,,DDInter1264
Naphazoline (ophthalmic),DRUG,DDInter,Naphazoline (ophthalmic),,,,DDInter1265
Naproxen,DRUG,DDInter,Naproxen,,,,DDInter1266
Naratriptan,DRUG,DDInter,Naratriptan,,,,DDInter1267
Natalizumab,DRUG,DDInter,Natalizumab,,,,DDInter1268
Nateglinide,DRUG,DDInter,Nateglinide,,,,DDInter1269
Asparaginase Escherichia coli,DRUG,DDInter,Asparaginase Escherichia coli,,,,DDInter127
Naxitamab,DRUG,DDInter,Naxitamab,,,,DDInter1270
Nebivolol,DRUG,DDInter,Nebivolol,,,,DDInter1271
Necitumumab,DRUG,DDInter,Necitumumab,,,,DDInter1272
Nedocromil,DRUG,DDInter,Nedocromil,,,,DDInter1273
Nefazodone,DRUG,DDInter,Nefazodone,,,,DDInter1274
Nelarabine,DRUG,DDInter,Nelarabine,,,,DDInter1275
Nelfinavir,DRUG,DDInter,Nelfinavir,,,,DDInter1276
Neomycin,DRUG,DDInter,Neomycin,,,,DDInter1277
Neomycin (topical),DRUG,DDInter,Neomycin (topical),,,,DDInter1278
Neostigmine,DRUG,DDInter,Neostigmine,,,,DDInter1279
Astemizole,DRUG,DDInter,Astemizole,,,,DDInter128
Nepafenac (ophthalmic),DRUG,DDInter,Nepafenac (ophthalmic),,,,DDInter1280
Neratinib,DRUG,DDInter,Neratinib,,,,DDInter1281
Nesiritide,DRUG,DDInter,Nesiritide,,,,DDInter1282
Netilmicin,DRUG,DDInter,Netilmicin,,,,DDInter1283
Netupitant,DRUG,DDInter,Netupitant,,,,DDInter1284
Nevirapine,DRUG,DDInter,Nevirapine,,,,DDInter1285
Niacin,DRUG,DDInter,Niacin,,,,DDInter1286
Nicardipine,DRUG,DDInter,Nicardipine,,,,DDInter1287
Niclosamide,DRUG,DDInter,Niclosamide,,,,DDInter1288
Nicotinamide,DRUG,DDInter,Nicotinamide,,,,DDInter1289
Atazanavir,DRUG,DDInter,Atazanavir,,,,DDInter129
Nicotine,DRUG,DDInter,Nicotine,,,,DDInter1290
Nifedipine,DRUG,DDInter,Nifedipine,,,,DDInter1291
Nifurtimox,DRUG,DDInter,Nifurtimox,,,,DDInter1292
Nilotinib,DRUG,DDInter,Nilotinib,,,,DDInter1293
Nilutamide,DRUG,DDInter,Nilutamide,,,,DDInter1294
Nimodipine,DRUG,DDInter,Nimodipine,,,,DDInter1295
Nintedanib,DRUG,DDInter,Nintedanib,,,,DDInter1296
Niraparib,DRUG,DDInter,Niraparib,,,,DDInter1297
Nisoldipine,DRUG,DDInter,Nisoldipine,,,,DDInter1298
Nitazoxanide,DRUG,DDInter,Nitazoxanide,,,,DDInter1299
Acenocoumarol,DRUG,DDInter,Acenocoumarol,,,,DDInter13
Atenolol,DRUG,DDInter,Atenolol,,,,DDInter130
Nitisinone,DRUG,DDInter,Nitisinone,,,,DDInter1300
Nitrazepam,DRUG,DDInter,Nitrazepam,,,,DDInter1301
Nitric Oxide,DRUG,DDInter,Nitric Oxide,,,,DDInter1302
Nitrofurantoin,DRUG,DDInter,Nitrofurantoin,,,,DDInter1303
Nitroglycerin,DRUG,DDInter,Nitroglycerin,,,,DDInter1304
Nitroprusside,DRUG,DDInter,Nitroprusside,,,,DDInter1305
Nitrous acid,DRUG,DDInter,Nitrous acid,,,,DDInter1306
Nitrous oxide,DRUG,DDInter,Nitrous oxide,,,,DDInter1307
Nivolumab,DRUG,DDInter,Nivolumab,,,,DDInter1308
Nizatidine,DRUG,DDInter,Nizatidine,,,,DDInter1309
Atezolizumab,DRUG,DDInter,Atezolizumab,,,,DDInter131
Norelgestromin,DRUG,DDInter,Norelgestromin,,,,DDInter1310
Norepinephrine,DRUG,DDInter,Norepinephrine,,,,DDInter1311
Norethisterone,DRUG,DDInter,Norethisterone,,,,DDInter1312
Norfloxacin,DRUG,DDInter,Norfloxacin,,,,DDInter1313
Norgestimate,DRUG,DDInter,Norgestimate,,,,DDInter1314
Norgestrel,DRUG,DDInter,Norgestrel,,,,DDInter1315
Nortriptyline,DRUG,DDInter,Nortriptyline,,,,DDInter1316
Novobiocin,DRUG,DDInter,Novobiocin,,,,DDInter1317
Nystatin,DRUG,DDInter,Nystatin,,,,DDInter1318
Obeticholic acid,DRUG,DDInter,Obeticholic acid,,,,DDInter1319
Atomoxetine,DRUG,DDInter,Atomoxetine,,,,DDInter132
Obinutuzumab,DRUG,DDInter,Obinutuzumab,,,,DDInter1320
Ocrelizumab,DRUG,DDInter,Ocrelizumab,,,,DDInter1321
Octasulfur (topical),DRUG,DDInter,Octasulfur (topical),,,,DDInter1322
Octreotide,DRUG,DDInter,Octreotide,,,,DDInter1323
Ofatumumab,DRUG,DDInter,Ofatumumab,,,,DDInter1324
Ofloxacin,DRUG,DDInter,Ofloxacin,,,,DDInter1325
Olanzapine,DRUG,DDInter,Olanzapine,,,,DDInter1326
Olaparib,DRUG,DDInter,Olaparib,,,,DDInter1327
Olaratumab,DRUG,DDInter,Olaratumab,,,,DDInter1328
Oliceridine,DRUG,DDInter,Oliceridine,,,,DDInter1329
Atorvastatin,DRUG,DDInter,Atorvastatin,,,,DDInter133
Olmesartan,DRUG,DDInter,Olmesartan,,,,DDInter1330
Olodaterol,DRUG,DDInter,Olodaterol,,,,DDInter1331
Olopatadine,DRUG,DDInter,Olopatadine,,,,DDInter1332
Olopatadine (nasal),DRUG,DDInter,Olopatadine (nasal),,,,DDInter1333
Olsalazine,DRUG,DDInter,Olsalazine,,,,DDInter1334
Omacetaxine mepesuccinate,DRUG,DDInter,Omacetaxine mepesuccinate,,,,DDInter1335
Omadacycline,DRUG,DDInter,Omadacycline,,,,DDInter1336
Omalizumab,DRUG,DDInter,Omalizumab,,,,DDInter1337
Omega-3 fatty acids,DRUG,DDInter,Omega-3 fatty acids,,,,DDInter1339
Atovaquone,DRUG,DDInter,Atovaquone,,,,DDInter134
Omeprazole,DRUG,DDInter,Omeprazole,,,,DDInter1340
Onasemnogene abeparvovec,DRUG,DDInter,Onasemnogene abeparvovec,,,,DDInter1341
Ondansetron,DRUG,DDInter,Ondansetron,,,,DDInter1342
Opicapone,DRUG,DDInter,Opicapone,,,,DDInter1343
Opium,DRUG,DDInter,Opium,,,,DDInter1344
Oprelvekin,DRUG,DDInter,Oprelvekin,,,,DDInter1345
Orciprenaline,DRUG,DDInter,Orciprenaline,,,,DDInter1346
Oritavancin,DRUG,DDInter,Oritavancin,,,,DDInter1347
Orlistat,DRUG,DDInter,Orlistat,,,,DDInter1348
Orphenadrine,DRUG,DDInter,Orphenadrine,,,,DDInter1349
Atracurium,DRUG,DDInter,Atracurium,,,,DDInter135
Oseltamivir,DRUG,DDInter,Oseltamivir,,,,DDInter1350
Osilodrostat,DRUG,DDInter,Osilodrostat,,,,DDInter1351
Osimertinib,DRUG,DDInter,Osimertinib,,,,DDInter1352
Ospemifene,DRUG,DDInter,Ospemifene,,,,DDInter1353
Oxacillin,DRUG,DDInter,Oxacillin,,,,DDInter1354
Oxaliplatin,DRUG,DDInter,Oxaliplatin,,,,DDInter1355
Oxamniquine,DRUG,DDInter,Oxamniquine,,,,DDInter1356
Oxandrolone,DRUG,DDInter,Oxandrolone,,,,DDInter1357
Oxaprozin,DRUG,DDInter,Oxaprozin,,,,DDInter1358
Oxazepam,DRUG,DDInter,Oxazepam,,,,DDInter1359
Atropine,DRUG,DDInter,Atropine,,,,DDInter136
Oxcarbazepine,DRUG,DDInter,Oxcarbazepine,,,,DDInter1360
Oxitriptan,DRUG,DDInter,Oxitriptan,,,,DDInter1362
Oxtriphylline,DRUG,DDInter,Oxtriphylline,,,,DDInter1363
Oxybuprocaine (ophthalmic),DRUG,DDInter,Oxybuprocaine (ophthalmic),,,,DDInter1364
Oxybutynin,DRUG,DDInter,Oxybutynin,,,,DDInter1365
Oxycodone,DRUG,DDInter,Oxycodone,,,,DDInter1366
Oxygen,DRUG,DDInter,Oxygen,,,,DDInter1367
Oxymetazoline (nasal),DRUG,DDInter,Oxymetazoline (nasal),,,,DDInter1368
Oxymetazoline (ophthalmic),DRUG,DDInter,Oxymetazoline (ophthalmic),,,,DDInter1369
Atropine (ophthalmic),DRUG,DDInter,Atropine (ophthalmic),,,,DDInter137
Oxymetazoline (topical),DRUG,DDInter,Oxymetazoline (topical),,,,DDInter1370
Oxymetholone,DRUG,DDInter,Oxymetholone,,,,DDInter1371
Oxymorphone,DRUG,DDInter,Oxymorphone,,,,DDInter1372
Oxyquinoline (topical),DRUG,DDInter,Oxyquinoline (topical),,,,DDInter1373
Oxytetracycline,DRUG,DDInter,Oxytetracycline,,,,DDInter1374
Oxytocin,DRUG,DDInter,Oxytocin,,,,DDInter1375
Ozanimod,DRUG,DDInter,Ozanimod,,,,DDInter1376
Paclitaxel,DRUG,DDInter,Paclitaxel,,,,DDInter1377
Paclitaxel (protein-bound),DRUG,DDInter,Paclitaxel (protein-bound),,,,DDInter1378
Palbociclib,DRUG,DDInter,Palbociclib,,,,DDInter1379
Attapulgite,DRUG,DDInter,Attapulgite,,,,DDInter138
Palifermin,DRUG,DDInter,Palifermin,,,,DDInter1380
Paliperidone,DRUG,DDInter,Paliperidone,,,,DDInter1381
Palonosetron,DRUG,DDInter,Palonosetron,,,,DDInter1382
Pamidronic acid,DRUG,DDInter,Pamidronic acid,,,,DDInter1383
Pancrelipase,DRUG,DDInter,Pancrelipase,,,,DDInter1384
Pancuronium,DRUG,DDInter,Pancuronium,,,,DDInter1385
Panitumumab,DRUG,DDInter,Panitumumab,,,,DDInter1386
Panobinostat,DRUG,DDInter,Panobinostat,,,,DDInter1387
Pantoprazole,DRUG,DDInter,Pantoprazole,,,,DDInter1388
Papaverine,DRUG,DDInter,Papaverine,,,,DDInter1389
Auranofin,DRUG,DDInter,Auranofin,,,,DDInter139
Papaya,DRUG,DDInter,Papaya,,,,DDInter1390
Paraldehyde,DRUG,DDInter,Paraldehyde,,,,DDInter1391
Paramethadione,DRUG,DDInter,Paramethadione,,,,DDInter1392
Parathyroid hormone,DRUG,DDInter,Parathyroid hormone,,,,DDInter1393
Paricalcitol,DRUG,DDInter,Paricalcitol,,,,DDInter1394
Paritaprevir,DRUG,DDInter,Paritaprevir,,,,DDInter1395
Paromomycin,DRUG,DDInter,Paromomycin,,,,DDInter1396
Paroxetine,DRUG,DDInter,Paroxetine,,,,DDInter1397
Pasireotide,DRUG,DDInter,Pasireotide,,,,DDInter1398
Patiromer,DRUG,DDInter,Patiromer,,,,DDInter1399
Acetaminophen,DRUG,DDInter,Acetaminophen,,,,DDInter14
Aurothioglucose,DRUG,DDInter,Aurothioglucose,,,,DDInter140
Pazopanib,DRUG,DDInter,Pazopanib,,,,DDInter1400
Pectin,DRUG,DDInter,Pectin,,,,DDInter1401
Pegademase,DRUG,DDInter,Pegademase,,,,DDInter1402
Pegaptanib (ophthalmic),DRUG,DDInter,Pegaptanib (ophthalmic),,,,DDInter1403
Pegaspargase,DRUG,DDInter,Pegaspargase,,,,DDInter1404
Pegfilgrastim,DRUG,DDInter,Pegfilgrastim,,,,DDInter1405
Peginesatide,DRUG,DDInter,Peginesatide,,,,DDInter1406
Peginterferon alfa-2a,DRUG,DDInter,Peginterferon alfa-2a,,,,DDInter1407
Peginterferon alfa-2b,DRUG,DDInter,Peginterferon alfa-2b,,,,DDInter1408
Peginterferon beta-1a,DRUG,DDInter,Peginterferon beta-1a,,,,DDInter1409
Avanafil,DRUG,DDInter,Avanafil,,,,DDInter141
Pegloticase,DRUG,DDInter,Pegloticase,,,,DDInter1410
Pegvaliase,DRUG,DDInter,Pegvaliase,,,,DDInter1411
Pegvisomant,DRUG,DDInter,Pegvisomant,,,,DDInter1412
Pembrolizumab,DRUG,DDInter,Pembrolizumab,,,,DDInter1413
Pemetrexed,DRUG,DDInter,Pemetrexed,,,,DDInter1414
Pemigatinib,DRUG,DDInter,Pemigatinib,,,,DDInter1415
Pemoline,DRUG,DDInter,Pemoline,,,,DDInter1416
Penbutolol,DRUG,DDInter,Penbutolol,,,,DDInter1417
Penciclovir (topical),DRUG,DDInter,Penciclovir (topical),,,,DDInter1418
Penicillamine,DRUG,DDInter,Penicillamine,,,,DDInter1419
Avapritinib,DRUG,DDInter,Avapritinib,,,,DDInter142
Pentamidine,DRUG,DDInter,Pentamidine,,,,DDInter1420
Pentazocine,DRUG,DDInter,Pentazocine,,,,DDInter1421
Pentobarbital,DRUG,DDInter,Pentobarbital,,,,DDInter1423
Pentosan polysulfate,DRUG,DDInter,Pentosan polysulfate,,,,DDInter1424
Pentostatin,DRUG,DDInter,Pentostatin,,,,DDInter1425
Pentoxifylline,DRUG,DDInter,Pentoxifylline,,,,DDInter1426
Pentoxyverine,DRUG,DDInter,Pentoxyverine,,,,DDInter1427
Perampanel,DRUG,DDInter,Perampanel,,,,DDInter1428
Perflutren,DRUG,DDInter,Perflutren,,,,DDInter1429
Avatrombopag,DRUG,DDInter,Avatrombopag,,,,DDInter143
Pergolide,DRUG,DDInter,Pergolide,,,,DDInter1430
Perindopril,DRUG,DDInter,Perindopril,,,,DDInter1431
Perphenazine,DRUG,DDInter,Perphenazine,,,,DDInter1432
Pertuzumab,DRUG,DDInter,Pertuzumab,,,,DDInter1434
Pexidartinib,DRUG,DDInter,Pexidartinib,,,,DDInter1435
Pfizer-BioNTech Covid-19 Vaccine,DRUG,DDInter,Pfizer-BioNTech Covid-19 Vaccine,,,,DDInter1436
Phenacemide,DRUG,DDInter,Phenacemide,,,,DDInter1437
Phenazopyridine,DRUG,DDInter,Phenazopyridine,,,,DDInter1438
Phendimetrazine,DRUG,DDInter,Phendimetrazine,,,,DDInter1439
Avelumab,DRUG,DDInter,Avelumab,,,,DDInter144
Phenelzine,DRUG,DDInter,Phenelzine,,,,DDInter1440
Phenindamine,DRUG,DDInter,Phenindamine,,,,DDInter1441
Phenobarbital,DRUG,DDInter,Phenobarbital,,,,DDInter1442
Phenolphthalein,DRUG,DDInter,Phenolphthalein,,,,DDInter1443
Phenoxybenzamine,DRUG,DDInter,Phenoxybenzamine,,,,DDInter1444
Phenoxymethylpenicillin,DRUG,DDInter,Phenoxymethylpenicillin,,,,DDInter1445
Phensuximide,DRUG,DDInter,Phensuximide,,,,DDInter1446
Phentermine,DRUG,DDInter,Phentermine,,,,DDInter1447
Phentolamine,DRUG,DDInter,Phentolamine,,,,DDInter1448
Phenyl salicylate,DRUG,DDInter,Phenyl salicylate,,,,DDInter1449
Phenylbutazone,DRUG,DDInter,Phenylbutazone,,,,DDInter1451
Phenylbutyric acid,DRUG,DDInter,Phenylbutyric acid,,,,DDInter1452
Phenylephrine,DRUG,DDInter,Phenylephrine,,,,DDInter1453
Phenylephrine (nasal),DRUG,DDInter,Phenylephrine (nasal),,,,DDInter1454
Phenylephrine (ophthalmic),DRUG,DDInter,Phenylephrine (ophthalmic),,,,DDInter1455
Phenylephrine (otic),DRUG,DDInter,Phenylephrine (otic),,,,DDInter1456
Phenylephrine (topical),DRUG,DDInter,Phenylephrine (topical),,,,DDInter1457
Phenylpropanolamine,DRUG,DDInter,Phenylpropanolamine,,,,DDInter1458
Phenyltoloxamine,DRUG,DDInter,Phenyltoloxamine,,,,DDInter1459
Axicabtagene ciloleucel,DRUG,DDInter,Axicabtagene ciloleucel,,,,DDInter146
Phenytoin,DRUG,DDInter,Phenytoin,,,,DDInter1460
Phylloquinone,DRUG,DDInter,Phylloquinone,,,,DDInter1461
Physostigmine,DRUG,DDInter,Physostigmine,,,,DDInter1462
Physostigmine (ophthalmic),DRUG,DDInter,Physostigmine (ophthalmic),,,,DDInter1463
Picosulfuric acid,DRUG,DDInter,Picosulfuric acid,,,,DDInter1464
Pilocarpine,DRUG,DDInter,Pilocarpine,,,,DDInter1465
Pilocarpine (ophthalmic),DRUG,DDInter,Pilocarpine (ophthalmic),,,,DDInter1466
Pimavanserin,DRUG,DDInter,Pimavanserin,,,,DDInter1467
Pimecrolimus,DRUG,DDInter,Pimecrolimus,,,,DDInter1468
Pimecrolimus (topical),DRUG,DDInter,Pimecrolimus (topical),,,,DDInter1469
Axitinib,DRUG,DDInter,Axitinib,,,,DDInter147
Pimozide,DRUG,DDInter,Pimozide,,,,DDInter1470
Pindolol,DRUG,DDInter,Pindolol,,,,DDInter1471
Pioglitazone,DRUG,DDInter,Pioglitazone,,,,DDInter1472
Pipecuronium,DRUG,DDInter,Pipecuronium,,,,DDInter1473
Piperacillin,DRUG,DDInter,Piperacillin,,,,DDInter1474
Piperazine,DRUG,DDInter,Piperazine,,,,DDInter1475
Pirbuterol,DRUG,DDInter,Pirbuterol,,,,DDInter1476
Pirfenidone,DRUG,DDInter,Pirfenidone,,,,DDInter1477
Piroxicam,DRUG,DDInter,Piroxicam,,,,DDInter1478
Pitavastatin,DRUG,DDInter,Pitavastatin,,,,DDInter1479
Azacitidine,DRUG,DDInter,Azacitidine,,,,DDInter148
Pitolisant,DRUG,DDInter,Pitolisant,,,,DDInter1480
Plantago seed,DRUG,DDInter,Plantago seed,,,,DDInter1481
Plazomicin,DRUG,DDInter,Plazomicin,,,,DDInter1482
Plecanatide,DRUG,DDInter,Plecanatide,,,,DDInter1483
Plicamycin,DRUG,DDInter,Plicamycin,,,,DDInter1484
Polatuzumab vedotin,DRUG,DDInter,Polatuzumab vedotin,,,,DDInter1485
Poliovirus type 1 antigen (formaldehyde inactivated),DRUG,DDInter,Poliovirus type 1 antigen (formaldehyde inactivated),,,,DDInter1486
Polyethylene glycol (3350 with electrolytes),DRUG,DDInter,Polyethylene glycol (3350 with electrolytes),,,,DDInter1487
Polyethylene glycol (3350),DRUG,DDInter,Polyethylene glycol (3350),,,,DDInter1488
Polymyxin B,DRUG,DDInter,Polymyxin B,,,,DDInter1489
Azatadine,DRUG,DDInter,Azatadine,,,,DDInter149
Polythiazide,DRUG,DDInter,Polythiazide,,,,DDInter1490
Pomalidomide,DRUG,DDInter,Pomalidomide,,,,DDInter1491
Ponatinib,DRUG,DDInter,Ponatinib,,,,DDInter1492
Porfimer sodium,DRUG,DDInter,Porfimer sodium,,,,DDInter1493
Posaconazole,DRUG,DDInter,Posaconazole,,,,DDInter1494
Potassium acetate,DRUG,DDInter,Potassium acetate,,,,DDInter1495
Potassium bicarbonate,DRUG,DDInter,Potassium bicarbonate,,,,DDInter1496
Potassium chloride,DRUG,DDInter,Potassium chloride,,,,DDInter1497
Potassium citrate,DRUG,DDInter,Potassium citrate,,,,DDInter1498
Potassium gluconate,DRUG,DDInter,Potassium gluconate,,,,DDInter1499
Acetazolamide,DRUG,DDInter,Acetazolamide,,,,DDInter15
Azathioprine,DRUG,DDInter,Azathioprine,,,,DDInter150
Potassium Iodide,DRUG,DDInter,Potassium Iodide,,,,DDInter1500
Potassium perchlorate,DRUG,DDInter,Potassium perchlorate,,,,DDInter1501
Pralatrexate,DRUG,DDInter,Pralatrexate,,,,DDInter1502
Pralidoxime,DRUG,DDInter,Pralidoxime,,,,DDInter1503
Pralsetinib,DRUG,DDInter,Pralsetinib,,,,DDInter1504
Pramipexole,DRUG,DDInter,Pramipexole,,,,DDInter1505
Pramlintide,DRUG,DDInter,Pramlintide,,,,DDInter1506
Prasterone enantate,DRUG,DDInter,Prasterone enantate,,,,DDInter1507
Prasugrel,DRUG,DDInter,Prasugrel,,,,DDInter1508
Pravastatin,DRUG,DDInter,Pravastatin,,,,DDInter1509
Azelaic acid,DRUG,DDInter,Azelaic acid,,,,DDInter151
Praziquantel,DRUG,DDInter,Praziquantel,,,,DDInter1510
Prazosin,DRUG,DDInter,Prazosin,,,,DDInter1511
Prednicarbate (topical),DRUG,DDInter,Prednicarbate (topical),,,,DDInter1512
Prednisolone,DRUG,DDInter,Prednisolone,,,,DDInter1513
Prednisolone (ophthalmic),DRUG,DDInter,Prednisolone (ophthalmic),,,,DDInter1514
Prednisone,DRUG,DDInter,Prednisone,,,,DDInter1515
Pregabalin,DRUG,DDInter,Pregabalin,,,,DDInter1516
Pretomanid,DRUG,DDInter,Pretomanid,,,,DDInter1517
Prilocaine,DRUG,DDInter,Prilocaine,,,,DDInter1518
Prilocaine (topiclal),DRUG,DDInter,Prilocaine (topiclal),,,,DDInter1519
Azelaic acid (topical),DRUG,DDInter,Azelaic acid (topical),,,,DDInter152
Primaquine,DRUG,DDInter,Primaquine,,,,DDInter1520
Primidone,DRUG,DDInter,Primidone,,,,DDInter1521
Probenecid,DRUG,DDInter,Probenecid,,,,DDInter1522
Probucol,DRUG,DDInter,Probucol,,,,DDInter1523
Procainamide,DRUG,DDInter,Procainamide,,,,DDInter1524
Procaine,DRUG,DDInter,Procaine,,,,DDInter1525
Procarbazine,DRUG,DDInter,Procarbazine,,,,DDInter1526
Prochlorperazine,DRUG,DDInter,Prochlorperazine,,,,DDInter1527
Procyclidine,DRUG,DDInter,Procyclidine,,,,DDInter1528
Progesterone,DRUG,DDInter,Progesterone,,,,DDInter1529
Azelastine,DRUG,DDInter,Azelastine,,,,DDInter153
Progesterone (topical),DRUG,DDInter,Progesterone (topical),,,,DDInter1530
Proguanil,DRUG,DDInter,Proguanil,,,,DDInter1531
Promazine,DRUG,DDInter,Promazine,,,,DDInter1532
Promethazine,DRUG,DDInter,Promethazine,,,,DDInter1533
Propafenone,DRUG,DDInter,Propafenone,,,,DDInter1534
Propantheline,DRUG,DDInter,Propantheline,,,,DDInter1535
Proparacaine (ophthalmic),DRUG,DDInter,Proparacaine (ophthalmic),,,,DDInter1536
Propiomazine,DRUG,DDInter,Propiomazine,,,,DDInter1537
Propofol,DRUG,DDInter,Propofol,,,,DDInter1538
Propranolol,DRUG,DDInter,Propranolol,,,,DDInter1539
Azelastine (nasal),DRUG,DDInter,Azelastine (nasal),,,,DDInter154
Propylhexedrine (nasal),DRUG,DDInter,Propylhexedrine (nasal),,,,DDInter1540
Propylthiouracil,DRUG,DDInter,Propylthiouracil,,,,DDInter1541
Protein C,DRUG,DDInter,Protein C,,,,DDInter1542
Protriptyline,DRUG,DDInter,Protriptyline,,,,DDInter1543
Prucalopride,DRUG,DDInter,Prucalopride,,,,DDInter1544
Pseudoephedrine,DRUG,DDInter,Pseudoephedrine,,,,DDInter1545
Pyrantel,DRUG,DDInter,Pyrantel,,,,DDInter1546
Pyrazinamide,DRUG,DDInter,Pyrazinamide,,,,DDInter1547
Pyridostigmine,DRUG,DDInter,Pyridostigmine,,,,DDInter1548
Pyridoxine,DRUG,DDInter,Pyridoxine,,,,DDInter1549
Azelastine (ophthalmic),DRUG,DDInter,Azelastine (ophthalmic),,,,DDInter155
Pyrimethamine,DRUG,DDInter,Pyrimethamine,,,,DDInter1550
Pyrophosphoric acid,DRUG,DDInter,Pyrophosphoric acid,,,,DDInter1551
Quazepam,DRUG,DDInter,Quazepam,,,,DDInter1552
Quetiapine,DRUG,DDInter,Quetiapine,,,,DDInter1553
Quinapril,DRUG,DDInter,Quinapril,,,,DDInter1554
Quinestrol,DRUG,DDInter,Quinestrol,,,,DDInter1555
Quinidine,DRUG,DDInter,Quinidine,,,,DDInter1556
Quinine,DRUG,DDInter,Quinine,,,,DDInter1557
Quinupristin,DRUG,DDInter,Quinupristin,,,,DDInter1558
Rabeprazole,DRUG,DDInter,Rabeprazole,,,,DDInter1559
Azilsartan medoxomil,DRUG,DDInter,Azilsartan medoxomil,,,,DDInter156
Racepinephrine,DRUG,DDInter,Racepinephrine,,,,DDInter1560
Radium Ra 223 dichloride,DRUG,DDInter,Radium Ra 223 dichloride,,,,DDInter1561
Raloxifene,DRUG,DDInter,Raloxifene,,,,DDInter1562
Raltegravir,DRUG,DDInter,Raltegravir,,,,DDInter1563
Ramelteon,DRUG,DDInter,Ramelteon,,,,DDInter1564
Ramipril,DRUG,DDInter,Ramipril,,,,DDInter1565
Ramucirumab,DRUG,DDInter,Ramucirumab,,,,DDInter1566
Ranitidine,DRUG,DDInter,Ranitidine,,,,DDInter1568
Ranitidine (bismuth citrate),DRUG,DDInter,Ranitidine (bismuth citrate),,,,DDInter1569
Azithromycin,DRUG,DDInter,Azithromycin,,,,DDInter157
Ranolazine,DRUG,DDInter,Ranolazine,,,,DDInter1570
Rapacuronium,DRUG,DDInter,Rapacuronium,,,,DDInter1571
Rasagiline,DRUG,DDInter,Rasagiline,,,,DDInter1572
Rasburicase,DRUG,DDInter,Rasburicase,,,,DDInter1573
Ravulizumab,DRUG,DDInter,Ravulizumab,,,,DDInter1574
Regadenoson,DRUG,DDInter,Regadenoson,,,,DDInter1575
Regorafenib,DRUG,DDInter,Regorafenib,,,,DDInter1576
Relugolix,DRUG,DDInter,Relugolix,,,,DDInter1577
Remdesivir,DRUG,DDInter,Remdesivir,,,,DDInter1578
Remifentanil,DRUG,DDInter,Remifentanil,,,,DDInter1579
Aztreonam,DRUG,DDInter,Aztreonam,,,,DDInter158
Remimazolam,DRUG,DDInter,Remimazolam,,,,DDInter1580
Repaglinide,DRUG,DDInter,Repaglinide,,,,DDInter1581
Reserpine,DRUG,DDInter,Reserpine,,,,DDInter1582
Resorcinol (topical),DRUG,DDInter,Resorcinol (topical),,,,DDInter1583
Retapamulin (topical),DRUG,DDInter,Retapamulin (topical),,,,DDInter1584
Reteplase,DRUG,DDInter,Reteplase,,,,DDInter1585
Revefenacin,DRUG,DDInter,Revefenacin,,,,DDInter1586
Ribavirin,DRUG,DDInter,Ribavirin,,,,DDInter1587
Ribociclib,DRUG,DDInter,Ribociclib,,,,DDInter1588
Rifabutin,DRUG,DDInter,Rifabutin,,,,DDInter1589
Bacampicillin,DRUG,DDInter,Bacampicillin,,,,DDInter159
Rifampicin,DRUG,DDInter,Rifampicin,,,,DDInter1590
Rifamycin,DRUG,DDInter,Rifamycin,,,,DDInter1591
Rifapentine,DRUG,DDInter,Rifapentine,,,,DDInter1592
Rifaximin,DRUG,DDInter,Rifaximin,,,,DDInter1593
Rilonacept,DRUG,DDInter,Rilonacept,,,,DDInter1594
Rilpivirine,DRUG,DDInter,Rilpivirine,,,,DDInter1595
Riluzole,DRUG,DDInter,Riluzole,,,,DDInter1596
Rimantadine,DRUG,DDInter,Rimantadine,,,,DDInter1597
Rimegepant,DRUG,DDInter,Rimegepant,,,,DDInter1598
Rimexolone (ophthalmic),DRUG,DDInter,Rimexolone (ophthalmic),,,,DDInter1599
Acetohexamide,DRUG,DDInter,Acetohexamide,,,,DDInter16
Bacillus calmette-guerin substrain tice live antigen,DRUG,DDInter,Bacillus calmette-guerin substrain tice live antigen,,,,DDInter160
Riociguat,DRUG,DDInter,Riociguat,,,,DDInter1600
Ripretinib,DRUG,DDInter,Ripretinib,,,,DDInter1601
Risankizumab,DRUG,DDInter,Risankizumab,,,,DDInter1602
Risdiplam,DRUG,DDInter,Risdiplam,,,,DDInter1603
Risedronic acid,DRUG,DDInter,Risedronic acid,,,,DDInter1604
Risperidone,DRUG,DDInter,Risperidone,,,,DDInter1605
Ritodrine,DRUG,DDInter,Ritodrine,,,,DDInter1606
Ritonavir,DRUG,DDInter,Ritonavir,,,,DDInter1607
Rituximab,DRUG,DDInter,Rituximab,,,,DDInter1608
Rivaroxaban,DRUG,DDInter,Rivaroxaban,,,,DDInter1609
Bacitracin,DRUG,DDInter,Bacitracin,,,,DDInter161
Rivastigmine,DRUG,DDInter,Rivastigmine,,,,DDInter1610
Rizatriptan,DRUG,DDInter,Rizatriptan,,,,DDInter1611
Rocuronium,DRUG,DDInter,Rocuronium,,,,DDInter1612
Rofecoxib,DRUG,DDInter,Rofecoxib,,,,DDInter1613
Roflumilast,DRUG,DDInter,Roflumilast,,,,DDInter1614
Rolapitant,DRUG,DDInter,Rolapitant,,,,DDInter1615
Romidepsin,DRUG,DDInter,Romidepsin,,,,DDInter1616
Romiplostim,DRUG,DDInter,Romiplostim,,,,DDInter1617
Romosozumab,DRUG,DDInter,Romosozumab,,,,DDInter1618
Ropinirole,DRUG,DDInter,Ropinirole,,,,DDInter1619
Baclofen,DRUG,DDInter,Baclofen,,,,DDInter162
Ropivacaine,DRUG,DDInter,Ropivacaine,,,,DDInter1620
Rosiglitazone,DRUG,DDInter,Rosiglitazone,,,,DDInter1621
Rosuvastatin,DRUG,DDInter,Rosuvastatin,,,,DDInter1622
Rotavirus vaccine,DRUG,DDInter,Rotavirus vaccine,,,,DDInter1623
Rotigotine,DRUG,DDInter,Rotigotine,,,,DDInter1624
Rubella virus vaccine,DRUG,DDInter,Rubella virus vaccine,,,,DDInter1625
Rucaparib,DRUG,DDInter,Rucaparib,,,,DDInter1626
Rufinamide,DRUG,DDInter,Rufinamide,,,,DDInter1627
Ruxolitinib,DRUG,DDInter,Ruxolitinib,,,,DDInter1628
Sacituzumab govitecan,DRUG,DDInter,Sacituzumab govitecan,,,,DDInter1629
Baloxavir marboxil,DRUG,DDInter,Baloxavir marboxil,,,,DDInter163
Sacubitril,DRUG,DDInter,Sacubitril,,,,DDInter1630
Safinamide,DRUG,DDInter,Safinamide,,,,DDInter1631
Salbutamol,DRUG,DDInter,Salbutamol,,,,DDInter1632
Salicylic acid (sodium),DRUG,DDInter,Salicylic acid (sodium),,,,DDInter1633
Salicylic acid (topical),DRUG,DDInter,Salicylic acid (topical),,,,DDInter1634
Salmeterol,DRUG,DDInter,Salmeterol,,,,DDInter1635
Salmon calcitonin,DRUG,DDInter,Salmon calcitonin,,,,DDInter1636
Salsalate,DRUG,DDInter,Salsalate,,,,DDInter1637
Samarium (153Sm) lexidronam,DRUG,DDInter,Samarium (153Sm) lexidronam,,,,DDInter1638
Sapropterin,DRUG,DDInter,Sapropterin,,,,DDInter1639
Balsalazide,DRUG,DDInter,Balsalazide,,,,DDInter164
Saquinavir,DRUG,DDInter,Saquinavir,,,,DDInter1640
Sarecycline,DRUG,DDInter,Sarecycline,,,,DDInter1641
Sargramostim,DRUG,DDInter,Sargramostim,,,,DDInter1642
Sarilumab,DRUG,DDInter,Sarilumab,,,,DDInter1643
Satralizumab,DRUG,DDInter,Satralizumab,,,,DDInter1644
Saw palmetto,DRUG,DDInter,Saw palmetto,,,,DDInter1645
Saxagliptin,DRUG,DDInter,Saxagliptin,,,,DDInter1646
Scopolamine,DRUG,DDInter,Scopolamine,,,,DDInter1647
Scopolamine (ophthalmic),DRUG,DDInter,Scopolamine (ophthalmic),,,,DDInter1648
Secnidazole,DRUG,DDInter,Secnidazole,,,,DDInter1649
Baricitinib,DRUG,DDInter,Baricitinib,,,,DDInter165
Secobarbital,DRUG,DDInter,Secobarbital,,,,DDInter1650
Secretin human,DRUG,DDInter,Secretin human,,,,DDInter1651
Secukinumab,DRUG,DDInter,Secukinumab,,,,DDInter1652
Selegiline,DRUG,DDInter,Selegiline,,,,DDInter1653
Selenium,DRUG,DDInter,Selenium,,,,DDInter1654
Selenium Sulfide,DRUG,DDInter,Selenium Sulfide,,,,DDInter1655
Selexipag,DRUG,DDInter,Selexipag,,,,DDInter1656
Selinexor,DRUG,DDInter,Selinexor,,,,DDInter1657
Selpercatinib,DRUG,DDInter,Selpercatinib,,,,DDInter1658
Selumetinib,DRUG,DDInter,Selumetinib,,,,DDInter1659
Basiliximab,DRUG,DDInter,Basiliximab,,,,DDInter166
Semaglutide,DRUG,DDInter,Semaglutide,,,,DDInter1660
Sermorelin,DRUG,DDInter,Sermorelin,,,,DDInter1661
Sertraline,DRUG,DDInter,Sertraline,,,,DDInter1662
Sevelamer,DRUG,DDInter,Sevelamer,,,,DDInter1663
Sevoflurane,DRUG,DDInter,Sevoflurane,,,,DDInter1664
Sibutramine,DRUG,DDInter,Sibutramine,,,,DDInter1665
Sildenafil,DRUG,DDInter,Sildenafil,,,,DDInter1666
Silodosin,DRUG,DDInter,Silodosin,,,,DDInter1667
Siltuximab,DRUG,DDInter,Siltuximab,,,,DDInter1668
Silver (topical),DRUG,DDInter,Silver (topical),,,,DDInter1669
Bazedoxifene,DRUG,DDInter,Bazedoxifene,,,,DDInter167
Silver nitrate (ophthalmic),DRUG,DDInter,Silver nitrate (ophthalmic),,,,DDInter1670
Silver nitrate (topical),DRUG,DDInter,Silver nitrate (topical),,,,DDInter1671
Silver sulfadiazine (topical),DRUG,DDInter,Silver sulfadiazine (topical),,,,DDInter1672
Simeprevir,DRUG,DDInter,Simeprevir,,,,DDInter1673
Simethicone,DRUG,DDInter,Simethicone,,,,DDInter1674
Simvastatin,DRUG,DDInter,Simvastatin,,,,DDInter1675
Siponimod,DRUG,DDInter,Siponimod,,,,DDInter1676
Sipuleucel-T,DRUG,DDInter,Sipuleucel-T,,,,DDInter1677
Sirolimus,DRUG,DDInter,Sirolimus,,,,DDInter1678
Sitagliptin,DRUG,DDInter,Sitagliptin,,,,DDInter1679
Beclomethasone dipropionate,DRUG,DDInter,Beclomethasone dipropionate,,,,DDInter168
"Smallpox (Vaccinia) Vaccine, Live",DRUG,DDInter,"Smallpox (Vaccinia) Vaccine, Live",,,,DDInter1680
Sodium acetate,DRUG,DDInter,Sodium acetate,,,,DDInter1681
Sodium aurothiomalate,DRUG,DDInter,Sodium aurothiomalate,,,,DDInter1682
Sodium bicarbonate,DRUG,DDInter,Sodium bicarbonate,,,,DDInter1683
Sodium cellulose phosphate,DRUG,DDInter,Sodium cellulose phosphate,,,,DDInter1684
Sodium chloride,DRUG,DDInter,Sodium chloride,,,,DDInter1685
Sodium citrate,DRUG,DDInter,Sodium citrate,,,,DDInter1686
Sodium ferric gluconate complex,DRUG,DDInter,Sodium ferric gluconate complex,,,,DDInter1687
Sodium glycerophosphate,DRUG,DDInter,Sodium glycerophosphate,,,,DDInter1688
Sodium iodide,DRUG,DDInter,Sodium iodide,,,,DDInter1689
Beclomethasone dipropionate (nasal),DRUG,DDInter,Beclomethasone dipropionate (nasal),,,,DDInter169
Sodium oxybate,DRUG,DDInter,Sodium oxybate,,,,DDInter1690
"Sodium phosphate, monobasic",DRUG,DDInter,"Sodium phosphate, monobasic",,,,DDInter1691
"Sodium phosphate, monobasic (p32)",DRUG,DDInter,"Sodium phosphate, monobasic (p32)",,,,DDInter1692
Sodium sulfate,DRUG,DDInter,Sodium sulfate,,,,DDInter1693
Sodium zirconium cyclosilicate,DRUG,DDInter,Sodium zirconium cyclosilicate,,,,DDInter1694
Sofosbuvir,DRUG,DDInter,Sofosbuvir,,,,DDInter1695
Solifenacin,DRUG,DDInter,Solifenacin,,,,DDInter1696
Solriamfetol,DRUG,DDInter,Solriamfetol,,,,DDInter1697
Somapacitan,DRUG,DDInter,Somapacitan,,,,DDInter1698
Somatotropin,DRUG,DDInter,Somatotropin,,,,DDInter1699
Acetohydroxamic acid,DRUG,DDInter,Acetohydroxamic acid,,,,DDInter17
Bedaquiline,DRUG,DDInter,Bedaquiline,,,,DDInter170
Somatrem,DRUG,DDInter,Somatrem,,,,DDInter1700
Sonidegib,DRUG,DDInter,Sonidegib,,,,DDInter1701
Sorafenib,DRUG,DDInter,Sorafenib,,,,DDInter1702
Sorbitol,DRUG,DDInter,Sorbitol,,,,DDInter1703
Sotalol,DRUG,DDInter,Sotalol,,,,DDInter1704
Sparfloxacin,DRUG,DDInter,Sparfloxacin,,,,DDInter1705
Spectinomycin,DRUG,DDInter,Spectinomycin,,,,DDInter1706
Spironolactone,DRUG,DDInter,Spironolactone,,,,DDInter1707
St. John's Wort,DRUG,DDInter,St. John's Wort,,,,DDInter1708
Stanozolol,DRUG,DDInter,Stanozolol,,,,DDInter1709
Belantamab mafodotin,DRUG,DDInter,Belantamab mafodotin,,,,DDInter171
Stavudine,DRUG,DDInter,Stavudine,,,,DDInter1710
Stiripentol,DRUG,DDInter,Stiripentol,,,,DDInter1711
Streptokinase,DRUG,DDInter,Streptokinase,,,,DDInter1712
Streptomycin,DRUG,DDInter,Streptomycin,,,,DDInter1713
Streptozocin,DRUG,DDInter,Streptozocin,,,,DDInter1714
Strontium chloride Sr-89,DRUG,DDInter,Strontium chloride Sr-89,,,,DDInter1715
Succinylcholine,DRUG,DDInter,Succinylcholine,,,,DDInter1716
Sucralfate,DRUG,DDInter,Sucralfate,,,,DDInter1717
Sufentanil,DRUG,DDInter,Sufentanil,,,,DDInter1718
Sugammadex,DRUG,DDInter,Sugammadex,,,,DDInter1719
Belatacept,DRUG,DDInter,Belatacept,,,,DDInter172
Sulfacetamide (ophthalmic),DRUG,DDInter,Sulfacetamide (ophthalmic),,,,DDInter1720
Sulfadiazine,DRUG,DDInter,Sulfadiazine,,,,DDInter1721
Sulfadoxine,DRUG,DDInter,Sulfadoxine,,,,DDInter1722
Sulfamethizole,DRUG,DDInter,Sulfamethizole,,,,DDInter1723
Sulfamethoxazole,DRUG,DDInter,Sulfamethoxazole,,,,DDInter1724
Sulfasalazine,DRUG,DDInter,Sulfasalazine,,,,DDInter1725
Sulfinpyrazone,DRUG,DDInter,Sulfinpyrazone,,,,DDInter1726
Sulfisoxazole,DRUG,DDInter,Sulfisoxazole,,,,DDInter1727
Sulindac,DRUG,DDInter,Sulindac,,,,DDInter1729
Belimumab,DRUG,DDInter,Belimumab,,,,DDInter173
Sumatriptan,DRUG,DDInter,Sumatriptan,,,,DDInter1730
Sunitinib,DRUG,DDInter,Sunitinib,,,,DDInter1731
Suprofen (ophthalmic),DRUG,DDInter,Suprofen (ophthalmic),,,,DDInter1732
Suvorexant,DRUG,DDInter,Suvorexant,,,,DDInter1733
Tacrine,DRUG,DDInter,Tacrine,,,,DDInter1734
Tacrolimus,DRUG,DDInter,Tacrolimus,,,,DDInter1735
Tadalafil,DRUG,DDInter,Tadalafil,,,,DDInter1736
Tafamidis,DRUG,DDInter,Tafamidis,,,,DDInter1737
Tafasitamab,DRUG,DDInter,Tafasitamab,,,,DDInter1738
Tafenoquine,DRUG,DDInter,Tafenoquine,,,,DDInter1739
Belinostat,DRUG,DDInter,Belinostat,,,,DDInter174
Tagraxofusp,DRUG,DDInter,Tagraxofusp,,,,DDInter1741
Talazoparib,DRUG,DDInter,Talazoparib,,,,DDInter1742
Talimogene laherparepvec,DRUG,DDInter,Talimogene laherparepvec,,,,DDInter1743
Tamoxifen,DRUG,DDInter,Tamoxifen,,,,DDInter1744
Tamsulosin,DRUG,DDInter,Tamsulosin,,,,DDInter1745
Tapentadol,DRUG,DDInter,Tapentadol,,,,DDInter1746
Tasimelteon,DRUG,DDInter,Tasimelteon,,,,DDInter1747
Tazarotene,DRUG,DDInter,Tazarotene,,,,DDInter1748
Tazarotene (topical),DRUG,DDInter,Tazarotene (topical),,,,DDInter1749
Belladonna,DRUG,DDInter,Belladonna,,,,DDInter175
Tazemetostat,DRUG,DDInter,Tazemetostat,,,,DDInter1750
Tedizolid,DRUG,DDInter,Tedizolid,,,,DDInter1752
Teduglutide,DRUG,DDInter,Teduglutide,,,,DDInter1753
Tegaserod,DRUG,DDInter,Tegaserod,,,,DDInter1754
Telaprevir,DRUG,DDInter,Telaprevir,,,,DDInter1755
Telavancin,DRUG,DDInter,Telavancin,,,,DDInter1756
Telbivudine,DRUG,DDInter,Telbivudine,,,,DDInter1757
Telithromycin,DRUG,DDInter,Telithromycin,,,,DDInter1758
Telmisartan,DRUG,DDInter,Telmisartan,,,,DDInter1759
Bempedoic acid,DRUG,DDInter,Bempedoic acid,,,,DDInter176
Telotristat ethyl,DRUG,DDInter,Telotristat ethyl,,,,DDInter1760
Temazepam,DRUG,DDInter,Temazepam,,,,DDInter1761
Temozolomide,DRUG,DDInter,Temozolomide,,,,DDInter1762
Temsirolimus,DRUG,DDInter,Temsirolimus,,,,DDInter1763
Tenecteplase,DRUG,DDInter,Tenecteplase,,,,DDInter1764
Teniposide,DRUG,DDInter,Teniposide,,,,DDInter1765
Teprotumumab,DRUG,DDInter,Teprotumumab,,,,DDInter1766
Terazosin,DRUG,DDInter,Terazosin,,,,DDInter1767
Terbinafine,DRUG,DDInter,Terbinafine,,,,DDInter1768
Terbutaline,DRUG,DDInter,Terbutaline,,,,DDInter1769
Benazepril,DRUG,DDInter,Benazepril,,,,DDInter177
Terfenadine,DRUG,DDInter,Terfenadine,,,,DDInter1770
Teriflunomide,DRUG,DDInter,Teriflunomide,,,,DDInter1771
Teriparatide,DRUG,DDInter,Teriparatide,,,,DDInter1772
Tesamorelin,DRUG,DDInter,Tesamorelin,,,,DDInter1773
Testolactone,DRUG,DDInter,Testolactone,,,,DDInter1774
Testosterone,DRUG,DDInter,Testosterone,,,,DDInter1775
Testosterone (topical),DRUG,DDInter,Testosterone (topical),,,,DDInter1776
Tetrabenazine,DRUG,DDInter,Tetrabenazine,,,,DDInter1778
Tetracaine,DRUG,DDInter,Tetracaine,,,,DDInter1779
Bendamustine,DRUG,DDInter,Bendamustine,,,,DDInter178
Tetracaine (ophthalmic),DRUG,DDInter,Tetracaine (ophthalmic),,,,DDInter1780
Tetracaine (topical),DRUG,DDInter,Tetracaine (topical),,,,DDInter1781
Tetracosactide,DRUG,DDInter,Tetracosactide,,,,DDInter1782
Tetracycline,DRUG,DDInter,Tetracycline,,,,DDInter1783
Tetracycline (topical),DRUG,DDInter,Tetracycline (topical),,,,DDInter1784
Tetraferric tricitrate decahydrate,DRUG,DDInter,Tetraferric tricitrate decahydrate,,,,DDInter1785
Tetrofosmin,DRUG,DDInter,Tetrofosmin,,,,DDInter1786
Tetryzoline (nasal),DRUG,DDInter,Tetryzoline (nasal),,,,DDInter1787
Tetryzoline (ophthalmic),DRUG,DDInter,Tetryzoline (ophthalmic),,,,DDInter1788
Thalidomide,DRUG,DDInter,Thalidomide,,,,DDInter1789
Bendroflumethiazide,DRUG,DDInter,Bendroflumethiazide,,,,DDInter179
Thallous Chloride,DRUG,DDInter,Thallous Chloride,,,,DDInter1790
Theophylline,DRUG,DDInter,Theophylline,,,,DDInter1791
Thiabendazole,DRUG,DDInter,Thiabendazole,,,,DDInter1792
Thiethylperazine,DRUG,DDInter,Thiethylperazine,,,,DDInter1793
Thimerosal (topical),DRUG,DDInter,Thimerosal (topical),,,,DDInter1794
Thiopental,DRUG,DDInter,Thiopental,,,,DDInter1795
Thioridazine,DRUG,DDInter,Thioridazine,,,,DDInter1796
Thiotepa,DRUG,DDInter,Thiotepa,,,,DDInter1797
Thiothixene,DRUG,DDInter,Thiothixene,,,,DDInter1798
"Thyroid, porcine",DRUG,DDInter,"Thyroid, porcine",,,,DDInter1799
Acetylcholine,DRUG,DDInter,Acetylcholine,,,,DDInter18
Benzalkonium (topical),DRUG,DDInter,Benzalkonium (topical),,,,DDInter180
Thyrotropin alfa,DRUG,DDInter,Thyrotropin alfa,,,,DDInter1800
Tiagabine,DRUG,DDInter,Tiagabine,,,,DDInter1801
Ticagrelor,DRUG,DDInter,Ticagrelor,,,,DDInter1802
Ticarcillin,DRUG,DDInter,Ticarcillin,,,,DDInter1803
Ticlopidine,DRUG,DDInter,Ticlopidine,,,,DDInter1804
Tigecycline,DRUG,DDInter,Tigecycline,,,,DDInter1805
Tildrakizumab,DRUG,DDInter,Tildrakizumab,,,,DDInter1806
Tilmanocept,DRUG,DDInter,Tilmanocept,,,,DDInter1807
Tiludronic acid,DRUG,DDInter,Tiludronic acid,,,,DDInter1808
Timolol,DRUG,DDInter,Timolol,,,,DDInter1809
Benzatropine,DRUG,DDInter,Benzatropine,,,,DDInter181
Timolol (ophthalmic),DRUG,DDInter,Timolol (ophthalmic),,,,DDInter1810
Tinidazole,DRUG,DDInter,Tinidazole,,,,DDInter1811
Tinzaparin,DRUG,DDInter,Tinzaparin,,,,DDInter1812
Tioconazole,DRUG,DDInter,Tioconazole,,,,DDInter1813
Tioguanine,DRUG,DDInter,Tioguanine,,,,DDInter1814
Tiotropium,DRUG,DDInter,Tiotropium,,,,DDInter1815
Tipiracil,DRUG,DDInter,Tipiracil,,,,DDInter1816
Tipranavir,DRUG,DDInter,Tipranavir,,,,DDInter1817
Tirofiban,DRUG,DDInter,Tirofiban,,,,DDInter1818
Tisagenlecleucel,DRUG,DDInter,Tisagenlecleucel,,,,DDInter1819
Benzhydrocodone,DRUG,DDInter,Benzhydrocodone,,,,DDInter182
Tivozanib,DRUG,DDInter,Tivozanib,,,,DDInter1820
Tizanidine,DRUG,DDInter,Tizanidine,,,,DDInter1821
Tobramycin,DRUG,DDInter,Tobramycin,,,,DDInter1822
Tocainide,DRUG,DDInter,Tocainide,,,,DDInter1823
Tocilizumab,DRUG,DDInter,Tocilizumab,,,,DDInter1824
Tofacitinib,DRUG,DDInter,Tofacitinib,,,,DDInter1825
Tolazamide,DRUG,DDInter,Tolazamide,,,,DDInter1826
Tolazoline,DRUG,DDInter,Tolazoline,,,,DDInter1827
Tolbutamide,DRUG,DDInter,Tolbutamide,,,,DDInter1828
Tolcapone,DRUG,DDInter,Tolcapone,,,,DDInter1829
Benznidazole,DRUG,DDInter,Benznidazole,,,,DDInter183
Tolevamer,DRUG,DDInter,Tolevamer,,,,DDInter1830
Tolmetin,DRUG,DDInter,Tolmetin,,,,DDInter1831
Tolterodine,DRUG,DDInter,Tolterodine,,,,DDInter1832
Tolvaptan,DRUG,DDInter,Tolvaptan,,,,DDInter1833
Topiramate,DRUG,DDInter,Topiramate,,,,DDInter1834
Topotecan,DRUG,DDInter,Topotecan,,,,DDInter1835
Torasemide,DRUG,DDInter,Torasemide,,,,DDInter1836
Toremifene,DRUG,DDInter,Toremifene,,,,DDInter1837
Tositumomab,DRUG,DDInter,Tositumomab,,,,DDInter1838
Tositumomab (I-131),DRUG,DDInter,Tositumomab (I-131),,,,DDInter1839
Benzocaine (topical),DRUG,DDInter,Benzocaine (topical),,,,DDInter184
Trabectedin,DRUG,DDInter,Trabectedin,,,,DDInter1840
Tramadol,DRUG,DDInter,Tramadol,,,,DDInter1841
Trametinib,DRUG,DDInter,Trametinib,,,,DDInter1842
Trandolapril,DRUG,DDInter,Trandolapril,,,,DDInter1843
Tranexamic acid,DRUG,DDInter,Tranexamic acid,,,,DDInter1844
Tranylcypromine,DRUG,DDInter,Tranylcypromine,,,,DDInter1845
Trastuzumab,DRUG,DDInter,Trastuzumab,,,,DDInter1846
Trastuzumab deruxtecan,DRUG,DDInter,Trastuzumab deruxtecan,,,,DDInter1847
Trastuzumab emtansine,DRUG,DDInter,Trastuzumab emtansine,,,,DDInter1848
Travoprost,DRUG,DDInter,Travoprost,,,,DDInter1849
Benzonatate,DRUG,DDInter,Benzonatate,,,,DDInter185
Trazodone,DRUG,DDInter,Trazodone,,,,DDInter1851
Treprostinil,DRUG,DDInter,Treprostinil,,,,DDInter1852
Tretinoin,DRUG,DDInter,Tretinoin,,,,DDInter1853
Tretinoin (topical),DRUG,DDInter,Tretinoin (topical),,,,DDInter1854
Triamcinolone,DRUG,DDInter,Triamcinolone,,,,DDInter1855
Triamcinolone (nasal),DRUG,DDInter,Triamcinolone (nasal),,,,DDInter1856
Triamcinolone (ophthalmic),DRUG,DDInter,Triamcinolone (ophthalmic),,,,DDInter1857
Triamcinolone (topical),DRUG,DDInter,Triamcinolone (topical),,,,DDInter1858
Triamterene,DRUG,DDInter,Triamterene,,,,DDInter1859
Benzoyl peroxide (topical),DRUG,DDInter,Benzoyl peroxide (topical),,,,DDInter186
Triazolam,DRUG,DDInter,Triazolam,,,,DDInter1860
Trichlormethiazide,DRUG,DDInter,Trichlormethiazide,,,,DDInter1861
Trichophyton mentagrophytes,DRUG,DDInter,Trichophyton mentagrophytes,,,,DDInter1862
Triclabendazole,DRUG,DDInter,Triclabendazole,,,,DDInter1863
Triethylenetetramine,DRUG,DDInter,Triethylenetetramine,,,,DDInter1864
Trifarotene (topical),DRUG,DDInter,Trifarotene (topical),,,,DDInter1865
Trifluoperazine,DRUG,DDInter,Trifluoperazine,,,,DDInter1866
Triflupromazine,DRUG,DDInter,Triflupromazine,,,,DDInter1867
Trifluridine,DRUG,DDInter,Trifluridine,,,,DDInter1868
Triheptanoin,DRUG,DDInter,Triheptanoin,,,,DDInter1869
Benzphetamine,DRUG,DDInter,Benzphetamine,,,,DDInter187
Trihexyphenidyl,DRUG,DDInter,Trihexyphenidyl,,,,DDInter1870
Trimethadione,DRUG,DDInter,Trimethadione,,,,DDInter1871
Trimethaphan,DRUG,DDInter,Trimethaphan,,,,DDInter1872
Trimethobenzamide,DRUG,DDInter,Trimethobenzamide,,,,DDInter1873
Trimethoprim,DRUG,DDInter,Trimethoprim,,,,DDInter1874
Trimetrexate,DRUG,DDInter,Trimetrexate,,,,DDInter1875
Trimipramine,DRUG,DDInter,Trimipramine,,,,DDInter1876
Trioxsalen,DRUG,DDInter,Trioxsalen,,,,DDInter1877
Tripelennamine,DRUG,DDInter,Tripelennamine,,,,DDInter1878
Triprolidine,DRUG,DDInter,Triprolidine,,,,DDInter1879
Benzthiazide,DRUG,DDInter,Benzthiazide,,,,DDInter188
Triptorelin,DRUG,DDInter,Triptorelin,,,,DDInter1880
Troglitazone,DRUG,DDInter,Troglitazone,,,,DDInter1881
Troleandomycin,DRUG,DDInter,Troleandomycin,,,,DDInter1882
Tromethamine,DRUG,DDInter,Tromethamine,,,,DDInter1883
Tropicamide,DRUG,DDInter,Tropicamide,,,,DDInter1884
Tropicamide (ophthalmic),DRUG,DDInter,Tropicamide (ophthalmic),,,,DDInter1885
Trospium,DRUG,DDInter,Trospium,,,,DDInter1886
Trovafloxacin,DRUG,DDInter,Trovafloxacin,,,,DDInter1887
Tryptophan,DRUG,DDInter,Tryptophan,,,,DDInter1888
Tuberculin purified protein derivative,DRUG,DDInter,Tuberculin purified protein derivative,,,,DDInter1889
Benzylpenicillin,DRUG,DDInter,Benzylpenicillin,,,,DDInter189
Tubocurarine,DRUG,DDInter,Tubocurarine,,,,DDInter1890
Tucatinib,DRUG,DDInter,Tucatinib,,,,DDInter1891
Turmeric,DRUG,DDInter,Turmeric,,,,DDInter1892
Typhoid vaccine (inactivated),DRUG,DDInter,Typhoid vaccine (inactivated),,,,DDInter1893
Typhoid vaccine (live),DRUG,DDInter,Typhoid vaccine (live),,,,DDInter1894
Tyropanoic acid,DRUG,DDInter,Tyropanoic acid,,,,DDInter1895
Ubrogepant,DRUG,DDInter,Ubrogepant,,,,DDInter1896
Ulipristal,DRUG,DDInter,Ulipristal,,,,DDInter1897
Ulobetasol (topical),DRUG,DDInter,Ulobetasol (topical),,,,DDInter1898
Umeclidinium,DRUG,DDInter,Umeclidinium,,,,DDInter1899
Acetylcysteine,DRUG,DDInter,Acetylcysteine,,,,DDInter19
Benzylpenicillin (potassium),DRUG,DDInter,Benzylpenicillin (potassium),,,,DDInter190
Upadacitinib,DRUG,DDInter,Upadacitinib,,,,DDInter1901
Uracil mustard,DRUG,DDInter,Uracil mustard,,,,DDInter1902
Urea,DRUG,DDInter,Urea,,,,DDInter1903
Urofollitropin,DRUG,DDInter,Urofollitropin,,,,DDInter1904
Urokinase,DRUG,DDInter,Urokinase,,,,DDInter1905
Ursodeoxycholic acid,DRUG,DDInter,Ursodeoxycholic acid,,,,DDInter1906
Ustekinumab,DRUG,DDInter,Ustekinumab,,,,DDInter1907
Valaciclovir,DRUG,DDInter,Valaciclovir,,,,DDInter1908
Valbenazine,DRUG,DDInter,Valbenazine,,,,DDInter1909
Benzylpenicillin (sodium),DRUG,DDInter,Benzylpenicillin (sodium),,,,DDInter191
Valdecoxib,DRUG,DDInter,Valdecoxib,,,,DDInter1910
Valerian,DRUG,DDInter,Valerian,,,,DDInter1911
Valganciclovir,DRUG,DDInter,Valganciclovir,,,,DDInter1912
Valproic acid,DRUG,DDInter,Valproic acid,,,,DDInter1913
Valrubicin,DRUG,DDInter,Valrubicin,,,,DDInter1914
Valsartan,DRUG,DDInter,Valsartan,,,,DDInter1915
Vancomycin,DRUG,DDInter,Vancomycin,,,,DDInter1916
Vandetanib,DRUG,DDInter,Vandetanib,,,,DDInter1917
Vardenafil,DRUG,DDInter,Vardenafil,,,,DDInter1918
Varenicline,DRUG,DDInter,Varenicline,,,,DDInter1919
Bepridil,DRUG,DDInter,Bepridil,,,,DDInter192
Varicella Zoster Vaccine (Recombinant),DRUG,DDInter,Varicella Zoster Vaccine (Recombinant),,,,DDInter1920
Vasopressin,DRUG,DDInter,Vasopressin,,,,DDInter1921
Vecuronium,DRUG,DDInter,Vecuronium,,,,DDInter1922
Vedolizumab,DRUG,DDInter,Vedolizumab,,,,DDInter1923
Velpatasvir,DRUG,DDInter,Velpatasvir,,,,DDInter1924
Vemurafenib,DRUG,DDInter,Vemurafenib,,,,DDInter1925
Venetoclax,DRUG,DDInter,Venetoclax,,,,DDInter1926
Venlafaxine,DRUG,DDInter,Venlafaxine,,,,DDInter1927
Verapamil,DRUG,DDInter,Verapamil,,,,DDInter1928
Verteporfin,DRUG,DDInter,Verteporfin,,,,DDInter1929
Berotralstat,DRUG,DDInter,Berotralstat,,,,DDInter193
Vibegron,DRUG,DDInter,Vibegron,,,,DDInter1930
Vibrio cholerae CVD 103-HgR strain live antigen,DRUG,DDInter,Vibrio cholerae CVD 103-HgR strain live antigen,,,,DDInter1931
Vibrio cholerae CVD 103-HgR strain live antigen (live),DRUG,DDInter,Vibrio cholerae CVD 103-HgR strain live antigen (live),,,,DDInter1932
Vigabatrin,DRUG,DDInter,Vigabatrin,,,,DDInter1933
Vilanterol,DRUG,DDInter,Vilanterol,,,,DDInter1934
Vilazodone,DRUG,DDInter,Vilazodone,,,,DDInter1935
Vinblastine,DRUG,DDInter,Vinblastine,,,,DDInter1936
Vincristine,DRUG,DDInter,Vincristine,,,,DDInter1937
Vincristine (liposome),DRUG,DDInter,Vincristine (liposome),,,,DDInter1938
Vinorelbine,DRUG,DDInter,Vinorelbine,,,,DDInter1939
Beta carotene,DRUG,DDInter,Beta carotene,,,,DDInter194
Vismodegib,DRUG,DDInter,Vismodegib,,,,DDInter1940
Vitamin A,DRUG,DDInter,Vitamin A,,,,DDInter1941
Vitamin D,DRUG,DDInter,Vitamin D,,,,DDInter1942
Vitamin E,DRUG,DDInter,Vitamin E,,,,DDInter1943
Von Willebrand Factor Human,DRUG,DDInter,Von Willebrand Factor Human,,,,DDInter1944
Vorapaxar,DRUG,DDInter,Vorapaxar,,,,DDInter1945
Voriconazole,DRUG,DDInter,Voriconazole,,,,DDInter1946
Vorinostat,DRUG,DDInter,Vorinostat,,,,DDInter1947
Vortioxetine,DRUG,DDInter,Vortioxetine,,,,DDInter1948
Voxelotor,DRUG,DDInter,Voxelotor,,,,DDInter1949
Betamethasone,DRUG,DDInter,Betamethasone,,,,DDInter195
Voxilaprevir,DRUG,DDInter,Voxilaprevir,,,,DDInter1950
Warfarin,DRUG,DDInter,Warfarin,,,,DDInter1951
Xylometazoline (nasal),DRUG,DDInter,Xylometazoline (nasal),,,,DDInter1952
Yellow Fever Vaccine,DRUG,DDInter,Yellow Fever Vaccine,,,,DDInter1953
Yohimbine,DRUG,DDInter,Yohimbine,,,,DDInter1954
Zafirlukast,DRUG,DDInter,Zafirlukast,,,,DDInter1955
Zalcitabine,DRUG,DDInter,Zalcitabine,,,,DDInter1956
Zaleplon,DRUG,DDInter,Zaleplon,,,,DDInter1957
Zanamivir,DRUG,DDInter,Zanamivir,,,,DDInter1958
Zanubrutinib,DRUG,DDInter,Zanubrutinib,,,,DDInter1959
Betamethasone (topical),DRUG,DDInter,Betamethasone (topical),,,,DDInter196
Ziconotide,DRUG,DDInter,Ziconotide,,,,DDInter1960
Zidovudine,DRUG,DDInter,Zidovudine,,,,DDInter1961
Zileuton,DRUG,DDInter,Zileuton,,,,DDInter1962
Zinc acetate,DRUG,DDInter,Zinc acetate,,,,DDInter1963
Zinc chloride,DRUG,DDInter,Zinc chloride,,,,DDInter1964
Zinc gluconate,DRUG,DDInter,Zinc gluconate,,,,DDInter1965
Zinc sulfate,DRUG,DDInter,Zinc sulfate,,,,DDInter1966
Ziprasidone,DRUG,DDInter,Ziprasidone,,,,DDInter1967
Zoledronic acid,DRUG,DDInter,Zoledronic acid,,,,DDInter1968
Zolmitriptan,DRUG,DDInter,Zolmitriptan,,,,DDInter1969
Betaxolol,DRUG,DDInter,Betaxolol,,,,DDInter197
Zolpidem,DRUG,DDInter,Zolpidem,,,,DDInter1970
Zonisamide,DRUG,DDInter,Zonisamide,,,,DDInter1971
Zopiclone,DRUG,DDInter,Zopiclone,,,,DDInter1972
Betaxolol (ophthalmic),DRUG,DDInter,Betaxolol (ophthalmic),,,,DDInter198
Bethanechol,DRUG,DDInter,Bethanechol,,,,DDInter199
Abaloparatide,DRUG,DDInter,Abaloparatide,,,,DDInter2
Acetylsalicylic acid,DRUG,DDInter,Acetylsalicylic acid,,,,DDInter20
Betrixaban,DRUG,DDInter,Betrixaban,,,,DDInter200
Bevacizumab,DRUG,DDInter,Bevacizumab,,,,DDInter201
Bexarotene,DRUG,DDInter,Bexarotene,,,,DDInter202
Bexarotene (topical),DRUG,DDInter,Bexarotene (topical),,,,DDInter203
Bicalutamide,DRUG,DDInter,Bicalutamide,,,,DDInter204
Bictegravir,DRUG,DDInter,Bictegravir,,,,DDInter205
Bifidobacterium longum infantis,DRUG,DDInter,Bifidobacterium longum infantis,,,,DDInter206
Bimatoprost,DRUG,DDInter,Bimatoprost,,,,DDInter207
Acitretin,DRUG,DDInter,Acitretin,,,,DDInter21
Binimetinib,DRUG,DDInter,Binimetinib,,,,DDInter210
Biperiden,DRUG,DDInter,Biperiden,,,,DDInter211
Bisacodyl,DRUG,DDInter,Bisacodyl,,,,DDInter212
Bismuth subcitrate potassium,DRUG,DDInter,Bismuth subcitrate potassium,,,,DDInter213
Bismuth subgallate,DRUG,DDInter,Bismuth subgallate,,,,DDInter214
Bismuth subsalicylate,DRUG,DDInter,Bismuth subsalicylate,,,,DDInter215
Bisoprolol,DRUG,DDInter,Bisoprolol,,,,DDInter216
Bivalirudin,DRUG,DDInter,Bivalirudin,,,,DDInter217
Bleomycin,DRUG,DDInter,Bleomycin,,,,DDInter219
Aclidinium,DRUG,DDInter,Aclidinium,,,,DDInter22
Blinatumomab,DRUG,DDInter,Blinatumomab,,,,DDInter220
Boceprevir,DRUG,DDInter,Boceprevir,,,,DDInter221
Bortezomib,DRUG,DDInter,Bortezomib,,,,DDInter222
Bosentan,DRUG,DDInter,Bosentan,,,,DDInter223
Bosutinib,DRUG,DDInter,Bosutinib,,,,DDInter224
Botulinum toxin type A,DRUG,DDInter,Botulinum toxin type A,,,,DDInter225
Botulinum Toxin Type B,DRUG,DDInter,Botulinum Toxin Type B,,,,DDInter226
Bremelanotide,DRUG,DDInter,Bremelanotide,,,,DDInter227
Brentuximab vedotin,DRUG,DDInter,Brentuximab vedotin,,,,DDInter228
Bretylium,DRUG,DDInter,Bretylium,,,,DDInter229
Acrivastine,DRUG,DDInter,Acrivastine,,,,DDInter23
Brexanolone,DRUG,DDInter,Brexanolone,,,,DDInter230
Brexpiprazole,DRUG,DDInter,Brexpiprazole,,,,DDInter231
Brexucabtagene autoleucel,DRUG,DDInter,Brexucabtagene autoleucel,,,,DDInter232
Brigatinib,DRUG,DDInter,Brigatinib,,,,DDInter233
Brimonidine,DRUG,DDInter,Brimonidine,,,,DDInter234
Brimonidine (ophthalmic),DRUG,DDInter,Brimonidine (ophthalmic),,,,DDInter235
Brimonidine (topical),DRUG,DDInter,Brimonidine (topical),,,,DDInter236
Brinzolamide,DRUG,DDInter,Brinzolamide,,,,DDInter237
Brinzolamide (ophthalmic),DRUG,DDInter,Brinzolamide (ophthalmic),,,,DDInter238
Brivaracetam,DRUG,DDInter,Brivaracetam,,,,DDInter239
Activated charcoal,DRUG,DDInter,Activated charcoal,,,,DDInter24
Brodalumab,DRUG,DDInter,Brodalumab,,,,DDInter240
Bromfenac,DRUG,DDInter,Bromfenac,,,,DDInter241
Bromfenac (ophthalmic),DRUG,DDInter,Bromfenac (ophthalmic),,,,DDInter242
Bromocriptine,DRUG,DDInter,Bromocriptine,,,,DDInter243
Bromotheophylline,DRUG,DDInter,Bromotheophylline,,,,DDInter244
Brompheniramine,DRUG,DDInter,Brompheniramine,,,,DDInter245
Budesonide,DRUG,DDInter,Budesonide,,,,DDInter246
Budesonide (nasal),DRUG,DDInter,Budesonide (nasal),,,,DDInter247
Bumetanide,DRUG,DDInter,Bumetanide,,,,DDInter248
Bupivacaine,DRUG,DDInter,Bupivacaine,,,,DDInter249
Acyclovir,DRUG,DDInter,Acyclovir,,,,DDInter25
Bupivacaine (liposome),DRUG,DDInter,Bupivacaine (liposome),,,,DDInter250
Buprenorphine,DRUG,DDInter,Buprenorphine,,,,DDInter251
Bupropion,DRUG,DDInter,Bupropion,,,,DDInter252
Burosumab,DRUG,DDInter,Burosumab,,,,DDInter253
Buspirone,DRUG,DDInter,Buspirone,,,,DDInter254
Busulfan,DRUG,DDInter,Busulfan,,,,DDInter255
Butabarbital,DRUG,DDInter,Butabarbital,,,,DDInter256
Butalbital,DRUG,DDInter,Butalbital,,,,DDInter257
Butorphanol,DRUG,DDInter,Butorphanol,,,,DDInter258
Cabazitaxel,DRUG,DDInter,Cabazitaxel,,,,DDInter259
Acyclovir (topical),DRUG,DDInter,Acyclovir (topical),,,,DDInter26
Cabergoline,DRUG,DDInter,Cabergoline,,,,DDInter260
Cabotegravir,DRUG,DDInter,Cabotegravir,,,,DDInter261
Cabozantinib,DRUG,DDInter,Cabozantinib,,,,DDInter262
Caffeine,DRUG,DDInter,Caffeine,,,,DDInter263
Calaspargase pegol,DRUG,DDInter,Calaspargase pegol,,,,DDInter264
Calcifediol,DRUG,DDInter,Calcifediol,,,,DDInter265
Calcipotriol,DRUG,DDInter,Calcipotriol,,,,DDInter266
Calcipotriol (topical),DRUG,DDInter,Calcipotriol (topical),,,,DDInter267
Calcitriol,DRUG,DDInter,Calcitriol,,,,DDInter268
Calcitriol (topical),DRUG,DDInter,Calcitriol (topical),,,,DDInter269
Adalimumab,DRUG,DDInter,Adalimumab,,,,DDInter27
Calcium acetate,DRUG,DDInter,Calcium acetate,,,,DDInter270
Calcium carbonate,DRUG,DDInter,Calcium carbonate,,,,DDInter271
Calcium chloride,DRUG,DDInter,Calcium chloride,,,,DDInter272
Calcium citrate,DRUG,DDInter,Calcium citrate,,,,DDInter273
Calcium glubionate anhydrous,DRUG,DDInter,Calcium glubionate anhydrous,,,,DDInter274
Calcium glucoheptonate,DRUG,DDInter,Calcium glucoheptonate,,,,DDInter275
Calcium gluconate,DRUG,DDInter,Calcium gluconate,,,,DDInter276
Calcium glycerophosphate,DRUG,DDInter,Calcium glycerophosphate,,,,DDInter277
Calcium lactate,DRUG,DDInter,Calcium lactate,,,,DDInter278
Calcium Phosphate,DRUG,DDInter,Calcium Phosphate,,,,DDInter279
Adapalene,DRUG,DDInter,Adapalene,,,,DDInter28
Canagliflozin,DRUG,DDInter,Canagliflozin,,,,DDInter280
Canakinumab,DRUG,DDInter,Canakinumab,,,,DDInter281
Candida albicans,DRUG,DDInter,Candida albicans,,,,DDInter282
Cangrelor,DRUG,DDInter,Cangrelor,,,,DDInter283
Cannabidiol,DRUG,DDInter,Cannabidiol,,,,DDInter284
Capecitabine,DRUG,DDInter,Capecitabine,,,,DDInter285
Caplacizumab,DRUG,DDInter,Caplacizumab,,,,DDInter286
Capmatinib,DRUG,DDInter,Capmatinib,,,,DDInter287
Capreomycin,DRUG,DDInter,Capreomycin,,,,DDInter288
Capromab pendetide,DRUG,DDInter,Capromab pendetide,,,,DDInter289
Adapalene (topical),DRUG,DDInter,Adapalene (topical),,,,DDInter29
Capsicum,DRUG,DDInter,Capsicum,,,,DDInter291
Captopril,DRUG,DDInter,Captopril,,,,DDInter292
Carbamazepine,DRUG,DDInter,Carbamazepine,,,,DDInter293
Carbamoylcholine (ophthalmic),DRUG,DDInter,Carbamoylcholine (ophthalmic),,,,DDInter294
Carbenicillin,DRUG,DDInter,Carbenicillin,,,,DDInter295
Carbinoxamine,DRUG,DDInter,Carbinoxamine,,,,DDInter297
Carboplatin,DRUG,DDInter,Carboplatin,,,,DDInter298
Carfilzomib,DRUG,DDInter,Carfilzomib,,,,DDInter299
Abametapir (topical),DRUG,DDInter,Abametapir (topical),,,,DDInter3
Adefovir dipivoxil,DRUG,DDInter,Adefovir dipivoxil,,,,DDInter30
Cariprazine,DRUG,DDInter,Cariprazine,,,,DDInter300
Carisoprodol,DRUG,DDInter,Carisoprodol,,,,DDInter301
Carmustine,DRUG,DDInter,Carmustine,,,,DDInter302
Carteolol,DRUG,DDInter,Carteolol,,,,DDInter303
Carteolol (ophthalmic),DRUG,DDInter,Carteolol (ophthalmic),,,,DDInter304
Carvedilol,DRUG,DDInter,Carvedilol,,,,DDInter305
Caspofungin,DRUG,DDInter,Caspofungin,,,,DDInter306
Castor oil,DRUG,DDInter,Castor oil,,,,DDInter307
Cedazuridine,DRUG,DDInter,Cedazuridine,,,,DDInter308
Cefaclor,DRUG,DDInter,Cefaclor,,,,DDInter309
Adenosine,DRUG,DDInter,Adenosine,,,,DDInter31
Cefadroxil,DRUG,DDInter,Cefadroxil,,,,DDInter310
Cefalotin,DRUG,DDInter,Cefalotin,,,,DDInter311
Cefamandole,DRUG,DDInter,Cefamandole,,,,DDInter312
Cefapirin,DRUG,DDInter,Cefapirin,,,,DDInter313
Cefazolin,DRUG,DDInter,Cefazolin,,,,DDInter314
Cefdinir,DRUG,DDInter,Cefdinir,,,,DDInter315
Cefditoren,DRUG,DDInter,Cefditoren,,,,DDInter316
Cefepime,DRUG,DDInter,Cefepime,,,,DDInter317
Cefiderocol,DRUG,DDInter,Cefiderocol,,,,DDInter318
Cefixime,DRUG,DDInter,Cefixime,,,,DDInter319
Afatinib,DRUG,DDInter,Afatinib,,,,DDInter32
Cefmetazole,DRUG,DDInter,Cefmetazole,,,,DDInter320
Cefonicid,DRUG,DDInter,Cefonicid,,,,DDInter321
Cefoperazone,DRUG,DDInter,Cefoperazone,,,,DDInter322
Cefotaxime,DRUG,DDInter,Cefotaxime,,,,DDInter323
Cefotetan,DRUG,DDInter,Cefotetan,,,,DDInter324
Cefoxitin,DRUG,DDInter,Cefoxitin,,,,DDInter325
Cefpodoxime,DRUG,DDInter,Cefpodoxime,,,,DDInter326
Cefprozil,DRUG,DDInter,Cefprozil,,,,DDInter327
Cefradine,DRUG,DDInter,Cefradine,,,,DDInter328
Ceftaroline fosamil,DRUG,DDInter,Ceftaroline fosamil,,,,DDInter329
Aflibercept,DRUG,DDInter,Aflibercept,,,,DDInter33
Ceftazidime,DRUG,DDInter,Ceftazidime,,,,DDInter330
Ceftibuten,DRUG,DDInter,Ceftibuten,,,,DDInter331
Ceftizoxime,DRUG,DDInter,Ceftizoxime,,,,DDInter332
Ceftolozane,DRUG,DDInter,Ceftolozane,,,,DDInter333
Ceftriaxone,DRUG,DDInter,Ceftriaxone,,,,DDInter334
Cefuroxime,DRUG,DDInter,Cefuroxime,,,,DDInter335
Celecoxib,DRUG,DDInter,Celecoxib,,,,DDInter336
Cemiplimab,DRUG,DDInter,Cemiplimab,,,,DDInter337
Cenobamate,DRUG,DDInter,Cenobamate,,,,DDInter338
Cephalexin,DRUG,DDInter,Cephalexin,,,,DDInter339
Agalsidase beta,DRUG,DDInter,Agalsidase beta,,,,DDInter34
Ceritinib,DRUG,DDInter,Ceritinib,,,,DDInter340
Cerivastatin,DRUG,DDInter,Cerivastatin,,,,DDInter341
Certolizumab pegol,DRUG,DDInter,Certolizumab pegol,,,,DDInter342
Cetirizine,DRUG,DDInter,Cetirizine,,,,DDInter343
Cetuximab,DRUG,DDInter,Cetuximab,,,,DDInter344
Cetylpyridinium (topical),DRUG,DDInter,Cetylpyridinium (topical),,,,DDInter345
Cevimeline,DRUG,DDInter,Cevimeline,,,,DDInter346
Chamomile,DRUG,DDInter,Chamomile,,,,DDInter347
Chenodeoxycholic acid,DRUG,DDInter,Chenodeoxycholic acid,,,,DDInter348
Chloral hydrate,DRUG,DDInter,Chloral hydrate,,,,DDInter349
Albendazole,DRUG,DDInter,Albendazole,,,,DDInter35
Chlorambucil,DRUG,DDInter,Chlorambucil,,,,DDInter350
Chloramphenicol,DRUG,DDInter,Chloramphenicol,,,,DDInter351
Chloramphenicol (ophthalmic),DRUG,DDInter,Chloramphenicol (ophthalmic),,,,DDInter352
Chloramphenicol (otic),DRUG,DDInter,Chloramphenicol (otic),,,,DDInter353
Chlorcyclizine,DRUG,DDInter,Chlorcyclizine,,,,DDInter354
Chlordiazepoxide,DRUG,DDInter,Chlordiazepoxide,,,,DDInter355
Chlorhexidine,DRUG,DDInter,Chlorhexidine,,,,DDInter356
Chlormezanone,DRUG,DDInter,Chlormezanone,,,,DDInter357
Chloroprocaine,DRUG,DDInter,Chloroprocaine,,,,DDInter358
Chloroquine,DRUG,DDInter,Chloroquine,,,,DDInter359
Albiglutide,DRUG,DDInter,Albiglutide,,,,DDInter36
Chlorothiazide,DRUG,DDInter,Chlorothiazide,,,,DDInter360
Chlorphenesin,DRUG,DDInter,Chlorphenesin,,,,DDInter361
Chlorpheniramine,DRUG,DDInter,Chlorpheniramine,,,,DDInter362
Chlorpromazine,DRUG,DDInter,Chlorpromazine,,,,DDInter363
Chlorpropamide,DRUG,DDInter,Chlorpropamide,,,,DDInter364
Chlorthalidone,DRUG,DDInter,Chlorthalidone,,,,DDInter365
Chlorzoxazone,DRUG,DDInter,Chlorzoxazone,,,,DDInter366
Cholecalciferol,DRUG,DDInter,Cholecalciferol,,,,DDInter367
Cholestyramine,DRUG,DDInter,Cholestyramine,,,,DDInter368
Cholic Acid,DRUG,DDInter,Cholic Acid,,,,DDInter369
Alclometasone (topical),DRUG,DDInter,Alclometasone (topical),,,,DDInter37
Choline salicylate,DRUG,DDInter,Choline salicylate,,,,DDInter370
Chondroitin sulfate,DRUG,DDInter,Chondroitin sulfate,,,,DDInter371
Chorionic Gonadotropin (Human),DRUG,DDInter,Chorionic Gonadotropin (Human),,,,DDInter372
Chromic chloride,DRUG,DDInter,Chromic chloride,,,,DDInter373
Chromium picolinate,DRUG,DDInter,Chromium picolinate,,,,DDInter374
Ciclesonide,DRUG,DDInter,Ciclesonide,,,,DDInter375
Ciclesonide (nasal),DRUG,DDInter,Ciclesonide (nasal),,,,DDInter376
Ciclopirox,DRUG,DDInter,Ciclopirox,,,,DDInter377
Cidofovir,DRUG,DDInter,Cidofovir,,,,DDInter378
Cilostazol,DRUG,DDInter,Cilostazol,,,,DDInter379
Aldesleukin,DRUG,DDInter,Aldesleukin,,,,DDInter38
Cimetidine,DRUG,DDInter,Cimetidine,,,,DDInter380
Cinacalcet,DRUG,DDInter,Cinacalcet,,,,DDInter381
Cinchocaine (topical),DRUG,DDInter,Cinchocaine (topical),,,,DDInter382
Cinoxacin,DRUG,DDInter,Cinoxacin,,,,DDInter383
Ciprofloxacin,DRUG,DDInter,Ciprofloxacin,,,,DDInter384
Cisapride,DRUG,DDInter,Cisapride,,,,DDInter385
Cisatracurium,DRUG,DDInter,Cisatracurium,,,,DDInter386
Cisplatin,DRUG,DDInter,Cisplatin,,,,DDInter387
Citalopram,DRUG,DDInter,Citalopram,,,,DDInter388
Alectinib,DRUG,DDInter,Alectinib,,,,DDInter39
Citric acid,DRUG,DDInter,Citric acid,,,,DDInter390
Citrus bioflavonoids,DRUG,DDInter,Citrus bioflavonoids,,,,DDInter391
Cladribine,DRUG,DDInter,Cladribine,,,,DDInter392
Clarithromycin,DRUG,DDInter,Clarithromycin,,,,DDInter393
Clavulanic acid,DRUG,DDInter,Clavulanic acid,,,,DDInter394
Clemastine,DRUG,DDInter,Clemastine,,,,DDInter395
Clevidipine,DRUG,DDInter,Clevidipine,,,,DDInter396
Clidinium,DRUG,DDInter,Clidinium,,,,DDInter397
Clindamycin,DRUG,DDInter,Clindamycin,,,,DDInter398
Clindamycin (topical),DRUG,DDInter,Clindamycin (topical),,,,DDInter399
Abarelix,DRUG,DDInter,Abarelix,,,,DDInter4
Alefacept,DRUG,DDInter,Alefacept,,,,DDInter40
Clioquinol (topical),DRUG,DDInter,Clioquinol (topical),,,,DDInter400
Clobazam,DRUG,DDInter,Clobazam,,,,DDInter401
Clobetasol,DRUG,DDInter,Clobetasol,,,,DDInter402
Clobetasol (topical),DRUG,DDInter,Clobetasol (topical),,,,DDInter403
Clocortolone (topical),DRUG,DDInter,Clocortolone (topical),,,,DDInter404
Clofarabine,DRUG,DDInter,Clofarabine,,,,DDInter405
Clofazimine,DRUG,DDInter,Clofazimine,,,,DDInter406
Clofedanol,DRUG,DDInter,Clofedanol,,,,DDInter407
Clofibrate,DRUG,DDInter,Clofibrate,,,,DDInter408
Clomifene,DRUG,DDInter,Clomifene,,,,DDInter409
Alemtuzumab,DRUG,DDInter,Alemtuzumab,,,,DDInter41
Clomipramine,DRUG,DDInter,Clomipramine,,,,DDInter410
Clonazepam,DRUG,DDInter,Clonazepam,,,,DDInter411
Clonidine,DRUG,DDInter,Clonidine,,,,DDInter412
Clopidogrel,DRUG,DDInter,Clopidogrel,,,,DDInter413
Clorazepic acid,DRUG,DDInter,Clorazepic acid,,,,DDInter414
Clostridium tetani toxoid antigen (formaldehyde inactivated),DRUG,DDInter,Clostridium tetani toxoid antigen (formaldehyde inactivated),,,,DDInter415
Clotrimazole,DRUG,DDInter,Clotrimazole,,,,DDInter416
Clove,DRUG,DDInter,Clove,,,,DDInter417
Cloxacillin,DRUG,DDInter,Cloxacillin,,,,DDInter418
Clozapine,DRUG,DDInter,Clozapine,,,,DDInter419
Alendronic acid,DRUG,DDInter,Alendronic acid,,,,DDInter42
Coagulation Factor IX Human,DRUG,DDInter,Coagulation Factor IX Human,,,,DDInter420
Coagulation factor VIIa Recombinant Human,DRUG,DDInter,Coagulation factor VIIa Recombinant Human,,,,DDInter421
Coagulation factor X human,DRUG,DDInter,Coagulation factor X human,,,,DDInter422
Coal tar (topical),DRUG,DDInter,Coal tar (topical),,,,DDInter423
Cobicistat,DRUG,DDInter,Cobicistat,,,,DDInter424
Cobimetinib,DRUG,DDInter,Cobimetinib,,,,DDInter425
Cocaine (nasal),DRUG,DDInter,Cocaine (nasal),,,,DDInter426
Cocaine (topical),DRUG,DDInter,Cocaine (topical),,,,DDInter427
Coccidioides immitis spherule,DRUG,DDInter,Coccidioides immitis spherule,,,,DDInter428
Codeine,DRUG,DDInter,Codeine,,,,DDInter429
Alfentanil,DRUG,DDInter,Alfentanil,,,,DDInter43
Coenzyme M,DRUG,DDInter,Coenzyme M,,,,DDInter430
Colchicine,DRUG,DDInter,Colchicine,,,,DDInter431
Colesevelam,DRUG,DDInter,Colesevelam,,,,DDInter432
Colestipol,DRUG,DDInter,Colestipol,,,,DDInter433
Colistimethate,DRUG,DDInter,Colistimethate,,,,DDInter434
Collagenase clostridium histolyticum,DRUG,DDInter,Collagenase clostridium histolyticum,,,,DDInter435
Collagenase clostridium histolyticum (topical),DRUG,DDInter,Collagenase clostridium histolyticum (topical),,,,DDInter436
Conestat alfa,DRUG,DDInter,Conestat alfa,,,,DDInter437
Conivaptan,DRUG,DDInter,Conivaptan,,,,DDInter438
Conjugated estrogens,DRUG,DDInter,Conjugated estrogens,,,,DDInter439
Alfuzosin,DRUG,DDInter,Alfuzosin,,,,DDInter44
Conjugated estrogens (topical),DRUG,DDInter,Conjugated estrogens (topical),,,,DDInter440
Copanlisib,DRUG,DDInter,Copanlisib,,,,DDInter441
Copper gluconate,DRUG,DDInter,Copper gluconate,,,,DDInter442
Copper oxodotreotide Cu-64,DRUG,DDInter,Copper oxodotreotide Cu-64,,,,DDInter443
Corticotropin,DRUG,DDInter,Corticotropin,,,,DDInter445
Cranberry,DRUG,DDInter,Cranberry,,,,DDInter446
Creatine,DRUG,DDInter,Creatine,,,,DDInter447
Crizotinib,DRUG,DDInter,Crizotinib,,,,DDInter448
Cromoglicic acid,DRUG,DDInter,Cromoglicic acid,,,,DDInter449
Alimemazine,DRUG,DDInter,Alimemazine,,,,DDInter45
Cyanocobalamin,DRUG,DDInter,Cyanocobalamin,,,,DDInter451
Cyclandelate,DRUG,DDInter,Cyclandelate,,,,DDInter452
Cyclizine,DRUG,DDInter,Cyclizine,,,,DDInter453
Cyclobenzaprine,DRUG,DDInter,Cyclobenzaprine,,,,DDInter454
Cyclopentolate (ophthalmic),DRUG,DDInter,Cyclopentolate (ophthalmic),,,,DDInter455
Cyclophosphamide,DRUG,DDInter,Cyclophosphamide,,,,DDInter456
Cycloserine,DRUG,DDInter,Cycloserine,,,,DDInter457
Cyclosporine,DRUG,DDInter,Cyclosporine,,,,DDInter458
Cyproheptadine,DRUG,DDInter,Cyproheptadine,,,,DDInter459
Aliskiren,DRUG,DDInter,Aliskiren,,,,DDInter46
Cytarabine,DRUG,DDInter,Cytarabine,,,,DDInter460
Cytarabine (liposomal),DRUG,DDInter,Cytarabine (liposomal),,,,DDInter461
Dabrafenib,DRUG,DDInter,Dabrafenib,,,,DDInter462
Dacarbazine,DRUG,DDInter,Dacarbazine,,,,DDInter463
Daclatasvir,DRUG,DDInter,Daclatasvir,,,,DDInter464
Dacomitinib,DRUG,DDInter,Dacomitinib,,,,DDInter465
Dactinomycin,DRUG,DDInter,Dactinomycin,,,,DDInter466
Dalbavancin,DRUG,DDInter,Dalbavancin,,,,DDInter467
Dalfampridine,DRUG,DDInter,Dalfampridine,,,,DDInter468
Dalfopristin,DRUG,DDInter,Dalfopristin,,,,DDInter469
Alitretinoin (topical),DRUG,DDInter,Alitretinoin (topical),,,,DDInter47
Dalteparin,DRUG,DDInter,Dalteparin,,,,DDInter470
Danaparoid,DRUG,DDInter,Danaparoid,,,,DDInter471
Danazol,DRUG,DDInter,Danazol,,,,DDInter472
Dantrolene,DRUG,DDInter,Dantrolene,,,,DDInter473
Dapagliflozin,DRUG,DDInter,Dapagliflozin,,,,DDInter474
Dapsone,DRUG,DDInter,Dapsone,,,,DDInter475
Dapsone (topical),DRUG,DDInter,Dapsone (topical),,,,DDInter476
Daptomycin,DRUG,DDInter,Daptomycin,,,,DDInter477
Daratumumab,DRUG,DDInter,Daratumumab,,,,DDInter478
Darbepoetin alfa,DRUG,DDInter,Darbepoetin alfa,,,,DDInter479
Allopurinol,DRUG,DDInter,Allopurinol,,,,DDInter48
Darifenacin,DRUG,DDInter,Darifenacin,,,,DDInter480
Darolutamide,DRUG,DDInter,Darolutamide,,,,DDInter481
Darunavir,DRUG,DDInter,Darunavir,,,,DDInter482
Dasabuvir,DRUG,DDInter,Dasabuvir,,,,DDInter483
Dasatinib,DRUG,DDInter,Dasatinib,,,,DDInter484
Daunorubicin,DRUG,DDInter,Daunorubicin,,,,DDInter485
Daunorubicin (liposomal),DRUG,DDInter,Daunorubicin (liposomal),,,,DDInter486
Decitabine,DRUG,DDInter,Decitabine,,,,DDInter487
Deferasirox,DRUG,DDInter,Deferasirox,,,,DDInter488
Deferiprone,DRUG,DDInter,Deferiprone,,,,DDInter489
Almotriptan,DRUG,DDInter,Almotriptan,,,,DDInter49
Deferoxamine,DRUG,DDInter,Deferoxamine,,,,DDInter490
Defibrotide,DRUG,DDInter,Defibrotide,,,,DDInter491
Deflazacort,DRUG,DDInter,Deflazacort,,,,DDInter492
Degarelix,DRUG,DDInter,Degarelix,,,,DDInter493
Dehydrocholic acid,DRUG,DDInter,Dehydrocholic acid,,,,DDInter494
Delafloxacin,DRUG,DDInter,Delafloxacin,,,,DDInter495
Delavirdine,DRUG,DDInter,Delavirdine,,,,DDInter496
Demecarium (ophthalmic),DRUG,DDInter,Demecarium (ophthalmic),,,,DDInter497
Demeclocycline,DRUG,DDInter,Demeclocycline,,,,DDInter498
Denileukin diftitox,DRUG,DDInter,Denileukin diftitox,,,,DDInter499
Abatacept,DRUG,DDInter,Abatacept,,,,DDInter5
Aloe Vera Leaf,DRUG,DDInter,Aloe Vera Leaf,,,,DDInter50
Denosumab,DRUG,DDInter,Denosumab,,,,DDInter500
Deoxycholic acid,DRUG,DDInter,Deoxycholic acid,,,,DDInter501
Deserpidine,DRUG,DDInter,Deserpidine,,,,DDInter502
Desflurane,DRUG,DDInter,Desflurane,,,,DDInter503
Desipramine,DRUG,DDInter,Desipramine,,,,DDInter504
Desirudin,DRUG,DDInter,Desirudin,,,,DDInter505
Desloratadine,DRUG,DDInter,Desloratadine,,,,DDInter506
Desmopressin,DRUG,DDInter,Desmopressin,,,,DDInter507
Desogestrel,DRUG,DDInter,Desogestrel,,,,DDInter508
Desonide (topical),DRUG,DDInter,Desonide (topical),,,,DDInter509
Alogliptin,DRUG,DDInter,Alogliptin,,,,DDInter51
Desoximetasone (topical),DRUG,DDInter,Desoximetasone (topical),,,,DDInter510
Desvenlafaxine,DRUG,DDInter,Desvenlafaxine,,,,DDInter511
Deutetrabenazine,DRUG,DDInter,Deutetrabenazine,,,,DDInter512
Dexamethasone,DRUG,DDInter,Dexamethasone,,,,DDInter513
Dexamethasone (nasal),DRUG,DDInter,Dexamethasone (nasal),,,,DDInter514
Dexamethasone (ophthalmic),DRUG,DDInter,Dexamethasone (ophthalmic),,,,DDInter515
Dexamethasone (topical),DRUG,DDInter,Dexamethasone (topical),,,,DDInter516
Dexbrompheniramine,DRUG,DDInter,Dexbrompheniramine,,,,DDInter517
Dexfenfluramine,DRUG,DDInter,Dexfenfluramine,,,,DDInter518
Dexlansoprazole,DRUG,DDInter,Dexlansoprazole,,,,DDInter519
Alosetron,DRUG,DDInter,Alosetron,,,,DDInter52
Dexmedetomidine,DRUG,DDInter,Dexmedetomidine,,,,DDInter520
Dexmethylphenidate,DRUG,DDInter,Dexmethylphenidate,,,,DDInter521
Dexrazoxane,DRUG,DDInter,Dexrazoxane,,,,DDInter522
Dextran (-1),DRUG,DDInter,Dextran (-1),,,,DDInter523
Dextran (high molecular weight),DRUG,DDInter,Dextran (high molecular weight),,,,DDInter524
Dextran (low molecular weight),DRUG,DDInter,Dextran (low molecular weight),,,,DDInter525
Dextroamphetamine,DRUG,DDInter,Dextroamphetamine,,,,DDInter526
Dextromethorphan,DRUG,DDInter,Dextromethorphan,,,,DDInter527
Dextropropoxyphene,DRUG,DDInter,Dextropropoxyphene,,,,DDInter528
"Dextrose, unspecified form",DRUG,DDInter,"Dextrose, unspecified form",,,,DDInter529
Alpelisib,DRUG,DDInter,Alpelisib,,,,DDInter53
Dextrothyroxine,DRUG,DDInter,Dextrothyroxine,,,,DDInter530
Dezocine,DRUG,DDInter,Dezocine,,,,DDInter531
Diamorphine,DRUG,DDInter,Diamorphine,,,,DDInter532
Diatrizoate,DRUG,DDInter,Diatrizoate,,,,DDInter533
Diazepam,DRUG,DDInter,Diazepam,,,,DDInter534
Diazoxide,DRUG,DDInter,Diazoxide,,,,DDInter535
Dichloralphenazone,DRUG,DDInter,Dichloralphenazone,,,,DDInter536
Diclofenac,DRUG,DDInter,Diclofenac,,,,DDInter537
Diclofenac (ophthalmic),DRUG,DDInter,Diclofenac (ophthalmic),,,,DDInter538
Diclofenac (topical),DRUG,DDInter,Diclofenac (topical),,,,DDInter539
Alprazolam,DRUG,DDInter,Alprazolam,,,,DDInter54
Diclofenamide,DRUG,DDInter,Diclofenamide,,,,DDInter540
Dicloxacillin,DRUG,DDInter,Dicloxacillin,,,,DDInter541
Dicoumarol,DRUG,DDInter,Dicoumarol,,,,DDInter542
Dicyclomine,DRUG,DDInter,Dicyclomine,,,,DDInter543
Didanosine,DRUG,DDInter,Didanosine,,,,DDInter544
Dienestrol (topical),DRUG,DDInter,Dienestrol (topical),,,,DDInter545
Dienogest,DRUG,DDInter,Dienogest,,,,DDInter546
Diethylpropion,DRUG,DDInter,Diethylpropion,,,,DDInter547
Diethylstilbestrol,DRUG,DDInter,Diethylstilbestrol,,,,DDInter548
Difenoxin,DRUG,DDInter,Difenoxin,,,,DDInter549
Alprostadil,DRUG,DDInter,Alprostadil,,,,DDInter55
Diflorasone (topical),DRUG,DDInter,Diflorasone (topical),,,,DDInter550
Diflunisal,DRUG,DDInter,Diflunisal,,,,DDInter551
Difluprednate (ophthalmic),DRUG,DDInter,Difluprednate (ophthalmic),,,,DDInter552
Digitoxin,DRUG,DDInter,Digitoxin,,,,DDInter553
Digoxin,DRUG,DDInter,Digoxin,,,,DDInter554
Digoxin Immune Fab (Ovine),DRUG,DDInter,Digoxin Immune Fab (Ovine),,,,DDInter555
Dihydrocodeine,DRUG,DDInter,Dihydrocodeine,,,,DDInter556
Dihydroergotamine,DRUG,DDInter,Dihydroergotamine,,,,DDInter557
Dihydrotachysterol,DRUG,DDInter,Dihydrotachysterol,,,,DDInter558
Diiodohydroxyquinoline,DRUG,DDInter,Diiodohydroxyquinoline,,,,DDInter559
Alteplase,DRUG,DDInter,Alteplase,,,,DDInter56
Diltiazem,DRUG,DDInter,Diltiazem,,,,DDInter561
Dimenhydrinate,DRUG,DDInter,Dimenhydrinate,,,,DDInter562
Dimercaprol,DRUG,DDInter,Dimercaprol,,,,DDInter563
Dimethyl fumarate,DRUG,DDInter,Dimethyl fumarate,,,,DDInter564
Dinoprostone (topical),DRUG,DDInter,Dinoprostone (topical),,,,DDInter567
Dinutuximab,DRUG,DDInter,Dinutuximab,,,,DDInter568
Diphenhydramine,DRUG,DDInter,Diphenhydramine,,,,DDInter569
Altretamine,DRUG,DDInter,Altretamine,,,,DDInter57
Diphenhydramine (topical),DRUG,DDInter,Diphenhydramine (topical),,,,DDInter570
Diphenoxylate,DRUG,DDInter,Diphenoxylate,,,,DDInter571
Dipivefrin (ophthalmic),DRUG,DDInter,Dipivefrin (ophthalmic),,,,DDInter572
Dipyridamole,DRUG,DDInter,Dipyridamole,,,,DDInter573
Diroximel fumarate,DRUG,DDInter,Diroximel fumarate,,,,DDInter574
Disopyramide,DRUG,DDInter,Disopyramide,,,,DDInter575
Disulfiram,DRUG,DDInter,Disulfiram,,,,DDInter576
Dobutamine,DRUG,DDInter,Dobutamine,,,,DDInter577
Docetaxel,DRUG,DDInter,Docetaxel,,,,DDInter578
Docusate,DRUG,DDInter,Docusate,,,,DDInter579
Aluminum hydroxide,DRUG,DDInter,Aluminum hydroxide,,,,DDInter58
Dofetilide,DRUG,DDInter,Dofetilide,,,,DDInter580
Dolasetron,DRUG,DDInter,Dolasetron,,,,DDInter581
Dolutegravir,DRUG,DDInter,Dolutegravir,,,,DDInter582
Donepezil,DRUG,DDInter,Donepezil,,,,DDInter583
Dopamine,DRUG,DDInter,Dopamine,,,,DDInter584
Doravirine,DRUG,DDInter,Doravirine,,,,DDInter585
Doripenem,DRUG,DDInter,Doripenem,,,,DDInter586
Dornase alfa,DRUG,DDInter,Dornase alfa,,,,DDInter587
Dorzolamide (ophthalmic),DRUG,DDInter,Dorzolamide (ophthalmic),,,,DDInter588
Dotatate,DRUG,DDInter,Dotatate,,,,DDInter589
Alvimopan,DRUG,DDInter,Alvimopan,,,,DDInter59
Doxacurium,DRUG,DDInter,Doxacurium,,,,DDInter590
Doxapram,DRUG,DDInter,Doxapram,,,,DDInter591
Doxazosin,DRUG,DDInter,Doxazosin,,,,DDInter592
Doxepin,DRUG,DDInter,Doxepin,,,,DDInter593
Doxepin (topical),DRUG,DDInter,Doxepin (topical),,,,DDInter594
Doxercalciferol,DRUG,DDInter,Doxercalciferol,,,,DDInter595
Doxorubicin,DRUG,DDInter,Doxorubicin,,,,DDInter596
Doxorubicin (liposomal),DRUG,DDInter,Doxorubicin (liposomal),,,,DDInter597
Doxycycline,DRUG,DDInter,Doxycycline,,,,DDInter598
Doxycycline (topical),DRUG,DDInter,Doxycycline (topical),,,,DDInter599
Abciximab,DRUG,DDInter,Abciximab,,,,DDInter6
Amantadine,DRUG,DDInter,Amantadine,,,,DDInter60
Doxylamine,DRUG,DDInter,Doxylamine,,,,DDInter600
Dronabinol,DRUG,DDInter,Dronabinol,,,,DDInter601
Dronedarone,DRUG,DDInter,Dronedarone,,,,DDInter602
Droperidol,DRUG,DDInter,Droperidol,,,,DDInter603
Drospirenone,DRUG,DDInter,Drospirenone,,,,DDInter604
Drotrecogin alfa,DRUG,DDInter,Drotrecogin alfa,,,,DDInter605
Droxidopa,DRUG,DDInter,Droxidopa,,,,DDInter606
Dulaglutide,DRUG,DDInter,Dulaglutide,,,,DDInter607
Duloxetine,DRUG,DDInter,Duloxetine,,,,DDInter608
Dupilumab,DRUG,DDInter,Dupilumab,,,,DDInter609
Ambenonium,DRUG,DDInter,Ambenonium,,,,DDInter61
Durvalumab,DRUG,DDInter,Durvalumab,,,,DDInter610
Dutasteride,DRUG,DDInter,Dutasteride,,,,DDInter611
Duvelisib,DRUG,DDInter,Duvelisib,,,,DDInter612
Dyphylline,DRUG,DDInter,Dyphylline,,,,DDInter613
Echinacea,DRUG,DDInter,Echinacea,,,,DDInter614
Echothiophate (ophthalmic),DRUG,DDInter,Echothiophate (ophthalmic),,,,DDInter615
Econazole,DRUG,DDInter,Econazole,,,,DDInter616
Econazole (topical),DRUG,DDInter,Econazole (topical),,,,DDInter617
Eculizumab,DRUG,DDInter,Eculizumab,,,,DDInter618
Edetate calcium disodium anhydrous,DRUG,DDInter,Edetate calcium disodium anhydrous,,,,DDInter619
Ambrisentan,DRUG,DDInter,Ambrisentan,,,,DDInter62
Edetate disodium anhydrous,DRUG,DDInter,Edetate disodium anhydrous,,,,DDInter620
Edoxaban,DRUG,DDInter,Edoxaban,,,,DDInter621
Edrophonium,DRUG,DDInter,Edrophonium,,,,DDInter622
Efalizumab,DRUG,DDInter,Efalizumab,,,,DDInter623
Efavirenz,DRUG,DDInter,Efavirenz,,,,DDInter624
Elagolix,DRUG,DDInter,Elagolix,,,,DDInter625
Elbasvir,DRUG,DDInter,Elbasvir,,,,DDInter626
Eletriptan,DRUG,DDInter,Eletriptan,,,,DDInter627
Elexacaftor,DRUG,DDInter,Elexacaftor,,,,DDInter628
Eliglustat,DRUG,DDInter,Eliglustat,,,,DDInter629
Amcinonide,DRUG,DDInter,Amcinonide,,,,DDInter63
Elotuzumab,DRUG,DDInter,Elotuzumab,,,,DDInter630
Eltrombopag,DRUG,DDInter,Eltrombopag,,,,DDInter631
Eluxadoline,DRUG,DDInter,Eluxadoline,,,,DDInter632
Elvitegravir,DRUG,DDInter,Elvitegravir,,,,DDInter633
Emapalumab,DRUG,DDInter,Emapalumab,,,,DDInter634
Emicizumab,DRUG,DDInter,Emicizumab,,,,DDInter635
Empagliflozin,DRUG,DDInter,Empagliflozin,,,,DDInter636
Emtricitabine,DRUG,DDInter,Emtricitabine,,,,DDInter637
Enalapril,DRUG,DDInter,Enalapril,,,,DDInter638
Enasidenib,DRUG,DDInter,Enasidenib,,,,DDInter639
Amifampridine,DRUG,DDInter,Amifampridine,,,,DDInter64
Encorafenib,DRUG,DDInter,Encorafenib,,,,DDInter640
Enflurane,DRUG,DDInter,Enflurane,,,,DDInter641
Enfortumab vedotin,DRUG,DDInter,Enfortumab vedotin,,,,DDInter642
Enfuvirtide,DRUG,DDInter,Enfuvirtide,,,,DDInter643
Enoxacin,DRUG,DDInter,Enoxacin,,,,DDInter644
Enoxaparin,DRUG,DDInter,Enoxaparin,,,,DDInter645
Entacapone,DRUG,DDInter,Entacapone,,,,DDInter646
Entecavir,DRUG,DDInter,Entecavir,,,,DDInter647
Entrectinib,DRUG,DDInter,Entrectinib,,,,DDInter648
Enzalutamide,DRUG,DDInter,Enzalutamide,,,,DDInter649
Amifostine,DRUG,DDInter,Amifostine,,,,DDInter65
Ephedrine,DRUG,DDInter,Ephedrine,,,,DDInter650
Ephedrine (nasal),DRUG,DDInter,Ephedrine (nasal),,,,DDInter651
Epinephrine,DRUG,DDInter,Epinephrine,,,,DDInter652
Epinephrine (ophthalmic),DRUG,DDInter,Epinephrine (ophthalmic),,,,DDInter653
Epinephrine (topical),DRUG,DDInter,Epinephrine (topical),,,,DDInter654
Epirubicin,DRUG,DDInter,Epirubicin,,,,DDInter655
Eplerenone,DRUG,DDInter,Eplerenone,,,,DDInter656
Epoprostenol,DRUG,DDInter,Epoprostenol,,,,DDInter657
Eprosartan,DRUG,DDInter,Eprosartan,,,,DDInter658
Eptifibatide,DRUG,DDInter,Eptifibatide,,,,DDInter659
Amikacin,DRUG,DDInter,Amikacin,,,,DDInter66
Eravacycline,DRUG,DDInter,Eravacycline,,,,DDInter660
Erdafitinib,DRUG,DDInter,Erdafitinib,,,,DDInter661
Ergocalciferol,DRUG,DDInter,Ergocalciferol,,,,DDInter662
Ergoloid mesylate,DRUG,DDInter,Ergoloid mesylate,,,,DDInter663
Ergometrine,DRUG,DDInter,Ergometrine,,,,DDInter664
Ergotamine,DRUG,DDInter,Ergotamine,,,,DDInter665
Eribulin,DRUG,DDInter,Eribulin,,,,DDInter666
Erlotinib,DRUG,DDInter,Erlotinib,,,,DDInter667
Ertapenem,DRUG,DDInter,Ertapenem,,,,DDInter668
Ertugliflozin,DRUG,DDInter,Ertugliflozin,,,,DDInter669
Amikacin (liposome),DRUG,DDInter,Amikacin (liposome),,,,DDInter67
Erythromycin,DRUG,DDInter,Erythromycin,,,,DDInter670
Erythropoietin,DRUG,DDInter,Erythropoietin,,,,DDInter671
Escitalopram,DRUG,DDInter,Escitalopram,,,,DDInter672
Esketamine,DRUG,DDInter,Esketamine,,,,DDInter673
Eslicarbazepine,DRUG,DDInter,Eslicarbazepine,,,,DDInter674
Esmolol,DRUG,DDInter,Esmolol,,,,DDInter675
Esomeprazole,DRUG,DDInter,Esomeprazole,,,,DDInter676
Estazolam,DRUG,DDInter,Estazolam,,,,DDInter677
Esterified estrogens,DRUG,DDInter,Esterified estrogens,,,,DDInter678
Estradiol,DRUG,DDInter,Estradiol,,,,DDInter679
Amiloride,DRUG,DDInter,Amiloride,,,,DDInter68
Estradiol (topical),DRUG,DDInter,Estradiol (topical),,,,DDInter680
Estramustine,DRUG,DDInter,Estramustine,,,,DDInter681
Estrone,DRUG,DDInter,Estrone,,,,DDInter682
Estrone sulfate,DRUG,DDInter,Estrone sulfate,,,,DDInter683
Estrone sulfate (topical),DRUG,DDInter,Estrone sulfate (topical),,,,DDInter684
Eszopiclone,DRUG,DDInter,Eszopiclone,,,,DDInter685
Etacrynic acid,DRUG,DDInter,Etacrynic acid,,,,DDInter686
Etanercept,DRUG,DDInter,Etanercept,,,,DDInter687
Etelcalcetide,DRUG,DDInter,Etelcalcetide,,,,DDInter688
Ethambutol,DRUG,DDInter,Ethambutol,,,,DDInter689
Aminobenzoic acid,DRUG,DDInter,Aminobenzoic acid,,,,DDInter69
Ethanol,DRUG,DDInter,Ethanol,,,,DDInter690
Ethchlorvynol,DRUG,DDInter,Ethchlorvynol,,,,DDInter691
Ethinylestradiol,DRUG,DDInter,Ethinylestradiol,,,,DDInter692
Ethiodized oil,DRUG,DDInter,Ethiodized oil,,,,DDInter693
Ethionamide,DRUG,DDInter,Ethionamide,,,,DDInter694
Ethosuximide,DRUG,DDInter,Ethosuximide,,,,DDInter695
Ethotoin,DRUG,DDInter,Ethotoin,,,,DDInter696
Etidocaine,DRUG,DDInter,Etidocaine,,,,DDInter697
Etidronic acid,DRUG,DDInter,Etidronic acid,,,,DDInter698
Etodolac,DRUG,DDInter,Etodolac,,,,DDInter699
Abemaciclib,DRUG,DDInter,Abemaciclib,,,,DDInter7
Aminocaproic acid,DRUG,DDInter,Aminocaproic acid,,,,DDInter70
Etomidate,DRUG,DDInter,Etomidate,,,,DDInter700
Etonogestrel,DRUG,DDInter,Etonogestrel,,,,DDInter701
Etoposide,DRUG,DDInter,Etoposide,,,,DDInter702
Etravirine,DRUG,DDInter,Etravirine,,,,DDInter703
Everolimus,DRUG,DDInter,Everolimus,,,,DDInter704
Exemestane,DRUG,DDInter,Exemestane,,,,DDInter705
Exenatide,DRUG,DDInter,Exenatide,,,,DDInter706
Ezetimibe,DRUG,DDInter,Ezetimibe,,,,DDInter707
Ezogabine,DRUG,DDInter,Ezogabine,,,,DDInter708
Factor IX Complex (Human),DRUG,DDInter,Factor IX Complex (Human),,,,DDInter709
Aminoglutethimide,DRUG,DDInter,Aminoglutethimide,,,,DDInter71
Factor XIII (human),DRUG,DDInter,Factor XIII (human),,,,DDInter710
Famciclovir,DRUG,DDInter,Famciclovir,,,,DDInter711
Famotidine,DRUG,DDInter,Famotidine,,,,DDInter712
Febuxostat,DRUG,DDInter,Febuxostat,,,,DDInter713
Fedratinib,DRUG,DDInter,Fedratinib,,,,DDInter714
Felbamate,DRUG,DDInter,Felbamate,,,,DDInter715
Felodipine,DRUG,DDInter,Felodipine,,,,DDInter716
Fenfluramine,DRUG,DDInter,Fenfluramine,,,,DDInter717
Fenofibrate,DRUG,DDInter,Fenofibrate,,,,DDInter718
Fenofibric acid,DRUG,DDInter,Fenofibric acid,,,,DDInter719
Aminolevulinic acid,DRUG,DDInter,Aminolevulinic acid,,,,DDInter72
Fenoldopam,DRUG,DDInter,Fenoldopam,,,,DDInter720
Fenoprofen,DRUG,DDInter,Fenoprofen,,,,DDInter721
Fentanyl,DRUG,DDInter,Fentanyl,,,,DDInter722
Ferric carboxymaltose,DRUG,DDInter,Ferric carboxymaltose,,,,DDInter723
Ferric derisomaltose,DRUG,DDInter,Ferric derisomaltose,,,,DDInter724
Ferrous fumarate,DRUG,DDInter,Ferrous fumarate,,,,DDInter725
Ferrous gluconate,DRUG,DDInter,Ferrous gluconate,,,,DDInter726
Ferrous sulfate anhydrous,DRUG,DDInter,Ferrous sulfate anhydrous,,,,DDInter727
Ferumoxides,DRUG,DDInter,Ferumoxides,,,,DDInter728
Ferumoxsil,DRUG,DDInter,Ferumoxsil,,,,DDInter729
Aminolevulinic acid (topical),DRUG,DDInter,Aminolevulinic acid (topical),,,,DDInter73
Ferumoxytol,DRUG,DDInter,Ferumoxytol,,,,DDInter730
Fesoterodine,DRUG,DDInter,Fesoterodine,,,,DDInter731
Fexofenadine,DRUG,DDInter,Fexofenadine,,,,DDInter732
Fibrinogen human,DRUG,DDInter,Fibrinogen human,,,,DDInter733
Fidaxomicin,DRUG,DDInter,Fidaxomicin,,,,DDInter734
Filgrastim,DRUG,DDInter,Filgrastim,,,,DDInter735
Finasteride,DRUG,DDInter,Finasteride,,,,DDInter736
Fingolimod,DRUG,DDInter,Fingolimod,,,,DDInter737
Flavoxate,DRUG,DDInter,Flavoxate,,,,DDInter738
Flax seed,DRUG,DDInter,Flax seed,,,,DDInter739
Aminophylline,DRUG,DDInter,Aminophylline,,,,DDInter74
Flecainide,DRUG,DDInter,Flecainide,,,,DDInter740
Flibanserin,DRUG,DDInter,Flibanserin,,,,DDInter741
Floxuridine,DRUG,DDInter,Floxuridine,,,,DDInter742
Fluconazole,DRUG,DDInter,Fluconazole,,,,DDInter743
Flucytosine,DRUG,DDInter,Flucytosine,,,,DDInter744
Fludarabine,DRUG,DDInter,Fludarabine,,,,DDInter745
Fludeoxyglucose (18F),DRUG,DDInter,Fludeoxyglucose (18F),,,,DDInter746
Fludrocortisone,DRUG,DDInter,Fludrocortisone,,,,DDInter747
Flumazenil,DRUG,DDInter,Flumazenil,,,,DDInter748
Flunisolide,DRUG,DDInter,Flunisolide,,,,DDInter749
Aminosalicylic acid,DRUG,DDInter,Aminosalicylic acid,,,,DDInter75
Flunisolide (nasal),DRUG,DDInter,Flunisolide (nasal),,,,DDInter750
Fluocinolone acetonide,DRUG,DDInter,Fluocinolone acetonide,,,,DDInter751
Fluocinonide,DRUG,DDInter,Fluocinonide,,,,DDInter752
Fluocinonide (topical),DRUG,DDInter,Fluocinonide (topical),,,,DDInter753
Fluorometholone,DRUG,DDInter,Fluorometholone,,,,DDInter755
Fluorometholone (ophthalmic),DRUG,DDInter,Fluorometholone (ophthalmic),,,,DDInter756
Fluorouracil,DRUG,DDInter,Fluorouracil,,,,DDInter757
Fluoxetine,DRUG,DDInter,Fluoxetine,,,,DDInter758
Fluoxymesterone,DRUG,DDInter,Fluoxymesterone,,,,DDInter759
Amiodarone,DRUG,DDInter,Amiodarone,,,,DDInter76
Fluphenazine,DRUG,DDInter,Fluphenazine,,,,DDInter760
Flurandrenolide (topical),DRUG,DDInter,Flurandrenolide (topical),,,,DDInter761
Flurazepam,DRUG,DDInter,Flurazepam,,,,DDInter762
Flurbiprofen,DRUG,DDInter,Flurbiprofen,,,,DDInter763
Flurbiprofen (ophthalmic),DRUG,DDInter,Flurbiprofen (ophthalmic),,,,DDInter764
Flutamide,DRUG,DDInter,Flutamide,,,,DDInter765
Fluticasone,DRUG,DDInter,Fluticasone,,,,DDInter766
Fluticasone (nasal),DRUG,DDInter,Fluticasone (nasal),,,,DDInter767
Fluticasone (topical),DRUG,DDInter,Fluticasone (topical),,,,DDInter768
Fluvastatin,DRUG,DDInter,Fluvastatin,,,,DDInter769
Amisulpride,DRUG,DDInter,Amisulpride,,,,DDInter77
Fluvoxamine,DRUG,DDInter,Fluvoxamine,,,,DDInter770
Folic acid,DRUG,DDInter,Folic acid,,,,DDInter771
Follitropin,DRUG,DDInter,Follitropin,,,,DDInter772
Fomepizole,DRUG,DDInter,Fomepizole,,,,DDInter773
Fondaparinux,DRUG,DDInter,Fondaparinux,,,,DDInter775
Formoterol,DRUG,DDInter,Formoterol,,,,DDInter776
Fosamprenavir,DRUG,DDInter,Fosamprenavir,,,,DDInter777
Fosaprepitant,DRUG,DDInter,Fosaprepitant,,,,DDInter778
Foscarnet,DRUG,DDInter,Foscarnet,,,,DDInter779
Amitriptyline,DRUG,DDInter,Amitriptyline,,,,DDInter78
Fosfomycin,DRUG,DDInter,Fosfomycin,,,,DDInter780
Fosinopril,DRUG,DDInter,Fosinopril,,,,DDInter781
Fosnetupitant,DRUG,DDInter,Fosnetupitant,,,,DDInter782
Fosphenytoin,DRUG,DDInter,Fosphenytoin,,,,DDInter783
Fospropofol,DRUG,DDInter,Fospropofol,,,,DDInter784
Fostamatinib,DRUG,DDInter,Fostamatinib,,,,DDInter785
Fostemsavir,DRUG,DDInter,Fostemsavir,,,,DDInter786
Frangula purshiana bark,DRUG,DDInter,Frangula purshiana bark,,,,DDInter787
Frovatriptan,DRUG,DDInter,Frovatriptan,,,,DDInter788
Fulvestrant,DRUG,DDInter,Fulvestrant,,,,DDInter789
Amlodipine,DRUG,DDInter,Amlodipine,,,,DDInter79
Furosemide,DRUG,DDInter,Furosemide,,,,DDInter790
Gabapentin,DRUG,DDInter,Gabapentin,,,,DDInter791
Gadobenic acid,DRUG,DDInter,Gadobenic acid,,,,DDInter792
Gadobutrol,DRUG,DDInter,Gadobutrol,,,,DDInter793
Gadodiamide,DRUG,DDInter,Gadodiamide,,,,DDInter794
Gadofosveset trisodium,DRUG,DDInter,Gadofosveset trisodium,,,,DDInter795
Gadopentetic acid,DRUG,DDInter,Gadopentetic acid,,,,DDInter796
Gadoteric acid,DRUG,DDInter,Gadoteric acid,,,,DDInter797
Gadoteridol,DRUG,DDInter,Gadoteridol,,,,DDInter798
Gadoversetamide,DRUG,DDInter,Gadoversetamide,,,,DDInter799
Abiraterone,DRUG,DDInter,Abiraterone,,,,DDInter8
Ammonium chloride,DRUG,DDInter,Ammonium chloride,,,,DDInter80
Gadoxetic acid,DRUG,DDInter,Gadoxetic acid,,,,DDInter800
Galactose,DRUG,DDInter,Galactose,,,,DDInter801
Galantamine,DRUG,DDInter,Galantamine,,,,DDInter802
Gallium chloride Ga-67,DRUG,DDInter,Gallium chloride Ga-67,,,,DDInter803
Gallium nitrate,DRUG,DDInter,Gallium nitrate,,,,DDInter804
gamma-Aminobutyric acid,DRUG,DDInter,gamma-Aminobutyric acid,,,,DDInter805
Ganciclovir,DRUG,DDInter,Ganciclovir,,,,DDInter806
Ganirelix,DRUG,DDInter,Ganirelix,,,,DDInter807
Garlic,DRUG,DDInter,Garlic,,,,DDInter808
Gatifloxacin,DRUG,DDInter,Gatifloxacin,,,,DDInter809
Amobarbital,DRUG,DDInter,Amobarbital,,,,DDInter81
Gefitinib,DRUG,DDInter,Gefitinib,,,,DDInter810
Gemcitabine,DRUG,DDInter,Gemcitabine,,,,DDInter811
Gemfibrozil,DRUG,DDInter,Gemfibrozil,,,,DDInter812
Gemifloxacin,DRUG,DDInter,Gemifloxacin,,,,DDInter813
Gemtuzumab ozogamicin,DRUG,DDInter,Gemtuzumab ozogamicin,,,,DDInter814
Gentamicin,DRUG,DDInter,Gentamicin,,,,DDInter815
Gentamicin (topical),DRUG,DDInter,Gentamicin (topical),,,,DDInter816
Gilteritinib,DRUG,DDInter,Gilteritinib,,,,DDInter817
Ginger,DRUG,DDInter,Ginger,,,,DDInter818
Ginkgo biloba,DRUG,DDInter,Ginkgo biloba,,,,DDInter819
Amoxapine,DRUG,DDInter,Amoxapine,,,,DDInter82
Ginseng,DRUG,DDInter,Ginseng,,,,DDInter820
Givosiran,DRUG,DDInter,Givosiran,,,,DDInter821
Glasdegib,DRUG,DDInter,Glasdegib,,,,DDInter822
Glatiramer,DRUG,DDInter,Glatiramer,,,,DDInter823
Glecaprevir,DRUG,DDInter,Glecaprevir,,,,DDInter824
Glimepiride,DRUG,DDInter,Glimepiride,,,,DDInter825
Glipizide,DRUG,DDInter,Glipizide,,,,DDInter826
Glucagon,DRUG,DDInter,Glucagon,,,,DDInter827
Glucarpidase,DRUG,DDInter,Glucarpidase,,,,DDInter828
Glucosamine,DRUG,DDInter,Glucosamine,,,,DDInter829
Amoxicillin,DRUG,DDInter,Amoxicillin,,,,DDInter83
Glutamic acid,DRUG,DDInter,Glutamic acid,,,,DDInter830
Glyburide,DRUG,DDInter,Glyburide,,,,DDInter831
Glycerin,DRUG,DDInter,Glycerin,,,,DDInter832
Glycerol phenylbutyrate,DRUG,DDInter,Glycerol phenylbutyrate,,,,DDInter833
Glycopyrronium,DRUG,DDInter,Glycopyrronium,,,,DDInter834
Glycopyrronium (topical),DRUG,DDInter,Glycopyrronium (topical),,,,DDInter835
Goldenseal,DRUG,DDInter,Goldenseal,,,,DDInter836
Golimumab,DRUG,DDInter,Golimumab,,,,DDInter837
Gonadorelin,DRUG,DDInter,Gonadorelin,,,,DDInter838
Goserelin,DRUG,DDInter,Goserelin,,,,DDInter839
Amphetamine,DRUG,DDInter,Amphetamine,,,,DDInter84
Granisetron,DRUG,DDInter,Granisetron,,,,DDInter840
Grazoprevir,DRUG,DDInter,Grazoprevir,,,,DDInter841
Grepafloxacin,DRUG,DDInter,Grepafloxacin,,,,DDInter842
Griseofulvin,DRUG,DDInter,Griseofulvin,,,,DDInter843
Guanabenz,DRUG,DDInter,Guanabenz,,,,DDInter844
Guanadrel,DRUG,DDInter,Guanadrel,,,,DDInter845
Guanethidine,DRUG,DDInter,Guanethidine,,,,DDInter846
Guanfacine,DRUG,DDInter,Guanfacine,,,,DDInter847
Guanidine,DRUG,DDInter,Guanidine,,,,DDInter848
Guselkumab,DRUG,DDInter,Guselkumab,,,,DDInter849
Amphotericin B,DRUG,DDInter,Amphotericin B,,,,DDInter85
Halazepam,DRUG,DDInter,Halazepam,,,,DDInter850
Halcinonide (topical),DRUG,DDInter,Halcinonide (topical),,,,DDInter851
Halofantrine,DRUG,DDInter,Halofantrine,,,,DDInter852
Haloperidol,DRUG,DDInter,Haloperidol,,,,DDInter853
Halothane,DRUG,DDInter,Halothane,,,,DDInter854
Hemin,DRUG,DDInter,Hemin,,,,DDInter855
Heparin,DRUG,DDInter,Heparin,,,,DDInter856
Heparin (flush),DRUG,DDInter,Heparin (flush),,,,DDInter857
Hepatitis A Vaccine,DRUG,DDInter,Hepatitis A Vaccine,,,,DDInter858
Amphotericin B (cholesteryl sulfate),DRUG,DDInter,Amphotericin B (cholesteryl sulfate),,,,DDInter86
Hepatitis B Vaccine (Recombinant),DRUG,DDInter,Hepatitis B Vaccine (Recombinant),,,,DDInter860
Hexachlorophene (topical),DRUG,DDInter,Hexachlorophene (topical),,,,DDInter861
Hexaminolevulinate,DRUG,DDInter,Hexaminolevulinate,,,,DDInter862
Histamine,DRUG,DDInter,Histamine,,,,DDInter863
Histrelin,DRUG,DDInter,Histrelin,,,,DDInter864
Homatropine,DRUG,DDInter,Homatropine,,,,DDInter865
Homatropine (ophthalmic),DRUG,DDInter,Homatropine (ophthalmic),,,,DDInter866
Human adenovirus e serotype 4 strain cl-68578 antigen,DRUG,DDInter,Human adenovirus e serotype 4 strain cl-68578 antigen,,,,DDInter867
Human botulinum neurotoxin A/B immune globulin,DRUG,DDInter,Human botulinum neurotoxin A/B immune globulin,,,,DDInter868
Human C1-esterase inhibitor,DRUG,DDInter,Human C1-esterase inhibitor,,,,DDInter869
Amphotericin B (lipid complex),DRUG,DDInter,Amphotericin B (lipid complex),,,,DDInter87
Human cytomegalovirus immune globulin,DRUG,DDInter,Human cytomegalovirus immune globulin,,,,DDInter870
Human immunoglobulin G (intramuscular),DRUG,DDInter,Human immunoglobulin G (intramuscular),,,,DDInter871
Human immunoglobulin G (intravenous and subcutaneous),DRUG,DDInter,Human immunoglobulin G (intravenous and subcutaneous),,,,DDInter872
Human immunoglobulin G (intravenous),DRUG,DDInter,Human immunoglobulin G (intravenous),,,,DDInter873
Human immunoglobulin G (subcutaneous),DRUG,DDInter,Human immunoglobulin G (subcutaneous),,,,DDInter874
Human papillomavirus type 11 L1 capsid protein antigen,DRUG,DDInter,Human papillomavirus type 11 L1 capsid protein antigen,,,,DDInter875
Human Rho(D) immune globulin,DRUG,DDInter,Human Rho(D) immune globulin,,,,DDInter877
Amphotericin B (liposomal),DRUG,DDInter,Amphotericin B (liposomal),,,,DDInter88
Hyaluronic acid,DRUG,DDInter,Hyaluronic acid,,,,DDInter880
Hyaluronidase,DRUG,DDInter,Hyaluronidase,,,,DDInter881
Hydralazine,DRUG,DDInter,Hydralazine,,,,DDInter882
Hydrochlorothiazide,DRUG,DDInter,Hydrochlorothiazide,,,,DDInter883
Hydrocodone,DRUG,DDInter,Hydrocodone,,,,DDInter884
Hydrocortisone,DRUG,DDInter,Hydrocortisone,,,,DDInter885
Hydrocortisone (ophthalmic),DRUG,DDInter,Hydrocortisone (ophthalmic),,,,DDInter886
Hydrocortisone (topical),DRUG,DDInter,Hydrocortisone (topical),,,,DDInter887
Hydrocortisone butyrate,DRUG,DDInter,Hydrocortisone butyrate,,,,DDInter888
Hydroflumethiazide,DRUG,DDInter,Hydroflumethiazide,,,,DDInter889
Ampicillin,DRUG,DDInter,Ampicillin,,,,DDInter89
Hydromorphone,DRUG,DDInter,Hydromorphone,,,,DDInter890
Hydroxocobalamin,DRUG,DDInter,Hydroxocobalamin,,,,DDInter891
Hydroxyamphetamine (ophthalmic),DRUG,DDInter,Hydroxyamphetamine (ophthalmic),,,,DDInter892
Hydroxychloroquine,DRUG,DDInter,Hydroxychloroquine,,,,DDInter893
Hydroxyurea,DRUG,DDInter,Hydroxyurea,,,,DDInter894
Hydroxyzine,DRUG,DDInter,Hydroxyzine,,,,DDInter895
Hyoscyamine,DRUG,DDInter,Hyoscyamine,,,,DDInter896
Ibandronate,DRUG,DDInter,Ibandronate,,,,DDInter897
Ibritumomab tiuxetan,DRUG,DDInter,Ibritumomab tiuxetan,,,,DDInter898
Ibrutinib,DRUG,DDInter,Ibrutinib,,,,DDInter899
Acalabrutinib,DRUG,DDInter,Acalabrutinib,,,,DDInter9
Amprenavir,DRUG,DDInter,Amprenavir,,,,DDInter90
Ibuprofen,DRUG,DDInter,Ibuprofen,,,,DDInter900
Ibutilide,DRUG,DDInter,Ibutilide,,,,DDInter901
Icatibant,DRUG,DDInter,Icatibant,,,,DDInter902
Icosapent,DRUG,DDInter,Icosapent,,,,DDInter903
Idarubicin,DRUG,DDInter,Idarubicin,,,,DDInter904
Idelalisib,DRUG,DDInter,Idelalisib,,,,DDInter905
Ifosfamide,DRUG,DDInter,Ifosfamide,,,,DDInter906
Iloperidone,DRUG,DDInter,Iloperidone,,,,DDInter907
Iloprost,DRUG,DDInter,Iloprost,,,,DDInter908
Imatinib,DRUG,DDInter,Imatinib,,,,DDInter909
Amrinone,DRUG,DDInter,Amrinone,,,,DDInter91
Imiglucerase,DRUG,DDInter,Imiglucerase,,,,DDInter910
Imipenem,DRUG,DDInter,Imipenem,,,,DDInter911
Imipramine,DRUG,DDInter,Imipramine,,,,DDInter912
Imiquimod,DRUG,DDInter,Imiquimod,,,,DDInter913
Imiquimod (topical),DRUG,DDInter,Imiquimod (topical),,,,DDInter914
Indacaterol,DRUG,DDInter,Indacaterol,,,,DDInter915
Indapamide,DRUG,DDInter,Indapamide,,,,DDInter916
Indinavir,DRUG,DDInter,Indinavir,,,,DDInter917
Indium In-111 oxyquinoline,DRUG,DDInter,Indium In-111 oxyquinoline,,,,DDInter918
Indium In-111 pentetate,DRUG,DDInter,Indium In-111 pentetate,,,,DDInter919
Amyl Nitrite,DRUG,DDInter,Amyl Nitrite,,,,DDInter92
Indium In-111 pentetreotide,DRUG,DDInter,Indium In-111 pentetreotide,,,,DDInter920
Indomethacin,DRUG,DDInter,Indomethacin,,,,DDInter921
Inebilizumab,DRUG,DDInter,Inebilizumab,,,,DDInter922
Infliximab,DRUG,DDInter,Infliximab,,,,DDInter923
Influenza A virus A/California/7/2009 (H1N1)-like antigen (propiolactone inactivated),DRUG,DDInter,Influenza A virus A/California/7/2009 (H1N1)-like antigen (propiolactone inactivated),,,,DDInter924
Influenza A virus A/Vietnam/1194/2004 (H5N1) antigen (formaldehyde inactivated),DRUG,DDInter,Influenza A virus A/Vietnam/1194/2004 (H5N1) antigen (formaldehyde inactivated),,,,DDInter925
Inotersen,DRUG,DDInter,Inotersen,,,,DDInter926
Inotuzumab ozogamicin,DRUG,DDInter,Inotuzumab ozogamicin,,,,DDInter927
Insulin aspart (aspart protamine),DRUG,DDInter,Insulin aspart (aspart protamine),,,,DDInter928
Insulin aspart (aspart),DRUG,DDInter,Insulin aspart (aspart),,,,DDInter929
Anagrelide,DRUG,DDInter,Anagrelide,,,,DDInter93
Insulin degludec,DRUG,DDInter,Insulin degludec,,,,DDInter930
Insulin detemir,DRUG,DDInter,Insulin detemir,,,,DDInter931
Insulin glargine,DRUG,DDInter,Insulin glargine,,,,DDInter932
Insulin glulisine,DRUG,DDInter,Insulin glulisine,,,,DDInter933
Insulin human,DRUG,DDInter,Insulin human,,,,DDInter934
"Insulin human (inhalation, rapid acting)",DRUG,DDInter,"Insulin human (inhalation, rapid acting)",,,,DDInter935
Insulin human (isophane),DRUG,DDInter,Insulin human (isophane),,,,DDInter936
Insulin human (regular),DRUG,DDInter,Insulin human (regular),,,,DDInter937
Insulin human (zinc extended),DRUG,DDInter,Insulin human (zinc extended),,,,DDInter938
Insulin human (zinc),DRUG,DDInter,Insulin human (zinc),,,,DDInter939
Anakinra,DRUG,DDInter,Anakinra,,,,DDInter94
Insulin lispro,DRUG,DDInter,Insulin lispro,,,,DDInter940
Insulin lispro (protamine),DRUG,DDInter,Insulin lispro (protamine),,,,DDInter941
"Interferon alfa-2a, Recombinant",DRUG,DDInter,"Interferon alfa-2a, Recombinant",,,,DDInter942
Interferon alfa-2b,DRUG,DDInter,Interferon alfa-2b,,,,DDInter943
Interferon alfa-n1,DRUG,DDInter,Interferon alfa-n1,,,,DDInter944
Interferon alfa-n3,DRUG,DDInter,Interferon alfa-n3,,,,DDInter945
Interferon alfacon-1,DRUG,DDInter,Interferon alfacon-1,,,,DDInter946
Interferon beta-1a,DRUG,DDInter,Interferon beta-1a,,,,DDInter947
Interferon beta-1b,DRUG,DDInter,Interferon beta-1b,,,,DDInter948
Interferon gamma-1b,DRUG,DDInter,Interferon gamma-1b,,,,DDInter949
Anastrozole,DRUG,DDInter,Anastrozole,,,,DDInter95
Inulin,DRUG,DDInter,Inulin,,,,DDInter950
Iobenguane (I-123),DRUG,DDInter,Iobenguane (I-123),,,,DDInter951
Iobenguane (I-131),DRUG,DDInter,Iobenguane (I-131),,,,DDInter952
Iodide I-123,DRUG,DDInter,Iodide I-123,,,,DDInter953
Iodide I-131,DRUG,DDInter,Iodide I-131,,,,DDInter954
Iodine,DRUG,DDInter,Iodine,,,,DDInter955
Iodine (topical),DRUG,DDInter,Iodine (topical),,,,DDInter956
Iodipamide,DRUG,DDInter,Iodipamide,,,,DDInter957
Iodixanol,DRUG,DDInter,Iodixanol,,,,DDInter958
Ioflupane I-123,DRUG,DDInter,Ioflupane I-123,,,,DDInter959
Iohexol,DRUG,DDInter,Iohexol,,,,DDInter960
Iopamidol,DRUG,DDInter,Iopamidol,,,,DDInter961
Iopanoic acid,DRUG,DDInter,Iopanoic acid,,,,DDInter962
Iopodic acid,DRUG,DDInter,Iopodic acid,,,,DDInter963
Iopromide,DRUG,DDInter,Iopromide,,,,DDInter964
Iothalamic acid,DRUG,DDInter,Iothalamic acid,,,,DDInter965
Ioversol,DRUG,DDInter,Ioversol,,,,DDInter966
Ioxilan,DRUG,DDInter,Ioxilan,,,,DDInter967
Ipecac,DRUG,DDInter,Ipecac,,,,DDInter968
Ipilimumab,DRUG,DDInter,Ipilimumab,,,,DDInter969
Anidulafungin,DRUG,DDInter,Anidulafungin,,,,DDInter97
Ipratropium,DRUG,DDInter,Ipratropium,,,,DDInter970
Ipratropium (nasal),DRUG,DDInter,Ipratropium (nasal),,,,DDInter971
Irbesartan,DRUG,DDInter,Irbesartan,,,,DDInter972
Irinotecan,DRUG,DDInter,Irinotecan,,,,DDInter973
Irinotecan (liposomal),DRUG,DDInter,Irinotecan (liposomal),,,,DDInter974
Iron,DRUG,DDInter,Iron,,,,DDInter975
Iron Dextran,DRUG,DDInter,Iron Dextran,,,,DDInter976
Iron protein succinylate,DRUG,DDInter,Iron protein succinylate,,,,DDInter977
Iron sucrose,DRUG,DDInter,Iron sucrose,,,,DDInter978
Isatuximab,DRUG,DDInter,Isatuximab,,,,DDInter979
Anisindione,DRUG,DDInter,Anisindione,,,,DDInter98
Isavuconazonium,DRUG,DDInter,Isavuconazonium,,,,DDInter980
Isocarboxazid,DRUG,DDInter,Isocarboxazid,,,,DDInter981
Isoetharine,DRUG,DDInter,Isoetharine,,,,DDInter982
Isoflurane,DRUG,DDInter,Isoflurane,,,,DDInter983
Isoflurophate (ophthalmic),DRUG,DDInter,Isoflurophate (ophthalmic),,,,DDInter984
Isometheptene,DRUG,DDInter,Isometheptene,,,,DDInter985
Isoniazid,DRUG,DDInter,Isoniazid,,,,DDInter986
Isoprenaline,DRUG,DDInter,Isoprenaline,,,,DDInter987
Isosorbide,DRUG,DDInter,Isosorbide,,,,DDInter988
Isosorbide dinitrate,DRUG,DDInter,Isosorbide dinitrate,,,,DDInter989
Anistreplase,DRUG,DDInter,Anistreplase,,,,DDInter99
Isosorbide mononitrate,DRUG,DDInter,Isosorbide mononitrate,,,,DDInter990
Isotretinoin,DRUG,DDInter,Isotretinoin,,,,DDInter991
Isoxsuprine,DRUG,DDInter,Isoxsuprine,,,,DDInter992
Isradipine,DRUG,DDInter,Isradipine,,,,DDInter993
Istradefylline,DRUG,DDInter,Istradefylline,,,,DDInter994
Itraconazole,DRUG,DDInter,Itraconazole,,,,DDInter995
Ivabradine,DRUG,DDInter,Ivabradine,,,,DDInter996
Ivacaftor,DRUG,DDInter,Ivacaftor,,,,DDInter997
Ivermectin,DRUG,DDInter,Ivermectin,,,,DDInter998
Ivermectin (topical),DRUG,DDInter,Ivermectin (topical),,,,DDInter999
