code,display
001,COLERA
001.0,COLERA DA VIBRIO CHOLERAE
001.1,COLERA DA VIBRIO CHOLERAE EL TOR
001.9,COLERA NON SPECIFICATO
002,FEBBRE TIFOIDE E PARATIFOIDE
002.0,FEBBRE TIFOIDE
002.1,PARATIFO A
002.2,PARATIFO B
002.3,PARATIFO C
002.9,PARATIFO NON SPECIFICATO
003,ALTRE INFEZIONI DA SALMONELLA
003.0,GASTROENTERITE DA SALMONELLA
003.1,SETTICEMIA DA SALMONELLA
003.2,INFEZIONI LOCALIZZATE DA SALMONELLA
003.20,"INFEZIONI LOCALIZZATE DA SALMONELLA,NON SPECIFICATE"
003.21,MENINGITE DA SALMONELLA
003.22,POLMONITE DA SALMONELLA
003.23,ARTRITE DA SALMONELLA
003.24,OSTEOMIELITE DA SALMONELLA
003.29,ALTRE INFEZIONI LOCALIZZATE DA SALMONELLA
003.8,ALTRE INFEZIONI SPECIFICHE DA SALMONELLA
003.9,INFEZIONI DA SALMONELLA NON SPECIFICATE
004,SHIGELLOSI
004.0,SHIGELLA DYSENTERIAE
004.1,SHIGELLA FLEXNERI
004.2,SHIGELLA BOYDII
004.3,SHIGELLA SONNEI
004.8,ALTRE INFEZIONI SPECIFICHE DA SHIGELLA
004.9,SHIGELLOSI NON SPECIFICATA
005,ALTRE INTOSSICAZIONI ALIMENTARI (BATTERICHE)
005.0,INTOSSICAZIONE ALIMENTARE DA STAFILOCOCCO
005.1,BOTULISMO
005.2,INTOSSICAZIONE ALIMENTARE DA CLOSTRIDIUM PERFRINGENS (C. WELCHII)
005.3,INTOSSICAZIONE ALIMENTARE DA ALTRI CLOSTRIDI
005.4,INTOSSICAZIONE ALIMENTARE DA VIBRIO PARAHAEMOLYTICUS
005.8,ALTRE INTOSSICAZIONI ALIMENTARI BATTERICHE
005.81,INTOSSICAZIONE ALIMENTARE DA VIBRIO VULNIFICUS
005.89,ALTRE INTOSSICAZIONI ALIMENTARI BATTERICHE
005.9,INTOSSICAZIONE ALIMENTARE NON SPECIFICATA
006,AMEBIASI
006.0,DISSENTERIA AMEBICA ACUTA SENZA MENZIONE DI ASCESSO
006.1,AMEBIASI INTESTINALE CRONICA SENZA MENZIONE DI ASCESSO
006.2,COLITE AMEBICA NON DISSENTERICA
006.3,ASCESSO AMEBICO DEL FEGATO
006.4,ASCESSO AMEBICO DEL POLMONE
006.5,ASCESSO AMEBICO DELL'ENCEFALO
006.6,ULCERA AMEBICA DELLA PELLE
006.8,INFEZIONE AMEBICA DI ALTRE SEDI
006.9,AMEBIASI NON SPECIFICATA
007,ALTRE MALATTIE INTESTINALI DA PROTOZOI
007.0,BALANTIDIASI
007.1,GIARDIASI
007.2,COCCIDIOSI
007.3,TRICOMONIASI INTESTINALE
007.4,CRIPTOSPORIDIOSI
007.5,CICLOSPORIASI
007.8,ALTRE MALATTIE INTESTINALI DA PROTOZOI
007.9,MALATTIA INTESTINALE NON SPECIFICATA DA PROTOZOI
008,INFEZIONI INTESTINALI DA ALTRI ORGANISMI
008.0,INFEZIONE INTESTINALE DA ESCHERICHIA COLI
008.00,INFEZIONE INTESTINALE DA ESCHERICHIA COLI NON SPECIFICATO
008.01,INFEZIONE INTESTINALE DA ESCHERICHIA COLI ENTEROPATOGENO
008.02,INFEZIONE INTESTINALE DA ESCHERICHIA COLI ENTEROTOSSICO
008.03,INFEZIONE INTESTINALE DA ESCHERICHIA COLI ENTEROINVASIOA
008.04,INFEZIONE INTESTINALE DA ESCHERICHIA COLI ENTEROEMORRAGICO
008.09,ALTRE INFEZIONI INTESTINALI DA ESCHERICHIA COLI
008.1,INFEZIONE INTESTINALE DA BACILLI PARACOLICI DEL GRUPPO ARIZONA
008.2,INFEZIONE INTESTINALE DA AEROBACTER AEROGENES
008.3,INFEZIONE INTESTINALE DA PROTEUS (MIRABILIS) (MORGANII)
008.4,INFEZIONE INTESTINALE DA ALTRI BATTERI SPECIFICATI
008.41,INFEZIONE INTESTINALE DA STAFILOCOCCO
008.42,INFEZIONE INTESTINALE DA PSEUDOMONAS
008.43,INFEZIONE INTESTINALE DA CAMPYLOBACTER
008.44,INFEZIONE INTESTINALE DA YERSINIA ENTEROCOLITICA
008.45,INFEZIONE INTESTINALE DA CLOSTRIDIUM DIFFICILE
008.46,INFEZIONE INTESTINALE DA ALTRI ANAEROBI
008.47,INFEZIONE INTESTINALE DA ALTRI BATTERI GRAM-NEGATIVI
008.49,INFEZIONE INTESTINALE DA ALTRI BATTERI SPECIFICATI
008.5,ENTERITE BATTERICA NON SPECIFICATA
008.6,ENTERITE DA VIRUS SPECIFICATI
008.61,ENTERITE DA ROTAVIRUS
008.62,ENTERITE DA ADENOVIRUS
008.63,ENTERITE DA NORWALK VIRUS
008.64,ENTERITE DA ALTRI SMALL ROUND VIRUS
008.65,ENTERITE DA CALICIVIRUS
008.66,ENTERITE DA ASTROVIRUS
008.67,ENTERITE DA ENTEROVIRUS NIA
008.69,ALTRE ENTERITI VIRALI
008.8,INFEZIONE INTESTINALE DA ALTRI ORGANISMI NON CLASSIFICATI ALTROVE
009,INFEZIONI INTESTINALI MAL DEFINITE
009.0,"COLITE,ENTERITE E GASTROENTERITE INFETTIVE"
009.1,"COLITE,ENTERITE E GASTROENTERITE DI PRESUNTA ORIGINE INFETTIVA"
009.2,DIARREA INFETTIVA
009.3,DIARREA DI PRESUNTA ORIGINE INFETTIVA
010,INFEZIONE TUBERCOLARE PRIMARIA
010.0,COMPLESSO TUBERCOLARE PRIMARIO
010.00,"COMPLESSO TUBERCOLARE PRIMARIO,NON SPECIFICATO"
010.01,"COMPLESSO TUBERCOLARE PRIMARIO,ESAME BATTERIOLOGICO O ISTOLOGICO NON EFFETTUATO"
010.02,"COMPLESSO TUBERCOLARE PRIMARIO,RISULTATO DELL'ESAME BATTERIOLOGICO O ISTOLOGICO NON CONOSCIUTO (ALLO STATO ATTUALE)"
010.03,"COMPLESSO TUBERCOLARE PRIMARIO,ESAME MICROSCOPICO DELL'ESPETTORATO POSITIVO"
010.04,"COMPLESSO TUBERCOLARE PRIMARIO,ESAME MICROSCOPICO DELL'ESPETTORATO NEGATIVO,MA CON ESAME COLTURALE POSITIVO"
010.05,"COMPLESSO TUBERCOLARE PRIMARIO,ESAME BATTERIOLOGICO NEGATIVO,MA TUBERCOLOSI CONFERMATA ISTOLOGICAMENTE"
010.06,"COMPLESSO TUBERCOLARE PRIMARIO,ESAMI BATTERIOLOGICI O ISTOLOGICI NEGATIVI,MA TUBERCOLOSI CONFERMATA IN LABORATORIO CON ALTRI METODI"
010.1,PLEURITE TUBERCOLARE IN TUBERCOLOSI PRIMARIA PROGRESSIVA
010.10,"PLEURITE TUBERCOLARE IN TUBERCOLOSI PRIMARIA PROGRESSIVA,NON SPECIFICATA"
010.11,"PLEURITE TUBERCOLARE IN TUBERCOLOSI PRIMARIA PROGRESSIVA,ESAME BATTERIOLOGICO O ISTOLOGICO NON EFFETTUATO"
010.12,"PLEURITE TUBERCOLARE IN TUBERCOLOSI PRIMARIA PROGRESSIVA,RISULTATO DELL'ESAME BATTERIOLOGICO O ISTOLOGICO NON CONOSCIUTO (ALLO STATO ATTUALE)"
010.13,"PLEURITE TUBERCOLARE IN TUBERCOLOSI PRIMARIA PROGRESSIVA,ESAME MICROSCOPICO DELL'ESPETTORATO POSITIVO"
010.14,"PLEURITE TUBERCOLARE IN TUBERCOLOSI PRIMARIA PROGRESSIVA,ESAME MICROSCOPICO DELL'ESPETTORATO NEGATIVO,MA CON ESAME COLTURALE POSITIVO"
010.15,"PLEURITE TUBERCOLARE IN TUBERCOLOSI PRIMARIA PROGRESSIVA,ESAME BATTERIOLOGICO NEGATIVO,MA TUBERCOLOSI CONFERMATA ISTOLOGICAMENTE"
010.16,"PLEURITE TUBERCOLARE IN TUBERCOLOSI PRIMARIA PROGRESSIVA,ESAME BATTERIOLOGICO O ISTOLOGICO NEGATIVO,MA TUBERCOLOSI CONFERMATA IN LABORATORIO CON ALTRI METODI"
010.8,ALTRE FORME DI TUBERCOLOSI PRIMARIA PROGRESSIVA
010.80,"ALTRE FORME DI TUBERCOLOSI PRIMARIA PROGRESSIVA,NON SPECIFICATA"
010.81,"ALTRE FORME DI TUBERCOLOSI PRIMARIA PROGRESSIVA,ESAME BATTERIOLOGICO O ISTOLOGICO NON EFFETTUATO"
010.82,"ALTRE FORME DI TUBERCOLOSI PRIMARIA PROGRESSIVA,RISULTATO DELL'ESAME BATTERIOLOGICO O ISTOLOGICO NON CONOSCIUTO (ALLO STATO ATTUALE)"
010.83,"ALTRE FORME DI TUBERCOLOSI PRIMARIA PROGRESSIVA,ESAME MICROSCOPICO DELL'ESPETTORATO POSITIVO"
010.84,"ALTRE FORME DI TUBERCOLOSI PRIMARIA PROGRESSIVA,ESAME MICROSCOPICO DELL'ESPETTORATO NEGATIVO,MA CON ESAME COLTURALE POSITIVO"
010.85,"ALTRE FORME DI TUBERCOLOSI PRIMARIA PROGRESSIVA,ESAME BATTERIOLOGICO NEGATIVO,MA TUBERCOLOSI CONFERMATA ISTOLOGICAMENTE"
010.86,"ALTRE FORME DI TUBERCOLOSI PRIMARIA PROGRESSIVA,ESAMI BATTERIOLOGICI O ISTOLOGICI NEGATIVI,MA TUBERCOLOSI CONFERMATA IN LABORATORIO CON ALTRI METODI"
010.9,"INFEZIONE TUBERCOLARE PRIMARIA, NON SPECIFICATA"
010.90,"INFEZIONE TUBERCOLARE PRIMARIA,NON SPECIFICATA"
010.91,"INFEZIONE TUBERCOLARE PRIMARIA,NON SPECIFICATA,ESAME BATTERIOLOGICO O ISTOLOGICO NON EFFETTUATO"
010.92,"INFEZIONE TUBERCOLARE PRIMARIA,NON SPECIFICATA,RISULTATO DELL'ESAME BATTERIOLOGICO O ISTOLOGICO NON CONOSCIUTO (ALLO STATO ATTUALE)"
010.93,"INFEZIONE TUBERCOLARE PRIMARIA,NON SPECIFICATA,ESAME MICROSCOPICO DELL'ESPETTORATO POSITIVO"
010.94,"INFEZIONE TUBERCOLARE PRIMARIA,NON SPECIFICATA,ESAME MICROSCOPICO DELL'ESPETTORATO NEGATIVO,MA CON ESAME COLTURALE POSITIVO"
010.95,"INFEZIONE TUBERCOLARE PRIMARIA,NON SPECIFICATA,ESAME BATTERIOLOGICO NEGATIVO,MA TUBERCOLOSI CONFERMATA ISTOLOGICAMENTE"
010.96,"INFEZIONE TUBERCOLARE PRIMARIA,NON SPECIFICATA,ESAMI BATTERIOLOGICI O ISTOLOGICI NEGATIVI,MA TUBERCOLOSI CONFERMATA IN LABORATORIO CON ALTRI METODI"
011,TUBERCOLOSI POLMONARE
011.0,TUBERCOLOSI DEL POLMONE INFILTRATIVA
011.00,"TUBERCOLOSI DEL POLMONE INFILTRATIVA,NON SPECIFICATA"
011.01,"TUBERCOLOSI DEL POLMONE INFILTRATIVA,ESAME BATTERIOLOGICO O ISTOLOGICO NON EFFETTUATO"
011.02,"TUBERCOLOSI DEL POLMONE INFILTRATIVA,RISULTATO DELL'ESAME BATTERIOLOGICO O ISTOLOGICO NON CONOSCIUTO (ALLO STATO ATTUALE)"
011.03,"TUBERCOLOSI DEL POLMONE INFILTRATIVA,ESAME MICROSCOPICO DELL'ESPETTORATO POSITIVO"
011.04,"TUBERCOLOSI DEL POLMONE INFILTRATIVA,ESAME MICROSCOPICO DELL'ESPETTORATO NEGATIVO,MA CON ESAME COLTURALE POSITIVO"
011.05,"TUBERCOLOSI DEL POLMONE INFILTRATIVA,ESAME BATTERIOLOGICO NEGATIVO,MA TUBERCOLOSI CONFERMATA ISTOLOGICAMENTE"
011.06,"TUBERCOLOSI DEL POLMONE INFILTRATIVA,ESAMI BATTERIOLOGICI O ISTOLOGICI NEGATIVI,MA TUBERCOLOSI CONFERMATA IN LABORATORIO CON ALTRI METODI"
011.1,TUBERCOLOSI DEL POLMONE NODULARE
011.10,"TUBERCOLOSI DEL POLMONE NODULARE,NON SPECIFICATA"
011.11,"TUBERCOLOSI DEL POLMONE NODULARE,ESAME BATTERIOLOGICO O ISTOLOGICO NON EFFETTUATO"
011.12,"TUBERCOLOSI DEL POLMONE NODULARE,RISULTATO DELL'ESAME BATTERIOLOGICO O ISTOLOGICO NON CONOSCIUTO (ALLO STATO ATTUALE)"
011.13,"TUBERCOLOSI DEL POLMONE NODULARE,ESAME MICROSCOPICO DELL'ESPETTORATO POSITIVO"
011.14,"TUBERCOLOSI DEL POLMONE NODULARE,ESAME MICROSCOPICO DELL'ESPETTORATO NEGATIVO,MA CON ESAME COLTURALE POSITIVO"
011.15,"TUBERCOLOSI DEL POLMONE NODULARE,ESAME BATTERIOLOGICO NEGATIVO,MA TUBERCOLOSI CONFERMATA ISTOLOGICAMENTE"
011.16,"TUBERCOLOSI DEL POLMONE NODULARE,ESAMI BATTERIOLOGICI O ISTOLOGICI NEGATIVI,MA TUBERCOLOSI CONFERMATA IN LABORATORIO CON ALTRI METODI"
011.2,TUBERCOLOSI DEL POLMONE CAVITARIA
011.20,"TUBERCOLOSI DEL POLMONE CAVITARIA,NON SPECIFICATA"
011.21,"TUBERCOLOSI DEL POLMONE CAVITARIA,ESAME BATTERIOLOGICO O ISTOLOGICO NON EFFETTUATO"
011.22,"TUBERCOLOSI DEL POLMONE CAVITARIA,RISULTATO DELL'ESAME BATTERIOLOGICO O ISTOLOGICO NON CONOSCIUTO (ALLO STATO ATTUALE)"
011.23,"TUBERCOLOSI DEL POLMONE CAVITARIA,ESAME MICROSCOPICO DELL'ESPETTORATO POSITIVO"
011.24,"TUBERCOLOSI DEL POLMONE CAVITARIA,ESAME MICROSCOPICO DELL'ESPETTORATO NEGATIVO,MA CON ESAME COLTURALE POSITIVO"
011.25,"TUBERCOLOSI DEL POLMONE CAVITARIA,ESAME BATTERIOLOGICO NEGATIVO,MA TUBERCOLOSI CONFERMATA ISTOLOGICAMENTE"
011.26,"TUBERCOLOSI DEL POLMONE CAVITARIA,ESAMI BATTERIOLOGICI O ISTOLOGICI NEGATIVI,MA TUBERCOLOSI CONFERMATA IN LABORATORIO CON ALTRI METODI"
011.3,TUBERCOLOSI DEI BRONCHI
011.30,"TUBERCOLOSI DEI BRONCHI,NON SPECIFICATA"
011.31,"TUBERCOLOSI DEI BRONCHI,ESAME BATTERIOLOGICO O ISTOLOGICO NON EFFETTUATO"
011.32,"TUBERCOLOSI DEI BRONCHI,RISULTATO DELL'ESAME BATTERIOLOGICO O ISTOLOGICO NON CONOSCIUTO (ALLO STATO ATTUALE)"
011.33,"TUBERCOLOSI DEI BRONCHI,ESAME MICROSCOPICO DELL'ESPETTORATO POSITIVO"
011.34,"TUBERCOLOSI DEI BRONCHI,ESAME MICROSCOPICO DELL'ESPETTORATO NEGATIVO,MA CON ESAME COLTURALE POSITIVO"
011.35,"TUBERCOLOSI DEI BRONCHI,ESAME BATTERIOLOGICO NEGATIVO,MA TUBERCOLOSI CONFERMATA ISTOLOGICAMENTE"
011.36,"TUBERCOLOSI DEI BRONCHI,ESAMI BATTERIOLOGICI O ISTOLOGICI NEGATIVI,MA TUBERCOLOSI CONFERMATA IN LABORATORIO CON ALTRI METODI"
011.4,FIBROSI TUBERCOLARE DEL POLMONE
011.40,"FIBROSI TUBERCOLARE DEL POLMONE,NON SPECIFICATA"
011.41,"FIBROSI TUBERCOLARE DEL POLMONE,ESAME BATTERIOLOGICO O ISTOLOGICO NON EFFETTUATO"
011.42,"FIBROSI TUBERCOLARE DEL POLMONE,RISULTATO DELL'ESAME BATTERIOLOGICO O ISTOLOGICO NON CONOSCIUTO (ALLO STATO ATTUALE)"
011.43,"FIBROSI TUBERCOLARE DEL POLMONE,ESAME MICROSCOPICO DELL'ESPETTORATO POSITIVO"
011.44,"FIBROSI TUBERCOLARE DEL POLMONE,ESAME MICROSCOPICO DELL'ESPETTORATO NEGATIVO,MA CON ESAME COLTURALE POSITIVO"
011.45,"FIBROSI TUBERCOLARE DEL POLMONE,ESAME BATTERIOLOGICO NEGATIVO,MA TUBERCOLOSI CONFERMATA ISTOLOGICAMENTE"
011.46,"FIBROSI TUBERCOLARE DEL POLMONE,ESAMI BATTERIOLOGICI O ISTOLOGICI NEGATIVI,MA TUBERCOLOSI CONFERMATA IN LABORATORIO CON ALTRI METODI"
011.5,BRONCHIECTASIA TUBERCOLARE
011.50,"BRONCHIECTASIA TUBERCOLARE,NON SPECIFICATA"
011.51,"BRONCHIECTASIA TUBERCOLARE,ESAME BATTERIOLOGICO O ISTOLOGICO NON EFFETTUATO"
011.52,"BRONCHIECTASIA TUBERCOLARE,RISULTATO DELL'ESAME BATTERIOLOGICO O ISTOLOGICO NON CONOSCIUTO (ALLO STATO ATTUALE)"
011.53,"BRONCHIECTASIA TUBERCOLARE,ESAME MICROSCOPICO DELL'ESPETTORATO POSITIVO"
011.54,"BRONCHIECTASIA TUBERCOLARE,ESAME MICROSCOPICO DELL'ESPETTORATO NEGATIVO,MA CON ESAME COLTURALE POSITIVO"
011.55,"BRONCHIECTASIA TUBERCOLARE,ESAME BATTERIOLOGICO NEGATIVO,MA TUBERCOLOSI CONFERMATA ISTOLOGICAMENTE"
011.56,"BRONCHIECTASIA TUBERCOLARE,ESAMI BATTERIOLOGICI O ISTOLOGICI NEGATIVI,MA TUBERCOLOSI CONFERMATA IN LABORATORIO CON ALTRI METODI"
011.6,POLMONITE TUBERCOLARE (OGNI FORMA)
011.60,"POLMONITE TUBERCOLARE (OGNI FORMA),NON SPECIFICATA"
011.61,"POLMONITE TUBERCOLARE (OGNI FORMA),ESAME BATTERIOLOGICO O ISTOLOGICO NON EFFETTUATO"
011.62,"POLMONITE TUBERCOLARE (OGNI FORMA),RISULTATO DELL'ESAME BATTERIOLOGICO O ISTOLOGICO NON CONOSCIUTO (ALLO STATO ATTUALE)"
011.63,"POLMONITE TUBERCOLARE (OGNI FORMA),ESAME MICROSCOPICO DELL'ESPETTORATO POSITIVO"
011.64,"POLMONITE TUBERCOLARE (OGNI FORMA),ESAME MICROSCOPICO DELL'ESPETTORATO NEGATIVO,MA CON ESAME COLTURALE POSITIVO"
011.65,"POLMONITE TUBERCOLARE (OGNI FORMA),ESAME BATTERIOLOGICO NEGATIVO,MA TUBERCOLOSI CONFERMATA ISTOLOGICAMENTE"
011.66,"POLMONITE TUBERCOLARE (OGNI FORMA),ESAMI BATTERIOLOGICI O ISTOLOGICI NEGATIVI,MA TUBERCOLOSI CONFERMATA IN LABORATORIO CON ALTRI METODI"
011.7,PNEUMOTORACE TUBERCOLARE
011.70,"PNEUMOTORACE TUBERCOLARE,NON SPECIFICATA"
011.71,"PNEUMOTORACE TUBERCOLARE,ESAME BATTERIOLOGICO O ISTOLOGICO NON EFFETTUATO"
011.72,"PNEUMOTORACE TUBERCOLARE,RISULTATO DELL'ESAME BATTERIOLOGICO O ISTOLOGICO NON CONOSCIUTO (ALLO STATO ATTUALE)"
011.73,"PNEUMOTORACE TUBERCOLARE,ESAME MICROSCOPICO DELL'ESPETTORATO POSITIVO"
011.74,"PNEUMOTORACE TUBERCOLARE,ESAME MICROSCOPICO DELL'ESPETTORATO NEGATIVO,MA CON ESAME COLTURALE POSITIVO"
011.75,"PNEUMOTORACE TUBERCOLARE,ESAME BATTERIOLOGICO NEGATIVO,MA TUBERCOLOSI CONFERMATA ISTOLOGICAMENTE"
011.76,"PNEUMOTORACE TUBERCOLARE,ESAMI BATTERIOLOGICI O ISTOLOGICI NEGATIVI,MA TUBERCOLOSI CONFERMATA IN LABORATORIO CON ALTRI METODI"
011.8,ALTRE FORME DI TUBERCOLOSI POLMONARE
011.80,"ALTRE FORME DI TUBERCOLOSI POLMONARE,NON SPECIFICATE"
011.81,"ALTRE FORME DI TUBERCOLOSI POLMONARE,ESAME BATTERIOLOGICO O ISTOLOGICO NON EFFETTUATO"
011.82,"ALTRE FORME DI TUBERCOLOSI POLMONARE,RISULTATO DELL'ESAME BATTERIOLOGICO O ISTOLOGICO NON CONOSCIUTO (ALLO STATO ATTUALE)"
011.83,"ALTRE FORME DI TUBERCOLOSI POLMONARE,ESAME MICROSCOPICO DELL'ESPETTORATO POSITIVO"
011.84,"ALTRE FORME DI TUBERCOLOSI POLMONARE,ESAME MICROSCOPICO DELL'ESPETTORATO NEGATIVO,MA CON ESAME COLTURALE POSITIVO"
011.85,"ALTRE FORME DI TUBERCOLOSI POLMONARE,ESAME BATTERIOLOGICO NEGATIVO,MA TUBERCOLOSI CONFERMATA ISTOLOGICAMENTE"
011.86,"ALTRE FORME DI TUBERCOLOSI POLMONARE,ESAMI BATTERIOLOGICI O ISTOLOGICI NEGATIVI,MA TUBERCOLOSI CONFERMATA IN LABORATORIO CON ALTRI METODI"
011.9,TUBERCOLOSI POLMONARE NON SPECIFICATA
011.90,TUBERCOLOSI POLMONARE NON SPECIFICATA
011.91,"TUBERCOLOSI POLMONARE NON SPECIFICATA,ESAME BATTERIOLOGICO O ISTOLOGICO NON EFFETTUATO"
011.92,"TUBERCOLOSI POLMONARE NON SPECIFICATA,RISULTATO DELL'ESAME BATTERIOLOGICO O ISTOLOGICO NON CONOSCIUTO (ALLO STATO ATTUALE)"
011.93,"TUBERCOLOSI POLMONARE NON SPECIFICATA,ESAME MICROSCOPICO DELL'ESPETTORATO POSITIVO"
011.94,"TUBERCOLOSI POLMONARE NON SPECIFICATA,ESAME MICROSCOPICO DELL'ESPETTORATO NEGATIVO,MA CON ESAME COLTURALE POSITIVO"
011.95,"TUBERCOLOSI POLMONARE NON SPECIFICATA,ESAME BATTERIOLOGICO NEGATIVO,MA TUBERCOLOSI CONFERMATA ISTOLOGICAMENTE"
011.96,"TUBERCOLOSI POLMONARE NON SPECIFICATA,ESAMI BATTERIOLOGICI O ISTOLOGICI NEGATIVI,MA TUBERCOLOSI CONFERMATA IN LABORATORIO CON ALTRI METODI"
012,ALTRE FORME DI TUBERCOLOSI DELL'APPARATO RESPIRATORIO
012.0,PLEURITE TUBERCOLARE
012.00,"PLEURITE TUBERCOLARE,NON SPECIFICATA"
012.01,"PLEURITE TUBERCOLARE,ESAME BATTERIOLOGICO O ISTOLOGICO NON EFFETTUATO"
012.02,"PLEURITE TUBERCOLARE,RISULTATO DELL'ESAME BATTERIOLOGICO O ISTOLOGICO NON CONOSCIUTO (ALLO STATO ATTUALE)"
012.03,"PLEURITE TUBERCOLARE,ESAME MICROSCOPICO DELL'ESPETTORATO POSITIVO"
012.04,"PLEURITE TUBERCOLARE,ESAME MICROSCOPICO DELL'ESPETTORATO NEGATIVO,MA CON ESAME COLTURALE POSITIVO"
012.05,"PLEURITE TUBERCOLARE,ESAME BATTERIOLOGICO NEGATIVO,MA TUBERCOLOSI CONFERMATA ISTOLOGICAMENTE"
012.06,"PLEURITE TUBERCOLARE,ESAMI BATTERIOLOGICI O ISTOLOGICI NEGATIVI,MA TUBERCOLOSI CONFERMATA IN LABORATORIO CON ALTRI METODI"
012.1,TUBERCOLOSI DEI LINFONODI INTRATORACICI
012.10,"TUBERCOLOSI DEI LINFONODI INTRATORACICI,NON SPECIFICATA"
012.11,"TUBERCOLOSI DEI LINFONODI INTRATORACICI,ESAME BATTERIOLOGICO O ISTOLOGICO NON EFFETTUATO"
012.12,"TUBERCOLOSI DEI LINFONODI INTRATORACICI,RISULTATO DELL'ESAME BATTERIOLOGICO O ISTOLOGICO NON CONOSCIUTO (ALLO STATO ATTUALE)"
012.13,"TUBERCOLOSI DEI LINFONODI INTRATORACICI,ESAME MICROSCOPICO DELL'ESPETTORATO POSITIVO"
012.14,"TUBERCOLOSI DEI LINFONODI INTRATORACICI,ESAME MICROSCOPICO DELL'ESPETTORATO NEGATIVO,MA CON ESAME COLTURALE POSITIVO"
012.15,"TUBERCOLOSI DEI LINFONODI INTRATORACICI,ESAME BATTERIOLOGICO NEGATIVO,MA TUBERCOLOSI CONFERMATA ISTOLOGICAMENTE"
012.16,"TUBERCOLOSI DEI LINFONODI INTRATORACICI,ESAMI BATTERIOLOGICI O ISTOLOGICI NEGATIVI,MA TUBERCOLOSI CONFERMATA IN LABORATORIO CON ALTRI METODI"
012.2,TUBERCOLOSI ISOLATA DELLA TRACHEA E DEI BRONCHI
012.20,"TUBERCOLOSI ISOLATA DELLA TRACHEA E DEI BRONCHI,NON SPECIFICATA"
012.21,"TUBERCOLOSI ISOLATA DELLA TRACHEA E DEI BRONCHI,ESAME BATTERIOLOGICO O ISTOLOGICO NON EFFETTUATO"
012.22,"TUBERCOLOSI ISOLATA DELLA TRACHEA E DEI BRONCHI,RISULTATO DELL'ESAME BATTERIOLOGICO O ISTOLOGICO NON CONOSCIUTO (ALLO STATO ATTUALE)"
012.23,"TUBERCOLOSI ISOLATA DELLA TRACHEA E DEI BRONCHI,ESAME MICROSCOPICO DELL'ESPETTORATO POSITIVO"
012.24,"TUBERCOLOSI ISOLATA DELLA TRACHEA E DEI BRONCHI,ESAME MICROSCOPICO DELL'ESPETTORATO NEGATIVO,MA CON ESAME COLTURALE POSITIVO"
012.25,"TUBERCOLOSI ISOLATA DELLA TRACHEA E DEI BRONCHI,ESAME BATTERIOLOGICO NEGATIVO,MA TUBERCOLOSI CONFERMATA ISTOLOGICAMENTE"
012.26,"TUBERCOLOSI ISOLATA DELLA TRACHEA E DEI BRONCHI,ESAMI BATTERIOLOGICI O ISTOLOGICI NEGATIVI,MA TUBERCOLOSI CONFERMATA IN LABORATORIO CON ALTRI METODI"
012.3,LARINGITE TUBERCOLARE
012.30,"LARINGITE TUBERCOLARE,NON SPECIFICATA"
012.31,"LARINGITE TUBERCOLARE,ESAME BATTERIOLOGICO O ISTOLOGICO NON EFFETTUATO"
012.32,"LARINGITE TUBERCOLARE,RISULTATO DELL'ESAME BATTERIOLOGICO O ISTOLOGICO NON CONOSCIUTO (ALLO STATO ATTUALE)"
012.33,"LARINGITE TUBERCOLARE,ESAME MICROSCOPICO DELL'ESPETTORATO POSITIVO"
012.34,"LARINGITE TUBERCOLARE,ESAME MICROSCOPICO DELL'ESPETTORATO NEGATIVO,MA CON ESAME COLTURALE POSITIVO"
012.35,"LARINGITE TUBERCOLARE,ESAME BATTERIOLOGICO NEGATIVO,MA TUBERCOLOSI CONFERMATA ISTOLOGICAMENTE"
012.36,"LARINGITE TUBERCOLARE,ESAMI BATTERIOLOGICI O ISTOLOGICI NEGATIVI,MA TUBERCOLOSI CONFERMATA IN LABORATORIO CON ALTRI METODI"
012.8,ALTRE FORME DI TUBERCOLOSI RESPIRATORIA
012.80,"ALTRE FORME DI TUBERCOLOSI RESPIRATORIA,NON SPECIFICATA"
012.81,"ALTRE FORME DI TUBERCOLOSI RESPIRATORIA,ESAME BATTERIOLOGICO O ISTOLOGICO NON EFFETTUATO"
012.82,"ALTRE FORME DI TUBERCOLOSI RESPIRATORIA,RISULTATO DELL'ESAME BATTERIOLOGICO O ISTOLOGICO NON CONOSCIUTO (ALLO STATO ATTUALE)"
012.83,"ALTRE FORME DI TUBERCOLOSI RESPIRATORIA,ESAME MICROSCOPICO DELL'ESPETTORATO POSITIVO"
012.84,"ALTRE FORME DI TUBERCOLOSI RESPIRATORIA,ESAME MICROSCOPICO DELL'ESPETTORATO NEGATIVO,MA CON ESAME COLTURALE POSITIVO"
012.85,"ALTRE FORME DI TUBERCOLOSI RESPIRATORIA,ESAME BATTERIOLOGICO NEGATIVO,MA TUBERCOLOSI CONFERMATA ISTOLOGICAMENTE"
012.86,"ALTRE FORME DI TUBERCOLOSI RESPIRATORIA,ESAMI BATTERIOLOGICI O ISTOLOGICI NEGATIVI,MA TUBERCOLOSI CONFERMATA IN LABORATORIO CON ALTRI METODI"
013,TUBERCOLOSI DELLE MENINGI E DEL SISTEMA NERVOSO CENTRALE
013.0,MENINGITE TUBERCOLARE
013.00,"MENINGITE TUBERCOLARE,NON SPECIFICATA"
013.01,"MENINGITE TUBERCOLARE,ESAME BATTERIOLOGICO O ISTOLOGICO NON EFFETTUATO"
013.02,"MENINGITE TUBERCOLARE,RISULTATO DELL'ESAME BATTERIOLOGICO O ISTOLOGICO NON CONOSCIUTO (ALLO STATO ATTUALE)"
013.03,"MENINGITE TUBERCOLARE,ESAME MICROSCOPICO DELL'ESPETTORATO POSITIVO"
013.04,"MENINGITE TUBERCOLARE,ESAME MICROSCOPICO DELL'ESPETTORATO NEGATIVO,MA CON ESAME COLTURALE POSITIVO"
013.05,"MENINGITE TUBERCOLARE,ESAME BATTERIOLOGICO NEGATIVO,MA TUBERCOLOSI CONFERMATA ISTOLOGICAMENTE"
013.06,"MENINGITE TUBERCOLARE,ESAMI BATTERIOLOGICI O ISTOLOGICI NEGATIVI,MA TUBERCOLOSI CONFERMATA IN LABORATORIO CON ALTRI METODI"
013.1,TUBERCOLOMA DELLE MENINGI
013.10,"TUBERCOLOMA DELLE MENINGI,NON SPECIFICATA"
013.11,"TUBERCOLOMA DELLE MENINGI,ESAME BATTERIOLOGICO O ISTOLOGICO NON EFFETTUATO"
013.12,"TUBERCOLOMA DELLE MENINGI,RISULTATO DELL'ESAME BATTERIOLOGICO O ISTOLOGICO NON CONOSCIUTO (ALLO STATO ATTUALE)"
013.13,"TUBERCOLOMA DELLE MENINGI,ESAME MICROSCOPICO DELL'ESPETTORATO POSITIVO"
013.14,"TUBERCOLOMA DELLE MENINGI,ESAME MICROSCOPICO DELL'ESPETTORATO NEGATIVO,MA CON ESAME COLTURALE POSITIVO"
013.15,"TUBERCOLOMA DELLE MENINGI,ESAME BATTERIOLOGICO NEGATIVO,MA TUBERCOLOSI CONFERMATA ISTOLOGICAMENTE"
013.16,"TUBERCOLOMA DELLE MENINGI,ESAMI BATTERIOLOGICI O ISTOLOGICI NEGATIVI,MA TUBERCOLOSI CONFERMATA IN LABORATORIO CON ALTRI METODI"
013.2,TUBERCOLOMA DELL'ENCEFALO
013.20,"TUBERCOLOMA DELL'ENCEFALO,NON SPECIFICATA"
013.21,"TUBERCOLOMA DELL'ENCEFALO,ESAME BATTERIOLOGICO O ISTOLOGICO NON EFFETTUATO"
013.22,"TUBERCOLOMA DELL'ENCEFALO,RISULTATO DELL'ESAME BATTERIOLOGICO O ISTOLOGICO NON CONOSCIUTO (ALLO STATO ATTUALE)"
013.23,"TUBERCOLOMA DELL'ENCEFALO,ESAME MICROSCOPICO DELL'ESPETTORATO POSITIVO"
013.24,"TUBERCOLOMA DELL'ENCEFALO,ESAME MICROSCOPICO DELL'ESPETTORATO NEGATIVO,MA CON ESAME COLTURALE POSITIVO"
013.25,"TUBERCOLOMA DELL'ENCEFALO,ESAME BATTERIOLOGICO NEGATIVO,MA TUBERCOLOSI CONFERMATA ISTOLOGICAMENTE"
013.26,"TUBERCOLOMA DELL'ENCEFALO,ESAMI BATTERIOLOGICI O ISTOLOGICI NEGATIVI,MA TUBERCOLOSI CONFERMATA IN LABORATORIO CON ALTRI METODI"
013.3,ASCESSO TUBERCOLARE DELL'ENCEFALO
013.30,"ASCESSO TUBERCOLARE DELL'ENCEFALO,NON SPECIFICATO"
013.31,"ASCESSO TUBERCOLARE DELL'ENCEFALO,ESAME BATTERIOLOGICO O ISTOLOGICO NON EFFETTUATO"
013.32,"ASCESSO TUBERCOLARE DELL'ENCEFALO,RISULTATO DELL'ESAME BATTERIOLOGICO O ISTOLOGICO NON CONOSCIUTO (ALLO STATO ATTUALE)"
013.33,"ASCESSO TUBERCOLARE DELL'ENCEFALO,ESAME MICROSCOPICO DELL'ESPETTORATO POSITIVO"
013.34,"ASCESSO TUBERCOLARE DELL'ENCEFALO,ESAME MICROSCOPICO DELL'ESPETTORATO NEGATIVO,MA CON ESAME COLTURALE POSITIVO"
013.35,"ASCESSO TUBERCOLARE DELL'ENCEFALO,ESAME BATTERIOLOGICO NEGATIVO,MA TUBERCOLOSI CONFERMATA ISTOLOGICAMENTE"
013.36,"ASCESSO TUBERCOLARE DELL'ENCEFALO,ESAMI BATTERIOLOGICI O ISTOLOGICI NEGATIVI,MA TUBERCOLOSI CONFERMATA IN LABORATORIO CON ALTRI METODI"
013.4,TUBERCOLOMA DEL MIDOLLO SPINALE
013.40,"TUBERCOLOMA DEL MIDOLLO SPINALE,NON SPECIFICATO"
013.41,"TUBERCOLOMA DEL MIDOLLO SPINALE,ESAME BATTERIOLOGICO O ISTOLOGICO NON EFFETTUATO"
013.42,"TUBERCOLOMA DEL MIDOLLO SPINALE,RISULTATO DELL'ESAME BATTERIOLOGICO O ISTOLOGICO NON CONOSCIUTO (ALLO STATO ATTUALE)"
013.43,"TUBERCOLOMA DEL MIDOLLO SPINALE,ESAME MICROSCOPICO DELL'ESPETTORATO POSITIVO"
013.44,"TUBERCOLOMA DEL MIDOLLO SPINALE,ESAME MICROSCOPICO DELL'ESPETTORATO NEGATIVO,MA CON ESAME COLTURALE POSITIVO"
013.45,"TUBERCOLOMA DEL MIDOLLO SPINALE,ESAME BATTERIOLOGICO NEGATIVO,MA TUBERCOLOSI CONFERMATA ISTOLOGICAMENTE"
013.46,"TUBERCOLOMA DEL MIDOLLO SPINALE,ESAMI BATTERIOLOGICI O ISTOLOGICI NEGATIVI,MA TUBERCOLOSI CONFERMATA IN LABORATORIO CON ALTRI METODI"
013.5,ASCESSO TUBERCOLARE DEL MIDOLLO SPINALE
013.50,"ASCESSO TUBERCOLARE DEL MIDOLLO SPINALE,NON SPECIFICATO"
013.51,"ASCESSO TUBERCOLARE DEL MIDOLLO SPINALE,ESAME BATTERIOLOGICO O ISTOLOGICO NON EFFETTUATO"
013.52,"ASCESSO TUBERCOLARE DEL MIDOLLO SPINALE,RISULTATO DELL'ESAME BATTERIOLOGICO O ISTOLOGICO NON CONOSCIUTO (ALLO STATO ATTUALE)"
013.53,"ASCESSO TUBERCOLARE DEL MIDOLLO SPINALE,ESAME MICROSCOPICO DELL'ESPETTORATO POSITIVO"
013.54,"ASCESSO TUBERCOLARE DEL MIDOLLO SPINALE,ESAME MICROSCOPICO DELL'ESPETTORATO NEGATIVO,MA CON ESAME COLTURALE POSITIVO"
013.55,"ASCESSO TUBERCOLARE DEL MIDOLLO SPINALE,ESAME BATTERIOLOGICO NEGATIVO,MA TUBERCOLOSI CONFERMATA ISTOLOGICAMENTE"
013.56,"ASCESSO TUBERCOLARE DEL MIDOLLO SPINALE,ESAMI BATTERIOLOGICI O ISTOLOGICI NEGATIVI,MA TUBERCOLOSI CONFERMATA IN LABORATORIO CON ALTRI METODI"
013.6,ENCEFALITE O MIELITE TUBERCOLARE
013.60,"ENCEFALITE O MIELITE TUBERCOLARE,NON SPECIFICATO"
013.61,"ENCEFALITE O MIELITE TUBERCOLARE,ESAME BATTERIOLOGICO O ISTOLOGICO NON EFFETTUATO"
013.62,"ENCEFALITE O MIELITE TUBERCOLARE,RISULTATO DELL'ESAME BATTERIOLOGICO O ISTOLOGICO NON CONOSCIUTO (ALLO STATO ATTUALE)"
013.63,"ENCEFALITE O MIELITE TUBERCOLARE,ESAME MICROSCOPICO DELL'ESPETTORATO POSITIVO"
013.64,"ENCEFALITE O MIELITE TUBERCOLARE,ESAME MICROSCOPICO DELL'ESPETTORATO NEGATIVO,MA CON ESAME COLTURALE POSITIVO"
013.65,"ENCEFALITE O MIELITE TUBERCOLARE,ESAME BATTERIOLOGICO NEGATIVO,MA TUBERCOLOSI CONFERMATA ISTOLOGICAMENTE"
013.66,"ENCEFALITE O MIELITE TUBERCOLARE,ESAMI BATTERIOLOGICI O ISTOLOGICI NEGATIVI,MA TUBERCOLOSI CONFERMATA IN LABORATORIO CON ALTRI METODI"
013.8,ALTRE FORME DI TUBERCOLOSE DEL SISTEMA NERVOSO CENTRALE
013.80,"ALTRE FORME DI TUBERCOLOSI DEL SISTEMA NERVOSO CENTRALE,NON SPECIFICATE"
013.81,"ALTRE FORME DI TUBERCOLOSI DEL SISTEMA NERVOSO CENTRALE,ESAME BATTERIOLOGICO O ISTOLOGICO NON EFFETTUATO"
013.82,"ALTRE FORME DI TUBERCOLOSI DEL SISTEMA NERVOSO CENTRALE,RISULTATO DELL'ESAME BATTERIOLOGICO O ISTOLOGICO NON CONOSCIUTO (ALLO STATO ATTUALE)"
013.83,"ALTRE FORME DI TUBERCOLOSI DEL SISTEMA NERVOSO CENTRALE,ESAME MICROSCOPICO DELL'ESPETTORATO POSITIVO"
013.84,"ALTRE FORME DI TUBERCOLOSI DEL SISTEMA NERVOSO CENTRALE,ESAME MICROSCOPICO DELL'ESPETTORATO NEGATIVO,MA CON ESAME COLTURALE POSITIVO"
013.85,"ALTRE FORME DI TUBERCOLOSI DEL SISTEMA NERVOSO CENTRALE,ESAME BATTERIOLOGICO NEGATIVO,MA TUBERCOLOSI CONFERMATA ISTOLOGICAMENTE"
013.86,"ALTRE FORME DI TUBERCOLOSI DEL SISTEMA NERVOSO CENTRALE,ESAMI BATTERIOLOGICI O ISTOLOGICI NEGATIVI,MA TUBERCOLOSI CONFERMATA IN LABORATORIO CON ALTRI METODI"
013.9,TUBERCOLOSI DEL SISTEMA NERVOSO CENTRALE NON SPECIFICATA
013.90,TUBERCOLOSI DEL SISTEMA NERVOSO CENTRALE NON SPECIFICATA
013.91,"TUBERCOLOSI DEL SISTEMA NERVOSO CENTRALE NON SPECIFICATA,ESAME BATTERIOLOGICO O ISTOLOGICO NON EFFETTUATO"
013.92,"TUBERCOLOSI DEL SISTEMA NERVOSO CENTRALE NON SPECIFICATA,RISULTATO DELL'ESAME BATTERIOLOGICO O ISTOLOGICO NON CONOSCIUTO (ALLO STATO ATTUALE)"
013.93,"TUBERCOLOSI DEL SISTEMA NERVOSO CENTRALE NON SPECIFICATA,ESAME MICROSCOPICO DELL'ESPETTORATO POSITIVO"
013.94,"TUBERCOLOSI DEL SISTEMA NERVOSO CENTRALE NON SPECIFICATA,ESAME MICROSCOPICO DELL'ESPETTORATO NEGATIVO,MA CON ESAME COLTURALE POSITIVO"
013.95,"TUBERCOLOSI DEL SISTEMA NERVOSO CENTRALE NON SPECIFICATA,ESAME BATTERIOLOGICO NEGATIVO,MA TUBERCOLOSI CONFERMATA ISTOLOGICAMENTE"
013.96,"TUBERCOLOSI DEL SISTEMA NERVOSO CENTRALE NON SPECIFICATA,ESAMI BATTERIOLOGICI O ISTOLOGICI NEGATIVI,MA TUBERCOLOSI CONFERMATA IN LABORATORIO CON ALTRI METODI"
014,"TUBERCOLOSI DELL'INTESTINO, DEL PERITONEO E DELLE GHIANDOLE MESENTERICHE"
014.0,PERITONITE TUBERCOLARE
014.00,"PERITONITE TUBERCOLARE,NON SPECIFICATA"
014.01,"PERITONITE TUBERCOLARE,ESAME BATTERIOLOGICO O ISTOLOGICO NON EFFETTUATO"
014.02,"PERITONITE TUBERCOLARE,RISULTATO DELL'ESAME BATTERIOLOGICO O ISTOLOGICO NON CONOSCIUTO (ALLO STATO ATTUALE)"
014.03,"PERITONITE TUBERCOLARE,ESAME MICROSCOPICO DELL'ESPETTORATO POSITIVO"
014.04,"PERITONITE TUBERCOLARE,ESAME MICROSCOPICO DELL'ESPETTORATO NEGATIVO,MA CON ESAME COLTURALE POSITIVO"
014.05,"PERITONITE TUBERCOLARE,ESAME BATTERIOLOGICO NEGATIVO,MA TUBERCOLOSI CONFERMATA ISTOLOGICAMENTE"
014.06,"PERITONITE TUBERCOLARE,ESAMI BATTERIOLOGICI O ISTOLOGICI NEGATIVI,MA TUBERCOLOSI CONFERMATA IN LABORATORIO CON ALTRI METODI"
014.8,TUBERCOLOSI DELL'INTESTINO E DELLE GHIANDOLE MESENTERICHE
014.80,"TUBERCOLOSI DELL'INTESTINO E DELLE GHIANDOLE MESENTERICHE,NON SPECIFICATA"
014.81,"TUBERCOLOSI DELL'INTESTINO E DELLE GHIANDOLE MESENTERICHE,ESAME BATTERIOLOGICO O ISTOLOGICO NON EFFETTUATO"
014.82,"TUBERCOLOSI DELL'INTESTINO E DELLE GHIANDOLE MESENTERICHE,RISULTATO DELL'ESAME BATTERIOLOGICO O ISTOLOGICO NON CONOSCIUTO (ALLO STATO ATTUALE)"
014.83,"TUBERCOLOSI DELL'INTESTINO E DELLE GHIANDOLE MESENTERICHE,ESAME MICROSCOPICO DELL'ESPETTORATO POSITIVO"
014.84,"TUBERCOLOSI DELL'INTESTINO E DELLE GHIANDOLE MESENTERICHE,ESAME MICROSCOPICO DELL'ESPETTORATO NEGATIVO,MA CON ESAME COLTURALE POSITIVO"
014.85,"TUBERCOLOSI DELL'INTESTINO E DELLE GHIANDOLE MESENTERICHE,ESAME BATTERIOLOGICO NEGATIVO,MA TUBERCOLOSI CONFERMATA ISTOLOGICAMENTE"
014.86,"TUBERCOLOSI DELL'INTESTINO E DELLE GHIANDOLE MESENTERICHE,ESAMI BATTERIOLOGICI O ISTOLOGICI NEGATIVI,MA TUBERCOLOSI CONFERMATA IN LABORATORIO CON ALTRI METODI"
015,TUBERCOLOSI DELLE OSSA E DELLE ARTICOLAZIONI
015.0,TUBERCOLOSI DELLA COLONNA VERTEBRALE
015.00,"TUBERCOLOSI DELLA COLONNA VERTEBRALE,NON SPECIFICATA"
015.01,"TUBERCOLOSI DELLA COLONNA VERTEBRALE,ESAME BATTERIOLOGICO O ISTOLOGICO NON EFFETTUATO"
015.02,"TUBERCOLOSI DELLA COLONNA VERTEBRALE,RISULTATO DELL'ESAME BATTERIOLOGICO O ISTOLOGICO NON CONOSCIUTO (ALLO STATO ATTUALE)"
015.03,"TUBERCOLOSI DELLA COLONNA VERTEBRALE,ESAME MICROSCOPICO DELL'ESPETTORATO POSITIVO"
015.04,"TUBERCOLOSI DELLA COLONNA VERTEBRALE,ESAME MICROSCOPICO DELL'ESPETTORATO NEGATIVO,MA CON ESAME COLTURALE POSITIVO"
015.05,"TUBERCOLOSI DELLA COLONNA VERTEBRALE,ESAME BATTERIOLOGICO NEGATIVO,MA TUBERCOLOSI CONFERMATA ISTOLOGICAMENTE"
015.06,"TUBERCOLOSI DELLA COLONNA VERTEBRALE,ESAMI BATTERIOLOGICI O ISTOLOGICI NEGATIVI,MA TUBERCOLOSI CONFERMATA IN LABORATORIO CON ALTRI METODI"
015.1,TUBERCOLOSI DELL'ANCA
015.10,"TUBERCOLOSI DELL'ANCA,NON SPECIFICATA"
015.11,"TUBERCOLOSI DELL'ANCA,ESAME BATTERIOLOGICO O ISTOLOGICO NON EFFETTUATO"
015.12,"TUBERCOLOSI DELL'ANCA,RISULTATO DELL'ESAME BATTERIOLOGICO O ISTOLOGICO NON CONOSCIUTO (ALLO STATO ATTUALE)"
015.13,"TUBERCOLOSI DELL'ANCA,ESAME MICROSCOPICO DELL'ESPETTORATO POSITIVO"
015.14,"TUBERCOLOSI DELL'ANCA,ESAME MICROSCOPICO DELL'ESPETTORATO NEGATIVO,MA CON ESAME COLTURALE POSITIVO"
015.15,"TUBERCOLOSI DELL'ANCA,ESAME BATTERIOLOGICO NEGATIVO,MA TUBERCOLOSI CONFERMATA ISTOLOGICAMENTE"
015.16,"TUBERCOLOSI DELL'ANCA,ESAMI BATTERIOLOGICI O ISTOLOGICI NEGATIVI,MA TUBERCOLOSI CONFERMATA IN LABORATORIO CON ALTRI METODI"
015.2,TUBERCOLOSI DEL GINOCCHIO
015.20,"TUBERCOLOSI DEL GINOCCHIO,NON SPECIFICATA"
015.21,"TUBERCOLOSI DEL GINOCCHIO,ESAME BATTERIOLOGICO O ISTOLOGICO NON EFFETTUATO"
015.22,"TUBERCOLOSI DEL GINOCCHIO,RISULTATO DELL'ESAME BATTERIOLOGICO O ISTOLOGICO NON CONOSCIUTO (ALLO STATO ATTUALE)"
015.23,"TUBERCOLOSI DEL GINOCCHIO,ESAME MICROSCOPICO DELL'ESPETTORATO POSITIVO"
015.24,"TUBERCOLOSI DEL GINOCCHIO,ESAME MICROSCOPICO DELL'ESPETTORATO NEGATIVO,MA CON ESAME COLTURALE POSITIVO"
015.25,"TUBERCOLOSI DEL GINOCCHIO,ESAME BATTERIOLOGICO NEGATIVO,MA TUBERCOLOSI CONFERMATA ISTOLOGICAMENTE"
015.26,"TUBERCOLOSI DEL GINOCCHIO,ESAMI BATTERIOLOGICI O ISTOLOGICI NEGATIVI,MA TUBERCOLOSI CONFERMATA IN LABORATORIO CON ALTRI METODI"
015.5,TUBERCOLOSI DELLE OSSA DEGLI ARTI
015.50,"TUBERCOLOSI DELLE OSSA DEGLI ARTI,NON SPECIFICATA"
015.51,"TUBERCOLOSI DELLE OSSA DEGLI ARTI,ESAME BATTERIOLOGICO O ISTOLOGICO NON EFFETTUATO"
015.52,"TUBERCOLOSI DELLE OSSA DEGLI ARTI,RISULTATO DELL'ESAME BATTERIOLOGICO O ISTOLOGICO NON CONOSCIUTO (ALLO STATO ATTUALE)"
015.53,"TUBERCOLOSI DELLE OSSA DEGLI ARTI,ESAME MICROSCOPICO DELL'ESPETTORATO POSITIVO"
015.54,"TUBERCOLOSI DELLE OSSA DEGLI ARTI,ESAME MICROSCOPICO DELL'ESPETTORATO NEGATIVO,MA CON ESAME COLTURALE POSITIVO"
015.55,"TUBERCOLOSI DELLE OSSA DEGLI ARTI,ESAME BATTERIOLOGICO NEGATIVO,MA TUBERCOLOSI CONFERMATA ISTOLOGICAMENTE"
015.56,"TUBERCOLOSI DELLE OSSA DEGLI ARTI,ESAMI BATTERIOLOGICI O ISTOLOGICI NEGATIVI,MA TUBERCOLOSI CONFERMATA IN LABORATORIO CON ALTRI METODI"
015.6,MASTOIDITE TUBERCOLARE
015.60,"MASTOIDITE TUBERCOLARE,NON SPECIFICATA"
015.61,"MASTOIDITE TUBERCOLARE,ESAME BATTERIOLOGICO O ISTOLOGICO NON EFFETTUATO"
015.62,"MASTOIDITE TUBERCOLARE,RISULTATO DELL'ESAME BATTERIOLOGICO O ISTOLOGICO NON CONOSCIUTO (ALLO STATO ATTUALE)"
015.63,"MASTOIDITE TUBERCOLARE,ESAME MICROSCOPICO DELL'ESPETTORATO POSITIVO"
015.64,"MASTOIDITE TUBERCOLARE,ESAME MICROSCOPICO DELL'ESPETTORATO NEGATIVO,MA CON ESAME COLTURALE POSITIVO"
015.65,"MASTOIDITE TUBERCOLARE,ESAME BATTERIOLOGICO NEGATIVO,MA TUBERCOLOSI CONFERMATA ISTOLOGICAMENTE"
015.66,"MASTOIDITE TUBERCOLARE,ESAMI BATTERIOLOGICI O ISTOLOGICI NEGATIVI,MA TUBERCOLOSI CONFERMATA IN LABORATORIO CON ALTRI METODI"
015.7,TUBERCOLOSI DI ALTRE OSSA
015.70,"TUBERCOLOSI DI ALTRE OSSA,NON SPECIFICATA"
015.71,"TUBERCOLOSI DI ALTRE OSSA,ESAME BATTERIOLOGICO O ISTOLOGICO NON EFFETTUATO"
015.72,"TUBERCOLOSI DI ALTRE OSSA,RISULTATO DELL'ESAME BATTERIOLOGICO O ISTOLOGICO NON CONOSCIUTO (ALLO STATO ATTUALE)"
015.73,"TUBERCOLOSI DI ALTRE OSSA,ESAME MICROSCOPICO DELL'ESPETTORATO POSITIVO"
015.74,"TUBERCOLOSI DI ALTRE OSSA,ESAME MICROSCOPICO DELL'ESPETTORATO NEGATIVO,MA CON ESAME COLTURALE POSITIVO"
015.75,"TUBERCOLOSI DI ALTRE OSSA,ESAME BATTERIOLOGICO NEGATIVO,MA TUBERCOLOSI CONFERMATA ISTOLOGICAMENTE"
015.76,"TUBERCOLOSI DI ALTRE OSSA,ESAMI BATTERIOLOGICI O ISTOLOGICI NEGATIVI,MA TUBERCOLOSI CONFERMATA IN LABORATORIO CON ALTRI METODI"
015.8,TUBERCOLOSI DI ALTRE ARTICOLAZIONI
015.80,"TUBERCOLOSI DI ALTRE ARTICOLAZIONI,NON SPECIFICATA"
015.81,"TUBERCOLOSI DI ALTRE ARTICOLAZIONI,ESAME BATTERIOLOGICO O ISTOLOGICO NON EFFETTUATO"
015.82,"TUBERCOLOSI DI ALTRE ARTICOLAZIONI,RISULTATO DELL'ESAME BATTERIOLOGICO O ISTOLOGICO NON CONOSCIUTO (ALLO STATO ATTUALE)"
015.83,"TUBERCOLOSI DI ALTRE ARTICOLAZIONI,ESAME MICROSCOPICO DELL'ESPETTORATO POSITIVO"
015.84,"TUBERCOLOSI DI ALTRE ARTICOLAZIONI,ESAME MICROSCOPICO DELL'ESPETTORATO NEGATIVO,MA CON ESAME COLTURALE POSITIVO"
015.85,"TUBERCOLOSI DI ALTRE ARTICOLAZIONI,ESAME BATTERIOLOGICO NEGATIVO,MA TUBERCOLOSI CONFERMATA ISTOLOGICAMENTE"
015.86,"TUBERCOLOSI DI ALTRE ARTICOLAZIONI,ESAMI BATTERIOLOGICI O ISTOLOGICI NEGATIVI,MA TUBERCOLOSI CONFERMATA IN LABORATORIO CON ALTRI METODI"
015.9,TUBERCOLOSI DI ALTRE OSSA E ARTICOLAZIONI NON SPECIFICATA
015.90,TUBERCOLOSI DI ALTRE OSSA E ARTICOLAZIONI NON SPECIFICATA
015.91,"TUBERCOLOSI DI ALTRE OSSA E ARTICOLAZIONI NON SPECIFICATA,ESAME BATTERIOLOGICO O ISTOLOGICO NON EFFETTUATO"
015.92,"TUBERCOLOSI DI ALTRE OSSA E ARTICOLAZIONI NON SPECIFICATA,RISULTATO DELL'ESAME BATTERIOLOGICO O ISTOLOGICO NON CONOSCIUTO (ALLO STATO ATTUALE)"
015.93,"TUBERCOLOSI DI ALTRE OSSA E ARTICOLAZIONI NON SPECIFICATA,ESAME MICROSCOPICO DELL'ESPETTORATO POSITIVO"
015.94,"TUBERCOLOSI DI ALTRE OSSA E ARTICOLAZIONI NON SPECIFICATA,ESAME MICROSCOPICO DELL'ESPETTORATO NEGATIVO,MA CON ESAME COLTURALE POSITIVO"
015.95,"TUBERCOLOSI DI ALTRE OSSA E ARTICOLAZIONI NON SPECIFICATA,ESAME BATTERIOLOGICO NEGATIVO,MA TUBERCOLOSI CONFERMATA ISTOLOGICAMENTE"
015.96,"TUBERCOLOSI DI ALTRE OSSA E ARTICOLAZIONI NON SPECIFICATA,ESAMI BATTERIOLOGICI O ISTOLOGICI NEGATIVI,MA TUBERCOLOSI CONFERMATA IN LABORATORIO CON ALTRI METODI"
016,TUBERCOLOSI DELL'APPARATO GENITOURINARIO
016.0,TUBERCOLOSI RENALE
016.00,"TUBERCOLOSI RENALE,NON SPECIFICATA"
016.01,"TUBERCOLOSI RENALE,ESAME BATTERIOLOGICO O ISTOLOGICO NON EFFETTUATO"
016.02,"TUBERCOLOSI RENALE,RISULTATO DELL'ESAME BATTERIOLOGICO O ISTOLOGICO NON CONOSCIUTO (ALLO STATO ATTUALE)"
016.03,"TUBERCOLOSI RENALE,ESAME MICROSCOPICO DELL'ESPETTORATO POSITIVO"
016.04,"TUBERCOLOSI RENALE,ESAME MICROSCOPICO DELL'ESPETTORATO NEGATIVO,MA CON ESAME COLTURALE POSITIVO"
016.05,"TUBERCOLOSI RENALE,ESAME BATTERIOLOGICO NEGATIVO,MA TUBERCOLOSI CONFERMATA ISTOLOGICAMENTE"
016.06,"TUBERCOLOSI RENALE,ESAMI BATTERIOLOGICI O ISTOLOGICI NEGATIVI,MA TUBERCOLOSI CONFERMATA IN LABORATORIO CON ALTRI METODI"
016.1,TUBERCOLOSI DELLA VESCICA
016.10,"TUBERCOLOSI DELLA VESCICA,NON SPECIFICATA"
016.11,"TUBERCOLOSI DELLA VESCICA,ESAME BATTERIOLOGICO O ISTOLOGICO NON EFFETTUATO"
016.12,"TUBERCOLOSI DELLA VESCICA,RISULTATO DELL'ESAME BATTERIOLOGICO O ISTOLOGICO NON CONOSCIUTO (ALLO STATO ATTUALE)"
016.13,"TUBERCOLOSI DELLA VESCICA,ESAME MICROSCOPICO DELL'ESPETTORATO POSITIVO"
016.14,"TUBERCOLOSI DELLA VESCICA,ESAME MICROSCOPICO DELL'ESPETTORATO NEGATIVO,MA CON ESAME COLTURALE POSITIVO"
016.15,"TUBERCOLOSI DELLA VESCICA,ESAME BATTERIOLOGICO NEGATIVO,MA TUBERCOLOSI CONFERMATA ISTOLOGICAMENTE"
016.16,"TUBERCOLOSI DELLA VESCICA,ESAMI BATTERIOLOGICI O ISTOLOGICI NEGATIVI,MA TUBERCOLOSI CONFERMATA IN LABORATORIO CON ALTRI METODI"
016.2,TUBERCOLOSI DELL'URETERE
016.20,"TUBERCOLOSI DELL'URETERE,NON SPECIFICATA"
016.21,"TUBERCOLOSI DELL'URETERE,ESAME BATTERIOLOGICO O ISTOLOGICO NON EFFETTUATO"
016.22,"TUBERCOLOSI DELL'URETERE,RISULTATO DELL'ESAME BATTERIOLOGICO O ISTOLOGICO NON CONOSCIUTO (ALLO STATO ATTUALE)"
016.23,"TUBERCOLOSI DELL'URETERE,ESAME MICROSCOPICO DELL'ESPETTORATO POSITIVO"
016.24,"TUBERCOLOSI DELL'URETERE,ESAME MICROSCOPICO DELL'ESPETTORATO NEGATIVO,MA CON ESAME COLTURALE POSITIVO"
016.25,"TUBERCOLOSI DELL'URETERE,ESAME BATTERIOLOGICO NEGATIVO,MA TUBERCOLOSI CONFERMATA ISTOLOGICAMENTE"
016.26,"TUBERCOLOSI DELL'URETERE,ESAMI BATTERIOLOGICI O ISTOLOGICI NEGATIVI,MA TUBERCOLOSI CONFERMATA IN LABORATORIO CON ALTRI METODI"
016.3,TUBERCOLOSI DI ALTRI ORGANI URINARI
016.30,"TUBERCOLOSI DI ALTRI ORGANI URINARI,NON SPECIFICATA"
016.31,"TUBERCOLOSI DI ALTRI ORGANI URINARI,ESAME BATTERIOLOGICO O ISTOLOGICO NON EFFETTUATO"
016.32,"TUBERCOLOSI DI ALTRI ORGANI URINARI,RISULTATO DELL'ESAME BATTERIOLOGICO O ISTOLOGICO NON CONOSCIUTO (ALLO STATO ATTUALE)"
016.33,"TUBERCOLOSI DI ALTRI ORGANI URINARI,ESAME MICROSCOPICO DELL'ESPETTORATO POSITIVO"
016.34,"TUBERCOLOSI DI ALTRI ORGANI URINARI,ESAME MICROSCOPICO DELL'ESPETTORATO NEGATIVO,MA CON ESAME COLTURALE POSITIVO"
016.35,"TUBERCOLOSI DI ALTRI ORGANI URINARI,ESAME BATTERIOLOGICO NEGATIVO,MA TUBERCOLOSI CONFERMATA ISTOLOGICAMENTE"
016.36,"TUBERCOLOSI DI ALTRI ORGANI URINARI,ESAMI BATTERIOLOGICI O ISTOLOGICI NEGATIVI,MA TUBERCOLOSI CONFERMATA IN LABORATORIO CON ALTRI METODI"
016.4,TUBERCOLOSI DELL'EPIDIDIMO
016.40,"TUBERCOLOSI DELL'EPIDIDIMO,NON SPECIFICATA"
016.41,"TUBERCOLOSI DELL'EPIDIDIMO,ESAME BATTERIOLOGICO O ISTOLOGICO NON EFFETTUATO"
016.42,"TUBERCOLOSI DELL'EPIDIDIMO,RISULTATO DELL'ESAME BATTERIOLOGICO O ISTOLOGICO NON CONOSCIUTO (ALLO STATO ATTUALE)"
016.43,"TUBERCOLOSI DELL'EPIDIDIMO,ESAME MICROSCOPICO DELL'ESPETTORATO POSITIVO"
016.44,"TUBERCOLOSI DELL'EPIDIDIMO,ESAME MICROSCOPICO DELL'ESPETTORATO NEGATIVO,MA CON ESAME COLTURALE POSITIVO"
016.45,"TUBERCOLOSI DELL'EPIDIDIMO,ESAME BATTERIOLOGICO NEGATIVO,MA TUBERCOLOSI CONFERMATA ISTOLOGICAMENTE"
016.46,"TUBERCOLOSI DELL'EPIDIDIMO,ESAMI BATTERIOLOGICI O ISTOLOGICI NEGATIVI,MA TUBERCOLOSI CONFERMATA IN LABORATORIO CON ALTRI METODI"
016.5,TUBERCOLOSI DI ALTRI ORGANI GENITALI MASCHILI
016.50,"TUBERCOLOSI DI ALTRI ORGANI GENITALI MASCHILI,NON SPECIFICATA"
016.51,"TUBERCOLOSI DI ALTRI ORGANI GENITALI MASCHILI,ESAME BATTERIOLOGICO O ISTOLOGICO NON EFFETTUATO"
016.52,"TUBERCOLOSI DI ALTRI ORGANI GENITALI MASCHILI,RISULTATO DELL'ESAME BATTERIOLOGICO O ISTOLOGICO NON CONOSCIUTO (ALLO STATO ATTUALE)"
016.53,"TUBERCOLOSI DI ALTRI ORGANI GENITALI MASCHILI,ESAME MICROSCOPICO DELL'ESPETTORATO POSITIVO"
016.54,"TUBERCOLOSI DI ALTRI ORGANI GENITALI MASCHILI,ESAME MICROSCOPICO DELL'ESPETTORATO NEGATIVO,MA CON ESAME COLTURALE POSITIVO"
016.55,"TUBERCOLOSI DI ALTRI ORGANI GENITALI MASCHILI,ESAME BATTERIOLOGICO NEGATIVO,MA TUBERCOLOSI CONFERMATA ISTOLOGICAMENTE"
016.56,"TUBERCOLOSI DI ALTRI ORGANI GENITALI MASCHILI,ESAMI BATTERIOLOGICI O ISTOLOGICI NEGATIVI,MA TUBERCOLOSI CONFERMATA IN LABORATORIO CON ALTRI METODI"
016.6,OOFORITE E SALPINGITE TUBERCOLARI
016.60,"OOFORITE E SALPINGITE TUBERCOLARI,NON SPECIFICATA"
016.61,"OOFORITE E SALPINGITE TUBERCOLARI,ESAME BATTERIOLOGICO O ISTOLOGICO NON EFFETTUATO"
016.62,"OOFORITE E SALPINGITE TUBERCOLARI,RISULTATO DELL'ESAME BATTERIOLOGICO O ISTOLOGICO NON CONOSCIUTO (ALLO STATO ATTUALE)"
016.63,"OOFORITE E SALPINGITE TUBERCOLARI,ESAME MICROSCOPICO DELL'ESPETTORATO POSITIVO"
016.64,"OOFORITE E SALPINGITE TUBERCOLARI,ESAME MICROSCOPICO DELL'ESPETTORATO NEGATIVO,MA CON ESAME COLTURALE POSITIVO"
016.65,"OOFORITE E SALPINGITE TUBERCOLARI,ESAME BATTERIOLOGICO NEGATIVO,MA TUBERCOLOSI CONFERMATA ISTOLOGICAMENTE"
016.66,"OOFORITE E SALPINGITE TUBERCOLARI,ESAMI BATTERIOLOGICI O ISTOLOGICI NEGATIVI,MA TUBERCOLOSI CONFERMATA IN LABORATORIO CON ALTRI METODI"
016.7,TUBERCOLOSI DI ALTRI ORGANI GENITALI FEMMINILI
016.70,"TUBERCOLOSI DI ALTRI ORGANI GENITALI FEMMINILI,NON SPECIFICATA"
016.71,"TUBERCOLOSI DI ALTRI ORGANI GENITALI FEMMINILI,ESAME BATTERIOLOGICO O ISTOLOGICO NON EFFETTUATO"
016.72,"TUBERCOLOSI DI ALTRI ORGANI GENITALI FEMMINILI,RISULTATO DELL'ESAME BATTERIOLOGICO O ISTOLOGICO NON CONOSCIUTO (ALLO STATO ATTUALE)"
016.73,"TUBERCOLOSI DI ALTRI ORGANI GENITALI FEMMINILI,ESAME MICROSCOPICO DELL'ESPETTORATO POSITIVO"
016.74,"TUBERCOLOSI DI ALTRI ORGANI GENITALI FEMMINILI,ESAME MICROSCOPICO DELL'ESPETTORATO NEGATIVO,MA CON ESAME COLTURALE POSITIVO"
016.75,"TUBERCOLOSI DI ALTRI ORGANI GENITALI FEMMINILI,ESAME BATTERIOLOGICO NEGATIVO,MA TUBERCOLOSI CONFERMATA ISTOLOGICAMENTE"
016.76,"TUBERCOLOSI DI ALTRI ORGANI GENITALI FEMMINILI,ESAMI BATTERIOLOGICI O ISTOLOGICI NEGATIVI,MA TUBERCOLOSI CONFERMATA IN LABORATORIO CON ALTRI METODI"
016.9,TUBERCOLOSI GENITOURINARIA NON SPECIFICATA
016.90,TUBERCOLOSI GENITOURINARIA NON SPECIFICATA
016.91,"TUBERCOLOSI GENITOURINARIA NON SPECIFICATA,ESAME BATTERIOLOGICO O ISTOLOGICO NON EFFETTUATO"
016.92,"TUBERCOLOSI GENITOURINARIA NON SPECIFICATA,RISULTATO DELL'ESAME BATTERIOLOGICO O ISTOLOGICO NON CONOSCIUTO (ALLO STATO ATTUALE)"
016.93,"TUBERCOLOSI GENITOURINARIA NON SPECIFICATA,ESAME MICROSCOPICO DELL'ESPETTORATO POSITIVO"
016.94,"TUBERCOLOSI GENITOURINARIA NON SPECIFICATA,ESAME MICROSCOPICO DELL'ESPETTORATO NEGATIVO,MA CON ESAME COLTURALE POSITIVO"
016.95,"TUBERCOLOSI GENITOURINARIA NON SPECIFICATA,ESAME BATTERIOLOGICO NEGATIVO,MA TUBERCOLOSI CONFERMATA ISTOLOGICAMENTE"
016.96,"TUBERCOLOSI GENITOURINARIA NON SPECIFICATA,ESAMI BATTERIOLOGICI O ISTOLOGICI NEGATIVI,MA TUBERCOLOSI CONFERMATA IN LABORATORIO CON ALTRI METODI"
017,TUBERCOLOSI DEGLI ALTRI ORGANI
017.0,TUBERCOLOSI DELLA PELLE E DEL TESSUTO CELLULARE SOTTOCUTANEO
017.00,"TUBERCOLOSI DELLA PELLE E DEL TESSUTO CELLULARE SOTTOCUTANEO,NON SPECIFICATA"
017.01,"TUBERCOLOSI DELLA PELLE E DEL TESSUTO CELLULARE SOTTOCUTANEO,ESAME BATTERIOLOGICO O ISTOLOGICO NON EFFETTUATO"
017.02,"TUBERCOLOSI DELLA PELLE E DEL TESSUTO CELLULARE SOTTOCUTANEO,RISULTATO DELL'ESAME BATTERIOLOGICO O ISTOLOGICO NON CONOSCIUTO (ALLO STATO ATTUALE)"
017.03,"TUBERCOLOSI DELLA PELLE E DEL TESSUTO CELLULARE SOTTOCUTANEO,ESAME MICROSCOPICO DELL'ESPETTORATO POSITIVO"
017.04,"TUBERCOLOSI DELLA PELLE E DEL TESSUTO CELLULARE SOTTOCUTANEO,ESAME MICROSCOPICO DELL'ESPETTORATO NEGATIVO,MA CON ESAME COLTURALE POSITIVO"
017.05,"TUBERCOLOSI DELLA PELLE E DEL TESSUTO CELLULARE SOTTOCUTANEO,ESAME BATTERIOLOGICO NEGATIVO,MA TUBERCOLOSI CONFERMATA ISTOLOGICAMENTE"
017.06,"TUBERCOLOSI DELLA PELLE E DEL TESSUTO CELLULARE SOTTOCUTANEO,ESAMI BATTERIOLOGICI O ISTOLOGICI NEGATIVI,MA TUBERCOLOSI CONFERMATA IN LABORATORIO CON ALTRI METODI"
017.1,ERITEMA NODOSO CON REAZIONE D'IPERSENSIBILIT@ IN CORSO DI TUBERCOLOSI
017.10,"ERITEMA NODOSO CON REAZIONE D'IPERSENSIBILIT@ IN CORSO DI TUBERCOLOSI,NON SPECIFICATO"
017.11,"ERITEMA NODOSO CON REAZIONE D'IPERSENSIBILIT@ IN CORSO DI TUBERCOLOSI,ESAME BATTERIOLOGICO O ISTOLOGICO NON EFFETTUATO"
017.12,"ERITEMA NODOSO CON REAZIONE D'IPERSENSIBILIT@ IN CORSO DI TUBERCOLOSI,RISULTATO DELL'ESAME BATTERIOLOGICO O ISTOLOGICO NON CONOSCIUTO (ALLO STATO ATTUALE)"
017.13,"ERITEMA NODOSO CON REAZIONE D'IPERSENSIBILIT@ IN CORSO DI TUBERCOLOSI,ESAME MICROSCOPICO DELL'ESPETTORATO POSITIVO"
017.14,"ERITEMA NODOSO CON REAZIONE D'IPERSENSIBILIT@ IN CORSO DI TUBERCOLOSI,ESAME MICROSCOPICO DELL'ESPETTORATO NEGATIVO,MA CON ESAME COLTURALE POSITIVO"
017.15,"ERITEMA NODOSO CON REAZIONE D'IPERSENSIBILIT@ IN CORSO DI TUBERCOLOSI,ESAME BATTERIOLOGICO NEGATIVO,MA TUBERCOLOSI CONFERMATA ISTOLOGICAMENTE"
017.16,"ERITEMA NODOSO CON REAZIONE D'IPERSENSIBILIT@ IN CORSO DI TUBERCOLOSI,ESAMI BATTERIOLOGICI O ISTOLOGICI NEGATIVI,MA TUBERCOLOSI CONFERMATA IN LABORATORIO CON ALTRI METODI"
017.2,TUBERCOLOSI DEI LINFONODI PERIFERICI
017.20,"TUBERCOLOSI DEI LINFONODI PERIFERICI,NON SPECIFICATA"
017.21,"TUBERCOLOSI DEI LINFONODI PERIFERICI,ESAME BATTERIOLOGICO O ISTOLOGICO NON EFFETTUATO"
017.22,"TUBERCOLOSI DEI LINFONODI PERIFERICI,RISULTATO DELL'ESAME BATTERIOLOGICO O ISTOLOGICO NON CONOSCIUTO (ALLO STATO ATTUALE)"
017.23,"TUBERCOLOSI DEI LINFONODI PERIFERICI,ESAME MICROSCOPICO DELL'ESPETTORATO POSITIVO"
017.24,"TUBERCOLOSI DEI LINFONODI PERIFERICI,ESAME MICROSCOPICO DELL'ESPETTORATO NEGATIVO,MA CON ESAME COLTURALE POSITIVO"
017.25,"TUBERCOLOSI DEI LINFONODI PERIFERICI,ESAME BATTERIOLOGICO NEGATIVO,MA TUBERCOLOSI CONFERMATA ISTOLOGICAMENTE"
017.26,"TUBERCOLOSI DEI LINFONODI PERIFERICI,ESAMI BATTERIOLOGICI O ISTOLOGICI NEGATIVI,MA TUBERCOLOSI CONFERMATA IN LABORATORIO CON ALTRI METODI"
017.3,TUBERCOLOSI DELL'OCCHIO
017.30,"TUBERCOLOSI DELL'OCCHIO,NON SPECIFICATA"
017.31,"TUBERCOLOSI DELL'OCCHIO,ESAME BATTERIOLOGICO O ISTOLOGICO NON EFFETTUATO"
017.32,"TUBERCOLOSI DELL'OCCHIO,RISULTATO DELL'ESAME BATTERIOLOGICO O ISTOLOGICO NON CONOSCIUTO (ALLO STATO ATTUALE)"
017.33,"TUBERCOLOSI DELL'OCCHIO,ESAME MICROSCOPICO DELL'ESPETTORATO POSITIVO"
017.34,"TUBERCOLOSI DELL'OCCHIO,ESAME MICROSCOPICO DELL'ESPETTORATO NEGATIVO,MA CON ESAME COLTURALE POSITIVO"
017.35,"TUBERCOLOSI DELL'OCCHIO,ESAME BATTERIOLOGICO NEGATIVO,MA TUBERCOLOSI CONFERMATA ISTOLOGICAMENTE"
017.36,"TUBERCOLOSI DELL'OCCHIO,ESAMI BATTERIOLOGICI O ISTOLOGICI NEGATIVI,MA TUBERCOLOSI CONFERMATA IN LABORATORIO CON ALTRI METODI"
017.4,TUBERCOLOSI DELL'ORECCHIO
017.40,"TUBERCOLOSI DELL'ORECCHIO,NON SPECIFICATA"
017.41,"TUBERCOLOSI DELL'ORECCHIO,ESAME BATTERIOLOGICO O ISTOLOGICO NON EFFETTUATO"
017.42,"TUBERCOLOSI DELL'ORECCHIO,RISULTATO DELL'ESAME BATTERIOLOGICO O ISTOLOGICO NON CONOSCIUTO (ALLO STATO ATTUALE)"
017.43,"TUBERCOLOSI DELL'ORECCHIO,ESAME MICROSCOPICO DELL'ESPETTORATO POSITIVO"
017.44,"TUBERCOLOSI DELL'ORECCHIO,ESAME MICROSCOPICO DELL'ESPETTORATO NEGATIVO,MA CON ESAME COLTURALE POSITIVO"
017.45,"TUBERCOLOSI DELL'ORECCHIO,ESAME BATTERIOLOGICO NEGATIVO,MA TUBERCOLOSI CONFERMATA ISTOLOGICAMENTE"
017.46,"TUBERCOLOSI DELL'ORECCHIO,ESAMI BATTERIOLOGICI O ISTOLOGICI NEGATIVI,MA TUBERCOLOSI CONFERMATA IN LABORATORIO CON ALTRI METODI"
017.5,TUBERCOLOSI DELLA TIROIDE
017.50,"TUBERCOLOSI DELLA TIROIDE,ORIGINE NON SPECIFICATA"
017.51,"TUBERCOLOSI DELLA TIROIDE,ESAME BATTERIOLOGICO O ISTOLOGICO NON EFFETTUATO"
017.52,"TUBERCOLOSI DELLA TIROIDE,RISULTATO DELL'ESAME BATTERIOLOGICO O ISTOLOGICO NON CONOSCIUTO (ALLO STATO ATTUALE)"
017.53,"TUBERCOLOSI DELLA TIROIDE,ESAME MICROSCOPICO DELL'ESPETTORATO POSITIVO"
017.54,"TUBERCOLOSI DELLA TIROIDE,ESAME MICROSCOPICO DELL'ESPETTORATO NEGATIVO,MA CON ESAME COLTURALE POSITIVO"
017.55,"TUBERCOLOSI DELLA TIROIDE,ESAME BATTERIOLOGICO NEGATIVO,MA TUBERCOLOSI CONFERMATA ISTOLOGICAMENTE"
017.56,"TUBERCOLOSI DELLA TIROIDE,ESAMI BATTERIOLOGICI O ISTOLOGICI NEGATIVI,MA TUBERCOLOSI CONFERMATA IN LABORATORIO CON ALTRI METODI"
017.6,TUBERCOLOSI DELLE GHIANDOLE SURRENALI
017.60,"TUBERCOLOSI DELLE GHIANDOLE SURRENALI,NON SPECIFICATA"
017.61,"TUBERCOLOSI DELLE GHIANDOLE SURRENALI,ESAME BATTERIOLOGICO O ISTOLOGICO NON EFFETTUATO"
017.62,"TUBERCOLOSI DELLE GHIANDOLE SURRENALI,RISULTATO DELL'ESAME BATTERIOLOGICO O ISTOLOGICO NON CONOSCIUTO (ALLO STATO ATTUALE)"
017.63,"TUBERCOLOSI DELLE GHIANDOLE SURRENALI,ESAME MICROSCOPICO DELL'ESPETTORATO POSITIVO"
017.64,"TUBERCOLOSI DELLE GHIANDOLE SURRENALI,ESAME MICROSCOPICO DELL'ESPETTORATO NEGATIVO,MA CON ESAME COLTURALE POSITIVO"
017.65,"TUBERCOLOSI DELLE GHIANDOLE SURRENALI,ESAME BATTERIOLOGICO NEGATIVO,MA TUBERCOLOSI CONFERMATA ISTOLOGICAMENTE"
017.66,"TUBERCOLOSI DELLE GHIANDOLE SURRENALI,ESAMI BATTERIOLOGICI O ISTOLOGICI NEGATIVI,MA TUBERCOLOSI CONFERMATA IN LABORATORIO CON ALTRI METODI"
017.7,TUBERCOLOSI DELLA MILZA
017.70,"TUBERCOLOSI DELLA MILZA,NON SPECIFICATA"
017.71,"TUBERCOLOSI DELLA MILZA,ESAME BATTERIOLOGICO O ISTOLOGICO NON EFFETTUATO"
017.72,"TUBERCOLOSI DELLA MILZA,RISULTATO DELL'ESAME BATTERIOLOGICO O ISTOLOGICO NON CONOSCIUTO (ALLO STATO ATTUALE)"
017.73,"TUBERCOLOSI DELLA MILZA,ESAME MICROSCOPICO DELL'ESPETTORATO POSITIVO"
017.74,"TUBERCOLOSI DELLA MILZA,ESAME MICROSCOPICO DELL'ESPETTORATO NEGATIVO,MA CON ESAME COLTURALE POSITIVO"
017.75,"TUBERCOLOSI DELLA MILZA,ESAME BATTERIOLOGICO NEGATIVO,MA TUBERCOLOSI CONFERMATA ISTOLOGICAMENTE"
017.76,"TUBERCOLOSI DELLA MILZA,ESAMI BATTERIOLOGICI O ISTOLOGICI NEGATIVI,MA TUBERCOLOSI CONFERMATA IN LABORATORIO CON ALTRI METODI"
017.8,TUBERCOLOSI DELL'ESOFAGO
017.80,"TUBERCOLOSI DELL'ESOFAGO,NON SPECIFICATA"
017.81,"TUBERCOLOSI DELL'ESOFAGO,ESAME BATTERIOLOGICO O ISTOLOGICO NON EFFETTUATO"
017.82,"TUBERCOLOSI DELL'ESOFAGO,RISULTATO DELL'ESAME BATTERIOLOGICO O ISTOLOGICO NON CONOSCIUTO (ALLO STATO ATTUALE)"
017.83,"TUBERCOLOSI DELL'ESOFAGO,ESAME MICROSCOPICO DELL'ESPETTORATO POSITIVO"
017.84,"TUBERCOLOSI DELL'ESOFAGO,ESAME MICROSCOPICO DELL'ESPETTORATO NEGATIVO,MA CON ESAME COLTURALE POSITIVO"
017.85,"TUBERCOLOSI DELL'ESOFAGO,ESAME BATTERIOLOGICO NEGATIVO,MA TUBERCOLOSI CONFERMATA ISTOLOGICAMENTE"
017.86,"TUBERCOLOSI DELL'ESOFAGO,ESAMI BATTERIOLOGICI O ISTOLOGICI NEGATIVI,MA TUBERCOLOSI CONFERMATA IN LABORATORIO CON ALTRI METODI"
017.9,TUBERCOLOSI DI ALTRI ORGANI
017.90,"TUBERCOLOSI DI ALTRI ORGANI,NON SPECIFICATA"
017.91,"TUBERCOLOSI DI ALTRI ORGANI,ESAME BATTERIOLOGICO O ISTOLOGICO NON EFFETTUATO"
017.92,"TUBERCOLOSI DI ALTRI ORGANI,RISULTATO DELL'ESAME BATTERIOLOGICO O ISTOLOGICO NON CONOSCIUTO (ALLO STATO ATTUALE)"
017.93,"TUBERCOLOSI DI ALTRI ORGANI,ESAME MICROSCOPICO DELL'ESPETTORATO POSITIVO"
017.94,"TUBERCOLOSI DI ALTRI ORGANI,ESAME MICROSCOPICO DELL'ESPETTORATO NEGATIVO,MA CON ESAME COLTURALE POSITIVO"
017.95,"TUBERCOLOSI DI ALTRI ORGANI,ESAME BATTERIOLOGICO NEGATIVO,MA TUBERCOLOSI CONFERMATA ISTOLOGICAMENTE"
017.96,"TUBERCOLOSI DI ALTRI ORGANI,ESAMI BATTERIOLOGICI O ISTOLOGICI NEGATIVI,MA TUBERCOLOSI CONFERMATA IN LABORATORIO CON ALTRI METODI"
018,TUBERCOLOSI MILIARE
018.0,TUBERCOLOSI MILIARE ACUTA
018.00,"TUBERCOLOSI MILIARE ACUTA,NON SPECIFICATA"
018.01,"TUBERCOLOSI MILIARE ACUTA,ESAME BATTERIOLOGICO O ISTOLOGICO NON EFFETTUATO"
018.02,"TUBERCOLOSI MILIARE ACUTA,RISULTATO DELL'ESAME BATTERIOLOGICO O ISTOLOGICO NON CONOSCIUTO (ALLO STATO ATTUALE)"
018.03,"TUBERCOLOSI MILIARE ACUTA,ESAME MICROSCOPICO DELL'ESPETTORATO POSITIVO"
018.04,"TUBERCOLOSI MILIARE ACUTA,ESAME MICROSCOPICO DELL'ESPETTORATO NEGATIVO,MA CON ESAME COLTURALE POSITIVO"
018.05,"TUBERCOLOSI MILIARE ACUTA,ESAME BATTERIOLOGICO NEGATIVO,MA TUBERCOLOSI CONFERMATA ISTOLOGICAMENTE"
018.06,"TUBERCOLOSI MILIARE ACUTA,ESAMI BATTERIOLOGICI O ISTOLOGICI NEGATIVI,MA TUBERCOLOSI CONFERMATA IN LABORATORIO CON ALTRI METODI"
018.8,ALTRE FORME DI TUBERCOLOSI MILIARE
018.80,"ALTRE FORME DI TUBERCOLOSI MILIARE,NON SPECIFICATA"
018.81,"ALTRE FORME DI TUBERCOLOSI MILIARE,ESAME BATTERIOLOGICO O ISTOLOGICO NON EFFETTUATO"
018.82,"ALTRE FORME DI TUBERCOLOSI MILIARE,RISULTATO DELL'ESAME BATTERIOLOGICO O ISTOLOGICO NON CONOSCIUTO (ALLO STATO ATTUALE)"
018.83,"ALTRE FORME DI TUBERCOLOSI MILIARE,ESAME MICROSCOPICO DELL'ESPETTORATO POSITIVO"
018.84,"ALTRE FORME DI TUBERCOLOSI MILIARE,ESAME MICROSCOPICO DELL'ESPETTORATO NEGATIVO,MA CON ESAME COLTURALE POSITIVO"
018.85,"ALTRE FORME DI TUBERCOLOSI MILIARE,ESAME BATTERIOLOGICO NEGATIVO,MA TUBERCOLOSI CONFERMATA ISTOLOGICAMENTE"
018.86,"ALTRE FORME DI TUBERCOLOSI MILIARE,ESAMI BATTERIOLOGICI O ISTOLOGICI NEGATIVI,MA TUBERCOLOSI CONFERMATA IN LABORATORIO CON ALTRI METODI"
018.9,TUBERCOLOSI MILIARE NON SPECIFICATA
018.90,TUBERCOLOSI MILIARE NON SPECIFICATA
018.91,"TUBERCOLOSI MILIARE NON SPECIFICATA,ESAME BATTERIOLOGICO O ISTOLOGICO NON EFFETTUATO"
018.92,"TUBERCOLOSI MILIARE NON SPECIFICATA,RISULTATO DELL'ESAME BATTERIOLOGICO O ISTOLOGICO NON CONOSCIUTO (ALLO STATO ATTUALE)"
018.93,"TUBERCOLOSI MILIARE NON SPECIFICATA,ESAME MICROSCOPICO DELL'ESPETTORATO POSITIVO"
018.94,"TUBERCOLOSI MILIARE NON SPECIFICATA,ESAME MICROSCOPICO DELL'ESPETTORATO NEGATIVO,MA CON ESAME COLTURALE POSITIVO"
018.95,"TUBERCOLOSI MILIARE NON SPECIFICATA,ESAME BATTERIOLOGICO NEGATIVO,MA TUBERCOLOSI CONFERMATA ISTOLOGICAMENTE"
018.96,"TUBERCOLOSI MILIARE NON SPECIFICATA,ESAMI BATTERIOLOGICI O ISTOLOGICI NEGATIVI,MA TUBERCOLOSI CONFERMATA IN LABORATORIO CON ALTRI METODI"
020,PESTE
020.0,PESTE BUBBONICA
020.1,PESTE CELLULOCUTANEA
020.2,PESTE SETTICEMICA
020.3,PESTE POLMONARE PRIMARIA
020.4,PESTE POLMONARE SECONDARIA
020.5,PESTE POLMONARE NON SPECIFICATA
020.8,ALTRE FORME DI PESTE
020.9,PESTE NON SPECIFICATA
021,TULAREMIA
021.0,TULAREMIA ULCEROGHIANDOLARE
021.1,TULAREMIA ENTERICA
021.2,TULAREMIA POLMONARE
021.3,TULAREMIA OCULOGHIANDOLARE
021.8,ALTRE FORME DI TULAREMIA
021.9,TULAREMIA NON SPECIFICATA
022,CARBONCHIO
022.0,CARBONCHIO CUTANEO
022.1,CARBONCHIO POLMONARE
022.2,CARBONCHIO GASTROINTESTINALE
022.3,SETTICEMIA CARBONCHIOSA
022.8,ALTRE MANIFESTAZIONI DI CARBONCHIO
022.9,CARBONCHIO NON SPECIFICATO
023,BRUCELLOSI
023.0,BRUCELLA MELITENSIS
023.1,BRUCELLA ABORTUS
023.2,BRUCELLA SUIS
023.3,BRUCELLA CANIS
023.8,ALTRE BRUCELLOSI
023.9,BRUCELLOSI NON SPECIFICATA
024,MORVA
025,MELIOIDOSI
026,FEBBRE DA MORSO DI RATTO
026.0,FEBBRE SPIRILLARE
026.1,FEBBRE STREPTOBACILLARE
026.9,FEBBRE DA MORSO DI RATTO NON SPECIFICATA
027,ALTRE MALATTIE BATTERICHE TRASMESSE DA ANIMALI
027.0,LISTERIOSI
027.1,INFEZIONE DA ERYSIPELOTHRIX
027.2,PASTEURELLOSI
027.8,ALTRE ZOONOSI BATTERICHE
027.9,ZOONOSI BATTERICHE NON SPECIFICATE
030,LEBBRA
030.0,LEBBRA LEPROMATOSA (TIPO L)
030.1,LEBBRA TUBERCOLOIDE (TIPO T)
030.2,LEBBRA INDETERMINATA (GRUPPO I)
030.3,LEBBRA BORDERLINE (GRUPPO B)
030.8,ALTRE FORME SPECIFICATE DI LEBBRA
030.9,"LEBBRA,NON SPECIFICATA"
031,MALATTIE DA ALTRI MICOBATTERI
031.0,MALATTIE POLMONARI DA ALTRI MICOBATTERI
031.1,MALATTIE CUTANEE DA ALTRI MICOBATTERI
031.2,MALATTIA DISSEMINATA DOVUTA A MICOBATTERI
031.8,ALTRE FORME DI MALATTIE DA MICOBATTERI NON SPECIFICATI
031.9,MALATTIE DA MICOBATTERI NON SPECIFICATE
032,DIFTERITE
032.0,DIFTERITE DELLE FAUCI
032.1,DIFTERITE RINOFARINGEA
032.2,DIFTERITE NASALE ANTERIORE
032.3,DIFTERITE LARINGEA
032.8,ALTRE FORME DI DIFTERITE
032.81,DIFTERITE CONGIUNTIVALE
032.82,MIOCARDITE DIFTERICA
032.83,PERITONITE DIFTERICA
032.84,CISTITE DIFTERICA
032.85,DIFTERITE CUTANEA
032.89,ALTRE FORME DI DIFTERITE
032.9,DIFTERITE NON SPECIFICATA
033,PERTOSSE
033.0,PERTOSSE DA BORDETELLA PERTUSSIS (B. PERTUSSIS)
033.1,PERTOSSE DA BORDETELLA PARAPERTUSSIS (B. PARAPERTUSSIS)
033.8,PERTOSSE DA ALTRI ORGANISMI SPECIFICATI
033.9,PERTOSSE DA ORGANISMI NON SPECIFICATI
034,ANGINA STREPTOCOCCICA E SCARLATTINA
034.0,ANGINA STREPTOCOCCICA
034.1,SCARLATTINA
035,ERISIPELA
036,INFEZIONE MENINGOCOCCICA
036.0,MENINGITE MENINGOCOCCICA
036.1,ENCEFALITE MENINGOCOCCICA
036.2,MENINGOCOCCEMIA
036.3,"SINDROME WATERHOUSE-FRIDERICHSEN,ME-NINGOCOCCICA"
036.4,CARDITE MENINGOCOCCICA
036.40,"CARDITE MENINGOCOCCICA,NON SPECIFICATA"
036.41,PERICARDITE MENINGOCOCCICA
036.42,ENDOCARDITE MENINGOCOCCICA
036.43,MIOCARDITE MENINGOCOCCICA
036.8,ALTRE FORME SPECIFICATE DI INFEZIONI MENINGOCOCCICHE
036.81,NEURITE OTTICA MENINGOCOCCICA
036.82,ARTROPATIA MENINGOCOCCICA
036.89,ALTRE FORME SPECIFICATE DI INFEZIONI MENINGOCOCCICHE
036.9,INFEZIONE MENINGOCOCCICA NON SPECIFICATA
037,TETANO
038,SETTICEMIA
038.0,SETTICEMIA STREPTOCOCCICA
038.1,SETTICEMIA STAFILOCOCCICA
038.10,"SETTICEMIA STAFILOCOCCICA,NON SPECIFICATA"
038.11,SETTICEMIA DA STAFILOCOCCO AUREO
038.19,SETTICEMIA DA STAFILOCOCCO
038.2,SETTICEMIA PNEUMOCOCCICA
038.3,SETTICEMIA DA ANAEROBI
038.4,SETTICEMIA DA ALTRI BATTERI GRAM-NEGATIVI
038.40,"SETTICEMIA DA BATTERI GRAM-NEGATIVI,NON SPECIFICATI"
038.41,SETTICEMIA DA HAEMOPHILUS INFLUEN
038.42,SETTICEMIA DA ESCHERICHIA COLI (E. COLI)
038.43,SETTICEMIA DA PSEUDOMONAS
038.44,SETTICEMIA DA SERRATIA
038.49,ALTRE SETTICEMIE DA MICRORGANISMI GRAM-NEGATIVI
038.8,ALTRE FORME DI SETTICEMIE
038.9,SETTICEMIA NON SPECIFICATA
039,INFEZIONI ACTINOMICOTICHE
039.0,INFEZIONE ACTINOMICOTICA CUTANEA
039.1,INFEZIONE ACTINOMICOTICA POLMONARE
039.2,INFEZIONE ACTINOMICOTICA ADDOMINALE
039.3,INFEZIONE ACTINOMICOTICA CERVICOFACCIALE
039.4,PIEDE DI MADURA
039.8,INFEZIONE ACTINOMICOTICA DI ALTRE SEDI SPECIFICATE
039.9,INFEZIONE ACTINOMICOTICA DI SEDE NON SPECIFICATA
040,ALTRE MALATTIE BATTERICHE
040.0,GANGRENA GASSOSA
040.1,RINOSCLEROMA
040.2,MALATTIA DI WHIPPLE
040.3,NECROBACILLOSI
040.8,ALTRE MALATTIE BATTERICHE SPECIFICATE
040.81,PIOMIOSITE TROPICALE
040.82,SINDROME DELLO SHOCK TOSSICO
040.89,ALTRE MALATTIE BATTERICHE SPECIFICATE
041,INFEZIONI BATTERICHE IN CONDIZIONI MORBOSE CLASSIFICATE ALTROVE E DI SEDE NON SPECIFICATA
041.0,INFEZIONE STREPTOCOCCICA IN CONDIZIONI MORBOSE CLASSIFICATE ALTROVE E DI SEDE NON SPECIFICATA
041.00,"INFEZIONE STREPTOCOCCICA IN MANIFESTAZIONI MORBOSE CLASSIFICATE ALTROVE E DI SEDE NON SPECIFICATA,STREPTOCOCCO,NON SPECIFICATO"
041.01,"INFEZIONE STREPTOCOCCICA IN MANIFESTAZIONI MORBOSE CLASSIFICATE ALTROVE E DI SEDE NON SPECIFICATA,STREPTOCOCCO,GRUPPO A"
041.02,"INFEZIONE STREPTOCOCCICA IN MANIFESTAZIONI MORBOSE CLASSIFICATE ALTROVE E DI SEDE NON SPECIFICATA,STREPTOCOCCO,GRUPPO B"
041.03,"INFEZIONE STREPTOCOCCICA IN MANIFESTAZIONI MORBOSE CLASSIFICATE ALTROVE E DI SEDE NON SPECIFICATA,STREPTOCOCCO,GRUPPO C"
041.04,"INFEZIONE STREPTOCOCCICA IN MANIFESTAZIONI MORBOSE CLASSIFICATE ALTROVE E DI SEDE NON SPECIFICATA,STREPTOCOCCO,GRUPPO D"
041.05,"INFEZIONE STREPTOCOCCICA IN MANIFESTAZIONI MORBOSE CLASSIFICATE ALTROVE E DI SEDE NON SPECIFICATA,STREPTOCOCCO,GRUPPO G"
041.09,"INFEZIONE STREPTOCOCCICA IN MANIFESTAZIONI MORBOSE CLASSIFICATE ALTROVE E DI SEDE NON SPECIFICATA,ALTRI STREPTOCOCCHI"
041.1,INFEZIONE STAFILOCOCCICA IN CONDIZIONI MORBOSE CLASSIFICATE ALTROVE E DI SEDE NON SPECIFICATA
041.10,"INFEZIONE STAFILOCOCCICA IN MANIFESTAZIONI MORBOSE CLASSIFICATE ALTROVE E DI SEDE NON SPECIFICATA,STAFILOCOCCO,NON SPECIFICATO"
041.11,"INFEZIONE STAFILOCOCCICA IN MANIFESTAZIONI MORBOSE CLASSIFICATE ALTROVE E DI SEDE NON SPECIFICATA,STAFILOCOCCO AUREO"
041.19,"INFEZIONE STAFILOCOCCICA IN MANIFESTAZIONI MORBOSE CLASSIFICATE ALTROVE E DI SEDE NON SPECIFICATA,ALTRI STAFILOCOCCHI"
041.2,INFEZIONE PNEUMOCOCCICA IN MANIFESTAZIONI MORBOSE CLASSIFICATE ALTROVE E DI SEDE NON SPECIFICATA
041.3,INFEZIONE DA BACILLO DI FRIEDLANDER IN MANIFESTAZIONI MORBOSE CLASSIFICATE ALTROVE E DI SEDE NON SPECIFICATA
041.4,INFEZIONE DA ESCHERICHIA COLI (E. COLI) IN MANIFESTAZIONI MORBOSE CLASSIFICATE ALTROVE E DI SEDE NON SPECIFICATA
041.5,INFEZIONE HAEMOPHILUS INFLUENZAE (H. INFLUENZAE) IN MANIFESTAZIONI MORBOSE CLASSIFICATE ALTROVE E DI SEDE NON SPECIFICATA
041.6,INFEZIONE DA PROTEUS (MIRABILIS) (MORGANII) IN MANIFESTAZIONI MORBOSE CLASSIFICATE ALTROVE E DI SEDE NON SPECIFICATA
041.7,INFEZIONE DA PSEUDOMONAS IN MANIFESTAZIONI MORBOSE CLASSIFICATE ALTROVE E DI SEDE NON SPECIFICATA
041.8,ALTRE INFEZIONI BATTERICHE SPECIFICATE IN CONDIZIONI MORBOSE CLASSIFICATE ALTROVE E DI SEDE NON SPECIFICATA
041.81,"ALTRE INFEZIONI BATTERICHE SPECIFICATE IN MANIFESTAZIONI MORBOSE CLASSIFICATE ALTROVE E DI SEDE NON SPECIFICATA,MICOPLASMA"
041.82,"ALTRE INFEZIONI BATTERICHE SPECIFICATE IN MANIFESTAZIONI MORBOSE CLASSIFICATE ALTROVE E DI SEDE NON SPECIFICATA,"
041.83,"ALTRE INFEZIONI BATTERICHE SPECIFICATE IN MANIFESTAZIONI MORBOSE CLASSIFICATE ALTROVE E DI SEDE NON SPECIFICATA,CLOSTRIDIUM PERFRINGENS"
041.84,"ALTRE INFEZIONI BATTERICHE SPECIFICATE IN MANIFESTAZIONI MORBOSE CLASSIFICATE ALTROVE E DI SEDE NON SPECIFICATA,ALTRI ANAEROBI"
041.85,"ALTRE INFEZIONI BATTERICHE SPECIFICATE IN MANIFESTAZIONI MORBOSE CLASSIFICATE ALTROVE E DI SEDE NON SPECIFICATA,ALTRI ORGANISMI GRAM-NEGATIVI"
041.86,INFEZIONE DA HELICOBACTER PYLORI (H. PYLORI)
041.89,"ALTRE INFEZIONI BATTERICHE SPECIFICATE IN MANIFESTAZIONI MORBOSE CLASSIFICATE ALTROVE E DI SEDE NON SPECIFICATA,ALTRI BATTERI SPECIFICATI"
041.9,"INFEZIONE BATTERICA,NON SPECIFICATA,IN MANIFESTAZIONI MORBOSE CLASSIFICATE ALTROVE E DI SEDE NON SPECIFICATA"
042,INFEZIONE DA VIRUS DELLA IMMUNODEFICIENZA UMANA (HIV)
045,POLIOMIELITE ACUTA
045.0,"POLIOMIELITE PARALITICA ACUTA, SPECIFICATA COME BULBARE"
045.00,"POLIOMIELITE PARALITICA ACUTA,SPECIFICATA COME BULBARE,TIPO DI POLIOVIRUS NON SPECIFICATO"
045.01,"POLIOMIELITE PARALITICA ACUTA,SPECIFICATA COME BULBARE,POLIOVIRUS TIPO I"
045.02,"POLIOMIELITE PARALITICA ACUTA,SPECIFICATA COME BULBARE,POLIOVIRUS TIPO II"
045.03,"POLIOMIELITE PARALITICA ACUTA,SPECIFICATA COME BULBARE,POLIOVIRUS TIPO III"
045.1,POLIOMIELITE ACUTA CON ALTRE PARALISI
045.10,"POLIOMIELITE ACUTA CON ALTRE PARALISI,TIPO DI POLIOVIRUS NON SPECIFICATO"
045.11,"POLIOMIELITE ACUTA CON ALTRE PARALISI,POLIOVIRUS TIPO I"
045.12,"POLIOMIELITE ACUTA CON ALTRE PARALISI,POLIOVIRUS TIPO II"
045.13,"POLIOMIELITE ACUTA CON ALTRE PARALISI,POLIOVIRUS TIPO III"
045.2,POLIOMIELITE NON PARALITICA ACUTA
045.20,"POLIOMIELITE NON PARALITICA ACUTA,TIPO DI POLIOVIRUS NON SPECIFICATO"
045.21,"POLIOMIELITE NON PARALITICA ACUTA,POLIOVIRUS TIPO I"
045.22,"POLIOMIELITE NON PARALITICA ACUTA,POLIOVIRUS TIPO II"
045.23,"POLIOMIELITE NON PARALITICA ACUTA,POLIOVIRUS TIPO III"
045.9,POLIOMIELITE ACUTA NON SPECIFICATA
045.90,"POLIOMIELITE ACUTA NON SPECIFICATA,TIPO DI POLIOVIRUS NON SPECIFICATO"
045.91,"POLIOMIELITE ACUTA NON SPECIFICATA,POLIOVIRUS TIPO I"
045.92,"POLIOMIELITE ACUTA NON SPECIFICATA,POLIOVIRUS TIPO II"
045.93,"POLIOMIELITE ACUTA NON SPECIFICATA,POLIOVIRUS TIPO III"
046,INFEZIONI DEL SISTEMA NERVOSO CENTRALE DA VIRUS LENTI
046.0,KURU
046.1,MALATTIA DI JAKOB-CREUTZFELDT
046.2,PANENCEFALITE SCLEROSANTE SUBACUTA
046.3,LEUCOENCEFALOPATIA MULTIFOCALE PROGRESSIVA
046.8,ALTRE INFEZIONI SPECIFICATE DEL SISTEMA NERVOSO CENTRALE DA VIRUS LENTI
046.9,INFEZIONI NON SPECIFICATE DEL SISTEMA NERVOSO CENTRALE DA VIRUS LENTI
047,MENINGITE DA ENTEROVIRUS
047.0,MENINGITE DA VIRUS COXSACKIE
047.1,MENINGITE DA VIRUS ECHO
047.8,ALTRE MENINGITI VIRALI SPECIFICATE
047.9,MENINGITI VIRALI NON SPECIFICATE
048,ALTRE MALATTIE DA ENTEROVIRUS DEL SISTEMA NERVOSO CENTRALE
049,ALTRE MALATTIE VIRALI DEL SISTEMA NERVOSO CENTRALE NON TRASMESSE DA ARTROPODI
049.0,CORIOMENINGITE LINFOCITARIA NON TRASMESSA DA ARTROPODI
049.1,MENINGITE DA ADENOVIRUS NON TRASMESSA DA ARTROPODI
049.8,ALTRE MALATTIE VIRALI DEL SISTEMA NERVOSO CENTRALE SPECIFICATE NON TRASMESSE DA ARTROPODI
049.9,MALATTIE VIRALI DEL SISTEMA NERVOSO CENTRALE NON SPECIFICATE NON TRASMESSE DA ARTROPODI
050,VAIOLO
050.0,VARIOLA MAJOR
050.1,ALASTRIM
050.2,VAIOLO MODIFICATO
050.9,VAIOLO NON SPECIFICATO
051,MALATTIA VACCINICA E SIMILVACCINICA
051.0,MALATTIA VACCINICA
051.1,MALATTIA SIMILVACCINICA
051.2,DERMATITE PUSTOLOSA CONTAGIOSA
051.9,MALATTIA SIMILVACCINICA NON SPECIFICATA
052,VARICELLA
052.0,ENCEFALITE POST-VARICELLA
052.1,POLMONITE EMORRAGICA DA VARICELLA
052.2,MIELITE POST-VARICELLA
052.7,VARICELLA CON ALTRE COMPLICAZIONI SPECIFICATE
052.8,VARICELLA CON COMPLICAZIONI NON SPECIFICATE
052.9,VARICELLA SENZA MENZIONE DI COMPLICAZIONI
053,HERPES ZOSTER
053.0,HERPES ZOSTER CON MENINGITE
053.1,HERPES ZOSTER CON ALTRE COMPLICAZIONI DEL SISTEMA NERVOSO
053.10,HERPES ZOSTER CON COMPLICAZIONI DEL SISTEMA NERVOSO NON SPECIFICATE
053.11,HERPES ZOSTER DEL GANGLIO GENICOLATO
053.12,NEVRALGIA DEL TRIGEMINO POSTERPETICA
053.13,POLINEUROPATIA POSTERPETICA
053.14,MIELITE DA HERPES ZOSTER
053.19,HERPES ZOSTER CON ALTRE COMPLICAZIONI DEL SISTEMA NERVOSO
053.2,HERPES ZOSTER CON COMPLICAZIONI OFTALMICHE
053.20,DERMATITE DELLE PALPEBRE DA HERPES ZOSTER
053.21,CHERATOCONGIUNTIVITE DA HERPES ZOSTER
053.22,IRIDOCICLITE DA HERPES ZOSTER
053.29,HERPES ZOSTER CON ALTRE COMPLICAZIONI OFTALMICHE
053.7,HERPES ZOSTER CON ALTRE COMPLICAZIONI SPECIFICATE
053.71,OTITE ESTERNA DA HERPES ZOSTER
053.79,HERPES ZOSTER CON ALTRE COMPLICAZIONI SPECIFICATE
053.8,HERPES ZOSTER CON COMPLICAZIONI NON SPECIFICATE
053.9,HERPES ZOSTER SENZA MENZIONE DI COMPLICAZIONI
054,HERPES SIMPLEX
054.0,ECZEMA ERPETICO
054.1,HERPES GENITALE
054.10,"HERPES GENITALE,NON SPECIFICATO"
054.11,VULVOVAGINITE ERPETICA
054.12,ULCERA ERPETICA DELLA VULVA
054.13,INFEZIONE ERPETICA DEL PENE
054.19,ALTRE FORME DI HERPES GENITALE
054.2,GENGIVOSTOMATITE ERPETICA
054.3,MENINGOENCEFALITE ERPETICA
054.4,HERPES SIMPLEX CON COMPLICAZIONI OFTALMICHE
054.40,HERPES SIMPLEX CON COMPLICAZIONI OFTALMICHE NON SPECIFICATE
054.41,DERMATITE DELLE PALPEBRE DA HERPES SIMPLEX
054.42,CHERATITE DENDRITICA
054.43,CHERATITE DISCIFORME DA HERPES SIMPLEX
054.44,IRIDOCICLITE DA HERPES SIMPLEX
054.49,HERPES SIMPLEX CON ALTRE COMPLICAZIONI OFTALMICHE
054.5,SETTICEMIA ERPETICA
054.6,PATERECCIO ERPETICO
054.7,HERPES SIMPLEX CON ALTRE COMPLICAZIONI SPECIFICATE
054.71,HERPES SIMPLEX VISCERALE
054.72,MENINGITE DA HERPES SIMPLEX
054.73,OTITE ESTERNA DA HERPES SIMPLEX
054.74,MIELITE DA HERPES SIMPLEX
054.79,HERPES SIMPLEX CON ALTRE COMPLICAZIONI SPECIFICATE
054.8,HERPES SIMPLEX CON COMPLICAZIONI NON SPECIFICATE
054.9,HERPES SIMPLEX SENZA MENZIONE DI COMPLICAZIONI
055,MORBILLO
055.0,ENCEFALITE POSTMORBILLOSA
055.1,POLMONITE POSTMORBILLOSA
055.2,OTITE MEDIA POSTMORBILLOSA
055.7,MORBILLO CON ALTRE COMPLICAZIONI SPECIFICATE
055.71,CHERATOCONGIUNTIVITE DA MORBILLO
055.79,MORBILLO CON ALTRE COMPLICAZIONI SPECIFICATE
055.8,MORBILLO CON COMPLICAZIONI NON SPECIFICATE
055.9,MORBILLO SENZA MENZIONE DI COMPLICAZIONI
056,ROSOLIA
056.0,ROSOLIA CON COMPLICAZIONI NEUROLOGICHE
056.00,ROSOLIA CON COMPLICAZIONI NEUROLOGICHE NON SPECIFICATE
056.01,ENCEFALOMIELITE DA ROSOLIA
056.09,ROSOLIA CON ALTRE COMPLICAZIONI NEUROLOGICHE
056.7,ROSOLIA CON ALTRE COMPLICAZIONI SPECIFICATE
056.71,ARTRITE DA ROSOLIA
056.79,ROSOLIA CON ALTRE COMPLICAZIONI SPECIFICATE
056.8,ROSOLIA CON COMPLICAZIONI NON SPECIFICATE
056.9,ROSOLIA SENZA MENZIONE DI COMPLICAZIONI
057,ALTRI ESANTEMI VIRALI
057.0,ERITEMA INFETTIVO (QUINTA MALATTIA)
057.8,ALTRI ESANTEMI VIRALI SPECIFICATI
057.9,ESANTEMI VIRALI NON SPECIFICATI
060,FEBBRE GIALLA
060.0,FEBBRE GIALLA SILVESTRE
060.1,FEBBRE GIALLA URBANA
060.9,FEBBRE GIALLA NON SPECIFICATA
061,DENGUE
062,ENCEFALITE VIRALE DA ZANZARE
062.0,ENCEFALITE GIAPPONESE
062.1,ENCEFALITE EQUINA TIPO OVEST
062.2,ENCEFALITE EQUINA TIPO EST
062.3,ENCEFALITE DI ST. LOUIS
062.4,ENCEFALITE AUSTRALIANA
062.5,ENCEFALITE DA VIRUS CALIFORNIA
062.8,"ALTRE ENCEFALITI VIRALI DA ZANZARE,SPECIFICATE"
062.9,"ENCEFALITE VIRALE DA ZANZARE,NON SPECIFICATE"
063,ENCEFALITE VIRALE DA ZECCHE
063.0,ENCEFALITE PRIMAVERILE-ESTIVA RUSSA [TAIGA]
063.1,LOUPING ILL
063.2,ENCEFALITE CENTROEUROPEA
063.8,"ALTRE ENCEFALITI VIRALI DA ZECCHE,SPECIFICATE"
063.9,"ENCEFALITI VIRALI DA ZECCHE,NON SPECIFICATE"
064,ENCEFALITE VIRALE TRASMESSA DA ALTRI E NON SPECIFICATI ARTROPODI
065,FEBBRE EMORRAGICA DA ARTROPODI
065.0,FEBBRE EMORRAGICA DELLA CRIMEA [CHF DA VIRUS CONGO]
065.1,FEBBRE EMORRAGICA DI OMSK
065.2,MALATTIA DELLA FORESTA DI KYASANUR
065.3,ALTRE FEBBRI EMORRAGICHE DA ZECCHE
065.4,FEBBRE EMORRAGICA DA ZANZARE
065.8,"ALTRE FEBBRI EMORRAGICHE DA ARTROPODI,SPECIFICATE"
065.9,"FEBBRI EMORRAGICHE DA ARTROPODI,NON SPECIFICATE"
066,ALTRE MALATTIE VIRALI DA ARTROPODI
066.0,FEBBRE DA FLEBOTOMI
066.1,FEBBRE DA ZECCHE
066.2,FEBBRE EQUINA DEL VENEZUELA
066.3,ALTRE FEBBRI DA ZANZARE
066.4,FEBBRE DEL NILO OCCIDENTALE
066.40,FEBBRE DEL NILO OCCIDENTALE NON SPECIFICATA
066.41,FEBBRE DEL NILO OCCIDENTALE CON ENCEFALITE
066.42,FEBBRE DEL NILO OCCIDENTALE CON ALTRE COMPLICAZIONI NEUROLOGICHE
066.49,FEBBRE DEL NILO OCCIDENTALE CON ALTRE COMPLICAZIONI
066.8,"ALTRE MALATTIE VIRALI DA ARTROPODI,SPECIFICATE"
066.9,"MALATTIE VIRALI DA ARTROPODI,NON SPECIFICATE"
070,EPATITE VIRALE
070.0,EPATITE VIRALE A CON COMA EPATICO
070.1,EPATITE VIRALE A SENZA MENZIONE DI COMA EPATICO
070.2,EPATITE VIRALE B CON COMA EPATICO
070.20,"EPATITE VIRALE B CON COMA EPATICO,ACUTA O NON SPECIFICATA,SENZA MENZIONE DI EPATITE DELTA"
070.21,"EPATITE VIRALE B CON COMA EPATICO,ACUTA O NON SPECIFICATA,CON EPATITE DELTA"
070.22,EPATITE VIRALE B CRONICA CON COMA EPATICO SENZA EPATITE DELTA
070.23,EPATITE VIRALE B CRONICA CON COMA EPATICO CON EPATITE DELTA
070.3,EPATITE VIRALE B SENZA MENZIONE DI COMA EPATICO
070.30,"EPATITE VIRALE B SENZA MENZIONE DI COMA EPATICO,ACUTA O NON SPECIFICATA,SENZA MENZIONE DI EPATITE DELTA"
070.31,"EPATITE VIRALE B SENZA MENZIONE DI COMA EPATICO,ACUTA O NON SPECIFICATA,CON EPATITE DELTA"
070.32,"EPATITE VIRALE B CRONICA SENZA MENZIONE DI COMA EPATICO,SENZA MENZIONE DI EPATITE DELTA"
070.33,"EPATITE VIRALE B CRONICA SENZA MENZIONE DI COMA EPATICO,CON EPATITE DELTA"
070.4,ALTRE EPATITI VIRALI SPECIFICATE CON COMA EPATICO
070.41,EPATITE C ACUTA CON COMA EPATICO
070.42,"EPATITE DELTA SENZA MENZIONE DI EPATITE B ATTIVA,CON COMA EPATICO,EPATITE DELTA IN PORTATORE DI EPATITE B"
070.43,EPATITE E CON COMA EPATICO
070.44,EPATITE C CRONICA CON COMA EPATICO
070.49,ALTRE EPATITI VIRALI SPECIFICATE CON COMA EPATICO
070.5,ALTRE EPATITI VIRALI SPECIFICATE SENZA MENZIONE DI COMA EPATICO
070.51,EPATITE C ACUTA SENZA MENZIONE DI COMA EPATICO
070.52,EPATITE DELTA SENZA MENZIONE DI EPATITE B ATTIVA O COMA EPATICO
070.53,EPATITE E SENZA MENZIONE DI COMA EPATICO
070.54,EPATITE C CRONICA SENZA MENZIONE DI COMA EPATICO
070.59,ALTRE EPATITI VIRALI SPECIFICATE SENZA MENZIONE DI COMA EPATICO
070.6,EPATITE VIRALE NON SPECIFICATA CON COMA EPATICO
070.7,EPATITE VIRALE C NON SPECIFICATA
070.70,EPATITE VIRALE C NON SPECIFICATA SENZA MENZIONE DI COMA EPATICO
070.71,EPATITE VIRALE C NON SPECIFICATA CON COMA EPATICO
070.9,EPATITE VIRALE NON SPECIFICATA SENZA MENZIONE DI COMA EPATICO
071,RABBIA
072,PAROTITE EPIDEMICA
072.0,ORCHITE PAROTITICA
072.1,MENINGITE PAROTITICA
072.2,ENCEFALITE PAROTITICA
072.3,PANCREATITE PAROTITICA
072.7,PAROTITE CON ALTRE COMPLICAZIONI SPECIFICATE
072.71,EPATITE PAROTITICA
072.72,POLINEUROPATIA PAROTITICA
072.79,PAROTITE CON ALTRE COMPLICAZIONI SPECIFICATE
072.8,PAROTITE EPIDEMICA CON COMPLICAZIONI NON SPECIFICATE
072.9,PAROTITE EPIDEMICA SENZA MENZIONE DI COMPLICAZIONI
073,PSITTACOSI
073.0,POLMONITE DA PSITTACOSI
073.7,PSITTACOSI CON ALTRE COMPLICAZIONI SPECIFICATE
073.8,PSITTACOSI CON COMPLICAZIONI NON SPECIFICATE
073.9,"PSITTACOSI,NON SPECIFICATA"
074,MALATTIE SPECIFICHE DA VIRUS COXSACKIE
074.0,HERPANGINA
074.1,PLEURODINIA EPIDEMICA
074.2,CARDITE DA COXSACKIE
074.20,"CARDITE DA COXSACKIE,NON SPECIFICATA"
074.21,PERICARDITE DA COXSACKIE
074.22,ENDOCARDITE DA COXSACKIE
074.23,MIOCARDITE DA COXSACKIE
074.3,STOMATITE VESCICOLARE CON ESANTEMA
074.8,ALTRE MALATTIE SPECIFICATE DA VIRUS COXSACKIE
075,MONONUCLEOSI INFETTIVA
076,TRACOMA
076.0,"TRACOMA,STADIO INIZIALE"
076.1,"TRACOMA,STADIO ATTIVO"
076.9,"TRACOMA,NON SPECIFICATO"
077,ALTRE MALATTIE DELLA CONGIUNTIVA DA VIRUS E DA CHLAMYDIAE
077.0,CONGIUNTIVITE DA INCLUSI
077.1,CHERATOCONGIUNTIVITE EPIDEMICA
077.2,FEBBRE FARINGOCONGIUNTIVALE
077.3,ALTRE CONGIUNTIVITI DA ADENOVIRUS
077.4,CONGIUNTIVITE EMORRAGICA EPIDEMICA
077.8,ALTRE CONGIUNTIVITI VIRALI
077.9,"MALATTIE DELLA CONGIUNTIVA DA VIRUS E DA CHLAMYDIAE, NON SPECIFICATE"
077.98,"MALATTIE DELLA CONGIUNTIVA DA CHLAMYDIAE,NON SPECIFICATE"
077.99,"MALATTIE DELLA CONGIUNTIVA DA VIRUS,NON SPECIFICATE"
078,ALTRE MALATTIE DA VIRUS E DA CHLAMYDIAE
078.0,MOLLUSCO CONTAGIOSO
078.1,PORRO VIRALE
078.10,"PORRO VIRALE,NON SPECIFICATO"
078.11,CONDILOMA ACUMINATO
078.19,ALTRI PORRI VIRALI SPECIFICATI
078.2,SUDAMINA
078.3,MALATTIA DA GRAFFIO DI GATTO
078.4,AFTA EPIZOOTICA
078.5,MALATTIA CITOMEGALICA
078.6,NEFRITE EMORRAGICA CON NEFROSI
078.7,FEBBRE EMORRAGICA DA ARENAVIRUS
078.8,"ALTRE MALATTIE DA VIRUS E CHLAMYDIAE, SPECIFICATE"
078.81,VERTIGINE EPIDEMICA
078.82,SINDROME DA VOMITO EPIDEMICO
078.88,"ALTRE MALATTIE DA CHLAMYDIAE,SPECIFICATE"
078.89,"ALTRE MALATTIE DA VIRUS,SPECIFICATE"
079,INFEZIONI DA VIRUS E CHLAMYDIAE IN CONDIZIONI MORBOSE CLASSIFICATE ALTROVE E DI SEDE NON SPECIFICATA
079.0,INFEZIONI DA ADENOVIRUS IN MANIFESTAZIONI MORBOSE CLASSIFICATE ALTROVE E DI SEDE NON SPECIFICATA
079.1,INFEZIONI DA VIRUS ECHO IN MANIFESTAZIONI MORBOSE CLASSIFICATE ALTROVE E DI SEDE NON SPECIFICATA
079.2,INFEZIONI DA VIRUS COXSACKIE IN MANIFESTAZIONI MORBOSE CLASSIFICATE ALTROVE E DI SEDE NON SPECIFICATA
079.3,INFEZIONI DA RHINOVIRUS IN MANIFESTAZIONI MORBOSE CLASSIFICATE ALTROVE E DI SEDE NON SPECIFICATA
079.4,PAPILLOMA VIRUS UMANO IN MANIFESTAZIONI MORBOSE CLASSIFICATE ALTROVE E DI SEDE NON SPECIFICATA
079.5,RETROVIRUS IN CONDIZIONI MORBOSE CLASSIFICATE ALTROVE E DI SEDE NON SPECIFICATA
079.50,"RETROVIRUS,NON SPECIFICATI"
079.51,"VIRUS LINFOTROPO DELLE CELLULE T UMANE,TIPO I [HTLV-I]"
079.52,"VIRUS LINFOTROPO DELLE CELLULE T UMANE,TIPO II [HTLV-II]"
079.53,"VIRUS DELLA IMMUNODEFICIENZA UMANA,TIPO 2 [HIV-2]"
079.59,"ALTRI RETROVIRUS,SPECIFICATI"
079.6,VIRUS RESPIRATORIO SINCIZIALE
079.8,ALTRE INFEZIONI DA VIRUS E CHLAMYDIAE SPECIFICATE
079.81,INFEZIONI DA HANTAVIRUS
079.82,SARS-CORONAVIRUS ASSOCIATO
079.88,"ALTRE INFEZIONI DA CHLAMYDIAE,SPECIFICATE"
079.89,ALTRE INFEZIONI VIRALI SPECIFICATE
079.9,"INFEZIONI DA VIRUS E CHLAMYDIAE, NON SPECIFICATE"
079.98,"INFEZIONI DA CHLAMYDIAE,NON SPECIFICATE"
079.99,"INFEZIONI VIRALI,NON SPECIFICATE"
080,TIFO [EPIDEMICO] DA PIDOCCHI
081,ALTRI TIFI
081.0,TIFO MURINO [ENDEMICO]
081.1,MALATTIA DI BRILL
081.2,TIFO DA ACARI
081.9,"TIFO,NON SPECIFICATO"
082,RICKETTSIOSI DA ZECCHE
082.0,FEBBRE MACULOSA
082.1,FEBBRE BOTTONOSA
082.2,FEBBRE DA ZECCHE DELL'ASIA DEL NORD
082.3,FEBBRE DA ZECCHE DEL QUEENSLAND
082.4,ERLICHIOSI
082.40,"EHRLICHIOSI,NON SPECIFICATA"
082.41,EHRLICHIA CHAFEENSIS (E.CHAFEENSIS)
082.49,EHRLICHIOSI
082.8,"ALTRE RICKETTSIOSI DA ZECCHE,SPECIFICATE"
082.9,"RICKETTSIOSI DA ZECCHE,NON SPECIFICATE"
083,ALTRE RICKETTSIOSI
083.0,FEBBRE Q
083.1,FEBBRE DELLE TRINCEE
083.2,RICKETTSIAL POX
083.8,"ALTRE RICKETTSIOSI,SPECIFICATE"
083.9,"RICKETTSIOSI,NON SPECIFICATE"
084,MALARIA
084.0,MALARIA DA PLASMODIUM FALCIPARUM [TERZANA MALIGNA]
084.1,MALARIA DA PLASMODIUM VIVAX [TERZANA BENIGNA]
084.2,MALARIA DA PLASMODIUM MALARIAE (QUARTANA)
084.3,MALARIA DA PLASMODIUM OVALE
084.4,ALTRE FORME DI MALARIA
084.5,MALARIA MISTA
084.6,"MALARIA CONGENITA,NON SPECIFICATA"
084.7,MALARIOTERAPIA
084.8,EMATINURIA MALARICA
084.9,ALTRE COMPLICAZIONI PERNICIOSE DELLA MALARIA
085,LEISHMANIOSI
085.0,LEISHMANIOSI VISCERALE [KALA-AZAR]
085.1,LEISHMANIOSI CUTANEA SECCA
085.2,LEISHMANIOSI CUTANEA UMIDA
085.3,LEISHMANIOSI CUTANEA DIFFUSA
085.4,LEISHMANIOSI CUTANEA AMERICANA
085.5,LEISHMANIOSI MUCOCUTANEA [AMERICANA]
085.9,LEISHMANIOSI NON SPECIFICATA
086,TRIPANOSOMIASI
086.0,MALATTIA DI CHAGAS CON COMPROMISSIONE CARDIACA
086.1,MALATTIA DI CHAGAS CON COMPROMISSIONE DI ALTRI ORGANI
086.2,MALATTIA DI CHAGAS SENZA MENZIONE DI COMPROMISSIONE DI ORGANI
086.3,TRIPANOSOMIASI GAMBIENSE
086.4,TRIPANOSOMIASI RODESIANA
086.5,"TRIPANOSOMIASI AFRICANA,NON SPECIFICATA"
086.9,"TRIPANOSOMIASI,NON SPECIFICATA"
087,FEBBRE RICORRENTE
087.0,FEBBRE RICORRENTE DA PIDOCCHI
087.1,FEBBRE RICORRENTE DA ZECCHE
087.9,FEBBRE RICORRENTE NON SPECIFICATA
088,ALTRE MALATTIE DA ARTROPODI
088.0,BARTONELLOSI
088.8,ALTRE MALATTIE DA ARTROPODI SPECIFICATE
088.81,MALATTIA DI LYME
088.82,BABESIOSI
088.89,ALTRE MALATTIE DA ARTROPODI SPECIFICATE
088.9,MALATTIE DA ARTROPODI NON SPECIFICATE
090,SIFILIDE CONGENITA
090.0,SIFILIDE CONGENITA PRECOCE CON SINTOMI
090.1,"SIFILIDE CONGENITA PRECOCE,LATENTE"
090.2,"SIFILIDE CONGENITA PRECOCE,NON SPECIFICATA"
090.3,CHERATITE INTERSTIZIALE SIFILITICA
090.4,NEUROSIFILIDE GIOVANILE
090.40,"NEUROSIFILIDE GIOVANILE,NON SPECIFICATA"
090.41,ENCEFALITE SIFILITICA CONGENITA
090.42,MENINGITE SIFILITICA CONGENITA
090.49,ALTRE NEUROSIFILIDI GIOVANILI
090.5,"ALTRE FORME DI SIFILIDE CONGENITA TARDIVA,CON SINTOMI"
090.6,"SIFILIDE CONGENITA TARDIVA,LATENTE"
090.7,"SIFILIDE CONGENITA TARDIVA,NON SPECIFICATA"
090.9,SIFILIDE CONGENITA NON SPECIFICATA
091,SIFILIDE RECENTE CON SINTOMI
091.0,SIFILIDE GENITALE (PRIMARIA)
091.1,SIFILIDE ANALE PRIMARIA
091.2,ALTRE SEDI DI SIFILIDE PRIMARIA
091.3,SIFILIDE SECONDARIA DELLA PELLE E DELLE MUCOSE
091.4,ADENOPATIA DA SIFILIDE SECONDARIA
091.5,UVEITE DA SIFILIDE SECONDARIA
091.50,"UVEITE DA SIFILIDE,NON SPECIFICATA"
091.51,CORIORETINITE SIFILITICA [SECONDARIA]
091.52,IRIDOCICLITE SIFILITICA [SECONDARIA]
091.6,SIFILIDE SECONDARIA DEGLI ORGANI INTERNI E DELLE OSSA
091.61,PERIOSTITE SIFILITICA SECONDARIA
091.62,SIFILIDE SECONDARIA DEL FEGATO
091.69,SIFILIDE SECONDARIA DI ALTRI ORGANI
091.7,RICADUTA DI SIFILIDE SECONDARIA
091.8,ALTRE FORME DI SIFILIDE SECONDARIA
091.81,MENINGITE SIFILITICA ACUTA [SECONDARIA]
091.82,ALOPECIA SIFILITICA
091.89,ALTRE FORME DI SIFILIDE SECONDARIA
091.9,SIFILIDE SECONDARIA NON SPECIFICATA
092,"SIFILIDE RECENTE, LATENTE"
092.0,"SIFILIDE RECENTE,LATENTE,RICADUTA SIEROLOGICA DOPO TRATTAMENTO"
092.9,"SIFILIDE RECENTE,LATENTE,NON SPECIFICATA"
093,SIFILIDE CARDIOVASCOLARE
093.0,"ANEURISMA DELL'AORTA,SPECIFICATO COME SIFILITICO"
093.1,AORTITE SIFILITICA
093.2,ENDOCARDITE SIFILITICA
093.20,"ENDOCARDITE SIFILITICA DELLE VALVOLE,NON SPECIFICATA"
093.21,ENDOCARDITE SIFILITICA DELLA VALVOLA MITRALICA
093.22,ENDOCARDITE SIFILITICA DELLA VALVOLA AORTICA
093.23,ENDOCARDITE SIFILITICA DELLA VALVOLA TRICUSPIDE
093.24,ENDOCARDITE SIFILITICA DELLA VALVOLA POLMONARE
093.8,ALTRE SIFILIDI CARDIOVASCOLARI SPECIFICATE
093.81,PERICARDITE SIFILITICA
093.82,MIOCARDITE SIFILITICA
093.89,ALTRE SIFILIDI CARDIOVASCOLARI SPECIFICATE
093.9,"SIFILIDE CARDIOVASCOLARE,NON SPECIFICATA"
094,NEUROSIFILIDE
094.0,TABE DORSALE
094.1,PARALISI PROGRESSIVA
094.2,MENINGITE SIFILITICA
094.3,NEUROSIFILIDE ASINTOMATICA
094.8,ALTRE NEUROSIFILIDI SPECIFICATE
094.81,ENCEFALITE SIFILITICA
094.82,PARKINSONISMO SIFILITICO
094.83,RETINOCOROIDITE DISSEMINATA SIFILITICA
094.84,ATROFIA OTTICA SIFILITICA
094.85,NEURITE RETROBULBARE SIFILITICA
094.86,NEURITE ACUSTICA SIFILITICA
094.87,ROTTURA DI ANEURISMA CEREBRALE SIFILITICO
094.89,ALTRE NEUROSIFILIDI SPECIFICATE
094.9,NEUROSIFILIDE NON SPECIFICATA
095,ALTRE FORME DI SIFILIDE TARDIVA CON SINTOMI
095.0,EPISCLERITE SIFILITICA
095.1,SIFILIDE DEL POLMONE
095.2,PERITONITE SIFILITICA
095.3,SIFILIDE DEL FEGATO
095.4,SIFILIDE DEL RENE
095.5,SIFILIDE DELL'OSSO
095.6,SIFILIDE DEL MUSCOLI
095.7,"SIFILIDE DELLA SINOVIA,DEL TENDINE E DELLA BORSA"
095.8,ALTRE FORME SPECIFICATE DI SIFILIDE TARDIVA CON SINTOMI
095.9,"SIFILIDE TARDIVA CON SINTOMI,NON SPECIFICATA"
096,SIFILIDE TARDIVA LATENTE
097,ALTRE FORME DI SIFILIDE E NON SPECIFICATA
097.0,SIFILIDE TARDIVA NON SPECIFICATA
097.1,SIFILIDE LATENTE NON SPECIFICATA
097.9,SIFILIDE NON SPECIFICATA
098,INFEZIONE GONOCOCCICA
098.0,INFEZIONE GONOCOCCICA [ACUTA] DELL'APPARATO GENITOURINARIO INFERIORE
098.1,INFEZIONE GONOCOCCICA [ACUTA] DELL'APPARATO GENITOURINARIO SUPERIORE
098.10,"INFEZIONE GONOCOCCICA [ACUTA] DELL'APPARATO GENITOURINARIO SUPERIORE,SEDE NON SPECIFICATA"
098.11,CISTITE GONOCOCCICA [ACUTA]
098.12,PROSTATITE GONOCOCCICA [ACUTA]
098.13,EPIDIDIMO-ORCHITE GONOCOCCICA [ACUTA]
098.14,GONORREA DELLE VESCICOLE SEMINALI [ACUTA]
098.15,CERVICITE GONOCOCCICA [ACUTA]
098.16,ENDOMETRITE GONOCOCCICA [ACUTA]
098.17,SALPINGITE GONOCOCCICA [ACUTA]
098.19,ALTRE INFEZIONI GONOCOCCICHE [ACUTE] DELL'APPARATO GENITOURINARIO SUPERIORE
098.2,INFEZIONE GONOCOCCICA CRONICA DELL'APPARATO GENITOURINARIO INFERIORE
098.3,INFEZIONE GONOCOCCICA CRONICA DELL'APPARATO GENITOURINARIO SUPERIORE
098.30,"INFEZIONE GONOCOCCICA CRONICA DELL'APPARATO GENITOURINARIO SUPERIORE,SEDE NON SPECIFICATA"
098.31,CISTITE GONOCOCCICA CRONICA
098.32,PROSTATITE GONOCOCCICA CRONICA
098.33,EPIDIDIMO-ORCHITE GONOCOCCICA CRONICA
098.34,GONORREA DELLE VESCICOLE SEMINALI CRONICA
098.35,CERVICITE GONOCOCCICA CRONICA
098.36,ENDOMETRITE GONOCOCCICA CRONICA
098.37,SALPINGITE GONOCOCCICA CRONICA
098.39,ALTRE INFEZIONI GONOCOCCICHE CRONICHE DELL'APPARATO GENITOURINARIO SUPERIORE
098.4,INFEZIONE GONOCOCCICA DELL'OCCHIO
098.40,CONGIUNTIVITE GONOCOCCICA [DEL NEONATO]
098.41,IRIDOCICLITE GONOCOCCICA
098.42,ENDOFTALMIA GONOCOCCICA
098.43,CHERATITE GONOCOCCICA
098.49,ALTRE INFEZIONI GONOCOCCICHE DELL'OCCHIO
098.5,INFEZIONE GONOCOCCICA DELLE ARTICOLAZIONI
098.50,ARTRITE GONOCOCCICA
098.51,SINOVITE E TENOSINOVITE GONOCOCCICHE
098.52,BORSITE GONOCOCCICA
098.53,SPONDILITE GONOCOCCICA
098.59,ALTRE INFEZIONI GONOCOCCICHE DELLE ARTICOLAZIONI
098.6,INFEZIONE GONOCOCCICA DELLA FARINGE
098.7,INFEZIONE GONOCOCCICA DELL'ANO E DEL RETTO
098.8,INFEZIONE GONOCOCCICA DI ALTRE SEDI SPECIFICATE
098.81,CHERATOSI GONOCOCCICA [BLENORRAGICA]
098.82,MENINGITE GONOCOCCICA
098.83,PERICARDITE GONOCOCCICA
098.84,ENDOCARDITE GONOCOCCICA
098.85,ALTRE MALATTIE CARDIACHE GONOCOCCICHE
098.86,PERITONITE GONOCOCCICA
098.89,INFEZIONE GONOCOCCICA DI ALTRE SEDI SPECIFICATE
099,ALTRE MALATTIE VENEREE
099.0,ULCERA VENEREA
099.1,LINFOGRANULOMA VENEREO
099.2,GRANULOMA INGUINALE
099.3,MALATTIA DI REITER
099.4,ALTRE URETRITI NON GONOCOCCICHE
099.40,"ALTRE URETRITI NON GONOCOCCICHE,NON SPECIFICATE"
099.41,"ALTRE URETRITI NON GONOCOCCICHE,CHLAMYDIA TRACHOMATIS"
099.49,"ALTRE URETRITI NON GONOCOCCICHE,ALTRO ORGANISMO SPECIFICATO"
099.5,ALTRE MALATTIE VENEREE DA CHLAMYDIA TRACHOMATIS
099.50,"ALTRE MALATTIE VENEREE DA CHLAMYDIA TRACHOMATIS,SEDE NON SPECIFICATA"
099.51,"ALTRE MALATTIE VENEREE DA CHLAMYDIA TRACHOMATIS,FARINGE"
099.52,"ALTRE MALATTIE VENEREE DA CHLAMYDIA TRACHOMATIS,ANO E RETTO"
099.53,"ALTRE MALATTIE VENEREE DA CHLAMYDIA TRACHOMATIS,SEDI GENITOURINARIE INFERIORI"
099.54,"ALTRE MALATTIE VENEREE DA CHLAMYDIA TRACHOMATIS,ALTRE SEDI GENITOURINARIE"
099.55,"ALTRE MALATTIE VENEREE DA CHLAMYDIA TRACHOMATIS,SEDE GENITOURINARIA NON SPECIFICATA"
099.56,"ALTRE MALATTIE VENEREE DA CHLAMYDIA TRACHOMATIS,PERITONEO"
099.59,"ALTRE MALATTIE VENEREE DA CHLAMYDIA TRACHOMATIS,ALTRE SEDI SPECIFICATE"
099.8,ALTRE MALATTIE VENEREE SPECIFICATE
099.9,MALATTIE VENEREE NON SPECIFICATE
100,LEPTOSPIROSI
100.0,LEPTOSPIROSI ITTERO-EMORRAGICA
100.8,ALTRE INFEZIONI SPECIFICATE DA LEPTOSPIRA
100.81,MENINGITE DA LEPTOSPIRA [ASETTICA]
100.89,ALTRE INFEZIONI SPECIFICATE DA LEPTOSPIRA
100.9,LEPTOSPIROSI NON SPECIFICATA
101,ANGINA DI VINCENT
102,FRAMBOESIA
102.0,FRAMBOESIA LESIONI INIZIALI
102.1,PAPILLOMI MULTIPLI E 'WET CRAB' DA FRAMBOESIA
102.2,ALTRE LESIONI CUTANEE RECENTI
102.3,IPERCHERATOSI
102.4,GOMME E ULCERE
102.5,GANGOSA
102.6,LESIONI DELLE OSSA E DELLE ARTICOLAZIONI
102.7,ALTRE MANIFESTAZIONI
102.8,FRAMBOESIA LATENTE
102.9,FRAMBOESIA NON SPECIFICATA
103,PINTA
103.0,LESIONI PRIMARIE
103.1,LESIONI SECONDARIE
103.2,LESIONI TARDIVE
103.3,LESIONI MISTE
103.9,NON SPECIFICATA
104,ALTRE INFEZIONI DA SPIROCHETE
104.0,SIFILIDE ENDEMICA NON VENEREA
104.8,"ALTRE INFEZIONI DA SPIROCHETE,SPECIFICATE"
104.9,"INFEZIONI DA SPIROCHETE,NON SPECIFICATE"
110,DERMATOFITOSI
110.0,DERMATOFITOSI DEL CUOIO CAPELLUTO E DELLA BARBA
110.1,DERMATOFITOSI DELL'UNGHIA
110.2,DERMATOFITOSI DELLA MANO
110.3,DERMATOFITOSI DELL'INGUINE E DELL'AREA PERIANALE
110.4,DERMATOFITOSI DEL PIEDE
110.5,DERMATOFITOSI DEL CORPO
110.6,DERMATOFITOSI PROFONDE
110.8,DERMATOFITOSI DI ALTRE SEDI SPECIFICATE
110.9,DERMATOFITOSI DI SEDE NON SPECIFICATA
111,ALTRE E NON SPECIFICATE DERMATOMICOSI
111.0,PITYRIASIS VERSICOLOR
111.1,TINEA NIGRA
111.2,TINEA BLANCA
111.3,PIEDRA NERA
111.8,ALTRE DERMATOMICOSI SPECIFICATE
111.9,DERMATOMICOSI NON SPECIFICATE
112,CANDIDIASI
112.0,CANDIDIASI DELLA BOCCA
112.1,CANDIDIASI DELLA VULVA E DELLA VAGINA
112.2,CANDIDIASI DI ALTRE SEDI UROGENITALI
112.3,CANDIDIASI DELLA PELLE E DELLE UNGHIE
112.4,CANDIDIASI DEL POLMONE
112.5,CANDIDIASI DISSEMINATA
112.8,CANDIDIASI DI ALTRE SEDI SPECIFICATE
112.81,ENDOCARDITE DA CANDIDA
112.82,OTITE ESTERNA DA CANDIDA
112.83,MENINGITE DA CANDIDA
112.84,ESOFAGITE DA CANDIDA
112.85,ENTERITE DA CANDIDA
112.89,ALTRE CANDIDIASI DI ALTRE SEDI SPECIFICATE
112.9,CANDIDIASI DI SEDE NON SPECIFICATA
114,COCCIDIOIDOMICOSI
114.0,COCCIDIOIDOMICOSI PRIMARIA (POLMONARE)
114.1,COCCIDIOIDOMICOSI PRIMARIA EXTRAPOLMONARE
114.2,MENINGITE COCCIDIOIDALE
114.3,ALTRE FORME DI COCCIDIOIDOMICOSI PROGRESSIVA
114.4,COCCIDIOIDOMICOSI POLMONARE CRONICA
114.5,"COCCIDIOIDOMICOSI POLMONARE,NON SPECIFICATA"
114.9,"COCCIDIOIDOMICOSI,NON SPECIFICATA"
115,ISTOPLASMOSI
115.0,INFEZIONE DA HISTOPLASMA CAPSULATUM
115.00,"INFEZIONE DA HISTOPLASMA CAPSULATUM,SENZA MENZIONE DI MANIFESTAZIONI"
115.01,MENINGITE DA HISTOPLASMA CAPSULATUM
115.02,RETINITE DA HISTOPLASMA CAPSULATUM
115.03,PERICARDITE DA HISTOPLASMA CAPSULATUM
115.04,ENDOCARDITE DA HISTOPLASMA CAPSULATUM
115.05,POLMONITE DA HISTOPLASMA CAPSULATUM
115.09,ALTRA INFEZIONE DA HISTOPLASMA CAPSULATUM
115.1,INFEZIONE DA HISTOPLASMA DUBOISII
115.10,"INFEZIONE DA HISTOPLASMA DUBOISII,SENZA MENZIONE DI MANIFESTAZIONI"
115.11,MENINGITE DA HISTOPLASMA DUBOISII
115.12,RETINITE DA HISTOPLASMA DUBOISII
115.13,PERICARDITE DA HISTOPLASMA DUBOISII
115.14,ENDOCARDITE DA HISTOPLASMA DUBOISII
115.15,POLMONITE DA HISTOPLASMA DUBOISII
115.19,ALTRA INFEZIONE DA HISTOPLASMA DUBOISII
115.9,"ISTOPLASMOSI, NON SPECIFICATA"
115.90,"ISTOPLASMOSI,NON SPECIFICATA,SENZA MENZIONE DI MANIFESTAZIONI"
115.91,MENINGITE DA HISTOPLASMA
115.92,RETINITE DA HISTOPLASMA
115.93,PERICARDITE DA HISTOPLASMA
115.94,ENDOCARDITE DA HISTOPLASMA
115.95,POLMONITE DA HISTOPLASMA
115.99,"ALTRA ISTOPLASMOSI,NON SPECIFICATA"
116,INFEZIONE BLASTOMICOTICA
116.0,BLASTOMICOSI
116.1,PARACOCCIDIOIDOMICOSI
116.2,LOBOMICOSI
117,ALTRE MICOSI
117.0,RINOSPORIDIOSI
117.1,SPOROTRICOSI
117.2,CROMOBLASTOMICOSI
117.3,ASPERGILLOSI
117.4,MICETOMI MICOTICI
117.5,CRIPTOCOCCOSI
117.6,ALLESCHERIOSI (PETRIELLIDOSIS)
117.7,ZIGOMICOSI (FICOMICOSI O MUCORMICOSI)
117.8,INFEZIONI DA FUNGHI DEL GENERE DEMATIUM (FEOIFOMICOSI)
117.9,ALTRE E NON SPECIFICATE MICOSI
118,MICOSI DA PATOGENI FACOLTATIVI
120,SCHISTOSOMIASI (BILARZIOSI)
120.0,SCHISTOSOMIASI DA SCHISTOSOMA HAEMATOBIUM
120.1,SCHISTOSOMIASI DA SCHISTOSOMA MANSONI
120.2,SCHISTOSOMIASI DA SCHISTOSOMA JAPONICUM
120.3,SCHISTOSOMIASI CUTANEA
120.8,ALTRE SCHISTOSOMIASI SPECIFICATE
120.9,"SCHISTOSOMIASI,NON SPECIFICATA"
121,ALTRE INFESTAZIONI DA TREMATODI
121.0,OPISTORCHIASI
121.1,CLONORCHIASI
121.2,PARAGONIMIASI
121.3,FASCIOLIASI
121.4,FASCIOLOPSIASI
121.5,METAGONIMIASI
121.6,ETEROFIIASI
121.8,ALTRE INFESTAZIONI DA TREMATODI SPECIFICATE
121.9,"INFESTAZIONI DA TREMATODI,NON SPECIFICATE"
122,ECHINOCOCCOSI
122.0,INFESTAZIONE DEL FEGATO DA ECHINOCOCCUS GRANULOSUS
122.1,INFESTAZIONE DEL POLMONE DA ECHINOCOCCUS GRANULOSUS
122.2,INFESTAZIONE DELLA TIROIDE DA ECHINOCOCCUS GRANULOSUS
122.3,ALTRE INFESTAZIONI DA ECHINOCOCCUS GRANULOSUS
122.4,INFESTAZIONE NON SPECIFICATA DA ECHINOCOCCUS GRANULOSUS
122.5,INFESTAZIONE DEL FEGATO DA ECHINOCOCCUS MULTILOCULARIS
122.6,ALTRE INFESTAZIONI DA ECHINOCOCCUS MULTILOCULARIS
122.7,INFESTAZIONE NON SPECIFICATA DA ECHINOCOCCUS MULTILOCULARIS
122.8,ECHINOCOCCOSI NON SPECIFICATA DEL FEGATO
122.9,ALTRE E NON SPECIFICATE ECHINOCOCCOSI
123,ALTRE INFEZIONI DA CESTODI
123.0,"INFESTAZIONE DA TENIA SOLIUM,FORMA INTESTINALE"
123.1,CISTICERCOSI
123.2,INFESTAZIONE DA TENIA SAGINATA
123.3,"TENIASI,NON SPECIFICATA"
123.4,BOTRIOCEFALOSI INTESTINALE
123.5,SPARGANOSI (BOTRIOCEFALOSI LARVALE)
123.6,TENIASI DA HYMENOLEPIS (DIMINUTA) (NANA)
123.8,ALTRE INFEZIONI DA CESTODI SPECIFICATE
123.9,"INFEZIONI DA CESTODI,NON SPECIFICATA"
124,TRICHINOSI
125,FILARIASI E DRACONTIASI
125.0,FILARIASI DA WUCHERERIA BANCROFTI
125.1,FILARIASI DA WUCHERERIA MALAYI
125.2,LOIASI
125.3,ONCOCERCHIASI
125.4,FILARIASI E DRACONTIASI DA ACANTHOCHEILONEMA PERSTANS E DIPETALONEMA PERSTANS
125.5,FILARIASI E DRACONTIASI DA MANSONELLA OZZARDI
125.6,ALTRE FILARIASI SPECIFICATE
125.7,DRACONTIASI
125.9,FILARIASI NON SPECIFICATA
126,ANCHILOSTOMIASI E NECATORIASI
126.0,ANCHILOSTOMIASI DA ANCYLOSTOMA DUODENALE
126.1,NECATORIASI DA NECATOR AMERICANUS
126.2,NECATORIASI DA ANCYLOSTOMA BRAZILIENSE
126.3,ANCHILOSTOMIASI DA ANCYLOSTOMA CEYLANICUM
126.8,ANCHILOSTOMIASI DA ALTRI ANCHILOSTOMI SPECIFICATI
126.9,"ANCHILOSTOMIASI E NECATORIASI,NON SPECIFICATE"
127,ALTRE ELMINTIASI INTESTINALI
127.0,ASCARIASI
127.1,ANISACHIASI
127.2,STRONGILOIDIASI
127.3,TRICURIASI
127.4,ENTEROBIASI
127.5,CAPILLARIASI
127.6,TRICOSTRONGILIAS
127.7,ALTRE ELMINTIASI INTESTINALI SPECIFICATE
127.8,ELMINTIASI INTESTINALE MISTA
127.9,"ELMINTIASI INTESTINALE,NON SPECIFICATA"
128,ALTRE E NON SPECIFICATE ELMINTIASI
128.0,TOXOCARIASI
128.1,GNATOSTOMIASI
128.8,ALTRE ELMINTIASI SPECIFICATE
128.9,"INFESTAZIONE DA ELMINTI,NON SPECIFICATA"
129,"PARASSITISMO INTESTINALE,NON SPECIFICATO"
130,TOXOPLASMOSI
130.0,MENINGOENCEFALITE DA TOXOPLASMA
130.1,CONGIUNTIVITE DA TOXOPLASMA
130.2,CORIORETINITE DA TOXOPLASMA
130.3,MIOCARDITE DA TOXOPLASMA
130.4,POLMONITE DA TOXOPLASMA
130.5,EPATITE DA TOXOPLASMA
130.7,TOXOPLASMOSI DI ALTRE SEDI SPECIFICATE
130.8,TOXOPLASMOSI MULTISISTEMICA DISSEMINATA
130.9,"TOXOPLASMOSI,NON SPECIFICATA"
131,TRICOMONIASI
131.0,TRICOMONIASI UROGENITALE
131.00,"TRICOMONIASI UROGENITALE,NON SPECIFICATA"
131.01,VULVOVAGINITE
131.02,URETRITE
131.03,PROSTATITE
131.09,ALTRE TRICOMONIASI UROGENITALI
131.8,TRICOMONIASI DI ALTRE SEDI SPECIFICATE
131.9,TRICOMONIASI NON SPECIFICATA
132,PEDICULOSI E FTIRIASI
132.0,PEDICULUS CAPITIS (PIDOCCHIO DEL CAPO)
132.1,PEDICULUS CORPORIS (PIDOCCHIO DEL CORPO)
132.2,PHTHIRUS PUBIS (PIDOCCHIO DEL PUBE)
132.3,INFESTAZIONI MISTE
132.9,"PEDICULOSI,NON SPECIFICATA"
133,ACARIASI
133.0,SCABBIA
133.8,ALTRE ACARIASI
133.9,"ACARIASI,NON SPECIFICATA"
134,ALTRE INFESTAZIONI
134.0,MIASI
134.1,ALTRE INFESTAZIONI DA ARTROPODI
134.2,IRUDINIASI
134.8,ALTRE INFESTAZIONI SPECIFICATE
134.9,"INFESTAZIONI,NON SPECIFICATE"
135,SARCOIDOSI
136,ALTRE E NON SPECIFICATE MALATTIE INFETTIVE E PARASSITARIE
136.0,AINHUM
136.1,SINDROME DI BECHET
136.2,INFESTAZIONI SPECIFICHE DA AMEBE A VITA LIBERA
136.3,PNEUMOCISTOSI
136.4,PSOROSPERMIASI
136.5,SARCOSPORIDIOSI
136.8,ALTRE MALATTIE INFETTIVE E PARASSITARIE SPECIFICATE
136.9,MALATTIE INFETTIVE E PARASSITARIE NON SPECIFICATE
137,POSTUMI DELLA TUBERCOLOSI
137.0,POSTUMI DELLA TUBERCOLOSI DELL'APPARATO RESPIRATORIO O NON SPECIFICATA
137.1,POSTUMI DELLA TUBERCOLOSI DEL SISTEMA NERVOSO CENTRALE
137.2,POSTUMI DELLA TUBERCOLOSI DELL'APPARATO GENITOURINARIO
137.3,POSTUMI DELLA TUBERCOLOSI DELLE OSSA E DELLE ARTICOLAZIONI
137.4,POSTUMI DELLA TUBERCOLOSI DI ALTRI ORGANI SPECIFICATI
138,POSTUMI DELLA POLIOMIELITE ACUTA
139,POSTUMI DI ALTRE MALATTIE INFETTIVE E PARASSITARIE
139.0,POSTUMI DELL'ENCEFALITE VIRALE
139.1,POSTUMI DEL TRACOMA
139.8,POSTUMI DI ALTRE E NON SPECIFICATE MALATTIE INFETTIVE E PARASSITARIE
140,TUMORI MALIGNI DELLE LABBRA
140.0,"TUMORI MALIGNI DEL LABBRO SUPERIORE,BORDO ROSEO"
140.1,"TUMORI MALIGNI DEL LABBRO INFERIORE,BORDO ROSEO"
140.3,"TUMORI MALIGNI DEL LABBRO SUPERIORE,SUPERFICIE INTERNA"
140.4,"TUMORI MALIGNI DEL LABBRO INFERIORE,SUPERFICIE INTERNA"
140.5,"TUMORI MALIGNI DEL LABBRO NON SPECIFICATO,SUPERFICIE INTERNA"
140.6,TUMORI MALIGNI DELLA COMMISSURA DELLE LABBRA COMMISSURA LABIALE
140.8,TUMORI MALIGNI DI ALTRE SEDI DELLE LABBRA
140.9,"TUMORI MALIGNI DEL LABBRO NON SPECIFICATI,BORDO ROSEO"
141,TUMORI MALIGNI DELLA LINGUA
141.0,TUMORI MALIGNI DELLA BASE DELLA LINGUA
141.1,TUMORI MALIGNI DELLA SUPERFICIE DORSALE DELLA LINGUA
141.2,TUMORI MALIGNI DELLA PUNTA E DEI MARGINI LATERALI DELLA LINGUA
141.3,TUMORI MALIGNI DELLA SUPERFICIE VENTRALE DELLA LINGUA
141.4,"TUMORI MALIGNI DEI DUE TERZI ANTERIORI DELLA LINGUA,PARTE NON SPECIFICATA"
141.5,TUMORI MALIGNI DELLA ZONA GIUNZIONALE
141.6,TUMORI MALIGNI DELLA TONSILLA LINGUALE
141.8,TUMORI MALIGNI DI ALTRE SEDI DELLA LINGUA
141.9,"TUMORI MALIGNI DELLA LINGUA,SEDE NON SPECIFICATA"
142,TUMORI MALIGNI DELLE GHIANDOLE SALIVARI MAGGIORI
142.0,TUMORI MALIGNI DELLA GHIANDOLA PAROTIDE
142.1,TUMORI MALIGNI DELLA GHIANDOLA SOTTOMANDIBOLARE
142.2,TUMORI MALIGNI DELLA GHIANDOLA SOTTOLINGUALE
142.8,TUMORI MALIGNI DI ALTRE GHIANDOLE SALIVARI MAGGIORI
142.9,"TUMORI MALIGNI DELLA GHIANDOLA SALIVARE,NON SPECIFICATA"
143,TUMORI MALIGNI DELLE GENGIVE
143.0,TUMORI MALIGNI DELLA GENGIVA SUPERIORE
143.1,TUMORI MALIGNI DELLA GENGIVA INFERIORE
143.8,TUMORI MALIGNI DI ALTRE SEDI DELLA GENGIVA
143.9,"TUMORI MALIGNI DELLA GENGIVA,NON SPECIFICATA"
144,TUMORI MALIGNI DEL PAVIMENTO DELLA BOCCA
144.0,TUMORI MALIGNI DELLA PARTE ANTERIORE DELLA BOCCA
144.1,TUMORI MALIGNI DELLA PARTE LATERALE DELLA BOCCA
144.8,TUMORI MALIGNI DI ALTRE SEDI DEL PAVIMENTO DELLA BOCCA
144.9,"TUMORI MALIGNI DEL PAVIMENTO DELLA BOCCA,PARTE NON SPECIFICATA"
145,TUMORI MALIGNI DI ALTRE E NON SPECIFICATE PARTI DELLA BOCCA
145.0,TUMORI MALIGNI DELLA MUCOSA DELLE GUANCE
145.1,TUMORI MALIGNI DEL VESTIBOLO DELLA BOCCA
145.2,TUMORI MALIGNI DEL PALATO DURO
145.3,TUMORI MALIGNI DEL PALATO MOLLE
145.4,TUMORI MALIGNI DELL'UGOLA
145.5,"TUMORI MALIGNI DEL PALATO,NON SPECIFICATO"
145.6,TUMORI MALIGNI DELL'AREA RETROMOLARE
145.8,TUMORI MALIGNI DI ALTRE PARTI (SPECIFICATE) DELLA BOCCA
145.9,"TUMORI MALIGNI DELLA BOCCA,NON SPECIFICATA"
146,TUMORI MALIGNI DELL'OROFARINGE
146.0,TUMORI MALIGNI DELLA TONSILLA
146.1,TUMORI MALIGNI DELLA FOSSA TONSILLARE
146.2,TUMORI MALIGNI DEI PILASTRI TONSILLARI (ANTERIORE) (POSTERIORE)
146.3,TUMORI MALIGNI DELLA VALLECULA
146.4,TUMORI MALIGNI DELLA FACCIA ANTERIORE DELL'EPIGLOTTIDE
146.5,TUMORI MALIGNI DELLA REGIONE GIUNZIONALE
146.6,TUMORI MALIGNI DELLA PARETE LATERALE DELL'OROFARINGE
146.7,TUMORI MALIGNI DELLA PARETE POSTERIORE DELL'OROFARINGE
146.8,TUMORI MALIGNI DI ALTRE SEDI (SPECIFICATE) DELL'OROFARINGE
146.9,"TUMORI MALIGNI DELL'OROFARINGE,NON SPECIFICATO"
147,TUMORI MALIGNI DEL RINOFARINGE
147.0,TUMORI MALIGNI DELLA PARETE SUPERIORE DEL RINOFARINGE
147.1,TUMORI MALIGNI DELLA PARETE POSTERIORE DEL RINOFARINGE
147.2,TUMORI MALIGNI DELLA PARETE LATERALE DEL RINOFARINGE
147.3,TUMORI MALIGNI DELLA PARETE ANTERIORE DEL RINOFARINGE
147.8,TUMORI MALIGNI DI ALTRE SEDI SPECIFICATE DEL RINOFARINGE
147.9,"TUMORI MALIGNI DEL RINOFARINGE,NON SPECIFICATO"
148,TUMORI MALIGNI DELL'IPOFARINGE
148.0,TUMORI MALIGNI DELLA REGIONE RETROCRICOIDEA
148.1,TUMORI MALIGNI DEL SENO PIRIFORME
148.2,TUMORI MALIGNI DELLA FACCIA IPOFARINGEA DELLA PLICA ARIEPIGLOTTICA
148.3,TUMORI MALIGNI DELLA PARETE IPOFARINGEA POSTERIORE
148.8,TUMORI MALIGNI DI ALTRE SEDI (SPECIFICATE) DELL'IPOFARINGE
148.9,"TUMORI MALIGNI DELL'IPOFARINGE,NON SPECIFICATO"
149,"TUMORI MALIGNI DI ALTRE E MAL DEFINITE SEDI DELLE LABBRA, DELLA CAVIT@ ORALE E DELLA FARINGE"
149.0,"TUMORI MALIGNI DELLA FARINGE,NON SPECIFICATA"
149.1,TUMORI MALIGNI DELLA ANELLO DI WALDEYER
149.8,"ALTRI TUMORI MALIGNI DI ALTRE E MAL DEFINITE SEDI DELLE LABBRA,DELLA CAVIT@ ORALE E DELLA FARINGE"
149.9,"TUMORI MALIGNI DI SEDI MAL DEFINITE DELLE LABBRA,DELLA CAVIT@ ORALE E DELLA FARINGE"
150,TUMORI MALIGNI DELL'ESOFAGO
150.0,TUMORI MALIGNI DELL'ESOFAGO CERVICALE
150.1,TUMORI MALIGNI DELL'ESOFAGO TORACICO
150.2,TUMORI MALIGNI DELL'ESOFAGO ADDOMINALE
150.3,TUMORI MALIGNI DEL TERZO SUPERIORE DELL'ESOFAGO
150.4,TUMORI MALIGNI DEL TERZO MEDIO DELL'ESOFAGO
150.5,TUMORI MALIGNI DEL TERZO INFERIORE DELL'ESOFAGO
150.8,TUMORI MALIGNI DI ALTRA PARTE SPECIFICATA DELL'ESOFAGO
150.9,"TUMORI MALIGNI DELL'ESOFAGO,NON SPECIFICATO"
151,TUMORI MALIGNI DELLO STOMACO
151.0,TUMORI MALIGNI DEL CARDIAS
151.1,TUMORI MALIGNI DEL PILORO
151.2,TUMORI MALIGNI DELL'ANTRO PILORICO
151.3,TUMORI MALIGNI DEL FONDO DELLO STOMACO
151.4,TUMORI MALIGNI DEL CORPO DELLO STOMACO
151.5,"TUMORI MALIGNI DELLA PICCOLA CURVATURA,NON SPECIFICATA"
151.6,"TUMORI MALIGNI DELLA GRANDE CURVATURA,NON SPECIFICATA"
151.8,TUMORI MALIGNI DI ALTRE SEDI (SPECIFICATE) DELLO STOMACO
151.9,"TUMORI MALIGNI DELLO STOMACO,NON SPECIFICATO"
152,"TUMORI MALIGNI DELL'INTESTINO TENUE, COMPRESO IL DUODENO"
152.0,TUMORI MALIGNI DEL DUODENO
152.1,TUMORI MALIGNI DEL DIGIUNO
152.2,TUMORI MALIGNI DELL'ILEO
152.3,TUMORI MALIGNI DEL DIVERTICOLO DI MECKEL
152.8,TUMORI MALIGNI DI ALTRE SEDI (SPECIFICATE) DELL'INTESTINO TENUE
152.9,"TUMORI MALIGNI DELL'INTESTINO TENUE,NON SPECIFICATO"
153,TUMORI MALIGNI DEL COLON
153.0,TUMORI MALIGNI DEL FLESSURA EPATICA
153.1,TUMORI MALIGNI DEL COLON TRASVERSO
153.2,TUMORI MALIGNI DEL COLON DISCENDENTE
153.3,TUMORI MALIGNI DEL SIGMA
153.4,TUMORI MALIGNI DEL CECO
153.5,TUMORI MALIGNI DELL'APPENDICE
153.6,TUMORI MALIGNI DEL COLON ASCENDENTE
153.7,TUMORI MALIGNI DELLA FLESSURA SPLENICA
153.8,TUMORI MALIGNI DI ALTRE SEDI (SPECIFICATE) DEL GROSSO INTESTINO
153.9,"TUMORI MALIGNI DEL COLON,NON SPECIFICATO"
154,"TUMORI MALIGNI DEL RETTO, DELLA GIUNZIONE RETTOSIGMOIDEA E DELL'ANO"
154.0,TUMORI MALIGNI DELLA GIUNZIONE RETTOSIGMOIDEA
154.1,TUMORI MALIGNI DEL RETTO
154.2,TUMORI MALIGNI DEL CANALE ANALE
154.3,"TUMORI MALIGNI DELL'ANO,NON SPECIFICATO"
154.8,"ALTRI TUMORI MALIGNI DEL RETTO,DELLA GIUNZIONE RETTOSIGMOIDEA E DELL'ANO"
155,TUMORI MALIGNI DEL FEGATO E DEI DOTTI BILIARI INTRAEPATICI
155.0,TUMORI MALIGNI PRIMITIVI DEL FEGATO
155.1,TUMORI MALIGNI DEI DOTTI BILIARI INTRAEPATICI
155.2,"TUMORI MALIGNI DEL FEGATO,NON SPECIFICATO SE PRIMITIVI O SECONDARI"
156,TUMORI MALIGNI DELLA COLECISTI E DEI DOTTI BILIARI EXTRAEPATICI
156.0,TUMORI MALIGNI DELLA COLECISTI
156.1,TUMORI MALIGNI DEI DOTTI BILIARI EXTRAEPATICI
156.2,TUMORI MALIGNI DELL'AMPOLLA DI VATER
156.8,TUMORI MALIGNI DI ALTRE SEDI (SPECIFICATE) DELLA COLECISTI E DEI DOTTI BILIARI EXTRAEPATICI
156.9,"TUMORI MALIGNI DELLE VIE BILIARI,NON SPECIFICATE"
157,TUMORI MALIGNI DEL PANCREAS
157.0,TUMORI MALIGNI DELLA TESTA DEL PANCREAS
157.1,TUMORI MALIGNI DEL CORPO DEL PANCREAS
157.2,TUMORI MALIGNI DELLA CODA DEL PANCREAS
157.3,TUMORI MALIGNI DEL DOTTO PANCREATICO
157.4,TUMORI MALIGNI DELLE ISOLE DI LANGERHANS
157.8,TUMORI MALIGNI DI ALTRE SEDI (SPECIFICATE) DEL PANCREAS
157.9,"TUMORI MALIGNI DEL PANCREAS,PARTE NON SPECIFICATA"
158,TUMORI MALIGNI DEL RETROPERITONEO E DEL PERITONEO
158.0,TUMORI MALIGNI DEL RETROPERITONEO
158.8,TUMORI MALIGNI DI PARTI SPECIFICATE DEL PERITONEO
158.9,"TUMORI MALIGNI DEL PERITONEO,NON SPECIFICATO"
159,TUMORI MALIGNI DI ALTRE E MAL DEFINITE SEDI DELL'APPARATO DIGERENTE E DEL PERITONEO
159.0,"TUMORI MALIGNI DEL TRATTO INTESTINALE,PARTE NON SPECIFICATA"
159.1,"TUMORI MALIGNI DELLA MILZA,NON CLASSIFICATO ALTROVE"
159.8,TUMORI MALIGNI DI ALTRE SEDI DELL'APPARATO DIGERENTE E DEGLI ORGANI INTRAADDOMINALI
159.9,TUMORI MALIGNI DI SEDI MAL DEFINITE DELL'APPARATO DIGERENTE E DEL PERITONEO
160,"TUMORI MALIGNI DELLE CAVIT@ NASALI, DELL'ORECCHIO MEDIO E DEI SENI PARANASALI"
160.0,TUMORI MALIGNI DELLE CAVIT@ NASALI
160.1,"TUMORI MALIGNI DI TUBA UDITIVA,ORECCHIO MEDIO E CELLULE MASTOIDEE"
160.2,TUMORI MALIGNI DEL SENO MASCELLARE
160.3,TUMORI MALIGNI DEL SENO ETMOIDALE
160.4,TUMORI MALIGNI DEL SENO FRONTALE
160.5,TUMORI MALIGNI DEL SENO SFENOIDALE
160.8,"ALTRI TUMORI MALIGNI DELLE CAVIT@ NASALI,DELL'ORECCHIO MEDIO E DEI SENI PARANASALI"
160.9,"TUMORI MALIGNI DEI SENI PARANASALI,NON SPECIFICATI"
161,TUMORI MALIGNI DELLA LARINGE
161.0,TUMORI MALIGNI DELLA GLOTTIDE
161.1,TUMORI MALIGNI DELLA REGIONE SOPRAGLOTTICA
161.2,TUMORI MALIGNI DELLA REGIONE SOTTOGLOTTICA
161.3,TUMORI MALIGNI DELLE CARTILAGINI LARINGEE
161.8,TUMORI MALIGNI DI ALTRE SEDI SPECIFICATE DELLA LARINGE
161.9,"TUMORI MALIGNI DELLA LARINGE,NON SPECIFICATA"
162,"TUMORI MALIGNI DELLA TRACHEA, DEI BRONCHI E DEI POLMONI"
162.0,TUMORI MALIGNI DELLA TRACHEA
162.2,TUMORI MALIGNI DEL BRONCO PRINCIPALE
162.3,"TUMORI MALIGNI DEL LOBO SUPERIORE,BRONCO O POLMONE"
162.4,"TUMORI MALIGNI DEL LOBO MEDIO,BRONCO O POLMONE"
162.5,"TUMORI MALIGNI DEL LOBO INFERIORE,BRONCO O POLMONE"
162.8,TUMORI MALIGNI DI ALTRE PARTI DEI BRONCHI O DEI POLMONI
162.9,"TUMORI MALIGNI DEL BRONCO O POLMONE,NON SPECIFICATO"
163,TUMORI MALIGNI DELLA PLEURA
163.0,TUMORI MALIGNI DELLA PLEURA PARIETALE
163.1,TUMORI MALIGNI DELLA PLEURA VISCERALE
163.8,TUMORI MALIGNI DI ALTRE SEDI SPECIFICATE DELLA PLEURA
163.9,"TUMORI MALIGNI DELLA PLEURA,NON SPECIFICATA"
164,"TUMORI MALIGNI DEL TIMO, DEL CUORE E DEL MEDIASTINO"
164.0,TUMORI MALIGNI DEL TIMO
164.1,TUMORI MALIGNI DEL CUORE
164.2,TUMORI MALIGNI DEL MEDIASTINO ANTERIORE
164.3,TUMORI MALIGNI DEL MEDIASTINO POSTERIORE
164.8,"ALTRI TUMORI MALIGNI DEL TIMO,DEL CUORE E DEL MEDIASTINO"
164.9,"TUMORI MALIGNI DEL MEDIASTINO,NON SPECIFICATO"
165,TUMORI MALIGNI DI ALTRE E MAL DEFINITE SEDI DELL'APPARATO RESPIRATORIO E DEGLI ORGANI INTRATORACICI
165.0,"TUMORI MALIGNI DELLE VIE AEREE SUPERIORI,PARTE NON SPECIFICATA"
165.8,ALTRI TUMORI MALIGNI DI ALTRE E MAL DEFINITE SEDI DELL'APPARATO RESPIRATORIO E DEGLI ORGANI INTRATORACICI
165.9,TUMORI MALIGNI DI SEDI MAL DEFINITE DELL'APPARATO RESPIRATORIO
170,TUMORI MALIGNI DELLE OSSA E DELLE CARTILAGINI ARTICOLARI
170.0,"TUMORI MALIGNI DELLE OSSA DEL CRANIO E DELLA FACCIA,ESCLUSA LA MANDIBOLA"
170.1,TUMORI MALIGNI DELLE MANDIBOLA
170.2,"TUMORI MALIGNI DELLE COLONNA VERTEBRALE,ESCLUSI IL SACRO E IL COCCIGE"
170.3,"TUMORI MALIGNI DI COSTE,STERNO E CLAVICOLA"
170.4,TUMORI MALIGNI DI SCAPOLA E OSSA LUNGHE DELL'ARTO SUPERIORE
170.5,TUMORI MALIGNI DELLE OSSA CORTE DELL'ARTO SUPERIORE
170.6,"TUMORI MALIGNI DI BACINO,SACRO E COCCIGE"
170.7,TUMORI MALIGNI DELLE OSSA LUNGHE DELL'ARTO INFERIORE
170.8,TUMORI MALIGNI DELLE OSSA CORTE DELL'ARTO INFERIORE
170.9,"TUMORI MALIGNI DI OSSO E CARTILAGINE ARTICOLARE,SEDE NON SPECIFICATA"
171,TUMORI MALIGNI DEL CONNETTIVO E DI ALTRI TESSUTI MOLLI
171.0,"TUMORI MALIGNI DI TESTA,FACCIA E COLLO"
171.2,TUMORI MALIGNI DELL'ARTO SUPERIORE COMPRESA LA SPALLA
171.3,"TUMORI MALIGNI DELL'ARTO INFERIORE,COMPRESA L'ANCA"
171.4,TUMORI MALIGNI DEL TORACE
171.5,TUMORI MALIGNI DELL'ADDOME
171.6,TUMORI MALIGNI DELLA PELVI
171.7,"TUMORI MALIGNI DEL TRONCO,NON SPECIFICATO"
171.8,TUMORI MALIGNI DI ALTRE SEDI SPECIFICATE DEL CONNETTIVO E DI ALTRI TESSUTI MOLLI
171.9,"TUMORI MALIGNI DI CONNETTIVO E ALTRI TESSUTI MOLLI,SEDE NON SPECIFICATA"
172,MELANOMA MALIGNO DELLA CUTE
172.0,MELANOMA MALIGNO DELLA LABBRA
172.1,"MELANOMA MALIGNO DELLA PALPEBRA,COMPRESO L'ANGOLO PALPEBRALE"
172.2,MELANOMA MALIGNO DI ORECCHIO E CONDOTTO UDITIVO ESTERNO
172.3,MELANOMA MALIGNO DI ALTRE E NON SPECIFICATE PARTI DELLA FACCIA
172.4,MELANOMA MALIGNO DI CUOIO CAPELLUTO E COLLO
172.5,"MELANOMA MALIGNO DEL TRONCO,ECCETTO LO SCROTO"
172.6,"MELANOMA MALIGNO DELL'ARTO SUPERIORE,COMPRESA LA SPALLA"
172.7,"MELANOMA MALIGNO DELL'ARTO INFERIORE,COMPRESA L'ANCA"
172.8,MELANOMA MALIGNO DI ALTRE SEDI SPECIFICATE DELLA CUTE
172.9,"MELANOMA CUTANEO,SEDE NON SPECIFICATA"
173,ALTRI TUMORI MALIGNI DELLA CUTE
173.0,ALTRI TUMORI MALIGNI DELLA CUTE DELLE LABBRA
173.1,"ALTRI TUMORI MALIGNI DELLA PALPEBRA,COMPRESO L'ANGOLO PALPEBRALE"
173.2,ALTRI TUMORI MALIGNI DELLA CUTE DELL'ORECCHIO E DEL CONDOTTO UDITIVO ESTERNO
173.3,ALTRI TUMORI MALIGNI DELLA CUTE DI ALTRE E NON SPECIFICATE PARTI DELLA FACCIA
173.4,ALTRI TUMORI MALIGNI DEL CUOIO CAPELLUTO E COLLO
173.5,"ALTRI TUMORI MALIGNI DELLA CUTE DEL TRONCO,ECCETTO LO SCROTO"
173.6,"ALTRI TUMORI MALIGNI DELLA CUTE DELL'ARTO SUPERIORE,COMPRESA LA SPALLA"
173.7,"ALTRI TUMORI MALIGNI DELLA CUTE DELL'ARTO INFERIORE,COMPRESA L'ANCA"
173.8,ALTRI TUMORI MALIGNI DI ALTRE SEDI SPECIFICATE DELLA CUTE
173.9,"ALTRI TUMORI MALIGNI DELLA CUTE,SEDE NON SPECIFICATA"
174,TUMORI MALIGNI DELLA MAMMELLA DELLA DONNA
174.0,TUMORI MALIGNI DI CAPEZZOLO E AREOLA DELLA MAMMELLA DELLA DONNA
174.1,TUMORI MALIGNI DELLA PARTE CENTRALE DELLA MAMMELLA DELLA DONNA
174.2,TUMORI MALIGNI DEL QUADRANTE SUPERO-INTERNO DELLA MAMMELLA DELLA DONNA
174.3,TUMORI MALIGNI DEL QUADRANTE INFERO-INTERNO DELLA MAMMELLA DELLA DONNA
174.4,TUMORI MALIGNI DEL QUADRANTE SUPERO-ESTERNO DELLA MAMMELLA DELLA DONNA
174.5,TUMORI MALIGNI DEL QUADRANTE INFERO-ESTERNO DELLA MAMMELLA DELLA DONNA
174.6,TUMORI MALIGNI DEL PROLUNGAMENTO ASCELLARE DELLA MAMMELLA DELLA DONNA
174.8,TUMORI MALIGNI DELLA ALTRE SEDI SPECIFICATE DELLA MAMMELLA DELLA DONNA
174.9,"TUMORI MALIGNI DELLA MAMMELLA (DELLA DONNA),NON SPECIFICATA"
175,TUMORI MALIGNI DELLA MAMMELLA DELL'UOMO
175.0,TUMORI MALIGNI DI CAPEZZOLO E AREOLA DELLA MAMMELLA DELL'UOMO
175.9,TUMORI MALIGNI DI ALTRE E NON SPECIFICATE SEDI DELLA MAMMELLA DELL'UOMO
176,SARCOMA DI KAPOSI
176.0,SARCOMA DI KAPOSI DELLA CUTE
176.1,SARCOMA DI KAPOSI DEI TESSUTI MOLLI
176.2,SARCOMA DI KAPOSI DEL PALATO
176.3,SARCOMA DI KAPOSI DI SEDI GASTROINTESTINALI
176.4,SARCOMA DI KAPOSI DEL POLMONE
176.5,SARCOMA DI KAPOSI DEI LINFONODI
176.8,SARCOMA DI KAPOSI DI ALTRE SEDI SPECIFICATE
176.9,SARCOMA DI KAPOSI NON SPECIFICATO
179,"TUMORI MALIGNI DELL'UTERO,PARTE NON SPECIFICATA"
180,TUMORI MALIGNI DEL COLLO DELL'UTERO (CERVICE UTERINA)
180.0,TUMORI MALIGNI DELL'ENDOCERVICE
180.1,TUMORI MALIGNI DELL'ESOCERVICE
180.8,TUMORI MALIGNI DI ALTRE SEDI SPECIFICATE DELLA CERVICE
180.9,"TUMORI MALIGNI DELLA CERVICE UTERINA,NON SPECIFICATA"
181,TUMORI MALIGNI DELLA PLACENTA
182,TUMORI MALIGNI DEL CORPO DELL'UTERO
182.0,"TUMORI MALIGNI DEL CORPO DELL'UTERO,ECCETTO L'ISTMO"
182.1,TUMORI MALIGNI DELL'ISTMO
182.8,TUMORI MALIGNI DI ALTRE SPECIFICATE SEDI DEL CORPO DELL'UTERO
183,TUMORI MALIGNI DELL'OVAIO E DEGLI ALTRI ANNESSI UTERINI
183.0,TUMORI MALIGNI DELL'OVAIO
183.2,TUMORI MALIGNI DELLA TUBA DI FALLOPPIO
183.3,TUMORI MALIGNI DEL LEGAMENTO LARGO
183.4,TUMORI MALIGNI DEL PARAMETRIO
183.5,TUMORI MALIGNI DEL LEGAMENTO ROTONDO
183.8,TUMORI MALIGNI DI ALTRE SEDI SPECIFICATE DEGLI ANNESSI UTERINI
183.9,"TUMORI MALIGNI DEGLI ANNESSI UTERINI,NON SPECIFICATI"
184,TUMORI MALIGNI DI ALTRI E NON SPECIFICATI ORGANI GENITALI FEMMINILI
184.0,TUMORI MALIGNI DELLA VAGINA
184.1,TUMORI MALIGNI DELLE GRANDI LABBRA
184.2,TUMORI MALIGNI DELLE PICCOLE LABBRA
184.3,TUMORI MALIGNI DELLA CLITORIDE
184.4,"TUMORI MALIGNI DELLA VULVA,NON SPECIFICATA"
184.8,TUMORI MALIGNI DI ALTRE SPECIFICATE SEDI DEGLI ORGANI GENITALI FEMMINILI
184.9,"TUMORI MALIGNI DEGLI ORGANI GENITALI FEMMINILI,SEDE NON SPECIFICATA"
185,TUMORI MALIGNI DELLA PROSTATA
186,TUMORI MALIGNI DEL TESTICOLO
186.0,TUMORI MALIGNI DEL TESTICOLO RITENUTO
186.9,TUMORI MALIGNI DEL TESTICOLO: ALTRO E NON SPECIFICATO
187,TUMORI MALIGNI DEL PENE E DEGLI ALTRI ORGANI GENITALI MASCHILI
187.1,TUMORI MALIGNI DEL PREPUZIO
187.2,TUMORI MALIGNI DEL GLANDE
187.3,TUMORI MALIGNI DEL CORPO DEL PENE
187.4,"TUMORI MALIGNI DEL PENE,PARTE NON SPECIFICATA"
187.5,TUMORI MALIGNI DELL'EPIDIDIMO
187.6,TUMORI MALIGNI DEL FUNICOLO SPERMATICO
187.7,TUMORI MALIGNI DELLO SCROTO
187.8,TUMORI MALIGNI DI ALTRE SPECIFICATE SEDI DEGLI ORGANI GENITALI MASCHILI
187.9,"TUMORI MALIGNI DEGLI ORGANI GENITALI MASCHILI,SEDE NON SPECIFICATA"
188,TUMORI MALIGNI DELLA VESCICA
188.0,TUMORI MALIGNI DEL TRIGONO VESCICALE
188.1,TUMORI MALIGNI DELLA CUPOLA VESCICALE
188.2,TUMORI MALIGNI DELLA PARETE LATERALE DELLA VESCICA
188.3,TUMORI MALIGNI DELLA PARETE ANTERIORE DELLA VESCICA
188.4,TUMORI MALIGNI DELLA PARETE POSTERIORE DELLA VESCICA
188.5,TUMORI MALIGNI DEL COLLO VESCICALE
188.6,TUMORI MALIGNI DELL'OSTIO URETERALE
188.7,TUMORI MALIGNI DELL'URACO
188.8,TUMORI MALIGNI DI ALTRE SPECIFICATE SEDI DELLA VESCICA
188.9,TUMORI MALIGNI DI PARTE NON SPECIFICATA DELLA VESCICA
189,TUMORI MALIGNI DEL RENE E DI ALTRI E NON SPECIFICATI ORGANI URINARI
189.0,"TUMORI MALIGNI DEL RENE,ECCETTO LA PELVI"
189.1,TUMORI MALIGNI DELLA PELVI RENALE
189.2,TUMORI MALIGNI DELL'URETERE
189.3,TUMORI MALIGNI DELL'URETRA
189.4,TUMORI MALIGNI DELLE GHIANDOLE PARAURETRALI
189.8,TUMORI MALIGNI DI ALTRE SPECIFICATE SEDI DEGLI ORGANI URINARI
189.9,"TUMORI MALIGNI DEGLI ORGANI URINARI,SEDE NON SPECIFICATA"
190,TUMORI MALIGNI DELL'OCCHIO
190.0,"TUMORI MALIGNI DEL BULBO OCULARE,ECCETTO CONGIUNTIVA,CORNEA,RETINA E COROIDE"
190.1,TUMORI MALIGNI DELL'ORBITA
190.2,TUMORI MALIGNI DELLA GHIANDOLA LACRIMALE
190.3,TUMORI MALIGNI DELLA CONGIUNTIVA
190.4,TUMORI MALIGNI DELLA CORNEA
190.5,TUMORI MALIGNI DELLA RETINA
190.6,TUMORI MALIGNI DELLA COROIDE
190.7,TUMORI MALIGNI DEI CONDOTTI LACRIMALI
190.8,TUMORI MALIGNI DI ALTRE SPECIFICATE SEDI DELL'OCCHIO
190.9,"TUMORI MALIGNI DELL'OCCHIO,PARTE NON SPECIFICATA"
191,TUMORI MALIGNI DELL'ENCEFALO
191.0,"TUMORI MALIGNI DEL CERVELLO,ECCETTO LOBI E VENTRICOLI"
191.1,TUMORI MALIGNI DEL LOBO FRONTALE
191.2,TUMORI MALIGNI DEL LOBO TEMPORALE
191.3,TUMORI MALIGNI DEL LOBO PARIETALE
191.4,TUMORI MALIGNI DEL LOBO OCCIPITALE
191.5,TUMORI MALIGNI DEL VENTRICOLI
191.6,"TUMORI MALIGNI DEL CERVELLETTO,SAI"
191.7,TUMORI MALIGNI DEL TRONCO DELL'ENCEFALO
191.8,TUMORI MALIGNI DI ALTRE PARTI DELL'ENCEFALO
191.9,"TUMORI MALIGNI DELL'ENCEFALO,NON SPECIFICATO"
192,TUMORI MALIGNI DI ALTRE E NON SPECIFICATE PARTI DEL SISTEMA NERVOSO
192.0,TUMORI MALIGNI DEI NERVI CRANICI
192.1,TUMORI MALIGNI DELLE MENINGI CEREBRALI
192.2,TUMORI MALIGNI DEL MIDOLLO SPINALE
192.3,TUMORI MALIGNI DELLE MENINGI SPINALI
192.8,TUMORI MALIGNI DI ALTRE SEDI SPECIFICATE DEL SISTEMA NERVOSO
192.9,"TUMORI MALIGNI DEL SISTEMA NERVOSO,PARTE NON SPECIFICATA"
193,TUMORI MALIGNI DELLA GHIANDOLA TIROIDE
194,TUMORI MALIGNI DELLE ALTRE GHIANDOLE ENDOCRINE E STRUTTURE CONNESSE
194.0,TUMORI MALIGNI DELLE GHIANDOLE SURRENALI
194.1,TUMORI MALIGNI DELLE GHIANDOLE PARATIROIDI
194.3,TUMORI MALIGNI DELL'IPOFISI E DOTTO CRANIOFARINGEO
194.4,TUMORI MALIGNI DELLA GHIANDOLA PINEALE
194.5,TUMORI MALIGNI DEL GLOMO CAROTIDEO
194.6,TUMORI MALIGNI DEL GLOMO AORTICO E ALTRI PARAGANGLI
194.8,ALTRI TUMORI MALIGNI DELLE ALTRE GHIANDOLE ENDOCRINE E STRUTTURE CONNESSE
194.9,"TUMORI MALIGNI DELLE GHIANDOLE ENDOCRINE,SEDE NON SPECIFICATA"
195,TUMORI MALIGNI DI ALTRE E MAL DEFINITE SEDI
195.0,"TUMORI MALIGNI DI TESTA,FACCIA E COLLO"
195.1,TUMORI MALIGNI DEL TORACE
195.2,TUMORI MALIGNI DELL'ADDOME
195.3,TUMORI MALIGNI DELLA PELVI
195.4,TUMORI MALIGNI DELL'ARTO SUPERIORE
195.5,TUMORI MALIGNI DELL'ARTO INFERIORE
195.8,TUMORI MALIGNI DI ALTRE SEDI SPECIFICATE
196,TUMORI MALIGNI SECONDARI E NON SPECIFICATI DEI LINFONODI
196.0,"TUMORI MALIGNI SECONDARI E NON SPECIFICATI DEI LINFONODI DI TESTA,FACCIA E COLLO"
196.1,TUMORI MALIGNI SECONDARI E NON SPECIFICATI DEI LINFONODI INTRATORACICI
196.2,TUMORI MALIGNI SECONDARI E NON SPECIFICATI DEI LINFONODI INTRAADDOMINALI
196.3,TUMORI MALIGNI SECONDARI E NON SPECIFICATI DEI LINFONODI DELL'ASCELLA E DELL'ARTO SUPERIORE
196.5,TUMORI MALIGNI SECONDARI E NON SPECIFICATI DEI LINFONODI DELLA REGIONE INGUINALE E DELL'ARTO INFERIORE
196.6,TUMORI MALIGNI SECONDARI E NON SPECIFICATI DEI LINFONODI INTRAPELVICI
196.8,"TUMORI MALIGNI SECONDARI E NON SPECIFICATI DEI LINFONODI,SEDI MULTIPLE"
196.9,"TUMORI MALIGNI SECONDARI E NON SPECIFICATI DEI LINFONODI,SEDE NON SPECIFICATA"
197,TUMORI MALIGNI SECONDARI DEGLI APPARATI RESPIRATORIO E DIGERENTE
197.0,TUMORI MALIGNI SECONDARI DEL POLMONE
197.1,TUMORI MALIGNI SECONDARI DEL MEDIASTINO
197.2,TUMORI MALIGNI SECONDARI DEL PLEURA
197.3,TUMORI MALIGNI SECONDARI DI ALTRI ORGANI RESPIRATORI
197.4,"TUMORI MALIGNI SECONDARI DELL'INTESTINO TENUE,INCLUSO IL DUODENO"
197.5,TUMORI MALIGNI SECONDARI DI COLON E RETTO
197.6,TUMORI MALIGNI SECONDARI DI RETROPERITONEO E PERITONEO
197.7,"TUMORI MALIGNI SECONDARI DEL FEGATO,SPECIFICATI COME METASTATICI"
197.8,TUMORI MALIGNI SECONDARI DI ALTRI ORGANI DIGESTIVI E MILZA
198,TUMORI MALIGNI SECONDARI DI ALTRE SEDI SPECIFICATE
198.0,TUMORI MALIGNI SECONDARI DEL RENE
198.1,TUMORI MALIGNI SECONDARI DI ALTRI ORGANI URINARI
198.2,TUMORI MALIGNI SECONDARI DELLA CUTE
198.3,TUMORI MALIGNI SECONDARI DI ENCEFALO E MIDOLLO SPINALE
198.4,TUMORI MALIGNI SECONDARI DI ALTRE PARTI DEL SISTEMA NERVOSO
198.5,TUMORI MALIGNI SECONDARI DI OSSO E MIDOLLO OSSEO
198.6,TUMORI MALIGNI SECONDARI DELL'OVAIO
198.7,TUMORI MALIGNI SECONDARI DELLA GHIANDOLA SURRENALE
198.8,TUMORI MALIGNI SECONDARI DI ALTRE SEDI SPECIFICATE
198.81,TUMORI MALIGNI SECONDARI DELLA MAMMELLA
198.82,TUMORI MALIGNI SECONDARI DEGLI ORGANI GENITALI
198.89,TUMORI MALIGNI SECONDARI DI ALTRE SEDI SPECIFICATE
199,TUMORI MALIGNI SENZA INDICAZIONE DELLA SEDE
199.0,TUMORI MALIGNI DISSEMINATI SENZA INDICAZIONE DELLA SEDE
199.1,ALTRI TUMORI MALIGNI SENZA INDICAZIONE DELLA SEDE
200,LINFOSARCOMA E RETICOLOSARCOMA
200.0,RETICOLOSARCOMA
200.00,"RETICOLOSARCOMA,SITO NON SPECIFICATO,ORGANI SOLIDI O SITI EXTRANODALI"
200.01,"RETICOLOSARCOMA,LINFONODI DELLA TESTA E DEL COLLO"
200.02,"RETICOLOSARCOMA,LINFONODI INTRATORACICI,MEDIASTINICI"
200.03,"RETICOLOSARCOMA,LINFONODI INTRAADDOMINALI"
200.04,"RETICOLOSARCOMA,LINFONODI ASCELLARI E DELL'ARTO SUPERIORE"
200.05,"RETICOLOSARCOMA,LINFONODI INGUINALI E DELL'ARTO INFERIORE"
200.06,"RETICOLOSARCOMA,LINFONODI PELVICI"
200.07,"RETICOLOSARCOMA,MILZA"
200.08,"RETICOLOSARCOMA,LINFONODI DI SITI MULTIPLI"
200.1,LINFOSARCOMA
200.10,"LINFOSARCOMA,SITO NON SPECIFICATO,ORGANI SOLIDI O SITI EXTRANODALI"
200.11,"LINFOSARCOMA,LINFONODI DELLA TESTA E DEL COLLO"
200.12,"LINFOSARCOMA,LINFONODI INTRATORACICI,MEDIASTINICI"
200.13,"LINFOSARCOMA,LINFONODI INTRAADDOMINALI"
200.14,"LINFOSARCOMA,LINFONODI ASCELLARI E DELL'ARTO SUPERIORE"
200.15,"LINFOSARCOMA,LINFONODI INGUINALI E DELL'ARTO INFERIORE"
200.16,"LINFOSARCOMA,LINFONODI PELVICI"
200.17,"LINFOSARCOMA,MILZA"
200.18,"LINFOSARCOMA,LINFONODI DI SITI MULTIPLI"
200.2,LINFOMA O TUMORE DI BURKITT
200.20,"LINFOMA O TUMORE DI BURKITT,SITO NON SPECIFICATO,ORGANI SOLIDI O SITI EXTRANODALI"
200.21,"LINFOMA O TUMORE DI BURKITT,LINFONODI DELLA TESTA E DEL COLLO"
200.22,"LINFOMA O TUMORE DI BURKITT,LINFONODI INTRATORACICI,MEDIASTINICI"
200.23,"LINFOMA O TUMORE DI BURKITT,LINFONODI INTRAADDOMINALI"
200.24,"LINFOMA O TUMORE DI BURKITT,LINFONODI ASCELLARI E DELL'ARTO SUPERIORE"
200.25,"LINFOMA O TUMORE DI BURKITT,LINFONODI INGUINALI E DELL'ARTO INFERIORE"
200.26,"LINFOMA O TUMORE DI BURKITT,LINFONODI PELVICI"
200.27,"LINFOMA O TUMORE DI BURKITT,MILZA"
200.28,"LINFOMA O TUMORE DI BURKITT,LINFONODI DI SITI MULTIPLI"
200.8,ALTRE VARIANTI
200.80,"ALTRE VARIANTI,SITO NON SPECIFICATO,ORGANI SOLIDI O SITI EXTRANODALI"
200.81,"ALTRE VARIANTI,LINFONODI DELLA TESTA E DEL COLLO"
200.82,"ALTRE VARIANTI,LINFONODI INTRATORACICI,MEDIASTINICI"
200.83,"ALTRE VARIANTI,LINFONODI INTRAADDOMINALI"
200.84,"ALTRE VARIANTI,LINFONODI ASCELLARI E DELL'ARTO SUPERIORE"
200.85,"ALTRE VARIANTI,LINFONODI INGUINALI E DELL'ARTO INFERIORE"
200.86,"ALTRE VARIANTI,LINFONODI PELVICI"
200.87,"ALTRE VARIANTI,MILZA"
200.88,"ALTRE VARIANTI,LINFONODI DI SITI MULTIPLI"
201,MALATTIA DI HODGKIN
201.0,PARAGRANULOMA DI HODGKIN
201.00,"PARAGRANULOMA DI HODGKIN,SITO NON SPECIFICATO,ORGANI SOLIDI O SITI EXTRANODALI"
201.01,"PARAGRANULOMA DI HODGKIN,LINFONODI DELLA TESTA E DEL COLLO"
201.02,"PARAGRANULOMA DI HODGKIN,LINFONODI INTRATORACICI,MEDIASTINICI"
201.03,"PARAGRANULOMA DI HODGKIN,LINFONODI INTRAADDOMINALI"
201.04,"PARAGRANULOMA DI HODGKIN,LINFONODI ASCELLARI E DELL'ARTO SUPERIORE"
201.05,"PARAGRANULOMA DI HODGKIN,LINFONODI INGUINALI E DELL'ARTO INFERIORE"
201.06,"PARAGRANULOMA DI HODGKIN,LINFONODI PELVICI"
201.07,"PARAGRANULOMA DI HODGKIN,MILZA"
201.08,"PARAGRANULOMA DI HODGKIN,LINFONODI DI SITI MULTIPLI"
201.1,GRANULOMA DI HODGKIN
201.10,"GRANULOMA DI HODGKIN,SITO NON SPECIFICATO,ORGANI SOLIDI O SITI EXTRANODALI"
201.11,"GRANULOMA DI HODGKIN,LINFONODI DELLA TESTA E DEL COLLO"
201.12,"GRANULOMA DI HODGKIN,LINFONODI INTRATORACICI,MEDIASTINICI"
201.13,"GRANULOMA DI HODGKIN,LINFONODI INTRAADDOMINALI"
201.14,"GRANULOMA DI HODGKIN,LINFONODI ASCELLARI E DELL'ARTO SUPERIORE"
201.15,"GRANULOMA DI HODGKIN,LINFONODI INGUINALI E DELL'ARTO INFERIORE"
201.16,"GRANULOMA DI HODGKIN,LINFONODI PELVICI"
201.17,"GRANULOMA DI HODGKIN,MILZA"
201.18,"GRANULOMA DI HODGKIN,LINFONODI DI SITI MULTIPLI"
201.2,SARCOMA DI HODGKIN
201.20,"SARCOMA DI HODGKIN,SITO NON SPECIFICATO,ORGANI SOLIDI O SITI EXTRANODALI"
201.21,"SARCOMA DI HODGKIN,LINFONODI DELLA TESTA E DEL COLLO"
201.22,"SARCOMA DI HODGKIN,LINFONODI INTRATORACICI,MEDIASTINICI"
201.23,"SARCOMA DI HODGKIN,LINFONODI INTRAADDOMINALI"
201.24,"SARCOMA DI HODGKIN,LINFONODI ASCELLARI E DELL'ARTO SUPERIORE"
201.25,"SARCOMA DI HODGKIN,LINFONODI INGUINALI E DELL'ARTO INFERIORE"
201.26,"SARCOMA DI HODGKIN,LINFONODI PELVICI"
201.27,"SARCOMA DI HODGKIN,MILZA"
201.28,"SARCOMA DI HODGKIN,LINFONODI DI SITI MULTIPLI"
201.4,PREDOMINANZA LINFOCITICO-ISTIOCITICA
201.40,"PREDOMINANZA LINFOCITICO-ISTIOCITICA,SITO NON SPECIFICATO,ORGANI SOLIDI O SITI EXTRANODALI"
201.41,"PREDOMINANZA LINFOCITICO-ISTIOCITICA,LINFONODI DELLA TESTA E DEL COLLO"
201.42,"PREDOMINANZA LINFOCITICO-ISTIOCITICA,LINFONODI INTRATORACICI,MEDIASTINICI"
201.43,"PREDOMINANZA LINFOCITICO-ISTIOCITICA,LINFONODI INTRAADDOMINALI"
201.44,"PREDOMINANZA LINFOCITICO-ISTIOCITICA,LINFONODI ASCELLARI E DELL'ARTO SUPERIORE"
201.45,"PREDOMINANZA LINFOCITICO-ISTIOCITICA,LINFONODI INGUINALI E DELL'ARTO INFERIORE"
201.46,"PREDOMINANZA LINFOCITICO-ISTIOCITICA,LINFONODI PELVICI"
201.47,"PREDOMINANZA LINFOCITICO-ISTIOCITICA,MILZA"
201.48,"PREDOMINANZA LINFOCITICO-ISTIOCITICA,LINFONODI DI SITI MULTIPLI"
201.5,SCLEROSI NODULARE
201.50,"SCLEROSI NODULARE,SITO NON SPECIFICATO,ORGANI SOLIDI O SITI EXTRANODALI"
201.51,"SCLEROSI NODULARE,LINFONODI DELLA TESTA E DEL COLLO"
201.52,"SCLEROSI NODULARE,LINFONODI INTRATORACICI,MEDIASTINICI"
201.53,"SCLEROSI NODULARE,LINFONODI INTRAADDOMINALI"
201.54,"SCLEROSI NODULARE,LINFONODI ASCELLARI E DELL'ARTO SUPERIORE"
201.55,"SCLEROSI NODULARE,LINFONODI INGUINALI E DELL'ARTO INFERIORE"
201.56,"SCLEROSI NODULARE,LINFONODI PELVICI"
201.57,"SCLEROSI NODULARE,MILZA"
201.58,"SCLEROSI NODULARE,LINFONODI DI SITI MULTIPLI"
201.6,CELLULARIT@ MISTA
201.60,"CELLULARIT@ MISTA,SITO NON SPECIFICATO,ORGANI SOLIDI O SITI EXTRANODALI"
201.61,"CELLULARIT@ MISTA,LINFONODI DELLA TESTA E DEL COLLO"
201.62,"CELLULARIT@ MISTA,LINFONODI INTRATORACICI,MEDIASTINICI"
201.63,"CELLULARIT@ MISTA,LINFONODI INTRAADDOMINALI"
201.64,"CELLULARIT@ MISTA,LINFONODI ASCELLARI E DELL'ARTO SUPERIORE"
201.65,"CELLULARIT@ MISTA,LINFONODI INGUINALI E DELL'ARTO INFERIORE"
201.66,"CELLULARIT@ MISTA,LINFONODI PELVICI"
201.67,"CELLULARIT@ MISTA,MILZA"
201.68,"CELLULARIT@ MISTA,LINFONODI DI SITI MULTIPLI"
201.7,DEPLEZIONE LINFOCITARIA
201.70,"DEPLEZIONE LINFOCITARIA,SITO NON SPECIFICATO,ORGANI SOLIDI O SITI EXTRANODALI"
201.71,"DEPLEZIONE LINFOCITARIA,LINFONODI DELLA TESTA E DEL COLLO"
201.72,"DEPLEZIONE LINFOCITARIA,LINFONODI INTRATORACICI,MEDIASTINICI"
201.73,"DEPLEZIONE LINFOCITARIA,LINFONODI INTRAADDOMINALI"
201.74,"DEPLEZIONE LINFOCITARIA,LINFONODI ASCELLARI E DELL'ARTO SUPERIORE"
201.75,"DEPLEZIONE LINFOCITARIA,LINFONODI INGUINALI E DELL'ARTO INFERIORE"
201.76,"DEPLEZIONE LINFOCITARIA,LINFONODI PELVICI"
201.77,"DEPLEZIONE LINFOCITARIA,MILZA"
201.78,"DEPLEZIONE LINFOCITARIA,LINFONODI DI SITI MULTIPLI"
201.9,"MALATTIA DI HODGKIN, NON SPECIFICATA"
201.90,"MALATTIA DI HODGKIN,NON SPECIFICATA,SITO NON SPECIFICATO,ORGANI SOLIDI O SITI EXTRANODALI"
201.91,"MALATTIA DI HODGKIN,NON SPECIFICATA,LINFONODI DELLA TESTA E DEL COLLO"
201.92,"MALATTIA DI HODGKIN,NON SPECIFICATA,LINFONODI INTRATORACICI,MEDIASTINICI"
201.93,"MALATTIA DI HODGKIN,NON SPECIFICATA,LINFONODI INTRAADDOMINALI"
201.94,"MALATTIA DI HODGKIN,NON SPECIFICATA,LINFONODI ASCELLARI E DELL'ARTO SUPERIORE"
201.95,"MALATTIA DI HODGKIN,NON SPECIFICATA,LINFONODI INGUINALI E DELL'ARTO INFERIORE"
201.96,"MALATTIA DI HODGKIN,NON SPECIFICATA,LINFONODI PELVICI"
201.97,"MALATTIA DI HODGKIN,NON SPECIFICATA,MILZA"
201.98,"MALATTIA DI HODGKIN,NON SPECIFICATA,LINFONODI DI SITI MULTIPLI"
202,ALTRE NEOPLASIE MALIGNE DEL TESSUTO LINFATICO ED ISTIOCITARIO
202.0,LINFOMA NODULARE
202.00,"LINFOMA NODULARE,SITO NON SPECIFICATO,ORGANI SOLIDI O SITI EXTRANODALI"
202.01,"LINFOMA NODULARE,LINFONODI DELLA TESTA E DEL COLLO"
202.02,"LINFOMA NODULARE,LINFONODI INTRATORACICI,MEDIASTINICI"
202.03,"LINFOMA NODULARE,LINFONODI INTRAADDOMINALI"
202.04,"LINFOMA NODULARE,LINFONODI ASCELLARI E DELL'ARTO SUPERIORE"
202.05,"LINFOMA NODULARE,LINFONODI INGUINALI E DELL'ARTO INFERIORE"
202.06,"LINFOMA NODULARE,LINFONODI PELVICI"
202.07,"LINFOMA NODULARE,MILZA"
202.08,"LINFOMA NODULARE,LINFONODI DI SITI MULTIPLI"
202.1,MICOSI FUNGOIDE
202.10,"MICOSI FUNGOIDE,SITO NON SPECIFICATO,ORGANI SOLIDI O SITI EXTRANODALI"
202.11,"MICOSI FUNGOIDE,LINFONODI DELLA TESTA E DEL COLLO"
202.12,"MICOSI FUNGOIDE,LINFONODI INTRATORACICI,MEDIASTINICI"
202.13,"MICOSI FUNGOIDE,LINFONODI INTRAADDOMINALI"
202.14,"MICOSI FUNGOIDE,LINFONODI ASCELLARI E DELL'ARTO SUPERIORE"
202.15,"MICOSI FUNGOIDE,LINFONODI INGUINALI E DELL'ARTO INFERIORE"
202.16,"MICOSI FUNGOIDE,LINFONODI PELVICI"
202.17,"MICOSI FUNGOIDE,MILZA"
202.18,"MICOSI FUNGOIDE,LINFONODI DI SITI MULTIPLI"
202.2,MALATTIA DI SIZARY
202.20,"MALATTIA DI SAZARY,SITO NON SPECIFICATO,ORGANI SOLIDI O SITI EXTRANODALI"
202.21,"MALATTIA DI SAZARY,LINFONODI DELLA TESTA E DEL COLLO"
202.22,"MALATTIA DI SAZARY,LINFONODI INTRATORACICI,MEDIASTINICI"
202.23,"MALATTIA DI SAZARY,LINFONODI INTRAADDOMINALI"
202.24,"MALATTIA DI SAZARY,LINFONODI ASCELLARI E DELL'ARTO SUPERIORE"
202.25,"MALATTIA DI SAZARY,LINFONODI INGUINALI E DELL'ARTO INFERIORE"
202.26,"MALATTIA DI SAZARY,LINFONODI PELVICI"
202.27,"MALATTIA DI SAZARY,MILZA"
202.28,"MALATTIA DI SAZARY,LINFONODI DI SITI MULTIPLI"
202.3,ISTIOCITOSI MALIGNA
202.30,"ISTIOCITOSI MALIGNA,SITO NON SPECIFICATO,ORGANI SOLIDI O SITI EXTRANODALI"
202.31,"ISTIOCITOSI MALIGNA,LINFONODI DELLA TESTA E DEL COLLO"
202.32,"ISTIOCITOSI MALIGNA,LINFONODI INTRATORACICI,MEDIASTINICI"
202.33,"ISTIOCITOSI MALIGNA,LINFONODI INTRA-ADDOMINALI"
202.34,"ISTIOCITOSI MALIGNA,LINFONODI ASCELLARI E DELL'ARTO SUPERIORE"
202.35,"ISTIOCITOSI MALIGNA,LINFONODI INGUINALI E DELL'ARTO INFERIORE"
202.36,"ISTIOCITOSI MALIGNA,LINFONODI PELVICI"
202.37,"ISTIOCITOSI MALIGNA,MILZA"
202.38,"ISTIOCITOSI MALIGNA,LINFONODI DI SITI MULTIPLI"
202.4,RETICOLOENDOTELIOSI LEUCEMICA
202.40,"RETICOLOENDOTELIOSI LEUCEMICA,SITO NON SPECIFICATO,ORGANI SOLIDI O SITI EXTRANODALI"
202.41,"RETICOLOENDOTELIOSI LEUCEMICA,LINFONODI DELLA TESTA E DEL COLLO"
202.42,"RETICOLOENDOTELIOSI LEUCEMICA,LINFONODI INTRATORACICI,MEDIASTINICI"
202.43,"RETICOLOENDOTELIOSI LEUCEMICA,LINFONODI INTRAADDOMINALI"
202.44,"RETICOLOENDOTELIOSI LEUCEMICA,LINFONODI ASCELLARI E DELL'ARTO SUPERIORE"
202.45,"RETICOLOENDOTELIOSI LEUCEMICA,LINFONODI INGUINALI E DELL'ARTO INFERIORE"
202.46,"RETICOLOENDOTELIOSI LEUCEMICA,LINFONODI PELVICI"
202.47,"RETICOLOENDOTELIOSI LEUCEMICA,MILZA"
202.48,"RETICOLOENDOTELIOSI LEUCEMICA,LINFONODI DI SITI MULTIPLI"
202.5,MALATTIA DI LETTERER SIWE
202.50,"MALATTIA DI LETTERER SIWE,SITO NON SPECIFICATO,ORGANI SOLIDI O SITI EXTRANODALI"
202.51,"MALATTIA DI LETTERER SIWE,LINFONODI DELLA TESTA E DEL COLLO"
202.52,"MALATTIA DI LETTERER SIWE,LINFONODI INTRATORACICI,MEDIASTINICI"
202.53,"MALATTIA DI LETTERER SIWE,LINFONODI INTRAADDOMINALI"
202.54,"MALATTIA DI LETTERER SIWE,LINFONODI ASCELLARI E DELL'ARTO SUPERIORE"
202.55,"MALATTIA DI LETTERER SIWE,LINFONODI INGUINALI E DELL'ARTO INFERIORE"
202.56,"MALATTIA DI LETTERER SIWE,LINFONODI PELVICI"
202.57,"MALATTIA DI LETTERER SIWE,MILZA"
202.58,"MALATTIA DI LETTERER SIWE,LINFONODI DI SITI MULTIPLI"
202.6,TUMORI MALIGNI DEI MASTOCITI
202.60,"TUMORI MALIGNI DEI MASTOCITI,SITO NON SPECIFICATO,ORGANI SOLIDI O SITI EXTRANODALI"
202.61,"TUMORI MALIGNI DEI MASTOCITI,LINFONODI DELLA TESTA E DEL COLLO"
202.62,"TUMORI MALIGNI DEI MASTOCITI,LINFONODI INTRATORACICI,MEDIASTINICI"
202.63,"TUMORI MALIGNI DEI MASTOCITI,LINFONODI INTRAADDOMINALI"
202.64,"TUMORI MALIGNI DEI MASTOCITI,LINFONODI ASCELLARI E DELL'ARTO SUPERIORE"
202.65,"TUMORI MALIGNI DEI MASTOCITI,LINFONODI INGUINALI E DELL'ARTO INFERIORE"
202.66,"TUMORI MALIGNI DEI MASTOCITI,LINFONODI PELVICI"
202.67,"TUMORI MALIGNI DEI MASTOCITI,MILZA"
202.68,"TUMORI MALIGNI DEI MASTOCITI,LINFONODI DI SITI MULTIPLI"
202.8,ALTRI LINFOMI
202.80,"ALTRI LINFOMI,SITO NON SPECIFICATO,ORGANI SOLIDI O SITI EXTRANODALI"
202.81,"ALTRI LINFOMI,LINFONODI DELLA TESTA E DEL COLLO"
202.82,"ALTRI LINFOMI,LINFONODI INTRATORACICI,MEDIASTINICI"
202.83,"ALTRI LINFOMI,LINFONODI INTRAADDOMINALI"
202.84,"ALTRI LINFOMI,LINFONODI ASCELLARI E DELL'ARTO SUPERIORE"
202.85,"ALTRI LINFOMI,LINFONODI INGUINALI E DELL'ARTO INFERIORE"
202.86,"ALTRI LINFOMI,LINFONODI PELVICI"
202.87,"ALTRI LINFOMI,MILZA"
202.88,"ALTRI LINFOMI,LINFONODI DI SITI MULTIPLI"
202.9,ALTRE NEOPLASIE MALIGNE NON SPECIFICATE DEL TESSUTO LINFOIDE ED ISTIOCITARIO
202.90,"ALTRE NEOPLASIE MALIGNE NON SPECIFICATE DEL TESSUTO LINFOIDE ED ISTIOCITARIO,SITO NON SPECIFICATO,ORGANI SOLIDI O SITI EXTRANODALI"
202.91,"ALTRE NEOPLASIE MALIGNE NON SPECIFICATE DEL TESSUTO LINFOIDE ED ISTIOCITARIO,LINFONODI DELLA TESTA E DEL COLLO"
202.92,"ALTRE NEOPLASIE MALIGNE NON SPECIFICATE DEL TESSUTO LINFOIDE ED ISTIOCITARIO,LINFONODI INTRATORACICI,MEDIASTINICI"
202.93,"ALTRE NEOPLASIE MALIGNE NON SPECIFICATE DEL TESSUTO LINFOIDE ED ISTIOCITARIO,LINFONODI INTRAADDOMINALI"
202.94,"ALTRE NEOPLASIE MALIGNE NON SPECIFICATE DEL TESSUTO LINFOIDE ED ISTIOCITARIO,LINFONODI ASCELLARI E DELL'ARTO SUPERIORE"
202.95,"ALTRE NEOPLASIE MALIGNE NON SPECIFICATE DEL TESSUTO LINFOIDE ED ISTIOCITARIO,LINFONODI INGUINALI E DELL'ARTO INFERIORE"
202.96,"ALTRE NEOPLASIE MALIGNE NON SPECIFICATE DEL TESSUTO LINFOIDE ED ISTIOCITARIO,LINFONODI PELVICI"
202.97,"ALTRE NEOPLASIE MALIGNE NON SPECIFICATE DEL TESSUTO LINFOIDE ED ISTIOCITARIO,MILZA"
202.98,"ALTRE NEOPLASIE MALIGNE NON SPECIFICATE DEL TESSUTO LINFOIDE ED ISTIOCITARIO,LINFONODI DI SITI MULTIPLI"
203,MIELOMA MULTIPLO E NEOPLASIE IMMUNOPROLIFERATIVE
203.0,MIELOMA MULTIPLO
203.00,"MIELOMA MULTIPLO,SENZA MENZIONE DI REMISSIONE"
203.01,"MIELOMA MULTIPLO,IN REMISSIONE"
203.1,LEUCEMIA PLASMACELLULARE
203.10,"LEUCEMIA PLASMACELLULARE,SENZA MENZIONE DI REMISSIONE"
203.11,"LEUCEMIA PLASMACELLULARE,IN REMISSIONE"
203.8,ALTRE NEOPLASIE IMMUNOPROLIFERATIVE
203.80,"ALTRE NEOPLASIE IMMUNOPROLIFERATIVE,SENZA MENZIONE DI REMISSIONE"
203.81,"ALTRE NEOPLASIE IMMUNOPROLIFERATIVE,IN REMISSIONE"
204,LEUCEMIA LINFOIDE
204.0,"LEUCEMIA LINFOIDE, ACUTA"
204.00,"LEUCEMIA LINFOIDE,ACUTA,SENZA MENZIONE DI REMISSIONE"
204.01,"LEUCEMIA LINFOIDE,ACUTA,IN REMISSIONE"
204.1,"LEUCEMIA LINFOIDE, CRONICA"
204.10,"LEUCEMIA LINFOIDE,CRONICA,SENZA MENZIONE DI REMISSIONE"
204.11,"LEUCEMIA LINFOIDE,CRONICA,IN REMISSIONE"
204.2,"LEUCEMIA LINFOIDE, SUBACUTA"
204.20,"LEUCEMIA LINFOIDE,SUBACUTA,SENZA MENZIONE DI REMISSIONE"
204.21,"LEUCEMIA LINFOIDE,SUBACUTA,IN REMISSIONE"
204.8,ALTRE LEUCEMIE LINFATICHE
204.80,"ALTRE LEUCEMIE LINFATICHE,SENZA MENZIONE DI REMISSIONE"
204.81,"ALTRE LEUCEMIE LINFATICHE,IN REMISSIONE"
204.9,"LEUCEMIA LINFOIDE, NON SPECIFICATA"
204.90,"LEUCEMIA LINFOIDE,NON SPECIFICATA,SENZA MENZIONE DI REMISSIONE"
204.91,"LEUCEMIA LINFOIDE,NON SPECIFICATA,IN REMISSIONE"
205,LEUCEMIA MIELOIDE
205.0,"LEUCEMIA MIELOIDE, ACUTA"
205.00,"LEUCEMIA MIELOIDE,ACUTA,SENZA MENZIONE DI REMISSIONE"
205.01,"LEUCEMIA MIELOIDE,ACUTA,IN REMISSIONE"
205.1,"LEUCEMIA MIELOIDE, CRONICA"
205.10,"LEUCEMIA MIELOIDE,CRONICA,SENZA MENZIONE DI REMISSIONE"
205.11,"LEUCEMIA MIELOIDE,CRONICA,IN REMISSIONE"
205.2,"LEUCEMIA MIELOIDE, SUBACUTA"
205.20,"LEUCEMIA MIELOIDE,SUBACUTA,SENZA MENZIONE DI REMISSIONE"
205.21,"LEUCEMIA MIELOIDE,SUBACUTA,IN REMISSIONE"
205.3,SARCOMA MIELOIDE
205.30,"SARCOMA MIELOIDE,SENZA MENZIONE DI REMISSIONE"
205.31,"SARCOMA MIELOIDE,IN REMISSIONE"
205.8,ALTRE LEUCEMIE MIELOIDI
205.80,"ALTRE LEUCEMIE MIELOIDI,SENZA MENZIONE DI REMISSIONE"
205.81,"ALTRE LEUCEMIE MIELOIDI,IN REMISSIONE"
205.9,"LEUCEMIA MIELOIDE, NON SPECIFICATA"
205.90,"LEUCEMIA MIELOIDE,NON SPECIFICATA,SENZA MENZIONE DI REMISSIONE"
205.91,"LEUCEMIA MIELOIDE,NON SPECIFICATA,IN REMISSIONE"
206,LEUCEMIA MONOCITICA
206.0,"LEUCEMIA MONOCITICA, ACUTA"
206.00,"LEUCEMIA MONOCITICA,ACUTA,SENZA MENZIONE DI REMISSIONE"
206.01,"LEUCEMIA MONOCITICA,ACUTA,IN REMISSIONE"
206.1,"LEUCEMIA MONOCITICA, CRONICA"
206.10,"LEUCEMIA MONOCITICA,CRONICA,SENZA MENZIONE DI REMISSIONE"
206.11,"LEUCEMIA MONOCITICA,CRONICA,IN REMISSIONE"
206.2,"LEUCEMIA MONOCITICA, SUBACUTA"
206.20,"LEUCEMIA MONOCITICA,SUBACUTA,SENZA MENZIONE DI REMISSIONE"
206.21,"LEUCEMIA MONOCITICA,SUBACUTA,IN REMISSIONE"
206.8,ALTRE LEUCEMIE MONOCITICHE
206.80,"ALTRE LEUCEMIE MONOCITICHE,SENZA MENZIONE DI REMISSIONE"
206.81,"ALTRE LEUCEMIE MONOCITICHE,IN REMISSIONE"
206.9,"LEUCEMIA MONOCITICA, NON SPECIFICATA"
206.90,"LEUCEMIA MONOCITICA,NON SPECIFICATA,SENZA MENZIONE DI REMISSIONE"
206.91,"LEUCEMIA MONOCITICA,NON SPECIFICATA,IN REMISSIONE"
207,ALTRE LEUCEMIE SPECIFICHE
207.0,ERITREMIA ACUTA ED ERITROLEUCEMIA
207.00,"ERITREMIA ACUTA ED ERITROLEUCEMIA,SENZA MENZIONE DI REMISSIONE"
207.01,"ERITREMIA ACUTA ED ERITROLEUCEMIA,IN REMISSIONE"
207.1,ERITREMIA CRONICA
207.10,"ERITREMIA CRONICA,SENZA MENZIONE DI REMISSIONE"
207.11,"ERITREMIA CRONICA,IN REMISSIONE"
207.2,LEUCEMIA MEGACARIOCITICA
207.20,"LEUCEMIA MEGACARIOCITICA,SENZA MENZIONE DI REMISSIONE"
207.21,"LEUCEMIA MEGACARIOCITICA,IN REMISSIONE"
207.8,ALTRE LEUCEMIE SPECIFICHE
207.80,"ALTRE LEUCEMIE SPECIFICHE,SENZA MENZIONE DI REMISSIONE"
207.81,"ALTRE LEUCEMIE SPECIFICHE,IN REMISSIONE"
208,LEUCEMIA A TIPO CELLULARE NON SPECIFICATO
208.0,"LEUCEMIA A TIPO CELLULARE NON SPECIFICATO, ACUTA"
208.00,"LEUCEMIA A TIPO CELLULARE NON SPECIFICATO,ACUTA,SENZA MENZIONE DI REMISSIONE"
208.01,"LEUCEMIA A TIPO CELLULARE NON SPECIFICATO,ACUTA,IN REMISSIONE"
208.1,"LEUCEMIA A TIPO CELLULARE NON SPECIFICATO, CRONICA"
208.10,"LEUCEMIA A TIPO CELLULARE NON SPECIFICATO,CRONICA,SENZA MENZIONE DI REMISSIONE"
208.11,"LEUCEMIA A TIPO CELLULARE NON SPECIFICATO,CRONICA,IN REMISSIONE"
208.2,"LEUCEMIA A TIPO CELLULARE NON SPECIFICATO, SUBACUTA"
208.20,"LEUCEMIA A TIPO CELLULARE NON SPECIFICATO,SUBACUTA,SENZA MENZIONE DI REMISSIONE"
208.21,"LEUCEMIA A TIPO CELLULARE NON SPECIFICATO,SUBACUTA,IN REMISSIONE"
208.8,ALTRE LEUCEMIE ACUTE A TIPO CELLULARE NON SPECIFICATO
208.80,"ALTRE LEUCEMIE ACUTE A TIPO CELLULARE NON SPECIFICATO,SENZA MENZIONE DI REMISSIONE"
208.81,"ALTRE LEUCEMIE ACUTE A TIPO CELLULARE NON SPECIFICATO,ACUTA,IN REMISSIONE"
208.9,LEUCEMIA NON SPECIFICATA
208.90,"LEUCEMIA NON SPECIFICATA,SENZA MENZIONE DI REMISSIONE"
208.91,"LEUCEMIA NON SPECIFICATA,IN REMISSIONE"
210,"TUMORI BENIGNI DELLE LABBRA, DELLA CAVIT@ ORALE E DELLA FARINGE"
210.0,TUMORI BENIGNI DELLE LABBRA
210.1,TUMORI BENIGNI DELLE LINGUA
210.2,TUMORI BENIGNI DELLE GHIANDOLE SALIVARI MAGGIORI
210.3,TUMORI BENIGNI DEL PAVIMENTO DELLA BOCCA
210.4,TUMORI BENIGNI DI ALTRE E NON SPECIFICATE PARTI DELLA BOCCA
210.5,TUMORI BENIGNI DELLA TONSILLA
210.6,TUMORI BENIGNI DI ALTRE PARTI DELL'OROFARINGE
210.7,TUMORI BENIGNI DEL RINOFARINGE
210.8,TUMORI BENIGNI DELL'IPOFARINGE
210.9,"TUMORI BENIGNI DELLA FARINGE,NON SPECIFICATO"
211,TUMORI BENIGNI DI ALTRE PARTI DELL'APPARATO DIGERENTE
211.0,TUMORI BENIGNI DELL'ESOFAGO
211.1,TUMORI BENIGNI DELLO STOMACO
211.2,"TUMORI BENIGNI DI DUODENO,DIGIUNO E ILEO"
211.3,TUMORI BENIGNI DEL COLON
211.4,TUMORI BENIGNI DI RETTO E CANALE ANALE
211.5,TUMORI BENIGNI DI FEGATO E VIE BILIARI
211.6,"TUMORI BENIGNI DEL PANCREAS,ECCETTO ISOLE DI LANGERHANS"
211.7,TUMORI BENIGNI DELLE ISOLE DI LANGERHANS
211.8,TUMORI BENIGNI DI RETROPERITONEO E PERITONEO
211.9,TUMORI BENIGNI DI ALTRE E NON SPECIFICATE SEDI DELL'APPARATO DIGERENTE
212,TUMORI BENIGNI DELL'APPARATO RESPIRATORIO E DEGLI ORGANI INTRATORACICI
212.0,"TUMORI BENIGNI DI CAVIT@ NASALI,ORECCHIO MEDIO E SENI PARANASALI"
212.1,TUMORI BENIGNI DELLA LARINGE
212.2,TUMORI BENIGNI DELLA TRACHEA
212.3,TUMORI BENIGNI DI BRONCHI E POLMONI
212.4,TUMORI BENIGNI DELLA PLEURA
212.5,TUMORI BENIGNI DEL MEDIASTINO
212.6,TUMORI BENIGNI DEL TIMO
212.7,TUMORI BENIGNI DEL CUORE
212.8,TUMORI BENIGNI DI ALTRE SEDI SPECIFICATE
212.9,TUMORI BENIGNI DI SEDE NON SPECIFICATA
213,TUMORI BENIGNI DELLE OSSA E DELLA CARTILAGINE ARTICOLARE
213.0,TUMORI BENIGNI DELLE OSSA DEL CRANIO E DELLA FACCIA
213.1,TUMORI BENIGNI DELLA MANDIBOLA
213.2,"TUMORI BENIGNI DELLA COLONNA VERTEBRALE,ESCLUSO IL SACRO E IL COCCIGE"
213.3,"TUMORI BENIGNI DI COSTE,STERNO E CLAVICOLA"
213.4,TUMORI BENIGNI DI SCAPOLA E OSSA LUNGHE DELL'ARTO SUPERIORE
213.5,TUMORI BENIGNI DELLE OSSA CORTE DELL'ARTO SUPERIORE
213.6,"TUMORI BENIGNI DI OSSA DELLA PELVI,SACRO E COCCIGE"
213.7,TUMORI BENIGNI DELLE OSSA LUNGHE DELL'ARTO INFERIORE
213.8,TUMORI BENIGNI DELLE OSSA CORTE DELL'ARTO INFERIORE
213.9,"TUMORI BENIGNI DI OSSA E CARTILAGINE ARTICOLARE,SEDE NON SPECIFICATA"
214,LIPOMA
214.0,LIPOMA DI CUTE E TESSUTO SOTTOCUTANEO DELLA FACCIA
214.1,LIPOMA DI ALTRE SEDI CUTANEE E SOTTOCUTANEE
214.2,LIPOMA DEGLI ORGANI INTRATORACICI
214.3,LIPOMA DEGLI ORGANI INTRAADDOMINALI
214.4,LIPOMA DEL FUNICOLO SPERMATICO
214.8,LIPOMA DI ALTRE SEDI SPECIFICATE
214.9,"LIPOMA,SEDE NON SPECIFICATA"
215,ALTRI TUMORI BENIGNI DEL CONNETTIVO E DI ALTRI TESSUTI MOLLI
215.0,"ALTRI TUMORI BENIGNI DEL CONNETTIVO E DI ALTRI TESSUTI MOLLI DI TESTA,FACCIA E COLLO"
215.2,"ALTRI TUMORI BENIGNI DEL CONNETTIVO E DI ALTRI TESSUTI MOLLI DELL'ARTO SUPERIORE,COMPRESA LA SPALLA"
215.3,"ALTRI TUMORI BENIGNI DEL CONNETTIVO E DI ALTRI TESSUTI MOLLI DELL'ARTO INFERIORE,COMPRESA L'ANCA"
215.4,ALTRI TUMORI BENIGNI DEL CONNETTIVO E DI ALTRI TESSUTI MOLLI DEL TORACE
215.5,ALTRI TUMORI BENIGNI DEL CONNETTIVO E DI ALTRI TESSUTI MOLLI DELL'ADDOME
215.6,ALTRI TUMORI BENIGNI DEL CONNETTIVO E DI ALTRI TESSUTI MOLLI DELLA PELVI
215.7,"ALTRI TUMORI BENIGNI DEL CONNETTIVO E DI ALTRI TESSUTI MOLLI DEL TRONCO,NON SPECIFICATI"
215.8,ALTRI TUMORI BENIGNI DI ALTRE SEDI SPECIFICATE
215.9,"ALTRI TUMORI BENIGNI DEL CONNETTIVO E DI ALTRI TESSUTI MOLLI,SEDE NON SPECIFICATA"
216,TUMORI BENIGNI DELLA CUTE
216.0,TUMORI BENIGNI DELLA CUTE DEL LABBRO
216.1,"TUMORI BENIGNI DELLA PALPEBRA,COMPRESO L'ANGOLO PALPEBRALE"
216.2,TUMORI BENIGNI DELLA CUTE DI ORECCHIO E CONDOTTO UDITIVO ESTERNO
216.3,TUMORI BENIGNI DELLA CUTE DI ALTRE E NON SPECIFICATE PARTI DELLA FACCIA
216.4,TUMORI BENIGNI DI CUOIO CAPELLUTO E CUTE DEL COLLO
216.5,"TUMORI BENIGNI DELLA CUTE DEL TRONCO,ECCETTO LO SCROTO"
216.6,"TUMORI BENIGNI DELLA CUTE DELL'ARTO SUPERIORE,COMPRESA LA SPALLA"
216.7,"TUMORI BENIGNI DELLA CUTE DELL'ARTO INFERIORE,COMPRESA L'ANCA"
216.8,TUMORI BENIGNI DI ALTRE SEDI SPECIFICATE DELLA CUTE
216.9,"TUMORI BENIGNI DELLA CUTE,SEDE NON SPECIFICATA"
217,TUMORI BENIGNI DELLA MAMMELLA
218,LEIOMIOMA UTERINO
218.0,LEIOMIOMA SOTTOMUCOSO DELL'UTERO
218.1,LEIOMIOMA INTRAMURALE DELL'UTERO
218.2,LEIOMIOMA SOTTOSIEROSO DELL'UTERO
218.9,"LEIOMIOMA DELL'UTERO,NON SPECIFICATO"
219,ALTRI TUMORI BENIGNI DELL'UTERO
219.0,ALTRI TUMORI BENIGNI DELLA CERVICE UTERINA
219.1,ALTRI TUMORI BENIGNI DEL CORPO DELL'UTERO
219.8,ALTRI TUMORI BENIGNI DI ALTRE SPECIFICATE PARTI DELL'UTERO
219.9,"ALTRI TUMORI BENIGNI DELL'UTERO,PARTE NON SPECIFICATA"
220,TUMORI BENIGNI DELL'OVAIO
221,TUMORI BENIGNI DEGLI ALTRI ORGANI GENITALI FEMMINILI
221.0,TUMORI BENIGNI DI TUBE DI FALLOPPIO E LEGAMENTI UTERINI
221.1,TUMORI BENIGNI DELLA VAGINA
221.2,TUMORI BENIGNI DELLA VULVA
221.8,TUMORI BENIGNI DI ALTRE SEDI SPECIFICATE DEGLI ORGANI GENITALI FEMMINILI
221.9,"TUMORI BENIGNI DEGLI ALTRI ORGANI GENITALI FEMMINILI,SEDE NON SPECIFICATA"
222,TUMORI BENIGNI DEGLI ORGANI GENITALI MASCHILI
222.0,TUMORI BENIGNI DEL TESTICOLO
222.1,TUMORI BENIGNI DEL PENE
222.2,TUMORI BENIGNI DELLA PROSTATA
222.3,TUMORI BENIGNI DELL'EPIDIDIMO
222.4,TUMORI BENIGNI DELLO SCROTO
222.8,TUMORI BENIGNI DI ALTRE SEDI SPECIFICATE DEGLI ORGANI GENITALI MASCHILI
222.9,"TUMORI BENIGNI DEGLI ORGANI GENITALI MASCHILI,SEDE NON SPECIFICATA"
223,TUMORI BENIGNI DEL RENE E DEGLI ALTRI ORGANI URINARI
223.0,"TUMORI BENIGNI DEL RENE,ECCETTO LA PELVI"
223.1,TUMORI BENIGNI DELLA PELVI RENALE
223.2,TUMORI BENIGNI DELL'URETERE
223.3,TUMORI BENIGNI DELLA VESCICA
223.8,TUMORI BENIGNI DI ALTRE SEDI SPECIFICATE DEGLI ORGANI URINARI
223.81,TUMORI BENIGNI DELL'URETRA
223.89,TUMORI BENIGNI DI ALTRE SEDI
223.9,"TUMORI BENIGNI DEGLI ORGANI URINARI,SEDE NON SPECIFICATA"
224,TUMORI BENIGNI DELL'OCCHIO
224.0,"TUMORI BENIGNI DEL BULBO OCULARE,ECCETTO CONGIUNTIVA,CORNEA,RETINA E COROIDE"
224.1,TUMORI BENIGNI DELL'ORBITA
224.2,TUMORI BENIGNI DELLA GHIANDOLA LACRIMALE
224.3,TUMORI BENIGNI DELLA CONGIUNTIVA
224.4,TUMORI BENIGNI DELLA CORNEA
224.5,TUMORI BENIGNI DELLA RETINA
224.6,TUMORI BENIGNI DELLA COROIDE
224.7,TUMORI BENIGNI DEI CONDOTTI LACRIMALI
224.8,TUMORI BENIGNI DI ALTRE PARTI SPECIFICATE DELL'OCCHIO
224.9,"TUMORI BENIGNI DELL'OCCHIO,PARTE NON SPECIFICATA"
225,TUMORI BENIGNI DELL'ENCEFALO E DELLE ALTRE PARTI DEL SISTEMA NERVOSO
225.0,TUMORI BENIGNI DELL'ENCEFALO
225.1,TUMORI BENIGNI DEI NERVI CRANICI
225.2,TUMORI BENIGNI DELLE MENINGI CEREBRALI
225.3,TUMORI BENIGNI DEL MIDOLLO SPINALE
225.4,TUMORI BENIGNI DELLE MENINGI SPINALI
225.8,TUMORI BENIGNI DI ALTRE SEDI SPECIFICATE DEL SISTEMA NERVOSO
225.9,"TUMORI BENIGNI DEL SISTEMA NERVOSO,PARTE NON SPECIFICATA"
226,TUMORI BENIGNI DELLA GHIANDOLA TIROIDE
227,TUMORI BENIGNI DELLE ALTRE GHIANDOLE ENDOCRINE E STRUTTURE CONNESSE
227.0,TUMORI BENIGNI DELLE GHIANDOLE SURRENALI
227.1,TUMORI BENIGNI DELLE GHIANDOLE PARATIROIDI
227.3,TUMORI BENIGNI DELL'IPOFISI E DOTTO (O TASCA) CRANIOFARINGEO
227.4,TUMORI BENIGNI DELLA GHIANDOLA PINEALE
227.5,TUMORI BENIGNI DEL GLOMO CAROTIDEO
227.6,TUMORI BENIGNI DEL GLOMO AORTICO E ALTRI PARAGANGLI
227.8,TUMORI BENIGNI DI ALTRE SEDI
227.9,"TUMORI BENIGNI DELLE GHIANDOLE ENDOCRINE,SEDE NON SPECIFICATA"
228,"EMANGIOMA E LINFANGIOMA, OGNI SEDE"
228.0,"EMANGIOMA, OGNI SEDE"
228.00,EMANGIOMA DI SEDE NON SPECIFICATA
228.01,EMANGIOMA DELLA CUTE E DEL TESSUTO SOTTOCUTANEO
228.02,EMANGIOMA DELLE STRUTTURE INTRACRANICHE
228.03,EMANGIOMA DELLA RETINA
228.04,EMANGIOMA DELLE STRUTTURE INTRAADDOMINALI
228.09,EMANGIOMA DI ALTRE SEDI
228.1,"LINFANGIOMA,OGNI SEDE"
229,TUMORI BENIGNI DI ALTRE E NON SPECIFICATE SEDI
229.0,LINFONODI
229.8,ALTRE SEDI SPECIFICATE
229.9,"LINFONODI, SEDE NON SPECIFICATA"
230,CARCINOMI IN SITU DEGLI ORGANI DIGERENTI
230.0,"CARCINOMI IN SITU DI LABBRA,CAVIT@ ORALE E FARINGE"
230.1,CARCINOMI IN SITU DELL'ESOFAGO
230.2,CARCINOMI IN SITU DELLO STOMACO
230.3,CARCINOMI IN SITU DEL COLON
230.4,CARCINOMI IN SITU DEL RETTO
230.5,CARCINOMI IN SITU DEL CANALE ANALE
230.6,"CARCINOMI IN SITU DELL'ANO,NON SPECIFICATO"
230.7,CARCINOMI IN SITU DI ALTRE E NON SPECIFICATE SEDI DELL'INTESTINO
230.8,CARCINOMI IN SITU DI FEGATO E VIE BILIARI
230.9,CARCINOMI IN SITU DI ALTRI E NON SPECIFICATI ORGANI DIGERENTI
231,CARCINOMI IN SITU DELL'APPARATO RESPIRATORIO
231.0,CARCINOMI IN SITU DELLA LARINGE
231.1,CARCINOMI IN SITU DELLA TRACHEA
231.2,CARCINOMI IN SITU DI BRONCHI E POLMONI
231.8,CARCINOMI IN SITU DI ALTRE SEDI SPECIFICATE DELL'APPARATO RESPIRATORIO
231.9,"CARCINOMI IN SITU DELL'APPARATO RESPIRATORIO,SEDE NON SPECIFICATA"
232,CARCINOMI IN SITU DELLA CUTE
232.0,CARCINOMI IN SITU DELLA CUTE DELLE LABBRA
232.1,"CARCINOMI IN SITU DELLA PALPEBRA,COMPRESO L'ANGOLO PALPEBRALE"
232.2,CARCINOMI IN SITU DI ORECCHIO E CONDOTTO UDITIVO ESTERNO
232.3,CARCINOMI IN SITU DELLA CUTE DI ALTRE E NON SPECIFICATE PARTI DELLA FACCIA
232.4,CARCINOMI IN SITU DI CUOIO CAPELLUTO E CUTE DEL COLLO
232.5,"CARCINOMI IN SITU DI CUTE DEL TRONCO,ECCETTO LO SCROTO"
232.6,"CARCINOMI IN SITU DELLA CUTE DELL'ARTO SUPERIORE,COMPRESA LA SPALLA"
232.7,"CARCINOMI IN SITU DELLA CUTE DELL'ARTO INFERIORE,COMPRESA L'ANCA"
232.8,CARCINOMI IN SITU DI ALTRE SEDI SPECIFICATE DELLA CUTE
232.9,"CARCINOMI IN SITU DELLA CUTE,SEDE NON SPECIFICATA"
233,CARCINOMI IN SITU DELLA MAMMELLA E DELL'APPARATO UROGENITALE
233.0,CARCINOMI IN SITU DELLA MAMMELLA
233.1,CARCINOMI IN SITU DELLA CERVICE UTERINA
233.2,CARCINOMI IN SITU DI ALTRE E NON SPECIFICATE PARTI DELL'UTERO
233.3,CARCINOMI IN SITU DI ALTRI E NON SPECIFICATI ORGANI GENITALI FEMMINILI
233.4,CARCINOMI IN SITU DELLA PROSTATA
233.5,CARCINOMI IN SITU DEL PENE
233.6,CARCINOMI IN SITU DI ALTRI E NON SPECIFICATI ORGANI GENITALI MASCHILI
233.7,CARCINOMI IN SITU DELLA VESCICA
233.9,CARCINOMI IN SITU DI ALTRI E NON SPECIFICATI ORGANI URINARI
234,CARCINOMI IN SITU DI ALTRE E NON SPECIFICATE SEDI
234.0,CARCINOMI IN SITU DELL'OCCHIO
234.8,CARCINOMI IN SITU DI ALTRE SEDI SPECIFICATE
234.9,"CARCINOMI IN SITU,SEDE NON SPECIFICATA"
235,TUMORI DI COMPORTAMENTO INCERTO DEGLI APPARATI DIGERENTE E RESPIRATORIO
235.0,TUMORI DI COMPORTAMENTO INCERTO DELLE GHIANDOLE SALIVARI MAGGIORI
235.1,"TUMORI DI COMPORTAMENTO INCERTO DI LABBRA,CAVIT@ ORALE E FARINGE"
235.2,"TUMORI DI COMPORTAMENTO INCERTO DI STOMACO,INTESTINO E RETTO"
235.3,TUMORI DI COMPORTAMENTO INCERTO DI FEGATO E VIE BILIARI
235.4,TUMORI DI COMPORTAMENTO INCERTO DI RETROPERITONEO E PERITONEO
235.5,TUMORI DI COMPORTAMENTO INCERTO DI ALTRI E NON SPECIFICATI ORGANI DIGERENTI
235.6,TUMORI DI COMPORTAMENTO INCERTO DELLA LARINGE
235.7,"TUMORI DI COMPORTAMENTO INCERTO DI TRACHEA,BRONCHI E POLMONI"
235.8,"TUMORI DI COMPORTAMENTO INCERTO DI PLEURA,TIMO E MEDIASTINO"
235.9,TUMORI DI COMPORTAMENTO INCERTO DI ALTRI E NON SPECIFICATI ORGANI RESPIRATORI
236,TUMORI DI COMPORTAMENTO INCERTO DEGLI ORGANI UROGENITALI
236.0,TUMORI DI COMPORTAMENTO INCERTO DELL'UTERO
236.1,TUMORI DI COMPORTAMENTO INCERTO DELLA PLACENTA
236.2,TUMORI DI COMPORTAMENTO INCERTO DELL'OVAIO
236.3,TUMORI DI COMPORTAMENTO INCERTO DI ALTRI E NON SPECIFICATI ORGANI GENITALI FEMMINILI
236.4,TUMORI DI COMPORTAMENTO INCERTO DEL TESTICOLO
236.5,TUMORI DI COMPORTAMENTO INCERTO DELLA PROSTATA
236.6,TUMORI DI COMPORTAMENTO INCERTO DI ALTRI E NON SPECIFICATI ORGANI GENITALI MASCHILI
236.7,TUMORI DI COMPORTAMENTO INCERTO DELLA VESCICA
236.9,TUMORI DI COMPORTAMENTO INCERTO DI ALTRI E NON SPECIFICATI ORGANI URINARI
236.90,"TUMORI DI COMPORTAMENTO INCERTO DEGLI ORGANI URINARI,NON SPECIFICATO"
236.91,TUMORI DI COMPORTAMENTO INCERTO DI RENE E URETERE
236.99,ALTRI TUMORI DI COMPORTAMENTO INCERTO DEGLI ORGANI UROGENITALI
237,TUMORI DI COMPORTAMENTO INCERTO DELLE GHIANDOLE ENDOCRINE E DEL SISTEMA NERVOSO
237.0,TUMORI DI COMPORTAMENTO INCERTO DI IPOFISI E DOTTO CRANIOFARINGEO
237.1,TUMORI DI COMPORTAMENTO INCERTO DELLA GHIANDOLA PINEALE
237.2,TUMORI DI COMPORTAMENTO INCERTO DELLE GHIANDOLE SURRENALI
237.3,TUMORI DI COMPORTAMENTO INCERTO DEI PARAGANGLI
237.4,TUMORI DI COMPORTAMENTO INCERTO DI ALTRE E NON SPECIFICATE GHIANDOLE ENDOCRINE
237.5,TUMORI DI COMPORTAMENTO INCERTO DI ENCEFALO E MIDOLLO SPINALE
237.6,TUMORI DI COMPORTAMENTO INCERTO DELLE MENINGI
237.7,NEUROFIBROMATOSI
237.70,"NEUROFIBROMATOSI,NON SPECIFICATO"
237.71,NEUROFIBROMATOSI TIPO I [MALATTIA DI VON RECKLINGHAUSEN]
237.72,NEUROFIBROMATOSI TIPO II [NEUROFIBROMATOSI DELL'ACUSTICO]
237.9,TUMORI DI COMPORTAMENTO INCERTO DI ALTRE E NON SPECIFICATE PARTI DEL SISTEMA NERVOSO
238,TUMORI DI COMPORTAMENTO INCERTO DI ALTRI E NON SPECIFICATI TESSUTI E SEDI
238.0,TUMORI DI COMPORTAMENTO INCERTO DI OSSA E CARTILAGINE ARTICOLARE
238.1,TUMORI DI COMPORTAMENTO INCERTO DI CONNETTIVO E ALTRI TESSUTI MOLLI
238.2,TUMORI DI COMPORTAMENTO INCERTO DELLA CUTE
238.3,TUMORI DI COMPORTAMENTO INCERTO DELLA MAMMELLA
238.4,TUMORI DI COMPORTAMENTO INCERTO DELLA POLICITEMIA VERA
238.5,TUMORI DI COMPORTAMENTO INCERTO DI ISTIOCITI E MASTOCITI
238.6,TUMORI DI COMPORTAMENTO INCERTO DELLE PLASMACELLULE
238.7,TUMORI DI COMPORTAMENTO INCERTO DI ALTRI TESSUTI LINFATICI ED EMOPOIETICI
238.71,TROMBOCITEMIA ESSENZIALE
238.72,SINDROME MIELODISPLASTICA CON LESIONI A BASSO GRADO
238.73,SINDROME MIELODISPLASTICA CON LESIONI AD ALTO GRADO
238.74,SINDROME MIELODISPLASTICA CON DELEZIONE 5Q
238.75,"SINDROME MIELODISPLASTICA, NON SPECIFICATA"
238.76,MIELOFIBROSI CON METAPLASIA MIELOIDE
238.79,ALTRI TESSUTI LINFATICI ED EMATOPOIETICI
238.8,TUMORI DI COMPORTAMENTO INCERTO DI ALTRE SEDI SPECIFICATE
238.9,"TUMORI DI COMPORTAMENTO INCERTO,SEDE NON SPECIFICATA"
239,TUMORI DI NATURA NON SPECIFICATA
239.0,TUMORI DI NATURA NON SPECIFICATA DELL'APPARATO DIGERENTE
239.1,TUMORI DI NATURA NON SPECIFICATA DELL'APPARATO RESPIRATORIO
239.2,"TUMORI DI NATURA NON SPECIFICATA DELLE OSSA,TESSUTI MOLLI E CUTE"
239.3,TUMORI DI NATURA NON SPECIFICATA DELLA MAMMELLA
239.4,TUMORI DI NATURA NON SPECIFICATA DELLA VESCICA
239.5,TUMORI DI NATURA NON SPECIFICATA DI ALTRI ORGANI UROGENITALI
239.6,TUMORI DI NATURA NON SPECIFICATA DELL'ENCEFALO
239.7,TUMORI DI NATURA NON SPECIFICATA DELLE GHIANDOLE ENDOCRINE E ALTRE PARTI DEL SISTEMA NERVOSO
239.8,TUMORI DI NATURA NON SPECIFICATA DI ALTRE SEDI SPECIFICATE
239.9,"TUMORI DI NATURA NON SPECIFICATA,SEDE NON SPECIFICATA"
240,GOZZO SEMPLICE E NON SPECIFICATO
240.0,GOZZO SPECIFICATO COME SEMPLICE
240.9,GOZZO NON SPECIFICATO
241,GOZZO NODULARE NON TOSSICO
241.0,GOZZO UNINODULARE NON TOSSICO
241.1,GOZZO MULTINODULARE NON TOSSICO
241.9,GOZZO NODULARE NON TOSSICO NON SPECIFICATO
242,TIREOTOSSICOSI CON O SENZA GOZZO
242.0,GOZZO TOSSICO DIFFUSO
242.00,GOZZO TOSSICO DIFFUSO SENZA CRISI TIREOTOSSICA
242.01,GOZZO TOSSICO DIFFUSO CON CRISI TIREOTOSSICA
242.1,GOZZO TOSSICO UNINODULARE
242.10,GOZZO UNINODULARE TOSSICO SENZA CRISI TIREOTOSSICA
242.11,GOZZO UNINODULARE TOSSICO CON CRISI TIREOTOSSICA
242.2,GOZZO MULTINODULARE TOSSICO
242.20,GOZZO MULTINODULARE TOSSICO SENZA CRISI TIREOTOSSICA
242.21,GOZZO MULTINODULARE TOSSICO CON CRISI TIREOTOSSICA
242.3,GOZZO NODULARE TOSSICO NON SPECIFICATO
242.30,GOZZO NODULARE TOSSICO NON SPECIFICATO SENZA CRISI TIREOTOSSICA
242.31,GOZZO NODULARE TOSSICO NON SPECIFICATO CON CRISI TIREOTOSSICA
242.4,TIREOTOSSICOSI DA TESSUTO TIROIDEO ECTOPICO
242.40,TIREOTOSSICOSI DA TESSUTO TIROIDEO ECTOPICO SENZA CRISI TIREOTOSSICA
242.41,TIREOTOSSICOSI DA TESSUTO TIROIDEO ECTOPICO CON CRISI TIREOTOSSICA
242.8,TIREOTOSSICOSI DI ALTRA ORIGINE SPECIFICATA
242.80,TIREOTOSSICOSI DI ALTRA ORIGINE SPECIFICATA SENZA CRISI TIREOTOSSICA
242.81,TIREOTOSSICOSI DI ALTRA ORIGINE SPECIFICATA CON CRISI TIREOTOSSICA
242.9,TIREOTOSSICOSI SENZA MENZIONE DI GOZZO O DI ALTRA CAUSA
242.90,TIREOTOSSICOSI SENZA MENZIONE DI GOZZO O DI ALTRA CAUSA E SENZA CRISI TIREOTOSSICA
242.91,"TIREOTOSSICOSI SENZA MENZIONE DI GOZZO O DI ALTRA CAUSA,CON CRISI TIREOTOSSICA"
243,IPOTIROIDISMO CONGENITO
244,IPOTIROIDISMO ACQUISITO
244.0,IPOTIROIDISMO POST-CHIRURGICO
244.1,ALTRE FORME DI IPOTIROIDISMI CONSEGUENTI AD ABLAZIONE DELLA TIROIDE
244.2,IPOTIROIDISMO DA IODIO
244.3,ALTRE FORME DI IPOTIROIDISMO IATROGENO
244.8,ALTRE FORME DI IPOTIROIDISMO ACQUISITO SPECIFICATO
244.9,IPOTIROIDISMO NON SPECIFICATO
245,TIROIDITE
245.0,TIROIDITE ACUTA
245.1,TIROIDITE SUBACUTA
245.2,TIROIDITE LINFOCITARIA CRONICA
245.3,TIROIDITE FIBROSA CRONICA
245.4,TIROIDITE IATROGENA
245.8,ALTRE E NON SPECIFICATE TIROIDITI CRONICHE
245.9,TIROIDITE NON SPECIFICATA
246,ALTRI DISTURBI DELLA TIROIDE
246.0,DISTURBI DELLA SECREZIONE DI TIROCALCITONINA
246.1,GOZZO DISORMONOGENICO
246.2,CISTI DELLA TIROIDE
246.3,EMORRAGIA E INFARTO DELLA TIROIDE
246.8,ALTRI DISTURBI SPECIFICATI DELLA TIROIDE
246.9,DISTURBO NON SPECIFICATO DELLA TIROIDE
250,DIABETE MELLITO
250.0,DIABETE MELLITO SENZA MENZIONE DI COMPLICANZE
250.00,"DIABETE MELLITO,TIPO II O NON SPECIFICATO,NON DEFINITO SE SCOMPENSATO,SENZA MENZIONE DI COMPLICAZIONI"
250.01,"DIABETE MELLITO,TIPO I (DIABETE GIOVANILE),NON DEFINITO SE SCOMPENSATO,SENZA MENZIONE DI COMPLICAZIONI"
250.02,"DIABETE MELLITO,TIPO II O NON SPECIFICATO,SCOMPENSATO,SENZA MENZIONE DI COMPLICAZIONI"
250.03,"DIABETE MELLITO,TIPO I (DIABETE GIOVANILE),SCOMPENSATO"
250.1,DIABETE CON CHETOACIDOSI
250.10,"DIABETE CON CHETOACIDOSI,TIPO II O NON SPECIFICATO,NON DEFINITO SE SCOMPENSATO"
250.11,"DIABETE CON CHETOACIDOSI,TIPO I (DIABETE GIOVANILE),NON DEFINITO SE SCOMPENSATO"
250.12,"DIABETE CON CHETOACIDOSI,TIPO II O NON SPECIFICATO,SCOMPENSATO"
250.13,"DIABETE CON CHETOACIDOSI,TIPO I (DIABETE GIOVANILE),SCOMPENSATO"
250.2,DIABETE CON IPEROSMOLARIT@
250.20,"DIABETE CON IPEROSMOLARIT@ ,TIPO II O NON SPECIFICATO,NON DEFINITO SE SCOMPENSATO"
250.21,"DIABETE CON IPEROSMOLARIT@ ,TIPO I (DIABETE GIOVANILE),NON DEFINITO SE SCOMPENSATO"
250.22,"DIABETE CON IPEROSMOLARIT@ ,TIPO II O NON SPECIFICATO,SCOMPENSATO"
250.23,"DIABETE CON IPEROSMOLARIT@ ,TIPO I (DIABETE GIOVANILE),SCOMPENSATO"
250.3,DIABETE CON ALTRI TIPI DI COMA
250.30,"DIABETE CON ALTRI TIPI DI COMA,TIPO II O NON SPECIFICATO,NON DEFINITO SE SCOMPENSATO"
250.31,"DIABETE CON ALTRI TIPI DI COMA,TIPO I (DIABETE GIOVANILE),NON DEFINITO SE SCOMPENSATO"
250.32,"DIABETE CON ALTRI TIPI DI COMA,TIPO II O NON SPECIFICATO,SCOMPENSATO"
250.33,"DIABETE CON ALTRI TIPI DI COMA,TIPO I (DIABETE GIOVANILE),SCOMPENSATO"
250.4,DIABETE CON COMPLICANZE RENALI
250.40,"DIABETE TIPO II O NON SPECIFICATO,NON DEFINITO SE SCOMPENSATO,CON COMPLICAZIONI RENALI"
250.41,"DIABETE TIPO I (DIABETE GIOVANILE),NON DEFINITO SE SCOMPENSATO,CON COMPLICAZIONI RENALI"
250.42,"DIABETE TIPO II O NON SPECIFICATO,SCOMPENSATO,CON COMPLICAZIONI RENALI"
250.43,"DIABETE TIPO I (DIABETE GIOVANILE),SCOMPENSATO,CON COMPLICAZIONI RENALI"
250.5,DIABETE CON COMPLICANZE OCULARI
250.50,"DIABETE TIPO II O NON SPECIFICATO,NON DEFINITO SE CONTROLLATO,CON COMPLICAZIONI OCULARI"
250.51,"DIABETE TIPO I (DIABETE GIOVANILE),NON DEFINITO SE CONTROLLATO,CON COMPLICAZIONI OCULARI"
250.52,"DIABETE TIPO II O NON SPECIFICATO,SCOMPENSATO,CON COMPLICAZIONI OCULARI"
250.53,"DIABETE TIPO I (DIABETE GIOVANILE),SCOMPENSATO,CON COMPLICAZIONI OCULARI"
250.6,DIABETE CON COMPLICANZE NEUROLOGICHE
250.60,"DIABETE TIPO II O NON SPECIFICATO,NON DEFINITO SE SCOMPENSATO,CON COMPLICAZIONI NEUROLOGICHE"
250.61,"DIABETE TIPO I (DIABETE GIOVANILE),NON DEFINITO SE SCOMPENSATO,CON COMPLICAZIONI NEUROLOGICHE"
250.62,"DIABETE TIPO II O NON SPECIFICATO,SCOMPENSATO,CON COMPLICAZIONI NEUROLOGICHE"
250.63,"DIABETE TIPO I (DIABETE GIOVANILE),SCOMPENSATO,CON COMPLICAZIONI NEUROLOGICHE"
250.7,DIABETE CON COMPLICANZE CIRCOLATORIE PERIFERICHE
250.70,"DIABETE TIPO II O NON SPECIFICATO,NON DEFINITO SE SCOMPENSATO,CON COMPLICAZIONI CIRCOLATORIE PERIFERICHE"
250.71,"DIABETE TIPO I (DIABETE GIOVANILE),NON DEFINITO SE SCOMPENSATO,CON COMPLICAZIONI CIRCOLATORIE PERIFERICHE"
250.72,"DIABETE TIPO II O NON SPECIFICATO,SCOMPENSATO,CON COMPLICAZIONI CIRCOLATORIE PERIFERICHE"
250.73,"DIABETE TIPO I (DIABETE GIOVANILE),SCOMPENSATO,CON COMPLICAZIONI CIRCOLATORIE PERIFERICHE"
250.8,DIABETE CON ALTRE COMPLICANZE SPECIFICATE
250.80,"DIABETE TIPO II O NON SPECIFICATO,NON DEFINITO SE SCOMPENSATO,CON ALTRE COMPLICAZIONI SPECIFICATE"
250.81,"DIABETE TIPO I (DIABETE GIOVANILE),NON DEFINITO SE SCOMPENSATO,CON ALTRE COMPLICAZIONI SPECIFICATE"
250.82,"DIABETE TIPO II O NON SPECIFICATO,SCOMPENSATO,CON ALTRE COMPLICAZIONI SPECIFICATE"
250.83,"DIABETE TIPO I (DIABETE GIOVANILE),SCOMPENSATO,CON COMPLICAZIONI SPECIFICATE"
250.9,DIABETE CON COMPLICANZE NON SPECIFICATE
250.90,"DIABETE TIPO II O NON SPECIFICATO,NON DEFINITO SE SCOMPENSATO,CON COMPLICAZIONI NON SPECIFICATE"
250.91,"DIABETE TIPO I (DIABETE GIOVANILE),NON DEFINITO SE SCOMPENSATO,CON COMPLICAZIONI NON SPECIFICATE"
250.92,"DIABETE TIPO II O NON SPECIFICATO,SCOMPENSATO,CON COMPLICAZIONI NON SPECIFICATE"
250.93,"DIABETE TIPO I (DIABETE GIOVANILE),SCOMPENSATO,CON COMPLICAZIONI NON SPECIFICATE"
251,ALTRI DISORDINI DELLA SECREZIONE ENDOCRINA DEL PANCREAS
251.0,COMA IPOGLICEMICO
251.1,ALTRE MANIFESTAZIONI DI IPERINSULINISMO
251.2,IPOGLICEMIA NON SPECIFICATA
251.3,IPOINSULINEMIA POST-CHIRURGICA
251.4,ALTERAZIONI DELLA SECREZIONE DEL GLUCAGONE
251.5,ALTERAZIONI DELLA SECREZIONE DI GASTRINA
251.8,ALTRI DISTURBI DELLA SECREZIONE INSULARE
251.9,ALTRI DISORDINI NON SPECIFICATI DELLA SECREZIONE INSULARE
252,MALATTIE DELLE GHIANDOLE PARATIROIDI
252.0,IPERPARATIROIDISMO PRIMITIVO
252.00,IPERPARATIROIDISMO NON SPECIFICATO
252.01,IPERPARATIROIDISMO PRIMARIO
252.02,"IPERPARATIROIDISMO SECONDARIO, DI ORIGINE NON RENALE"
252.08,ALTRI IPERPARATIROIDISMI
252.1,IPOPARATIROIDISMO
252.8,ALTRI DISORDINI SPECIFICATI DELLA GHIANDOLA PARATIROIDE
252.9,DISTURBI NON SPECIFICATI DELLA GHIANDOLA PARATIROIDE
253,MALATTIE IPOTALAMO-IPOFISARIE
253.0,ACROMEGALIA E GIGANTISMO
253.1,ALTRE IPERFUNZIONI DELL'IPOFISI ANTERIORE
253.2,PANIPOPITUITARISMO ANTERIORE
253.3,NANISMO IPOFISARIO
253.4,ALTRE IPOFUNZIONI DELL'IPOFISI ANTERIORE
253.5,DIABETE INSIPIDO
253.6,ALTRI DISORDINI DELLA NEUROIPOFISI
253.7,DISORDINI IPOFISARI IATROGENI
253.8,ALTRI DISORDINI DELL'IPOFISI ED ALTRE SINDROMI DI ORIGINE DIENCEFALO-IPOFISARIA
253.9,DISORDINI NON SPECIFICATI DELL'IPOFISI E DEL SUO CONTROLLO IPOTALAMICO
254,MALATTIE DEL TIMO
254.0,IPERPLASIA PERSISTENTE DEL TIMO
254.1,ASCESSO DEL TIMO
254.8,ALTRI DISORDINI SPECIFICATI DEL TIMO
254.9,DISORDINI NON SPECIFICATI DEL TIMO
255,MALATTIE DELLE GHIANDOLE SURRENALI
255.0,SINDROME DI CUSHING
255.1,IPERALDOSTERONISMO
255.10,"IPERALDOSTERONISMO, NON SPECIFICATO"
255.11,ALDOSTERONISMO GLUCOCORTICOIDE DIPENDENTE
255.12,SINDROME DI CONN
255.13,SINDROME DI BARTTER
255.14,ALTRI ALDOSTERONISMI SECONDARI
255.2,SINDROMI ADRENOGENITALI
255.3,ALTRO IPERANDROGENISMO SURRENALICO ACQUISITO O AD ESORDIO TARDIVO
255.4,INSUFFICIENZA CORTICOSURRENALE
255.5,ALTRA IPOFUNZIONE SURRENALE
255.6,IPERFUNZIONE MEDULLO-SURRENALICA DI CATECOLAMINE (CT)
255.8,ALTRI DISORDINI SPECIFICATI DELLE GHIANDOLE SURRENALI
255.9,DISORDINI NON SPECIFICATI DELLE GHIANDOLE SURRENALI
256,ANOMALIE DELLA FUNZIONE OVARICA
256.0,IPERESTROGENISMO ASSOLUTO O RELATIVO
256.1,ALTRE IPERFUNZIONI OVARICHE
256.2,INSUFFICIENZA OVARICA IATROGENA
256.3,ALTRE INSUFFICIENZE OVARICHE
256.31,MENOPAUSA PREMATURA
256.39,INSUFFICIENZA OVARICA
256.4,SINDROME DELL'OVAIO POLICISTICO
256.8,ALTRE DISFUNZIONI OVARICHE
256.9,DISFUNZIONE OVARICA NON SPECIFICATA
257,ANOMALIE DELLA FUNZIONE TESTICOLARE
257.0,IPERFUNZIONE TESTICOLARE
257.1,INSUFFICIENZA TESTICOLARE IATROGENA
257.2,ALTRE IPOFUNZIONI TESTICOLARI
257.8,ALTRA DISFUNZIONE TESTICOLARE
257.9,DISFUNZIONE TESTICOLARE NON SPECIFICATA
258,MALATTIE PLURIGHIANDOLARI E DISORDINI CORRELATI
258.0,ATTIVIT@ PLURIGHIANDOLARE IN ADENOMATOSI ENDOCRINA MULTIPLA (MEN)
258.1,SINDROMI POLIGHIANDOLARI AUTOIMMUNI (PGA)
258.8,ALTRE DISFUNZIONI PLURIGHIANDOLARI
258.9,"DISFUNZIONE PLURIGHIANDOLARE,NON SPECIFICATA"
259,ALTRI DISTURBI ENDOCRINI
259.0,"RITARDO DELLO SVILUPPO SESSUALE E PUBERALE,NON CLASSIFICATO ALTROVE"
259.1,"SVILUPPO SESSUALE PRECOCE E PUBERT@ PRECOCE,NON CLASSIFICATI ALTROVE"
259.2,SINDROME CARCINOIDE
259.3,"SECREZIONE ORMONALE ECTOPICA,NON"
259.4,"NANISMO,NON CLASSIFICATO ALTROVE"
259.5,SINDROME DA RESISTENZA ANDROGENICA
259.8,ALTRI DISORDINI ENDOCRINI SPECIFICATI
259.9,DISORDINE ENDOCRINO NON SPECIFICATO
260,KWASHIORKOR
261,MARASMA DA DENUTRIZIONE
262,ALTRA GRAVE MALNUTRIZIONE PROTEICO-CALORICA
263,ALTRA E NON SPECIFICATA MALNUTRIZIONE PROTEICO-CALORICA
263.0,MALNUTRIZIONE DI GRADO MODERATO
263.1,MALNUTRIZIONE DI GRADO LEGGERO
263.2,ARRESTO DELLO SVILUPPO SUCCESSIVO A MALNUTRIZIONE PROTEICO-CALORICA
263.8,ALTRA MALNUTRIZIONE PROTEICO-CALORICA
263.9,MALNUTRIZIONE PROTEICO-CALORICA NON SPECIFICATA
264,CARENZA DI VITAMINA A
264.0,CARENZA DI VITAMINA A CON XEROSI CONGIUNTIVALE
264.1,CARENZA DI VITAMINA A CON MACCHIE DI BITOT E XEROSI CONGIUNTIVALE
264.2,CARENZA DI VITAMINA A CON XEROSI CORNEALE
264.3,CARENZA DI VITAMINA A CON ULCERA CORNEALE E XEROSI
264.4,CARENZA DI VITAMINA A CON CHERATOMALACIA
264.5,CARENZA DI VITAMINA A CON CECIT@ NOTTURNA
264.6,CARENZA DI VITAMINA A CON CICATRICI XEROFTALMICHE DELLA CORNEA
264.7,ALTRE MANIFESTAZIONI OCULARI DI CARENZA DI VITAMINA A
264.8,ALTRE MANIFESTAZIONI DI CARENZA DI VITAMINA A
264.9,CARENZA NON SPECIFICATA DI VITAMINA A
265,STATI CARENZIALI DI TIAMINA (VITAMINA B1) E DI NIACINA
265.0,BERIBERI
265.1,ALTRE E NON SPECIFICATE MANIFESTAZIONI DI CARENZA DI TIAMINA
265.2,PELLAGRA
266,CARENZA DI COMPONENTI DEL COMPLESSO B
266.0,ARIBOFLAVINOSI
266.1,CARENZA DI VITAMINA B6
266.2,ALTRE CARENZE DEL COMPLESSO B
266.9,CARENZA NON SPECIFICATA DI VITAMINA B
267,CARENZA DI ACIDO ASCORBICO
268,CARENZA DI VITAMINA D
268.0,"RACHITISMO,ATTIVO"
268.1,"RACHITISMO,POSTUMI"
268.2,OSTEOMALACIA NON SPECIFICATA
268.9,CARENZA NON SPECIFICATA DI VITAMINA D
269,ALTRE CARENZE DELLA NUTRIZIONE
269.0,CARENZA DI VITAMINA K
269.1,CARENZA DI ALTRE VITAMINE
269.2,CARENZA VITAMINICA NON SPECIFICATA
269.3,"CARENZA DI MINERALI,NON CLASSIFICATA ALTROVE"
269.8,ALTRE CARENZE DELLA NUTRIZIONE
269.9,CARENZE NUTRIZIONALI NON SPECIFICATE
270,MALATTIE DEL METABOLISMO E DEL TRASPORTO DEGLI AMINOACIDI
270.0,MALATTIE DEL TRASPORTO DEGLI AMINOACIDI
270.1,FENILCHETONURIA
270.2,ALTRI DISTURBI DEL METABOLISMO DEGLI AMINOACIDI AROMATICI
270.3,DISORDINI DEL METABOLISMO DEGLI AMINOACIDI A CATENA RAMIFICATA
270.4,DISTURBI DEL METABOLISMO DEGLI AMINOACIDI SOLFORATI
270.5,DISTURBI DEL METABOLISMO DELL'ISTIDINA
270.6,DISTURBI DEL METABOLISMO DEL CICLO DELL'UREA
270.7,ALTRI DISORDINI DEL METABOLISMO DEGLI AMINOACIDI A CATENA NON RAMIFICATA
270.8,ALTRI DISORDINI SPECIFICATI DEL METABOLISMO DEGLI AMINOACIDI
270.9,ALTRI DISORDINI NON SPECIFICATI DEL METABOLISMO DEGLI AMINOACIDI
271,DISORDINI DEL METABOLISMO E DEL TRASPORTO DEI CARBOIDRATI
271.0,GLICOGENOSI
271.1,GALATTOSEMIA
271.2,INTOLLERANZA EREDITARIA AL FRUTTOSIO
271.3,DEFICIT INTESTINALE DI DISACCARIDASI E MALASSORBIMENTO DEI DISACCARIDI
271.4,GLICOSURIA RENALE
271.8,ALTRI DISORDINI SPECIFICATI DEL TRASPORTO E DEL METABOLISMO DEI CARBOIDRATI
271.9,DISORDINI NON SPECIFICATI DEL METABOLISMO E DEL TRASPORTO DEI CARBOIDRATI
272,DISORDINI DEL METABOLISMO DEI LIPIDI
272.0,IPERCOLESTEROLEMIA PURA
272.1,IPERGLICERIDEMIA PURA
272.2,IPERLIPIDEMIA MISTA
272.3,IPERCHILOMICRONEMIA
272.4,ALTRE E NON SPECIFICATE IPERLIPIDEMIE
272.5,CARENZA DI LIPOPROTEINE
272.6,LIPODISTROFIA
272.7,LIPIDOSI
272.8,ALTRI DISORDINI DEL METABOLISMO DEI LIPOIDI
272.9,DISORDINI NON SPECIFICATI DEL METABOLISMO DEI LIPOIDI
273,DISORDINI DEL METABOLISMO DELLE PROTEINE PLASMATICHE
273.0,IPERGAMMAGLOBULINEMIA POLICLONALE
273.1,PARAPROTEINEMIA MONOCLONALE
273.2,ALTRE PARAPROTEINEMIE
273.3,MACROGLOBULINEMIA
273.4,DEFICIT DI ALFA-1 ANTITRIPSINA
273.8,ALTRI DISORDINI DEL METABOLISMO DELLE PROTEINE PLASMATICHE
273.9,DISORDINI NON SPECIFICATI DEL METABOLISMO DELLE PROTEINE PLASMATICHE
274,GOTTA
274.0,ARTROPATIA GOTTOSA
274.1,NEFROPATIA GOTTOSA
274.10,NEFROPATIA GOTTOSA NON SPECIFICATA
274.11,NEFROLITIASI DA ACIDO URICO
274.19,ALTRA NEFROPATIA GOTTOSA
274.8,GOTTA CON ALTRE MANIFESTAZIONI SPECIFICATE
274.81,TOFI DELL'ORECCHIO
274.82,TOFI IN ALTRE SEDI
274.89,ALTRE MANIFESTAZIONI GOTTOSE
274.9,GOTTA NON SPECIFICATA
275,DISORDINI DEL METABOLISMO DEI MINERALI
275.0,DISORDINI DEL METABOLISMO DEL FERRO
275.1,DISORDINI DEL METABOLISMO DEL RAME
275.2,DISORDINI DEL METABOLISMO DEL MAGNESIO
275.3,DISORDINI DEL METABOLISMO DEL FOSFORO
275.4,DISORDINI DEL METABOLISMO DEL CALCIO
275.40,DISTURBO DEL METABOLISMO DEL CALCIO NON SPECIFICATO
275.41,IPOCALCEMIA
275.42,IPERCALCEMIA
275.49,DISTURBO DEL METABOLISMO DEL CALCIO
275.8,ALTRI DISORDINI DEL METABOLISMO DEI MINERALI
275.9,DISORDINI NON SPECIFICATI DEL METABOLISMO DEI MINERALI
276,"DISORDINI DEI LIQUIDI, DEGLI ELETTROLITI E DELL'EQUILIBRIO ACIDO-BASE"
276.0,IPEROSMOLARIT@ E/O IPERNATRIEMIA
276.1,IPOOSMOLARIT@ E/O IPONATRIEMIA
276.2,ACIDOSI
276.3,ALCALOSI
276.4,DISORDINI MISTI DELL'EQUILIBRIO ACIDO-BASE
276.5,DEPLEZIONE DI VOLUMI
276.50,"DEPLEZIONE DI VOLUME, NON SPECIFICATO"
276.51,DISIDRATAZIONE
276.52,IPOVOLEMIA
276.6,REPLEZIONE DI VOLUMI
276.7,IPERPOTASSEMIA
276.8,IPOPOTASSEMIA
276.9,DISORDINI DEI LIQUIDI E DEGLI ELETTROLITI NON CLASSIFICATI ALTROVE
277,ALTRI E NON SPECIFICATI DISORDINI DEL METABOLISMO
277.0,FIBROSI CISTICA
277.00,FIBROSI CISTICA SENZA ILEO DA MECONIO
277.01,FIBROSI CISTICA CON ILEO DA MECONIO
277.02,FIBROSI CISTICA CON MANIFESTAZIONI POLMONARI
277.03,FIBROSI CISTICA CON MANIFESTAZIONI GASTROINTESTINALI
277.09,FIBROSI CISTICA CON ALTRE MANIFESTAZIONI
277.1,DISORDINI DEL METABOLISMO DELLE PORFIRINE
277.2,ALTRI DISORDINI DEL METABOLISMO DELLE PURINE E DELLE PIRIMIDINE
277.3,AMILOIDOSI
277.30,"AMILOIDOSI, NON SPECIFICATA"
277.31,FEBBRE MEDITERRANEA FAMILIARE
277.39,ALTRA AMILOIDOSI
277.4,DISORDINI PRIMITIVI DEL METABOLISMO DELLA BILIRUBINA
277.5,MUCOPOLISACCARIDOSI
277.6,ALTRE CARENZE DI ENZIMI CIRCOLANTI
277.7,SINDROME X DISMETABOLICA
277.8,ALTRI DISORDINI SPECIFICATI DEL METABOLISMO
277.81,DEFICIENZA PRIMARIA DI CARNITINA
277.82,DEFICIENZA DI CARNITINA DA ERRORI CONGENITI DEL METABOLISMO
277.83,DEFICIT IATROGENO DI CARNITINA
277.84,ALTRI DEFICIT SECONDARI DI CARNITINA
277.85,DISORDINI DELL'OSSIDAZIONE DEGLI ACIDI GRASSI
277.86,DISORDINI DEI PEROSSISOMI
277.87,DISORDINI DEL METABOLISMO MITOCONDRIALE
277.89,ALTRI SPECIFICI DISORDINI DEL METABOLISMO
277.9,DISORDINI NON SPECIFICATI DEL METABOLISMO
278,OBESIT@ E ALTRI STATI DI IPERALIMENTAZIONE
278.0,OBESIT@
278.00,OBESIT@ NON SPECIFICATA
278.01,OBESIT@ GRAVE
278.02,SOVRAPPESO
278.1,ADIPOSIT@ LOCALIZZATA
278.2,IPERVITAMINOSI A
278.3,IPERCAROTINEMIA
278.4,IPERVITAMINOSI D
278.8,ALTRE MANIFESTAZIONI DI IPERALIMENTAZIONE
279,MALATTIE DEL SISTEMA IMMUNITARIO
279.0,DEFICIT DELL'IMMUNIT@ UMORALE
279.00,IPOGAMMAGLOBULINEMIA NON SPECIFICATA
279.01,IMMUNODEFICIENZA SELETTIVA DI IGA
279.02,IMMUNODEFICIENZA SELETTIVA DI IGM
279.03,ALTRI DEFICIT SELETTIVI DI IMMUNOGLOBULINE
279.04,IPOGAMMAGLOBULINEMIA CONGENITA
279.05,IMMUNODEFICIENZA CON IPER-IGM
279.06,IMMUNODEFICIENZA COMUNE VARIABILE
279.09,ALTRO DEFICIT DELL'IMMUNIT@ UMORALE
279.1,DEFICIT DELL'IMMUNIT@ CELLULARE
279.10,IMMUNODEFICIENZA CON DIFETTO PREDOMINANTE DELLE CELLULE-T NON SPECIFICATA
279.11,SINDROME DI DIGEORGE
279.12,SINDROME DI WISKOTT-ALDRICH
279.13,SINDROME DI NEZELOF
279.19,ALTRO DEFICIT DELL'IMMUNIT@ CELLULARE
279.2,DEFICIT IMMUNITARIO COMPLESSO
279.3,DEFICIT IMMUNITARIO NON SPECIFICATO
279.4,MALATTIA AUTOIMMUNE NON CLASSIFICATA ALTROVE
279.8,ALTRI DISORDINI SPECIFICATI CHE RIGUARDANO I MECCANISMI IMMUNITARI
279.9,DISORDINI NON SPECIFICATI DEI MECCANISMI IMMUNITARI
280,ANEMIE DA CARENZA DI FERRO
280.0,ANEMIA DA CARENZA DI FERRO SECONDARIA A PERDITA EMATICA (CRONICA)
280.1,ANEMIA DA CARENZA DI FERRO SECONDARIA AD INADEGUATO APPORTO ALIMENTARE DI FERRO
280.8,ALTRE ANEMIE DA CARENZA DI FERRO SPECIFICATE
280.9,"ANEMIA DA CARENZA DI FERRO,NON SPECIFICATA"
281,ALTRE ANEMIE DA CARENZA
281.0,ANEMIA PERNICIOSA
281.1,ALTRA ANEMIA DA CARENZA DI VITAMINA B12
281.2,ANEMIA DA CARENZA DI FOLATI
281.3,"ALTRE ANEMIE MEGALOBLASTICHE SPECIFICATE,NON CLASSIFICATE ALTROVE"
281.4,ANEMIA DA CARENZA PROTEICA
281.8,ANEMIA ASSOCIATA AD ALTRA CARENZA NUTRITIVA SPECIFICATA
281.9,ANEMIA DA CARENZA NON SPECIFICATA
282,ANEMIE EMOLITICHE EREDITARIE
282.0,SFEROCITOSI EREDITARIA
282.1,ELLISSOCITOSI EREDITARIA
282.2,ANEMIA DA DISTURBI DEL METABOLISMO DEL GLUTATIONE
282.3,ALTRE ANEMIE EMOLITICHE DA CARENZA ENZIMATICA
282.4,TALASSEMIE
282.41,TALASSEMIA FALCIFORME SENZA CRISI
282.42,TALASSEMIA FALCIFORME CON CRISI
282.49,ALTRE TALASSEMIE
282.5,PORTATORE DI TRATTO FALCEMICO
282.6,ANEMIA A CELLULE FALCIFORMI
282.60,"MALATTIA A CELLULE FALCIFORMI,NON SPECIFICATA"
282.61,EMOGLOBINOPATIA -SS SENZA CRISI
282.62,EMOGLOBINOPATIA -SS CON CRISI
282.63,MALATTIA A CELLULE FALCIFORMI/EMOGLOBINOPATIA C SENZA CRISI
282.64,MALATTIA A CELLULE FALCIFORMI/EMOGLOBINOPATIA -C CON CRISI
282.68,ALTRE MALATTIE A CELLULE FALCIFORMI SENZA CRISI
282.69,ALTRE MALATTIE A CELLULE FALCIFORMI CON CRISI
282.7,ALTRE EMOGLOBINOPATIE
282.8,ALTRE ANEMIE EMOLITICHE EREDITARIE SPECIFICATE
282.9,"ANEMIA EMOLITICA EREDITARIA,NON SPECIFICATA"
283,ANEMIA EMOLITICA ACQUISITA
283.0,ANEMIE EMOLITICHE AUTOIMMUNI
283.1,ANEMIE EMOLITICHE NON AUTOIMMUNI
283.10,"ANEMIA EMOLITICA NON AUTOIMMUNE,NON SPECIFICATA"
283.11,SINDROME UREMICO-EMOLITICA
283.19,ALTRE ANEMIE EMOLITICHE NON AUTOIMMUNI
283.2,EMOGLOBINURIA DA EMOLISI PER CAUSE ESTERNE
283.9,"ANEMIE EMOLITICA ACQUISITA,NON SPECIFICATA"
284,ANEMIA APLASTICA
284.0,ANEMIA APLASTICA COSTITUZIONALE
284.01,APLASIA COSTITUZIONALE DEI GLOBULI ROSSI
284.09,ALTRE ANEMIE APLASTICHE COSTITUZIONALI
284.1,PANCITOPENIA
284.2,MIELOFTISI
284.8,ALTRE ANEMIE APLASTICHE SPECIFICATE
284.9,"ANEMIA APLASTICA,NON SPECIFICATA"
285,ALTRE E NON SPECIFICATE ANEMIE
285.0,ANEMIA SIDEROBLASTICA
285.1,ANEMIA POSTEMORRAGICA ACUTA
285.2,ANEMIE IN MALATTIE CRONICHE
285.21,ANEMIA IN MALATTIA CRONICA RENALE
285.22,ANEMIA IN MALATTIA NEOPLASTICA
285.29,ANEMIA DA ALTRE MALATTIE CRONICHE
285.8,ALTRE ANEMIE SPECIFICATE
285.9,"ANEMIA,NON SPECIFICATA"
286,DIFETTI DELLA COAGULAZIONE
286.0,DISTURBI CONGENITI DEL FATTORE VIII
286.1,DISTURBI CONGENITI DEL FATTORE IX
286.2,CARENZA CONGENITA DEL FATTORE XI
286.3,CARENZA CONGENITA DI ALTRI FATTORI DELLA COAGULAZIONE
286.4,MALATTIA DI VON WILLEBRAND
286.5,DISTURBO EMORRAGICO DA ANTICOAGULANTI CIRCOLANTI INTRINSECI
286.6,SINDROME DA DEFIBRINAZIONE
286.7,CARENZA ACQUISITA DI FATTORI DELLA COAGULAZIONE
286.9,ALTRI E NON SPECIFICATI DIFETTI DELLA COAGULAZIONE
287,PORPORA ED ALTRE CONDIZIONI EMORRAGICHE
287.0,PORPORA ALLERGICA
287.1,DIFETTI QUALITATIVI DELLE PIASTRINE
287.2,ALTRE PORPORE NON TROMBOCITOPENICHE
287.3,TROMBOCITOPENIA PRIMARIA
287.30,TROMBOCITOPENIA PRIMARIA NON SPECIFICATA
287.31,PORPORA TROMBOCITOPENICA IMMUNE
287.32,SINDROME DI EVANS
287.33,PORPORA TROMBOCITOPENICA CONGENITA ED EREDITARIA
287.39,ALTRE TROMBOCITOPENIE PRIMARIE
287.4,TROMBOCITOPENIA SECONDARIA
287.5,"TROMBOCITOPENIA,NON SPECIFICATA"
287.8,ALTRE DIATESI EMORRAGICHE SPECIFICATE
287.9,DIATESI EMORRAGICHE NON SPECIFICATE
288,MALATTIE DEI GLOBULI BIANCHI
288.0,AGRANULOCITOSI
288.00,NEUTROPENIA NON SPECIFICATA
288.01,NEUTROPENIA CONGENITA
288.02,NEUTROPENIA CICLICA
288.03,NEUTROPENIA INDOTTA DA FARMACI
288.04,NEUTROPENIA DOVUTA AD INFEZIONE
288.09,ALTRE NEUTROPENIE
288.1,DISTURBI FUNZIONALI DEI POLIMORFONUCLEATI NEUTROFILI
288.2,ANOMALIE GENETICHE DEI LEUCOCITI
288.3,EOSINOFILIA
288.4,SINDROMI EMOFAGOCITICHE
288.5,RIDOTTA CONTA DEI GLOBULI BIANCHI
288.50,LEUCOCITOPENIA NON SPECIFICATA
288.51,LINFOCITOPENIA
288.59,ALTRA RIDUZIONE DELLA CONTA DEI GLOBULI BIANCHI
288.6,ELEVATA CONTA DEI GLOBULI BIANCHI
288.60,LEUCOCITOSI NON SPECIFICATA
288.61,LINFOCITOSI (SINTOMATICA)
288.62,REAZIONE LEUCEMOIDE
288.63,MONOCITOSI (SINTOMATICA)
288.64,PLASMACITOSI
288.65,BASOFILIA
288.69,ALTRO AUMENTO DELLA CONTA DEI GLOBULI BIANCHI
288.8,ALTRA MALATTIA DEI GLOBULI BIANCHI SPECIFICATA
288.9,MALATTIA DEI GLOBULI BIANCHI NON SPECIFICATA
289,ALTRE MALATTIE DEL SANGUE E DEGLI ORGANI EMATOPOIETICI
289.0,POLICITEMIA SECONDARIA
289.1,LINFADENITE CRONICA
289.2,LINFADENITE MESENTERICA NON SPECIFICA
289.3,"LINFADENITE NON SPECIFICATA,ECCETTO QUELLA MESENTERICA"
289.4,SPLENOMEGALIA
289.5,ALTRE MALATTIE DELLA MILZA
289.50,"MALATTIA DELLA MILZA,NON SPECIFICATA"
289.51,SPLENOMEGALIA CRONICA CONGESTIZIA
289.52,SEQUESTRO SPLENICO
289.53,SPLENOMEGALIA NEUTROPENICA
289.59,ALTRE MALATTIE DELLA MILZA
289.6,POLICITEMIA FAMILIARE
289.7,METAEMOGLOBINEMIA
289.8,ALTRE MALATTIE SPECIFICHE DEL SANGUE E DEGLI ORGANI EMATOPOIETICI
289.81,STATO IPERCOAGULATIVO PRIMARIO
289.82,STATO IPERCOAGULATIVO SECONDARIO
289.83,MIELOFIBROSI
289.89,ALTRE MALATTIE SPECIFICATE DEL SANGUE E DEGLI ORGANI EMATOPOIETICI
289.9,MALATTIE DEL SANGUE E DEGLI ORGANI EMATOPOIETICI NON SPECIFICATE
290,STATI PSICOTICI ORGANICI SENILI E PRESENILI
290.0,"DEMENZA SENILE,NON COMPLICATA"
290.1,DEMENZA PRESENILE
290.10,"DEMENZA PRESENILE,NON"
290.11,DEMENZA PRESENILE CON DELIRIUM
290.12,DEMENZA PRESENILE CON ASPETTI DELIRANTI
290.13,DEMENZA PRESENILE CON ASPETTI DEPRESSIVI
290.2,DEMENZA SENILE CON ASPETTI DELIRANTI O DEPRESSIVI
290.20,DEMENZA SENILE CON ASPETTI
290.21,DEMENZA SENILE CON ASPETTI DEPRESSIVI
290.3,DEMENZA SENILE CON DELIRIUM
290.4,DEMENZA ARTERIOSCLEROTICA
290.40,"DEMENZA VASCOLARE,NON COMPLICATA"
290.41,DEMENZA VASCOLARE CON DELIRIUM
290.42,DEMENZA VASCOLARE CON DELIRI
290.43,DEMENZA VASCOLARE CON UMORE DEPRESSO
290.8,ALTRE MANIFESTAZIONI PSICOTICHE SENILI
290.9,MANIFESTAZIONI PSICOTICHE SENILI NON SPECIFICATE
291,SINDROMI PSICOTICHE INDOTTE DA ALCOOL
291.0,DELIRIUM DA ASTINENZA DA ALCOOL
291.1,DISTURBO AMNESICO PERSISTENTE INDOTTO DA ALCOOL
291.2,ALTRE DEMENZE PERSISTENTI INDOTTE DA ALCOOL
291.3,DISTURBO PSICOTICO CON ALLUCINAZIONI INDOTTO DA ALCOOL
291.4,INTOSSICAZIONE ALCOLICA IDIOSINCRASICA
291.5,DISTURBO PSICOTICO CON DELIRI INDOTTO DA ALCOOL
291.8,ALTRE PSICOSI ALCOLICHE SPECIFICATE
291.81,SINDROME DA ASTINENZA DA ALCOOL
291.82,DISTURBI DEL SONNO INDOTTI DA ALCOOL
291.89,ALTRI DISTURBI DEL SONNO INDOTTI DA ALCOOL
291.9,DISTURBI PSICHICI NON SPECIFICATI INDOTTI DALL'ALCOOL
292,PSICOSI INDOTTE DA DROGHE
292.0,ASTINENZA DA DROGHE
292.1,STATI PARANOIDI E/O ALLUCINATORI INDOTTI DA DROGHE
292.11,DISTURBO PSICOTICO CON DELIRI INDOTTO DA DROGHE
292.12,DISTURBO PSICOTICO CON ALLUCINAZIONI INDOTTO DA DROGHE
292.2,INTOSSICAZIONE PATOLOGICA DA DROGHE
292.8,ALTRI DISTURBI PSICHICI SPECIFICATI INDOTTI DA DROGHE
292.81,DELIRIUM PROVOCATO DA DROGHE
292.82,DEMENZA PERSISTENTE PROVOCATA DA DROGHE
292.83,DISTURBO AMNESICO PERSISTENTE INDOTTO DA DROGHE
292.84,DISTURBO DELL'UMORE INDOTTO DA DROGHE
292.85,DISTURBI DEL SONNO INDOTTI DA SOSTANZE
292.89,ALTRI DISTURBI DEL SONNO INDOTTI DA DROGHE
292.9,DISTURBI PSICHICI NON SPECIFICATI INDOTTI DA DROGHE
293,STATI PSICOTICI ORGANICI TRANSITORI
293.0,DELIRIUM DA MANIFESTAZIONI CLASSIFICATE ALTROVE
293.1,DELIRIUM SUBACUTO
293.8,ALTRI DISTURBI PSICHICI ORGANICI TRANSITORI SPECIFICATI
293.81,DISTURBO PSICOTICO CON DELIRI IN MANIFESTAZIONI CLASSIFICATE ALTROVE
293.82,DISTURBO PSICOTICO CON ALLUCINAZIONI IN MANIFESTAZIONI CLASSIFICATE ALTROVE
293.83,DISTURBO DELL'UMORE IN MANIFESTAZIONI CLASSIFICATE ALTROVE
293.84,DISTURBO D'ANSIA IN MANIFESTAZIONI CLASSIFICATE ALTROVE
293.89,ALTRI DISTURBI D ANSIA IN MANIFESTAZIONI CLASSIFICATE ALTROVE
293.9,DISTURBI PSICHICI TRANSITORI NON SPECIFICATI IN MANIFESTAZIONI CLASSIFICATE ALTROVE
294,ALTRI STATI PSICOTICI ORGANICI (CRONICI)
294.0,DISTURBO AMNESICO IN MANIFESTAZIONI CLASSIFICATE ALTROVE
294.1,DEMENZA IN CONDIZIONI MORBOSE CLASSIFICATE ALTROVE
294.10,"DEMENZA IN MANIFESTAZIONI MORBOSE CLASSIFICATE ALTROVE,SENZA DISTURBI COMPORTAMENTALI"
294.11,"DEMENZA IN MANIFESTAZIONI MORBOSE CLASSIFICATE ALTROVE,CON DISTURBI COMPORTAMENTALI"
294.8,ALTRI DISTURBI PSICHICI PERSISTENTI DA MANIFESTAZIONI CLASSIFICATE ALTROVE
294.9,DISTURBI PSICHICI PERSISTENTI NON SPECIFICATI DA MANIFESTAZIONI CLASSIFICATE ALTROVE
295,PSICOSI SCHIZOFRENICHE
295.0,TIPO SEMPLICE
295.00,"TIPO SEMPLICE,NON SPECIFICATO"
295.01,"TIPO SEMPLICE,SUBCRONICO"
295.02,"TIPO SEMPLICE,CRONICO"
295.03,"TIPO SEMPLICE,SUBCRONICO CON ESACERBAZIONE ACUTA"
295.04,"TIPO SEMPLICE,CRONICO CON ESACERBAZIONE ACUTA"
295.05,"TIPO SEMPLICE,IN REMISSIONE"
295.1,TIPO DISORGANIZZATO
295.10,"TIPO DISORGANIZZATO,NON SPECIFICATO"
295.11,"TIPO DISORGANIZZATO,SUBCRONICO"
295.12,"TIPO DISORGANIZZATO,CRONICO"
295.13,"TIPO DISORGANIZZATO,SUBCRONICO CON ESACERBAZIONE ACUTA"
295.14,"TIPO DISORGANIZZATO,CRONICO CON ESACERBAZIONE ACUTA"
295.15,"TIPO DISORGANIZZATO,IN REMISSIONE"
295.2,TIPO CATATONICO
295.20,"TIPO CATATONICO,NON SPECIFICATO"
295.21,"TIPO CATATONICO,SUBCRONICO"
295.22,"TIPO CATATONICO,CRONICO"
295.23,"TIPO CATATONICO,SUBCRONICO CON ESACERBAZIONE ACUTA"
295.24,"TIPO CATATONICO,CRONICO CON ESACERBAZIONE ACUTA"
295.25,"TIPO CATATONICO,IN REMISSIONE"
295.3,TIPO PARANOIDE
295.30,"TIPO PARANOIDE,NON SPECIFICATO"
295.31,"TIPO PARANOIDE,SUBCRONICO"
295.32,"TIPO PARANOIDE,CRONICO"
295.33,"TIPO PARANOIDE,SUBCRONICO CON ESACERBAZIONE ACUTA"
295.34,"TIPO PARANOIDE,CRONICO CON ESACERBAZIONE ACUTA"
295.35,"TIPO PARANOIDE,IN REMISSIONE"
295.4,EPISODIO SCHIZOFRENICO ACUTO
295.40,"EPISODIO SCHIZOFRENICO ACUTO,NON SPECIFICATO"
295.41,"EPISODIO SCHIZOFRENICO ACUTO,SUBCRONICO"
295.42,"EPISODIO SCHIZOFRENICO ACUTO,CRONICO"
295.43,"EPISODIO SCHIZOFRENICO ACUTO,SUBCRONICO CON ESACERBAZIONE ACUTA"
295.44,"EPISODIO SCHIZOFRENICO ACUTO,CRONICO CON ESACERBAZIONE ACUTA"
295.45,"EPISODIO SCHIZOFRENICO ACUTO,IN REMISSIONE"
295.5,SCHIZOFRENIA LATENTE
295.50,"SCHIZOFRENIA LATENTE,NON SPECIFICATO"
295.51,"SCHIZOFRENIA LATENTE,SUBCRONICO"
295.52,"SCHIZOFRENIA LATENTE,CRONICO"
295.53,"SCHIZOFRENIA LATENTE,SUBCRONICO CON ESACERBAZIONE ACUTA"
295.54,"SCHIZOFRENIA LATENTE,CRONICO CON ESACERBAZIONE ACUTA"
295.55,"SCHIZOFRENIA LATENTE,IN REMISSIONE"
295.6,SCHIZOFRENIA RESIDUALE
295.60,"SCHIZOFRENIA RESIDUALE,NON SPECIFICATO"
295.61,"SCHIZOFRENIA RESIDUALE,SUBCRONICO"
295.62,"SCHIZOFRENIA RESIDUALE,CRONICO"
295.63,"SCHIZOFRENIA RESIDUALE,SUBCRONICO CON ESACERBAZIONE ACUTA"
295.64,"SCHIZOFRENIA RESIDUALE,CRONICO CON ESACERBAZIONE ACUTA"
295.65,"SCHIZOFRENIA RESIDUALE,IN REMISSIONE"
295.7,TIPO SCHIZOAFFETTIVO
295.70,"TIPO SCHIZOAFFETTIVO,NON SPECIFICATO"
295.71,"TIPO SCHIZOAFFETTIVO,SUBCRONICO"
295.72,"TIPO SCHIZOAFFETTIVO,CRONICO"
295.73,"TIPO SCHIZOAFFETTIVO,SUBCRONICO CON ESACERBAZIONE ACUTA"
295.74,"TIPO SCHIZOAFFETTIVO,CRONICO CON ESACERBAZIONE ACUTA"
295.75,"TIPO SCHIZOAFFETTIVO,IN REMISSIONE"
295.8,ALTRI TIPI SPECIFICATI DI SCHIZOFRENIA
295.80,"ALTRI TIPI SPECIFICATI DI SCHIZOFRENIA,NON SPECIFICATO"
295.81,"ALTRI TIPI SPECIFICATI DI SCHIZOFRENIA,SUBCRONICO"
295.82,"ALTRI TIPI SPECIFICATI DI SCHIZOFRENIA,CRONICO"
295.83,"ALTRI TIPI SPECIFICATI DI SCHIZOFRENIA,SUBCRONICO CON ESACERBAZIONE ACUTA"
295.84,"ALTRI TIPI SPECIFICATI DI SCHIZOFRENIA,CRONICO CON ESACERBAZIONE ACUTA"
295.85,"ALTRI TIPI SPECIFICATI DI SCHIZOFRENIA,IN REMISSIONE"
295.9,SCHIZOFRENIA NON SPECIFICATA
295.90,"SCHIZOFRENIA NON SPECIFICATA,NON SPECIFICATO"
295.91,"SCHIZOFRENIA NON SPECIFICATA,SUBCRONICO"
295.92,"SCHIZOFRENIA NON SPECIFICATA,CRONICO"
295.93,"SCHIZOFRENIA NON SPECIFICATA,SUBCRONICO CON ESACERBAZIONE ACUTA"
295.94,"SCHIZOFRENIA NON SPECIFICATA,CRONICO CON ESACERBAZIONE ACUTA"
295.95,"SCHIZOFRENIA NON SPECIFICATA,IN REMISSIONE"
296,PSICOSI AFFETTIVE
296.0,"MANIA, EPISODIO SINGOLO"
296.00,"MANIA,EPISODIO SINGOLO,NON SPECIFICATO"
296.01,"MANIA,EPISODIO SINGOLO,LIEVE"
296.02,"MANIA,EPISODIO SINGOLO,MODERATO"
296.03,"MANIA,EPISODIO SINGOLO,GRAVE,SENZA MENZIONE DI COMPORTAMENTO PSICOTICO"
296.04,"MANIA,EPISODIO SINGOLO,GRAVE,CON COMPORTAMENTO PSICOTICO"
296.05,"MANIA,EPISODIO SINGOLO,IN REMISSIONE PARZIALE O NON SPECIFICATA"
296.06,"MANIA,EPISODIO SINGOLO,IN REMISSIONE COMPLETA"
296.1,"MANIA, EPISODIO RICORRENTE"
296.10,"MANIA,EPISODIO RICORRENTE,NON SPECIFICATO"
296.11,"MANIA,EPISODIO RICORRENTE,LIEVE"
296.12,"MANIA,EPISODIO RICORRENTE, MODERATO"
296.13,"MANIA,EPISODIO RICORRENTE,GRAVE,SENZA MENZIONE DI COMPORTAMENTO PSICOTICO"
296.14,"MANIA,EPISODIO RICORRENTE,GRAVE,CON COMPORTAMENTO PSICOTICO"
296.15,"MANIA,EPISODIO RICORRENTE,IN REMISSIONE PARZIALE O NON SPECIFICATA"
296.16,"MANIA,EPISODIO RICORRENTE,IN REMISSIONE COMPLETA"
296.2,"DEPRESSIONE MAGGIORE, EPISODIO SINGOLO"
296.20,"DEPRESSIONE MAGGIORE,EPISODIO SINGOLO,NON SPECIFICATO"
296.21,"DEPRESSIONE MAGGIORE,EPISODIO SINGOLO,LIEVE"
296.22,"DEPRESSIONE MAGGIORE,EPISODIO SINGOLO,MODERATO"
296.23,"DEPRESSIONE MAGGIORE,EPISODIO SINGOLO,GRAVE,SENZA MENZIONE DI COMPORTAMENTO PSICOTICO"
296.24,"DEPRESSIONE MAGGIORE,EPISODIO SINGOLO,GRAVE,CON COMPORTAMENTO PSICOTICO"
296.25,"DEPRESSIONE MAGGIORE,EPISODIO SINGOLO,IN REMISSIONE PARZIALE O NON SPECIFICATA"
296.26,"DEPRESSIONE MAGGIORE,EPISODIO SINGOLO,IN REMISSIONE COMPLETA"
296.3,"DEPRESSIONE MAGGIORE, EPISODIO RICORRENTE"
296.30,"DEPRESSIONE MAGGIORE,EPISODIO RICORRENTE,NON SPECIFICATO"
296.31,"DEPRESSIONE MAGGIORE,EPISODIO RICORRENTE,LIEVE"
296.32,"DEPRESSIONE MAGGIORE,EPISODIO RICORRENTE,MODERATO"
296.33,"DEPRESSIONE MAGGIORE,EPISODIO RICORRENTE,GRAVE,SENZA MENZIONE DI COMPORTAMENTO PSICOTICO"
296.34,"DEPRESSIONE MAGGIORE,EPISODIO RICORRENTE,GRAVE,CON COMPORTAMENTO PSICOTICO"
296.35,"DEPRESSIONE MAGGIORE,EPISODIO RICORRENTE,IN REMISSIONE PARZIALE O NON SPECIFICATA"
296.36,"DEPRESSIONE MAGGIORE,EPISODIO RICORRENTE,IN REMISSIONE COMPLETA"
296.4,"SINDROME AFFETTIVA BIPOLARE, EPISODIO MANIACALE"
296.40,"SINDROME AFFETTIVA BIPOLARE,EPISODIO MANIACALE, NON SPECIFICATO"
296.41,"SINDROME AFFETTIVA BIPOLARE,EPISODIO MANIACALE, LIEVE"
296.42,"SINDROME AFFETTIVA BIPOLARE,EPISODIO MANIACALE, MODERATO"
296.43,"SINDROME AFFETTIVA BIPOLARE,EPISODIO MANIACALE, GRAVE, SENZA MENZIONE DI COMPORTAMENTO PSICOTICO"
296.44,"SINDROME AFFETTIVA BIPOLARE,EPISODIO MANIACALE, GRAVE, CON COMPORTAMENTO PSICOTICO"
296.45,"SINDROME AFFETTIVA BIPOLARE,EPISODIO MANIACALE, IN REMISSIONE PARZIALE O NON SPECIFICATA"
296.46,"SINDROME AFFETTIVA BIPOLARE,EPISODIO MANIACALE, IN REMISSIONE COMPLETA"
296.5,"SINDROME AFFETTIVA BIPOLARE, EPISODIO DEPRESSIVO"
296.50,"SINDROME AFFETTIVA BIPOLARE,EPISODIO DEPRESSIVO, NON SPECIFICATO"
296.51,"SINDROME AFFETTIVA BIPOLARE,EPISODIO DEPRESSIVO, LIEVE"
296.52,"SINDROME AFFETTIVA BIPOLARE,EPISODIO DEPRESSIVO, MODERATO"
296.53,"SINDROME AFFETTIVA BIPOLARE,EPISODIO DEPRESSIVO, GRAVE, SENZA MENZIONE DI COMPORTAMENTO PSICOTICO"
296.54,"SINDROME AFFETTIVA BIPOLARE,EPISODIO DEPRESSIVO, GRAVE, CON COMPORTAMENTO PSICOTICO"
296.55,"SINDROME AFFETTIVA BIPOLARE,EPISODIO DEPRESSIVO, IN REMISSIONE PARZIALE O NON SPECIFICATA"
296.56,"SINDROME AFFETTIVA BIPOLARE,EPISODIO DEPRESSIVO, IN REMISSIONE COMPLETA"
296.6,"SINDROME AFFETTIVA BIPOLARE, EPISODIO MISTO"
296.60,"SINDROME AFFETTIVA BIPOLARE,EPISODIO MISTO, NON SPECIFICATO"
296.61,"SINDROME AFFETTIVA BIPOLARE,EPISODIO MISTO, LIEVE"
296.62,"SINDROME AFFETTIVA BIPOLARE,EPISODIO MISTO, MODERATO"
296.63,"SINDROME AFFETTIVA BIPOLARE,EPISODIO MISTO, GRAVE, SENZA MENZIONE DI COMPORTAMENTO PSICOTICO"
296.64,"SINDROME AFFETTIVA BIPOLARE,EPISODIO MISTO, GRAVE, CON COMPORTAMENTO PSICOTICO"
296.65,"SINDROME AFFETTIVA BIPOLARE,EPISODIO MISTO, IN REMISSIONE PARZIALE O NON SPECIFICATA"
296.66,"SINDROME AFFETTIVA BIPOLARE,EPISODIO MISTO, IN REMISSIONE COMPLETA"
296.7,"DISTURBO BIPOLARE DI I TIPO,PIY RECENTE (O CORRENTE) EPISODIO NON SPECIFICATO"
296.8,"PSICOSI MANIACO-DEPRESSIVA, ALTRA E NON SPECIFICATA"
296.80,DISTURBO BIPOLARE NON SPECIFICATO
296.81,SINDROME MANIACALE ATIPICA
296.82,SINDROME DEPRESSIVA ATIPICA
296.89,ALTRI DISTURBI BIPOLARI II
296.9,"PSICOSI AFFETTIVE, ALTRE E NON SPECIFICATE"
296.90,DISTURBO EPISODICO DELL'UMORE NON SPECIFICATO
296.99,ALTRI DISTURBI EPISODICI DELL'UMORE SPECIFICATI
297,STATI PARANOIDI
297.0,STATO PARANOIDE SEMPLICE
297.1,DISTURBO DELIRANTE
297.2,PARAFRENIA
297.3,DISTURBO PSICOTICO CONDIVISO
297.8,ALTRI STATI PARANOIDI SPECIFICATI
297.9,STATO PARANOIDE NON SPECIFICATO
298,ALTRE PSICOSI NON ORGANICHE
298.0,PSICOSI DI TIPO DEPRESSIVO
298.1,"PSICOSI,TIPO AGITATO"
298.2,CONFUSIONE REATTIVA
298.3,REAZIONE PARANOIDE ACUTA
298.4,PSICOSI PARANOIDE PSICOGENA
298.8,ALTRE E NON SPECIFICATE PSICOSI REATTIVE
298.9,PSICOSI NON SPECIFICATA
299,PSICOSI CON ORIGINE SPECIFICA DELL'INFANZIA
299.0,AUTISMO INFANTILE
299.00,"AUTISMO INFANTILE,STATO ATTIVO"
299.01,"AUTISMO INFANTILE,STATO RESIDUALE"
299.1,PSICOSI DISINTEGRATIVA
299.10,"PSICOSI DISINTEGRATIVA,STATO ATTIVO"
299.11,"PSICOSI DISINTEGRATIVA,STATO RESIDUALE"
299.8,ALTRE PSICOSI SPECIFICHE DELLA PRIMA INFANZIA
299.80,"ALTRE PSICOSI SPECIFICHE DELLA PRIMA INFANZIA,STATO ATTIVO"
299.81,"ALTRE PSICOSI SPECIFICHE DELLA PRIMA INFANZIA,STATO RESIDUALE"
299.9,PSICOSI NON SPECIFICATA
299.90,"PSICOSI NON SPECIFICATA,STATO ATTIVO"
299.91,"PSICOSI NON SPECIFICATA,STATO RESIDUALE"
300,DISTURBI NEVROTICI
300.0,STATI DI ANSIA
300.00,STATO ANSIOSO NON SPECIFICATO
300.01,DISTURBO DI PANICO SENZA AGORAFOBIA
300.02,DISTURBO ANSIOSO GENERALIZZATO
300.09,ALTRI STATI ANSIOSI
300.1,ISTERIA
300.10,ISTERIA NON SPECIFICATA
300.11,DISTURBO DA CONVERSIONE
300.12,AMNESIA DISSOCIATIVA
300.13,FUGA DISSOCIATIVA
300.14,DISTURBO DISSOCIATIVO DELL'IDENTIT@
300.15,DISTURBO O REAZIONE DISSOCIATIVA NON SPECIFICATA
300.16,DISTURBO FITTIZIO CON PREDOMINANTI SEGNI E SINTOMI PSICOLOGICI
300.19,ALTRI E NON SPECIFICATI DISTURBI FITTIZI
300.2,SINDROMI FOBICHE
300.20,"FOBIA,NON SPECIFICATA"
300.21,AGORAFOBIA CON DISTURBO DI PANICO
300.22,AGORAFOBIA SENZA ATTACCHI DI PANICO
300.23,FOBIA SOCIALE
300.29,ALTRE FOBIE SPECIFICHE O ISOLATE
300.3,SINDROME OSSESSIVO-COMPULSIVA
300.4,DISTURBO DISTIMICO
300.5,NEVRASTENIA
300.6,DISTURBO DI DEPERSONALIZZAZIONE
300.7,IPOCONDRIA
300.8,ALTRI DISTURBI NEVROTICI
300.81,DISTURBO DI SOMATIZZAZIONE
300.82,DISTURBO SOMATOFORME INDIFFERENZIATO
300.89,ALTRI DISTURBI SOMATOFORMI
300.9,DISTURBI PSICHICI NON PSICOTICI NON SPECIFICATI
301,DISTURBI DI PERSONALIT@
301.0,DISTURBO DI PERSONALIT@ PARANOIDE
301.1,DISTURBO DI PERSONALIT@ AFFETTIVO
301.10,"DISTURBO DI PERSONALIT@ AFFETTIVO,NON SPECIFICATO"
301.11,DISTURBO DI PERSONALIT@
301.12,DISTURBO DI PERSONALIT@ DEPRESSIVO CRONICO
301.13,DISTURBO CICLOTIMICO
301.2,DISTURBO DI PERSONALIT@ SCHIZOIDE
301.20,"DISTURBO DI PERSONALIT@ SCHIZOIDE,NON SPECIFICATO"
301.21,PERSONALIT@ INTROVERSA
301.22,DISTURBO DI PERSONALIT@ SCHIZOTIPICA
301.3,DISTURBO DI PERSONALIT@ ESPLOSIVO
301.4,DISTURBO DI PERSONALIT@ OSSESSIVO-COMPULSIVO
301.5,DISTURBO DI PERSONALIT@ ISTERICO
301.50,"DISTURBO DI PERSONALIT@ ISTRIONICO,NON SPECIFICATO"
301.51,DISTURBO FITTIZIO CRONICO CON SINTOMI FISICI
301.59,ALTRI DISTURBI DI PERSONALIT@ ISTRIONICI
301.6,DISTURBO DI PERSONALIT@ DIPENDENTE
301.7,DISTURBO DI PERSONALIT@ ANTISOCIALE
301.8,ALTRI DISTURBI DI PERSONALIT@
301.81,DISTURBO DI PERSONALIT@ NARCISISTICA
301.82,DISTURBO DI PERSONALIT@ EVITANTE
301.83,DISTURBO DI PERSONALIT@ BORDERLINE
301.84,PERSONALIT@ PASSIVO-AGGRESSIVA
301.89,ALTRI DISTURBI DELLA PERSONALIT@
301.9,DISTURBI DI PERSONALIT@ NON SPECIFICATI
302,DEVIAZIONI E DISTURBI SESSUALI
302.0,ORIENTAMENTO SESSUALE EGODISTONICO
302.1,ZOOFILIA
302.2,PEDOFILIA
302.3,FETICISMO DI TRAVESTIMENTO
302.4,ESIBIZIONISMO
302.5,TRANSESSUALISMO
302.50,CON STORIA SESSUALE NON SPECIFICATA
302.51,CON STORIA ASESSUALE
302.52,CON STORIA OMOSESSUALE
302.53,CON STORIA ETEROSESSUALE
302.6,DISTURBO DELL'IDENTIT@ SESSUALE NELL'INFANZIA
302.7,DISFUNZIONE PSICOSESSUALE
302.70,"DISFUNZIONE PSICOSESSUALE,NON SPECIFICATA"
302.71,DISTURBO DEL DESIDERIO SESSUALE IPOATTIVO
302.72,CON ECCITAMENTO SESSUALE INIBITO
302.73,DISTURBO DELL'ORGASMO FEMMINILE
302.74,DISTURBO DELL'ORGASMO MASCHILE
302.75,EIACULAZIONE PRECOCE
302.76,DISPAREUNIA PSICOGENA
302.79,CON ALTRE DISFUNZIONI PSICOSESSUALI SPECIFICATE
302.8,"DISFUNZIONE PSICOSESSUALE,  CON ALTRI DISTURBI PSICOSESSUALI SPECIFICATI"
302.81,FETICISMO
302.82,VOYERISMO
302.83,MASOCHISMO SESSUALE
302.84,SADISMO SESSUALE
302.85,DISTURBO DELL'IDENTIT@ SESSUALE NELL'ADOLESCENTE O NELL'ADULTO
302.89,ALTRI DISTURBI DELL'IDENTIT@ SESSUALE
302.9,DISTURBO PSICOSESSUALE NON SPECIFICATO
303,SINDROME DI DIPENDENZA DA ALCOOL
303.0,INTOSSICAZIONE ACUTA DA ALCOOL
303.00,"INTOSSICAZIONE ACUTA DA ALCOOL,NON SPECIFICATA"
303.01,"INTOSSICAZIONE ACUTA DA ALCOOL,CONTINUA"
303.02,"INTOSSICAZIONE ACUTA DA ALCOOL,EPISODICA"
303.03,"INTOSSICAZIONE ACUTA DA ALCOOL,IN REMISSIONE"
303.9,"DIPENDENZA DA ALCOOL, ALTRA E NON SPECIFICATA"
303.90,"DIPENDENZA DA ALCOOL,ALTRA E NON SPECIFICATA,NON SPECIFICATA"
303.91,"DIPENDENZA DA ALCOOL,ALTRA E NON SPECIFICATA,CONTINUA"
303.92,"DIPENDENZA DA ALCOOL,ALTRA E NON SPECIFICATA,EPISODICA"
303.93,"DIPENDENZA DA ALCOOL,ALTRA E NON SPECIFICATA,IN REMISSIONE"
304,DIPENDENZA DA DROGHE
304.0,DIPENDENZA DA OPPIOIDI
304.00,"DIPENDENZA DA OPPIOIDI,NON CONTINUA"
304.01,"DIPENDENZA DA OPPIOIDI,CONTINUA"
304.02,"DIPENDENZA DA OPPIOIDI,EPISODICA"
304.03,"DIPENDENZA DA OPPIOIDI,IN REMISSIONE"
304.1,DIPENDENZA DA BARBITURICI E DA SEDATIVI O IPNOTICI CON EFFETTO SIMILARE
304.10,DIPENDENZA DA BARBITURICI E DA SEDATIVI O IPNOTICI CON EFFETTO
304.11,DIPENDENZA DA BARBITURICI E DA SEDATIVI O IPNOTICI CON EFFETTO
304.12,DIPENDENZA DA BARBITURICI E DA SEDATIVI O IPNOTICI CON EFFETTO
304.13,DIPENDENZA DA BARBITURICI E DA SEDATIVI O IPNOTICI CON EFFETTO
304.2,DIPENDENZA DA COCAINA
304.20,"DIPENDENZA DA COCAINA,NON CONTINUA"
304.21,"DIPENDENZA DA COCAINA,CONTINUA"
304.22,"DIPENDENZA DA COCAINA,EPISODICA"
304.23,"DIPENDENZA DA COCAINA,IN REMISSIONE"
304.3,DIPENDENZA DA CANNABINOIDI
304.30,"DIPENDENZA DA CANNABINOIDI,NON SPECIFICATA"
304.31,"DIPENDENZA DA CANNABINOIDI,CONTINUA"
304.32,"DIPENDENZA DA CANNABINOIDI,EPISODICA"
304.33,"DIPENDENZA DA CANNABINOIDI,IN REMISSIONE"
304.4,DIPENDENZA DA AMFETAMINA E ALTRI PSICOSTIMOLANTI
304.40,"DIPENDENZA DA AMFETAMINA E ALTRI PSICOSTIMOLANTI,NON SPECIFICATA"
304.41,"DIPENDENZA DA AMFETAMINA E ALTRI PSICOSTIMOLANTI,CONTINUA"
304.42,"DIPENDENZA DA AMFETAMINA E ALTRI PSICOSTIMOLANTI,EPISODICA"
304.43,"DIPENDENZA DA AMFETAMINA E ALTRI PSICOSTIMOLANTI,IN REMISSIONE"
304.5,DIPENDENZA DA ALLUCINOGENI
304.50,"DIPENDENZA DA ALLUCINOGENI,NON SPECIFICATA"
304.51,"DIPENDENZA DA ALLUCINOGENI,CONTINUA"
304.52,"DIPENDENZA DA ALLUCINOGENI,EPISODICA"
304.53,"DIPENDENZA DA ALLUCINOGENI,IN REMISSIONE"
304.6,ALTRA DIPENDENZA DA DROGHE SPECIFICATA
304.60,"ALTRA DIPENDENZA DA DROGHE SPECIFICATA, NON SPECIFICATA"
304.61,"ALTRA DIPENDENZA DA DROGHE SPECIFICATA, CONTINUA"
304.62,"ALTRA DIPENDENZA DA DROGHE SPECIFICATA, EPISODICA"
304.63,"ALTRA DIPENDENZA DA DROGHE SPECIFICATA, IN REMISSIONE"
304.7,COMBINAZIONI DI SOSTANZE OPPIOIDI CON ALTRE
304.70,"COMBINAZIONI DI SOSTANZE OPPIOIDI CON ALTRE ,NON SPECIFICATE"
304.71,"COMBINAZIONI DI SOSTANZE OPPIOIDI CON ALTRE ,CONTINUE"
304.72,"COMBINAZIONI DI SOSTANZE OPPIOIDI CON ALTRE ,EPISODICHE"
304.73,"COMBINAZIONI DI SOSTANZE OPPIOIDI CON ALTRE ,IN REMISSIONE"
304.8,COMBINAZIONI CHE ESCLUDONO GLI OPPIOIDI
304.80,"COMBINAZIONI CHE ESCLUDONO GLI OPPIOIDI,NON SPECIFICATE"
304.81,"COMBINAZIONI CHE ESCLUDONO GLI OPPIOIDI,CONTINUE"
304.82,"COMBINAZIONI CHE ESCLUDONO GLI OPPIOIDI,EPISODICHE"
304.83,"COMBINAZIONI CHE ESCLUDONO GLI OPPIOIDI,IN REMISSIONE"
304.9,DIPENDENZA DA DROGHE NON SPECIFICATA
304.90,"DIPENDENZA DA DROGHE NON SPECIFICATA, NON SPECIFICATA"
304.91,"DIPENDENZA DA DROGHE NON SPECIFICATA, CONTINUA"
304.92,"DIPENDENZA DA DROGHE NON SPECIFICATA, EPISODICA"
304.93,"DIPENDENZA DA DROGHE NON SPECIFICATA, IN REMISSIONE"
305,ABUSO DI DROGHE SENZA DIPENDENZA
305.0,ABUSO DI ALCOOL
305.00,"ABUSO DI ALCOOL,NON SPECIFICATO"
305.01,"ABUSO DI ALCOOL,CONTINUO"
305.02,"ABUSO DI ALCOOL,EPISODICO"
305.03,"ABUSO DI ALCOOL,IN REMISSIONE"
305.1,DISTURBI DA USO DI TABACCO
305.2,ABUSO DI CANNABINOIDI
305.20,"ABUSO DI CANNABINOIDI,NON CONTINUO"
305.21,"ABUSO DI CANNABINOIDI,CONTINUO"
305.22,"ABUSO DI CANNABINOIDI,EPISODICO"
305.23,"ABUSO DI CANNABINOIDI,IN REMISSIONE"
305.3,ABUSO DI ALLUCINOGENI
305.30,"ABUSO DI ALLUCINOGENI,NON CONTINUO"
305.31,"ABUSO DI ALLUCINOGENI,CONTINUO"
305.32,"ABUSO DI ALLUCINOGENI,EPISODICO"
305.33,"ABUSO DI ALLUCINOGENI,IN REMISSIONE"
305.4,ABUSO DI BARBITURICI E DI SEDATIVI O IPNOTICI AD EFFETTO SIMILARE
305.40,"ABUSO DI BARBITURICI E DI SEDATIVI O IPNOTICI AD EFFETTO SIMILARE,NON SPECIFICATO"
305.41,"ABUSO DI BARBITURICI E DI SEDATIVI O IPNOTICI AD EFFETTO SIMILARE,"
305.42,"ABUSO DI BARBITURICI E DI SEDATIVI O IPNOTICI AD EFFETTO SIMILARE,"
305.43,"ABUSO DI BARBITURICI E DI SEDATIVI O IPNOTICI AD EFFETTO SIMILARE,IN REMISSIONE"
305.5,ABUSO DI OPPIOIDI
305.50,"ABUSO DI OPPIOIDI,NON SPECIFICATO"
305.51,"ABUSO DI OPPIOIDI,CONTINUO"
305.52,"ABUSO DI OPPIOIDI,EPISODICO"
305.53,"ABUSO DI OPPIOIDI,IN REMISSIONE"
305.6,ABUSO DI COCAINA
305.60,"ABUSO DI COCAINA,NON SPECIFICATO"
305.61,"ABUSO DI COCAINA,CONTINUO"
305.62,"ABUSO DI COCAINA,EPISODICO"
305.63,"ABUSO DI COCAINA,IN REMISSIONE"
305.7,ABUSO DI AMFETAMINA O DI SIMPATICOMIMETICI AD AZIONE SIMILE
305.70,"ABUSO DI AMFETAMINA O DI SIMPATICOMIMETICI AD AZIONE SIMILE, CONTINUO"
305.71,"ABUSO DI AMFETAMINA O DI SIMPATICOMIMETICI AD AZIONE SIMILE, NON CONTINUO"
305.72,"ABUSO DI AMFETAMINA O DI SIMPATICOMIMETICI AD AZIONE SIMILE, EPISODICO"
305.73,"ABUSO DI AMFETAMINA O DI SIMPATICOMIMETICI AD AZIONE SIMILE, IN REMISSIONE"
305.8,ABUSO DI ANTIDEPRESSIVI
305.80,"ABUSO DI ANTIDEPRESSIVI,NON CONTINUO"
305.81,"ABUSO DI ANTIDEPRESSIVI,CONTINUO"
305.82,"ABUSO DI ANTIDEPRESSIVI,EPISODICO"
305.83,"ABUSO DI ANTIDEPRESSIVI,IN REMISSIONE"
305.9,"ALTRI ABUSI, MISTI O NON SPECIFICATI"
305.90,"ALTRI ABUSI,MISTI O NON SPECIFICATI,NON SPECIFICATO"
305.91,"ALTRI ABUSI,MISTI O NON SPECIFICATI,CONTINUO"
305.92,"ALTRI ABUSI,MISTI O NON SPECIFICATI,EPISODICO"
305.93,"ALTRI ABUSI,MISTI O NON SPECIFICATI,IN REMISSIONE"
306,DISFUNZIONI FISICHE ORIGINATE DA FATTORI PSICHICI
306.0,DISFUNZIONI OSTEOMUSCOLARI
306.1,DISFUNZIONI RESPIRATORIE
306.2,DISFUNZIONI CARDIOVASCOLARI
306.3,DISTURBI CUTANEI
306.4,DISFUNZIONI GASTROINTESTINALI
306.5,DISFUNZIONI GENITOURINARIE
306.50,DISFUNZIONE GENITOURINARIA
306.51,VAGINISMO PSICOGENO
306.52,DISMENORREA PSICOGENA
306.53,DISURIA PSICOGENA
306.59,ALTRE MANIFESTAZIONI GENITOURINARIE
306.6,DISFUNZIONI ENDOCRINE
306.7,DISFUNZIONI A CARICO DI ORGANI DI SENSO
306.8,ALTRE DISFUNZIONI PSICOFISIOLOGICHE
306.9,DISFUNZIONI PSICOFISIOLOGICHE NON SPECIFICATE
307,SINTOMI O SINDROMI SPECIALI NON CLASSIFICATI ALTROVE
307.0,TARTAGLIAMENTO
307.1,ANORESSIA NERVOSA
307.2,TICS
307.20,"DISTURBO A TIPO TIC,NON SPECIFICATO"
307.21,DISTURBO A TIPO TIC TRANSITORIO
307.22,DISTURBO A TIPO TIC CRONICO MOTORIO O VOCALE
307.23,SINDROME DI TOURETTE
307.3,DISTURBO DA MOVIMENTI STEREOTIPATI
307.4,DISTURBI SPECIFICI DEL SONNO DI ORIGINE NON ORGANICA
307.40,"DISTURBO DEL SONNO NON ORGANICO,NON SPECIFICATO"
307.41,DIFFICOLT@ TRANSITORIE AD INIZIARE O A MANTENERE IL SONNO
307.42,DIFFICOLT@ PERSISTENTI AD INIZIARE O A MANTENERE IL SONNO
307.43,DIFFICOLT@ TRANSITORIE AD INIZIARE O A MANTENERE LO STATO DI VEGLIA
307.44,DIFFICOLT@ PERSISTENTI AD INIZIARE O A MANTENERE LO STATO DI VEGLIA
307.45,DISTURBO DEL RITMO CIRCADIANO DEL SONNO DI ORIGINE NON ORGANICA
307.46,DISTURBO DA RISVEGLIO NEL SONNO
307.47,ALTRE DISFUNZIONI DELLE FASI DEL SONNO O DEL RISVEGLIO DAL SONNO
307.48,INTRUSIONI RIPETITIVE DI SONNO
307.49,DISTURBI SPECIFICI DEL SONNO ALTRE
307.5,ALTRI E NON SPECIFICATI DISTURBI DELL'ALIMENTAZIONE
307.50,"DISTURBO DELL'ALIMENTAZIONE,NON SPECIFICATO"
307.51,BULIMIA NERVOSA
307.52,PICA
307.53,DISTURBO DA RUMINAZIONE
307.54,VOMITO PSICOGENO
307.59,ALTRI DISTURBI DELL'ALIMENTAZIONE
307.6,ENURESI
307.7,ENCOPRESI
307.8,PSICALGIA
307.80,"DOLORE PSICOGENO,A SEDE NON SPECIFICATA"
307.81,CEFALEA DA TENSIONE
307.89,ALTRI DISTURBI DA DOLORE
307.9,"ALTRI E NON SPECIFICATI SINTOMI O SINDROMI SPECIALI,NON CLASSIFICATI ALTROVE"
308,REAZIONE ACUTA ALLO STRESS
308.0,DISTURBI PREDOMINANTI DELL'EMOTIVIT@
308.1,DISTURBI PREDOMINANTI DELLA COSCIENZA
308.2,DISTURBI PREDOMINANTI DELLA SFERA PSICOMOTORIA
308.3,ALTRE REAZIONI ACUTE ALLO STRESS
308.4,DISTURBI MISTI QUALI REAZIONI ALLO STRESS
308.9,REAZIONI ACUTE ALLO STRESS NON SPECIFICATE
309,REAZIONE DI ADATTAMENTO
309.0,DISTURBO DELL'ADATTAMENTO CON UMORE DEPRESSO
309.1,REAZIONE DEPRESSIVA PROLUNGATA
309.2,CON DISTURBI PREDOMINANTI DI ALTRE EMOZIONI
309.21,SINDROME ANSIOSA DA SEPARAZIONE
309.22,DISTURBO DELL'EMANCIPAZIONE DELL'ADOLESCENZA E DELLA PRIMA VITA ADULTA
309.23,INIBIZIONE SCOLASTICA O LAVORATIVA SPECIFICA
309.24,DISTURBO DELL'ADATTAMENTO CON ANSIA
309.28,DISTURBO DELL'ADATTAMENTO CON ANSIA E UMORE DEPRESSO
309.29,ALTRE REAZIONI DI DISTURBO DELL ADATTAMENTO
309.3,DISTURBO DELL'ADATTAMENTO CON DISTURBI DELLA CONDOTTA
309.4,DISTURBO DELL'ADATTAMENTO CON DISTURBI MISTI DELL'EMOTIVIT@ E DELLA CONDOTTA
309.8,ALTRE REAZIONI DI ADATTAMENTO SPECIFICATE
309.81,DISTURBO POST-TRAUMATICO DA STRESS
309.82,REAZIONE DI ADATTAMENTO CON SINTOMI SOMATICI
309.83,REAZIONE DI ADATTAMENTO CON CHIUSURA
309.89,"REAZIONE DI ADATTAMENTO,ALTRE REAZIONI"
309.9,REAZIONE DI ADATTAMENTO NON SPECIFICATA
310,DISTURBI PSICHICI SPECIFICI NON PSICOTICI DOVUTI A DANNO CEREBRALE ORGANICO
310.0,SINDROME DEL LOBO FRONTALE
310.1,CAMBIAMENTO DI PERSONALIT@ DOVUTO A MANIFESTAZIONI CLASSIFICATE ALTROVE
310.2,SINDROME POST-COMMOTIVA
310.8,ALTRI DISTURBI NON PSICOTICI SPECIFICATI SUCCESSIVI A DANNO ORGANICO CEREBRALE
310.9,DISTURBI NON PSICOTICI NON SPECIFICATI SUCCESSIVI A DANNO ORGANICO CEREBRALE
311,"DISTURBO DEPRESSIVO,NON CLASSIFICATO ALTROVE"
312,"DISTURBI DELLA CONDOTTA, NON CLASSIFICATI ALTROVE"
312.0,"DISTURBO DELLA CONDOTTA CON RIDOTTA SOCIALIZZAZIONE, TIPO AGGRESSIVO"
312.00,"DISTURBO DELLA CONDOTTA CON RIDOTTA SOCIALIZZAZIONE,TIPO AGGRESSIVO,NON SPECIFICATO"
312.01,"DISTURBO DELLA CONDOTTA CON RIDOTTA SOCIALIZZAZIONE,TIPO AGGRESSIVO,LIEVE"
312.02,"DISTURBO DELLA CONDOTTA CON RIDOTTA SOCIALIZZAZIONE,TIPO AGGRESSIVO,MODERATO"
312.03,"DISTURBO DELLA CONDOTTA CON RIDOTTA SOCIALIZZAZIONE,TIPO AGGRESSIVO,GRAVE"
312.1,"DISTURBO DELLA CONDOTTA CON RIDOTTA SOCIALIZZAZIONE, TIPO NON AGGRESSIVO"
312.10,"DISTURBO DELLA CONDOTTA CON RIDOTTA SOCIALIZZAZIONE,TIPO NON AGGRESSIVO,NON SPECIFICATO"
312.11,"DISTURBO DELLA CONDOTTA CON RIDOTTA SOCIALIZZAZIONE,TIPO NON AGGRESSIVO,LIEVE"
312.12,"DISTURBO DELLA CONDOTTA CON RIDOTTA SOCIALIZZAZIONE,TIPO NON AGGRESSIVO,MODERATO"
312.13,"DISTURBO DELLA CONDOTTA CON RIDOTTA SOCIALIZZAZIONE,TIPO NON AGGRESSIVO,GRAVE"
312.2,DISTURBO DELLA CONDOTTA CON SOCIALIZZAZIONE NORMALE
312.20,"DISTURBO DELLA CONDOTTA CON SOCIALIZZAZIONE NORMALE,NON SPECIFICATO"
312.21,"DISTURBO DELLA CONDOTTA CON SOCIALIZZAZIONE NORMALE,LIEVE"
312.22,"DISTURBO DELLA CONDOTTA CON SOCIALIZZAZIONE NORMALE,MODERATO"
312.23,"DISTURBO DELLA CONDOTTA CON SOCIALIZZAZIONE NORMALE,GRAVE"
312.3,"DISTURBI DEL CONTROLLO DEGLI IMPULSI, NON CLASSIFICATI ALTROVE"
312.30,"DISTURBO DEL CONTROLLO DEGLI IMPULSI,NON SPECIFICATO"
312.31,GIOCO D'AZZARDO PATOLOGICO
312.32,CLEPTOMANIA
312.33,PIROMANIA
312.34,DISTURBO ESPLOSIVO INTERMITTENTE
312.35,DISTURBO ESPLOSIVO ISOLATO
312.39,ALTRI DISTURBI
312.4,DISTURBI MISTI DELLA CONDOTTA E DELLE EMOZIONI
312.8,"ALTRI DISTURBI SPECIFICI DELLA CONDOTTA, NON CLASSIFICATI ALTROVE"
312.81,"DISTURBO DELLA CONDOTTA,CON ESORDIO NELL'INFANZIA"
312.82,"DISTURBO DELLA CONDOTTA,CON ESORDIO NELL'ADOLESCENZA"
312.89,ALTRI DISTURBI DELLA CONDOTTA
312.9,DISTURBO DELLA CONDOTTA NON SPECIFICATO
313,DISTURBO DELLE EMOZIONI SPECIFICO DELL'INFANZIA E DELL'ADOLESCENZA
313.0,DISTURBO IPERANSIOSO
313.1,DISTURBO CON SENSAZIONI DI TRISTEZZA E DI INFELICIT@
313.2,"IPERSENSIBILIT@, TIMIDEZZA E ISOLAMENTO SOCIALE"
313.21,TIMIDEZZA DELL'INFANZIA
313.22,INTROVERSIONE DELL'INFANZIA
313.23,MUTISMO SELETTIVO
313.3,PROBLEMI RELAZIONALI
313.8,DISTURBI DELLE EMOZIONI DI ALTRO TIPO E MISTI DELL'INFANZIA O DELL'ADOLESCENZA
313.81,DISTURBO OPPOSITIVO-PROVOCATORIO
313.82,DISTURBO DELL'IDENTIT@
313.83,DISTURBO DA SCARSO RENDIMENTO SCOLASTICO
313.89,ALTRO DISTURBO
313.9,DISTURBI DELLE EMOZIONI NON SPECIFICI DELL'INFANZIA O DELL'ADOLESCENZA
314,SINDROME IPERCINETICA DELL'INFANZIA
314.0,DISTURBO DA DEFICIT DELL'ATTENZIONE
314.00,SENZA IPERATTIVIT@ RIFERITA
314.01,CON IPERATTIVIT@
314.1,IPERCINESIA CON RITARDO DELLO SVILUPPO
314.2,DISTURBO IPERCINETICO DELLA CONDOTTA
314.8,ALTRE MANIFESTAZIONI SPECIFICATE DELLA SINDROME IPERCINETICA
314.9,SINDROME IPERCINETICA NON SPECIFICATA
315,RITARDI SPECIFICI DELLO SVILUPPO
315.0,DISTURBO SPECIFICO DELLA LETTURA
315.00,"DISTURBO DELLA LETTURA,NON SPECIFICATO"
315.01,ALESSIA
315.02,DISLESSIA DELLO SVILUPPO
315.09,ALTRI DISTURBI
315.1,DISTURBO DELLE ABILIT@ MATEMATICHE
315.2,ALTRE DIFFICOLT@ SPECIFICHE DELL'APPRENDIMENTO
315.3,DISTURBI EVOLUTIVI DELL'ELOQUIO O DEL LINGUAGGIO
315.31,DISTURBO DEL LINGUAGGIO ESPRESSIVO
315.32,DISTURBO MISTO DEL LINGUAGGIO ESPRESSIVO E DELLA COMPRENSIONE
315.39,ALTRI DISTURBI
315.4,DISTURBO DI SVILUPPO DELLA COORDINAZIONE
315.5,DISTURBI MISTI DELLO SVILUPPO
315.8,ALTRI RITARDI SPECIFICATI DELLO SVILUPPO
315.9,RITARDO NON SPECIFICATO DELLO SVILUPPO
316,FATTORI PSICHICI ASSOCIATI A MALATTIE CLASSIFICATE ALTROVE
317,RITARDO MENTALE LIEVE
318,ALTRI RITARDI MENTALI SPECIFICATI
318.0,RITARDO MENTALE DI MEDIA GRAVIT@
318.1,RITARDO MENTALE GRAVE
318.2,RITARDO MENTALE PROFONDO
319,RITARDO MENTALE NON SPECIFICATO
320,MENINGITE BATTERICA
320.0,MENINGITE DA HAEMOPHILUS
320.1,MENINGITE PNEUMOCOCCICA
320.2,MENINGITE STREPTOCOCCICA
320.3,MENINGITE STAFILOCOCCICA
320.7,MENINGITE IN ALTRE MALATTIE BATTERICHE CLASSIFICATE ALTROVE
320.8,MENINGITE DA ALTRI BATTERI SPECIFICATI
320.81,MENINGITE ANAEROBICA
320.82,"MENINGITE DA ALTRI BATTERI GRAM-NEGATIVI,NON ALTRIMENTI CLASSIFICATA"
320.89,MENINGITE DA ALTRI BATTERI SPECIFICATI
320.9,MENINGITE DA BATTERI NON SPECIFICATI
321,MENINGITE DA ALTRI MICRORGANISMI
321.0,MENINGITE CRIPTOCOCCICA
321.1,MENINGITE IN ALTRE INFEZIONI FUNGINE
321.2,MENINGITI DA VIRUS NON ALTRIMENTI CLASSIFICATI
321.3,MENINGITI DA TRIPANOSOMIASI
321.4,MENINGITI IN SARCOIDOSI
321.8,MENINGITI DA ALTRI ORGANISMI NON BATTERICI CLASSIFICATI ALTROVE
322,MENINGITE DA CAUSA NON SPECIFICATA
322.0,MENINGITE NON PURULENTA
322.1,MENINGITE EOSINOFILA
322.2,MENINGITE CRONICA
322.9,"MENINGITE,NON SPECIFICATA"
323,"ENCEFALITE, MIELITE, ED ENCEFALOMIELITE"
323.0,ENCEFALITE IN MALATTIE VIRALI CLASSIFICATE ALTROVE
323.01,ENCEFALITE ED ENCEFALOMIELITE IN MALATTIE VIRALI CLASSIFICATE ALTROVE
323.02,MIELITE IN MALATTIE VIRALI CLASSIFICATE ALTROVE
323.1,"ENCEFALITE,MIELITE ED ENCEFALOMIELITE IN MALATTIE DA RICKETTSIE CLASSIFICATE ALTROVE"
323.2,"ENCEFALITE,MIELITE ED ENCEFALOMIELITE IN MALATTIE DA PROTOZOI CLASSIFICATE ALTROVE"
323.4,ALTRE ENCEFALITI DA INFEZIONI CLASSIFICATE ALTROVE
323.41,ALTRE ENCEFALITI E ENCEFALOMIELITI DA INFEZIONI CLASSIFICATE ALTROVE
323.42,ALTRE MIELITI DA INFEZIONI CLASSIFICATE ALTROVE
323.5,ENCEFALITE POST VACCINICA
323.51,ENCEFALITI ED ENCEFALOMIELITI SUCCESSIVE A PROCEDURE DI IMMUNIZZAZIONE
323.52,MIELITI SUCCESSIVE A PROCEDURE DI IMMUNIZZAZIONE
323.6,ENCEFALITE POSTINFETTIVA
323.61,ENCEFALOMIELITE ACUTA DISSEMINATA INFETTIVA (ADEM)
323.62,ALTRE ENCEFALITI ED ENCEFALOMIELITI POST-INFETTIVE
323.63,MIELITE POST-INFETTIVA
323.7,ENCEFALITE TOSSICA
323.71,ENCEFALITE ED ENCEFALOMIELITE TOSSICHE
323.72,MIELITE TOSSICA
323.8,ALTRE CAUSE DI ENCEFALITE
323.81,ALTRE CAUSE DI ENCEFALITE ED ENCEFALOMIELITE
323.82,ALTRE CAUSE DI MIELITE
323.9,"CAUSE NON SPECIFICATE DI ENCEFALITE,MIELITE ED ENCEFALOMIELITE"
324,ASCESSO INTRACRANICO ED INTRARACHIDEO
324.0,ASCESSO INTRACRANICO
324.1,ASCESSO INTRARACHIDEO
324.9,ASCESSO INTRACRANICO ED INTRARACHIDEO DI SEDE NON SPECIFICATA
325,FLEBITE E TROMBOFLEBITE DEI SENI VENOSI INTRACRANICI
326,POSTUMI DI ASCESSO INTRACRANICO O DI INFEZIONE DA PIOGENI
327,DISTURBI ORGANICI DEL SONNO
327.0,DISTURBI ORGANICI DELL INDUZIONE E DEL MANTENIMENTO DEL SONNO [INSONNIA ORGANICA]
327.00,INSONNIA ORGANICA NON SPECIFICATA
327.01,INSONNIA DOVUTA A CONDIZIONI MEDICHE CLASSIFICATE ALTROVE
327.02,INSONNIA DOVUTA A DISTURBI PSICHICI
327.09,ALTRE INSONNIE ORGANICHE
327.1,DISTURBI ORGANICI DA ECCESSIVA SONNOLENZA [IPERSONNIA ORGANICA]
327.10,IPERSONNIA ORGANICA NON SPECIFICATA
327.11,IPERSONNIA IDIOPATICA CON EPISODI DI SONNO PROLUNGATO
327.12,IPERSONNIA IDIOPATICA SENZA EPISODI DI SONNO PROLUNGATO
327.13,IPERSONNIA RICORRENTE
327.14,IPERSONNIA DOVUTA A MANIFESTAZIONI MEDICHE CLASSIFICATE ALTROVE
327.15,IPERSONNIA DOVUTA A DISTURBI PSICHICI
327.19,ALTRE IPERSONNIE ORGANICHE
327.2,APNEA NEL SONNO DI TIPO ORGANICO
327.20,APNEA NEL SONNO DI TIPO ORGANICO NON SPECIFICATA
327.21,APNEA NEL SONNO PRIMARIA CENTRALE
327.22,RESPIRO PERIODICO DA ELEVATE ALTITUDINI
327.23,APNEA OSTRUTTIVA NEL SONNO (DELL'ADULTO) (PEDIATRICA)
327.24,APNEA IDIOPATICA CORRELATA A IPOVENTILAZIONE ALVEOLARE NON OSTRUTTIVA
327.25,SINDROME CONGENITA DA IPOVENTILAZIONE ALVEOLARE CENTRALE
327.26,IPOVENTILAZIONE/IPOSSIEMIA CORRELATE AL SONNO IN MALATTIE CLASSIFICABILI ALTROVE
327.27,APNEA DEL SONNO DI TIPO CENTRALE IN MALATTIE CLASSIFICABILI ALTROVE
327.29,ALTRE APNEE NEL SONNO ORGANICHE
327.3,DISTURBI DEL RITMO CIRCADIANO DEL SONNO
327.30,DISTURBO NON SPECIFICATO DEL RITMO CIRCADIANO DEL SONNO
327.31,"DISTURBO DEL RITMO CIRCADIANO DEL SONNO, TIPO A FASE DI SONNO RITARDATA"
327.32,"DISTURBO DEL RITMO CIRCADIANO DEL SONNO, TIPO A FASE DI SONNO AVANZATA"
327.33,"DISTURBO DEL RITMO CIRCADIANO DEL SONNO, TIPO A IRREGOLARE PATTERN SONNO VEGLIA"
327.34,"DISTURBO DEL RITMO CIRCADIANO DEL SONNO, TIPO A RITMO SONNO-VEGLIA DIVERSO DA 24 ORE"
327.35,"DISTURBO DEL RITMO CIRCADIANO DEL SONNO, TIPO JET LAG"
327.36,"DISTURBO DEL RITMO CIRCADIANO DEL SONNO, TIPO DA TURNI LAVORATIVI"
327.37,DISTURBO DEL RITMO CIRCADIANO DEL SONNO IN MALATTIE CLASSIFICATE ALTROVE
327.39,ALTRO DISTURBO DEL RITMO CIRCADIANO DEL SONNO
327.4,PARASONNIA ORGANICA
327.40,PARASONNIA ORGANICA NON SPECIFICATA
327.41,RISVEGLI CONFUSIONALI
327.42,DISORDINI COMPORTAMENTALI IN FASE REM
327.43,PARALISI RICORRENTE ISOLATA NEL SONNO
327.44,PARASONNIE IN MALATTIE CLASSIFICATE ALTROVE
327.49,ALTRE PARASONNIE ORGANICHE
327.5,DISTURBI ORGANICI DEL MOVIMENTO CORRELATI AL SONNO
327.51,DISTURBO DA MOVIMENTI PERIODICI DEGLI ARTI
327.52,CRAMPI ALLE GAMBE CORRELATI AL SONNO
327.53,BRUXISMO CORRELATO AL SONNO
327.59,ALTRI DISTURBI ORGANICI DEL MOVIMENTO CORRELATI AL SONNO
327.8,ALTRI DISTURBI ORGANICI DEL SONNO
330,DEGENERAZIONI CEREBRALI CHE SI MANIFESTANO ABITUALMENTE NELL'INFANZIA
330.0,LEUCODISTROFIA
330.1,LIPIDOSI CEREBRALI
330.2,DEGENERAZIONI CEREBRALI IN LIPIDOSI GENERALIZZATA
330.3,DEGENERAZIONE CEREBRALE DELL'INFANZIA IN ALTRE MALATTIE CLASSIFICATE ALTROVE
330.8,ALTRE DEGENERAZIONI SPECIFICATE CEREBRALI DELL'INFANZIA
330.9,DEGENERAZIONI CEREBRALI DELL'INFANZIA NON SPECIFICATE
331,ALTRE DEGENERAZIONI CEREBRALI
331.0,MALATTIA DI ALZHEIMER
331.1,MALATTIA DI PICK
331.11,MALATTIA DI PICK
331.19,ALTRE DEMENZE FRONTOTEMPORALI
331.2,DEGENERAZIONE SENILE DELL'ENCEFALO
331.3,IDROCEFALO COMUNICANTE
331.4,IDROCEFALO OSTRUTTIVO
331.7,DEGENERAZIONE CEREBRALE IN MALATTIE CLASSIFICATE ALTROVE
331.8,ALTRE DEGENERAZIONI CEREBRALI
331.81,SINDROME DI REYE
331.82,DEMENZA CON CORPI DI LEWY
331.83,"ALTERAZIONE COGNITIVA LIEVE, SPECIFICATA COME TALE"
331.89,ALTRE DEGENERAZIONI CEREBRALI
331.9,"DEGENERAZIONE CEREBRALE,NON SPECIFICATA"
332,MORBO DI PARKINSON
332.0,PARALISI AGITANTE
332.1,PARKINSONISMO SECONDARIO
333,ALTRE MALATTIE EXTRAPIRAMIDALI E ALTRI DISTURBI DEL MOVIMENTO
333.0,ALTRE MALATTIE DEGENERATIVE DEI NUCLEI DELLA BASE
333.1,TREMORE ESSENZIALE ED ALTRE FORME SPECIFICATE DI TREMORE
333.2,MIOCLONO
333.3,TIC DI ORIGINE ORGANICA
333.4,COREA DI HUNTINGTON
333.5,ALTRE FORME DI COREA
333.6,DISTONIA DI TORSIONE GENETICA
333.7,DISTONIA DI TORSIONE SINTOMATICA
333.71,PARALISI ATETOIDE CEREBRALE
333.72,DISTONIA ACUTA DOVUTA A FARMACI
333.79,ALTRE DISTONIE DI TORSIONE ACQUISITE
333.8,DISTONIA DI TORSIONE FRAMMENTARIA
333.81,BLEFAROSPASMO
333.82,DISCINESIA OROFACCIALE
333.83,TORCICOLLO SPASTICO
333.84,CRAMPO DELLO SCRIVANO SU BASE ORGANICA
333.85,DISCINESIA SUBACUTA DOVUTA A FARMACI
333.89,ALTRE DISTONIE DA TORSIONE FRAMMENTARIE
333.9,ALTRE E NON SPECIFICATE MALATTIE EXTRAPIRAMIDALI E DISTURBI DEL MOVIMENTO
333.90,NON SPECIFICATE MALATTIE EXTRAPIRAMIDALI NON SPECIFICATE E DISTURBI DEL MOVIMENTO
333.91,SINDROME DELL'UOMO RIGIDO
333.92,SINDROME MALIGNA DA NEUROLETTICI
333.93,CRISI DI TREMORE BENIGNO
333.94,SINDROME DA GAMBE SENZA RIPOSO (RLS)
333.99,ALTRE MALATTIE EXTRAPIRAMIDALI E ALTRI DISTURBI DEL MOVIMENTO
334,MALATTIE SPINOCEREBELLARI
334.0,ATASSIA DI FRIEDREICH
334.1,PARAPLEGIA SPASTICA EREDITARIA
334.2,DEGENERAZIONE CEREBELLARE PRIMARIA
334.3,ALTRE ATASSIE CEREBELLARI
334.4,ATASSIA CEREBELLARE IN MALATTIE CLASSIFICATE ALTROVE
334.8,ALTRE MALATTIE SPINOCEREBELLARI
334.9,"MALATTIE SPINOCEREBELLARI,NON SPECIFICATE"
335,MALATTIE DELLE CELLULE DELLE CORNA ANTERIORI
335.0,MALATTIA DI WERDNIG-HOFFMANN
335.1,ATROFIA MUSCOLARE SPINALE
335.10,"ATROFIA MUSCOLARE SPINALE,NON SPECIFICATA"
335.11,MALATTIA DI KUGELBERG-WELANDER
335.19,ALTRE ATROFIE MUSCOLARI SPINALI
335.2,MALATTIA DEL MOTONEURONE
335.20,SCLEROSI LATERALE AMIOTROFICA
335.21,ATROFIA MUSCOLARE PROGRESSIVA
335.22,PARALISI BULBARE PROGRESSIVA
335.23,PARALISI PSEUDOBULBARE
335.24,SCLEROSI LATERALE PRIMARIA
335.29,ALTRE MALATTIE DEL MOTONEURONE
335.8,ALTRE MALATTIE DELLE CELLULE DELLE CORNA ANTERIORI
335.9,"MALATTIE DELLE CELLULE DELLE CORNA ANTERIORI,NON SPECIFICATE"
336,ALTRE MALATTIE DEL MIDOLLO SPINALE
336.0,SIRINGOMIELIA E SIRINGOBULBIA
336.1,MIELOPATIE VASCOLARI
336.2,DEGENERAZIONE COMBINATA SUBACUTA DEL MIDOLLO SPINALE IN MALATTIE CLASSIFICATE ALTROVE
336.3,MIELOPATIA IN ALTRE MALATTIE CLASSIFICATE ALTROVE
336.8,ALTRE MIELOPATIE
336.9,MALATTIE NON SPECIFICATE DEL MIDOLLO SPINALE
337,DISTURBI DEL SISTEMA NERVOSO AUTONOMO
337.0,NEUROPATIA PERIFERICA IDIOPATICA DEL SISTEMA NERVOSO AUTONOMO
337.1,NEUROPATIA PERIFERICA DEL SISTEMA NERVOSO AUTONOMO IN DISTURBI CLASSIFICATI ALTROVE
337.2,DISFUNZIONE RIFLESSA DEL SIMPATICO
337.20,"DISFUNZIONE RIFLESSA DEL SIMPATICO,NON SPECIFICATA"
337.21,"DISFUNZIONE RIFLESSA DEL SIMPATICO,DELL'ARTO SUPERIORE"
337.22,"DISFUNZIONE RIFLESSA DEL SIMPATICO,DELL'ARTO INFERIORE"
337.29,DISFUNZIONE RIFLESSA DEL SIMPATICO DI ALTRA SEDE SPECIFICATA
337.3,DISRIFLESSIA AUTONOMICA
337.9,DISTURBO NON SPECIFICATO DEL SISTEMA NERVOSO AUTONOMO
338,DOLORE NON CLASSIFICATO ALTROVE
338.0,SINDROME DA DOLORE CENTRALE
338.1,DOLORE ACUTO
338.11,DOLORE ACUTO DA TRAUMA
338.12,DOLORE ACUTO POST-TORACOTOMIA
338.18,ALTRI DOLORI ACUTI POST-OPERATORI
338.19,ALTRI DOLORI ACUTI
338.2,DOLORE CRONICO
338.21,DOLORE CRONICO DA TRAUMA
338.22,DOLORE CRONICO POST-TORACOTOMIA
338.28,ALTRO DOLORE CRONICO POST-OPERATORIO
338.29,ALTRO DOLORE CRONICO
338.3,DOLORE CORRELATO A NEOPLASIA (ACUTO) (CRONICO)
338.4,SINDROME DA DOLORE CRONICO
340,SCLEROSI MULTIPLA
341,ALTRE MALATTIE DEMIELINIZZANTI DEL SISTEMA NERVOSO CENTRALE
341.0,NEUROMIELITE OTTICA
341.1,MALATTIA DI SCHILDER
341.2,MIELITE ACUTA (TRASVERSA)
341.20,MIELITE ACUTA (TRASVERSA) SAI
341.21,MIELITE ACUTA (TRASVERSA) IN CONDIZIONI PATOLOGICHE CLASSIFICATE  ALTROVE
341.22,MIELITE TRAVERSA IDIOPATICA
341.8,ALTRE MALATTIE DEMIELINIZZANTI DEL SISTEMA NERVOSO CENTRALE
341.9,"MALATTIA DEMIELINIZZANTE DEL SISTEMA NERVOSO CENTRALE,NON SPECIFICATA"
342,EMIPLEGIA E EMIPARESI
342.0,EMIPLEGIA FLACCIDA
342.00,EMIPLEGIA FLACCIDA ED EMIPARESI A SEDE EMISFERICA NON SPECIFICATA
342.01,EMIPLEGIA FLACCIDA ED EMIPARESI DELL'EMISFERO DOMINANTE
342.02,EMIPLEGIA FLACCIDA ED EMIPARESI DELL'EMISFERO NON DOMINANTE
342.1,EMIPLEGIA SPASTICA
342.10,EMIPLEGIA SPASTICA ED EMIPARESI A SEDE EMISFERICA NON SPECIFICATA
342.11,EMIPLEGIA SPASTICA ED EMIPARESI DELL'EMISFERO DOMINANTE
342.12,EMIPLEGIA SPASTICA ED EMIPARESI DELL'EMISFERO NON DOMINANTE
342.8,ALTRA EMIPLEGIA SPECIFICATA
342.80,ALTRA EMIPLEGIA SPECIFICATA ED EMIPARESI A SEDE EMISFERICA NON SPECIFICATA
342.81,ALTRA EMIPLEGIA SPECIFICATA ED EMIPARESI DELL'EMISFERO DOMINANTE
342.82,ALTRA EMIPLEGIA SPECIFICATA ED EMIPARESI DELL'EMISFERO NON DOMINANTE
342.9,"EMIPLEGIA, NON SPECIFICATA"
342.90,EMIPLEGIA NON SPECIFICATA ED EMIPARESI A SEDE EMISFERICA NON SPECIFICATA
342.91,EMIPLEGIA NON SPECIFICATA ED EMIPARESI DELL'EMISFERO DOMINANTE
342.92,EMIPLEGIA NON SPECIFICATA ED EMIPARESI DELL'EMISFERO NON DOMINANTE
343,PARALISI CEREBRALE INFANTILE
343.0,DIPLEGIA CONGENITA
343.1,EMIPLEGIA CONGENITA
343.2,QUADRIPLEGIA CONGENITA
343.3,MONOPLEGIA CONGENITA
343.4,EMIPLEGIA INFANTILE
343.8,ALTRE SPECIFICATE PARALISI CEREBRALI INFANTILI
343.9,"PARALISI CEREBRALE INFANTILE,NON SPECIFICATA"
344,ALTRE SINDROMI PARALITICHE
344.0,QUADRIPLEGIA E TETRAPARESI
344.00,"QUADRIPLEGIA,NON SPECIFICATA"
344.01,"QUADRIPLEGIA,C1 - C4,COMPLETA"
344.02,"QUADRIPLEGIA,C1 - C4,INCOMPLETA"
344.03,"QUADRIPLEGIA,C5 - C7,COMPLETA"
344.04,"QUADRIPLEGIA,C5 - C7,INCOMPLETA"
344.09,ALTRE QUADRIPLEGIE
344.1,PARAPLEGIA
344.2,DIPLEGIA DEGLI ARTI SUPERIORI
344.3,MONOPLEGIA DELL'ARTO INFERIORE
344.30,MONOPLEGIA DELL'ARTO INFERIORE A SEDE EMISFERICA NON SPECIFICATA
344.31,MONOPLEGIA DELL'ARTO INFERIORE DELL'EMISFERO DOMINANTE
344.32,MONOPLEGIA DELL'ARTO INFERIORE DELL'EMISFERO NON DOMINANTE
344.4,MONOPLEGIA DELL'ARTO SUPERIORE
344.40,MONOPLEGIA DELL'ARTO SUPERIORE A SEDE EMISFERICA NON SPECIFICATA
344.41,MONOPLEGIA DELL'ARTO SUPERIORE DELL'EMISFERO DOMINANTE
344.42,MONOPLEGIA DELL'ARTO SUPERIORE DELL'EMISFERO NON DOMINANTE
344.5,MONOPLEGIA NON SPECIFICATA
344.6,CAUDA EQUINA
344.60,CAUDA EQUINA SENZA VESCICA NEUROLOGICA
344.61,CAUDA EQUINA CON VESCICA NEUROLOGICA
344.8,ALTRE SINDROMI PARALITICHE SPECIFICATE
344.81,SINDROME DELL'UOMO INCATENATO
344.89,ALTRA SINDROME PARALITICA SPECIFICATA
344.9,"PARALISI,NON SPECIFICATA"
345,EPILESSIE
345.0,EPILESSIA GENERALIZZATA NON CONVULSIVA
345.00,"EPILESSIA GENERALIZZATA NON CONVULSIVA,SENZA MENZIONE DI EPILESSIA NON TRATTABILE"
345.01,"EPILESSIA GENERALIZZATA NON CONVULSIVA,CON EPILESSIA NON TRATTABILE"
345.1,EPILESSIA GENERALIZZATA CONVULSIVA
345.10,"EPILESSIA GENERALIZZATA CONVULSIVA,SENZA MENZIONE DI EPILESSIA NON TRATTABILE"
345.11,"EPILESSIA GENERALIZZATA CONVULSIVA,CON EPILESSIA NON TRATTABILE"
345.2,"STATO DI PICCOLO MALE,EPILETTICO"
345.3,"STATO DI GRANDE MALE,EPILETTICO"
345.4,"EPILESSIA PARZIALE, CON ALTERAZIONE DELLA COSCIENZA"
345.40,"EPILESSIA PARZIALE,CON MENZIONE DI ALTERAZIONE DELLA COSCIENZA,SENZA MENZIONE DI EPILESSIA NON TRATTABILE"
345.41,"EPILESSIA PARZIALE,CON MENZIONE DI ALTERAZIONE DELLA COSCIENZA,CON EPILESSIA NON TRATTABILE"
345.5,"EPILESSIA PARZIALE, SENZA MENZIONE DI ALTERAZIONE DELLA COSCIENZA"
345.50,"EPILESSIA PARZIALE,SENZA MENZIONE DI ALTERAZIONE DELLA COSCIENZA,SENZA MENZIONE DI EPILESSIA NON TRATTABILE"
345.51,"EPILESSIA PARZIALE,SENZA MENZIONE DI ALTERAZIONE DELLA COSCIENZA,CON EPILESSIA NON TRATTABILE"
345.6,SPASMI INFANTILI
345.60,"SPASMI INFANTILI,SENZA MENZIONE DI EPILESSIA NON TRATTABILE"
345.61,"SPASMI INFANTILI,CON EPILESSIA NON TRATTABILE"
345.7,EPILESSIA PARZIALE CONTINUA
345.70,"EPILESSIA PARZIALE CONTINUA,SENZA MENZIONE DI EPILESSIA NON TRATTABILE"
345.71,"EPILESSIA PARZIALE CONTINUA,CON EPILESSIA NON TRATTABILE"
345.8,ALTRE FORME DI EPILESSIA
345.80,"ALTRE FORME DI EPILESSIA,SENZA MENZIONE DI EPILESSIA NON TRATTABILE"
345.81,"ALTRE FORME DI EPILESSIA,CON EPILESSIA NON TRATTABILE"
345.9,"EPILESSIA, NON SPECIFICATA"
345.90,"EPILESSIA,NON SPECIFICATA,SENZA MENZIONE DI EPILESSIA NON TRATTABILE"
345.91,"EPILESSIA,NON SPECIFICATA,CON EPILESSIA NON TRATTABILE"
346,EMICRANIA
346.0,EMICRANIA CLASSICA
346.00,EMICRANIA CLASSICA SENZA MENZIONE DI EMICRANIA NON TRATTABILE
346.01,EMICRANIA CLASSICA CON EMICRANIA NON TRATTABILE
346.1,EMICRANIA COMUNE
346.10,EMICRANIA COMUNE SENZA MENZIONE DI EMICRANIA NON TRATTABILE
346.11,EMICRANIA COMUNE CON EMICRANIA NON TRATTABILE
346.2,VARIANTI DELL'EMICRANIA
346.20,VARIANTI DELL'EMICRANIA SENZA MENZIONE DI EMICRANIA NON TRATTABILE
346.21,VARIANTI DELL'EMICRANIA CON EMICRANIA NON TRATTABILE
346.8,ALTRE FORME DI EMICRANIA
346.80,ALTRE FORME DI EMICRANIA SENZA MENZIONE DI EMICRANIA NON TRATTABILE
346.81,ALTRE FORME DI EMICRANIA CON EMICRANIA NON TRATTABILE
346.9,EMICRANIA NON SPECIFICATA
346.90,EMICRANIA NON SPECIFICATA SENZA MENZIONE DI EMICRANIA NON TRATTABILE
346.91,EMICRANIA NON SPECIFICATA CON EMICRANIA NON TRATTABILE
347,CATAPLESSIA E NARCOLESSIA
347.0,NARCOLESSIA
347.00,NARCOLESSIA SENZA CATAPLESSIA
347.01,NARCOLESSIA CON CATAPLESSIA
347.1,NARCOLESSIA IN MANIFESTAZIONI CLASSIFICATE ALTROVE
347.10,NARCOLESSIA IN MANIFESTAZIONI CLASSIFICATE ALTROVE SENZA CATAPLESSIA
347.11,NARCOLESSIA IN MANIFESTAZIONI CLASSIFICATE ALTROVE CON CATAPLESSIA
348,ALTRE CONDIZIONI MORBOSE DELL'ENCEFALO
348.0,CISTI CEREBRALI
348.1,DANNO ENCEFALICO DA ANOSSIA
348.2,IPERTENSIONE ENDOCRANICA BENIGNA
348.3,ENCEFALOPATIA NON SPECIFICATA
348.30,ENCEFALOPATIA NON SPECIFICATA
348.31,ENCEFALOPATIA METABOLICA
348.39,ALTRE ENCEFALOPATIE
348.4,COMPRESSIONE DELL'ENCEFALO
348.5,EDEMA CEREBRALE
348.8,ALTRE MANIFESTAZIONI MORBOSE DELL'ENCEFALO
348.9,MANIFESTAZIONI MORBOSE DELL'ENCEFALO NON SPECIFICATE
349,ALTRI E NON SPECIFICATI DISTURBI DEL SISTEMA NERVOSO
349.0,REAZIONE ALLA PUNTURA LOMBARE O SPINALE
349.1,COMPLICAZIONI DEL SISTEMA NERVOSO DA DISPOSITIVI IMPIANTATI CHIRURGICAMENTE
349.2,"DISTURBI DELLE MENINGI,NON CLASSIFICATI ALTROVE"
349.8,ALTRI SPECIFICATI DISTURBI DEL SISTEMA NERVOSO
349.81,RINORREA DEL LIQUIDO CEREBROSPINALE
349.82,ENCEFALOPATIA TOSSICA
349.89,ALTRI SPECIFICATI DISTURBI DEL SISTEMA NERVOSO
349.9,DISTURBI DEL SISTEMA NERVOSO NON SPECIFICATI
350,DISTURBI DEL NERVO TRIGEMINO
350.1,NEVRALGIA DEL TRIGEMINO
350.2,DOLORE FACCIALE ATIPICO
350.8,ALTRI SPECIFICATI DISTURBI DEL NERVO TRIGEMINO
350.9,DISTURBI DEL NERVO TRIGEMINO NON SPECIFICATI
351,DISTURBI DEL NERVO FACCIALE
351.0,PARALISI DI BELL
351.1,GANGLIONITE DEL GANGLIO GENICOLATO
351.8,ALTRI DISTURBI DEL NERVO FACCIALE
351.9,DISTURBI DEL NERVO FACCIALE NON SPECIFICATI
352,DISTURBI DI ALTRI NERVI CRANICI
352.0,DISTURBI DEL NERVO OLFATTORIO (I PAIO)
352.1,NEVRALGIA DEL GLOSSOFARINGEO
352.2,ALTRI DISTURBI DEL GLOSSOFARINGEO (IX PAIO)
352.3,DISTURBI DEL NERVO PNEUMOGASTRICO (X PAIO)
352.4,DISTURBI DEL NERVO ACCESSORIO (XI PAIO)
352.5,DISTURBI DEL NERVO IPOGLOSSO (XII PAIO)
352.6,PARALISI MULTIPLA DEI NERVI CRANICI
352.9,DISTURBI DEI NERVI CRANICI NON SPECIFICATI
353,DISTURBI DELLE RADICI E DEI PLESSI NERVOSI
353.0,LESIONI DEL PLESSO BRACHIALE
353.1,LESIONI DEL PLESSO LOMBOSACRALE
353.2,LESIONI RADICOLARI CERVICALI NON CLASSIFICATE ALTROVE
353.3,LESIONI RADICOLARI TORACICHE NON CLASSIFICATE ALTROVE
353.4,LESIONI RADICOLARI LOMBOSACRALI NON CLASSIFICATE ALTROVE
353.5,AMIOTROFIA NEVRALGICA
353.6,SINDROME DELL'ARTO FANTASMA
353.8,ALTRI DISTURBI DELLE RADICI E DEI PLESSI NERVOSI
353.9,DISTURBI DELLE RADICI E DEI PLESSI NERVOSI NON SPECIFICATI
354,MONONEURITI DELL'ARTO SUPERIORE E MONONEURITI MULTIPLE
354.0,SINDROME DEL TUNNEL CARPALE
354.1,ALTRE LESIONI DEL NERVO MEDIANO
354.2,LESIONE DEL NERVO ULNARE
354.3,LESIONE DEL NERVO RADIALE
354.4,CAUSALGIA DELL'ARTO SUPERIORE
354.5,MONONEURITE MULTIPLA
354.8,ALTRE MONONEURITI DELL'ARTO SUPERIORE
354.9,MONONEURITI DELL'ARTO SUPERIORE NON SPECIFICATE
355,MONONEURITI DELL'ARTO INFERIORE E DI SEDE NON SPECIFICATA
355.0,LESIONE DEL NERVO SCIATICO
355.1,MERALGIA PARESTESICA
355.2,ALTRE LESIONI DEL NERVO FEMORALE
355.3,LESIONE DEL NERVO SCIATICOPOPLITEO ESTERNO
355.4,LESIONE DEL NERVO SCIATICOPOPLITEO INTERNO
355.5,SINDROME DEL TUNNEL TARSALE
355.6,LESIONE DEL NERVO PLANTARE
355.7,ALTRE MONONEURITI DELL'ARTO INFERIORE
355.71,CAUSALGIA DELL'ARTO INFERIORE
355.79,ALTRE MONONEURITI DELL'ARTO INFERIORE
355.8,MONONEURITI DELL'ARTO INFERIORE NON SPECIFICATE
355.9,MONONEURITE DI SEDE NON SPECIFICATA
356,NEUROPATIE PERIFERICHE EREDITARIE ED IDIOPATICHE
356.0,NEUROPATIA PERIFERICA EREDITARIA
356.1,ATROFIA MUSCOLARE PERONEALE
356.2,NEUROPATIA SENSORIALE EREDITARIA
356.3,MALATTIA DI REFSUM
356.4,POLINEUROPATIA IDIOPATICA PROGRESSIVA
356.8,ALTRE SPECIFICATE NEUROPATIE PERIFERICHE IDIOPATICHE
356.9,NEUROPATIA PERIFERICA IDIOPATICA NON SPECIFICATA
357,NEUROPATIE INFIAMMATORIE E TOSSICHE
357.0,POLINEURITE INFETTIVA ACUTA
357.1,POLINEUROPATIA IN CORSO DI COLLAGENOPATIE CON INTERESSAMENTO VASCULITICO
357.2,POLINEUROPATIA IN DIABETE
357.3,POLINEUROPATIA IN TUMORI MALIGNI
357.4,POLINEUROPATIA IN ALTRE MALATTIE CLASSIFICATE ALTROVE
357.5,POLINEUROPATIA ALCOOLICA
357.6,POLINEUROPATIA DA FARMACI
357.7,POLINEUROPATIA DA ALTRI AGENTI TOSSICI
357.8,ALTRE NEUROPATIE TOSSICHE E INFIAMMATORIE
357.81,POLINEUROPATIA DEMIELINIZZANTE INFIAMMATORIA CRONICA
357.82,POLINEUROPATIA IN MALATTIA CRITICA
357.89,ALTRE NEUROPATIE INFIAMMATORIE E TOSSICHE
357.9,NEUROPATIE TOSSICHE E INFIAMMATORIE NON SPECIFICATE
358,DISTURBI NEUROMUSCOLARI
358.0,MIASTENIA GRAVE
358.00,MIASTENIA GRAVE SENZA (ACUTA) ESACERBAZIONE
358.01,MIASTENIA GRAVE CON (ACUTA) ESACERBAZIONE
358.1,SINDROMI MIASTENICHE IN MALATTIE CLASSIFICATE ALTROVE
358.2,DISTURBI NEUROMUSCOLARI DA TOSSICI
358.8,ALTRI SPECIFICATI DISTURBI NEUROMUSCOLARI
358.9,DISTURBI NEUROMUSCOLARI NON SPECIFICATI
359,DISTROFIE MUSCOLARI E ALTRE MIOPATIE
359.0,DISTROFIA MUSCOLARE CONGENITA EREDITARIA
359.1,DISTROFIA MUSCOLARE PROGRESSIVA EREDITARIA
359.2,DISTURBI MIOTONICI
359.3,PARALISI PERIODICA FAMILIARE
359.4,MIOPATIA TOSSICA
359.5,MIOPATIA IN MALATTIE ENDOCRINE CLASSIFICATE ALTROVE
359.6,MIOPATIA INFIAMMATORIA SINTOMATICA IN MALATTIE CLASSIFICATE ALTROVE
359.8,ALTRE MIOPATIE
359.81,MIOPATIA IN MALATTIA CRITICA
359.89,ALTRE MIOPATIE
359.9,MIOPATIA NON SPECIFICATA
360,MALATTIE DEL GLOBO OCULARE
360.0,ENDOFTALMITE PURULENTA
360.00,ENDOFTALMITE PURULENTA NON SPECIFICATA
360.01,ENDOFTALMITE ACUTA
360.02,PANOFTALMITE
360.03,ENDOFTALMITE CRONICA
360.04,ASCESSO VITREALE
360.1,ALTRE ENDOFTALMITI
360.11,UVEITE SIMPATICA
360.12,PANUVEITE
360.13,ENDOFTALMITE PARASSITARIA NON ALTRIMENTI SPECIFICATA
360.14,OFTALMITE NODOSA
360.19,ALTRE ENDOFTALMITI
360.2,MALATTIE DEGENERATIVE DEL GLOBO OCULARE
360.20,MALATTIE DEGENERATIVE DEL GLOBO OCULARE NON SPECIFICATE
360.21,MIOPIA PROGRESSIVA ELEVATA (DEGENERATIVA)
360.23,SIDEROSI
360.24,ALTRE METALLOSI DEL GLOBO OCULARE
360.29,ALTRE MALATTIE DEGENERATIVE DEL GLOBO OCULARE
360.3,IPOTONIA OCULARE
360.30,IPOTONIA OCULARE NON SPECIFICATA
360.31,IPOTONIA OCULARE PRIMARIA
360.32,IPOTONIA DA FISTOLA OCULARE
360.33,IPOTONIA ASSOCIATA CON ALTRI DISTURBI OCULARI
360.34,CAMERA ANTERIORE PIATTA
360.4,ALTERAZIONI DEGENERATIVE DEL GLOBO OCULARE
360.40,"DEGENERAZIONE DEL GLOBO O DELL'OCCHIO,NON SPECIFICATA"
360.41,OCCHIO IPOTONICO CIECO
360.42,OCCHIO IPERTONICO CIECO
360.43,"EMOFTALMO,ECCETTO TRAUMA RECENTE"
360.44,LEUCOCORIA
360.5,"CORPO ESTRANEO INTRAOCULARE, MAGNETICO, RITENUTO (DI VECCHIA DATA)"
360.50,"CORPO ESTRANEO,MAGNETICO,INTRAOCULARE,NON SPECIFICATO"
360.51,"CORPO ESTRANEO,MAGNETICO,NELLA CAMERA ANTERIORE DELL'OCCHIO"
360.52,"CORPO ESTRANEO,MAGNETICO,NELL'IRIDE O NEL CORPO CILIARE"
360.53,"CORPO ESTRANEO,MAGNETICO,NEL CRISTALLINO"
360.54,"CORPO ESTRANEO,MAGNETICO,NEL CORPO VITREO"
360.55,"CORPO ESTRANEO,MAGNETICO,NELLA PARETE POSTERIORE"
360.59,"CORPO ESTRANEO INTRAOCULARE,MAGNETICO,IN ALTRA O PIY SEDI"
360.6,"CORPO ESTRANEO INTRAOCULARE, NON MAGNETICO, RITENUTO (DI VECCHIA DATA)"
360.60,"CORPO ESTRANEO,INTRAOCULARE,NON SPECIFICATO"
360.61,CORPO ESTRANEO NELLA CAMERA ANTERIORE
360.62,CORPO ESTRANEO NELL'IRIDE O NEL CORPO CILIARE
360.63,CORPO ESTRANEO NEL CRISTALLINO
360.64,CORPO ESTRANEO NEL CORPO VITREO
360.65,CORPO ESTRANEO NELLA PARETE POSTERIORE DELL'OCCHIO
360.69,CORPO ESTRANEO INTRAOCULARE IN ALTRA O PIY SEDI
360.8,ALTRE MALATTIE DEL GLOBO OCULARE
360.81,LUSSAZIONE DEL GLOBO OCULARE
360.89,ALTRI DISTURBI DEL GLOBO OCULARE
360.9,MALATTIE DEL GLOBO OCULARE NON SPECIFICATI
361,DISTACCO E ROTTURE DELLA RETINA
361.0,DISTACCO DI RETINA CON ROTTURA RETINICA
361.00,"DISTACCO DELLA RETINA CON ROTTURA RETINICA,NON SPECIFICATO"
361.01,"RECENTE DISTACCO DELLA RETINA,PARZIALE,CON ROTTURA SINGOLA"
361.02,"RECENTE DISTACCO DELLA RETINA,PARZIALE,CON ROTTURE MULTIPLE"
361.03,"DISTACCO RECENTE PARZIALE DELLA RETINA,CON ROTTURA GIGANTE"
361.04,"DISTACCO RECENTE PARZIALE DELLA RETINA,CON DIALISI RETINICA"
361.05,"DISTACCO RECENTE DELLA RETINA,TOTALE O SUBTOTALE"
361.06,"VECCHIO DISTACCO DELLA RETINA,PARZIALE"
361.07,"DISTACCO INVETERATO DELLA RETINA,TOTALE O SUBTOTALE"
361.1,RETINOSCHISI E CISTI DELLA RETINA
361.10,"RETINOSCHISI,NON SPECIFICATA"
361.11,RETINOSCHISI PIANA
361.12,RETINOSCHISI BOLLOSA
361.13,CISTI RETINICHE PRIMARIE
361.14,CISTI RETINICHE SECONDARIE
361.19,ALTRE RETINOSCHISI E CISTI RETINICHE
361.2,DISTACCO SIEROSO DELLA RETINA
361.3,ROTTURE RETINICHE SENZA DISTACCO
361.30,"ROTTURA RETINICA,NON SPECIFICATA"
361.31,FORO ROTONDO RETINICO SENZA DISTACCO
361.32,LACERAZIONE RETINICA A PIEDE DI CAVALLO SENZA DISTACCO
361.33,ROTTURE MULTIPLE DELLA RETINA SENZA DISTACCO
361.8,ALTRE FORME DI DISTACCO RETINICO
361.81,DISTACCO RETINICO DA TRAZIONE
361.89,ALTRE FORME DI DISTACCO DELLA RETINA
361.9,DISTACCO RETINICO NON SPECIFICATO
362,ALTRE MALATTIE DELLA RETINA
362.0,RETINOPATIA DIABETICA
362.01,RETINOPATIA DIABETICA SEMPLICE
362.02,RETINOPATIA DIABETICA PROLIFERATIVA
362.03,RETINOPATIA DIABETICA NON PROLIFERATIVA SAI
362.04,RETINOPATIA DIABETICA NON PROLIFERATIVA LIEVE
362.05,RETINOPATIA DIABETICA NON PROLIFERATIVA MODERATA
362.06,RETINOPATIA DIABETICA NON PROLIFERATIVA SEVERA
362.07,EDEMA MACULARE DIABETICO
362.1,ALTRE RETINOPATIE SEMPLICI E ALTERAZIONI VASCOLARI DELLA RETINA
362.10,RETINOPATIA SEMPLICE NON SPECIFICATA
362.11,RETINOPATIA IPERTENSIVA
362.12,RETINOPATIA ESSUDATIVA
362.13,MODIFICAZIONI DELLA CONFORMAZIONE VASCOLARE DELLA RETINA
362.14,MICROANEURISMI RETINICI NON ALTRIMENTI SPECIFICATI
362.15,TELEANGECTASIA RETINICA
362.16,NEOVASCOLARIZZAZIONE DELLA RETINA NON ALTRIMENTI SPECIFICATA
362.17,ALTRE ANOMALIE MICROVASCOLARI INTRARETINICHE
362.18,VASCULITE RETINICA
362.2,ALTRA RETINOPATIA PROLIFERATIVA
362.21,FIBROPLASIA RETROLENTICOLARE
362.29,ALTRA RETINOPATIA PROLIFERATIVA NON DIABETICA
362.3,OCCLUSIONE VASCOLARE DELLA RETINA
362.30,"OCCLUSIONE VASCOLARE DELLA RETINA,NON SPECIFICATA"
362.31,OCCLUSIONE DELL'ARTERIA CENTRALE DELLA RETINA
362.32,OCCLUSIONE ARTERIOSA DI BRANCA
362.33,OCCLUSIONE ARTERIOSA PARZIALE DELLA RETINA
362.34,OCCLUSIONE TRANSITORIA DELL'ARTERIA DELLA RETINA
362.35,OCCLUSIONE DELLA VENA CENTRALE DELLA RETINA
362.36,OCCLUSIONE VENOSA TRIBUTARIA (DI BRANCA)DELLA RETINA
362.37,INGORGO VENOSO DELLA RETINA
362.4,SEPARAZIONE DEGLI STRATI DELLA RETINA
362.40,"SEPARAZIONE DEGLI STRATI DELLA RETINA,NON SPECIFICATA"
362.41,RETINOPATIA SIEROSA CENTRALE
362.42,DISTACCO SIEROSO DELL'EPITELIO PIGMENTATO DELLA RETINA
362.43,DISTACCO EMORRAGICO DELL'EPITELIO PIGMENTATO DELLA RETINA
362.5,DEGENERAZIONE DELLA MACULA E DEL POLO POSTERIORE DELLA RETINA
362.50,"DEGENERAZIONE MACULARE (SENILE) DELLA RETINA,NON SPECIFICATA"
362.51,DEGENERAZIONE MACULARE SENILE DELLA RETINA NON ESSUDATIVA
362.52,DEGENERAZIONE MACULARE SENILE ESSUDATIVA DELLA RETINA
362.53,DEGENERAZIONE MACULARE CISTOIDE DELLA RETINA
362.54,"CISTI MACULARE,FORO O PSEUDOFORO"
362.55,MACULOPATIA TOSSICA DELLA RETINA
362.56,RAGGRINZIMENTO (PUCKER) MACULARE
362.57,DRUSE (DEGENARITIVE)
362.6,DEGENERAZIONI RETINICHE PERIFERICHE
362.60,"DEGENERAZIONE PERIFERICA DELLA RETINA,NON SPECIFICATA"
362.61,DEGENERAZIONE DELLA RETINA AD ACCIOTTOLATO
362.62,DEGENERAZIONE MICROCISTICA DELLA RETINA
362.63,DEGENERAZIONE DELLA RETINA A GRATICCIATA
362.64,DEGENERAZIONE RETICOLARE SENILE DELLA RETINA
362.65,DEGENERAZIONE PIGMENTARIA SECONDARIA DELLA RETINA
362.66,DEGENERAZIONI SECONDARIE VITREORETINICHE
362.7,DISTROFIE RETINICHE EREDITARIE
362.70,"DISTROFIA RETINICA EREDITARIA,NON SPECIFICATA"
362.71,DISTROFIA RETINICA NELLE LIPIDOSI SISTEMICHE O CEREBRORETINICHE
362.72,DISTROFIA RETINICA IN ALTRE AFFEZIONI E SINDROMI SISTEMICHE
362.73,DISTROFIE VITREORETINICHE
362.74,DISTROFIA RETINICA PIGMENTARIA
362.75,ALTRE DISTROFIE PRIMITIVE DELLA RETINA SENSORIALE
362.76,DISTROFIE PRIMITIVE DELL'EPITELIO PIGMENTALE RETINICO
362.77,DISTROFIE PRIMITIVE DELLA MEMBRANA DI BRUCH
362.8,ALTRE AFFEZIONI RETINICHE
362.81,EMORRAGIA RETINICA
362.82,ESSUDATI E DEPOSITI RETINICI
362.83,EDEMA RETINICO
362.84,ISCHEMIA RETINICA
362.85,DIFETTI FASCICOLARI DI FIBRE NERVOSE RETINICHE
362.89,ALTRE AFFEZIONI DELLA RETINA
362.9,AFFEZIONI NON SPECIFICATE DELLA RETINA
363,"INFIAMMAZIONI CORIORETINICHE, CICATRICI E ALTRE AFFEZIONI DELLA COROIDE"
363.0,CORIORETINITE FOCALE E RETINOCOROIDITE FOCALE
363.00,CORIORETINITE FOCALE NON SPECIFICATA
363.01,"COROIDITE E CORIORETINITE FOCALE,IUXTAPAPILLARE"
363.03,COROIDITE E CORIORETINITE FOCALE DI ALTRO POLO POSTERIORE
363.04,"COROIDITE E CORIORETINITE FOCALE,PERIFERICA"
363.05,"RETINITE E RETINOCOROIDITE FOCALE,IUXTAPAPILLARI"
363.06,"RETINITI E RETINOCOROIDITI FOCALE,MACULARE O PARAMACULARE"
363.07,RETINITE E RETINOCOROIDITE FOCALE DEL POLO POSTERIORE
363.08,"RETINITI E RETINOCOROIDITI FOCALE,PERIFERICA"
363.1,CORIORETINITE E RETINOCOROIDITE DISSEMINATA
363.10,"CORIORETINITE DISSEMINATA,NON SPECIFICATA"
363.11,COROIDITE DISSEMINATA E CORIORETINITE DEL POLO POSTERIORE
363.12,COROIDITE DISSEMINATA E CORIORETINITE PERIFERICA
363.13,COROIDITE DISSEMINATA E CORIORETINITE GENERALIZZATA
363.14,"RETINITI DISSEMINATE E RETINOCOROIDITI,METASTATICHE"
363.15,"RETINITE E RETINOCOROIDITE DISSEMINATA,EPITELIOPATIA PIGMENTARIA"
363.2,ALTRE E NON SPECIFICATE FORME DI CORIORETINITI E RETINOCOROIDITI
363.20,"CORIORETINITE,NON SPECIFICATA"
363.21,INFIAMMAZIONE DELL'ORBICOLO CILIARE
363.22,MALATTIA DI HARADA
363.3,CICATRICI CORIORETINICHE
363.30,"CICATRICE CORIORETINICA,NON SPECIFICATA"
363.31,RETINOPATIA SOLARE
363.32,ALTRE CICATRICI MACULARI DELLA RETINA
363.33,ALTRE CICATRICI DEL POLO POSTERIORE DELLA RETINA
363.34,CICATRICI PERIFERICHE DELLA RETINA
363.35,CICATRICI DISSEMINATE DELLA RETINA
363.4,DEGENERAZIONE COROIDEALI
363.40,DEGENERAZIONE COROIDEALE NON SPECIFICATA
363.41,ATROFIA SENILE DELLA COROIDE
363.42,ATROFIA SECONDARIA DIFFUSA DELLA COROIDE
363.43,STRIE ANGIODI DELLA COROIDE
363.5,DISTROFIE EREDITARIE DELLA COROIDE
363.50,"DISTROFIA O ATROFIA EREDITARIA DELLA COROIDE,NON SPECIFICATA"
363.51,"DISTROFIA CIRCUMPAPILLARE DELLA COROIDE,PARZIALE"
363.52,"DISTROFIA CIRCUMPAPILLARE DELLA COROIDE,TOTALE"
363.53,"DISTROFIA CENTRALE DELLA COROIDE,PARZIALE"
363.54,"ATROFIA CENTRALE DELLA COROIDE,TOTALE"
363.55,COROIDEREMIA
363.56,"ALTRA DISTROFIA DELLA COROIDE DIFFUSA O GENERALIZZATA,PARZIALE"
363.57,"ALTRA DISTROFIA DELLA COROIDE DIFFUSA O GENERALIZZATA,TOTALE"
363.6,EMORRAGIA E ROTTURA DELLA COROIDE
363.61,"EMORRAGIA DELLA COROIDE,NON SPECIFICATA"
363.62,EMORRAGIA ESPULSIVA DELLA COROIDE
363.63,ROTTURA DI COROIDE
363.7,DISTACCO DI COROIDE
363.70,"DISTACCO DI COROIDE,NON SPECIFICATO"
363.71,DISTACCO SIEROSO DELLA COROIDE
363.72,DISTACCO DI COROIDE EMORRAGICO
363.8,ALTRE AFFEZIONI DELLA COROIDE
363.9,AFFEZIONI DELLA COROIDE NON SPECIFICATE
364,AFFEZIONI DELL'IRIDE E DEL CORPO CILIARE
364.0,IRIDOCICLITE ACUTA E SUBACUTA
364.00,"IRIDOCICLITE ACUTA E SUBACUTA,NON SPECIFICATA"
364.01,IRIDOCICLITE PRIMARIA
364.02,IRIDOCICLITE RICORRENTE
364.03,"IRIDOCICLITE SECONDARIA,INFETTIVA"
364.04,"IRIDOCICLITE SECONDARIA,NON INFETTIVA"
364.05,IPOPION
364.1,IRIDOCICLITE CRONICA
364.10,"IRIDOCICLITE CRONICA,NON SPECIFICATA"
364.11,IRIDOCICLITE CRONICA IN MALATTIE CLASSIFICATE ALTROVE
364.2,PARTICOLARI TIPI DI IRIDOCICLITE
364.21,CICLITE ETEROCROMICA DI FUCHS
364.22,CRISI GLAUCOMATOCICLITICA
364.23,IRIDOCICLITE INDOTTA DAL CRISTALLINO
364.24,SINDROME DI VOGT-KOYANAGI
364.3,IRIDOCICLITE NON SPECIFICATA
364.4,MALATTIE VASCOLARI DELL'IRIDE E DEL CORPO CILIARE
364.41,IFEMA
364.42,RUBEOSI IRIDEA
364.5,DEGENERAZIONI DELL'IRIDE E DEL CORPO CILIARE
364.51,ATROFIA ESSENZIALE O PROGRESSIVA DELL'IRIDE
364.52,IRIDOSCHISI
364.53,DEGENERAZIONE PIGMENTARIA DELL'IRIDE
364.54,DEGENERAZIONE DELL'ORLETTO PUPILLARE
364.55,CISTI DA MIOTICI DELL'ORLETTO PUPILLARE
364.56,MODIFICAZIONI DEGENERATIVE DELL'ANGOLO CAMERULARE
364.57,ALTERAZIONI DEGENERATIVE DEL CORPO CILIARE
364.59,ALTRA ATROFIA DELL'IRIDE
364.6,"CISTI DELL'IRIDE, DEL CORPO CILIARE, DELLA CAMERA ANTERIORE"
364.60,CISTI IDIOPATICHE DELL'IRIDE E DEL CORPO CILIARE
364.61,CISTI ANNIDATE DELL'IRIDE E DEL CORPO CILIARE
364.62,CISTI ESSUDATIVE DELL'IRIDE E DELLA CAMERA ANTERIORE
364.63,CISTE PRIMARIA DELLA PARS PLANA
364.64,CISTE ESSUDATIVA DELLA PARS PLANA
364.7,ADERENZE E ROTTURE DELL'IRIDE E DEL CORPO CILIARE
364.70,"ADERENZE DELL'IRIDE,NON SPECIFICATE"
364.71,SINECHIE POSTERIORI DELL'IRIDE
364.72,SINECHIE ANTERIORI DELL'IRIDE
364.73,GONIOSINECHIE
364.74,ADERENZE E LACERAZIONI DELLE MEMBRANE PUPILLARI
364.75,ANOMALIE PUPILLARI
364.76,IRIDODIALISI
364.77,RECESSIONE DELL'ANGOLO IRIDOCORNEALE
364.8,ALTRE ALTERAZIONI DELL'IRIDE E DEL CORPO CILIARE
364.9,ALTERAZIONE NON SPECIFICATA DELL'IRIDE E DEL CORPO CILIARE
365,GLAUCOMA
365.0,GLAUCOMA BORDERLINE (GLAUCOMA SOSPETTO)
365.00,"PREGLAUCOMA,NON SPECIFICATO"
365.01,GLAUCOMA AD ANGOLO APERTO CON PARAMETRI BORDERLINE
365.02,GLAUCOMA AD ANGOLO ANATOMICO STRETTO
365.03,GLAUCOMA RISPONDENTE AL CORTISONE
365.04,IPERTENSIONE OCULARE
365.1,GLAUCOMA AD ANGOLO APERTO
365.10,"GLAUCOMA AD ANGOLO APERTO,NON SPECIFICATO"
365.11,GLAUCOMA PRIMARIO AD ANGOLO APERTO
365.12,GLAUCOMA A BASSA PRESSIONE
365.13,GLAUCOMA PIGMENTARIO
365.14,GLAUCOMA DELL'INFANZIA
365.15,STADIO TERMINALE DEL GLAUCOMA AD ANGOLO APERTO
365.2,GLAUCOMA PRIMARIO AD ANGOLO CHIUSO
365.20,"GLAUCOMA PRIMARIO AD ANGOLO CHIUSO,NON SPECIFICATO"
365.21,GLAUCOMA AD INTERMITTENTE CHIUSURA D'ANGOLO
365.22,GLAUCOMA ACUTO AD ANGOLO CHIUSO
365.23,GLAUCOMA CRONICO AD ANGOLO CHIUSO
365.24,STADIO TERMINALE DEL GLAUCOMA AD ANGOLO CHIUSO
365.3,GLAUCOMA DA CORTICOSTEROIDI
365.31,"GLAUCOMA DA CORTICOSTEROIDI,STADIO GLAUCOMATOSO"
365.32,"GLAUCOMA DA CORTICOSTEROIDI,STADIO RESIDUO"
365.4,"GLAUCOMA ASSOCIATO AD ANOMALIE CONGENITE, DISTROFIE E SINDROMI SISTEMICHE"
365.41,GLAUCOMA ASSOCIATO AD ANOMALIE DELLA CAMERA ANTERIORE
365.42,GLAUCOMA ASSOCIATO AD ANOMALIE DELL'IRIDE
365.43,GLAUCOMA ASSOCIATO AD ALTRE ANOMALIE DEL SEGMENTO ANTERIORE
365.44,GLAUCOMA ASSOCIATO A SINDROMI SISTEMICHE
365.5,GLAUCOMA ASSOCIATO AD ALTERAZIONI DEL CRISTALLINO
365.51,GLAUCOMA FACOLITICO
365.52,GLAUCOMA PSEUDOESFOLIATIVO
365.59,GLAUCOMA ASSOCIATO AD ALTRE ALTERAZIONI DEL CRISTALLINO
365.6,GLAUCOMA ASSOCIATO AD ALTRE AFFEZIONI OCULARI
365.60,GLAUCOMA ASSOCIATO AD AFFEZIONE OCULARE NON SPECIFICATA
365.61,GLAUCOMA ASSOCIATO A BLOCCO PUPILLARE
365.62,GLAUCOMA ASSOCIATO AD INFIAMMAZIONI OCULARI
365.63,GLAUCOMA ASSOCIATO AD AFFEZIONI VASCOLARI
365.64,GLAUCOMA ASSOCIATO A TUMORI O CISTI
365.65,GLAUCOMA ASSOCIATO A TRAUMI OCULARI
365.8,ALTRE FORME SPECIFICATE DI GLAUCOMA
365.81,GLAUCOMA IPERSECRETIVO
365.82,GLAUCOMA DA AUMENTO DELLA PRESSIONE VENOSA EPISCLERALE
365.83,MISDIREZIONE DELL'ACQUEO
365.89,ALTRI GLAUCOMI SPECIFICATI
365.9,GLAUCOMA NON SPECIFICATO
366,CATARATTA
366.0,"CATARATTA INFANTILE, GIOVANILE E PRESENILE"
366.00,"CATARATTA NON SENILE,NON SPECIFICATA"
366.01,CATARATTA SOTTOCAPSULARE POLARE ANTERIORE
366.02,CATARATTA SOTTOCAPSULARE POLARE POSTERIORE
366.03,"CATARATTA CORTICALE,LAMELLARE O ZONULARE"
366.04,CATARATTA NUCLEARE
366.09,ALTRE FORME COMBINATE DI CATARATTA NON SENILE
366.1,CATARATTA SENILE
366.10,"CATARATTA SENILE,NON SPECIFICATA"
366.11,PSEUDOESFOLIAZIONE DELLA CAPSULA DEL CRISTALLINO
366.12,CATARATTA SENILE INCIPIENTE
366.13,CATARATTA SENILE SOTTOCAPSULARE POLARE ANTERIORE
366.14,CATARATTA SENILE SOTTOCAPSULARE POLARE POSTERIORE
366.15,CATARATTA CORTICALE SENILE
366.16,SCLEROSI NUCLEARE
366.17,CATARATTA TOTALE O MATURA
366.18,CATARATTA IPERMATURA
366.19,ALTRE FORME COMBINATE DI CATARATTA SENILE
366.2,CATARATTA TRAUMATICA
366.20,"CATARATTA TRAUMATICA,NON SPECIFICATA"
366.21,OPACIT@ TRAUMATICHE LOCALIZZATE
366.22,CATARATTA TRAUMATICA TOTALE
366.23,CATARATTA TRAUMATICA PARZIALMENTE RISOLTA
366.3,CATARATTA ASSOCIATA A DISTURBI OCULARI
366.30,"CATARATTA COMPLICATA,NON SPECIFICATA"
366.31,FLECK GLAUCOMATOSO SOTTOCAPSULARE
366.32,CATARATTA NELLE AFFEZIONI INFIAMMATORIE OCULARI
366.33,CATARATTA CON NEOVASCOLARIZZAZIONE OCULARE
366.34,CATARATTA NELLE AFFEZIONI OCULARI DEGENERATIVE
366.4,CATARATTA ASSOCIATA AD ALTRE MALATTIE
366.41,CATARATTA DIABETICA
366.42,CATARATTA TETANICA
366.43,CATARATTA MIOTONICA
366.44,CATARATTA ASSOCIATA AD ALTRE SINDROMI
366.45,CATARATTA TOSSICA
366.46,CATARATTA ASSOCIATA A RADIAZIONI E AD ALTRI AGENTI FISICI
366.5,POSTUMI DI CATARATTA
366.50,"POSTUMI DI CATARATTA,NON SPECIFICATI"
366.51,ANELLO DI SOEMMERING
366.52,"ALTRI POSTUMI DI CATARATTA,NON DISTURBANTI LA VISTA"
366.53,"POSTUMI DI CATARATTA,DISTURBANTI LA VISTA"
366.8,ALTRE CATARATTE
366.9,CATARATTA NON SPECIFICATA
367,VIZI DI RIFRAZIONE E DISTURBI DELL'ACCOMODAZIONE
367.0,IPERMETROPIA
367.1,MIOPIA
367.2,ASTIGMATISMO
367.20,"ASTIGMATISMO,NON SPECIFICATO"
367.21,ASTIGMATISMO REGOLARE
367.22,ASTIGMATISMO IRREGOLARE
367.3,ANISOMETROPIA E ANISOICONIA
367.31,ANISOMETROPIA
367.32,ANISEICONIA
367.4,PRESBIOPIA
367.5,DISTURBI DELL'ACCOMODAZIONE
367.51,PARESI DELL'ACCOMODAZIONE
367.52,OFTALMOPLEGIA INTERNA TOTALE O COMPLETA
367.53,SPASMO DELL'ACCOMODAZIONE
367.8,ALTRI DIFETTI DI RIFRAZIONE E DI ACCOMODAZIONE
367.81,ALTERAZIONE TRANSITORIA DELLA RIFRAZIONE
367.89,ALTRI DISTURBI DI RIFRAZIONE E DI ACCOMODAZIONE
367.9,DISTURBI DI RIFRAZIONE E DI ACCOMODAZIONE NON SPECIFICATI
368,DISTURBI VISIVI
368.0,AMBLIOPIA DA ANOPSIA
368.00,"AMBLIOPIA,NON SPECIFICATA"
368.01,AMBLIOPIA STRABICA
368.02,AMBLIOPIA DA DEPRIVAZIONE
368.03,AMBLIOPIA RIFRATTIVA
368.1,DISTURBI VISIVI SOGGETTIVI
368.10,"DISTURBI VISIVI SOGGETTIVI,NON SPECIFICATI"
368.11,PERDITA VISIVA IMPROVVISA
368.12,PERDITA VISIVA TRANSITORIA
368.13,DISAGIO VISIVO
368.14,DISTORSIONE VISIVA DI FORMA E GRANDEZZA
368.15,ALTRE DEFORMAZIONI VISIVE E FENOMENI ENDOTTICI
368.16,DISTURBI VISIVI PSICOFISICI
368.2,DIPLOPIA
368.3,ALTRI DISTURBI DELLA VISIONE BINOCULARE
368.30,"DISTURBI DELLA VISIONE BINOCULARE,NON SPECIFICATI"
368.31,SOPPRESSIONE DELLA VISIONE BINOCULARE
368.32,PERCEZIONE VISIVA SIMULTANEA SENZA FUSIONE
368.33,FUSIONE CON STEREOPSI DIFETTOSA
368.34,CORRISPONDENZA RETINICA ANOMALA
368.4,DIFETTI DEL CAMPO VISIVO
368.40,"DIFETTI DEL CAMPO VISIVO,NON SPECIFICATI"
368.41,SCOTOMA INTERESSANTE L'AREA CENTRALE
368.42,SCOTOMA NELL'AREA DELLA MACCHIA CIECA
368.43,DIFETTI VISIVI A SETTORE O ARCUATI
368.44,ALTRI DIFETTI LOCALIZZATI DEL CAMPO VISIVO
368.45,CONTRAZIONI O RESTRINGIMENTI GENERALIZZATI DEL CAMPO VISIVO
368.46,DIFETTI DEL CAMPO VISIVO OMONIMI BILATERALI
368.47,DIFETTI DEL CAMPO VISIVO ETERONIMI BILATERALI
368.5,DISTURBI DELLA VISIONE DEI COLORI
368.51,DIFETTO PROTAN
368.52,DIFETTO DEUTAN
368.53,DIFETTO TRITAN
368.54,ACROMATOPSIA
368.55,DISTURBI ACQUISITI DELLA VISIONE DEI COLORI
368.59,ALTRI DISTURBI DELLA VISIONE DEI COLORI
368.6,CECIT@ NOTTURNA
368.60,"CECIT@ NOTTURNA,NON SPECIFICATA"
368.61,CECIT@ NOTTURNA CONGENITA
368.62,CECIT@ NOTTURNA ACQUISITA
368.63,CURVA ANORMALE DI ADATTAMENTO ALL'OSCURIT@
368.69,ALTRE FORME DI CECIT@ NOTTURNA
368.8,ALTRI DISTURBI VISIVI SPECIFICATI
368.9,DISTURBI VISIVI NON SPECIFICATI
369,CECIT@ E IPOVISIONE
369.0,DANNO PROFONDO DELLA VISIONE IN ENTRAMBI GLI OCCHI
369.00,"CECIT@ DI ENTRAMBI GLI OCCHI,LIVELLO DI DANNO NON ULTERIORMENTE SPECIFICATO"
369.01,OCCHIO MIGLIORE: DANNO TOTALE OCCHIO PEGGIORE: DANNO TOTALE
369.02,OCCHIO MIGLIORE: DANNO QUASI TOTALE OCCHIO PEGGIORE: NON ULTERIORMENTE SPECIFICATO
369.03,OCCHIO MIGLIORE: DANNO QUASI TOTALE OCCHIO PEGGIORE: DANNO TOTALE
369.04,OCCHIO MIGLIORE: DANNO QUASI TOTALE OCCHIO PEGGIORE: DANNO QUASI TOTALE
369.05,OCCHIO MIGLIORE: DANNO PROFONDO OCCHIO PEGGIORE: DANNO NON ULTERIORMENTE SPECIFICATO
369.06,OCCHIO MIGLIORE: DANNO PROFONDO OCCHIO PEGGIORE: DANNO TOTALE
369.07,OCCHIO MIGLIORE: DANNO PROFONDO OCCHIO PEGGIORE: DANNO QUASI TOTALE
369.08,OCCHIO MIGLIORE: DANNO PROFONDO OCCHIO PEGGIORE: DANNO PROFONDO
369.1,"DANNO MODERATO O GRAVE NELL'OCCHIO MIGLIORE, DANNO PROFONDO NELL'OCCHIO PEGGIORE"
369.10,"DANNO MODERATO O GRAVE NELL'OCCHIO MIGLIORE,DANNO PROFONDO NELL'OCCHIO PEGGIORE,LIVELLO DI DANNO NON ULTERIORMENTE SPECIFICATO"
369.11,OCCHIO MIGLIORE: DANNO GRAVE OCCHIO PEGGIORE: CECIT@ NON ULTERIORMENTE SPECIFICATA
369.12,OCCHIO MIGLIORE: DANNO GRAVE OCCHIO PEGGIORE: DANNO TOTALE
369.13,OCCHIO MIGLIORE: DANNO GRAVE OCCHIO PEGGIORE: DANNO QUASI TOTALE
369.14,OCCHIO MIGLIORE: DANNO GRAVE OCCHIO PEGGIORE: DANNO PROFONDO
369.15,OCCHIO MIGLIORE: DANNO MODERATO OCCHIO PEGGIORE: CECIT@ NON ULTERIORMENTE SPECIFICATA
369.16,OCCHIO MIGLIORE: DANNO MODERATO OCCHIO PEGGIORE: DANNO TOTALE
369.17,OCCHIO MIGLIORE: DANNO MODERATO OCCHIO PEGGIORE: DANNO QUASI TOTALE
369.18,OCCHIO MIGLIORE: DANNO MODERATO OCCHIO PEGGIORE: DANNO PROFONDO
369.2,DANNO MODERATO O GRAVE DELLA VISIONE IN ENTRAMBI GLI OCCHI
369.20,DANNO MODERATO O GRAVE DELLA VISIONE IN ENTRAMBI GLI OCCHI NON ALTRIMENTI SPECIFICATO
369.21,OCCHIO MIGLIORE: DANNO GRAVE OCCHIO PEGGIORE: DANNO NON ULTERIORMENTE SPECIFICATO
369.22,OCCHIO MIGLIORE: DANNO GRAVE OCCHIO PEGGIORE: DANNO GRAVE
369.23,OCCHIO MIGLIORE: DANNO MODERATO OCCHIO PEGGIORE: DANNO NON ULTERIORMENTE SPECIFICATO
369.24,OCCHIO MIGLIORE: DANNO MODERATO OCCHIO PEGGIORE: DANNO GRAVE
369.25,OCCHIO MIGLIORE: DANNO MODERATO OCCHIO PEGGIORE: DANNO MODERATO
369.3,PERDITA VISIVA NON QUALIFICATA IN ENTRAMBI GLI OCCHI
369.4,CECIT@ LEGALE COME DEFINITA NEGLI USA
369.6,DANNO PROFONDO IN UN OCCHIO
369.60,"CECIT@ AD UN OCCHIO,NON ALTRIMENTI SPECIFICATO"
369.61,CECIT@ IN UN OCCHIO: COMPROMISSIONE TOTALE DELLA VISIONE L'ALTRO OCCHIO: NON SPECIFICATO
369.62,UN OCCHIO: DANNO TOTALE L'ALTRO OCCHIO: VISIONE QUASI NORMALE
369.63,UN OCCHIO: DANNO TOTALE DELLA VISIONE L'ALTRO OCCHIO: VISIONE NORMALE
369.64,UN OCCHIO: DANNO QUASI TOTALE L'ALTRO OCCHIO: VISIONE NON SPECIFICATA
369.65,UN OCCHIO: DANNO QUASI TOTALE L'ALTRO OCCHIO: VISIONE QUASI NORMALE
369.66,UN OCCHIO: DANNO QUASI TOTALE L'ALTRO OCCHIO: VISIONE NORMALE
369.67,UN OCCHIO: DANNO PROFONDO L'ALTRO OCCHIO: VISIONE NON SPECIFICATA
369.68,UN OCCHIO: DANNO PROFONDO L'ALTRO OCCHIO: VISIONE QUASI NORMALE
369.69,UN OCCHIO: DANNO PROFONDO L'ALTRO OCCHIO: VISIONE NORMALE
369.7,DANNO MODERATO O GRAVE IN UN OCCHIO
369.70,"DANNO MODERATO O GRAVE IN UN OCCHIO,NON ALTRIMENTI SPECIFICATO"
369.71,UN OCCHIO: DANNO GRAVE L'ALTRO OCCHIO: VISIONE NON SPECIFICATA
369.72,UN OCCHIO: DANNO GRAVE L'ALTRO OCCHIO: VISIONE QUASI NORMALE
369.73,UN OCCHIO: DANNO GRAVE L'ALTRO OCCHIO: VISIONE NORMALE
369.74,UN OCCHIO: COMPROMISSIONE MODERATA DELLA VISIONE L'ALTRO OCCHIO: VISIONE NON SPECIFICATA
369.75,UN OCCHIO: DANNO MODERATO L'ALTRO OCCHIO: VISIONE QUASI NORMALE
369.76,UN OCCHIO: DANNO MODERATO L'ALTRO OCCHIO: VISIONE NORMALE
369.8,PERDITA VISIVA NON QUALIFICATA IN UN OCCHIO
369.9,PERDITA DELLA VISTA NON SPECIFICATA
370,CHERATITE
370.0,ULCERA CORNEALE
370.00,"ULCERA CORNEALE,NON SPECIFICATA"
370.01,ULCERA MARGINALE DELLA CORNEA
370.02,ULCERA ANULARE DELLA CORNEALE
370.03,ULCERA CORNEALE CENTRALE
370.04,ULCERA CON IPOPION
370.05,ULCERA CORNEALE MICOTICA
370.06,ULCERA CORNEALE PERFORATA
370.07,ULCERA DI MOOREN
370.2,CHERATITE SUPERFICIALE SENZA CONGIUNTIVITE
370.20,"CHERATITE SUPERFICIALE,NON SPECIFICATA"
370.21,CHERATITE PUNTATA
370.22,CHERATITE MACULARE
370.23,CHERATITE FILAMENTOSA
370.24,FOTOCHERATITE
370.3,ALCUNI TIPI DI CHERATOCONGIUNTIVITE
370.31,CHERATOCONGIUNTIVITE FLITTENULARE
370.32,INTERESSAMENTO LIMBARE E CORNEALE NELLA CONGIUNTIVITE PRIMAVERILE
370.33,"CHERATOCONGIUNTIVITE SECCA,NON SPECIFICATA COME SJOGREN"
370.34,CHERATOCONGIUNTIVITE DA ESPOSIZIONE
370.35,CHERATOCONGIUNTIVITE NEUROTROFICA
370.4,ALTRE E NON SPECIFICATE CHERATOCONGIUNTIVITI
370.40,"CHERATOCONGIUNTIVITE,NON SPECIFICATA"
370.44,CHERATITE O CHERATOCONGIUNTIVITE IN MALATTIE ESANTEMATICHE
370.49,ALTRE CHERATOCONGIUNTIVITI
370.5,CHERATITE INTERSTIZIALE E PROFONDA
370.50,"CHERATITE INTERSTIZIALE,NON SPECIFICATA"
370.52,CHERATITE INTERSTIZIALE DIFFUSA
370.54,CHERATITE SCLEROSANTE
370.55,ASCESSO CORNEALE
370.59,ALTRE CHERATITI INTERSTIZIALI E PROFONDE
370.6,NEOVASCOLARIZZAZIONE CORNEALE
370.60,"NEOVASCOLARIZZAZIONE CORNEALE,NON SPECIFICATA"
370.61,VASCOLARIZZAZIONE LOCALIZZATA DELLA CORNEA
370.62,PANNO (CORNEALE)
370.63,VASCOLARIZZAZIONE PROFONDA DELLA CORNEA
370.64,VASI FANTASMA (CORNEALI)
370.8,ALTRE FORME DI CHERATITE
370.9,CHERATITE NON SPECIFICATA
371,OPACIT@ CORNEALI E ALTRE ALTERAZIONI DELLA CORNEA
371.0,CICATRICI ED OPACIT@ DELLA CORNEA
371.00,"OPACIT@ CORNEALE,NON SPECIFICATA"
371.01,OPACIT@ MINORI DELLA CORNEA
371.02,OPACIT@ PERIFERICA DELLA CORNEA
371.03,OPACIT@ CENTRALE DELLA CORNEA
371.04,LEUCOMA ADERENTE
371.05,TISI DELLA CORNEA
371.1,PIGMENTAZIONI E DEPOSITI CORNEALI
371.10,"DEPOSITO CORNEALE,NON SPECIFICATO"
371.11,PIGMENTAZIONI CORNEALI ANTERIORI
371.12,PIGMENTAZIONI STROMALI
371.13,PIGMENTAZIONI CORNEALI POSTERIORI
371.14,ANELLO DI KAYSER-FLEISCHER
371.15,ALTRI DEPOSITI CORNEALI ASSOCIATI A DISTURBI METABOLICI
371.16,DEPOSITI CORNEALI DI ARGENTO
371.2,EDEMA CORNEALE
371.20,"EDEMA CORNEALE,NON SPECIFICATO"
371.21,EDEMA IDIOPATICO DELLA CORNEA
371.22,EDEMA SECONDARIO DELLA CORNEA
371.23,CHERATOPATIA BOLLOSA
371.24,EDEMA CORNEALE DA USO DI LENTI A CONTATTO
371.3,ALTERAZIONI DI MEMBRANE CORNEALI
371.30,"ALTERAZIONE DI MEMBRANA CORNEALE,NON SPECIFICATA"
371.31,PIEGHE E ROTTURA DELLA MEMBRANA DI BOWMAN
371.32,PIEGHE DELLA MEMBRANA DI DESCEMET
371.33,ROTTURA DELLA MEMBRANA DI DESCEMET
371.4,DEGENERAZIONI CORNEALI
371.40,"DEGENERAZIONE DELLA CORNEA,NON SPECIFICATA"
371.41,ALTERAZIONI SENILI DELLA CORNEA
371.42,EROSIONE RICORRENTE DELLA CORNEA
371.43,CHERATITE BANDELLATA
371.44,ALTRE DEGENERAZIONI CALCAREE DELLA CORNEA
371.45,CHERATOMALACIA NON ALTRIMENTI SPECIFICATA
371.46,DEGENERAZIONE NODULARE DELLA CORNEA
371.48,DEGENERAZIONI PERIFERICHE DELLA CORNEA
371.49,ALTRE DEGENERAZIONI CORNEALI
371.5,DISTROFIE EREDITARIE DELLA CORNEA
371.50,"DISTROFIA EREDITARIA DELLA CORNEA,NON SPECIFICATA"
371.51,DISTROFIA EPITELIALE GIOVANILE DELLA CORNEA
371.52,ALTRE DISTROFIE CORNEALI ANTERIORI
371.53,DISTROFIA GRANULARE DELLA CORNEA
371.54,DISTROFIA RETICOLARE DELLA CORNEA
371.55,DISTROFIA MACULARE DELLA CORNEA
371.56,ALTRE DISTROFIE DELLO STROMA CORNEALE
371.57,DISTROFIA ENDOTELIALE DELLA CORNEA
371.58,ALTRE DISTROFIE POSTERIORI DELLA CORNEA
371.6,CHERATOCONO
371.60,"CHERATOCONO,NON SPECIFICATO"
371.61,"CHERATOCONO,MANIFESTAZIONE STABILE"
371.62,"CHERATOCONO,IDROPE ACUTA"
371.7,ALTRE DEFORMAZIONI DELLA CORNEA
371.70,"DEFORMAZIONE DELLA CORNEA,NON SPECIFICATE"
371.71,ECTASIA CORNEALE
371.72,DESCEMETOCELE
371.73,STAFILOMA CORNEALE
371.8,ALTRE ALTERAZIONI CORNEALI
371.81,ANESTESIA E IPOESTESIA CORNEALE
371.82,ALTERAZIONI DA LENTI A CONTATTO
371.89,ALTRE ALTERAZIONI CORNEALI
371.9,ALTERAZIONI CORNEALI NON SPECIFICATE
372,MALATTIE DELLA CONGIUNTIVA
372.0,CONGIUNTIVITE ACUTA
372.00,"CONGIUNTIVITE ACUTA,NON SPECIFICATA"
372.01,"CONGIUNTIVITE SIEROSA,ECCETTO LA VIRALE"
372.02,CONGIUNTIVITE FOLLICOLARE ACUTA
372.03,ALTRE CONGIUNTIVITI MUCOPURULENTE
372.04,CONGIUNTIVITE PSEUDOMEMBRANOSA
372.05,CONGIUNTIVITE ATOPICA ACUTA
372.1,CONGIUNTIVITE CRONICA
372.10,"CONGIUNTIVITE CRONICA,NON SPECIFICATA"
372.11,CONGIUNTIVITE CRONICA SEMPLICE
372.12,CONGIUNTIVITE CRONICA FOLLICOLARE
372.13,CONGIUNTIVITE PRIMAVERILE
372.14,ALTRE CONGIUNTIVITI ALLERGICHE CRONICHE
372.15,CONGIUNTIVITE PARASSITARIA
372.2,BLEFAROCONGIUNTIVITE
372.20,"BLEFAROCONGIUNTIVITE,NON SPECIFICATA"
372.21,BLEFAROCONGIUNTIVITE ANGOLARE
372.22,BLEFAROCONGIUNTIVITE DA CONTATTO
372.3,ALTRE E NON SPECIFICATE CONGIUNTIVITI
372.30,"CONGIUNTIVITE,NON SPECIFICATA"
372.31,CONGIUNTIVITE ROSACEA
372.33,CONGIUNTIVITE NELLE MALATTIE MUCOCUTANEE
372.39,ALTRE ALTERAZIONI CONGIUNTIVITI
372.4,PTERIGIO
372.40,"PTERIGIO,NON SPECIFICATO"
372.41,"PTERIGIO PERIFERICO,STAZIONARIO"
372.42,"PTERIGIO PERIFERICO,PROGRESSIVO"
372.43,PTERIGIO CENTRALE
372.44,PTERIGIO DOPPIO
372.45,PTERIGIO RICORRENTE
372.5,DEGENERAZIONI E DEPOSITI CONGIUNTIVALI
372.50,"DEGENERAZIONE CONGIUNTIVALE,NON SPECIFICATA"
372.51,PINGUECULA
372.52,PSEUDOPTERIGIO
372.53,XEROSI CONGIUNTIVALE
372.54,CONCREZIONI CONGIUNTIVALI
372.55,PIGMENTAZIONI CONGIUNTIVALI
372.56,DEPOSITI CONGIUNTIVALI
372.6,CICATRICI CONGIUNTIVALI
372.61,GRANULOMA DELLA CONGIUNTIVA
372.62,ADERENZE LOCALIZZATE E PIEGHE LINEARI DELLA CONGIUNTIVA
372.63,SIMBLEFARON
372.64,CICATRIZZAZIONE DELLA CONGIUNTIVA
372.7,DISTURBI VASCOLARI E CISTI DELLA CONGIUNTIVA
372.71,IPEREMIA DELLA CONGIUNTIVA
372.72,EMORRAGIA CONGIUNTIVALE
372.73,EDEMA CONGIUNTIVALE
372.74,ANOMALIE VASCOLARI DELLA CONGIUNTIVA
372.75,CISTI CONGIUNTIVALI
372.8,ALTRE AFFEZIONI DELLA CONGIUNTIVA
372.81,CONGIUNTIVOCALASI
372.89,ALTRE AFFEZIONI DELLA CONGIUNTIVA
372.9,AFFEZIONE DELLA CONGIUNTIVA NON SPECIFICATA
373,INFIAMMAZIONE DELLE PALPEBRE
373.0,BLEFARITE
373.00,"BLEFARITE,NON SPECIFICATA"
373.01,BLEFARITE ULCERATIVA
373.02,BLEFARITE SQUAMOSA
373.1,ORZAIOLO E ALTRE INFIAMMAZIONI PROFONDE DELLA PALPEBRA
373.11,ORZAIOLO ESTERNO
373.12,ORZAIOLO INTERNO
373.13,ASCESSO DELLA PALPEBRA
373.2,CALAZIO
373.3,DERMATOSI NON INFETTIVA DELLA PALPEBRA
373.31,DERMATITE ECZEMATOSA DELLA PALPEBRA
373.32,DERMATITE ALLERGICA E DA CONTATTO DELLA PALPEBRA
373.33,XERODERMA DELLA PALPEBRA
373.34,LUPUS ERITEMATOSO DISCOIDE DELLA PALPEBRA
373.4,DERMATITI INFETTIVE DELLE PALPEBRE DI TIPO DEFORMANTE
373.5,ALTRE DERMATITI INFETTIVE DELLE PALPEBRE
373.6,INFESTAZIONE PARASSITARIA DELLA PALPEBRA
373.8,ALTRE INFIAMMAZIONI DELLE PALPEBRE
373.9,INFIAMMAZIONE DELLA PALPEBRA NON SPECIFICATA
374,ALTRE AFFEZIONI DELLE PALPEBRE
374.0,ENTROPION E TRICHIASI DELLE PALPEBRE
374.00,"ENTROPION,NON SPECIFICATO"
374.01,ENTROPION SENILE
374.02,ENTROPION MECCANICO
374.03,ENTROPION SPASTICO
374.04,ENTROPION CICATRIZIALE
374.05,TRICHIASI DELLA PALPEBRA SENZA ENTROPION
374.1,ECTROPION
374.10,"ECTROPION,NON SPECIFICATO"
374.11,ECTROPION SENILE
374.12,ECTROPION MECCANICO
374.13,ECTROPION SPASTICO
374.14,ECTROPION CICATRIZIALE
374.2,LAGOFTALMO
374.20,"LAGOFTALMO,NON SPECIFICATO"
374.21,LAGOFTALMO PARALITICO
374.22,LAGOFTALMO MECCANICO
374.23,LAGOFTALMO CICATRIZIALE
374.3,PTOSI DELLE PALPEBRE
374.30,PTOSI DELLA PALPEBRA
374.31,PTOSI PARALITICA
374.32,PTOSI MIOGENA
374.33,PTOSI MECCANICA
374.34,BLEFAROCALASI
374.4,ALTRI DISTURBI FUNZIONALI DELLE PALPEBRE
374.41,RETRAZIONE O ARRETRAMENTO DELLA PALPEBRA
374.43,SINDROME DA INNERVAZIONE ANOMALA DELLA PALPEBRA
374.44,DISTURBI SENSITIVI DELLA PALPEBRA
374.45,ALTRI DISTURBI SENSITIVOMOTORI DELLA PALPEBRA
374.46,BLEFAROFIMOSI
374.5,AFFEZIONI DEGENERATIVE DELLE PALPEBRE E DELLA ZONA PERIOCULARE
374.50,"AFFEZIONE DEGENERATIVA DELLA PALPEBRA,NON SPECIFICATA"
374.51,XANTELASMA
374.52,IPERPIGMENTAZIONE DELLA PALPEBRA
374.53,IPOPIGMENTAZIONE DELLA PALPEBRA
374.54,IPERTRICOSI DELLA PALPEBRA
374.55,IPOTRICOSI DELLA PALPEBRA
374.56,ALTRE AFFEZIONI DEGENERATIVE DELLA CUTE PALPEBRALE
374.8,ALTRE AFFEZIONI DELLE PALPEBRE
374.81,EMORRAGIA DELLE PALPEBRE
374.82,EDEMA DELLE PALPEBRE
374.83,ELEFANTIASI DELLE PALPEBRE
374.84,CISTI DELLE PALPEBRE
374.85,ANOMALIE VASCOLARI DELLE PALPEBRE
374.86,CORPO ESTRANEO RITENUTO DELLA PALPEBRA
374.87,DERMATOCALASI
374.89,ALTRE AFFEZIONI DELLE PALPEBRE
374.9,AFFEZIONI DELLA PALPEBRA NON SPECIFICATE
375,AFFEZIONI DELL'APPARATO LACRIMALE
375.0,DACRIOADENITE
375.00,"DACRIOADENITE,NON SPECIFICATA"
375.01,DACRIOADENITE ACUTA
375.02,DACRIOADENITE CRONICA
375.03,INGRANDIMENTO CRONICO DELLA GHIANDOLA LACRIMALE
375.1,ALTRE AFFEZIONI DELLA GHIANDOLA LACRIMALE
375.11,CISTI LACRIMALE
375.12,ALTRE CISTI LACRIMALI E DEGENERAZIONE CISTICA
375.13,ATROFIA LACRIMALE PRIMARIA
375.14,ATROFIA LACRIMALE SECONDARIA
375.15,"INSUFFICIENZA DEL FILM LACRIMALE,NON SPECIFICATA"
375.16,DISLOCAZIONE DELLA GHIANDOLA LACRIMALE
375.2,EPIFORA
375.20,"EPIFORA,CAUSA NON SPECIFICATA"
375.21,EPIFORA DA ECCESSO DI LACRIMAZIONE
375.22,EPIFORA DA INSUFFICIENTE DRENAGGIO
375.3,INFIAMMAZIONE ACUTA E NON SPECIFICATA DELLE VIE LACRIMALI
375.30,"DACRIOCISTITE,NON SPECIFICATA"
375.31,CANALICULITE LACRIMALE ACUTA
375.32,DACRIOCISTITE ACUTA
375.33,DACRIOCISTITE FLEMMONOSA
375.4,INFIAMMAZIONE CRONICA DELLE VIE LACRIMALI
375.41,CANALICULITE CRONICA
375.42,DACRIOCISTITE CRONICA
375.43,MUCOCELE LACRIMALE
375.5,STENOSI E INSUFFICIENZA DELLE VIE LACRIMALI
375.51,EVERSIONE DEL PUNTINO LACRIMALE
375.52,STENOSI DEL PUNTINO LACRIMALE
375.53,STENOSI DEI CANALINI LACRIMALI
375.54,STENOSI DEL SACCO LACRIMALE
375.55,"OSTRUZIONE DEL DOTTO NASOLACRIMALE,NEONATALE"
375.56,STENOSI DEL DOTTO NASOLACRIMALE ACQUISITA
375.57,DACRIOLITO
375.6,ALTRE AFFEZIONI DELLE VIE LACRIMALI
375.61,FISTOLA LACRIMALE
375.69,ALTRE AFFEZIONI DELLE VIE LACRIMALI
375.8,ALTRE AFFEZIONI DELL'APPARATO LACRIMALE
375.81,GRANULOMA DELLE VIE LACRIMALI
375.89,ALTRE AFFEZIONI DELL'APPARATO LACRIMALE
375.9,AFFEZIONI DELL'APPARATO LACRIMALE NON SPECIFICATE
376,CONDIZIONI PATOLOGICHE DELL'ORBITA
376.0,INFIAMMAZIONE ACUTA DELL'ORBITA
376.00,"INFIAMMAZIONE ACUTA DELL'ORBITA,NON SPECIFICATA"
376.01,CELLULITE ORBITARIA
376.02,PERIOSTEITE ORBITARIA
376.03,OSTEOMIELITE ORBITARIA
376.04,TENONITE ORBITARIA
376.1,MALATTIE INFIAMMATORIE CRONICHE DELL'ORBITA
376.10,"MALATTIA INFIAMMATORIA CRONICA DELL'ORBITA,NON SPECIFICATI"
376.11,GRANULOMA DELL'ORBITA
376.12,MIOSITE ORBITARIA
376.13,INFESTAZIONE PARASSITARIA DELL'ORBITA
376.2,ESOFTALMO ENDOCRINO
376.21,ESOFTALMO TIREOTOSSICO
376.22,OFTALMOPLEGIA ESOFTALMICA
376.3,ALTRE CONDIZIONE ESOFTALMICHE
376.30,"ESOFTALMO,NON SPECIFICATO"
376.31,ESOFTALMO COSTANTE
376.32,EMORRAGIA ORBITARIA
376.33,EDEMA O CONGESTIONE DELL'ORBITA
376.34,ESOFTALMO INTERMITTENTE
376.35,ESOFTALMO PULSANTE
376.36,SPOSTAMENTO LATERALE DEL GLOBO
376.4,DEFORMAZIONE DELL'ORBITA
376.40,"DEFORMAZIONE DELL'ORBITA,NON SPECIFICATA"
376.41,IPERTELORISMO DELL'ORBITA
376.42,ESOSTOSI DELL'ORBITA
376.43,DEFORMAZIONI LOCALI DELL'ORBITA DA MALATTIA OSSEA
376.44,MALFORMAZIONI DELL'ORBITA ASSOCIATE A DEFORMAZIONI CRANIOFACIALI
376.45,ATROFIA DELL'ORBITA
376.46,INGRANDIMENTO DELL'ORBITA
376.47,DEFORMAZIONI DELL'ORBITA DA TRAUMA O INTERVENTI CHIRURGICI
376.5,ENOFTALMO
376.50,"ENOFTALMO,CAUSA NON SPECIFICATA"
376.51,ENOFTALMO DA ATROFIA DEL TESSUTO ORBITARIO
376.52,ENOFTALMO DA TRAUMI O INTERVENTI CHIRURGICI
376.6,CORPO ESTRANEO RITENUTO (DI VECCHIA DATA) CONSEGUENTE A FERITA PENETRANTE DELL'ORBITA
376.8,ALTRE MALATTIE DELL'ORBITA
376.81,CISTI DELL'ORBITA
376.82,MIOPATIA DEI MUSCOLI EXTRAOCULARI
376.89,ALTRE MALATTIE DELL'ORBITA
376.9,MALATTIE DELL'ORBITA NON SPECIFICATE
377,MALATTIE DEL NERVO E DELLE VIE OTTICHE
377.0,PAPILLEDEMA
377.00,PAPILLEDEMA NON SPECIFICATO
377.01,PAPILLEDEMA ASSOCIATO AD AUMENTO DELLA PRESSIONE INTRACRANICA
377.02,PAPILLEDEMA ASSOCIATO A DIMINUZIONE DELLA PRESSIONE OCULARE
377.03,PAPILLEDEMA ASSOCIATO A MALATTIE RETINICHE
377.04,SINDROME DI FOSTER-KENNEDY
377.1,ATROFIA OTTICA
377.10,"ATROFIA OTTICA,NON SPECIFICATA"
377.11,ATROFIA OTTICA PRIMARIA
377.12,ATROFIA OTTICA POSTINFIAMMATORIA
377.13,ATROFIA OTTICA ASSOCIATA A DISTROFIE RETINICHE
377.14,ATROFIA GLAUCOMATOSA (ESCAVAZIONE) DELLA PAPILLA
377.15,ATROFIA OTTICA PARZIALE
377.16,ATROFIA OTTICA EREDITARIA
377.2,ALTRE AFFEZIONI DELLA PAPILLA
377.21,DRUSE DEL DISCO OTTICO
377.22,CRIBROSIT@ DELLA PAPILLA
377.23,COLOBOMA DEL DISCO OTTICO
377.24,PSEUDO PAPILLEDEMA
377.3,NEURITE OTTICA
377.30,"NEURITE OTTICA,NON SPECIFICATA"
377.31,PAPILLITE OTTICA
377.32,NEURITE RETROBULBARE (ACUTA)
377.33,NEUROPATIA OTTICA NUTRIZIONALE
377.34,NEUROPATIA OTTICA TOSSICA
377.39,ALTRE NEURITI OTTICHE
377.4,ALTRE AFFEZIONI DEL NERVO OTTICO
377.41,NEUROPATIA OTTICA ISCHEMICA
377.42,EMORRAGIA NELLA GUAINA DEL NERVO OTTICO
377.43,IPOPLASIA DEL NERVO OTTICO
377.49,ALTRI DISTURBI DEL NERVO OTTICO
377.5,DISTURBI DEL CHIASMA OTTICO
377.51,DISTURBI DEL CHIASMA OTTICO ASSOCIATI A NEOPLASIE E DISTURBI IPOFISARI
377.52,DISTURBI DEL CHIASMA OTTICO ASSOCIATI AD ALTRE NEOPLASIE
377.53,DISTURBI DEL CHIASMA OTTICO ASSOCIATI A DISTURBI VASCOLARI
377.54,DISTURBI DEL CHIASMA OTTICO ASSOCIATI A DISTURBI INFIAMMATORI
377.6,DISTURBI DELLE ALTRE VIE OTTICHE
377.61,DISTURBI DELLE ALTRE VIE OTTICHE ASSOCIATI A NEOPLASIE
377.62,DISTURBI DELLE ALTRE VIE OTTICHE ASSOCIATI A DISTURBI VASCOLARI
377.63,DISTURBI DELLE ALTRE VIE OTTICHE ASSOCIATI A DISTURBI INFIAMMATORI
377.7,DISTURBI DELLA CORTECCIA VISIVA
377.71,DISTURBI DELLA CORTECCIA VISIVA ASSOCIATI A NEOPLASIE
377.72,DISTURBI DELLA CORTECCIA VISIVA ASSOCIATI A DISTURBI VASCOLARI
377.73,DISTURBI DELLA CORTECCIA VISIVA ASSOCIATI A DISTURBI INFIAMMATORI
377.75,CECIT@ CORTICALE
377.9,DISTURBI NON SPECIFICATI DEL NERVO E DELLE VIE OTTICHE
378,STRABISMO ED ALTRI DISTURBI DEI MOVIMENTI BINOCULARI
378.0,ESOTROPIA
378.00,ESOTROPIA NON SPECIFICATA
378.01,ESOTROPIA MONOCULARE
378.02,ESOTROPIA CON SINDROME A
378.03,ESOTROPIA CON SINDROME V
378.04,ESOTROPIA CON ALTRE INCONCOMITANZE
378.05,ESOTROPIA ALTERNANTE
378.06,ESOTROPIA ALTERNANTE CON SINDROME A
378.07,ESOTROPIA ALTERNANTE CON SINDROME V
378.08,ESOTROPIA ALTERNANTE CON ALTRE INCONCOMITANZE
378.1,EXOTROPIA
378.10,"EXOTROPIA,NON SPECIFICATA"
378.11,EXOTROPIA MONOCULARE
378.12,EXOTROPIA MONOCULARE CON SINDROME A
378.13,EXOTROPIA MONOCULARE CON SINDROME V
378.14,EXOTROPIA MONOCULARE CON ALTRE INCONCOMITANZE
378.15,EXOTROPIA ALTERNANTE
378.16,EXOTROPIA ALTERNANTE CON SINDROME A
378.17,EXOTROPIA ALTERNANTE CON SINDROME V
378.18,EXOTROPIA ALTERNANTE CON ALTRE INCONCOMITANZE
378.2,ETEROTROPIA INTERMITTENTE
378.20,"ETEROTROPIA INTERMITTENTE,NON SPECIFICATA"
378.21,"ESOTROPIA INTERMITTENTE,MONOCULARE"
378.22,"ESOTROPIA INTERMITTENTE,ALTERNANTE"
378.23,"EXOTROPIA INTERMITTENTE,MONOCULARE"
378.24,"EXOTROPIA INTERMITTENTE,ALTERNANTE"
378.3,ALTRA E NON SPECIFICATA ETEROTROPIA
378.30,"ETEROTROPIA,NON SPECIFICATA"
378.31,IPERTROPIA
378.32,IPOTROPIA
378.33,CICLOTROPIA
378.34,SINDROME DA MONOFISSAZIONE
378.35,COMPONENTE ACCOMODATIVA NELL'ESOTROPIA
378.4,ETEROFORIA
378.40,"ETEROFORIA,NON SPECIFICATA"
378.41,ESOFORIA
378.42,EXOFORIA
378.43,ETEROFORIA VERTICALE
378.44,CICLOFORIA
378.45,IPERFORIA ALTERNANTE
378.5,STRABISMO PARALITICO
378.50,"STRABISMO PARALITICO,NON SPECIFICATO"
378.51,"PARESI DEL TERZO NERVO O NERVO OCULOMOTORE,PARZIALE"
378.52,"PARESI DEL TERZO NERVO O NERVO OCULOMOTORE,TOTALE"
378.53,PARESI DEL QUARTO NERVO O NERVO TROCLEARE
378.54,PARESI DEL SESTO NERVO O NERVO ABDUCENTE
378.55,OFTALMOPLEGIA ESTERNA
378.56,OFTALMOPLEGIA TOTALE
378.6,STRABISMO MECCANICO
378.60,"STRABISMO MECCANICO,NON SPECIFICATO"
378.61,SINDROME DELLA GUAINA (TENDINE) DI BROWN
378.62,STRABISMO MECCANICO DA ALTRE ALTERAZIONI MUSCOLO-FASCIALI
378.63,DUZIONE LIMITATA ASSOCIATA AD ALTRE MANIFESTAZIONI PATOLOGICHE
378.7,ALTRI STRABISMI SPECIFICATI
378.71,SINDROME DI DUANE
378.72,OFTALMOPLEGIA PROGRESSIVA ESTERNA
378.73,STRABISMO IN ALTRI DISTURBI NEUROMUSCOLARI
378.8,ALTRI DISTURBI DEI MOVIMENTI BINOCULARI
378.81,PARALISI DELLO SGUARDO CONIUGATO
378.82,SPASMO DELLO SGUARDO CONIUGATO
378.83,INSUFFICIENZA O PARALISI NELLA CONVERGENZA
378.84,ECCESSO O SPASMO NELLA CONVERGENZA
378.85,ANOMALIE DELLA DIVERGENZA
378.86,OFTALMOPLEGIA INTERNUCLEARE
378.87,ALTRE DEVIAZIONI DISSOCIATE DEI MOVIMENTI OCULARI
378.9,DISTURBI NON SPECIFICATI DEI MOVIMENTI OCULARI
379,ALTRE MALATTIE DELL'OCCHIO
379.0,SCLERITE ED EPISCLERITE
379.00,"SCLERITE,NON SPECIFICATA"
379.01,EPISCLERITE PERIODICA FUGACE
379.02,EPISCLERITE NODULARE
379.03,SCLERITE ANTERIORE
379.04,SCLEROMALACIA PERFORANTE
379.05,SCLERITE CON COINVOLGIMENTO CORNEALE
379.06,SCLERITE DURA
379.07,SCLERITE POSTERIORE
379.09,ALTRE SCLERITI
379.1,ALTRE AFFEZIONI DELLA SCLERA
379.11,ECTASIA DELLA SCLERA
379.12,STAFILOMA POSTICO
379.13,STAFILOMA EQUATORIALE
379.14,"STAFILOMA ANTERIORE,LOCALIZZATO"
379.15,STAFILOMA ANULARE
379.16,ALTRE AFFEZIONI DEGENERATIVE DELLA SCLERA
379.19,ALTRE AFFEZIONI DELLA SCLERA
379.2,MALATTIE DEL CORPO VITREO
379.21,DEGENERAZIONE DEL CORPO VITREO
379.22,DEPOSITI CRISTALLINI NEL CORPO VITREO
379.23,EMORRAGIA VITREALE
379.24,ALTRE OPACIT@ DEL VITREO
379.25,MEMBRANE E FILAMENTI VITREALI
379.26,PROLASSO DEL VITREO
379.29,ALTRE AFFEZIONI DEL CORPO VITREO
379.3,AFACHIA ED ALTRI DISTURBI DEL CRISTALLINO
379.31,AFACHIA
379.32,SUBLUSSAZIONE DEL CRISTALLINO
379.33,DISLOCAZIONE ANTERIORE DEL CRISTALLINO
379.34,DISLOCAZIONE POSTERIORE DEL CRISTALLINO
379.39,ALTRE AFFEZIONI DEL CRISTALLINO
379.4,ANOMALIE DELLA FUNZIONE PUPILLARE
379.40,"FUNZIONE PUPILLARE ANOMALA,NON SPECIFICATA"
379.41,ANISOCORIA
379.42,"MIOSI (PERSISTENTE),NON DOVUTA A MIOTICI"
379.43,"MIDRIASI (PERSISTENTE),NON DOVUTA A MIDRIATICI"
379.45,"PUPILLA DI ARGYLL ROBERTSON,ATIPICA"
379.46,REAZIONE TONICA DELLA PUPILLA
379.49,ALTRE ANOMALIE DELLA FUNZIONE DELLA PUPILLA
379.5,NISTAGMO ED ALTRI MOVIMENTI IRREGOLARI DEGLI OCCHI
379.50,"NISTAGMO,NON SPECIFICATO"
379.51,NISTAGMO CONGENITO
379.52,NISTAGMO LATENTE
379.53,NISTAGMO DA DEPRIVAZIONE VISIVA
379.54,NISTAGMO ASSOCIATO A DISTURBI DEL SISTEMA VESTIBOLARE
379.55,NISTAGMO DISSOCIATO
379.56,ALTRE FORME DI NISTAGMO
379.57,DIFETTI DEI MOVIMENTI OCULARI SACCADICI
379.58,DIFETTI DEI MOVIMENTI DI INSEGUIMENTO LENTO
379.59,ALTRE IRREGOLARIT@ DEI MOVIMENTI OCULARI
379.6,INFIAMMAZIONE (INFEZIONE) DI VESCICOLE POSTPROCEDURALI
379.60,"INFIAMMAZIONE (INFEZIONE) DI VESCICOLE POST-PROCEDURALI, NON SPECIFICATA"
379.61,"INFIAMMAZIONE (INFEZIONE) DI VESCICOLE POST-PROCEDURALI, STADIO 1"
379.62,"INFIAMMAZIONE (INFEZIONE) DI VESCICOLE POST-PROCEDURALI, STADIO 2"
379.63,"INFIAMMAZIONE (INFEZIONE) DI VESCICOLE POST-PROCEDURALI, STADIO 3"
379.8,ALTRI DISTURBI SPECIFICATI DELL'OCCHIO E DEGLI ANNESSI
379.9,DISTURBI NON SPECIFICATI DELL'OCCHIO E DEGLI ANNESSI
379.90,"DISTURBI DELL'OCCHIO,NON SPECIFICATI"
379.91,DOLORE INTERNO O ATTORNO ALL'OCCHIO
379.92,GONFIORE O MASSA OCULARE
379.93,ARROSSAMENTO O SECREZIONE OCULARE
379.99,ALTRI MAL DEFINITI DISTURBI OCULARI
380,DISTURBI DELL'ORECCHIO ESTERNO
380.0,PERICONDRITE DEL PADIGLIONE AURICOLARE
380.00,"PERICONDRITE DEL PADIGLIONE AURICOLARE,NON SPECIFICATA"
380.01,PERICONDRITE ACUTA DEL PADIGLIONE AURICOLARE
380.02,PERICONDRITE CRONICA DEL PADIGLIONE AURICOLARE
380.03,CONDRITE DEL PADIGLIONE AURICOLARE
380.1,OTITE ESTERNA INFETTIVA
380.10,"OTITE ESTERNA INFETTIVA,NON SPECIFICATA"
380.11,INFEZIONE ACUTA DEL PADIGLIONE AURICOLARI
380.12,ORECCHIO DEL NUOTATORE
380.13,ALTRE INFEZIONI ACUTE DELL'ORECCHIO ESTERNO
380.14,OTITE ESTERNA MALIGNA
380.15,OTITE ESTERNA CRONICA MICOTICA
380.16,ALTRE OTITI ESTERNE CRONICHE INFETTIVE
380.2,ALTRE OTITI ESTERNE
380.21,COLESTEATOMA DELL'ORECCHIO ESTERNO
380.22,ALTRE OTITI ESTERNE ACUTE
380.23,ALTRE OTITI ESTERNE CRONICHE
380.3,DISTURBI NON INFETTIVI DEL PADIGLIONE AURICOLARI
380.30,"DISTURBI DEL PADIGLIONE AURICOLARE,NON SPECIFICATI"
380.31,EMATOMA DEL PADIGLIONE AURICOLARE
380.32,DEFORMIT@ ACQUISITE DEL PADIGLIONE AURICOLARE
380.39,ALTRI DISTURBI NON INFETTIVI DEL PADIGLIONE AURICOLARE
380.4,TAPPO DI CERUME
380.5,STENOSI ACQUISITA DEL CONDOTTO UDITIVO ESTERNO
380.50,"STENOSI ACQUISITA DEL CONDOTTO UDITIVO ESTERNO,CAUSA NON SPECIFICATA"
380.51,STENOSI ACQUISITA DEL CONDOTTO UDITIVO ESTERNO SECONDARIA A TRAUMI
380.52,STENOSI ACQUISITA DEL CONDOTTO UDITIVO ESTERNO SECONDARIA A INTERVENTI CHIRURGICI
380.53,STENOSI ACQUISITA DEL CONDOTTO UDITIVO ESTERNO SECONDARIA A INFIAMMAZIONI
380.8,ALTRI DISTURBI DELL'ORECCHIO ESTERNO
380.81,ESOSTOSI DEL CONDOTTO UDITIVO ESTERNO
380.89,ALTRI DISTURBI DELL'ORECCHIO ESTERNO
380.9,DISTURBI NON SPECIFICATI DELL'ORECCHIO ESTERNO
381,OTITE MEDIA NON SUPPURATIVA E DISTURBI DELLA TROMBA DI EUSTACHIO
381.0,OTITE MEDIA ACUTA NON SUPPURATIVA
381.00,"OTITE MEDIA ACUTA NON SUPPURATIVA,NON SPECIFICATA"
381.01,OTITE MEDIA ACUTA SIEROSA
381.02,OTITE MEDIA ACUTA MUCOSA
381.03,OTITE MEDIA ACUTA SANGUINANTE
381.04,OTITE MEDIA ACUTA SIEROSA ALLERGICA
381.05,OTITE MEDIA ACUTA MUCOSA ALLERGICA
381.06,OTITE MEDIA ACUTA SANGUINOLENTA ALLERGICA
381.1,OTITE MEDIA CRONICA SIEROSA
381.10,"OTITE MEDIA CRONICA SIEROSA,SEMPLICE O NON SPECIFICATA"
381.19,ALTRE OTITI MEDIE CRONICHE SIEROSE
381.2,OTITE MEDIA CRONICA MUCOSA
381.20,"OTITE MEDIA CRONICA MUCOSA,SEMPLICE O NON SPECIFICATA"
381.29,ALTRE OTITI MEDIE CRONICHE MUCOSE
381.3,ALTRE E NON SPECIFICATE OTITI MEDIE CRONICHE NON SUPPURATIVE
381.4,"OTITI MEDIE NON SUPPURATIVE,NON SPECIFICATE SE ACUTE O CRONICHE"
381.5,SALPINGITE DELLA TROMBA DI EUSTACHIO
381.50,"SALPINGITE DELLA TROMBA DI EUSTACHIO,NON SPECIFICATA"
381.51,SALPINGITE ACUTA DELLA TROMBA DI EUSTACHIO
381.52,SALPINGITE CRONICA DELLA TROMBA DI EUSTACHIO
381.6,OSTRUZIONE DELLA TROMBA DI EUSTACHIO
381.60,"OSTRUZIONE DELLA TROMBA DI EUSTACHIO,NON SPECIFICATA"
381.61,OSTRUZIONE OSSEA DELLA TROMBA DI EUSTACHIO
381.62,OSTRUZIONE INTRINSECA CARTILAGINEA DELLA TROMBA DI EUSTACHIO
381.63,OSTRUZIONE ESTRINSECA CARTILAGINEA DELLA TROMBA DI EUSTACHIO
381.7,ALLARGAMENTO DELLA TROMBA DI EUSTACHIO
381.8,ALTRI DISTURBI DELLA TROMBA DI EUSTACHIO
381.81,DISFUNZIONE DELLA TROMBA DI EUSTACHIO
381.89,ALTRI DISTURBI DELLA TROMBA DI EUSTACHIO
381.9,DISTURBO NON SPECIFICATO DELLA TROMBA DI EUSTACHIO
382,OTITE MEDIA SUPPURATIVA E NON SPECIFICATA
382.0,OTITE MEDIA ACUTA SUPPURATIVA
382.00,OTITE MEDIA ACUTA SUPPURATIVA SENZA ROTTURA SPONTANEA DELLA MEMBRANA TIMPANICA
382.01,OTITE MEDIA ACUTA SUPPURATIVA CON ROTTURA SPONTANEA DELLA MEMBRANA TIMPANICA
382.02,OTITE MEDIA ACUTA SUPPURATIVA IN MALATTIE CLASSIFICATE ALTROVE
382.1,OTITE MEDIA CRONICA SUPPURATIVA TUBOTIMPANICA
382.2,OTITE MEDIA CRONICA SUPPURATIVA ATTICOANTRALE
382.3,OTITE MEDIA CRONICA SUPPURATIVA NON SPECIFICATA
382.4,OTITE MEDIA SUPPURATIVA NON SPECIFICATA
382.9,OTITE MEDIA NON SPECIFICATA
383,MASTOIDITE E CONDIZIONI MORBOSE CORRELATE
383.0,MASTOIDITE ACUTA
383.00,MASTOIDITE ACUTA SENZA COMPLICAZIONI
383.01,ASCESSO SUBPERIOSTEO DELLA MASTOIDE
383.02,MASTOIDITE ACUTA CON ALTRE COMPLICAZIONI
383.1,MASTOIDITE CRONICA
383.2,PETROSITE
383.20,"PETROSITE,NON SPECIFICATA"
383.21,PETROSITE ACUTA
383.22,PETROSITE CRONICA
383.3,COMPLICAZIONI SUCCESSIVE ALLA MASTOIDECTOMIA
383.30,"COMPLICAZIONI SUCCESSIVE ALLA MASTOIDECTOMIA,NON SPECIFICATE"
383.31,CISTI MUCOSE DELLA CAVIT@ POSTMASTOIDECTOMIA
383.32,COLESTEATOMA RICORRENTE DELLA CAVIT@ POSTMASTOIDECTOMIA
383.33,GRANULAZIONI DELLA CAVIT@ POSTMASTOIDECTOMIA
383.8,ALTRI DISTURBI DELLA MASTOIDE
383.81,FISTOLA RETROAURICOLARE
383.89,ALTRI DISTURBI DELLA MASTOIDE
383.9,MASTOIDITE NON SPECIFICATA
384,ALTRI DISTURBI DELLA MEMBRANA TIMPANICA
384.0,TIMPANITE ACUTA SENZA MENZIONE DI OTITE MEDIA
384.00,"TIMPANITE ACUTA,NON SPECIFICATA"
384.01,TIMPANITE BOLLOSA
384.09,ALTRE TIMPANITI ACUTE SENZA MENZIONE DI OTITE MEDIA
384.1,TIMPANITE CRONICA SENZA MENZIONE DI OTITE MEDIA
384.2,PERFORAZIONE DELLA MEMBRANA TIMPANICA
384.20,"PERFORAZIONE DELLA MEMBRANA TIMPANICA,NON SPECIFICATA"
384.21,PERFORAZIONE CENTRALE DELLA MEMBRANA TIMPANICA
384.22,PERFORAZIONE ATTICA DELLA MEMBRANA TIMPANICA
384.23,ALTRE PERFORAZIONI MARGINALI DELLA MEMBRANA TIMPANICA
384.24,PERFORAZIONI MULTIPLE DELLA MEMBRANA TIMPANICA
384.25,PERFORAZIONI TOTALE DELLA MEMBRANA TIMPANICA
384.8,ALTRI DISTURBI SPECIFICATI DELLA MEMBRANA TIMPANICA
384.81,MEMBRANA TIMPANICA ATROFICA FLACCIDA
384.82,MEMBRANA TIMPANICA ATROFICA NON FLACCIDA
384.9,DISTURBI NON SPECIFICATI DELLA MEMBRANA TIMPANICA
385,ALTRI DISTURBI DELL'ORECCHIO MEDIO E DELLA MASTOIDE
385.0,TIMPANOSCLEROSI
385.00,"TIMPANOSCLEROSI,ESTENSIONE NON SPECIFICATA"
385.01,TIMPANOSCLEROSI ESTESA SOLAMENTE ALLA MEMBRANA TIMPANICA
385.02,TIMPANOSCLEROSI ESTESA ALLA MEMBRANA TIMPANICA E AGLI OSSICINI DELL'ORECCHIO
385.03,"TIMPANOSCLEROSI ESTESA ALLA MEMBRANA TIMPANICA,AGLI OSSICINI DELL'ORECCHIO E ALL'ORECCHIO MEDIO"
385.09,TIMPANOSCLEROSI ESTESA A PIY STRUTTURE
385.1,MALATTIA ADESIVA DELL'ORECCHIO MEDIO
385.10,"MALATTIA ADESIVA DELL'ORECCHIO MEDIO,ESTENSIONE NON SPECIFICATA"
385.11,ADESIONE DELLA TESTA DELLA MEMBRANA TIMPANICA ALL'INCUDINE
385.12,ADESIONE DELLA TESTA DELLA MEMBRANA TIMPANICA ALLA STAFFA
385.13,ADESIONE DELLA TESTA DELLA MEMBRANA TIMPANICA AL PROMONTORIO
385.19,ALTRE MALATTIE ADESIVE DELL'ORECCHIO MEDIO
385.2,ALTRE MALFORMAZIONI ACQUISITE DEGLI OSSICINI
385.21,MOBILIT@ COMPROMESSA DEL MARTELLO
385.22,MOBILIT@ COMPROMESSA DEGLI ALTRI OSSICINI DELL'ORECCHIO
385.23,DISCONTINUIT@ O DISLOCAZIONE DEGLI ALTRI OSSICINI DELL'ORECCHIO
385.24,PERDITA PARZIALE O NECROSI DEGLI OSSICINI DELL'ORECCHIO
385.3,COLESTEATOMA DELL'ORECCHIO MEDIO E DELLA MASTOIDE
385.30,"COLESTEATOMA,NON SPECIFICATO"
385.31,COLESTEATOMA DELL'ATTICO
385.32,COLESTEATOMA DELL'ORECCHIO MEDIO
385.33,COLESTEATOMA DELL'ORECCHIO MEDIO E DELLA MASTOIDE
385.35,COLESTEATOSI DIFFUSA DELL'ORECCHIO MEDIO E DELLA MASTOIDE
385.8,ALTRI DISTURBI DELL'ORECCHIO MEDIO E DELLA MASTOIDE
385.82,GRANULOMA DI COLESTERINA DELL'ORECCHIO MEDIO
385.83,RITENZIONE DI CORPO ESTRANEO NELL'ORECCHIO MEDIO
385.89,ALTRI DISTURBI DELL'ORECCHIO MEDIO E DELLA MASTOIDE
385.9,DISTURBI NON SPECIFICATI DELL'ORECCHIO MEDIO E DELLA MASTOIDE
386,SINDROMI VERTIGINOSE ED ALTRI DISTURBI DEL SISTEMA VESTIBOLARE
386.0,MALATTIA DI MINIHRE
386.00,"MALATTIA DI MENIERE,NON SPECIFICATA"
386.01,"MALATTIA DI MENIERE ATTIVA,COCLEOVESTIBOLARE"
386.02,"MALATTIA DI MENIERE ATTIVA,COCLEARE"
386.03,"MALATTIA DI MENIERE ATTIVA,VESTIBOLARE"
386.04,MALATTIA DI MENIERE NON ATTIVA
386.1,ALTRE E NON SPECIFICATE VERTIGINI PERIFERICHE
386.10,"VERTIGINI PERIFERICHE,NON SPECIFICATE"
386.11,VERTIGINE POSTURALE PAROSSISTICA BENIGNA
386.12,NEURONITE VESTIBOLARE
386.19,ALTRE VERTIGINI PERIFERICHE
386.2,VERTIGINE DI ORIGINE CENTRALE
386.3,LABIRINTITE
386.30,"LABIRINTITE,NON SPECIFICATA"
386.31,LABIRINTITE SIEROSA
386.32,LABIRINTITE CIRCOSCRITTA
386.33,LABIRINTITE SUPPURATIVA
386.34,LABIRINTITE TOSSICA
386.35,LABIRINTITE VIRALE
386.4,FISTOLA DEL LABIRINTO
386.40,"FISTOLA DEL LABIRINTO,NON SPECIFICATA"
386.41,FISTOLA DELLA FINESTRA CIRCOLARE
386.42,FISTOLA DELLA FINESTRA OVALE
386.43,FISTOLA DEL CANALE SEMICIRCOLARE
386.48,FISTOLA DI COMBINATE SEDI DEL LABIRINTO
386.5,DISFUNZIONE DEL LABIRINTO
386.50,"DISFUNZIONE DEL LABIRINTO,NON SPECIFICATA"
386.51,"LABIRINTO IPERATTIVO,UNILATERALE"
386.52,"LABIRINTO IPERATTIVO,BILATERALE"
386.53,"LABIRINTO IPOATTIVO,UNILATERALE"
386.54,"LABIRINTO IPOATTIVO,BILATERALE"
386.55,"PERDITA DELLA REATTIVIT@ LABIRINTICA,UNILATERALE"
386.56,"PERDITA DELLA REATTIVIT@ LABIRINTICA,BILATERALE"
386.58,ALTRE FORME E COMBINAZIONI DI DISFUNZIONE LABIRINTICA
386.8,ALTRI DISTURBI DEL LABIRINTO
386.9,SINDROMI VERTIGINOSE E DISTURBI DEL LABIRINTO NON SPECIFICATI
387,OTOSCLEROSI
387.0,"OTOSCLEROSI INTERESSANTE LA FINESTRA OVALE,NON OBLITERANTE"
387.1,"OTOSCLEROSI INTERESSANTE LA FINESTRA OVALE,OBLITERANTE"
387.2,OTOSCLEROSI COCLEARE
387.8,ALTRE OTOSCLEROSI
387.9,"OTOSCLEROSI,NON SPECIFICATA"
388,ALTRI DISTURBI DELL'ORECCHIO
388.0,DISTURBI DEGENERATIVI E VASCOLARI DELL'ORECCHIO
388.00,"DISTURBI DEGENERATIVI E VASCOLARI,NON SPECIFICATI"
388.01,PRESBIACUSIA
388.02,SORDIT@ ISCHEMICA TRANSITORIA
388.1,EFFETTI DEL RUMORE SULL'ORECCHIO INTERNO
388.10,"EFFETTI DEL RUMORE SULL'ORECCHIO INTERNO,NON SPECIFICATI"
388.11,TRAUMA ACUSTICO (ESPLOSIVO) DELL'ORECCHIO
388.12,PERDITA DELL'UDITO INDOTTA DA RUMORE
388.2,"PERDITA IMPROVVISA DELL'UDITO,NON SPECIFICATA"
388.3,TINNITUS
388.30,"TINNITUS,NON SPECIFICATO"
388.31,TINNITUS SOGGETTIVO
388.32,TINNITUS OGGETTIVO
388.4,ALTRE PERCEZIONI UDITIVE ABNORMI
388.40,"PERCEZIONI UDITIVE ABNORMI,NON SPECIFICATE"
388.41,DIPLACUSIA
388.42,IPERACUSIA
388.43,COMPROMISSIONE DELLA DISCRIMINAZIONE UDITIVA
388.44,RECUPERO UDITIVO
388.5,DISTURBI DEL NERVO ACUSTICO (VIII P.)
388.6,OTORREA
388.60,"OTORREA,NON SPECIFICATA"
388.61,OTORREA DI LIQUIDO CEREBROSPINALE
388.69,ALTRE OTORREE
388.7,OTALGIA
388.70,"OTALGIA,NON SPECIFICATA"
388.71,DOLORE OTOGENO
388.72,DOLORE RIFERITO ALL'ORECCHIO
388.8,ALTRI DISTURBI DELL'ORECCHIO
388.9,DISTURBI DELL'ORECCHIO NON SPECIFICATI
389,PERDITA DELL'UDITO
389.0,SORDIT@ DI CONDUZIONE
389.00,"SORDIT@ DI CONDUZIONE,NON SPECIFICATA"
389.01,"SORDIT@ DI CONDUZIONE,ORECCHIO ESTERNO"
389.02,"SORDIT@ DI CONDUZIONE,MEMBRANA DEL TIMPANO"
389.03,"SORDIT@ DI CONDUZIONE,ORECCHIO MEDIO"
389.04,"SORDIT@ DI CONDUZIONE,ORECCHIO INTERNO"
389.08,SORDIT@ DI CONDUZIONE DI TIPO COMBINATO
389.1,SORDIT@ NEUROSENSORIALE
389.10,"SORDIT@ NEUROSENSORIALE,NON SPECIFICATA"
389.11,SORDIT@ SENSORIALE BILATERALE
389.12,SORDIT@ NEURALE BILATERALE
389.14,SORDIT@ CENTRALE BILATERALE
389.15,SORDIT@ NEUROSENSORIALE UNILATERALE
389.16,SORDIT@ NEUROSENSORIALE ASIMMETRICA
389.18,SORDIT@ NEUROSENSORIALE BILATERALE DI TIPOLOGIE COMBINATE
389.2,SORDIT@ MISTA DI CONDUZIONE E NEUROSENSORIALE
389.7,"SORDOMUTISMO,NON CLASSIFICABILE ALTROVE"
389.8,ALTRE FORME SPECIFICHE DI SORDIT@
389.9,SORDIT@ NON SPECIFICATA
390,FEBBRE REUMATICA SENZA MENZIONE DI INTERESSAMENTO CARDIACO
391,FEBBRE REUMATICA CON COMPLICAZIONI CARDIACHE
391.0,PERICARDITE REUMATICA ACUTA
391.1,ENDOCARDITE REUMATICA ACUTA
391.2,MIOCARDITE REUMATICA ACUTA
391.8,ALTRE CARDIOPATIE REUMATICHE ACUTE
391.9,CARDIOPATIA REUMATICA ACUTA NON SPECIFICATA
392,COREA REUMATICA
392.0,COREA REUMATICA CON COMPLICAZIONI CARDIACHE
392.9,COREA REUMATICA SENZA MENZIONE DI COMPLICAZIONI CARDIACHE
393,PERICARDITE REUMATICA CRONICA
394,MALATTIE DELLA VALVOLA MITRALE
394.0,STENOSI MITRALICA
394.1,INSUFFICIENZA MITRALICA REUMATICA
394.2,STENO-INSUFFICIENZA MITRALICA
394.9,ALTRE E NON SPECIFICATE MALATTIE DELLA VALVOLA MITRALE
395,MALATTIE DELLA VALVOLA AORTICA
395.0,STENOSI AORTICA REUMATICA
395.1,INSUFFICIENZA AORTICA REUMATICA
395.2,STENO-INSUFFICIENZA AORTICA REUMATICA
395.9,ALTRE E NON SPECIFICATE MALATTIE REUMATICHE DELL'AORTA
396,MALATTIE DELLE VALVOLE MITRALE E AORTICA
396.0,STENOSI DELLA VALVOLA MITRALE E DELLA VALVOLA AORTICA
396.1,STENOSI DELLA VALVOLA MITRALE E INSUFFICIENZA DELLA VALVOLA AORTICA
396.2,INSUFFICIENZA DELLA VALVOLA MITRALE E STENOSI DELLA VALVOLA AORTICA
396.3,INSUFFICIENZA DELLA VALVOLA MITRALE E DELLA VALVOLA AORTICA
396.8,INTERESSAMENTO MULTIPLO DELLA VALVOLA MITRALE E DELLA VALVOLA AORTICA
396.9,"MALATTIE DELLA VALVOLA MITRALE E DELLA VALVOLA AORTICA,NON SPECIFICATE"
397,MALATTIE DI ALTRE STRUTTURE ENDOCARDICHE
397.0,MALATTIE DELLA VALVOLA TRICUSPIDE
397.1,MALATTIE REUMATICHE DELLA VALVOLA POLMONARE
397.9,"MALATTIE REUMATICHE DELL'ENDOCARDIO,VALVOLA NON SPECIFICATA"
398,ALTRE CARDIOPATIE REUMATICHE
398.0,MIOCARDITE REUMATICA
398.9,ALTRE E NON SPECIFICATE MALATTIE REUMATICHE DEL CUORE
398.90,"CARDIOPATIA REUMATICA,NON SPECIFICATA"
398.91,INSUFFICIENZA REUMATICA DEL CUORE (CONGESTIZIA)
398.99,ALTRA MALATTIA REUMATICA DEL CUORE
401,IPERTENSIONE ESSENZIALE
401.0,IPERTENSIONE ESSENZIALE MALIGNA
401.1,IPERTENSIONE ESSENZIALE BENIGNA
401.9,IPERTENSIONE ESSENZIALE NON SPECIFICATA
402,CARDIOPATIA IPERTENSIVA
402.0,CARDIOPATIA IPERTENSIVA MALIGNA
402.00,CARDIOPATIA IPERTENSIVA MALIGNA SENZA INSUFFICIENZA CARDIACA
402.01,CARDIOPATIA IPERTENSIVA MALIGNA CON INSUFFICIENZA CARDIACA
402.1,CARDIOPATIA IPERTENSIVA BENIGNA
402.10,CARDIOPATIA IPERTENSIVA BENIGNA SENZA INSUFFICIENZA CARDIACA
402.11,CARDIOPATIA IPERTENSIVA BENIGNA CON INSUFFICIENZA CARDIACA
402.9,CARDIOPATIA IPERTENSIVA NON SPECIFICATA
402.90,CARDIOPATIA IPERTENSIVA NON SPECIFICATA SENZA INSUFFICIENZA CARDIACA
402.91,CARDIOPATIA IPERTENSIVA NON SPECIFICATA CON INSUFFICIENZA CARDIACA
403,NEFROPATIA IPERTENSIVA
403.0,NEFROPATIA IPERTENSIVA MALIGNA
403.00,"NEFROPATIA IPERTENSIVA MALIGNA CON PATOLOGIA RENALE CRONICA DALLO STADIO I ALLO STADIO IV,O NON"
403.01,NEFROPATIA IPERTENSIVA MALIGNA CON PATOLOGIA RENALE CRONICA DI STADIO V O DI STADIO TERMINALE
403.1,NEFROPATIE IPERTENSIVA BENIGNA
403.10,"NEFROPATIA IPERTENSIVA BENIGNA CON PATOLOGIA RENALE CRONICA DALLO STADIO I ALLO STADIO IV,O NON"
403.11,NEFROPATIA IPERTENSIVA BENIGNA CON PATOLOGIA RENALE CRONICA DI STADIO V O DI STADIO TERMINALE
403.9,NEFROPATIA IPERTENSIVA NON SPECIFICATA
403.90,"NEFROPATIA IPERTENSIVA NON SPECIFICATA CON PATOLOGIA RENALE CRONICA DALLO STADIO I ALLO STADIO IV,O NON"
403.91,NEFROPATIA IPERTENSIVA NON SPECIFICATA CON PATOLOGIA RENALE CRONICA DI STADIO V O DI STADIO TERMINALE
404,CARDIONEFROPATIA IPERTENSIVA
404.0,CARDIONEFROPATIA IPERTENSIVA MALIGNA
404.00,CARDIONEFROPATIA IPERTENSIVA MALIGNA SENZA INSUFFICIENZA CARDIACA E CON PATOLOGIA RENALE CRONICA
404.01,CARDIONEFROPATIA IPERTENSIVA MALIGNA CON INSUFFICIENZA CARDIACA E CON PATOLOGIA RENALE CRONICA
404.02,CARDIONEFROPATIA IPERTENSIVA MALIGNA SENZA INSUFFICIENZA CARDIACA E CON
404.03,CARDIONEFROPATIA IPERTENSIVA MALIGNA CON INSUFFICIENZA CARDIACA E CON PATOLOGIA RENALE CRONICA DI
404.1,CARDIONEFROPATIA IPERTENSIVA BENIGNA
404.10,CARDIONEFROPATIA IPERTENSIVA BENIGNA SENZA INSUFFICIENZA CARDIACA E CON PATOLOGIA RENALE CRONICA
404.11,CARDIONEFROPATIA IPERTENSIVA BENIGNA CON INSUFFICIENZA CARDIACA E CON PATOLOGIA RENALE CRONICA
404.12,CARDIONEFROPATIA IPERTENSIVA BENIGNA SENZA INSUFFICIENZA CARDIACA E CON PATOLOGIA RENALE CRONICA
404.13,CARDIONEFROPATIA IPERTENSIVA BENIGNA CON INSUFFICIENZA CARDIACA E CON PATOLOGIA RENALE CRONICA DI
404.9,CARDIONEFROPATIA IPERTENSIVA NON SPECIFICATA
404.90,CARDIONEFROPATIA IPERTENSIVA NON SPECIFICATA SENZA INSUFFICIENZA CARDIACA E CON PATOLOGIA RENALE
404.91,CARDIONEFROPATIA IPERTENSIVA NON SPECIFICATA CON INSUFFICIENZA CARDIACA E CON PATOLOGIA RENALE
404.92,CARDIONEFROPATIA IPERTENSIVA NON SPECIFICATA SENZA INSUFFICIENZA CARDIACA E CON PATOLOGIA
404.93,CARDIONEFROPATIA IPERTENSIVA NON SPECIFICATA CON INSUFFICIENZA CARDIACA E CON PATOLOGIA RENALE
405,IPERTENSIONE SECONDARIA
405.0,IPERTENSIONE SECONDARIA MALIGNA
405.01,IPERTENSIONE RENOVASCOLARE MALIGNA
405.09,IPERTENSIONE SECONDARIA MALIGNA DI ALTRA ORIGINE
405.1,IPERTENSIONE SECONDARIA BENIGNA
405.11,IPERTENSIONE RENOVASCOLARE BENIGNA
405.19,IPERTENSIONE SECONDARIA BENIGNA DI ALTRA ORIGINE
405.9,IPERTENSIONE SECONDARIA NON SPECIFICATA
405.91,IPERTENSIONE RENOVASCOLARE
405.99,IPERTENSIONE SECONDARIA DI ALTRA ORIGINE
410,INFARTO MIOCARDICO ACUTO
410.0,INFARTO MIOCARDICO ACUTO DELLA PARETE ANTEROLATERALE
410.00,INFARTO MIOCARDICO ACUTO DELLA PARETE ANTEROLATERALE CON TRATTO ST ELEVATO (STEM)
410.01,"INFARTO MIOCARDICO ACUTO DELLA PARETE ANTEROLATERALE,EPISODIO INIZIALE DI ASSISTENZA"
410.02,"INFARTO MIOCARDICO ACUTO DELLA PARETE ANTEROLATERALE,EPISODIO SUCCESSIVO DI ASSISTENZA"
410.1,INFARTO MIOCARDICO ACUTO DI ALTRA PARTE DELLA PARETE ANTERIORE
410.10,"INFARTO MIOCARDICO ACUTO DI ALTRA PARTE DELLA PARETE ANTERIORE,EPISODIO DI ASSISTENZA NON SPECIFICATO"
410.11,"INFARTO MIOCARDICO ACUTO DI ALTRA PARTE DELLA PARETE ANTERIORE,EPISODIO INIZIALE DI ASSISTENZA"
410.12,"INFARTO MIOCARDICO ACUTO DI ALTRA PARTE DELLA PARETE ANTERIORE,EPISODIO SUCCESSIVO DI ASSISTENZA"
410.2,INFARTO MIOCARDICO ACUTO DELLA PARETE INFEROLATERALE
410.20,"INFARTO MIOCARDICO ACUTO DELLA PARETE INFEROLATERALE,EPISODIO DI ASSISTENZA NON SPECIFICATO"
410.21,"INFARTO MIOCARDICO ACUTO DELLA PARETE INFEROLATERALE,EPISODIO INIZIALE DI ASSISTENZA"
410.22,"INFARTO MIOCARDICO ACUTO DELLA PARETE INFEROLATERALE,EPISODIO SUCCESSIVO DI ASSISTENZA"
410.3,INFARTO MIOCARDICO ACUTO DELLA PARETE INFEROPOSTERIORE
410.30,"INFARTO MIOCARDICO ACUTO DELLA PARETE INFEROPOSTERIORE,EPISODIO DI ASSISTENZA NON SPECIFICATO"
410.31,"INFARTO MIOCARDICO ACUTO DELLA PARETE INFEROPOSTERIORE,EPISODIO INIZIALE DI ASSISTENZA"
410.32,"INFARTO MIOCARDICO ACUTO DELLA PARETE INFEROPOSTERIORE,EPISODIO SUCCESSIVO DI ASSISTENZA"
410.4,INFARTO MIOCARDICO ACUTO DI ALTRA PARTE DELLA PARETE INFERIORE
410.40,"INFARTO MIOCARDICO ACUTO DI ALTRA PARTE DELLA PARETE INFERIORE,EPISODIO DI ASSISTENZA NON SPECIFICATO"
410.41,"INFARTO MIOCARDICO ACUTO DI ALTRA PARTE DELLA PARETE INFERIORE,EPISODIO INIZIALE DI ASSISTENZA"
410.42,"INFARTO MIOCARDICO ACUTO DI ALTRA PARTE DELLA PARETE INFERIORE,EPISODIO SUCCESSIVO DI ASSISTENZA"
410.5,INFARTO MIOCARDICO ACUTO DI ALTRA PARTE DELLA PARETE LATERALE
410.50,"INFARTO MIOCARDICO ACUTO DI ALTRA PARTE DELLA PARETE LATERALE,EPISODIO DI ASSISTENZA NON SPECIFICATO"
410.51,"INFARTO MIOCARDICO ACUTO DI ALTRA PARTE DELLA PARETE LATERALE,EPISODIO INIZIALE DI ASSISTENZA"
410.52,"INFARTO MIOCARDICO ACUTO DI ALTRA PARTE DELLA PARETE LATERALE,EPISODIO SUCCESSIVO DI ASSISTENZA"
410.6,INFARTO VERO DELLA PARETE POSTERIORE
410.60,"INFARTO STRETTAMENTE POSTERIORE,EPISODIO DI ASSISTENZA NON SPECIFICATO"
410.61,"INFARTO STRETTAMENTE POSTERIORE,EPISODIO INIZIALE DI ASSISTENZA"
410.62,"INFARTO STRETTAMENTE POSTERIORE,EPISODIO SUCCESSIVO DI ASSISTENZA"
410.7,INFARTO SUBENDOCARDICO
410.70,"INFARTO SUBENDOCARDICO,EPISODIO DI ASSISTENZA NON SPECIFICATO"
410.71,"INFARTO SUBENDOCARDICO,EPISODIO INIZIALE DI ASSISTENZA"
410.72,"INFARTO SUBENDOCARDICO,EPISODIO SUCCESSIVO DI ASSISTENZA"
410.8,INFARTO MIOCARDICO ACUTO DI ALTRE SEDI SPECIFICATE
410.80,"INFARTO MIOCARDICO ACUTO DI ALTRE SEDI SPECIFICATE,EPISODIO DI ASSISTENZA NON SPECIFICATO"
410.81,"INFARTO MIOCARDICO ACUTO DI ALTRE SEDI SPECIFICATE,EPISODIO INIZIALE DI ASSISTENZA"
410.82,"INFARTO MIOCARDICO ACUTO DI ALTRE SEDI SPECIFICATE,EPISODIO SUCCESSIVO DI ASSISTENZA"
410.9,INFARTO MIOCARDICO ACUTO A SEDE NON SPECIFICATA
410.90,"INFARTO MIOCARDICO ACUTO A SEDE NON SPECIFICATA,EPISODIO DI ASSISTENZA NON SPECIFICATO"
410.91,"INFARTO MIOCARDICO ACUTO A SEDE NON SPECIFICATA,EPISODIO INIZIALE DI ASSISTENZA"
410.92,"INFARTO MIOCARDICO ACUTO A SEDE NON SPECIFICATA,EPISODIO SUCCESSIVO DI ASSISTENZA"
411,ALTRE FORME ACUTE E SUBACUTE DI CARDIOPATIA ISCHEMICA
411.0,SINDROME POST-INFARTUALE
411.1,SINDROME CORONARICA INTERMEDIA
411.8,"FORME DIVERSE, ACUTE E SUBACUTE, DI CARDIOPATIA ISCHEMICA"
411.81,OCCLUSIONE CORONARICA ACUTA SENZA INFARTO MIOCARDICO
411.89,"ULTERIORI FORME,ACUTE E SUBACUTE DI CARDIOPATIA ISCHEMICA"
412,INFARTO MIOCARDICO PREGRESSO
413,ANGINA PECTORIS
413.0,ANGINA DA DECUBITO
413.1,ANGINA DI PRINZMETAL
413.9,ALTRE E NON SPECIFICATE FORME DI ANGINA PECTORIS
414,ALTRE FORME DI CARDIOPATIA ISCHEMICA CRONICA
414.0,ATEROSCLEROSI CORONARICA
414.00,"ATEROSCLEROSI CORONARICA DI VASO NON SPECIFICATO,NATIVO O BYPASS"
414.01,ATEROSCLEROSI CORONARICA DI ARTERIA CORONARICA NATIVA
414.02,ATEROSCLEROSI CORONARICA DI BYPASS VENOSO AUTOLOGO
414.03,ATEROSCLEROSI CORONARICA DI BYPASS BIOLOGICO NON AUTOLOGO
414.04,ATEROSCLEROSI CORONARICA DI BYPASS ARTERIOSO
414.05,ATEROSCLEROSI CORONARICA DI BYPASS NON SPECIFICATO
414.06,ATEROSCLEROSI DELLA CORONARIA NATIVA IN CUORE TRAPIANTATO
414.07,DI BYPASS (ARTERIA) (VENA) IN UN CUORE TRAPIANTATO
414.1,ANEURISMA CARDIACO
414.10,ANEURISMA CARDIACO (PARETE)
414.11,ANEURISMA DEI VASI CORONARICI
414.12,DISSEZIONE DELL'ARTERIA CORONARICA
414.19,ALTRO ANEURISMA CARDIACO
414.8,ALTRE FORME SPECIFICATE DI CARDIOPATIA ISCHEMICA CRONICA
414.9,CARDIOPATIA ISCHEMICA CRONICA NON SPECIFICATA
415,MALATTIA CARDIOPOLMONARE ACUTA
415.0,CUORE POLMONARE ACUTO
415.1,EMBOLIA POLMONARE E INFARTO POLMONARE
415.11,EMBOLIA POLMONARE E INFARTO POLMONARE IATROGENI
415.19,ALTRE FORME DI EMBOLIA POLMONARE E INFARTO POLMONARE
416,MALATTIA CARDIOPOLMONARE CRONICA
416.0,IPERTENSIONE POLMONARE PRIMITIVA
416.1,CARDIOPATIA CIFOSCOLIOTICA
416.8,ALTRE FORME DI MALATTIA CARDIOPOLMONARE
416.9,"MALATTIA CARDIOPOLMONARE CRONICA,NON SPECIFICATA"
417,ALTRE MALATTIE DEL CIRCOLO POLMONARE
417.0,FISTOLA ARTEROVENOSA DEI VASI POLMONARI
417.1,ANEURISMA DELL'ARTERIA POLMONARE
417.8,ALTRE MALATTIE DEL CIRCOLO POLMONARE
417.9,ALTRE MALATTIE DEL CIRCOLO POLMONARE NON SPECIFICATE
420,PERICARDITE ACUTA
420.0,PERICARDITE IN MALATTIE CLASSIFICATE ALTROVE
420.9,ALTRE E NON SPECIFICATE PERICARDITI ACUTE
420.90,PERICARDITE ACUTA NON SPECIFICATA
420.91,PERICARDITE ACUTA IDIOPATICA
420.99,ALTRE FORME DI PERICARDITE ACUTA
421,ENDOCARDITE ACUTA E SUBACUTA
421.0,ENDOCARDITE BATTERICA ACUTA E SUBACUTA
421.1,ENDOCARDITE INFETTIVA ACUTA E SUBACUTA IN MALATTIE CLASSIFICATE ALTROVE
421.9,ENDOCARDITE ACUTA NON SPECIFICATA
422,MIOCARDITE ACUTA
422.0,MIOCARDITE ACUTA IN MALATTIE CLASSIFICATE ALTROVE
422.9,ALTRE E NON SPECIFICATE MIOCARDITI ACUTE
422.90,MIOCARDITE ACUTA NON SPECIFICATA
422.91,MIOCARDITE IDIOPATICA
422.92,MIOCARDITE SETTICA
422.93,MIOCARDITE TOSSICA
422.99,ALTRA MIOCARDITE ACUTA
423,ALTRE MALATTIE DEL PERICARDIO
423.0,EMOPERICARDIO
423.1,PERICARDITE ADESIVA
423.2,PERICARDITE COSTRITTIVA
423.8,ALTRE MALATTIE SPECIFICATE DEL PERICARDIO
423.9,MALATTIE NON SPECIFICATE DEL PERICARDIO
424,ALTRE MALATTIE DELL'ENDOCARDIO
424.0,DISTURBI DELLA VALVOLA MITRALE
424.1,DISTURBI DELLA VALVOLA AORTICA
424.2,"DISTURBI DELLA VALVOLA TRICUSPIDE,SPECIFICATI COME NON REUMATICI"
424.3,DISTURBI DELLA VALVOLA POLMONARE
424.9,"ENDOCARDITE, VALVOLA NON SPECIFICATA"
424.90,"ENDOCARDITE,VALVOLA NON SPECIFICATA,CAUTILIZZARE NON SPECIFICATA"
424.91,ENDOCARDITE IN MALATTIE CLASSIFICATE ALTROVE
424.99,"ALTRE ENDOCARDITI,VALVOLE NON SPECIFICATE"
425,CARDIOMIOPATIE
425.0,FIBROSI ENDOMIOCARDICA
425.1,CARDIOMIOPATIA IPERTROFICA OSTRUTTIVA
425.2,MALATTIA DI BECKER
425.3,FIBROELASTOSI ENDOCARDICA
425.4,ALTRE CARDIOMIOPATIE PRIMITIVE
425.5,CARDIOMIOPATIA ALCOOLICA
425.7,CARDIOMIOPATIE NUTRITIVE E METABOLICHE
425.8,CARDIOMIOPATIA IN ALTRE MALATTIE CLASSIFICATE ALTROVE
425.9,"CARDIOMIOPATIA SECONDARIA,NON SPECIFICATA"
426,DISTURBI DELLA CONDUZIONE
426.0,BLOCCO ATRIOVENTRICOLARE COMPLETO
426.1,ALTRO E NON SPECIFICATO BLOCCO ATRIOVENTRICOLARE
426.10,BLOCCO ATRIOVENTRICOLARE NON SPECIFICATO
426.11,BLOCCO ATRIOVENTRICOLARE DI PRIMO GRADO
426.12,"BLOCCO ATRIOVENTRICOLARE DI SECONDO GRADO,MOBITZ II"
426.13,ALTRO BLOCCO ATRIOVENTRICOLARE DI SECONDO GRADO
426.2,EMIBLOCCO DI BRANCA SINISTRA
426.3,ALTRO BLOCCO COMPLETO DI BRANCA SINISTRA
426.4,BLOCCO COMPLETO DI BRANCA DESTRA
426.5,ALTRO E NON SPECIFICATO BLOCCO DI BRANCA
426.50,BLOCCO DI BRANCA NON SPECIFICATO
426.51,BLOCCO DI BRANCA DESTRA E BLOCCO FASCICOLARE SINISTRO POSTERIORE
426.52,BLOCCO DI BRANCA DESTRA E BLOCCO FASCICOLARE SINISTRO ANTERIORE
426.53,ALTRO BLOCCO BILATERALE DI BRANCA DEL FASCIO DI HIS
426.54,BLOCCO TRIFASCICOLARE
426.6,ALTRO BLOCCO CARDIACO
426.7,ECCITAZIONE ATRIOVENTRICOLARE ANOMALA
426.8,ALTRI DISTURBI SPECIFICATI DELLA CONDUZIONE
426.81,SINDROME DI LOWN-GANONG-LEVINE
426.82,SINDROME DEL QT LUNGO
426.89,ALTRI DISTURBI DI CONDUZIONE SPECIFICATI
426.9,DISTURBI DELLA CONDUZIONE NON SPECIFICATI
427,ARITMIE CARDIACHE
427.0,TACHICARDIA PAROSSISTICA SOPRAVENTRICOLARE
427.1,TACHICARDIA PAROSSISTICA VENTRICOLARE
427.2,TACHICARDIA PAROSSISTICA NON SPECIFICATA
427.3,FIBRILLAZIONE E FLUTTER ATRIALI
427.31,FIBRILLAZIONE ATRIALE
427.32,FLUTTER ATRIALE
427.4,FIBRILLAZIONE E FLUTTER VENTRICOLARI
427.41,FIBRILLAZIONE VENTRICOLARE
427.42,FLUTTER VENTRICOLARE
427.5,ARRESTO CARDIACO
427.6,BATTITI PREMATURI
427.60,BATTITI PREMATURI NON SPECIFICATI
427.61,EXTRASISTOLE AURICOLARE
427.69,ALTRE BATTITI PREMATURI
427.8,ALTRE ARITMIE CARDIACHE SPECIFICATE
427.81,DISFUNZIONE DEL NODO SENOATRIALE
427.89,ALTRE ARITMIE CARDIACHE SPECIFICATE
427.9,DISTURBI DEL RITMO CARDIACO NON SPECIFICATI
428,INSUFFICIENZA CARDIACA (SCOMPENSO CARDIACO)
428.0,INSUFFICIENZA CARDIACA CONGESTIZIA NON SPECIFICATA (SCOMPENSO CARDIACO CONGESTIZIO NON SPECIFICATO)
428.1,INSUFFICIENZA DEL CUORE SINISTRO (SCOMPENSO CARDIACO SINISTRO)
428.2,INSUFFICIENZA CARDIACA SISTOLICA
428.20,INSUFFICIENZA CARDIACA SISTOLICA NON SPECIFICATA
428.21,INSUFFICIENZA CARDIACA SISTOLICA ACUTA
428.22,INSUFFICIENZA CARDIACA SISTOLICA CRONICA
428.23,INSUFFICIENZA CARDIACA SISTOLICA ACUTA E CRONICA
428.3,INSUFFICIENZA CARDIACA DIASTOLICA
428.30,INSUFFICIENZA CARDIACA DIASTOLICA NON SPECIFICATA
428.31,INSUFFICIENZA CARDIACA DIASTOLICA ACUTA
428.32,INSUFFICIENZA CARDIACA DIASTOLICA CRONICA
428.33,INSUFFICIENZA CARDIACA DIASTOLICA ACUTA E CRONICA
428.4,INSUFFICIENZA CARDIACA SISTOLICA E DIASTOLICA
428.40,INSUFFICIENZA CARDIACA SISTOLICA E DIASTOLICA COMBINATA NON SPECIFICATA
428.41,INSUFFICIENZA CARDIACA SISTOLICA E DIASTOLICA COMBINATA ACUTA
428.42,INSUFFICIENZA CARDIACA SISTOLICA E DIASTOLICA COMBINATA CRONICA
428.43,INSUFFICIENZA CARDIACA SISTOLICA E DIASTOLICA COMBINATA ACUTA E CRONICA
428.9,INSUFFICIENZA CARDIACA NON SPECIFICATA (SCOMPENSO CARDIACO NON SPECIFICATO)
429,FORME E COMPLICAZIONI MAL DEFINITE DI CARDIOPATIE
429.0,MIOCARDITE NON SPECIFICATA
429.1,DEGENERAZIONE MIOCARDICA
429.2,MALATTIA CARDIOVASCOLARE NON SPECIFICATA
429.3,CARDIOMEGALIA
429.4,DISTURBI FUNZIONALI CONSEGUENTI A CHIRURGIA CARDIACA
429.5,ROTTURA DI CORDA TENDINEA
429.6,ROTTURA DI MUSCOLO PAPILLARE
429.7,ALCUNI POSTUMI DI INFARTO MIOCARDICO NON CLASSIFICATI ALTROVE
429.71,DIFETTO SETTALE ACQUISITO
429.79,ALTRI POSTUMI DI INFARTO MIOCARDICO NON CLASSIFICATI ALTROVE
429.8,ALTRE CARDIOPATIE MAL DEFINITE
429.81,ALTRE ALTERAZIONI DEL MUSCOLO PAPILLARE
429.82,CARDIOPATIA IPERCINETICA
429.83,SINDROME DI TAKOTSUBO
429.89,ALTRE CARDIOPATIE MAL DEFINITE
429.9,CARDIOPATIA NON SPECIFICATA
430,EMORRAGIA SUBARACNOIDEA
431,EMORRAGIA CEREBRALE
432,ALTRE E NON SPECIFICATE EMORRAGIE INTRACRANICHE
432.0,EMORRAGIA EXTRADURALE NON TRAUMATICA
432.1,EMORRAGIA SUBDURALE
432.9,EMORRAGIA INTRACRANICA NON SPECIFICATA
433,OCCLUSIONE E STENOSI DELLE ARTERIE PRECEREBRALI
433.0,OCCLUSIONE E STENOSI DELLA ARTERIA BASILARE
433.00,OCCLUSIONE E STENOSI DELLA ARTERIA BASILARE SENZA MENZIONE DI INFARTO CEREBRALE
433.01,OCCLUSIONE E STENOSI DELLA ARTERIA BASILARE CON INFARTO CEREBRALE
433.1,OCCLUSIONE E STENOSI DELLA CAROTIDE
433.10,OCCLUSIONE E STENOSI DELLA CAROTIDE SENZA MENZIONE DI INFARTO CEREBRALE
433.11,OCCLUSIONE E STENOSI DELLA CAROTIDE CON INFARTO CEREBRALE
433.2,OCCLUSIONE E STENOSI DELLA ARTERIA VERTEBRALE
433.20,OCCLUSIONE E STENOSI DELLA ARTERIA VERTEBRALE SENZA MENZIONE DI INFARTO CEREBRALE
433.21,OCCLUSIONE E STENOSI DELLA ARTERIA VERTEBRALE CON INFARTO CEREBRALE
433.3,OCCLUSIONI E STENOSI MULTIPLE E BILATERALI DELLE ARTERIE PRECEREBRALI
433.30,OCCLUSIONI E STENOSI MULTIPLE E BILATERALI DELLE ARTERIE PRECEREBRALI SENZA MENZIONE DI INFARTO CEREBRALE
433.31,OCCLUSIONI E STENOSI MULTIPLE E BILATERALI DELLE ARTERIE PRECEREBRALI CON INFARTO CEREBRALE
433.8,OCCLUSIONE E STENOSI DI ALTRE ARTERIE PRECEREBRALI SPECIFICATE
433.80,OCCLUSIONE E STENOSI DI ALTRE ARTERIE PRECEREBRALI SPECIFICATE SENZA MENZIONE DI INFARTO CEREBRALE
433.81,OCCLUSIONE E STENOSI DI ALTRE ARTERIE PRECEREBRALI SPECIFICATE CON INFARTO CEREBRALE
433.9,OCCLUSIONE E STENOSI DI ARTERIA PRECEREBRALE NON SPECIFICATA
433.90,OCCLUSIONE E STENOSI DI ARTERIA PRECEREBRALE NON SPECIFICATA SENZA MENZIONE DI INFARTO CEREBRALE
433.91,OCCLUSIONE E STENOSI DI ARTERIA PRECEREBRALE NON SPECIFICATA CON INFARTO CEREBRALE
434,OCCLUSIONE DELLE ARTERIE CEREBRALI
434.0,TROMBOSI CEREBRALE
434.00,TROMBOSI CEREBRALE SENZA MENZIONE DI INFARTO CEREBRALE
434.01,TROMBOSI CEREBRALE CON INFARTO CEREBRALE
434.1,EMBOLIA CEREBRALE
434.10,EMBOLIA CEREBRALE SENZA MENZIONE DI INFARTO CEREBRALE
434.11,EMBOLIA CEREBRALE CON INFARTO CEREBRALE
434.9,"OCCLUSIONE DI ARTERIA CEREBRALE, NON SPECIFICATA"
434.90,OCCLUSIONE DI ARTERIA CEREBRALE NON SPECIFICATA SENZA MENZIONE DI INFARTO CEREBRALE
434.91,OCCLUSIONE DI ARTERIA CEREBRALE NON SPECIFICATA CON INFARTO CEREBRALE
435,ISCHEMIA CEREBRALE TRANSITORIA
435.0,SINDROME DELL'ARTERIA BASILARE
435.1,SINDROME DELL'ARTERIA VERTEBRALE
435.2,SINDROME DEL FURTO DELLA SUCCLAVIA
435.3,SINDROME DELL'ARTERIA VERTEBROBASILARE
435.8,ALTRA ISCHEMIA CEREBRALE TRANSITORIA SPECIFICATA
435.9,ISCHEMIA CEREBRALE TRANSITORIA NON SPECIFICATA
436,"VASCULOPATIE CEREBRALI ACUTE,MAL DEFINITE"
437,ALTRE E MAL DEFINITE VASCULOPATIE CEREBRALI
437.0,ATEROSCLEROSI CEREBRALE
437.1,ALTRE VASCULOPATIE ISCHEMICHE CEREBRALI GENERALIZZATE
437.2,ENCEFALOPATIA IPERTENSIVA
437.3,ANEURISMA CEREBRALE SENZA ROTTURA
437.4,ARTERITE CEREBRALE
437.5,MALATTIA MOYAMOYA
437.6,TROMBOSI NON PIOGENA DEI SENI VENOSI INTRACRANICI
437.7,AMNESIA TOTALE TRANSITORIA
437.8,ALTRE VASCULOPATIE CEREBRALI
437.9,VASCULOPATIE CEREBRALI NON SPECIFICATE
438,POSTUMI DELLE MALATTIE CEREBROVASCOLARI
438.0,DEFICIT COGNITIVO
438.1,DEFICIT NELLA PAROLA E NEL LINGUAGGIO
438.10,"DEFICIT NELLA PAROLA E NEL LINGUAGGIO,NON SPECIFICATO"
438.11,AFASIA
438.12,DISFASIA
438.19,ALTRI DEFICIT NELLA PAROLA E NEL LINGUAGGIO
438.2,EMIPLEGIA/EMIPARESI
438.20,EMIPLEGIA A SEDE EMISFERICA NON SPECIFICATA
438.21,EMIPLEGIA DELL'EMISFERO DOMINANTE
438.22,EMIPLEGIA DELL'EMISFERO NON DOMINANTE
438.3,MONOPLEGIA DEGLI ARTI SUPERIORI
438.30,MONOPLEGIA DEGLI ARTI SUPERIORI A SEDE EMISFERICA NON SPECIFICATA
438.31,MONOPLEGIA DEGLI ARTI SUPERIORI DELL'EMISFERO DOMINANTE
438.32,MONOPLEGIA DEGLI ARTI SUPERIORI DELL'EMISFERO NON DOMINANTE
438.4,MONOPLEGIA DEGLI ARTI INFERIORI
438.40,MONOPLEGIA DEGLI ARTI INFERIORI A SEDE EMISFERICA NON SPECIFICATA
438.41,MONOPLEGIA DEGLI ARTI INFERIORI DELL'EMISFERO DOMINANTE
438.42,MONOPLEGIA DEGLI ARTI INFERIORI RELATIVA DELL'EMISFERO NON DOMINANTE
438.5,ALTRE SINDROMI PARALITICHE
438.50,ALTRE SINDROMI PARALITICHE A SEDE EMISFERICA NON SPECIFICATA
438.51,ALTRE SINDROMI PARALITICHE DELL'EMISFERO DOMINANTE
438.52,ALTRE SINDROMI PARALITICHE DELL'EMISFERO NON DOMINANTE
438.53,"ALTRE SINDROMI PARALITICHE,BILATERALI"
438.6,ALTERAZIONE DELLA SENSIBILIT@
438.7,DISTURBI DELLA VISTA
438.8,ALTRI POSTUMI DI MALATTIE CEREBROVASCOLARI
438.81,APRASSIA
438.82,DISFAGIA
438.83,DEBOLEZZA DEI MUSCOLI FACCIALI
438.84,ATASSIA
438.85,VERTIGINI
438.89,ALTRI POSTUMI DI MALATTIE CEREBROVASCOLARI
438.9,POSTUMI NON SPECIFICATI DI MALATTIE CEREBROVASCOLARI
440,ATEROSCLEROSI
440.0,ATEROSCLEROSI DELL'AORTA
440.1,ATEROSCLEROSI DELLE ARTERIE RENALI
440.2,ATEROSCLEROSI DELLE ARTERIE NATIVE DEGLI ARTI
440.20,"ATEROSCLEROSI DELLE ARTERIE NATIVE DEGLI ARTI,NON SPECIFICATA"
440.21,ATEROSCLEROSI DELLE ARTERIE NATIVE DEGLI ARTI CON CLAUDICAZIONE INTERMITTENTE
440.22,ATEROSCLEROSI DELLE ARTERIE NATIVE DEGLI ARTI CON DOLORE A RIPOSO
440.23,ATEROSCLEROSI DELLE ARTERIE NATIVE DEGLI ARTI CON ULCERAZIONI
440.24,ATEROSCLEROSI DELLE ARTERIE NATIVE DEGLI ARTI CON GANGRENA
440.29,ALTRE ATEROSCLEROSI DELLE ARTERIE NATIVE DEGLI ARTI
440.3,ATEROSCLEROSI DI INNESTO VASCOLARE DEGLI ARTI
440.30,ATEROSCLEROSI DI INNESTO NON SPECIFICATO DEGLI ARTI
440.31,ATEROSCLEROSI DI INNESTO VENOSO AUTOLOGO DEGLI ARTI
440.32,ATEROSCLEROSI DI INNESTO VASCOLARE NATURALE NON AUTOLOGO DEGLI ARTI
440.8,ATEROSCLEROSI DI ALTRE ARTERIE SPECIFICATE
440.9,ATEROSCLEROSI GENERALIZZATA E NON SPECIFICATA
441,ANEURISMA DELL'AORTA E DISSEZIONE
441.0,DISSEZIONE DELL'AORTA
441.00,DISSEZIONE DELL'AORTA DI SEDE NON SPECIFICATA
441.01,"DISSEZIONE DELL'AORTA,TORACICA"
441.02,"DISSEZIONE DELL'AORTA,ADDOMINALE"
441.03,DISSEZIONE DELL'AORTA TORACOADDOMINALE
441.1,ROTTURA DI ANEURISMA TORACICO
441.2,ANEURISMA TORACICO SENZA MENZIONE DI ROTTURA
441.3,ROTTURA DI ANEURISMA ADDOMINALE
441.4,ANEURISMA ADDOMINALE SENZA MENZIONE DI ROTTURA
441.5,"ROTTURA DI ANEURISMA AORTICO,DI SEDE NON SPECIFICATA"
441.6,ROTTURA DI ANEURISMA TORACOADDOMINALE
441.7,ANEURISMA TORACOADDOMINALE SENZA MENZIONE DI ROTTURA
441.9,"ANEURISMA AORTICO DI SEDE NON SPECIFICATA,SENZA MENZIONE DI ROTTURA"
442,ALTRI ANEURISMI
442.0,ANEURISMA DELLE ARTERIE DEGLI ARTI SUPERIORI
442.1,ANEURISMA DELL'ARTERIA RENALE
442.2,ANEURISMA DELL'ARTERIA ILIACA
442.3,ANEURISMA DELLE ARTERIE DEGLI ARTI INFERIORI
442.8,ANEURISMA DI ALTRE ARTERIE SPECIFICATE
442.81,ANEURISMA DELL'ARTERIA DEL COLLO
442.82,ANEURISMA DELL'ARTERIA SUCCLAVIA
442.83,ANEURISMA DELL'ARTERIA SPLENICA
442.84,ANEURISMA DI ALTRE ARTERIE VISCERALI
442.89,ANEURISMA DI ALTRE SEDI SPECIFICATE
442.9,ANEURISMA DI SEDE NON SPECIFICATA
443,ALTRE MALATTIE VASCOLARI PERIFERICHE
443.0,SINDROME DI RAYNAUD
443.1,TROMBOANGIOITE OBLITERANTE (MORBO DI BUERGER)
443.2,ALTRE DISSEZIONI DI ARTERIE
443.21,DISSEZIONE DELL'ARTERIA CAROTIDE
443.22,DISSEZIONE DELL'ARTERIA ILIACA
443.23,DISSEZIONE DELL'ARTERIA RENALE
443.24,DISSEZIONE DELL'ARTERIA VERTEBRALE
443.29,DISSEZIONE DI UN'ALTRA ARTERIA
443.8,ALTRE MALATTIE VASCOLARI PERIFERICHE SPECIFICATE
443.81,ANGIOPATIA PERIFERICA IN MALATTIE CLASSIFICATE ALTROVE
443.82,ERITROMELALGIA
443.89,ALTRE MALATTIE VASCOLARI PERIFERICHE
443.9,MALATTIA VASCOLARE PERIFERICA NON SPECIFICATA
444,EMBOLIA E TROMBOSI ARTERIOSE
444.0,EMBOLIA E TROMBOSI DELL'AORTA ADDOMINALE
444.1,EMBOLIA E TROMBOSI DELL'AORTA TORACICA
444.2,EMBOLIA E TROMBOSI DELLE ARTERIE DEGLI ARTI
444.21,EMBOLIA E TROMBOSI DELLE ARTERIE DEGLI ARTI SUPERIORI
444.22,EMBOLIA E TROMBOSI DELLE ARTERIE DEGLI ARTI INFERIORI
444.8,EMBOLIA E TROMBOSI DI ALTRE ARTERIE SPECIFICATE
444.81,EMBOLIA E TROMBOSI DELL'ARTERIA ILIACA
444.89,EMBOLIA E TROMBOSI DI ALTRE ARTERIE
444.9,EMBOLIA E TROMBOSI DI ARTERIA NON SPECIFICATA
445,ATEROEMBOLISMO
445.0,ATEROEMBOLISMO DELLE ESTREMITA'
445.01,ATEROEMBOLISMO DELLE ESTREMIT@ SUPERIORI
445.02,ATEROEMBOLISMO DELLE ESTREMIT@ INFERIORI
445.8,ATEROEMBOLISMO DI ALTRE SEDI
445.81,ATEROEMBOLISMO DEL RENE
445.89,ATEROEMBOLISMO DI ALTRE SEDI
446,POLIARTERITE NODOSA E ARTERITI SIMILARI
446.0,POLIARTERITE NODOSA
446.1,SINDROME MUCOCUTANEA LINFONODALE FEBBRILE ACUTA [MCLS]
446.2,ANGIOITE DA IPERSENSIBILIZZAZIONE
446.20,ANGIOITE DA IPERSENSIBILIZZAZIONE NON SPECIFICATA
446.21,SINDROME DI GOODPASTURE
446.29,ALTRA ANGIOITE DA IPERSENSIBILIZZAZIONE SPECIFICATA
446.3,GRANULOMA LETALE DELLA LINEA MEDIANA
446.4,GRANULOMATOSI DI WEGENER
446.5,ARTERITE A CELLULE GIGANTI
446.6,MICROANGIOPATIA TROMBOTICA
446.7,MALATTIA DI TAKAYASU
447,ALTRI DISTURBI DELLE ARTERIE E DELLE ARTERIOLE
447.0,FISTOLA ARTEROVENOSA ACQUISITA
447.1,STENOSI DI ARTERIE
447.2,ROTTURA DI ARTERIE
447.3,IPERPLASIA DELL'ARTERIA RENALE
447.4,SINDROME DI COMPRESSIONE DELL'ARTERIA CELIACA
447.5,NECROSI DI ARTERIE
447.6,ARTERITE NON SPECIFICATA
447.8,ALTRI DISTURBI SPECIFICATI DELLE ARTERIE E DELLE ARTERIOLE
447.9,DISTURBI SPECIFICATI DELLE ARTERIE E DELLE ARTERIOLE
448,MALATTIE DEI CAPILLARI
448.0,TELEANGECTASIA EMORRAGICA EREDITARIA
448.1,"NEVO,NON NEOPLASTICO"
448.9,ALTRE E NON SPECIFICATE MALATTIE DEI CAPILLARI
451,FLEBITE E TROMBOFLEBITE
451.0,FLEBITE E TROMBOFLEBITE DEI VASI SUPERFICIALI DELLE ESTREMIT@ INFERIORI
451.1,FLEBITE E TROMBOFLEBITE DELLE VENE PROFONDE DELLE ESTREMIT@ INFERIORI
451.11,FLEBITE E TROMBOFLEBITE DELLA VENA FEMORALE (PROFONDA) (SUPERFICIALE)
451.19,FLEBITE E TROMBOFLEBITE DI ALTRI
451.2,"FLEBITE E TROMBOFLEBITE DELLE ESTREMIT@ INFERIORI,NON SPECIFICATE"
451.8,FLEBITE E TROMBOFLEBITE DI ALTRE SEDI
451.81,FLEBITE E TROMBOFLEBITE DELLA VENA ILIACA
451.82,FLEBITE E TROMBOFLEBITE DELLE VENE SUPERFICIALI DELLE ESTREMIT@ SUPERIORI
451.83,FLEBITE E TROMBOFLEBITE DELLE VENE PROFONDE DELLE ESTREMIT@ SUPERIORI
451.84,FLEBITE E TROMBOFLEBITE NON SPECIFICATE DELLE ESTREMIT@ SUPERIORI
451.89,FLEBITE E TROMBOFLEBITE DI ALTRE SEDI
451.9,FLEBITE E TROMBOFLEBITE DI SEDI NON SPECIFICATE
452,TROMBOSI DELLA VENA PORTA
453,EMBOLIA E TROMBOSI DI ALTRE VENE
453.0,SINDROME DI BUDD-CHIARI
453.1,TROMBOFLEBITE MIGRANTE
453.2,EMBOLIA E TROMBOSI DELLA VENA CAVA
453.3,EMBOLIA E TROMBOSI DELLA VENA RENALE
453.4,EMBOLIA VENOSA E TROMBOSI DEI VASI PROFONDI DEGLI ARTI INFERIORI
453.40,EMBOLIA VENOSA E TROMBOSI DI VASI PROFONDI NON SPECIFICATI DEGLI ARTI INFERIORI
453.41,EMBOLIA VENOSA E TROMBOSI DEI VASI PROFONDI DELLE PARTI PROSSIMALI DEGLI ARTI INFERIORI
453.42,EMBOLIA VENOSA E TROMBOSI DEI VASI PROFONDI DELLE PARTI DISTALI DEGLI ARTI INFERIORI
453.8,EMBOLIA E TROMBOSI DI ALTRE VENE SPECIFICATE
453.9,EMBOLIA E TROMBOSI DI SEDE NON SPECIFICATA
454,VARICI DEGLI ARTI INFERIORI
454.0,VARICI DEGLI ARTI INFERIORI CON ULCERA
454.1,VARICI DEGLI ARTI INFERIORI CON INFIAMMAZIONE
454.2,VARICI DEGLI ARTI INFERIORI CON ULCERA E INFIAMMAZIONE
454.8,VARICI DEGLI ARTI INFERIORI CON ALTRE COMPLICAZIONI
454.9,VARICI DEGLI ARTI INFERIORI ASINTOMATICHE
455,EMORROIDI
455.0,EMORROIDI INTERNE SENZA MENZIONE DI COMPLICAZIONI
455.1,EMORROIDI INTERNE TROMBIZZATE
455.2,EMORROIDI INTERNE CON ALTRE COMPLICAZIONI
455.3,EMORROIDI ESTERNE SENZA MENZIONE DI COMPLICAZIONI
455.4,EMORROIDI ESTERNE TROMBIZZATE
455.5,EMORROIDI ESTERNE CON ALTRE COMPLICAZIONI
455.6,EMORROIDI NON SPECIFICATE SENZA MENZIONE DI COMPLICAZIONI
455.7,EMORROIDI NON SPECIFICATE TROMBIZZATE
455.8,EMORROIDI NON SPECIFICATE CON ALTRE COMPLICAZIONI
455.9,LEMBI CUTANEI EMORROIDARI RESIDUI
456,VARICI DI ALTRE SEDI
456.0,VARICI ESOFAGEE CON SANGUINAMENTO
456.1,VARICI ESOFAGEE SENZA MENZIONE DI SANGUINAMENTO
456.2,VARICI ESOFAGEE IN MALATTIA CLASSIFICATA ALTROVE
456.20,VARICI ESOFAGEE CON SANGUINAMENTO IN MALATTIE CLASSIFICATE ALTROVE
456.21,VARICI ESOFAGEE IN MALATTIE CLASSIFICATE ALTROVE SENZA MENZIONE DI SANGUINAMENTO
456.3,VARICI SOTTOLINGUALI
456.4,VARICOCELE
456.5,VARICI PELVICHE
456.6,VARICI VULVARI
456.8,VARICI DI ALTRE SEDI
457,DISTURBI NON INFETTIVI DEI VASI LINFATICI
457.0,SINDROME LINFADEMATOSA POSTMASTECTOMIA
457.1,ALTRI LINFOEDEMI
457.2,LINFANGITE
457.8,ALTRI DISTURBI NON INFETTIVI DEI VASI LINFATICI
457.9,DISTURBI NON SPECIFICATI NON INFETTIVI DEI VASI LINFATICI
458,IPOTENSIONE
458.0,IPOTENSIONE ORTOSTATICA
458.1,IPOTENSIONE CRONICA
458.2,IPOTENSIONE IATROGENA
458.21,IPOTENSIONE CAUSATA DA EMODIALISI
458.29,ALTRA IPOTENSIONE IATROGENA
458.8,ALTRA IPOTENSIONE SPECIFICATA
458.9,IPOTENSIONE NON SPECIFICATA
459,ALTRI DISTURBI DEL SISTEMA CIRCOLATORIO
459.0,"EMORRAGIA,NON SPECIFICATA"
459.1,SINDROME POSTFLEBITICA
459.10,SINDROME POSTFLEBITICA SENZA COMPLICAZIONI
459.11,SINDROME POSTFLEBITICA CON ULCERA
459.12,SINDROME POSTFLEBITICA CON INFIAMMAZIONE
459.13,SINDROME POSTFLEBITICA CON ULCERA E INFIAMMAZIONE
459.19,SINDROME POSTFLEBITICA CON ALTRA COMPLICANZA
459.2,COMPRESSIONE VENOSA
459.3,IPERTENSIONE VENOSA CRONICA (IDIOPATICA)
459.30,IPERTENSIONE VENOSA CRONICA SENZA COMPLICAZIONI
459.31,IPERTENSIONE VENOSA CRONICA CON ULCERA
459.32,IPERTENSIONE VENOSA CRONICA CON INFIAMMAZIONE
459.33,IPERTENSIONE VENOSA CRONICA CON ULCERA E INFIAMMAZIONE
459.39,IPERTENSIONE VENOSA CRONICA CON ALTRA COMPLICANZA
459.8,ALTRI DISTURBI SPECIFICI DEL SISTEMA CIRCOLATORIO
459.81,INSUFFICIENZA (PERIFERICA) VENOSA NON SPECIFICATA
459.89,ALTRI DISTURBI SPECIFICATI DEL SISTEMA CIRCOLATORIO
459.9,DISTURBI NON SPECIFICATI DEL SISTEMA CIRCOLATORIO
460,RINOFARINGITE ACUTA (RAFFREDDORE COMUNE)
461,SINUSITE ACUTA
461.0,SINUSITE ACUTA MASCELLARE
461.1,SINUSITE ACUTA FRONTALE
461.2,SINUSITE ACUTA ETMOIDALE
461.3,SINUSITE ACUTA SFENOIDALE
461.8,ALTRE SINUSITI ACUTE
461.9,"SINUSITE ACUTA,NON SPECIFICATA"
462,FARINGITE ACUTA
463,TONSILLITE ACUTA
464,LARINGITE E TRACHEITE ACUTA
464.0,LARINGITE ACUTA
464.00,LARINGITE ACUTA SENZA MENZIONE DI OSTRUZIONE
464.01,LARINGITE ACUTA CON OSTRUZIONE
464.1,TRACHEITE ACUTA
464.10,TRACHEITE ACUTA SENZA MENZIONE DI OSTRUZIONE
464.11,TRACHEITE ACUTA CON OSTRUZIONE
464.2,LARINGOTRACHEITE ACUTA
464.20,LARINGOTRACHEITE ACUTA SENZA MENZIONE DI OSTRUZIONE
464.21,LARINGOTRACHEITE ACUTA CON OSTRUZIONE
464.3,EPIGLOTTITE ACUTA
464.30,EPIGLOTTITE ACUTA SENZA MENZIONE DI OSTRUZIONE
464.31,EPIGLOTTITE ACUTA CON OSTRUZIONE
464.4,CROUP
464.5,"SOPRAGLOTTITE, NON SPECIFICATA"
464.50,SOPRAGLOTTITE SENZA MENZIONE DI OSTRUZIONE
464.51,SOPRAGLOTTITE CON OSTRUZIONE
465,INFEZIONI ACUTE DELLE VIE RESPIRATORIE SUPERIORI A LOCALIZZAZIONI MULTIPLE O NON SPECIFICATE
465.0,LARINGOFARINGITE ACUTA
465.8,"INFEZIONI ACUTE DELLE VIE RESPIRATORIE SUPERIORI,DI ALTRE LOCALIZZAZIONI MULTIPLE"
465.9,"INFEZIONI ACUTE DELLE VIE RESPIRATORIE SUPERIORI,SEDE NON SPECIFICATA"
466,BRONCHITE E BRONCHIOLITE ACUTA
466.0,BRONCHITE ACUTA
466.1,BRONCHIOLITE ACUTA
466.11,BRONCHIOLITE ACUTA DA VIRUS RESPIRATORIO SINCIZIALE (RSV)
466.19,BRONCHIOLITE ACUTA DA ALTRI AGENTI INFETTIVI
470,DEVIAZIONE DEL SETTO NASALE
471,POLIPO NASALE
471.0,POLIPI DELLA CAVIT@ NASALE
471.1,DEGENERAZIONE POLIPOIDE DEL SENO
471.8,ALTRI POLIPI DEI SENI PARANASALI
471.9,POLIPI NASALI NON SPECIFICATI
472,FARINGITE E RINOFARINGITE CRONICA
472.0,RINITE CRONICA
472.1,FARINGITE CRONICA
472.2,RINOFARINGITE CRONICA
473,SINUSITE CRONICA
473.0,SINUSITE CRONICA MASCELLARE
473.1,SINUSITE CRONICA FRONTALE
473.2,SINUSITE CRONICA ETMOIDALE
473.3,SINUSITE CRONICA SFENOIDALE
473.8,ALTRE SINUSITI CRONICHE
473.9,SINUSITE NON SPECIFICATA (CRONICA)
474,MALATTIE CRONICHE DELLE TONSILLE E DELLE ADENOIDI
474.0,TONSILLITE ED ADENOIDITE CRONICHE
474.00,TONSILLITE CRONICA
474.01,ADENOIDITE CRONICA
474.02,TONSILLITE ED ADENOIDITE CRONICA
474.1,IPERTROFIA DELLE TONSILLE E DELLE ADENOIDI
474.10,IPERTROFIA DELLA TONSILLA CON LE ADENOIDI
474.11,IPERTROFIA ISOLATA DELLE TONSILLE
474.12,IPERTROFIA ISOLATA DELLE ADENOIDI
474.2,VEGETAZIONI ADENOIDEE
474.8,ALTRE MALATTIE CRONICHE DELLE TONSILLE E DELLE ADENOIDI
474.9,MALATTIE CRONICHE DELLE TONSILLE E DELLE ADENOIDI NON SPECIFICATE
475,ASCESSO PERITONSILLARE
476,LARINGITE E LARINGOTRACHEITE CRONICA
476.0,LARINGITE CRONICA
476.1,LARINGOTRACHEITE CRONICA
477,RINITE ALLERGICA
477.0,RINITE ALLERGICA DA POLLINI
477.1,RINITE ALLERGICA DA CIBO
477.2,RINITE ALLERGICA DA PELI O FORFORA ANIMALE (GATTO)(CANE)
477.8,RINITE ALLERGICA DA ALTRI ALLERGENI
477.9,"RINITE ALLERGICA,DA CAUSE NON SPECIFICATE"
478,ALTRE MALATTIE DELLE VIE RESPIRATORIE SUPERIORI
478.0,IPERTROFIA DEI TURBINATI NASALI
478.1,ALTRE MALATTIE DELLE CAVIT@ NASALI E DEI SENI PARANASALI
478.11,MUCOSITE NASALE (ULCERATIVA)
478.19,ALTRE MALATTIE DELLE CAVIT@ NASALI E DEI SENI PARANASALI
478.2,"ALTRE MALATTIE DELLA FARINGE, NON CLASSIFICATE ALTROVE"
478.20,MALATTIE DELLA FARINGE NON SPECIFICATE
478.21,CELLULITE DELLA FARINGE O DEL NASOFARINGE
478.22,ASCESSO PARAFARINGEO
478.24,ASCESSO RETROFARINGEO
478.25,EDEMA DELLA FARINGE O DEL NASOFARINGE
478.26,CISTI DELLA FARINGE O DEL NASOFARINGE
478.29,ALTRE MALATTIE DELLA FARINGE E DEL NASOFARINGE
478.3,PARALISI DELLE CORDE VOCALI O DELLA LARINGE
478.30,PARALISI DELLE CORDE VOCALI NON SPECIFICATA
478.31,PARALISI DELLE CORDE VOCALI UNILATERALE PARZIALE
478.32,PARALISI DELLE CORDE VOCALI UNILATERALE COMPLETA
478.33,PARALISI DELLE CORDE VOCALI BILATERALE PARZIALE
478.34,PARALISI DELLE CORDE VOCALI BILATERALE COMPLETA
478.4,POLIPO DELLE CORDE VOCALI O DELLA LARINGE
478.5,ALTRE MALATTIE DELLE CORDE VOCALI
478.6,EDEMA DELLA LARINGE
478.7,"ALTRE MALATTIE DELLA LARINGE, NON CLASSIFICATE ALTROVE"
478.70,MALATTIE DELLA LARINGE NON SPECIFICATE
478.71,CELLULITE E PERICONDRITE DELLA LARINGE
478.74,STENOSI DELLA LARINGE
478.75,SPASMO LARINGEO
478.79,ALTRE MALATTIE DELLA LARINGE
478.8,"REAZIONE DI IPERSENSIBILIT@ DELLE VIE RESPIRATORIE SUPERIORI,SEDE NON SPECIFICATA"
478.9,ALTRE E NON SPECIFICATE MALATTIE DELLE VIE RESPIRATORIE SUPERIORI
480,POLMONITE VIRALE
480.0,POLMONITE DA ADENOVIRUS
480.1,POLMONITE DA VIRUS RESPIRATORIO SINCIZIALE
480.2,POLMONITE DA VIRUS PARAINFLUENZALE
480.3,POLMONITE DA SARS- CORONAVIRUS ASSOCIATO
480.31,POLMONITE DA SARS-CORONAVIRUS ASSOCIATO
480.8,POLMONITE DA ALTRI VIRUS NON CLASSIFICATI ALTROVE
480.9,"POLMONITE VIRALE,NON SPECIFICATA"
481,POLMONITE PNEUMOCOCCICA (POLMONITE DA STREPTOCOCCO PNEUMONIAE)
482,ALTRE POLMONITI BATTERICHE
482.0,POLMONITE DA KLEBSIELLA PNEUMONIAE
482.1,POLMONITE DA PSEUDOMONAS
482.2,POLMONITE DA HAEMOPHILUS INFLUENZAE (H. INFLUENZAE)
482.3,POLMONITE DA STREPTOCOCCO
482.30,"POLMONITE DA STREPTOCOCCO,NON SPECIFICAT"
482.31,"POLMONITE DA STREPTOCOCCO,GRUPPO A"
482.32,"POLMONITE DA STREPTOCOCCO,GRUPPO B"
482.39,POLMONITE DA ALTRI STREPTOCOCCHI
482.4,POLMONITE DA STAFILOCOCCO
482.40,POLMONITE DOVUTA A STAFILOCOCCO NON SPECIFICATO
482.41,POLMONITE DOVUTA A STAFILOCOCCO AUREO
482.49,POLMONITE DOVUTA A STAFILOCOCCO
482.8,POLMONITE DA ALTRI BATTERI SPECIFICATI
482.81,POLMONITE DA ANAEROBI
482.82,POLMONITE DA ESCHERICHIA COLI [E. COLI]
482.83,POLMONITE DA ALTRI BATTERI GRAM-NEGATIVI
482.84,MALATTIA DEL LEGIONARIO
482.89,POLMONITE DA ALTRI BATTERI SPECIFICATI
482.9,"POLMONITE BATTERICA,NON SPECIFICATA"
483,POLMONITE DA ALTRI ORGANISMI SPECIFICATI
483.0,POLMONITE DA MYCOPLASMA PNEUMONIAE
483.1,POLMONITE DA CLAMIDIA
483.8,POLMONITE DA ALTRI ORGANISMI SPECIFICATI
484,POLMONITE IN MALATTIE INFETTIVE CLASSIFICATE ALTROVE
484.1,POLMONITE DA CYTOMEGALOVIRUS
484.3,POLMONITE IN PERTOSSE
484.5,POLMONITE IN CARBONCHIO
484.6,POLMONITE IN ASPERGILLOSI
484.7,POLMONITE IN ALTRE MICOSI SISTEMICHE
484.8,POLMONITE IN ALTRE MALATTIE INFETTIVE CLASSIFICATE ALTROVE
485,"BRONCOPOLMONITE,NON SPECIFICATA"
486,"POLMONITE,AGENTE NON SPECIFICATO"
487,INFLUENZA
487.0,INFLUENZA CON POLMONITE
487.1,INFLUENZA CON ALTRE MANIFESTAZIONI RESPIRATORIE
487.8,INFLUENZA CON ALTRE MANIFESTAZIONI
490,"BRONCHITE,NON SPECIFICATA SE ACUTA O CRONICA"
491,BRONCHITE CRONICA
491.0,BRONCHITE CRONICA SEMPLICE
491.1,BRONCHITE CRONICA MUCOPURULENTA
491.2,BRONCHITE CRONICA OSTRUTTIVA
491.20,"BRONCHITE CRONICA OSTRUTTIVA,SENZA ESACERBAZIONE"
491.21,"BRONCHITE CRONICA OSTRUTTIVA,CON ESACERBAZIONE (ACUTA)"
491.22,BRONCHITE CRONICA OSTRUTTIVA CON BRONCHITE ACUTA
491.8,ALTRE BRONCHITI CRONICHE
491.9,BRONCHITE CRONICA NON SPECIFICATA
492,ENFISEMA
492.0,BOLLA ENFISEMATOSA
492.8,ALTRI ENFISEMI
493,ASMA
493.0,ASMA ESTRINSECA
493.00,ASMA ESTRINSECA
493.01,ASMA ESTRINSEC CON STATO ASMATICO
493.02,"ASMA ESTRINSECO,CON ESACERBAZIONE (ACUTA)"
493.1,ASMA INTRINSECA
493.10,ASMA INTRINSEC
493.11,ASMA INTRINSEC CON STATO ASMATICO
493.12,ASMA CRONICOSTRUTTIV
493.2,ASMA CRONICA OSTRUTTIVA
493.20,ASMA CRONICA OSTRUTTIVA
493.21,ASMA CRONICA OSTRUTTIVA CON STATO ASMATICO
493.22,ASMA CRONICA OSTRUTTIVA CON ESACERBAZIONE ACUTA
493.8,ALTRE FORME DI ASMA
493.81,BRONCOSPASMO INDOTTO DA ESERCIZIO FISICO
493.82,ASMA VARIANTE CON TOSSE
493.9,"ASMA, NON SPECIFICATA"
493.90,"ASMA,TIPO NON SPECIFICATO"
493.91,"ASMA,TIPO NON SPECIFICATO,CON STATO ASMATICO"
493.92,"ASMA,TIPO NON SPECIFICATO CON ESACERBAZIONE ACUTA"
494,BRONCHIECTASIE
494.0,BRONCHIECTASIE SENZA RIACUTIZZAZIONE
494.1,BRONCHIECTASIE CON RIACUTIZZAZIONE
495,ALVEOLITE ALLERGICA ESTRINSECA
495.0,POLMONE DEL CONTADINO
495.1,BAGASSOSI
495.2,POLMONE DELL'ALLEVATORE O DELL'AMATORE DI UCCELLI
495.3,SUGHEROSI
495.4,POLMONE DEI LAVORATORI DEL MALTO
495.5,POLMONE DEI LAVORATORI DEI FUNGHI
495.6,POLMONE DEGLI SCORTECCIATORI DELL'ACERO
495.7,POLMONITE DA CONDIZIONATORE
495.8,ALTRE ALVEOLITI E POLMONITI ALLERGICHE SPECIFICATE
495.9,ALVEOLITE E POLMONITE ALLERGICA NON SPECIFICATA
496,"OSTRUZIONI CRONICHE DELLE VIE RESPIRATORIE,NON CLASSIFICATE ALTROVE"
500,PNEUMOCONIOSI DEI LAVORATORI DEL CARBONE
501,ASBESTOSI
502,ALTRE PNEUMOCONIOSI DA SILICE E SILICATI
503,PNEUMOCONIOSI DA ALTRE POLVERI INORGANICHE
504,PNEUMOCONIOSI DA INALAZIONE DI ALTRE POLVERI
505,"PNEUMOCONIOSI,NON SPECIFICATA"
506,CONDIZIONI MORBOSE RESPIRATORIE DA INALAZIONE DI FUMI E VAPORI CHIMICI
506.0,BRONCHITE E POLMONITE DA FUMI E VAPORI
506.1,EDEMA POLMONARE ACUTO DA FUMI E VAPORI
506.2,INFIAMMAZIONE DELLE VIE RESPIRATORIE SUPERIORI DA FUMI E VAPORI
506.3,ALTRE MANIFESTAZIONI MORBOSE RESPIRATORIE ACUTE E SUBACUTE DA FUMI E VAPORI
506.4,MANIFESTAZIONI MORBOSE CRONICHE RESPIRATORIE DA INALAZIONE DI FUMI E VAPORI
506.9,MANIFESTAZIONI MORBOSE RESPIRATORIE DA FUMI E VAPORI NON SPECIFICATE
507,POLMONITE DA SOLIDI E LIQUIDI
507.0,POLMONITE DA INALAZIONE DI CIBO O VOMITO
507.1,POLMONITE DA INALAZIONE DI OLII ED ESSENZE
507.8,POLMONITE DA ALTRI SOLIDI E LIQUIDI
508,CONDIZIONI MORBOSE RESPIRATORIE DA ALTRI E NON SPECIFICATI AGENTI ESTERNI
508.0,MANIFESTAZIONI POLMONARI ACUTE DA RADIAZIONI
508.1,MANIFESTAZIONI POLMONARI CRONICHE ED ALTRE MANIFESTAZIONI POLMONARI DA RADIAZIONI
508.8,MANIFESTAZIONI MORBOSE RESPIRATORIE DA ALTRI SPECIFICATI AGENTI ESTERNI
508.9,MANIFESTAZIONI MORBOSE RESPIRATORIE DA NON SPECIFICATI AGENTI ESTERNI
510,EMPIEMA
510.0,EMPIEMA CON FISTOLA
510.9,EMPIEMA SENZA MENZIONE DI FISTOLA
511,PLEURITE
511.0,PLEURITE SENZA MENZIONE DI VERSAMENTO O DI TUBERCOLOSI ATTIVA
511.1,"PLEURITE CON VERSAMENTO E MENZIONE DI UNA CAUTILIZZARE BATTERICA,ESCLUTILIZZARE LA TUBERCOLOSI"
511.8,"ALTRE FORME SPECIFICATE DI VERSAMENTO PLEURICO,ECCETTO IL TUBERCOLARE"
511.9,VERSAMENTO PLEURICO NON SPECIFICATO
512,PNEUMOTORACE
512.0,PNEUMOTORACE SPONTANEO IPERTESO
512.1,PNEUMOTORACE IATROGENO
512.8,ALTRI PNEUMOTORACI SPONTANEI
513,ASCESSO DEL POLMONE E DEL MEDIASTINO
513.0,ASCESSO DEL POLMONE
513.1,ASCESSO DEL MEDIASTINO
514,CONGESTIONE ED IPOSTASI POLMONARE
515,FIBROSI POLMONARE POSTINFIAMMATORIA
516,ALTRE PNEUMOPATIE ALVEOLARI E PARIETOALVEOLARI
516.0,PROTEINOSI ALVEOLARE POLMONARE
516.1,EMOSIDEROSI POLMONARE IDIOPATICA
516.2,MICROLITIASI ALVEOLARE POLMONARE
516.3,ALVEOLITE FIBROSANTE IDIOPATICA
516.8,ALTRE PNEUMOPATIE ALVEOLARI E PARIETOALVEOLARI SPECIFICATE
516.9,PNEUMOPATIE ALVEOLARI E PARIETOALVEOLARI NON SPECIFICATE
517,COMPLICAZIONI POLMONARI IN CONDIZIONI MORBOSE CLASSIFICATE ALTROVE
517.1,POLMONITE REUMATICA
517.2,COMPLICAZIONI POLMONARI IN SCLEROSI SISTEMICA
517.3,SINDROME POLMONARE ACUTA
517.8,COMPLICAZIONI POLMONARI IN ALTRE MALATTIE CLASSIFICATE ALTROVE
518,ALTRE MALATTIE DEL POLMONE
518.0,COLLASSO POLMONARE
518.1,ENFISEMA INTERSTIZIALE
518.2,ENFISEMA COMPENSATORIO
518.3,EOSINOFILIA POLMONARE
518.4,"EDEMA POLMONARE ACUTO,NON SPECIFICATO"
518.5,INSUFFICIENZA POLMONARE SUCCESSIVA A TRAUMA O A INTERVENTO CHIRURGICO
518.6,ASPERGILLOSI ALLERGICA BRONCOPOLMONARE
518.7,LESIONE POLMONARE ACUTA POST-TRASFUSIONALE
518.8,ALTRE MALATTIE DEL POLMONE
518.81,INSUFFICIENZA RESPIRATORIA
518.82,"ALTRE INSUFFICIENZE POLMONARI,NON CLASSIFICATE ALTROVE"
518.83,INSUFFICIENZA RESPIRATORIA CRONICA
518.84,INSUFFICIENZA RESPIRATORIA ACUTA E CRONICA
518.89,"ALTRE MALATTIE DEL POLMONE,NON CLASSIFICATE ALTROVE"
519,ALTRE MALATTIE DELL'APPARATO RESPIRATORIO
519.0,COMPLICAZIONI DELLA TRACHEOSTOMIA
519.00,COMPLICAZIONE NON SPECIFICATA DI TRACHEOSTOMIA
519.01,INFEZIONE DI TRACHEOSTOMIA
519.02,COMPLICAZIONE MECCANICA DI TRACHEOSTOMIA
519.09,COMPLICAZIONE DI TRACHEOSTOMIA
519.1,"ALTRE MALATTIE DELLA TRACHEA E DEI BRONCHI, NON CLASSIFICATE ALTROVE"
519.11,BRONCOSPASMO ACUTO
519.19,ALTRE PATOLOGIE DELLA TRACHEA E DEI BRONCHI
519.2,MEDIASTINITE
519.3,"ALTRE MALATTIE DEL MEDIASTINO,NON CLASSIFICATE ALTROVE"
519.4,DISTURBI DEL DIAFRAMMA
519.8,"ALTRE MALATTIE DELL'APPARATO RESPIRATORIO,NON CLASSIFICATE ALTROVE"
519.9,MALATTIE DELL'APPARATO RESPIRATORIO NON SPECIFICATE
520,DISORDINI DELLO SVILUPPO ED ERUZIONE DEL DENTE
520.0,EDENTULIA
520.1,DENTE SOPRANNUMERARIO
520.2,ANOMALIE DELLA MISURA E DELLA FORMA DEI DENTI
520.3,DENTE CHIAZZATO O MACCHIATO
520.4,DISTURBI DELLA FORMAZIONE DEL DENTE
520.5,"DISTURBI EREDITARI DELLA STRUTTURA DEL DENTE,NON CLASSIFICATI ALTROVE"
520.6,DISTURBI DELL'ERUZIONE DEL DENTE
520.7,DISTURBI DELLA DENTIZIONE
520.8,ALTRI SPECIFICI DISORDINI DELLO SVILUPPO ED ERUZIONE DEL DENTE
520.9,DISORDINI NON SPECIFICATI DELLO SVILUPPO ED ERUZIONE DEL DENTE
521,MALATTIE DEI TESSUTI DURI DEI DENTI
521.0,CARIE DENTARIE
521.00,CARIE DENTALE NON SPECIFICATA
521.01,CARIE DENTALE LIMITATA ALLO SMALTO
521.02,CARIE DENTALE ESTESA ALLA DENTINA
521.03,CARIE DENTALE ESTESA ALLA POLPA
521.04,CARIE DENTALE ARRESTATA
521.05,ODONTOCLASIA
521.06,FORO E FESSURA DA CARIE DENTARIA
521.07,CARIE DENTARIA DELLA SUPERFICIE LISCIA
521.08,CARIE DENTARIA DELLA SUPERFICIE DELLA RADICE
521.09,CARIE DENTALE
521.1,ATTRITO DENTALE ECCESSIVO
521.10,"ECCESSIVO ATTRITO, NON SPECIFICATO"
521.11,"ECCESSIVO ATTRITO, LIMITATO ALLO SMALTO"
521.12,"ECCESSIVO ATTRITO, ESTESO ALLA DENTINA"
521.13,"ECCESSIVO ATTRITO, ESTESO ALLA POLPA"
521.14,"ECCESSIVO ATTRITO, LOCALIZZATO"
521.15,"ECCESSIVO ATTRITO, GENERALIZZATO"
521.2,ABRASIONE DEI DENTI
521.20,"ABRASIONE, NON SPECIFICATA"
521.21,"ABRASIONE, LIMITATA ALLO SMALTO"
521.22,"ABRASIONE, ESTESA ALLA DENTINA"
521.23,"ABRASIONE, ESTESA ALLA POLPA"
521.24,"ABRASIONE, LOCALIZZATA"
521.25,"ABRASIONE, GENERALIZZATA"
521.3,EROSIONE DEI DENTI
521.30,"EROSIONE, NON SPECIFICATA"
521.31,"EROSIONE, LIMITATA ALLO SMALTO"
521.32,"EROSIONE, ESTESA ALLA DENTINA"
521.33,"EROSIONE, ESTESA ALLA POLPA"
521.34,"EROSIONE, LOCALIZZATA"
521.35,"EROSIONE, GENERALIZZATA"
521.4,RIASSORBIMENTO PATOLOGICO DEL DENTE
521.40,"RIASSORBIMENTO PATOLOGICO, NON SPECIFICATO"
521.41,"RIASSORBIMENTO PATOLOGICO, INTERNO"
521.42,"RIASSORBIMENTO PATOLOGICO, ESTERNO"
521.49,ALTRO RIASSORBIMENTO PATOLOGICO DEL DENTE
521.5,IPERCEMENTOSI
521.6,ANCHILOSI DEI DENTI
521.7,CAMBIAMENTI INTRINSECI DEL COLORE DEI DENTI DOPO L'ERUZIONE
521.8,ALTRE MALATTIE SPECIFICATE DEI TESSUTI DURI DEI DENTI
521.81,DENTE LESIONATO
521.89,ALTRE PATOLOGIE SPECIFICHE DEI TESSUTI DURI DEI DENTI
521.9,MALATTIE NON SPECIFICATE DEI TESSUTI DURI DEI DENTI
522,MALATTIE DELLA POLPA E DEI TESSUTI PERIAPICALI
522.0,PULPITE
522.1,NECROSI DELLA POLPA
522.2,DEGENERAZIONE DELLA POLPA
522.3,ANOMALA FORMAZIONE DI TESSUTO DURO NELLA POLPA
522.4,PERIODONTITE ACUTA APICALE DI ORIGINE
522.5,ASCESSO PERIAPICALE SENZA SENO
522.6,PERIODONTITE CRONICA APICALE
522.7,ASCESSO PERIAPICALE CON SENO
522.8,CISTI RADICOLARE
522.9,ALTRE E NON SPECIFICATE MALATTIE DELLA POLPA E DEI TESSUTI PERIAPICALI
523,MALATTIE GENGIVALI E PERIODONTALI
523.0,GENGIVITE ACUTA
523.00,"GENGIVITE ACUTA, CAUSATA DA PLACCA"
523.01,"GENGIVITE ACUTA, NON CAUSATA DA PLACCA"
523.1,GENGIVITE CRONICA
523.10,"GENGIVITE CRONICA, CAUSATA DA PLACCA"
523.11,"GENGIVITE CRONICA, NON CAUSATA DA PLACCA"
523.2,RECESSIONE (TASCHE) GENGIVALE
523.20,"RETRAZIONE GENGIVALE, NON SPECIFICATA"
523.21,"RETRAZIONE GENGIVALE, MINIMA"
523.22,"RETRAZIONE GENGIVALE, MODERATA"
523.23,"RETRAZIONE GENGIVALE, GRAVE"
523.24,"RETRAZIONE GENGIVALE, LOCALIZZATA"
523.25,"RETRAZIONE GENGIVALE, GENERALIZZATA"
523.3,PERIODONTITE ACUTA
523.30,"PERIODONTITE AGGRESSIVA, NON SPECIFICATA"
523.31,"PERIODONTITE AGGRESSIVA, LOCALIZZATA"
523.32,"PERIODONTITE AGGRESSIVA, GENERALIZZATA"
523.33,PERIODONTITE AGGRESSIVA
523.4,PERIODONTITE CRONICA
523.40,"PERIODONTITE CRONICA, NON SPECIFICATA"
523.41,"PERIODONTITE CRONICA, LOCALIZZATA"
523.42,"PERIODONTITE CRONICA, GENERALIZZATA"
523.5,PERIODONTOSI
523.6,CONCREZIONI DENTARIE
523.8,ALTRE MALATTIE PERIODONTALI SPECIFICATE
523.9,MALATTIA GENGIVALE E PERIODONTALE NON SPECIFICATA
524,"ANOMALIE ODONTOFACCIALI, INCLUSA LA MALOCCLUSIONE"
524.0,GRAVI ANOMALIE DI MISURA DELLA MASCELLA (INFERIORE O SUPERIORE)
524.00,"GRAVI ANOMALIE DI MISURA DELLA MASCELLA (INFERIORE O SUPERIORE),ANOMALIA NON SPECIFICATA"
524.01,"GRAVI ANOMALIE DI MISURA DELLA MASCELLA (INFERIORE O SUPERIORE),IPERPLASIA DELLA MASCELLA SUPERIORE"
524.02,"GRAVI ANOMALIE DI MISURA DELLA MASCELLA (INFERIORE O SUPERIORE),IPERPLASIA MANDIBOLARE"
524.03,"GRAVI ANOMALIE DI MISURA DELLA MASCELLA (INFERIORE O SUPERIORE),IPOPLASIA DELLA MASCELLA SUPERIORE"
524.04,"GRAVI ANOMALIE DI MISURA DELLA MASCELLA (INFERIORE O SUPERIORE),IPOPLASIA MANDIBOLARE"
524.05,"GRAVI ANOMALIE DI MISURA DELLA MASCELLA (INFERIORE O SUPERIORE),MACROGENIA"
524.06,"GRAVI ANOMALIE DI MISURA DELLA MASCELLA (INFERIORE O SUPERIORE),MICROGENIA"
524.07,ECCESSIVA TUBEROSIT@ DELLA MASCELLA (INFERIORE O SUPERIORE)
524.09,"GRAVI ANOMALIE DI MISURA DELLA MASCELLA (INFERIORE O SUPERIORE),ALTRA ANOMALIA SPECIFICATA"
524.1,ANOMALIE NEI RAPPORTI TRA MASCELLA (INFERIORE O SUPERIORE) E BASE DEL CRANIO
524.10,"ANOMALIE NEI RAPPORTI TRA MASCELLA (INFERIORE O SUPERIORE) E BASE DEL CRANIO,ANOMALIA NON SPECIFICATA"
524.11,"ANOMALIE NEI RAPPORTI TRA MASCELLA (INFERIORE O SUPERIORE) E BASE DEL CRANIO,ASIMMETRIA DELLA MASCELLA SUPERIORE"
524.12,"ANOMALIE NEI RAPPORTI TRA MASCELLA (INFERIORE O SUPERIORE) E BASE DEL CRANIO,ALTRA ASIMMETRIA DELLA MASCELLA (INFERIORE O SUPERIORE)"
524.19,"ANOMALIE NEI RAPPORTI TRA MASCELLA (INFERIORE O SUPERIORE) E BASE DEL CRANIO,ALTRA ANOMALIA SPECIFICATA"
524.2,ANOMALIE NEI RAPPORTI DELL'ARCO DENTALE
524.20,ANOMALIE NON SPECIFICATE NEI RAPPORTI DELL'ARCATA DENTALE
524.21,"MALOCCLUSIONE, CLASSE DI ANGLE I"
524.22,"MALOCCLUSIONE, CLASSE DI ANGLE II"
524.23,"MALOCCLUSIONE, CLASSE DI ANGLE III"
524.24,RAPPORTO OCCLUSALE APERTO ANTERIORE
524.25,RAPPORTO OCCLUSALE APERTO POSTERIORE
524.26,ECCESSIVO ACCAVALLAMENTO ORIZZONTALE
524.27,ARTICOLAZIONE INVERSA
524.28,ANOMALIE DELLA DISTANZA TRA LE ARCATE
524.29,ALTRE ANOMALIE DEI RAPPORTI DELL'ARCATA DENTALE
524.3,ANOMALIE DELLA POSIZIONE DEL DENTE
524.30,ANOMALIE DELLA POSIZIONE DEI DENTI NON SPECIFICATA
524.31,AFFOLLAMENTO DEI DENTI
524.32,ECCESSIVA SPAZIATURA DEI DENTI
524.33,SPOSTAMENTO ORIZZONTALE DEI DENTI
524.34,SPOSTAMENTO VERTICALE DEI DENTI
524.35,ROTAZIONE DEL DENTE/DEI DENTI
524.36,INSUFFICIENTE DISTANZA INTEROCCLUSALE DEI DENTI (CRESTA)
524.37,ECCESSIVA DISTANZA INTEROCCLUSALE DEI DENTI
524.39,ALTRE ANOMALIE DELLA POSIZIONE DEI DENTI
524.4,"MALOCCLUSIONE,NON SPECIFICATA"
524.5,ANOMALIE DELLA FUNZIONALIT@ ODONTOFACCIALE
524.50,ANOMALIE DELLA FUNZIONALIT@ ODONTOFACCIALE
524.51,ANOMALA CHIUSURA DELLA MANDIBOLA
524.52,LIMITATO SPAZIO DI MOVIMENTO DELLA MANDIBOLA
524.53,DEVIAZIONE NELL'APERTURA E NELLA CHIUSURA DELLA MANDIBOLA
524.54,INSUFFICIENTE ORIENTAMENTO ANTERIORE
524.55,DISCREPANZA DI OCCLUSIONE CENTRICA IN MASSIMA INTERCUSPIDAZIONE
524.56,INTERFERENZA DEL LATO NON LAVORANTE
524.57,MANCANZA DEL SUPPORTO OCCLUSALE POSTERIORE
524.59,ALTRE ANOMALIE FUNZIONALI ODONTOFACCIALI
524.6,DISTURBI DELL'ARTICOLAZIONE TEMPOROMANDIBOLARE
524.60,"DISTURBI DELL'ARTICOLAZIONE TEMPOROMANDIBOLARE, NON SPECIFICATI"
524.61,"DISTURBI DELL'ARTICOLAZIONE TEMPOROMANDIBOLARE, ADESIONI E ANCHILOSI (OSSEA O FIBROSA)"
524.62,"DISTURBI DELL'ARTICOLAZIONE TEMPOROMANDIBOLARE, DOLORE DELL ARTICOLAZIONE TEMPOROMANDIBOLARE"
524.63,"DISTURBI DELL'ARTICOLAZIONE TEMPOROMANDIBOLARE, DISTURBO DEL DISCO ARTICOLARE (RIDOTTO O NON-RIDOTTO)"
524.64,RUMORI DELL'ARTICOLAZIONE TEMPOROMANDIBOLARE NELL'APERTURA E/O CHIUSURA DELLA MANDIBOLA
524.69,"DISTURBI DELL'ARTICOLAZIONE TEMPOROMANDIBOLARE, ALTRI DISTURBI SPECIFICATI DELL ARTICOLAZIONE TEMPOROMANDIBOLARE"
524.7,ANOMALIE DELL'ALVEOLO DENTARIO
524.70,"ANOMALIE DELL'ALVEOLO DENTARIO,ANOMALIA ALVEOLARE NON SPECIFICATA"
524.71,"ANOMALIE DELL'ALVEOLO DENTARIO,IPERPLASIA ALVEOLARE DELLA MASCELLA"
524.72,"ANOMALIE DELL'ALVEOLO DENTARIO,IPERPLASIA ALVEOLARE DELLA"
524.73,"ANOMALIE DELL'ALVEOLO DENTARIO,IPOPLASIA ALVEOLARE DELLA MASCELLA"
524.74,"ANOMALIE DELL'ALVEOLO DENTARIO,IPOPLASIA ALVEOLARE DELLA"
524.75,SPOSTAMENTO VERTICALE DELL'ALVEOLO E DEI DENTI
524.76,DEVIAZIONE DEL PIANO OCCLUSALE
524.79,"ANOMALIE DELL'ALVEOLO DENTARIO,ALTRA ANOMALIA ALVEOLARE"
524.8,ALTRE ANOMALIE ODONTOFACCIALI SPECIFICATE
524.81,LESIONE DEI TESSUTI MOLLI ANTERIORI
524.82,LESIONE DEI TESSUTI MOLLI POSTERIORI
524.89,ALTRE ANOMALIE ODONTOFACCIALI SPECIFICATE
524.9,ANOMALIE ODONTOFACCIALI NON SPECIFICATE
525,ALTRE MALATTIE E CONDIZIONI DEI DENTI E DELLE STRUTTURE DI SUPPORTO
525.0,ESFOLIAZIONE DEI DENTI DOVUTA A CAUSE SISTEMICHE
525.1,"PERDITA DEI DENTI PER TRAUMA, ESTRAZIONE O MALATTIA LOCALE PERIODONTALE"
525.10,ASSENZA ACQUISITA DEI DENTI NON SPECIFICATA (MANIFESTAZIONE)
525.11,PERDITA DI DENTE DOVUTA A TRAUMA (MANIFESTAZIONE)
525.12,PERDITA DI DENTE DOVUTA A MALATTIA PERIDONTALE (MANIFESTAZIONE)
525.13,PERDITA DI DENTE DOVUTA A CARIE (MANIFESTAZIONE)
525.19,PERDITA DI DENTE (MANIFESTAZIONE)
525.2,ATROFIA DELLA CRESTA ALVEOLARE EDENTULA
525.20,ATROFIA DELLA CRESTA ALVEOLARE EDENTULA NON SPECIFICATA
525.21,ATROFIA MINIMA DELLA MANDIBOLA
525.22,ATROFIA MODERATA DELLA MANDIBOLA
525.23,ATROFIA SEVERA DELLA MANDIBOLA
525.24,ATROFIA MINIMA DELLA MASCELLA
525.25,ATROFIA MODERATA DELLA MASCELLA
525.26,ATROFIA GRAVE DELLA MASCELLA
525.3,RADICE DENTARIA RITENUTA
525.4,EDENTULISMO COMPLETO
525.40,"EDENTULISMO COMPLETO, NON SPECIFICATO"
525.41,"EDENTULISMO COMPLETO, CLASSE I"
525.42,"EDENTULISMO COMPLETO, CLASSE II"
525.43,"EDENTULISMO COMPLETO, CLASSE III"
525.44,"EDENTULISMO COMPLETO, CLASSE IV"
525.5,EDENTULISMO PARZIALE
525.50,"EDENTULISMO PARZIALE, NON SPECIFICATO"
525.51,"EDENTULISMO PARZIALE, CLASSE I"
525.52,"EDENTULISMO PARZIALE, CLASSE II"
525.53,"EDENTULISMO PARZIALE, CLASSE III"
525.54,"EDENTULISMO PARZIALE, CLASSE IV"
525.6,RICOSTRUZIONE INSODDISFACENTE DI UN DENTE
525.60,RISTRUTTURAZIONE INSODDISFACENTE DI UN DENTE NON SPECIFICATO
525.61,MARGINI DI RICOSTRUZIONE APERTI
525.62,SPORGENZA NON RIPARABILE DEI MATERIALI USATI NELLA RICOSTRUZIONE DENTALE
525.63,MATERIALE USATO NELLA RICOSTRUZIONE DENTALE FRATTURATO SENZA PERDITA DI MATERIALE
525.64,MATERIALE USATO NELLA RICOSTRUZIONE DENTALE FRATTURATO CON PERDITA DI MATERIALE
525.65,CONTORNO DI RICOSTRUZIONE DENTALE ESISTENTE NON COMPATIBILE BIOLOGICAMENTE CON LA SALUTE ORALE
525.66,ALLERGIA AL MATERIALE UTILIZZATO NELLA RICOSTRUZIONE ESISTENTE
525.67,LIVELLO ESTETICO SCADENTE DELLA RICOSTRUZIONE ESISTENTE
525.69,ALTRO RICOSTRUZIONE INSODDISFACENTE DEL DENTE
525.8,ALTRE MALATTIE SPECIFICATE DEI DENTI E DELLE STRUTTURE DI SUPPORTO
525.9,MALATTIA NON SPECIFICATA DEI DENTI E DELLE STRUTTURE DI SUPPORTO
526,MALATTIE DELLE MASCELLE (MASCELLA INFERIORE O MASCELLA SUPERIORE)
526.0,CISTI ODONTOGENICHE DELLO SVILUPPO
526.1,CISTI FISSURALI DELLA MASCELLA (INFERIORE O SUPERIORE)
526.2,ALTRE CISTI DELLE MASCELLE (MASCELLA
526.3,GRANULOMA CENTRALE A CELLULE GIGANTI
526.4,INFIAMMAZIONI DELLA MASCELLA (INFERIORE O SUPERIORE)
526.5,ALVEOLITE DELLA MASCELLA (INFERIORE O
526.6,PATOLOGIA PERIRADICOLARE ASSOCIATA PRECEDENTE TRATTAMENTO ENDODONTICO
526.61,PERFORAZIONE DELLO SPAZIO DEL CANALE RADICOLARE
526.62,ECCESSIVO RIEMPIMENTO ENDODONTICO
526.63,INSUFFICIENTE RIEMPIMENTO ENDODONTICO
526.69,ALTRE PATOLOGIE PERIRADICOLARI ASSOCIATE A PRECEDENTE TRATTAMENTO ENDODONTICO
526.8,ALTRE MALATTIE SPECIFICATE DELLE MASCELLE (MASCELLA INFERIORE O MASCELLA SUPERIORE)
526.81,ESOSTOSI DELLA MASCELLA (INFERIORE O
526.89,ALTRE MALATTIE SPECIFICATE DELLE MASCELLE (MASCELLA INFERIORE O MASCELLA SUPERIORE)
526.9,MALATTIA NON SPECIFICATA DELLE MASCELLE (MASCELLA INFERIORE O MASCELLA SUPERIORE)
527,MALATTIE DELLE GHIANDOLE SALIVARI
527.0,ATROFIA DELLA GHIANDOLA SALIVARE
527.1,IPERTROFIA DELLA GHIANDOLA SALIVARE
527.2,SIALOADENITE
527.3,ASCESSO DELLA GHIANDOLA SALIVARE
527.4,FISTOLA DELLA GHIANDOLA SALIVARE
527.5,SIALOLITIASI
527.6,MUCOCELE DELLA GHIANDOLA SALIVARE
527.7,DISTURBI DELLA SECREZIONE SALIVARE
527.8,ALTRE MALATTIE SPECIFICATE DELLE GHIANDOLE SALIVARI
527.9,MALATTIA NON SPECIFICATA DELLE GHIANDOLE SALIVARI
528,"MALATTIE DEI TESSUTI MOLLI ORALI, ESCLUSE SPECIFICHE LESIONI DELLA GENGIVA E LINGUA"
528.0,STOMATITE
528.00,"STOMATITE E MUCOSITE, NON SPECIFICATE"
528.01,MUCOSITE (ULCERATIVA) DOVUTA A TERAPIA ANTINEOPLASTICA
528.02,MUCOSITE (ULCERATIVA) DOVUTA AD ALTRI FARMACI
528.09,ALTRA STOMATITE E MUCOSITE (ULCERATIVA)
528.1,GANGRENA ORALE
528.2,AFTOSI ORALE
528.3,CELLULITE E ASCESSO DEI TESSUTI MOLLI ORALI
528.4,CISTI DEI TESSUTI MOLLI ORALI
528.5,MALATTIE DELLE LABBRA
528.6,"LEUCOPLACHIA DELLA MUCOSA ORALE,INCLUTILIZZARE LA LINGUA"
528.7,"ALTRI DISTURBI DELL'EPITELIO ORALE, INCLUSA LA LINGUA"
528.71,MUCOSA DELLA CRESTA RESIDUA MINIMAMENTE CHERATINIZZATA
528.72,MUCOSA DELLA CRESTA RESIDUA ECCESSIVAMENTE CHERATINIZZATA
528.79,"ALTRI DISTURBI DELL'EPITELIO ORALE, INCLUSA LA LINGUA"
528.8,"FIBROSI ORALE SOTTOMUCOSA,INCLUTILIZZARE LA"
528.9,ALTRE E NON SPECIFICATE MALATTIE DEI TESSUTI MOLLI ORALI
529,MALATTIE ED ALTRE CONDIZIONI MORBOSE DELLA LINGUA
529.0,GLOSSITE
529.1,LINGUA A CARTA GEOGRAFICA
529.2,GLOSSITE MEDIANA ROMBOIDE
529.3,IPERTROFIA DELLE PAPILLE DELLA LINGUA
529.4,ATROFIA DELLE PAPILLE DELLA LINGUA
529.5,LINGUA PLICATA
529.6,GLOSSODINIA
529.8,ALTRE MANIFESTAZIONI MORBOSE SPECIFICATE DELLA LINGUA
529.9,CONDIZIONE MORBOSA NON SPECIFICATA DELLA LINGUA
530,MALATTIE DELL'ESOFAGO
530.0,ACALASIA E SPASMO DEL CARDIAS
530.1,ESOFAGITE
530.10,"ESOFAGITE,NON SPECIFICATA"
530.11,ESOFAGITE DA REFLUSSO
530.12,ESOFAGITE ACUTA
530.19,ALTRA ESOFAGITE
530.2,ULCERA DELL'ESOFAGO
530.20,ULCERA ESOFAGEA SENZA SANGUINAMENTO
530.21,ULCERA ESOFAGEA CON SANGUINAMENTO
530.3,RESTRINGIMENTO E STENOSI DELL'ESOFAGO
530.4,PERFORAZIONE DELL'ESOFAGO
530.5,DISCINESIA DELL'ESOFAGO
530.6,"DIVERTICOLO DELL'ESOFAGO,ACQUISITO"
530.7,SINDROME CON LACERAZIONE ED EMORRAGIA GASTROESOFAGEA
530.8,ALTRI DISTURBI SPECIFICATI DELL'ESOFAGO
530.81,REFLUSSO ESOFAGEO
530.82,EMORRAGIA ESOFAGEA
530.83,LEUCOPLACHIA ESOFAGEA
530.84,FISTOLA TRACHEO-ESOFAGEA
530.85,ESOFAGO DI BARRETT
530.86,INFEZIONE DELL'ESOFAGOSTOMIA
530.87,COMPLICAZIONE MECCANICA DELL'ESOFAGOSTOMIA
530.89,ALTRE MALATTIE DELL'ESOFAGO
530.9,DISTURBO NON SPECIFICATO DELL'ESOFAGO
531,ULCERA GASTRICA
531.0,ULCERA GASTRICA ACUTA CON EMORRAGIA
531.00,"ULCERA GASTRICA ACUTA CON EMORRAGIA, SENZA MENZIONE DI OSTRUZIONE"
531.01,"ULCERA GASTRICA ACUTA CON EMORRAGIA, CON OSTRUZIONE"
531.1,ULCERA GASTRICA ACUTA CON PERFORAZIONE
531.10,"ULCERA GASTRICA ACUTA CON PERFORAZIONE, SENZA MENZIONE DI OSTRUZIONE"
531.11,"ULCERA GASTRICA ACUTA CON PERFORAZIONE, CON OSTRUZIONE"
531.2,ULCERA GASTRICA ACUTA CON EMORRAGIA E PERFORAZIONE
531.20,"ULCERA GASTRICA ACUTA CON EMORRAGIA E PERFORAZIONE, SENZA MENZIONE DI OSTRUZIONE"
531.21,"ULCERA GASTRICA ACUTA CON EMORRAGIA E PERFORAZIONE, CON OSTRUZIONE"
531.3,ULCERA GASTRICA ACUTA SENZA MENZIONE DI EMORRAGIA O PERFORAZIONE
531.30,"ULCERA GASTRICA ACUTA SENZA MENZIONE DI EMORRAGIA O PERFORAZIONE, SENZA MENZIONE DI OSTRUZIONE"
531.31,"ULCERA GASTRICA ACUTA SENZA MENZIONE DI EMORRAGIA O PERFORAZIONE, CON OSTRUZIONE"
531.4,ULCERA GASTRICA CRONICA O NON SPECIFICATA CON EMORRAGIA
531.40,"ULCERA GASTRICA CRONICA O NON SPECIFICATA CON EMORRAGIA, SENZA MENZIONE DI OSTRUZIONE"
531.41,"ULCERA GASTRICA CRONICA O NON SPECIFICATA CON EMORRAGIA, CON OSTRUZIONE"
531.5,ULCERA GASTRICA CRONICA O NON SPECIFICATA CON PERFORAZIONE
531.50,"ULCERA GASTRICA CRONICA O NON SPECIFICATA CON PERFORAZIONE, SENZA MENZIONE DI OSTRUZIONE"
531.51,"ULCERA GASTRICA CRONICA O NON SPECIFICATA CON PERFORAZIONE, CON OSTRUZIONE"
531.6,ULCERA GASTRICA CRONICA O NON SPECIFICATA CON EMORRAGIA E PERFORAZIONE
531.60,"ULCERA GASTRICA CRONICA O NON SPECIFICATA CON EMORRAGIA E PERFORAZIONE, SENZA MENZIONE DI OSTRUZIONE"
531.61,"ULCERA GASTRICA CRONICA O NON SPECIFICATA CON EMORRAGIA E PERFORAZIONE, CON OSTRUZIONE"
531.7,ULCERA GASTRICA CRONICA SENZA MENZIONE DI EMORRAGIA O PERFORAZIONE
531.70,"ULCERA GASTRICA CRONICA SENZA MENZIONE DI EMORRAGIA O PERFORAZIONE, SENZA MENZIONE DI OSTRUZIONE"
531.71,"ULCERA GASTRICA CRONICA SENZA MENZIONE DI EMORRAGIA O PERFORAZIONE, CON OSTRUZIONE"
531.9,"ULCERA GASTRICA NON SPECIFICATA COME ACUTA O CRONICA, SENZA MENZIONE DI EMORRAGIA O PERFORAZIONE"
531.90,"ULCERA GASTRICA NON SPECIFICATA COME ACUTA O CRONICA,SENZA MENZIONE DI EMORRAGIA O PERFORAZIONE, SENZA MENZIONE DI OSTRUZIONE"
531.91,"ULCERA GASTRICA NON SPECIFICATA COME ACUTA O CRONICA,SENZA MENZIONE DI EMORRAGIA O PERFORAZIONE, CON OSTRUZIONE"
532,ULCERA DUODENALE
532.0,ULCERA DUODENALE ACUTA CON EMORRAGIA
532.00,"ULCERA DUODENALE ACUTA CON EMORRAGIA, SENZA MENZIONE DI OSTRUZIONE"
532.01,"ULCERA DUODENALE ACUTA CON EMORRAGIA, CON OSTRUZIONE"
532.1,ULCERA DUODENALE ACUTA CON PERFORAZIONE
532.10,"ULCERA DUODENALE ACUTA CON PERFORAZIONE, SENZA MENZIONE DI OSTRUZIONE"
532.11,"ULCERA DUODENALE ACUTA CON PERFORAZIONE, CON OSTRUZIONE"
532.2,ULCERA DUODENALE ACUTA CON EMORRAGIA E PERFORAZIONE
532.20,"ULCERA DUODENALE ACUTA CON EMORRAGIA E PERFORAZIONE, SENZA MENZIONE DI OSTRUZIONE"
532.21,"ULCERA DUODENALE ACUTA CON EMORRAGIA E PERFORAZIONE, CON OSTRUZIONE"
532.3,ULCERA DUODENALE ACUTA SENZA MENZIONE DI EMORRAGIA O PERFORAZIONE
532.30,"ULCERA DUODENALE ACUTA SENZA MENZIONE DI EMORRAGIA O PERFORAZIONE, SENZA MENZIONE DI OSTRUZIONE"
532.31,"ULCERA DUODENALE ACUTA SENZA MENZIONE DI EMORRAGIA O PERFORAZIONE, CON OSTRUZIONE"
532.4,ULCERA DUODENALE CRONICA O NON SPECIFICATA CON EMORRAGIA
532.40,"ULCERA DUODENALE CRONICA O NON SPECIFICATA CON EMORRAGIA,SENZA MENZIONE DI OSTRUZIONE"
532.41,"ULCERA DUODENALE CRONICA O NON SPECIFICATA CON EMORRAGIA,CON OSTRUZIONE"
532.5,ULCERA DUODENALE CRONICA O NON SPECIFICATA CON PERFORAZIONE
532.50,"ULCERA DUODENALE CRONICA O NON SPECIFICATA CON PERFORAZIONE,SENZA MENZIONE DI OSTRUZIONE"
532.51,"ULCERA DUODENALE CRONICA O NON SPECIFICATA CON PERFORAZIONE,CON OSTRUZIONE"
532.6,ULCERA DUODENALE CRONICA O NON SPECIFICATA CON EMORRAGIA E PERFORAZIONE
532.60,"ULCERA DUODENALE CRONICA O NON SPECIFICATA CON EMORRAGIA E PERFORAZIONE, SENZA MENZIONE DI OSTRUZIONE"
532.61,"ULCERA DUODENALE CRONICA O NON SPECIFICATA CON EMORRAGIA E PERFORAZIONE, CON OSTRUZIONE"
532.7,ULCERA DUODENALE CRONICA SENZA MENZIONE DI EMORRAGIA O PERFORAZIONE
532.70,"ULCERA DUODENALE CRONICA SENZA MENZIONE DI EMORRAGIA O PERFORAZIONE, SENZA MENZIONE DI OSTRUZIONE"
532.71,"ULCERA DUODENALE CRONICA SENZA MENZIONE DI EMORRAGIA O PERFORAZIONE, CON OSTRUZIONE"
532.9,"ULCERA DUODENALE NON SPECIFICATA COME ACUTA O CRONICA, SENZA MENZIONE DI EMORRAGIA O PERFORAZIONE"
532.90,"ULCERA DUODENALE NON SPECIFICATA COME ACUTA O CRONICA,SENZA MENZIONE DI EMORRAGIA O PERFORAZIONE, SENZA MENZIONE DI OSTRUZIONE"
532.91,"ULCERA DUODENALE NON SPECIFICATA COME ACUTA O CRONICA,SENZA MENZIONE DI EMORRAGIA O PERFORAZIONE, CON OSTRUZIONE"
533,"ULCERA PEPTICA, SITO NON SPECIFICATO"
533.0,ULCERA PEPTICA A LOCALIZZAZIONE NON SPECIFICATA ACUTA CON EMORRAGIA
533.00,"ULCERA PEPTICA A LOCALIZZAZIONE NON SPECIFICATA ACUTA CON EMORRAGIA, SENZA MENZIONE DI OSTRUZIONE"
533.01,"ULCERA PEPTICA A LOCALIZZAZIONE NON SPECIFICATA ACUTA CON EMORRAGIA, CON OSTRUZIONE"
533.1,ULCERA PEPTICA A LOCALIZZAZIONE NON SPECIFICATA ACUTA CON PERFORAZIONE
533.10,"ULCERA PEPTICA A LOCALIZZAZIONE NON SPECIFICATA ACUTA CON PERFORAZIONE, SENZA MENZIONE DI OSTRUZIONE"
533.11,"ULCERA PEPTICA A LOCALIZZAZIONE NON SPECIFICATA ACUTA CON PERFORAZIONE, CON OSTRUZIONE"
533.2,ULCERA PEPTICA A LOCALIZZAZIONE NON SPECIFICATA ACUTA CON EMORRAGIA E PERFORAZIONE
533.20,"ULCERA PEPTICA A LOCALIZZAZIONE NON SPECIFICATA ACUTA CON EMORRAGIA E PERFORAZIONE, SENZA MENZIONE DI OSTRUZIONE"
533.21,"ULCERA PEPTICA A LOCALIZZAZIONE NON SPECIFICATA ACUTA CON EMORRAGIA E PERFORAZIONE, CON OSTRUZIONE"
533.3,ULCERA PEPTICA A LOCALIZZAZIONE NON SPECIFICATA ACUTA SENZA MENZIONE DI EMORRAGIA O PERFORAZIONE
533.30,"ULCERA PEPTICA A LOCALIZZAZIONE NON SPECIFICATA ACUTA SENZA MENZIONE DI EMORRAGIA O PERFORAZIONE, SENZA MENZIONE DI OSTRUZIONE"
533.31,"ULCERA PEPTICA A LOCALIZZAZIONE NON SPECIFICATA ACUTA SENZA MENZIONE DI EMORRAGIA O PERFORAZIONE, CON OSTRUZIONE"
533.4,ULCERA PEPTICA A LOCALIZZAZIONE NON SPECIFICATA CRONICA O NON SPECIFICATA CON EMORRAGIA
533.40,"ULCERA PEPTICA A LOCALIZZAZIONE NON SPECIFICATA CRONICA O NON SPECIFICATA CON EMORRAGIA, SENZA MENZIONE DI OSTRUZIONE"
533.41,"ULCERA PEPTICA A LOCALIZZAZIONE NON SPECIFICATA CRONICA O NON SPECIFICATA CON EMORRAGIA, CON OSTRUZIONE"
533.5,ULCERA PEPTICA A LOCALIZZAZIONE NON SPECIFICATA CRONICA O NON SPECIFICATA CON PERFORAZIONE
533.50,"ULCERA PEPTICA A LOCALIZZAZIONE NON SPECIFICATA CRONICA O NON SPECIFICATA CON PERFORAZIONE, SENZA MENZIONE DI OSTRUZIONE"
533.51,"ULCERA PEPTICA A LOCALIZZAZIONE NON SPECIFICATA CRONICA O NON SPECIFICATA CON PERFORAZIONE, CON OSTRUZIONE"
533.6,ULCERA PEPTICA A LOCALIZZAZIONE NON SPECIFICATA CRONICA O NON SPECIFICATA CON EMORRAGIA E PERFORAZIONE
533.60,"ULCERA PEPTICA A LOCALIZZAZIONE NON SPECIFICATA CRONICA O NON SPECIFICATA CON EMORRAGIA E PERFORAZIONE, SENZA MENZIONE DI OSTRUZIONE"
533.61,"ULCERA PEPTICA A LOCALIZZAZIONE NON SPECIFICATA CRONICA O NON SPECIFICATA CON EMORRAGIA E PERFORAZIONE, CON OSTRUZIONE"
533.7,ULCERA PEPTICA A LOCALIZZAZIONE NON SPECIFICATA CRONICA SENZA MENZIONE DI EMORRAGIA O PERFORAZIONE
533.70,"ULCERA PEPTICA A LOCALIZZAZIONE NON SPECIFICATA CRONICA SENZA MENZIONE DI EMORRAGIA O PERFORAZIONE, SENZA MENZIONE DI OSTRUZIONE"
533.71,"ULCERA PEPTICA A LOCALIZZAZIONE NON SPECIFICATA CRONICA SENZA MENZIONE DI EMORRAGIA O PERFORAZIONE, CON OSTRUZIONE"
533.9,"ULCERA PEPTICA A LOCALIZZAZIONE NON SPECIFICATA NON SPECIFICATA COME ACUTA O CRONICA, SENZA MENZIONE DI EMORRAGIA O PERFORAZIONE"
533.90,"ULCERA PEPTICA A LOCALIZZAZIONE NON SPECIFICATA NON SPECIFICATA COME ACUTA O CRONICA,SENZA MENZIONE DI EMORRAGIA O PERFORAZIONE, SENZA MENZIONE DI OSTRUZIONE"
533.91,"ULCERA PEPTICA A LOCALIZZAZIONE NON SPECIFICATA NON SPECIFICATA COME ACUTA O CRONICA,SENZA MENZIONE DI EMORRAGIA O PERFORAZIONE, CON OSTRUZIONE"
534,ULCERA GASTRODIGIUNALE
534.0,ULCERA GASTRODIGIUNALE ACUTA CON EMORRAGIA
534.00,"ULCERA GASTRODIGIUNALE ACUTA CON EMORRAGIA,SENZA MENZIONE DI OSTRUZIONE"
534.01,"ULCERA GASTRODIGIUNALE ACUTA CON EMORRAGIA,CON OSTRUZIONE"
534.1,ULCERA GASTRODIGIUNALE ACUTA CON PERFORAZIONE
534.10,"ULCERA GASTRODIGIUNALE ACUTA CON PERFORAZIONE,SENZA MENZIONE DI OSTRUZIONE"
534.11,"ULCERA GASTRODIGIUNALE ACUTA CON PERFORAZIONE,CON OSTRUZIONE"
534.2,ULCERA GASTRODIGIUNALE ACUTA CON EMORRAGIA E PERFORAZIONE
534.20,"ULCERA GASTRODIGIUNALE ACUTA CON EMORRAGIA E PERFORAZIONE,SENZA MENZIONE DI OSTRUZIONE"
534.21,"ULCERA GASTRODIGIUNALE ACUTA CON EMORRAGIA E PERFORAZIONE,CON OSTRUZIONE"
534.3,ULCERA GASTRODIGIUNALE ACUTA SENZA MENZIONE DI EMORRAGIA O PERFORAZIONE
534.30,"ULCERA GASTRODIGIUNALE ACUTA SENZA MENZIONE DI EMORRAGIA O PERFORAZIONE,SENZA MENZIONE DI OSTRUZIONE"
534.31,"ULCERA GASTRODIGIUNALE ACUTA SENZA MENZIONE DI EMORRAGIA O PERFORAZIONE,CON OSTRUZIONE"
534.4,ULCERA GASTRODIGIUNALE CRONICA O NON SPECIFICATA CON EMORRAGIA
534.40,"ULCERA GASTRODIGIUNALE CRONICA O NON SPECIFICATA CON EMORRAGIA,SENZA MENZIONE DI OSTRUZIONE"
534.41,"ULCERA GASTRODIGIUNALE CRONICA O NON SPECIFICATA CON EMORRAGIA,CON OSTRUZIONE"
534.5,ULCERA GASTRODIGIUNALE CRONICA O NON SPECIFICATA CON PERFORAZIONE
534.50,"ULCERA GASTRODIGIUNALE CRONICA O NON SPECIFICATA CON PERFORAZIONE,SENZA MENZIONE DI OSTRUZIONE"
534.51,"ULCERA GASTRODIGIUNALE CRONICA O NON SPECIFICATA CON PERFORAZIONE,CON OSTRUZIONE"
534.6,ULCERA GASTRODIGIUNALE CRONICA O NON SPECIFICATA CON EMORRAGIA E PERFORAZIONE
534.60,"ULCERA GASTRODIGIUNALE CRONICA O NON SPECIFICATA CON EMORRAGIA E PERFORAZIONE,SENZA MENZIONE DI OSTRUZIONE"
534.61,"ULCERA GASTRODIGIUNALE CRONICA O NON SPECIFICATA CON EMORRAGIA E PERFORAZIONE,CON OSTRUZIONE"
534.7,ULCERA GASTRODIGIUNALE CRONICA SENZA MENZIONE DI EMORRAGIA O PERFORAZIONE
534.70,"ULCERA GASTRODIGIUNALE CRONICA SENZA MENZIONE DI EMORRAGIA O PERFORAZIONE,SENZA MENZIONE DI OSTRUZIONE"
534.71,"ULCERA GASTRODIGIUNALE CRONICA SENZA MENZIONE DI EMORRAGIA O PERFORAZIONE,CON OSTRUZIONE"
534.9,"ULCERA GASTRODIGIUNALE NON SPECIFICATA COME ACUTA O CRONICA, SENZA MENZIONE DI EMORRAGIA O PERFORAZIONE"
534.90,"ULCERA GASTRODIGIUNALE NON SPECIFICATA COME ACUTA O CRONICA, SENZA MENZIONE DI EMORRAGIA O PERFORAZIONE, SENZA MENZIONE DI OSTRUZIONE"
534.91,"ULCERA GASTRODIGIUNALE NON  SPECIFICATA COME ACUTA O CRONICA, SENZA MENZIONE DI EMORRAGIA O PERFORAZIONE, CON OSTRUZIONE"
535,GASTRITE E DUODENITE
535.0,GASTRITE ACUTA
535.00,GASTRITE ACUTA SENZA MENZIONE DI EMORRAGIA
535.01,GASTRITE ACUTA CON EMORRAGIA
535.1,GASTRITE ATROFICA
535.10,GASTRITE ATROFICA SENZA MENZIONE DI EMORRAGIA
535.11,GASTRITE ATROFICA CON EMORRAGIA
535.2,IPERTROFIA DELLA MUCOSA GASTRICA
535.20,IPERTROFIA DELLA MUCOSA GASTRICA SENZA MENZIONE DI EMORRAGIA
535.21,IPERTROFIA DELLA MUCOSA GASTRICA CON EMORRAGIA
535.3,GASTRITE ALCOOLICA
535.30,GASTRITE ALCOOLICA SENZA MENZIONE DI EMORRAGIA
535.31,GASTRITE ALCOOLICA CON EMORRAGIA
535.4,ALTRA GASTRITE SPECIFICATA
535.40,ALTRA GASTRITE SPECIFICATA SENZA MENZIONE DI EMORRAGIA
535.41,ALTRA GASTRITE SPECIFICATA CON EMORRAGIA
535.5,GASTRITE E GASTRODUODENITE NON SPECIFICATE
535.50,GASTRITE E GASTRODUODENITE NON SPECIFICATE SENZA MENZIONE DI EMORRAGIA
535.51,GASTRITE E GASTRODUODENITE NON SPECIFICATE CON EMORRAGIA
535.6,DUODENITE
535.60,DUODENITE SENZA MENZIONE DI EMORRAGIA
535.61,DUODENITE CON EMORRAGIA
536,DISTURBI DELLA FUNZIONE GASTRICA
536.0,ACLORIDRIA
536.1,DILATAZIONE ACUTA DELLO STOMACO
536.2,VOMITO PERSISTENTE
536.3,GASTROPARESI
536.4,COMPLICAZIONI DI GASTROSTOMIA
536.40,COMPLICAZIONE NON SPECIFICATA DI GASTROSTOMIA
536.41,INFEZIONE DI GASTROSTOMIA
536.42,COMPLICAZIONE MECCANICA DI GASTROSTOMIA
536.49,COMPLICAZIONE DI GASTROSTOMIA
536.8,DISPEPSIA E ALTRI DISTURBI SPECIFICATI DELLA FUNZIONE GASTRICA
536.9,DISTURBO NON SPECIFICATO DELLA FUNZIONE GASTRICA
537,ALTRI DISTURBI DELLO STOMACO E DEL DUODENO
537.0,STENOSI IPERTROFICA ACQUISITA DEL PILORO
537.1,DIVERTICOLO GASTRICO
537.2,ILEO DUODENALE CRONICO - OSTRUZIONE CON DILATAZIONE DUODENALE CRONICA
537.3,ALTRA OSTRUZIONE DEL DUODENO
537.4,FISTOLA DELLO STOMACO E DEL DUODENO
537.5,GASTROPTOSI
537.6,STOMACO A CLESSIDRA O STENOSI DELLO STOMACO
537.8,ALTRI DISTURBI SPECIFICATI DELLO STOMACO E DEL DUODENO
537.81,PILOROSPASMO
537.82,ANGIODISPLASIA DELLO STOMACO E DUODENO SENZA MENZIONE DI
537.83,ANGIODISPLASIA DELLO STOMACO E DEL DUODENO CON EMORRAGIA
537.84,LESIONE DI DIEULAFOY (EMORRAGICA) DELLO STOMACO E DEL DUODENO
537.89,ALTRI DISTURBI SPECIFICATI DELLO
537.9,ALTRO DISTURBO NON SPECIFICATO DELLO
538,MUCOSITE GASTROINTESTINALE (ULCERATIVA)
540,APPENDICITE ACUTA
540.0,APPENDICITE ACUTA CON PERITONITE
540.1,APPENDICITE ACUTA CON ASCESSO PERITONEALE
540.9,"APPENDICITE ACUTA SENZA MENZIONE DI PERITONITE,PERFORAZIONE O ROTTURA"
541,"APPENDICITE,NON PRECISATA"
542,ALTRE FORME DI APPENDICITE
543,ALTRE MALATTIE DELL'APPENDICE
543.0,IPERPLASIA LINFOIDE DELL'APPENDICE
543.9,ALTRA E NON SPECIFICATA PATOLOGIA
550,ERNIA INGUINALE
550.0,"ERNIA INGUINALE, CON GANGRENA"
550.00,"ERNIA INGUINALE MONOLATERALE O NON SPECIFICATA,CON GANGRENA"
550.01,"ERNIA INGUINALE MONOLATERALE O NON SPECIFICATA,RICORRENTE,CON GANGRENA"
550.02,"ERNIA INGUINALE BILATERALE,CON GANGRENA"
550.03,"ERNIA INGUINALE BILATERALE,RICORRENTE, CON GANGRENA"
550.1,"ERNIA INGUINALE, CON OSTRUZIONE, SENZA MENZIONE DI GANGRENA"
550.10,"ERNIA INGUINALE MONOLATERALE O NON SPECIFICATA,CON OSTRUZIONE,SENZA MENZIONE DI GANGRENA"
550.11,"ERNIA INGUINALE MONOLATERALE O NON SPECIFICATA,RICORRENTE,CON OSTRUZIONE,SENZA MENZIONE DI GANGRENA"
550.12,"ERNIA INGUINALE BILATERALE,CON OSTRUZIONE,SENZA MENZIONE DI GANGRENA"
550.13,"ERNIA INGUINALE BILATERALE, RICORRENTE, CON OSTRUZIONE, SENZA MENZIONE DI GANGRENA"
550.9,ERNIA INGUINALE SENZA MENZIONE DI OSTRUZIONE O GANGRENA
550.90,"ERNIA INGUINALE MONOLATERALE O NON SPECIFICATA,SENZA MENZIONE DI OSTRUZIONE O GANGRENA"
550.91,"ERNIA INGUINALE MONOLATERALE O NON SPECIFICATA,RICORRENTE,SENZA MENZIONE DI OSTRUZIONE O GANGRENA"
550.92,"ERNIA INGUINALE BILATERALE,SENZA MENZIONE DI OSTRUZIONE O GANGRENA"
550.93,"ERNIA INGUINALE BILATERALE,RICORRENTE,SENZA MENZIONE DI OSTRUZIONE O GANGRENA"
551,"ALTRA ERNIA DELLA CAVIT@ ADDOMINALE, CON GANGRENA"
551.0,"ERNIA FEMORALE, CON GANGRENA"
551.00,"ERNIA FEMORALE MONOLATERALE O NON SPECIFICATA,CON GANGRENA"
551.01,"ERNIA FEMORALE MONOLATERALE O NON SPECIFICATA,RICORRENTE,CON GANGRENA"
551.02,"ERNIA FEMORALE BILATERALE,CON GANGRENA"
551.03,"ERNIA FEMORALE BILATERALE, RICORRENTE, CON GANGRENA"
551.1,"ERNIA OMBELICALE,CON GANGRENA"
551.2,"LAPAROCELE, CON GANGRENA"
551.20,"LAPAROCELE,NON SPECIFICATO,CON GANGRENA"
551.21,"LAPAROCELE POST-INCISIONE,CON GANGRENA"
551.29,"ALTRO LAPAROCELE,CON GANGRENA"
551.3,"ERNIA DIAFRAMMATICA,CON GANGRENA"
551.8,"ERNIA DI ALTRI SITI SPECIFICATI,CON GANGRENA"
551.9,"ERNIA DI SITI NON SPECIFICATI,CON GANGRENA"
552,"ALTRA ERNIA DELLA CAVIT@ ADDOMINALE, CON OSTRUZIONE, MA SENZA MENZIONE DI GANGRENA"
552.0,"ERNIA FEMORALE, CON OSTRUZIONE"
552.00,"ERNIA FEMORALE MONOLATERALE O NON SPECIFICATA,CON OSTRUZIONE"
552.01,"ERNIA FEMORALE MONOLATERALE O NON SPECIFICATA,RICORRENTE,CON OSTRUZIONE"
552.02,"ERNIA FEMORALE BILATERALE,CON OSTRUZIONE"
552.03,"ERNIA FEMORALE BILATERALE,RICORRENTE, CON OSTRUZIONE"
552.1,"ERNIA OMBELICALE,CON OSTRUZIONE"
552.2,"LAPAROCELE, CON OSTRUZIONE"
552.20,"LAPAROCELE,NON SPECIFICATO,CON OSTRUZIONE"
552.21,"LAPAROCELE POST-INCISIONE,CON OSTRUZIONE"
552.29,"ALTRO LAPAROCELE,CON OSTRUZIONE"
552.3,"ERNIA DIAFRAMMATICA,CON OSTRUZIONE"
552.8,"ERNIA DI ALTRI SITI SPECIFICATI,CON OSTRUZIONE"
552.9,"ERNIA DI SITI NON SPECIFICATI,CON OSTRUZIONE"
553,ALTRA ERNIA DELLA CAVIT@ ADDOMINALE SENZA MENZIONE DI OSTRUZIONE O GANGRENA
553.0,"ERNIA FEMORALE, SENZA MENZIONE DI OSTRUZIONE O GANGRENA"
553.00,"ERNIA FEMORALE MONOLATERALE O NON SPECIFICATA,SENZA MENZIONE DI OSTRUZIONE O GANGRENA"
553.01,"ERNIA FEMORALE MONOLATERALE O NON SPECIFICATA,RICORRENTE,SENZA MENZIONE DI OSTRUZIONE O GANGRENA"
553.02,"ERNIA FEMORALE BILATERALE,SENZA MENZIONE DI OSTRUZIONE O GANGRENA"
553.03,"ERNIA FEMORALE BILATERALE,RICORRENTE, SENZA MENZIONE DI OSTRUZIONE O GANGRENA"
553.1,"ERNIA OMBELICALE,SENZA MENZIONE DI OSTRUZIONE O GANGRENA"
553.2,"LAPAROCELE, SENZA MENZIONE DI OSTRUZIONE O GANGRENA"
553.20,"LAPAROCELE,NON SPECIFICATO,SENZA MENZIONE DI OSTRUZIONE O GANGRENA"
553.21,"LAPAROCELE POSTCHIRURGICO,SENZA MENZIONE DI OSTRUZIONE O GANGRENA"
553.29,"ALTRO LAPAROCELE,SENZA MENZIONE DI OSTRUZIONE O GANGRENA"
553.3,"ERNIA DIAFRAMMATICA,SENZA MENZIONE DI OSTRUZIONE O GANGRENA"
553.8,"ERNIA DI ALTRI SITI SPECIFICATI,SENZA MENZIONE DI OSTRUZIONE O GANGRENA"
553.9,"ERNIA DI SITI NON SPECIFICATI,SENZA MENZIONE DI OSTRUZIONE O GANGRENA"
555,ENTERITE REGIONALE
555.0,ENTERITE REGIONALE DELL'INTESTINO TENUE
555.1,ENTERITE REGIONALE DELL'INTESTINO CRASSO
555.2,ENTERITE REGIONALE DELL'INTESTINO TENUE E CRASSO
555.9,"ENTERITE REGIONALE,SITO NON SPECIFICATO"
556,COLITE ULCEROSA
556.0,ENTEROCOLITE ULCEROSA (CRONICA)
556.1,ILEOCOLITE ULCEROSA (CRONICA)
556.2,PROCTITE ULCEROSA (CRONICA)
556.3,PROCTOSIGMOIDITE ULCEROSA (CRONICA)
556.4,PSEUDOPOLIPOSI DEL COLON
556.5,COLITE ULCEROSA LOCALIZZATA AL COLON
556.6,PANCOLITE ULCEROSA
556.8,ALTRA COLITE ULCEROSA
556.9,"COLITE ULCEROSA,NON SPECIFICATA"
557,INSUFFICIENZA VASCOLARE DELL'INTESTINO
557.0,INSUFFICIENZA VASCOLARE ACUTA
557.1,INSUFFICIENZA VASCOLARE CRONICA
557.9,"INSUFFICIENZA VASCOLARE DELL'INTESTINO,NON SPECIFICATA"
558,ALTRA GASTROENTERITE E COLITE NON INFETTIVA
558.1,GASTROENTERITE E COLITE DA RADIAZIONI
558.2,GASTROENTERITE E COLITE TOSSICA
558.3,GASTROENTERITE E COLITE ALLERGICA
558.9,GASTROENTERITE E COLITE NON INFETTIVA
560,OCCLUSIONE INTESTINALE SENZA MENZIONE DI ERNIA
560.0,INVAGINAZIONE
560.1,ILEO PARALITICO
560.2,VOLVOLO
560.3,INTASAMENTO DELL'INTESTINO
560.30,"INTASAMENTO DELL'INTESTINO,NON SPECIFICATO"
560.31,ILEO DA CALCOLI
560.39,ALTRO INTASAMENTO DELL'INTESTINO
560.8,ALTRA OCCLUSIONE SPECIFICATA DELL'INTESTINO
560.81,ADERENZE INTESTINALI O PERITONEALI CON OCCLUSIONE (POSTOPERATORIO) (POSTINFETTIVO)
560.89,ALTRA OCCLUSIONE SPECIFICATA DELL'INTESTINO
560.9,OCCLUSIONE INTESTINALE NON SPECIFICATA
562,DIVERTICOLI DELL'INTESTINO
562.0,DIVERTICOLI DELL'INTESTINO TENUE
562.00,DIVERTICOLOSI DELL'INTESTINO TENUE (SENZA MENZIONE DI EMORRAGIA)
562.01,DIVERTICOLITE DELL'INTESTINO TENUE (SENZA MENZIONE DI EMORRAGIA)
562.02,DIVERTICOLOSI DELL'INTESTINO TENUE CON EMORRAGIA
562.03,DIVERTICOLITE DELL'INTESTINO TENUE CON EMORRAGIA
562.1,DIVERTICOLI DEL COLON
562.10,DIVERTICOLOSI DEL COLON (SENZA MENZIONE DI EMORRAGIA)
562.11,DIVERTICOLITE DEL COLON (SENZA MENZIONE DI EMORRAGIA)
562.12,DIVERTICOLOSI DEL COLON CON EMORRAGIA
562.13,DIVERTICOLITE DEL COLON CON EMORRAGIA
564,"DISTURBI DIGESTIVI FUNZIONALI, NON CLASSIFICATI ALTROVE"
564.0,STIPSI
564.00,"COSTIPAZIONE,NON SPECIFICATA"
564.01,COSTIPAZIONE CON TRANSITO RALLENTATO
564.02,COSTIPAZIONE CON DISFUNZIONE DELLO SBOCCO
564.09,COSTIPAZIONE
564.1,COLON IRRITABILE
564.2,SINDROMI POST-GASTRECTOMIA
564.3,VOMITO SECONDARIO A CHIRURGIA
564.4,ALTRI DISTURBI FUNZIONALI POST-CHIRURGICI
564.5,DIARREA FUNZIONALE
564.6,SPASMO ANALE
564.7,"MEGACOLON,NON HIRSCHPRUNG"
564.8,ALTRI DISTURBI FUNZIONALI SPECIFICATI DELL'INTESTINO
564.81,INTESTINO NEUROGENO
564.89,DISTURBO FUNZIONALE DELL'INTESTINO
564.9,DISTURBO FUNZIONALE NON SPECIFICATO
565,RAGADE E FISTOLA ANALI
565.0,RAGADE ANALE
565.1,FISTOLA ANALE
566,ASCESSO ANALE E RETTALE
567,PERITONITE
567.0,PERITONITE IN MALATTIE INFETTIVE CLASSIFICATE ALTROVE
567.1,PERITONITE PNEUMOCOCCICA
567.2,ALTRA PERITONITE SUPPURATIVA
567.21,PERITONITE (ACUTA) DIFFUSA
567.22,ASCESSO PERITONEALE
567.23,PERITONITE BATTERICA SPONTANEA
567.29,ALTRE PERITONITI SUPPURATIVE
567.3,INFEZIONI RETROPERITONEALI
567.31,ASCESSO DEL MUSCOLO PSOAS
567.38,ALTRO ASCESSO RETROPERITONEALE
567.39,ALTRA INFEZIONE RETROPERITONEALE
567.8,ALTRA PERITONITE SPECIFICATA
567.81,COLEPERITONITE
567.82,MESENTERITE SCLEROSANTE
567.89,ALTRE PERITONITI SPECIFICATE
567.9,PERITONITE NON SPECIFICATA
568,ALTRI DISTURBI DEL PERITONEO
568.0,ADERENZE PERITONEALI (POSTOPERATORIE) (POSTINFETTIVE)
568.8,ALTRI DISTURBI SPECIFICATI DEL PERITONEO
568.81,EMOPERITONEO (NON TRAUMATICO)
568.82,TRASUDAZIONE PERITONEALE (CRONICA)
568.89,ALTRI DISTURBI SPECIFICATI DEL
568.9,DISTURBO NON SPECIFICATO DEL PERITONEO
569,ALTRI DISTURBI DELL'INTESTINO
569.0,POLIPO ANALE E RETTALE
569.1,PROLASSO RETTALE
569.2,STENOSI DEL RETTO E DELL'ANO
569.3,EMORRAGIA DEL RETTO E DELL'ANO
569.4,ALTRI DISTURBI SPECIFICATI DEL RETTO E DELL'ANO
569.41,ULCERA DELL'ANO E DEL RETTO
569.42,DOLORE ANALE E RETTALE
569.49,ALTRI DISTURBI SPECIFICATI DEL RETTO E DELL'ANO
569.5,ASCESSO INTESTINALE
569.6,COMPLICAZIONE DA COLOSTOMIA ED ENTEROSTOMIA
569.60,COMPLICAZIONE NON SPECIFICATA DA COLOSTOMIA ED ENTEROSTOMIA
569.61,INFEZIONE DA COLOSTOMIA ED ENTEROSTOMIA
569.62,COMPLICAZIONE MECCANICA DI COLOSTOMIA ED ENTEROSTOMIA
569.69,COMPLICAZIONE DI COLOSTOMIA ED ENTEROSTOMIA
569.8,ALTRI DISTURBI SPECIFICATI DELL'INTESTINO
569.81,"FISTOLA INTESTINALE,ESCLUSO RETTO ED ANO"
569.82,ULCERA INTESTINALE
569.83,PERFORAZIONE DELL'INTESTINO
569.84,"ANGIODISPLASIA DELL'INTESTINO,SENZA MENZIONE DI EMORRAGIA"
569.85,"ANGIODISPLASIA DELL'INTESTINO,CON EMORRAGIA"
569.86,LESIONE DI DIEULAFOY (EMORRAGICA) DELL'INTESTINO
569.89,ALTRI DISTURBI SPECIFICATI
569.9,DISTURBI NON SPECIFICATI DELL'INTESTINO
570,NECROSI ACUTA E SUBACUTA DEL FEGATO
571,MALATTIA EPATICA CRONICA E CIRROSI
571.0,STEATOSI EPATICA ALCOLICA
571.1,EPATITE ACUTA ALCOLICA
571.2,CIRROSI EPATICA ALCOLICA
571.3,"DANNO EPATICO DA ALCOL,NON SPECIFICATO"
571.4,EPATITE CRONICA
571.40,"EPATITE CRONICA,NON SPECIFICATA"
571.41,EPATITE CRONICA PERSISTENTE
571.49,ALTRA EPATITE CRONICA
571.5,CIRROSI EPATICA SENZA MENZIONE DI ALCOL
571.6,CIRROSI BILIARE
571.8,ALTRA EPATOPATIA CRONICA NON ALCOLICA
571.9,EPATOPATIA CRONICA NON SPECIFICATA SENZA MENZIONE DI ALCOOL
572,ASCESSO DEL FEGATO E POSTUMI DI MALATTIE CRONICHE DEL FEGATO
572.0,ASCESSO DEL FEGATO
572.1,PILEFLEBITE SUPPURATIVA
572.2,COMA EPATICO
572.3,IPERTENSIONE PORTALE
572.4,SINDROME EPATORENALE
572.8,ALTRI POSTUMI DI MALATTIE CRONICHE DEL FEGATO
573,ALTRI DISTURBI DEL FEGATO
573.0,CONGESTIONE EPATICA PASSIVA CRONICA
573.1,EPATITE IN MALATTIE VIRALI CLASSIFICATE
573.2,EPATITE IN ALTRE MALATTIE INFETTIVE
573.3,"EPATITE,NON SPECIFICATA"
573.4,INFARTO EPATICO
573.8,ALTRI DISTURBI EPATICI SPECIFICATI
573.9,DISTURBO EPATICO NON SPECIFICATO
574,COLELITIASI
574.0,CALCOLOSI DELLA COLECISTI CON COLECISTITE ACUTA
574.00,"CALCOLOSI DELLA COLECISTI CON COLECISTITE ACUTA,SENZA MENZIONE DI OSTRUZIONE"
574.01,"CALCOLOSI DELLA COLECISTI CON COLECISTITE ACUTA,CON OSTRUZIONE"
574.1,CALCOLOSI DELLA COLECISTI CON ALTRA COLECISTITE
574.10,"CALCOLOSI DELLA COLECISTI CON ALTRA COLECISTITE,SENZA MENZIONE DI OSTRUZIONE"
574.11,"CALCOLOSI DELLA COLECISTI CON ALTRA COLECISTITE,CON OSTRUZIONE"
574.2,CALCOLOSI DELLA COLECISTI SENZA MENZIONE DI COLECISTITE
574.20,"CALCOLOSI DELLA COLECISTI SENZA MENZIONE DI COLECISTITE,SENZA MENZIONE DI OSTRUZIONE"
574.21,"CALCOLOSI DELLA COLECISTI SENZA MENZIONE DI COLECISTITE,CON OSTRUZIONE"
574.3,CALCOLOSI DEL DOTTO BILIARE CON COLECISTITE ACUTA
574.30,"CALCOLOSI DEL DOTTO BILIARE CON COLECISTITE ACUTA,SENZA MENZIONE DI OSTRUZIONE"
574.31,"CALCOLOSI DEL DOTTO BILIARE CON COLECISTITE ACUTA,CON OSTRUZIONE"
574.4,CALCOLOSI DEL DOTTO BILIARE CON ALTRA COLECISTITE
574.40,"CALCOLOSI DEL DOTTO BILIARE CON ALTRA COLECISTITE,SENZA MENZIONE DI OSTRUZIONE"
574.41,"CALCOLOSI DEL DOTTO BILIARE CON ALTRA COLECISTITE,CON OSTRUZIONE"
574.5,CALCOLOSI DEL DOTTO BILIARE SENZA MENZIONE DI COLECISTITE
574.50,"CALCOLOSI DEL DOTTO BILIARE SENZA MENZIONE DI COLECISTITE,SENZA MENZIONE DI OSTRUZIONE"
574.51,"CALCOLOSI DEL DOTTO BILIARE SENZA MENZIONE DI COLECISTITE,CON OSTRUZIONE"
574.6,"CALCOLOSI DELLA COLECISTI E DEL DOTTO BILIARE, CON COLECISTITE ACUTA"
574.60,"CALCOLOSI DELLA COLECISTI E DEL DOTTO BILIARE,CON COLECISTITE ACUTA,SENZA MENZIONE DI OSTRUZIONE"
574.61,"CALCOLOSI DELLA COLECISTI E DEL DOTTO BILIARE,CON COLECISTITE ACUTA,CON OSTRUZIONE"
574.7,"CALCOLOSI DELLA COLECISTI E DEL DOTTO BILIARE, CON ALTRE FORME DI COLECISTITE"
574.70,"CALCOLOSI DELLA COLECISTI E DEL DOTTO BILIARE,CON ALTRE FORME DI COLECISTITE,SENZA MENZIONE DI OSTRUZIONE"
574.71,"CALCOLOSI DELLA COLECISTI E DEL DOTTO BILIARE,CON ALTRE FORME DI COLECISTITE,CON OSTRUZIONE"
574.8,"CALCOLOSI DELLA COLECISTI E DEL DOTTO BILIARE, CON COLECISTITE ACUTA E CRONICA"
574.80,"CALCOLOSI DELLA COLECISTI E DEL DOTTO BILIARE,CON COLECISTITE ACUTA E CRONICA,SENZA MENZIONE DI OSTRUZIONE"
574.81,"CALCOLOSI DELLA COLECISTI E DEL DOTTO BILIARE,CON COLECISTITE ACUTA E CRONICA,CON OSTRUZIONE"
574.9,"CALCOLOSI DELLA COLECISTI E DEL DOTTO BILIARE, SENZA COLECISTITE"
574.90,"CALCOLOSI DELLA COLECISTI E DEL DOTTO BILIARE,SENZA COLECISTITE,SENZA MENZIONE DI OSTRUZIONE"
574.91,"CALCOLOSI DELLA COLECISTI E DEL DOTTO BILIARE,SENZA COLECISTITE,CON OSTRUZIONE"
575,ALTRI DISTURBI DELLA COLECISTI
575.0,COLECISTITE ACUTA
575.1,ALTRA COLECISTITE
575.10,COLECISTITE NON SPECIFICATA
575.11,COLECISTITE CRONICA
575.12,COLECISTITE ACUTA E CRONICA
575.2,OSTRUZIONE DELLA COLECISTI
575.3,IDROPE DELLA COLECISTI
575.4,PERFORAZIONE DELLA COLECISTI
575.5,FISTOLA DELLA COLECISTI
575.6,COLESTEROLOSI DELLA COLECISTI
575.8,ALTRI DISTURBI SPECIFICATI DELLA COLECISTI
575.9,DISTURBO NON SPECIFICATO DELLA COLECISTI
576,ALTRI DISTURBI DELLE VIE BILIARI
576.0,SINDROME POSTCOLECISTECTOMIA
576.1,COLANGITE
576.2,OSTRUZIONE DEL DOTTO BILIARE
576.3,PERFORAZIONE DEL DOTTO BILIARE
576.4,FISTOLA DEL DOTTO BILIARE
576.5,SPASMO DELLO SFINTERE DI ODDI
576.8,ALTRI DISTURBI SPECIFICATI DELLE VIE BILIARI
576.9,DISTURBO NON SPECIFICATO DELLE VIE BILIARI
577,MALATTIE DEL PANCREAS
577.0,PANCREATITE ACUTA
577.1,PANCREATITE CRONICA
577.2,CISTI E PSEUDOCISTI DEL PANCREAS
577.8,ALTRE MALATTIE SPECIFICATE DEL PANCREAS
577.9,MALATTIA NON SPECIFICATA DEL PANCREAS
578,EMORRAGIA GASTROINTESTINALE
578.0,EMATEMESI
578.1,MELENA E RETTORRAGIA
578.9,"EMORRAGIA DEL TRATTO GASTROINTESTINALE,NON SPECIFICATA"
579,MALASSORBIMENTO INTESTINALE
579.0,MALATTIA CELIACA
579.1,SPRUE TROPICALE
579.2,SINDROME DELL'ANSA CIECA
579.3,ALTRO E NON SPECIFICATO MALASSORBIMENTO POSTCHIRURGICO
579.4,STEATORREA PANCREATICA
579.8,ALTRO MALASSORBIMENTO INTESTINALE
579.9,MALASSORBIMENTO INTESTINALE NON SPECIFICATO
580,GLOMERULONEFRITE ACUTA
580.0,"GLOMERULONEFRITE ACUTA,CON LESIONI DI GLOMERULONEFRITE PROLIFERATIVA"
580.4,"GLOMERULONEFRITE ACUTA,CON LESIONI DI GLOMERULONEFRITE RAPIDAMENTE PROGRESSIVA"
580.8,"GLOMERULONEFRITE ACUTA, CON ALTRE LESIONI ISTOLOGICHE RENALI SPECIFICATE"
580.81,"GLOMERULONEFRITE ACUTA,IN MALATTIE CLASSIFICATE ALTROVE"
580.89,"GLOMERULONEFRITE ACUTA,CON ALTRE LESIONI ISTOLOGICHE RENALI SPECIFICATE"
580.9,"GLOMERULONEFRITE ACUTA,CON LESIONI ISTOLOGICHE NON SPECIFICATE"
581,SINDROME NEFROSICA
581.0,"SINDROME NEFROSICA,CON LESIONI DI GLOMERULONEFRITE PROLIFERATIVA"
581.1,"SINDROME NEFROSICA,CON LESIONI DI GLOMERULONEFRITE MEMBRANOSA"
581.2,"SINDROME NEFROSICA,CON LESIONI DI GLOMERULONEFRITE MEMBRANOPROLIFERATIVA"
581.3,"SINDROME NEFROSICA,CON LESIONI DI TIPO GLOMERULONEFRITE A LESIONI MINIME"
581.8,"SINDROME NEFROSICA, CON ALTRE LESIONI ISTOLOGICHE RENALI SPECIFICATE"
581.81,"SINDROME NEFROSICA,IN MALATTIE CLASSIFICATE ALTROVE"
581.89,"SINDROME NEFROSICA,CON ALTRE LESIONI ISTOLOGICHE RENALI SPECIFICATE"
581.9,"SINDROME NEFROSICA,CON LESIONI ISTOLOGICHE NON SPECIFICATE"
582,GLOMERULONEFRITE CRONICA
582.0,"GLOMERULONEFRITE CRONICA,CON LESIONI DI GLOMERULONEFRITE PROLIFERATIVA"
582.1,"GLOMERULONEFRITE CRONICA,CON LESIONI DI GLOMERULONEFRITE MEMBRANOSA"
582.2,"GLOMERULONEFRITE CRONICA,CON LESIONI DI GLOMERULONEFRITE MEMBRANOPROLIFERATIVA"
582.4,"GLOMERULONEFRITE CRONICA,CON LESIONI DI GLOMERULONEFRITE RAPIDAMENTE PROGRESSIVA"
582.8,"GLOMERULONEFRITE CRONICA, CON ALTRE LESIONI ISTOLOGICHE RENALI SPECIFICATE"
582.81,"GLOMERULONEFRITE CRONICA,IN MALATTIE CLASSIFICATE ALTROVE"
582.89,"GLOMERULONEFRITE CRONICA,CON ALTRE LESIONI ISTOLOGICHE RENALI SPECIFICATE"
582.9,"GLOMERULONEFRITE CRONICA,CON LESIONI ISTOLOGICHE NON SPECIFICATE"
583,"NEFRITE E NEFROPATIA, NON SPECIFICATE COME ACUTE O CRONICHE"
583.0,"NEFRITE E NEFROPATIA,NON SPECIFICATE COME ACUTE O CRONICHE,CON LESIONI DI GLOMERULONEFRITE PROLIFERATIVA"
583.1,"NEFRITE E NEFROPATIA,NON SPECIFICATE COME ACUTE O CRONICHE,CON LESIONI DI GLOMERULONEFRITE MEMBRANOSA"
583.2,"NEFRITE E NEFROPATIA,NON SPECIFICATE COME ACUTE O CRONICHE,CON LESIONI DI GLOMERULONEFRITE MEMBRANOPROLIFERATIVA"
583.4,"NEFRITE E NEFROPATIA,NON SPECIFICATE COME ACUTE O CRONICHE,CON LESIONI DI GLOMERULONEFRITE RAPIDAMENTE PROGRESSIVA"
583.6,"NEFRITE E NEFROPATIA,NON SPECIFICATE COME ACUTE O CRONICHE,CON LESIONI DI NECROSI CORTICALE RENALE"
583.7,"NEFRITE E NEFROPATIA,NON SPECIFICATE COME ACUTE O CRONICHE,CON LESIONI DI NECROSI MIDOLLARE RENALE"
583.8,"NEFRITE E NEFROPATIA, NON SPECIFICATE COME ACUTE O CRONICHE, CON ALTRE LESIONI ISTOLOGICHE RENALI SPECIFICATE"
583.81,"NEFRITE E NEFROPATIA,NON SPECIFICATE COME ACUTE O CRONICHE,IN MALATTIE CLASSIFICATE ALTROVE"
583.89,"NEFRITE E NEFROPATIA,NON SPECIFICATE COME ACUTE O CRONICHE,CON ALTRE LESIONI ISTOLOGICHE RENALI SPECIFICATE"
583.9,"NEFRITE E NEFROPATIA,NON SPECIFICATE COME ACUTE O CRONICHE,CON LESIONI ISTOLOGICHE RENALI NON SPECIFICATE"
584,INSUFFICIENZA RENALE ACUTA
584.5,"INSUFFICIENZA RENALE ACUTA,CON NECROSI TUBULARE"
584.6,"INSUFFICIENZA RENALE ACUTA,CON LESIONI DI NECROSI CORTICALE RENALE"
584.7,"INSUFFICIENZA RENALE ACUTA,CON LESIONI DI NECROSI MIDOLLARE [PAPILLARE] RENALE"
584.8,"INSUFFICIENZA RENALE ACUTA,CON ALTRE LESIONI ISTOLOGICHE RENALI SPECIFICATE"
584.9,"INSUFFICIENZA RENALE ACUTA,NON SPECIFICATA"
585,INSUFFICIENZA RENALE CRONICA
585.1,"MALATTIA RENALE CRONICA, STADIO I"
585.2,"MALATTIA RENALE CRONICA, STADIO II (LIEVE)"
585.3,"MALATTIA RENALE CRONICA, STADIO III (MODERATA)"
585.4,"MALATTIA RENALE CRONICA, STADIO IV (GRAVE)"
585.5,"MALATTIA RENALE CRONICA, STADIO V"
585.6,"MALATTIA RENALE CRONICA, STADIO FINALE"
585.9,"MALATTIA RENALE CRONICA, NON SPECIFICATA"
586,"INSUFFICIENZA RENALE,NON SPECIFICATA"
587,"SCLEROSI RENALE,NON SPECIFICATA"
588,PATOLOGIE CAUSATE DA RIDOTTA FUNZIONE RENALE
588.0,OSTEODISTROFIA RENALE
588.1,DIABETE INSIPIDO NEFROGENO
588.8,"ALTRE PATOLOGIE SPECIFICATE, CAUSATE DA RIDOTTA FUNZIONE RENALE"
588.81,IPERPARATIROIDISMO SECONDARIO (DI ORIGINE RENALE)
588.89,"ALTRE PATOLOGIE SPECIFICATE, CAUSATE DA UNA COMPROMESSA FUNZIONE RENALE"
588.9,"PATOLOGIE NON SPECIFICATE,CAUSATE DA RIDOTTA FUNZIONE RENALE"
589,RENE PICCOLO DA CAUSA IGNOTA
589.0,RENE PICCOLO UNILATERALE
589.1,RENE PICCOLO BILATERALE
589.9,"RENE PICCOLO,NON SPECIFICATO"
590,INFEZIONI DEL RENE
590.0,PIELONEFRITE CRONICA
590.00,"PIELONEFRITE CRONICA,SENZA NECROSI MIDOLLARE"
590.01,"PIELONEFRITE CRONICA,CON NECROSI MIDOLLARE"
590.1,PIELONEFRITE ACUTA
590.10,"PIELONEFRITE ACUTA,SENZA NECROSI MIDOLLARE"
590.11,"PIELONEFRITE ACUTA,CON NECROSI MIDOLLARE"
590.2,ASCESSO RENALE O PERIRENALE
590.3,PIELOURETERITE CISTICA
590.8,"ALTRE PIELONEFRITI O PIONEFROSI, NON SPECIFICATE COME ACUTE O CRONICHE"
590.80,"PIELONEFRITE,NON SPECIFICATA"
590.81,PIELITE O PIELONEFRITE IN MALATTIE CLASSIFICATE ALTROVE
590.9,INFEZIONE DEL RENE NON SPECIFICATA
591,IDRONEFROSI
592,CALCOLOSI RENALE ED URETERALE
592.0,CALCOLOSI RENALE
592.1,CALCOLOSI URETERALE
592.9,"CALCOLOSI URINARIA,NON SPECIFICATA"
593,ALTRE PATOLOGIE DEL RENE E DELL'URETERE
593.0,PTOSI RENALE
593.1,RENE IPERTROFICO
593.2,CISTI RENALE ACQUISITA
593.3,STENOSI O INGINOCCHIAMENTO DELL'URETERE ACQUISITO
593.4,ALTRE OSTRUZIONI URETERALI
593.5,IDROURETERE
593.6,PROTEINURIA POSTURALE
593.7,REFLUSSO VESCICOURETERALE
593.70,"REFLUSSO VESCICOURETERALE,NON SPECIFICATO O SENZA NEFROPATIA DA REFLUSSO"
593.71,"REFLUSSO VESCICOURETERALE,CON NEFROPATIA DA REFLUSSO,MONOLATERALE"
593.72,"REFLUSSO VESCICOURETERALE,CON NEFROPATIA DA REFLUSSO,BILATERALE"
593.73,"REFLUSSO VESCICOURETERALE,CON NEFROPATIA DA REFLUSSO SAI"
593.8,ALTRE PATOLOGIE DEL RENE E DELL'URETERE SPECIFICATE
593.81,PATOLOGIE VASCOLARI DEL RENE
593.82,FISTOLA URETERALE
593.89,"ALTRE PATOLOGIE DEL RENE E DELL'URETERE,TIPO SPECIFICATO"
593.9,PATOLOGIA NON SPECIFICATA DEL RENE E DELL'URETERE
594,CALCOLO DEL TRATTO URINARIO INFERIORE
594.0,CALCOLO IN DIVERTICOLO VESCICALE
594.1,ALTRO CALCOLO VESCICALE
594.2,CALCOLO URETRALE
594.8,ALTRO CALCOLO DEL TRATTO URINARIO INFERIORE
594.9,"CALCOLO DEL TRATTO URINARIO INFERIORE,NON SPECIFICATO"
595,CISTITE
595.0,CISTITE ACUTA
595.1,CISTITE INTERSTIZIALE CRONICA
595.2,ALTRA CISTITE CRONICA
595.3,TRIGONITE
595.4,CISTITE IN PATOLOGIE CLASSIFICATE ALTROVE
595.8,ALTRO SPECIFICATO TIPO DI CISTITE
595.81,CISTITE CISTICA
595.82,CISTITE ATTINICA
595.89,ALTRO SPECIFICATO TIPO DI CISTITE
595.9,"CISTITI,NON SPECIFICATE"
596,ALTRE PATOLOGIE DELLA VESCICA
596.0,OSTRUZIONE DEL COLLO VESCICALE
596.1,FISTOLA INTESTINOVESCICALE
596.2,"FISTOLA VESCICALE,NON CLASSIFICATA ALTROVE"
596.3,DIVERTICOLO VESCICALE
596.4,ATONIA VESCICALE
596.5,ALTRE PATOLOGIE FUNZIONALI DELLA VESCICA
596.51,IPERTONICIT@ VESCICALE
596.52,VESCICA CON BASSA COMPLIANCE
596.53,PARALISI VESCICALE
596.54,VESCICA NEUROLOGICA SAI
596.55,DISSINERGIA SFINTERO DESTRUSORIALE
596.59,ALTRA PATOLOGIA FUNZIONALE DELLA VESCICA
596.6,"ROTTURA DELLA VESCICA,NON TRAUMATICA"
596.7,EMORRAGIA VESCICALE INTRAMURALE
596.8,ALTRE PATOLOGIE SPECIFICATE DELLA VESCICA
596.9,PATOLOGIA NON SPECIFICATA DELLA VESCICA
597,"URETRITE, NON TRASMESSA SESSUALMENTE, E SINDROME URETRALE"
597.0,ASCESSO URETRALE
597.8,ALTRA URETRITE
597.80,"URETRITE,NON SPECIFICATA"
597.81,SINDROME URETRALE SAI
597.89,ALTRA URETRITE
598,STENOSI URETRALE
598.0,STENOSI URETRALE DOVUTA AD INFEZIONE
598.00,STENOSI URETRALE DOVUTA AD INFEZIONE NON SPECIFICATA
598.01,STENOSI URETRALE DOVUTA A PATOLOGIE INFETTIVE CLASSIFICATE ALTROVE
598.1,STENOSI URETRALE POST-TRAUMATICA
598.2,STENOSI URETRALE POSTOPERATORIA
598.8,ALTRE CAUSE SPECIFICATE DI STENOSI URETRALE
598.9,"STENOSI URETRALE,NON SPECIFICATA"
599,ALTRE PATOLOGIE DELL'URETRA E DEL SISTEMA URINARIO
599.0,"INFEZIONE DEL SISTEMA URINARIO,SITO NON SPECIFICATO"
599.1,FISTOLA URETRALE
599.2,DIVERTICOLO URETRALE
599.3,CARUNCOLA URETRALE
599.4,FALSA STRADA URETRALE
599.5,PROLASSO DELLA MUCOSA URETRALE
599.6,"OSTRUZIONE URINARIA, NON SPECIFICATA"
599.60,"OSTRUZIONE URINARIA, NON SPECIFICATA"
599.69,"OSTRUZIONE URINARIA, NON ALTRIMENTI CLASSIFICATA"
599.7,EMATURIA
599.8,ALTRE PATOLOGIE SPECIFICATE DELL'URETRA E DEL SISTEMA URINARIO
599.81,IPERMOBILIT@ URETRALE
599.82,DEFICIENZA DELLO SFINTERE URETRALE INTRINSECA [ISD]
599.83,INSTABILIT@ URETRALE
599.84,ALTRE PATOLOGIE SPECIFICATE DELL'URETRA
599.89,ALTRE PATOLOGIE SPECIFICATE DEL SISTEMA URINARIO
599.9,PATOLOGIA NON SPECIFICATA DELL'URETRA E DEL SISTEMA URINARIO
600,IPERPLASIA DELLA PROSTATA
600.0,IPERTROFIA (BENIGNA) DELLA PROSTATA
600.00,IPERTROFIA PROSTATICA BENIGNA SENZA OSTRUZIONE URINARIA ED ALTRI SINTOMI DELLE BASSE VIE URINARIE (LUTS)
600.01,IPERTROFIA PROSTATICA BENIGNA CON OSTRUZIONE URINARIA ED ALTRI SINTOMI DELLE BASSE VIE URINARIE (LUTS)
600.1,PROSTATA NODULARE
600.10,PROSTATA NODULARE SENZA OSTRUZIONE URINARIA
600.11,PROSTATA NODULARE CON OSTRUZIONE URINARIA
600.2,IPERPLASIA BENIGNA LOCALIZZATA DELLA PROSTATA
600.20,IPERPLASIA BENIGNA LOCALIZZATA DELLA PROSTATA SENZA OSTRUZIONE URINARIA ED ALTRI SINTOMI DELLE BASSE VIE URINARIE (LUTS)
600.21,IPERPLASIA BENIGNA LOCALIZZATA DELLA PROSTATA CON OSTRUZIONE URINARIA ED ALTRI SINTOMI DELLE BASSE VIE URINARIE (LUTS)
600.3,CISTE DELLA PROSTATA
600.9,"IPERPLASIA DELLA PROSTATA, NON SPECIFICATA"
600.90,"IPERPLASIA DELLA PROSTATA NON SPECIFICATA, SENZA OSTRUZIONE URINARIA ED ALTRI SINTOMI DELLE BASSE VIE URINARIE (LUTS)"
600.91,"IPERPLASIA DELLA PROSTATA NON SPECIFICATA, CON OSTRUZIONE URINARIA ED ALTRI SINTOMI DELLE BASSE VIE URINARIE (LUTS)"
601,PATOLOGIE INFIAMMATORIE DELLA PROSTATA
601.0,PROSTATITE ACUTA
601.1,PROSTATITE CRONICA
601.2,ASCESSO PROSTATICO
601.3,PROSTATOCISTITE
601.4,PROSTATITE IN PATOLOGIE CLASSIFICATE ALTROVE
601.8,ALTRE PATOLOGIE INFIAMMATORIE DELLA PROSTATA SPECIFICATE
601.9,"PROSTATITE,NON SPECIFICATA"
602,ALTRE PATOLOGIE DELLA PROSTATA
602.0,CALCOLOSI PROSTATICA
602.1,CONGESTIONE O EMORRAGIA DELLA PROSTATA
602.2,ATROFIA DELLA PROSTATA
602.3,DISPLASIA DELLA PROSTATA
602.8,ALTRE PATOLOGIE SPECIFICATE DELLA PROSTATA
602.9,PATOLOGIA NON SPECIFICATA DELLA PROSTATA
603,IDROCELE
603.0,IDROCELE INCISTATO
603.1,IDROCELE INFETTO
603.8,ALTRI TIPI SPECIFICATI DI IDROCELE
603.9,IDROCELE NON SPECIFICATO
604,ORCHITE ED EPIDIDIMITE
604.0,"ORCHITE,EPIDIDIMITE ED ORCHI-EPIDIDIMITE CON ASCESSO"
604.9,"ALTRA ORCHITE, EPIDIDIMITE ED ORCHIEPIDIDIMITE NON ASCESSUALI"
604.90,ORCHITE ED EPIDIDIMITE NON SPECIFICATE
604.91,ORCHITE ED EPIDIDIMITE IN PATOLOGIE CLASSIFICATE ALTROVE
604.99,"ALTRA ORCHITE,EPIDIDIMITE ED ORCHIEPIDIDIMITE NON ASCESSUALI"
605,PREPUZIO ESUBERANTE E FIMOSI
606,INFERTILIT@ MASCHILE
606.0,AZOOSPERMIA
606.1,OLIGOSPERMIA
606.8,INFERTILIT@ DOVUTA A CAUSE EXTRATESTICOLARI
606.9,"INFERTILIT@ MASCHILE,NON SPECIFICATA"
607,PATOLOGIE DEL PENE
607.0,LEUCOPLACHIA DEL PENE
607.1,BALANOPOSTITE
607.2,ALTRE PATOLOGIE INFIAMMATORIE DEL PENE
607.3,PRIAPISMO
607.8,ALTRE PATOLOGIE SPECIFICATE DEL PENE
607.81,BALANITE XEROATROFICA OBLITERANTE
607.82,PATOLOGIE VASCOLARI DEL PENE
607.83,EDEMA DEL PENE
607.84,IMPOTENZA DI ORIGINE ORGANICA
607.85,MALATTIA DI PEYRONIE (PEYRONIE'S DISEASE O INDURATIO PENIS PLASTICA)
607.89,ALTRE PATOLOGIE SPECIFICATE DEL PENE
607.9,PATOLOGIA NON SPECIFICATA DEL PENE
608,ALTRE PATOLOGIE DEGLI ORGANI GENITALI MASCHILI
608.0,FLOGOSI DELLE VESCICHETTE SEMINALI
608.1,SPERMATOCELE
608.2,TORSIONE DEL TESTICOLO
608.20,"TORSIONE DEL TESTICOLO, NON SPECIFICATO"
608.21,TORSIONE EXTRAVAGINALE DEL FUNICOLO SPERMATICO
608.22,TORSIONE INTRAVAGINALE DEL FUNICOLO SPERMATICO
608.23,TORSIONE DELL'APPENDICE DEL TESTICOLO
608.24,TORSIONE DELL'APPENDICE DELL'EPIDIDIMO
608.3,ATROFIA DEL TESTICOLO
608.4,ALTRE PATOLOGIE INFIAMMATORIE DEGLI ORGANI GENITALI MASCHILI
608.8,ALTRE PATOLOGIE SPECIFICATE DEGLI ORGANI GENITALI MASCHILI
608.81,PATOLOGIE DEGLI ORGANI GENITALI MASCHILI IN MALATTIE CLASSIFICATE ALTROVE
608.82,EMATOSPERMIA
608.83,PATOLOGIE VASCOLARI DEGLI ORGANI GENITALI MASCHILI
608.84,CHILOCELE DELLA TUNICA VAGINALE
608.85,STENOSI DEGLI ORGANI GENITALI MASCHILI
608.86,EDEMA DEGLI ORGANI GENITALI MASCHILI
608.87,EIACULAZIONE RETROGRADA
608.89,ALTRE PATOLOGIE SPECIFICATE DEGLI ORGANI GENITALI MASCHILI
608.9,PATOLOGIA NON SPECIFICATA DEGLI ORGANI GENITALI MASCHILI
610,DISPLASIA BENIGNA DELLA MAMMELLA
610.0,CISTI SOLITARIA DELLA MAMMELLA
610.1,MASTOPATIA CISTICA DIFFUSA
610.2,FIBROADENOSI DELLA MAMMELLA
610.3,FIBROSCLEROSI DELLA MAMMELLA
610.4,ECTASIA DEI DOTTI MAMMARI
610.8,ALTRE SPECIFICATE DISPLASIE MAMMARIE BENIGNE
610.9,"DISPLASIA MAMMARIA BENIGNA,NON SPECIFICATA"
611,ALTRI DISTURBI DEL SENO
611.0,MALATTIA INFIAMMATORIA DEL SENO
611.1,IPERTROFIA DEL SENO
611.2,FESSURE DEL CAPEZZOLO
611.3,NECROSI DEL GRASSO DEL SENO
611.4,ATROFIA DEL SENO
611.5,GALATTOCELE
611.6,GALATTORREA NON ASSOCIATA CON IL PARTO
611.7,SEGNI E SINTOMI NEL SENO
611.71,MASTODINIA
611.72,GONFIORE O MASSA NEL SENO
611.79,ALTRI SEGNI E SINTOMI NEL SENO
611.8,ALTRI SPECIFICATI DISTURBI DEL SENO
611.9,DISTURBI NON SPECIFICATI DEL SENO
614,"MALATTIE INFIAMMATORIE DELL'OVAIO, DELLE TUBE, DEL TESSUTO CELLULARE PELVICO E DEL PERITONEO"
614.0,SALPINGITE E OVARITE ACUTA
614.1,SALPINGITE E OVARITE CRONICA
614.2,"SALPINGITE E OVARITE NON SPECIFICATA COME ACUTA,SUBACUTA O CRONICA"
614.3,PARAMETRITE E CELLULITE PELVICA ACUTA
614.4,PARAMETRITE E CELLULITE PELVICA CRONICA O NON SPECIFICATA
614.5,"PERITONITE PELVICA ACUTA O NON SPECIFICATA,FEMMINILE"
614.6,"ADERENZE PELVICHE PERITONEALI FEMMINILI (POSTCHIRURGICHE,POSTINFETTIVE)"
614.7,ALTRE PERITONITI PELVICHE CRONICHE FEMMINILI
614.8,ALTRA MALATTIA INFIAMMATORIA SPECIFICATA DEGLI ORGANI E DEI TESSUTI PELVICI FEMMINILI
614.9,MALATTIA INFIAMMATORIA NON SPECIFICATA DEGLI ORGANI E DEI TESSUTI PELVICI FEMMINILI
615,"MALATTIE INFIAMMATORIE DELL'UTERO, ESCLUSA LA CERVICE"
615.0,"MALATTIE INFIAMMATORIE ACUTE DELL'UTERO,ESCLUSA LA CERVICE"
615.1,"MALATTIE INFIAMMATORIE CRONICHE DELL'UTERO,ESCLUSA LA CERVICE"
615.9,MALATTIA INFIAMMATORIA NON SPECIFICATA DELL'UTERO
616,"MALATTIA INFIAMMATORIA DELLA CERVICE, DELLA VAGINA E DELLA VULVA"
616.0,CERVICITE ED ENDOCERVICITE
616.1,VAGINITE E VULVOVAGINITE
616.10,"VAGINITE E VULVOVAGINITE,NON SPECIFICATE"
616.11,VAGINITE E VULVOVAGINITE IN MALATTIE CLASSIFICATE ALTROVE
616.2,CISTI DELLA GHIANDOLA DEL BARTOLINI
616.3,ASCESSO DELLA GHIANDOLA DEL BARTOLINI
616.4,ALTRI ASCESSI DELLA VULVA
616.5,ULCERAZIONE DELLA VULVA
616.50,"ULCERAZIONE DELLA VULVA,NON SPECIFICATA"
616.51,ULCERAZIONE DELLA VULVA IN MALATTIE CLASSIFICATE ALTROVE
616.8,"ALTRE MALATTIE INFIAMMATORIE SPECIFICATE DELLA CERVICE, DELLA VAGINA E DELLA VULVA"
616.81,"MUCOSITE (ULCERATIVA) DELLA CERVICE, DELLA VAGINA E DELLA VULVA"
616.89,"ALTRE MALATTIE INFIAMMATORIE DELLA CERVICE, DELLA VAGINA E DELLA VULVA"
616.9,"MALATTIA INFIAMMATORIA NON SPECIFICATA DELLA CERVICE,DELLA VAGINA E DELLA VULVA"
617,ENDOMETRIOSI
617.0,ENDOMETRIOSI DELL'UTERO
617.1,ENDOMETRIOSI DELL'OVAIO
617.2,ENDOMETRIOSI DELLA TUBA DI FALLOPPIO
617.3,ENDOMETRIOSI DEL PERITONEO PELVICO
617.4,ENDOMETRIOSI DEL SETTO RETTO-VAGINALE E DELLA VAGINA
617.5,ENDOMETRIOSI DELL'INTESTINO
617.6,ENDOMETRIOSI DI CICATRICI CUTANEE
617.8,ENDOMETRIOSI DI ALTRE SEDI SPECIFICATE
617.9,"ENDOMETRIOSI,SEDE NON SPECIFICATA"
618,PROLASSO GENITALE
618.0,PROLASSO DELLE PARETI VAGINALI SENZA MENZIONE DI PROLASSO UTERINO
618.00,"PROLASSO DELLE PARETI VAGINALI, NON SPECIFICATO"
618.01,"CISTOCELE, DELLA LINEA MEDIANA"
618.02,"CISTOCELE, LATERALE"
618.03,URETROCELE
618.04,RETTOCELE
618.05,PERINEOCELE
618.09,ALTRO PROLASSO DELLE PARETI VAGINALI SENZA MENZIONE DI PROLASSO UTERINO
618.1,PROLASSO UTERINO SENZA MENZIONE DI PROLASSO DELLE PARETI VAGINALI
618.2,"PROLASSO UTERO-VAGINALE,INCOMPLETO"
618.3,"PROLASSO UTERO-VAGINALE,COMPLETO"
618.4,"PROLASSO UTERO-VAGINALE,NON SPECIFICATO"
618.5,PROLASSO DELLA CUPOLA VAGINALE DOPO ISTERECTOMIA
618.6,ENTEROCELE VAGINALE CONGENITO O ACQUISITO
618.7,PREGRESSA LACERAZIONE DEI MUSCOLI DEL PAVIMENTO PELVICO
618.8,ALTRO PROLASSO GENITALE SPECIFICATO
618.81,INCOMPETENZA O INDEBOLIMENTO DEL TESSUTO PUBOCERVICALE
618.82,INCOMPETENZA O INDEBOLIMENTO DEL TESSUTO RETTOVAGINALE
618.83,ATROFIA DELLA MUSCOLATURA PELVICA
618.84,PROLASSO DEL MONCONE CERVICALE
618.89,ALTRO PROLASSO GENITALE SPECIFICATO
618.9,PROLASSO GENITALE NON SPECIFICATO
619,FISTOLA RIGUARDANTE IL TRATTO GENITALE FEMMINILE
619.0,"FISTOLA UROGENITALE,FEMMINILE"
619.1,"FISTOLA ENTERO-GENITALE,FEMMINILE"
619.2,FISTOLA GENITO-CUTANEA FEMMINILE
619.8,ALTRE FISTOLE SPECIFICATE COINVOLGENTI IL TRATTO GENITALE FEMMINILE
619.9,FISTOLA NON SPECIFICATA COINVOLGENTE IL TRATTO GENITALE FEMMINILE
620,"PATOLOGIE NON INFIAMMATORIE DELL'OVAIO, DELLA SALPINGE E DEL LEGAMENTO LARGO"
620.0,CISTI FOLLICOLARE DELL'OVAIO
620.1,CISTI LUTEINICA O EMATOMA
620.2,ALTRA CISTE OVARICA NON SPECIFICATA
620.3,ATROFIA ACQUISITA DELL'OVAIO E DELLA SALPINGE
620.4,PROLASSO O ERNIA DELL'OVAIO E DELLA SALPINGE
620.5,"TORSIONE DELL'OVAIO,DEL PEDUNCOLO OVARICO O DELLA SALPINGE"
620.6,SINDROME DA LACERAZIONE DEL LEGAMENTO LARGO
620.7,EMATOMA DEL LEGAMENTO LARGO
620.8,"ALTRE PATOLOGIE NON INFIAMMATORIE DELL'OVAIO,DELLA SALPINGE E DEL LEGAMENTO LARGO"
620.9,"PATOLOGIA NON INFIAMMATORIA NON SPECIFICATA DELL'OVAIO,DELLA SALPINGE E DEL LEGAMENTO LARGO"
621,PATOLOGIE DELL'UTERO NON CLASSIFICATE ALTROVE
621.0,POLIPO DEL CORPO DELL'UTERO
621.1,SUBINVOLUZIONE CRONICA DELL'UTERO
621.2,IPERTROFIA DELL'UTERO
621.3,IPERPLASIA CISTICA ENDOMETRIALE
621.30,IPERPLASIA ENDOMETRIALE NON SPECIFICATA
621.31,IPERPLASIA ENDOMETRIALE SEMPLICE SENZA ATIPIA
621.32,IPERPLASIA ENDOMETRIALE COMPLESSA SENZA ATIPIA
621.33,IPERPLASIA ENDOMETRIALE CON ATIPIA
621.4,EMATOMETRA
621.5,SINECHIE INTRAUTERINE
621.6,MALPOSIZIONE DELL'UTERO
621.7,INVERSIONE CRONICA DELL'UTERO
621.8,"ALTRE PATOLOGIE SPECIFICATE DELL'UTERO,NON CLASSIFICATE ALTROVE"
621.9,PATOLOGIA NON SPECIFICATA DELL'UTERO
622,PATOLOGIE NON INFIAMMATORIE DELLA CERVICE
622.0,EROSIONE ED ECTROPION DELLA CERVICE
622.1,DISPLASIA DELLA CERVICE UTERINA
622.10,DISPLASIA DELLA CERVICE NON SPECIFICATA
622.11,DISPLASIA CERVICALE LIEVE
622.12,DISPLASIA CERVICALE MODERATA
622.2,LEUCOPLACHIA DELLA CERVICE UTERINA
622.3,PREGRESSA LACERAZIONE DELLA CERVICE
622.4,RESTRINGIMENTO E STENOSI DELLA CERVICE
622.5,INSUFFICIENZA DELLA CERVICE
622.6,ALLUNGAMENTO IPERTROFICO DELLA CERVICE
622.7,POLIPO MUCOSO DELLA CERVICE
622.8,ALTRE PATOLOGIE SPECIFICATE NON INFIAMMATORIE DELLA CERVICE:
622.9,PATOLOGIA NON SPECIFICATA NON INFIAMMATORIA DELLA CERVICE
623,PATOLOGIE NON INFIAMMATORIE DELLA VAGINA
623.0,DISPLASIA DELLA VAGINA
623.1,LEUCOPLACHIA DELLA VAGINA
623.2,RESTRINGIMENTO O ATRESIA DELLA VAGINA
623.3,RESTRINGIMENTO DELL'ANELLO IMENALE
623.4,PREGRESSA LACERAZIONE VAGINALE
623.5,"LEUCORREA,NON SPECIFICATA SE INFETTIVA"
623.6,EMATOMA VAGINALE
623.7,POLIPO DELLA VAGINA
623.8,ALTRE PATOLOGIE SPECIFICATE NON INFIAMMATORIE DELLA VAGINA
623.9,PATOLOGIA NON SPECIFICATA NON INFIAMMATORIA DELLA VAGINA
624,PATOLOGIE NON INFIAMMATORIE DELLA VULVA E DEL PERINEO
624.0,DISTROFIA DELLA VULVA
624.1,ATROFIA DELLA VULVA
624.2,IPERTROFIA DEL CLITORIDE
624.3,IPERTROFIA DELLE LABBRA
624.4,PREGRESSA LACERAZIONE O CICATRICE VULVARE
624.5,EMATOMA DELLA VULVA
624.6,POLIPO DELLE LABBRA E DELLA VULVA
624.8,ALTRE PATOLOGIE SPECIFICATE NON INFIAMMATORIE DELLA VULVA E DEL PERINEO
624.9,PATOLOGIA NON SPECIFICATA NON INFIAMMATORIA DELLA VULVA E DEL PERINEO
625,DOLORE E ALTRI SINTOMI ASSOCIATI AGLI ORGANI GENITALI FEMMINILI
625.0,DISPAREUNIA
625.1,VAGINISMO
625.2,DOLORE DI MET@ CICLO
625.3,DISMENORREA
625.4,SINDROMI DA TENSIONE PREMESTRUALE
625.5,SINDROME DA CONGESTIONE PELVICA
625.6,INCONTINENZA URINARIA DA SFORZO NELLA DONNA
625.8,ALTRI SINTOMI SPECIFICATI ASSOCIATI AGLI ORGANI GENITALI FEMMINILI
625.9,SINTOMO NON SPECIFICATO ASSOCIATO AGLI ORGANI GENITALI FEMMINILI
626,DISORDINI MESTRUALI ED ALTRI SANGUINAMENTI ANOMALI DEL TRATTO GENITALE FEMMINILE
626.0,ASSENZA DI MESTRUAZIONI
626.1,MESTRUAZIONI SCARSE O RARE
626.2,MESTRUAZIONI ABBONDANTI O FREQUENTI
626.3,SANGUINAMENTO IN EPOCA PUBERALE
626.4,IRREGOLARIT@ DEL CICLO MESTRUALE
626.5,SANGUINAMENTO IN FASE OVULATORIA
626.6,METRORRAGIA
626.7,SANGUINAMENTO POSTCOITALE
626.8,ALTRI DISORDINI MESTRUALI ED ALTRI SANGUINAMENTI ANOMALI DEL TRATTO GENITALE FEMMINILE
626.9,DISORDINI MESTRUALI ED ALTRI SANGUINAMENTI ANOMALI DEL TRATTO GENITALE FEMMINILE NON SPECIFICATI
627,PATOLOGIE MENOPAUSALI E POSTMENOPAUSALI
627.0,MENORRAGIA PREMENOPAUSALE
627.1,SANGUINAMENTO POSTMENOPAUSALE
627.2,MANIFESTAZIONI SINTOMATICHE MENOPAUSALI O DEL CLIMATERIO FEMMINILE
627.3,VAGINITE ATROFICA POSTMENOPAUSALE
627.4,MANIFESTAZIONI SINTOMATICHE ASSOCIATE ALLA MENOPAUSA INDOTTA
627.8,ALTRE PATOLOGIE SPECIFICATE MENOPAUSALI E POSTMENOPAUSALI
627.9,PATOLOGIA NON SPECIFICATA MENOPAUSALE E POSTMENOPAUSALE
628,INFERTILIT@ FEMMINILE
628.0,"INFERTILIT@ FEMMINILE,ASSOCIATA AD ANOVULATORIET@"
628.1,"INFERTILIT@ FEMMINILE,DI ORIGINE IPOFISARIA-IPOTALAMICA"
628.2,"INFERTILIT@ FEMMINILE,DI ORIGINE TUBARICA"
628.3,"INFERTILIT@ FEMMINILE,DI ORIGINE UTERINA"
628.4,"INFERTILIT@ FEMMINILE,DI ORIGINE CERVICALE O VAGINALE"
628.8,"INFERTILIT@ FEMMINILE,DI ALTRA ORIGINE SPECIFICATA"
628.9,"INFERTILIT@ FEMMINILE,DI ORIGINE NON SPECIFICATA"
629,ALTRE PATOLOGIE DEGLI ORGANI GENITALI FEMMINILI
629.0,"EMATOCELE,NELLA DONNA,NON CLASSIFICATO ALTROVE"
629.1,IDROCELE DEL CANALE DI NUCK
629.2,MUTILAZIONE GENITALE FEMMINILE
629.20,"MUTILAZIONE GENITALE FEMMINILE, NON SPECIFICATA"
629.21,MUTILAZIONE GENITALE FEMMINILE DI TIPO I
629.22,MUTILAZIONE GENITALE FEMMINILE DI TIPO II
629.23,MUTILAZIONE GENITALE FEMMINILE DI TIPO III
629.29,ALTRE MUTILAZIONI DEI GENITALI FEMMINILI
629.8,ALTRE PATOLOGIE SPECIFICATE DEGLI ORGANI GENITALI FEMMINILI
629.81,ABORTO ABITUALE SENZA GRAVIDANZA IN ATTO
629.89,ALTRI DISORDINI SPECIFICATI DEGLI ORGANI GENITALI FEMMINILI
629.9,ALTRE MUTILAZIONI DEI GENITALI FEMMINILI
630,MOLA IDATIFORME
631,ALTRI PRODOTTI DEL CONCEPIMENTO ANOMALI
632,ABORTO RITENUTO
633,GRAVIDANZA ECTOPICA
633.0,GRAVIDANZA ADDOMINALE
633.00,GRAVIDANZA ADDOMINALE SENZA GRAVIDANZA INTRAUTERINA
633.01,GRAVIDANZA ADDOMINALE CON GRAVIDANZA INTRAUTERINA
633.1,GRAVIDANZA TUBARICA
633.10,GRAVIDANZA TUBARICA SENZA GRAVIDANZA INTRAUTERINA
633.11,GRAVIDANZA TUBARICA CON GRAVIDANZA INTRAUTERINA
633.2,GRAVIDANZA OVARICA
633.20,GRAVIDANZA OVARICA SENZA GRAVIDANZA INTRAUTERINA
633.21,GRAVIDANZA OVARICA CON GRAVIDANZA INTRAUTERINA
633.8,ALTRE GRAVIDANZE ECTOPICHE
633.80,ALTRE GRAVIDANZE ECTOPICHE SENZA GRAVIDANZA INTRAUTERINA
633.81,ALTRE GRAVIDANZE ECTOPICHE CON GRAVIDANZA INTRAUTERINA
633.9,GRAVIDANZA ECTOPICA NON SPECIFICATA
633.90,GRAVIDANZA ECTOPICA NON SPECIFICATA SENZA GRAVIDANZA INTRAUTERINA
633.91,GRAVIDANZA ECTOPICA NON SPECIFICATA CON GRAVIDANZA INTRAUTERINA
634,ABORTO SPONTANEO
634.0,ABORTO SPONTANEO COMPLICATO DA INFEZIONE DEL TRATTO GENITALE E PELVICO
634.00,"ABORTO SPONTANEO COMPLICATO DA INFEZIONE DEL TRATTO GENITALE E PELVICO,NON SPECIFICATO SE COMPLETO O INCOMPLETO"
634.01,"ABORTO SPONTANEO COMPLICATO DA INFEZIONE DEL TRATTO GENITALE E PELVICO,INCOMPLETO"
634.02,"ABORTO SPONTANEO COMPLICATO DA INFEZIONE DEL TRATTO GENITALE E PELVICO,COMPLETO"
634.1,ABORTO SPONTANEO COMPLICATO DA EMORRAGIA TARDIVA O ECCESSIVA
634.10,"ABORTO SPONTANEO COMPLICATO DA EMORRAGIA TARDIVA O ECCESSIVA,NON SPECIFICATO SE COMPLETO O INCOMPLETO"
634.11,"ABORTO SPONTANEO COMPLICATO DA EMORRAGIA TARDIVA O ECCESSIVA,INCOMPLETO"
634.12,"ABORTO SPONTANEO COMPLICATO DA EMORRAGIA TARDIVA O ECCESSIVA,COMPLETO"
634.2,ABORTO SPONTANEO COMPLICATO DA DANNO AGLI ORGANI O TESSUTI PELVICI
634.20,"ABORTO SPONTANEO COMPLICATO DA DANNO AGLI ORGANI O TESSUTI PELVICI,NON SPECIFICATO SE COMPLETO O INCOMPLETO"
634.21,"ABORTO SPONTANEO COMPLICATO DA DANNO AGLI ORGANI O TESSUTI PELVICI,INCOMPLETO"
634.22,"ABORTO SPONTANEO COMPLICATO DA DANNO AGLI ORGANI O TESSUTI PELVICI,COMPLETO"
634.3,ABORTO SPONTANEO COMPLICATO DA INSUFFICIENZA RENALE
634.30,"ABORTO SPONTANEO COMPLICATO DA INSUFFICIENZA RENALE,NON SPECIFICATO SE COMPLETO O INCOMPLETO"
634.31,"ABORTO SPONTANEO COMPLICATO DA INSUFFICIENZA RENALE,INCOMPLETO"
634.32,"ABORTO SPONTANEO COMPLICATO DA INSUFFICIENZA RENALE,COMPLETO"
634.4,ABORTO SPONTANEO COMPLICATO DA DISORDINE METABOLICO
634.40,"ABORTO SPONTANEO COMPLICATO DA DISORDINE METABOLICO,NON SPECIFICATO SE COMPLETO O INCOMPLETO"
634.41,"ABORTO SPONTANEO COMPLICATO DA DISORDINE METABOLICO,INCOMPLETO"
634.42,"ABORTO SPONTANEO COMPLICATO DA DISORDINE METABOLICO,COMPLETO"
634.5,ABORTO SPONTANEO COMPLICATO DA SHOCK
634.50,"ABORTO SPONTANEO COMPLICATO DA SHOCK,NON SPECIFICATO SE COMPLETO O INCOMPLETO"
634.51,"ABORTO SPONTANEO COMPLICATO DA SHOCK,INCOMPLETO"
634.52,"ABORTO SPONTANEO COMPLICATO DA SHOCK,COMPLETO"
634.6,ABORTO SPONTANEO COMPLICATO DA EMBOLIA
634.60,"ABORTO SPONTANEO COMPLICATO DA EMBOLIA,NON SPECIFICATO SE COMPLETO O INCOMPLETO"
634.61,"ABORTO SPONTANEO COMPLICATO DA EMBOLIA,INCOMPLETO"
634.62,"ABORTO SPONTANEO COMPLICATO DA EMBOLIA,COMPLETO"
634.7,ABORTO SPONTANEO CON ALTRE COMPLICAZIONI SPECIFICATE
634.70,"ABORTO SPONTANEO CON ALTRE COMPLICAZIONI SPECIFICATE,NON SPECIFICATO SE COMPLETO O INCOMPLETO"
634.71,"ABORTO SPONTANEO CON ALTRE COMPLICAZIONI SPECIFICATE,INCOMPLETO"
634.72,"ABORTO SPONTANEO CON ALTRE COMPLICAZIONI SPECIFICATE,COMPLETO"
634.8,ABORTO SPONTANEO CON COMPLICAZIONE NON SPECIFICATA
634.80,"ABORTO SPONTANEO CON COMPLICAZIONE NON SPECIFICATA,NON SPECIFICATO SE COMPLETO O INCOMPLETO"
634.81,"ABORTO SPONTANEO CON COMPLICAZIONE NON SPECIFICATA,INCOMPLETO"
634.82,"ABORTO SPONTANEO CON COMPLICAZIONE NON SPECIFICATA,COMPLETO"
634.9,ABORTO SPONTANEO SENZA COMPLICAZIONE RIFERITA
634.90,"ABORTO SPONTANEO SENZA COMPLICAZIONE RIFERITA,NON SPECIFICATO SE COMPLETO O INCOMPLETO"
634.91,"ABORTO SPONTANEO SENZA COMPLICAZIONE RIFERITA,INCOMPLETO"
634.92,"ABORTO SPONTANEO SENZA COMPLICAZIONE RIFERITA,COMPLETO"
635,ABORTO INDOTTO LEGALMENTE
635.0,ABORTO INDOTTO LEGALMENTE COMPLICATO DA INFEZIONE DEL TRATTO GENITALE E PELVICO
635.00,"ABORTO INDOTTO LEGALMENTE COMPLICATO DA INFEZIONE DEL TRATTO GENITALE E PELVICO,NON SPECIFICATO SE COMPLETO O INCOMPLETO"
635.01,"ABORTO INDOTTO LEGALMENTE COMPLICATO DA INFEZIONE DEL TRATTO GENITALE E PELVICO,INCOMPLETO"
635.02,"ABORTO INDOTTO LEGALMENTE COMPLICATO DA INFEZIONE DEL TRATTO GENITALE E PELVICO,COMPLETO"
635.1,ABORTO INDOTTO LEGALMENTE COMPLICATO DA EMORRAGIA TARDIVA O ECCESSIVA
635.10,"ABORTO INDOTTO LEGALMENTE COMPLICATO DA EMORRAGIA TARDIVA O ECCESSIVA,NON SPECIFICATO SE COMPLETO O INCOMPLETO"
635.11,"ABORTO INDOTTO LEGALMENTE COMPLICATO DA EMORRAGIA TARDIVA O ECCESSIVA,INCOMPLETO"
635.12,"ABORTO INDOTTO LEGALMENTE COMPLICATO DA EMORRAGIA TARDIVA O ECCESSIVA,COMPLETO"
635.2,ABORTO INDOTTO LEGALMENTE COMPLICATO DA DANNO AGLI ORGANI O TESSUTI PELVICI
635.20,"ABORTO INDOTTO LEGALMENTE COMPLICATO DA DANNO AGLI ORGANI O TESSUTI PELVICI,NON SPECIFICATO SE COMPLETO O INCOMPLETO"
635.21,"ABORTO INDOTTO LEGALMENTE COMPLICATO DA DANNO AGLI ORGANI O TESSUTI PELVICI,INCOMPLETO"
635.22,"ABORTO INDOTTO LEGALMENTE COMPLICATO DA DANNO AGLI ORGANI O TESSUTI PELVICI,COMPLETO"
635.3,ABORTO INDOTTO LEGALMENTE COMPLICATO DA INSUFFICIENZA RENALE
635.30,"ABORTO INDOTTO LEGALMENTE COMPLICATO DA INSUFFICIENZA RENALE,NON SPECIFICATO SE COMPLETO O INCOMPLETO"
635.31,"ABORTO INDOTTO LEGALMENTE COMPLICATO DA INSUFFICIENZA RENALE,INCOMPLETO"
635.32,"ABORTO INDOTTO LEGALMENTE COMPLICATO DA INSUFFICIENZA RENALE,COMPLETO"
635.4,ABORTO INDOTTO LEGALMENTE COMPLICATO DA DISORDINE METABOLICO
635.40,"ABORTO INDOTTO LEGALMENTE COMPLICATO DA DISORDINE METABOLICO,NON SPECIFICATO SE COMPLETO O INCOMPLETO"
635.41,"ABORTO INDOTTO LEGALMENTE COMPLICATO DA DISORDINE METABOLICO,INCOMPLETO"
635.42,"ABORTO INDOTTO LEGALMENTE COMPLICATO DA DISORDINE METABOLICO,COMPLETO"
635.5,ABORTO INDOTTO LEGALMENTE COMPLICATO DA SHOCK
635.50,"ABORTO INDOTTO LEGALMENTE COMPLICATO DA SHOCK,NON SPECIFICATO SE COMPLETO O INCOMPLETO"
635.51,"ABORTO INDOTTO LEGALMENTE COMPLICATO DA SHOCK,INCOMPLETO"
635.52,"ABORTO INDOTTO LEGALMENTE COMPLICATO DA SHOCK,COMPLETO"
635.6,ABORTO INDOTTO LEGALMENTE COMPLICATO DA EMBOLIA
635.60,"ABORTO INDOTTO LEGALMENTE COMPLICATO DA EMBOLIA,NON SPECIFICATO SE COMPLETO O INCOMPLETO"
635.61,"ABORTO INDOTTO LEGALMENTE COMPLICATO DA EMBOLIA,INCOMPLETO"
635.62,"ABORTO INDOTTO LEGALMENTE COMPLICATO DA EMBOLIA,COMPLETO"
635.7,ABORTO INDOTTO LEGALMENTE CON ALTRE COMPLICAZIONI SPECIFICATE
635.70,"ABORTO INDOTTO LEGALMENTE CON ALTRE COMPLICAZIONI SPECIFICATE,NON SPECIFICATO SE COMPLETO O INCOMPLETO"
635.71,"ABORTO INDOTTO LEGALMENTE CON ALTRE COMPLICAZIONI SPECIFICATE,INCOMPLETO"
635.72,"ABORTO INDOTTO LEGALMENTE CON ALTRE COMPLICAZIONI SPECIFICATE,COMPLETO"
635.8,ABORTO INDOTTO LEGALMENTE CON COMPLICAZIONE NON SPECIFICATA
635.80,"ABORTO INDOTTO LEGALMENTE CON COMPLICAZIONE NON SPECIFICATA,NON SPECIFICATO SE COMPLETO O INCOMPLETO"
635.81,"ABORTO INDOTTO LEGALMENTE CON COMPLICAZIONE NON SPECIFICATA,INCOMPLETO"
635.82,"ABORTO INDOTTO LEGALMENTE CON COMPLICAZIONE NON SPECIFICATA,COMPLETO"
635.9,ABORTO INDOTTO LEGALMENTE SENZA COMPLICAZIONE RIFERITA
635.90,"ABORTO INDOTTO LEGALMENTE SENZA COMPLICAZIONE RIFERITA,NON SPECIFICATO SE COMPLETO O INCOMPLETO"
635.91,"ABORTO INDOTTO LEGALMENTE SENZA COMPLICAZIONE RIFERITA,INCOMPLETO"
635.92,"ABORTO INDOTTO LEGALMENTE SENZA COMPLICAZIONE RIFERITA,COMPLETO"
636,ABORTO ILLEGALE
636.0,ABORTO ILLEGALE COMPLICATO DA INFEZIONE DEL TRATTO GENITALE E PELVICO
636.00,"ABORTO ILLEGALE COMPLICATO DA INFEZIONE DEL TRATTO GENITALE E PELVICO,NON SPECIFICATO SE COMPLETO O INCOMPLETO"
636.01,"ABORTO ILLEGALE COMPLICATO DA INFEZIONE DEL TRATTO GENITALE E PELVICO,INCOMPLETO"
636.02,"ABORTO ILLEGALE COMPLICATO DA INFEZIONE DEL TRATTO GENITALE E PELVICO,COMPLETO"
636.1,ABORTO ILLEGALE COMPLICATO DA EMORRAGIA TARDIVA O ECCESSIVA
636.10,"ABORTO ILLEGALE COMPLICATO DA EMORRAGIA TARDIVA O ECCESSIVA,NON SPECIFICATO SE COMPLETO O INCOMPLETO"
636.11,"ABORTO ILLEGALE COMPLICATO DA EMORRAGIA TARDIVA O ECCESSIVA,INCOMPLETO"
636.12,"ABORTO ILLEGALE COMPLICATO DA EMORRAGIA TARDIVA O ECCESSIVA,COMPLETO"
636.2,ABORTO ILLEGALE COMPLICATO DA DANNO AGLI ORGANI O TESSUTI PELVICI
636.20,"ABORTO ILLEGALE COMPLICATO DA DANNO AGLI ORGANI O TESSUTI PELVICI,NON SPECIFICATO SE COMPLETO O INCOMPLETO"
636.21,"ABORTO ILLEGALE COMPLICATO DA DANNO AGLI ORGANI O TESSUTI PELVICI,INCOMPLETO"
636.22,"ABORTO ILLEGALE COMPLICATO DA DANNO AGLI ORGANI O TESSUTI PELVICI,COMPLETO"
636.3,ABORTO ILLEGALE COMPLICATO DA INSUFFICIENZA RENALE
636.30,"ABORTO ILLEGALE COMPLICATO DA INSUFFICIENZA RENALE,NON SPECIFICATO SE COMPLETO O INCOMPLETO"
636.31,"ABORTO ILLEGALE COMPLICATO DA INSUFFICIENZA RENALE,INCOMPLETO"
636.32,"ABORTO ILLEGALE COMPLICATO DA INSUFFICIENZA RENALE,COMPLETO"
636.4,ABORTO ILLEGALE COMPLICATO DA DISORDINE METABOLICO
636.40,"ABORTO ILLEGALE COMPLICATO DA DISORDINE METABOLICO,NON SPECIFICATO SE COMPLETO O INCOMPLETO"
636.41,"ABORTO ILLEGALE COMPLICATO DA DISORDINE METABOLICO,INCOMPLETO"
636.42,"ABORTO ILLEGALE COMPLICATO DA DISORDINE METABOLICO,COMPLETO"
636.5,ABORTO ILLEGALE COMPLICATO DA SHOCK
636.50,"ABORTO ILLEGALE COMPLICATO DA SHOCK,NON SPECIFICATO SE COMPLETO O INCOMPLETO"
636.51,"ABORTO ILLEGALE COMPLICATO DA SHOCK,INCOMPLETO"
636.52,"ABORTO ILLEGALE COMPLICATO DA SHOCK,COMPLETO"
636.6,ABORTO ILLEGALE COMPLICATO DA EMBOLIA
636.60,"ABORTO ILLEGALE COMPLICATO DA EMBOLIA,NON SPECIFICATO SE COMPLETO O INCOMPLETO"
636.61,"ABORTO ILLEGALE COMPLICATO DA EMBOLIA,INCOMPLETO"
636.62,"ABORTO ILLEGALE COMPLICATO DA EMBOLIA,COMPLETO"
636.7,ABORTO ILLEGALE CON ALTRE COMPLICAZIONI SPECIFICATE
636.70,"ABORTO ILLEGALE CON ALTRE COMPLICAZIONI SPECIFICATE,NON SPECIFICATO SE COMPLETO O INCOMPLETO"
636.71,"ABORTO ILLEGALE CON ALTRE COMPLICAZIONI SPECIFICATE,INCOMPLETO"
636.72,"ABORTO ILLEGALE CON ALTRE COMPLICAZIONI SPECIFICATE,COMPLETO"
636.8,ABORTO ILLEGALE CON COMPLICAZIONE NON SPECIFICATA
636.80,"ABORTO ILLEGALE CON COMPLICAZIONE NON SPECIFICATA,NON SPECIFICATO SE COMPLETO O INCOMPLETO"
636.81,"ABORTO ILLEGALE CON COMPLICAZIONE NON SPECIFICATA,INCOMPLETO"
636.82,"ABORTO ILLEGALE CON COMPLICAZIONE NON SPECIFICATA,COMPLETO"
636.9,ABORTO ILLEGALE SENZA COMPLICAZIONE RIFERITA
636.90,"ABORTO ILLEGALE SENZA COMPLICAZIONE RIFERITA,NON SPECIFICATO SE COMPLETO O INCOMPLETO"
636.91,ABORTO ILLEGALE SENZA COMPLICAZIONE RIFERITA INCOMPLETO
636.92,"ABORTO ILLEGALE SENZA COMPLICAZIONE RIFERITA,COMPLETO"
637,ABORTO NON SPECIFICATO
637.0,ABORTO NON SPECIFICATO COMPLICATO DA INFEZIONE DEL TRATTO GENITALE E PELVICO
637.00,"ABORTO NON SPECIFICATO COMPLICATO DA INFEZIONE DEL TRATTO GENITALE E PELVICO,NON SPECIFICATO SE COMPLETO O INCOMPLETO"
637.01,"ABORTO NON SPECIFICATO COMPLICATO DA INFEZIONE DEL TRATTO GENITALE E PELVICO,INCOMPLETO"
637.02,"ABORTO NON SPECIFICATO COMPLICATO DA INFEZIONE DEL TRATTO GENITALE E PELVICO,COMPLETO"
637.1,ABORTO NON SPECIFICATO COMPLICATO DA EMORRAGIA TARDIVA O ECCESSIVA
637.10,"ABORTO NON SPECIFICATO COMPLICATO DA EMORRAGIA TARDIVA O ECCESSIVA,NON SPECIFICATO SE COMPLETO O INCOMPLETO"
637.11,"ABORTO NON SPECIFICATO COMPLICATO DA EMORRAGIA TARDIVA O ECCESSIVA,INCOMPLETO"
637.12,"ABORTO NON SPECIFICATO COMPLICATO DA EMORRAGIA TARDIVA O ECCESSIVA,COMPLETO"
637.2,ABORTO NON SPECIFICATO COMPLICATO DA DANNO AGLI ORGANI O TESSUTI PELVICI
637.20,"ABORTO NON SPECIFICATO COMPLICATO DA DANNO AGLI ORGANI O TESSUTI PELVICI,NON SPECIFICATO SE COMPLETO O INCOMPLETO"
637.21,"ABORTO NON SPECIFICATO COMPLICATO DA DANNO AGLI ORGANI O TESSUTI PELVICI,INCOMPLETO"
637.22,"ABORTO NON SPECIFICATO COMPLICATO DA DANNO AGLI ORGANI O TESSUTI PELVICI,COMPLETO"
637.3,ABORTO NON SPECIFICATO COMPLICATO DA INSUFFICIENZA RENALE
637.30,"ABORTO NON SPECIFICATO COMPLICATO DA INSUFFICIENZA RENALE,NON SPECIFICATO SE COMPLETO O INCOMPLETO"
637.31,"ABORTO NON SPECIFICATO COMPLICATO DA INSUFFICIENZA RENALE,INCOMPLETO"
637.32,"ABORTO NON SPECIFICATO COMPLICATO DA INSUFFICIENZA RENALE,COMPLETO"
637.4,ABORTO NON SPECIFICATO COMPLICATO DA DISORDINE METABOLICO
637.40,"ABORTO NON SPECIFICATO COMPLICATO DA DISORDINE METABOLICO,NON SPECIFICATO SE COMPLETO O INCOMPLETO"
637.41,"ABORTO NON SPECIFICATO COMPLICATO DA DISORDINE METABOLICO,INCOMPLETO"
637.42,"ABORTO NON SPECIFICATO COMPLICATO DA DISORDINE METABOLICO,COMPLETO"
637.5,ABORTO NON SPECIFICATO COMPLICATO DA SHOCK
637.50,"ABORTO NON SPECIFICATO COMPLICATO DA SHOCK,NON SPECIFICATO SE COMPLETO O INCOMPLETO"
637.51,"ABORTO NON SPECIFICATO COMPLICATO DA SHOCK,INCOMPLETO"
637.52,"ABORTO NON SPECIFICATO COMPLICATO DA SHOCK,COMPLETO"
637.6,ABORTO NON SPECIFICATO COMPLICATO DA EMBOLIA
637.60,"ABORTO NON SPECIFICATO COMPLICATO DA EMBOLIA,NON SPECIFICATO SE COMPLETO O INCOMPLETO"
637.61,"ABORTO NON SPECIFICATO COMPLICATO DA EMBOLIA,INCOMPLETO"
637.62,"ABORTO NON SPECIFICATO COMPLICATO DA EMBOLIA,COMPLETO"
637.7,ABORTO NON SPECIFICATO CON ALTRE COMPLICAZIONI SPECIFICATE
637.70,"ABORTO NON SPECIFICATO CON ALTRE COMPLICAZIONI SPECIFICATE,NON SPECIFICATO SE COMPLETO O INCOMPLETO"
637.71,"ABORTO NON SPECIFICATO CON ALTRE COMPLICAZIONI SPECIFICATE,INCOMPLETO"
637.72,"ABORTO NON SPECIFICATO CON ALTRE COMPLICAZIONI SPECIFICATE,COMPLETO"
637.8,ABORTO NON SPECIFICATO CON COMPLICAZIONE NON SPECIFICATA
637.80,"ABORTO NON SPECIFICATO CON COMPLICAZIONE NON SPECIFICATA,NON SPECIFICATO SE COMPLETO O INCOMPLETO"
637.81,"ABORTO NON SPECIFICATO CON COMPLICAZIONE NON SPECIFICATA,INCOMPLETO"
637.82,"ABORTO NON SPECIFICATO CON COMPLICAZIONE NON SPECIFICATA,COMPLETO"
637.9,ABORTO NON SPECIFICATO SENZA COMPLICAZIONE RIFERITA
637.90,"ABORTO NON SPECIFICATO SENZA COMPLICAZIONE RIFERITA,NON SPECIFICATO SE COMPLETO O INCOMPLETO"
637.91,"ABORTO NON SPECIFICATO SENZA COMPLICAZIONE RIFERITA,INCOMPLETO"
637.92,"ABORTO NON SPECIFICATO SENZA COMPLICAZIONE RIFERITA,COMPLETO"
638,TENTATIVO FALLITO DI ABORTO
638.0,TENTATIVO FALLITO DI ABORTO COMPLICATO DA INFEZIONE DEL TRATTO GENITALE E PELVICO
638.1,TENTATIVO FALLITO DI ABORTO COMPLICATO DA EMORRAGIA TARDIVA O ECCESSIVA
638.2,TENTATIVO FALLITO DI ABORTO COMPLICATO DA DANNO AGLI ORGANI O TESSUTI PELVICI
638.3,TENTATIVO FALLITO DI ABORTO COMPLICATO DA INSUFFICIENZA RENALE
638.4,TENTATIVO FALLITO DI ABORTO COMPLICATO DA DISORDINE METABOLICO
638.5,TENTATIVO FALLITO DI ABORTO COMPLICATO DA SHOCK
638.6,TENTATIVO FALLITO DI ABORTO COMPLICATO DA EMBOLIA
638.7,TENTATIVO FALLITO DI ABORTO CON ALTRE COMPLICAZIONI SPECIFICATE
638.8,TENTATIVO FALLITO DI ABORTO CON COMPLICAZIONE NON SPECIFICATA
638.9,TENTATIVO FALLITO DI ABORTO SENZA COMPLICAZIONE RIFERITA
639,COMPLICAZIONI SUCCESSIVE AD ABORTO E GRAVIDANZE ECTOPICHE E MOLARI
639.0,INFEZIONE DEL TRATTO GENITALE E DELLA PELVI
639.1,PERDITA EMATICA RITARDATA O ECCESSIVA
639.2,LESIONE DEGLI ORGANI E DEI TESSUTI PELVICI
639.3,INSUFFICIENZA RENALE
639.4,DISORDINI METABOLICI
639.5,SHOCK IN SEGUITO AD ABORTO E GRAVIDANZE ECTOPICHE E MOLARI
639.6,EMBOLIA IN SEGUITO AD ABORTO E GRAVIDANZE ECTOPICHE E MOLARI
639.8,ALTRE COMPLICAZIONI SPECIFICATE IN SEGUITO AD ABORTO E GRAVIDANZE ECTOPICHE E MOLARI
639.9,COMPLICAZIONE NON SPECIFICATA IN SEGUITO AD ABORTO E GRAVIDANZE ECTOPICHE E MOLARI
640,PERDITA EMATICA NELLA FASE INIZIALE DELLA GRAVIDANZA
640.0,MINACCIA D'ABORTO
640.00,"MINACCIA D'ABORTO,EPISODIO DI CURA NON SPECIFICATO"
640.01,"MINACCIA D'ABORTO,PARTO,CON O SENZA MENZIONE DELLA CONDIZIONE ANTEPARTUM"
640.03,"MINACCIA D'ABORTO,CONDIZIONE O COMPLICAZIONE ANTEPARTUM"
640.8,"ALTRA PERDITA EMATICA SPECIFICATA, NELLA GRAVIDANZA INIZIALE"
640.80,"ALTRA PERDITA EMATICA SPECIFICATA,NELLA GRAVIDANZA INIZIALE EPISODIO DI CURA NON SPECIFICATO"
640.81,"ALTRA PERDITA EMATICA SPECIFICATA,NELLA GRAVIDANZA INIZIALE PARTO,CON O SENZA MENZIONE DELLA CONDIZIONE ANTEPARTUM"
640.83,"ALTRA PERDITA EMATICA SPECIFICATA,NELLA GRAVIDANZA INIZIALE,CONDIZIONE O COMPLICAZIONE ANTEPARTUM"
640.9,PERDITA EMATICA NON SPECIFICATA IN GRAVIDANZA INIZIALE
640.90,"PERDITA EMATICA NON SPECIFICATA IN GRAVIDANZA INIZIALE,EPISODIO DI CURA NON SPECIFICATO"
640.91,"PERDITA EMATICA NON SPECIFICATA IN GRAVIDANZA INIZIALE,PARTO,CON O SENZA MENZIONE DELLA CONDIZIONE ANTEPARTUM"
640.93,"PERDITA EMATICA NON SPECIFICATA IN GRAVIDANZA INIZIALE,CONDIZIONE O COMPLICAZIONE ANTEPARTUM"
641,"PERDITA EMATICA ANTEPARTUM, ABRUPTIO PLACENTAE E PLACENTA PREVIA"
641.0,PLACENTA PREVIA SENZA PERDITA EMATICA
641.00,"PLACENTA PREVIA SENZA PERDITA EMATICA,EPISODIO DI CURA NON SPECIFICATO"
641.01,"PLACENTA PREVIA SENZA PERDITA EMATICA,PARTO,CON O SENZA MENZIONE DELLA CONDIZIONE ANTEPARTUM"
641.03,"PLACENTA PREVIA SENZA PERDITA EMATICA,CONDIZIONE O COMPLICAZIONE ANTEPARTUM"
641.1,EMORRAGIA DA PLACENTA PREVIA
641.10,"EMORRAGIA DA PLACENTA PREVIA,EPISODIO DI CURA NON SPECIFICATO"
641.11,"EMORRAGIA DA PLACENTA PREVIA,PARTO,CON O SENZA MENZIONE DELLA CONDIZIONE ANTEPARTUM"
641.13,"EMORRAGIA DA PLACENTA PREVIA,CONDIZIONE O COMPLICAZIONE ANTEPARTUM"
641.2,DISTACCO PREMATURO DELLA PLACENTA
641.20,"DISTACCO PREMATURO DELLA PLACENTA,EPISODIO DI CURA NON SPECIFICATO"
641.21,"DISTACCO PREMATURO DELLA PLACENTA,PARTO,CON O SENZA MENZIONE DELLA CONDIZIONE ANTEPARTUM"
641.23,"DISTACCO PREMATURO DELLA PLACENTA,CONDIZIONE O COMPLICAZIONE ANTEPARTUM"
641.3,PERDITA EMATICA (EMORRAGIA) ANTEPARTUM CON DIFETTI DELLA COAGULAZIONE
641.30,"PERDITA EMATICA (EMORRAGIA) ANTEPARTUM CON DIFETTI DELLA COAGULAZIONE,EPISODIO DI CURA NON SPECIFICATO"
641.31,"PERDITA EMATICA (EMORRAGIA) ANTEPARTUM CON DIFETTI DELLA COAGULAZIONE,PARTO,CON O SENZA MENZIONE DELLA CONDIZIONE ANTEPARTUM"
641.33,"PERDITA EMATICA (EMORRAGIA) ANTEPARTUM CON DIFETTI DELLA COAGULAZIONE,CONDIZIONE O COMPLICAZIONE ANTEPARTUM"
641.8,ALTRE PERDITE EMATICHE ANTEPARTUM
641.80,"ALTRE PERDITE EMATICHE ANTEPARTUM,EPISODIO DI CURA NON SPECIFICATO"
641.81,"ALTRE PERDITE EMATICHE ANTEPARTUM,PARTO,CON O SENZA MENZIONE DELLA CONDIZIONE ANTEPARTUM"
641.83,"ALTRE PERDITE EMATICHE ANTEPARTUM,CONDIZIONE O COMPLICAZIONE ANTEPARTUM"
641.9,PERDITE EMATICHE NON SPECIFICATE ANTEPARTUM
641.90,"PERDITE EMATICHE NON SPECIFICATE ANTEPARTUM,EPISODIO DI CURA NON SPECIFICATO"
641.91,"PERDITE EMATICHE NON SPECIFICATE ANTEPARTUM,PARTO,CON O SENZA MENZIONE DELLA CONDIZIONE ANTEPARTUM"
641.93,"PERDITE EMATICHE NON SPECIFICATE ANTEPARTUM,CONDIZIONE O COMPLICAZIONE ANTEPARTUM"
642,"IPERTENSIONE COMPLICANTE LA GRAVIDANZA, IL PARTO E IL PUERPERIO"
642.0,"IPERTENSIONE ESSENZIALE BENIGNA COMPLICANTE LA GRAVIDANZA, IL PARTO E IL PUERPERIO"
642.00,"IPERTENSIONE ESSENZIALE BENIGNA COMPLICANTE LA GRAVIDANZA,IL PARTO E IL PUERPERIO,EPISODIO DI CURA NON SPECIFICATO"
642.01,"IPERTENSIONE ESSENZIALE BENIGNA COMPLICANTE LA GRAVIDANZA,IL PARTO E IL PUERPERIO,PARTO,CON O SENZA MENZIONE DELLA CONDIZIONE ANTEPARTUM"
642.02,"IPERTENSIONE ESSENZIALE BENIGNA COMPLICANTE LA GRAVIDANZA,IL PARTO E IL PUERPERIO,PARTO,CON MENZIONE DELLA COMPLICAZIONE POSTPARTUM"
642.03,"IPERTENSIONE ESSENZIALE BENIGNA COMPLICANTE LA GRAVIDANZA,IL PARTO E IL PUERPERIO,CONDIZIONE O COMPLICAZIONE ANTEPARTUM"
642.04,"IPERTENSIONE ESSENZIALE BENIGNA COMPLICANTE LA GRAVIDANZA,IL PARTO E IL PUERPERIO,CONDIZIONE O COMPLICAZIONE POSTPARTUM"
642.1,"IPERTENSIONE SECONDARIA A MALATTIA RENALE COMPLICANTE LA GRAVIDANZA, IL PARTO E IL PUERPERIO"
642.10,"IPERTENSIONE SECONDARIA A MALATTIA RENALE COMPLICANTE LA GRAVIDANZA,IL PARTO E IL PUERPERIO,EPISODIO DI CURA NON SPECIFICATO"
642.11,"IPERTENSIONE SECONDARIA A MALATTIA RENALE COMPLICANTE LA GRAVIDANZA,IL PARTO E IL PUERPERIO,PARTO,CON O SENZA MENZIONE DELLA CONDIZIONE ANTEPARTUM"
642.12,"IPERTENSIONE SECONDARIA A MALATTIA RENALE COMPLICANTE LA GRAVIDANZA,IL PARTO E IL PUERPERIO,PARTO,CON MENZIONE DELLA COMPLICAZIONE POSTPARTUM"
642.13,"IPERTENSIONE SECONDARIA A MALATTIA RENALE COMPLICANTE LA GRAVIDANZA,IL PARTO E IL PUERPERIO,CONDIZIONE O COMPLICAZIONE ANTEPARTUM"
642.14,"IPERTENSIONE SECONDARIA A MALATTIA RENALE COMPLICANTE LA GRAVIDANZA,IL PARTO E IL PUERPERIO,CONDIZIONE O COMPLICAZIONE POSTPARTUM"
642.2,"ALTRA IPERTENSIONE PREESISTENTE COMPLICANTE LA GRAVIDANZA, IL PARTO E IL PUERPERIO"
642.20,"ALTRA IPERTENSIONE PREESISTENTE COMPLICANTE LA GRAVIDANZA,IL PARTO E IL PUERPERIO,EPISODIO DI CURA NON SPECIFICATO"
642.21,"ALTRA IPERTENSIONE PREESISTENTE COMPLICANTE LA GRAVIDANZA,IL PARTO E IL PUERPERIO,PARTO,CON O SENZA MENZIONE DELLA CONDIZIONE ANTEPARTUM"
642.22,"ALTRA IPERTENSIONE PREESISTENTE COMPLICANTE LA GRAVIDANZA,IL PARTO E IL PUERPERIO,PARTO,CON MENZIONE DELLA COMPLICAZIONE POSTPARTUM"
642.23,"ALTRA IPERTENSIONE PREESISTENTE COMPLICANTE LA GRAVIDANZA,IL PARTO E IL PUERPERIO,CONDIZIONE O COMPLICAZIONE ANTEPARTUM"
642.24,"ALTRA IPERTENSIONE PREESISTENTE COMPLICANTE LA GRAVIDANZA,IL PARTO E IL PUERPERIO,CONDIZIONE O COMPLICAZIONE POSTPARTUM"
642.3,IPERTENSIONE TRANSITORIA DELLA GRAVIDANZA
642.30,"IPERTENSIONE TRANSITORIA DELLA GRAVIDANZA,EPISODIO DI CURA NON SPECIFICATO"
642.31,"IPERTENSIONE TRANSITORIA DELLA GRAVIDANZA,PARTO,CON O SENZA MENZIONE DELLA CONDIZIONE ANTEPARTUM"
642.32,"IPERTENSIONE TRANSITORIA DELLA GRAVIDANZA,PARTO,CON MENZIONE DELLA COMPLICAZIONE POSTPARTUM"
642.33,"IPERTENSIONE TRANSITORIA DELLA GRAVIDANZA,CONDIZIONE O COMPLICAZIONE ANTEPARTUM"
642.34,"IPERTENSIONE TRANSITORIA DELLA GRAVIDANZA,CONDIZIONE O COMPLICAZIONE POSTPARTUM"
642.4,PRE-ECLAMPSIA LIEVE O NON SPECIFICATA
642.40,"PRE-ECLAMPSIA LIEVE O NON SPECIFICATA,EPISODIO DI CURA NON SPECIFICATO"
642.41,"PRE-ECLAMPSIA LIEVE O NON SPECIFICATA,PARTO,CON O SENZA MENZIONE DELLA CONDIZIONE ANTEPARTUM"
642.42,"PRE-ECLAMPSIA LIEVE O NON SPECIFICATA,PARTO,CON MENZIONE DELLA COMPLICAZIONE POSTPARTUM"
642.43,"PRE-ECLAMPSIA LIEVE O NON SPECIFICATA,CONDIZIONE O COMPLICAZIONE ANTEPARTUM"
642.44,"PRE-ECLAMPSIA LIEVE O NON SPECIFICATA,CONDIZIONE O COMPLICAZIONE POSTPARTUM"
642.5,PRE-ECLAMPSIA GRAVE
642.50,"PRE-ECLAMPSIA GRAVE,EPISODIO DI CURA NON SPECIFICATO"
642.51,"PRE-ECLAMPSIA GRAVE,PARTO,CON O SENZA MENZIONE DELLA CONDIZIONE ANTEPARTUM"
642.52,"PRE-ECLAMPSIA GRAVE,PARTO,CON MENZIONE DELLA COMPLICAZIONE POSTPARTUM"
642.53,"PRE-ECLAMPSIA GRAVE,CONDIZIONE O COMPLICAZIONE ANTEPARTUM"
642.54,"PRE-ECLAMPSIA GRAVE,CONDIZIONE O COMPLICAZIONE POSTPARTUM"
642.6,"ECLAMPSIA COMPLICANTE LA GRAVIDANZA, IL PARTO O IL PUERPERIO"
642.60,"ECLAMPSIA COMPLICANTE LA GRAVIDANZA,IL PARTO O IL PUERPERIO,EPISODIO DI CURA NON SPECIFICATO"
642.61,"ECLAMPSIA COMPLICANTE LA GRAVIDANZA,IL PARTO O IL PUERPERIO,PARTO,CON O SENZA MENZIONE DELLA CONDIZIONE ANTEPARTUM"
642.62,"ECLAMPSIA COMPLICANTE LA GRAVIDANZA,IL PARTO O IL PUERPERIO,PARTO,CON MENZIONE DELLA COMPLICAZIONE POSTPARTUM"
642.63,"ECLAMPSIA COMPLICANTE LA GRAVIDANZA,IL PARTO O IL PUERPERIO,CONDIZIONE O COMPLICAZIONE ANTEPARTUM"
642.64,"ECLAMPSIA COMPLICANTE LA GRAVIDANZA,IL PARTO O IL PUERPERIO,CONDIZIONE O COMPLICAZIONE POSTPARTUM"
642.7,PRE-ECLAMPSIA O ECLAMPSIA SOVRAPPOSTA A IPERTENSIONE PREESISTENTE
642.70,"PRE-ECLAMPSIA O ECLAMPSIA SOVRAPPOSTA A IPERTENSIONE PREESISTENTE,EPISODIO DI CURA NON SPECIFICATO"
642.71,"PRE-ECLAMPSIA O ECLAMPSIA SOVRAPPOSTA A IPERTENSIONE PREESISTENTE,PARTO,CON O SENZA MENZIONE DELLA CONDIZIONE ANTEPARTUM"
642.72,"PRE-ECLAMPSIA O ECLAMPSIA SOVRAPPOSTA A IPERTENSIONE PREESISTENTE,PARTO,CON MENZIONE DELLA COMPLICAZIONE POSTPARTUM"
642.73,"PRE-ECLAMPSIA O ECLAMPSIA SOVRAPPOSTA A IPERTENSIONE PREESISTENTE,CONDIZIONE O COMPLICAZIONE ANTEPARTUM"
642.74,"PRE-ECLAMPSIA O ECLAMPSIA SOVRAPPOSTA A IPERTENSIONE PREESISTENTE,CONDIZIONE O COMPLICAZIONE POSTPARTUM"
642.9,"IPERTENSIONE NON SPECIFICATA COMPLICANTE LA GRAVIDANZA, IL PARTO O IL PUERPERIO"
642.90,"IPERTENSIONE NON SPECIFICATA COMPLICANTE LA GRAVIDANZA,IL PARTO O IL PUERPERIO,EPISODIO DI CURA NON SPECIFICATO"
642.91,"IPERTENSIONE NON SPECIFICATA COMPLICANTE LA GRAVIDANZA,IL PARTO O IL PUERPERIO,PARTO,CON O SENZA MENZIONE DELLA CONDIZIONE ANTEPARTUM"
642.92,"IPERTENSIONE NON SPECIFICATA COMPLICANTE LA GRAVIDANZA,IL PARTO O IL PUERPERIO,PARTO,CON MENZIONE DELLA COMPLICAZIONE POSTPARTUM"
642.93,"IPERTENSIONE NON SPECIFICATA COMPLICANTE LA GRAVIDANZA,IL PARTO O IL PUERPERIO,CONDIZIONE O COMPLICAZIONE ANTEPARTUM"
642.94,"IPERTENSIONE NON SPECIFICATA COMPLICANTE LA GRAVIDANZA,IL PARTO O IL PUERPERIO,CONDIZIONE O COMPLICAZIONE POSTPARTUM"
643,VOMITO INCONTROLLABILE IN GRAVIDANZA
643.0,IPEREMESI GRAVIDICA LIEVE
643.00,"IPEREMESI GRAVIDICA LIEVE,EPISODIO DI CURA NON SPECIFICATO"
643.01,"IPEREMESI GRAVIDICA LIEVE,PARTO,CON O SENZA MENZIONE DELLA CONDIZIONE ANTEPARTUM"
643.03,"IPEREMESI GRAVIDICA LIEVE,CONDIZIONE O COMPLICAZIONE ANTEPARTUM"
643.1,IPEREMESI CON TURBE METABOLICHE
643.10,"IPEREMESI CON TURBE METABOLICHE,EPISODIO DI CURA NON SPECIFICATO"
643.11,"IPEREMESI CON TURBE METABOLICHE,PARTO,CON O SENZA MENZIONE DELLA CONDIZIONE ANTEPARTUM"
643.13,"IPEREMESI CON TURBE METABOLICHE,CONDIZIONE O COMPLICAZIONE ANTEPARTUM"
643.2,VOMITO IN GRAVIDANZA AVANZATA
643.20,"VOMITO IN GRAVIDANZA AVANZATA,EPISODIO DI CURA NON SPECIFICATO"
643.21,"VOMITO IN GRAVIDANZA AVANZATA,PARTO,CON O SENZA MENZIONE DELLA CONDIZIONE ANTEPARTUM"
643.23,"VOMITO IN GRAVIDANZA AVANZATA,CONDIZIONE O COMPLICAZIONE ANTEPARTUM"
643.8,ALTRI VOMITI COMPLICANTI LA GRAVIDANZA
643.80,"ALTRI VOMITI COMPLICANTI LA GRAVIDANZA,EPISODIO DI CURA NON SPECIFICATO"
643.81,"ALTRI VOMITI COMPLICANTI LA GRAVIDANZA,PARTO,CON O SENZA MENZIONE DELLA CONDIZIONE ANTEPARTUM"
643.83,"ALTRI VOMITI COMPLICANTI LA GRAVIDANZA,CONDIZIONE O COMPLICAZIONE ANTEPARTUM"
643.9,VOMITO NON SPECIFICATO IN GRAVIDANZA
643.90,"VOMITO NON SPECIFICATO IN GRAVIDANZA,EPISODIO DI CURA NON SPECIFICATO"
643.91,"VOMITO NON SPECIFICATO IN GRAVIDANZA,PARTO,CON O SENZA MENZIONE DELLA CONDIZIONE ANTEPARTUM"
643.93,"VOMITO NON SPECIFICATO IN GRAVIDANZA,CONDIZIONE O COMPLICAZIONE ANTEPARTUM"
644,MINACCIA O TRAVAGLIO DI PARTO PRECOCE
644.0,MINACCIA DI TRAVAGLIO PREMATURO
644.00,"MINACCIA DI TRAVAGLIO PREMATURO,EPISODIO DI CURA NON SPECIFICATO"
644.03,"MINACCIA DI TRAVAGLIO PREMATURO,CONDIZIONE O COMPLICAZIONE ANTEPARTUM"
644.1,ALTRA MINACCIA DI TRAVAGLIO
644.10,"ALTRA MINACCIA DI TRAVAGLIO,EPISODIO DI CURA NON SPECIFICATO"
644.13,"ALTRA MINACCIA DI TRAVAGLIO,CONDIZIONE O COMPLICAZIONE ANTEPARTUM"
644.2,INIZIO DI PARTO PRECOCE
644.20,"INIZIO DI PARTO PRECOCE,EPISODIO DI CURA NON SPECIFICATO"
644.21,"INIZIO DI PARTO PRECOCE,PARTO,CON O SENZA MENZIONE DELLA CONDIZIONE ANTEPARTUM"
645,GRAVIDANZA RITARDATA
645.1,GRAVIDANZA POST-TERMINE
645.10,"GRAVIDANZA POST-TERMINE,EPISODIO DI CURA NON SPECIFICATO"
645.11,"GRAVIDANZA POST-TERMINE,PARTO,CON O SENZA MENZIONE DELLA CONDIZIONE ANTEPARTUM"
645.13,"GRAVIDANZA POST-TERMINE,CONDIZIONE O COMPLICAZIONE ANTEPARTUM"
645.2,GRAVIDANZA PROTRATTA
645.20,"GRAVIDANZA PROTRATTA,EPISODIO DI CURA NON SPECIFICATO"
645.21,"GRAVIDANZA PROTRATTA,PARTO,CON O SENZA MENZIONE DELLA CONDIZIONE ANTEPARTUM"
645.23,"GRAVIDANZA PROTRATTA,CONDIZIONE O COMPLICAZIONE ANTEPARTUM"
646,ALTRE COMPLICAZIONI DELLA GRAVIDANZA NON CLASSIFICATE ALTROVE
646.0,FETO PAPIRACEO
646.00,"FETO PAPIRACEO,EPISODIO DI CURA NON SPECIFICATO"
646.01,"FETO PAPIRACEO,PARTO,CON O SENZA MENZIONE DELLA CONDIZIONE ANTEPARTUM"
646.03,"FETO PAPIRACEO,CONDIZIONE O COMPLICAZIONE ANTEPARTUM"
646.1,"EDEMA O AUMENTO ECCESSIVO DEL PESO IN GRAVIDANZA, SENZA MENZIONE DI IPERTENSIONE"
646.10,"EDEMA O AUMENTO ECCESSIVO DEL PESO IN GRAVIDANZA,SENZA MENZIONE DI IPERTENSIONE,EPISODIO DI CURA NON SPECIFICATO"
646.11,"EDEMA O AUMENTO ECCESSIVO DEL PESO IN GRAVIDANZA,SENZA MENZIONE DI IPERTENSIONE,PARTO,CON O SENZA MENZIONE DELLA CONDIZIONE ANTEPARTUM"
646.12,"EDEMA O AUMENTO ECCESSIVO DEL PESO IN GRAVIDANZA,SENZA MENZIONE DI IPERTENSIONE,PARTO,CON MENZIONE DELLA COMPLICAZIONE POSTPARTUM"
646.13,"EDEMA O AUMENTO ECCESSIVO DEL PESO IN GRAVIDANZA,SENZA MENZIONE DI IPERTENSIONE,CONDIZIONE O COMPLICAZIONE ANTEPARTUM"
646.14,"EDEMA O AUMENTO ECCESSIVO DEL PESO IN GRAVIDANZA,SENZA MENZIONE DI IPERTENSIONE,CONDIZIONE O COMPLICAZIONE POSTPARTUM"
646.2,"MALATTIA RENALE NON SPECIFICATA IN GRAVIDANZA, SENZA MENZIONE DI IPERTENSIONE"
646.20,"MALATTIA RENALE NON SPECIFICATA IN GRAVIDANZA,SENZA MENZIONE DI IPERTENSIONE,EPISODIO DI CURA NON SPECIFICATO"
646.21,"MALATTIA RENALE NON SPECIFICATA IN GRAVIDANZA,SENZA MENZIONE DI IPERTENSIONE,PARTO,CON O SENZA MENZIONE DELLA CONDIZIONE ANTEPARTUM"
646.22,"MALATTIA RENALE NON SPECIFICATA IN GRAVIDANZA,SENZA MENZIONE DI IPERTENSIONE,PARTO,CON MENZIONE DELLA COMPLICAZIONE POSTPARTUM"
646.23,"MALATTIA RENALE NON SPECIFICATA IN GRAVIDANZA,SENZA MENZIONE DI IPERTENSIONE,CONDIZIONE O COMPLICAZIONE ANTEPARTUM"
646.24,"MALATTIA RENALE NON SPECIFICATA IN GRAVIDANZA,SENZA MENZIONE DI IPERTENSIONE,CONDIZIONE O COMPLICAZIONE POSTPARTUM"
646.3,DONNA CHE ABORTISCE ABITUALMENTE
646.30,"DONNA CHE ABORTISCE ABITUALMENTE,EPISODIO DI CURA NON SPECIFICATO"
646.31,"DONNA CHE ABORTISCE ABITUALMENTE,PARTO,CON O SENZA MENZIONE DELLA CONDIZIONE ANTEPARTUM"
646.33,"DONNA CHE ABORTISCE ABITUALMENTE,CONDIZIONE O COMPLICAZIONE ANTEPARTUM"
646.4,NEVRITE PERIFERICA IN GRAVIDANZA
646.40,"NEVRITE PERIFERICA IN GRAVIDANZA,EPISODIO DI CURA NON SPECIFICATO"
646.41,"NEVRITE PERIFERICA IN GRAVIDANZA,PARTO,CON O SENZA MENZIONE DELLA CONDIZIONE ANTEPARTUM"
646.42,"NEVRITE PERIFERICA IN GRAVIDANZA,PARTO,CON MENZIONE DELLA COMPLICAZIONE POSTPARTUM"
646.43,"NEVRITE PERIFERICA IN GRAVIDANZA,CONDIZIONE O COMPLICAZIONE ANTEPARTUM"
646.44,"NEVRITE PERIFERICA IN GRAVIDANZA,CONDIZIONE O COMPLICAZIONE POSTPARTUM"
646.5,BATTERIURIA ASINTOMATICA IN GRAVIDANZA
646.50,"BATTERIURIA ASINTOMATICA IN GRAVIDANZA,EPISODIO DI CURA NON SPECIFICATO"
646.51,"BATTERIURIA ASINTOMATICA IN GRAVIDANZA,PARTO,CON O SENZA MENZIONE DELLA CONDIZIONE ANTEPARTUM"
646.52,"BATTERIURIA ASINTOMATICA IN GRAVIDANZA,PARTO,CON MENZIONE DELLA COMPLICAZIONE POSTPARTUM"
646.53,"BATTERIURIA ASINTOMATICA IN GRAVIDANZA,CONDIZIONE O COMPLICAZIONE ANTEPARTUM"
646.54,"BATTERIURIA ASINTOMATICA IN GRAVIDANZA,CONDIZIONE O COMPLICAZIONE POSTPARTUM"
646.6,INFEZIONI DELL'APPARATO GENITOURINARIO IN GRAVIDANZA
646.60,"INFEZIONI DELL'APPARATO GENITOURINARIO IN GRAVIDANZA,EPISODIO DI CURA NON SPECIFICATO"
646.61,"INFEZIONI DELL'APPARATO GENITOURINARIO IN GRAVIDANZA,PARTO,CON O SENZA MENZIONE DELLA CONDIZIONE ANTEPARTUM"
646.62,"INFEZIONI DELL'APPARATO GENITOURINARIO IN GRAVIDANZA,PARTO,CON MENZIONE DELLA COMPLICAZIONE POSTPARTUM"
646.63,"INFEZIONI DELL'APPARATO GENITOURINARIO IN GRAVIDANZA,CONDIZIONE O COMPLICAZIONE ANTEPARTUM"
646.64,"INFEZIONI DELL'APPARATO GENITOURINARIO IN GRAVIDANZA,CONDIZIONE O COMPLICAZIONE POSTPARTUM"
646.7,DISORDINI DEL FEGATO IN GRAVIDANZA
646.70,"DISORDINI DEL FEGATO IN GRAVIDANZA,EPISODIO DI CURA NON SPECIFICATO"
646.71,"DISORDINI DEL FEGATO IN GRAVIDANZA,PARTO,CON O SENZA MENZIONE DELLA CONDIZIONE ANTEPARTUM"
646.73,"DISORDINI DEL FEGATO IN GRAVIDANZA,CONDIZIONE O COMPLICAZIONE ANTEPARTUM"
646.8,ALTRE COMPLICAZIONI SPECIFICATE DELLA GRAVIDANZA
646.80,"ALTRE COMPLICAZIONI SPECIFICATE DELLA GRAVIDANZA,EPISODIO DI CURA NON SPECIFICATO"
646.81,"ALTRE COMPLICAZIONI SPECIFICATE DELLA GRAVIDANZA,PARTO,CON O SENZA MENZIONE DELLA CONDIZIONE ANTEPARTUM"
646.82,"ALTRE COMPLICAZIONI SPECIFICATE DELLA GRAVIDANZA,PARTO,CON MENZIONE DELLA COMPLICAZIONE POSTPARTUM"
646.83,"ALTRE COMPLICAZIONI SPECIFICATE DELLA GRAVIDANZA,CONDIZIONE O COMPLICAZIONE ANTEPARTUM"
646.84,"ALTRE COMPLICAZIONI SPECIFICATE DELLA GRAVIDANZA,CONDIZIONE O COMPLICAZIONE POSTPARTUM"
646.9,COMPLICAZIONE NON SPECIFICATA DELLA GRAVIDANZA
646.90,"COMPLICAZIONE NON SPECIFICATA DELLA GRAVIDANZA,EPISODIO DI CURA NON SPECIFICATO"
646.91,"COMPLICAZIONE NON SPECIFICATA DELLA GRAVIDANZA,PARTO,CON O SENZA MENZIONE DELLA CONDIZIONE ANTEPARTUM"
646.93,"COMPLICAZIONE NON SPECIFICATA DELLA GRAVIDANZA,CONDIZIONE O COMPLICAZIONE ANTEPARTUM"
647,"CONDIZIONI INFETTIVE E PARASSITARIE NELLA MADRE, CLASSIFICABILI ALTROVE, MA COMPLICANTI LA GRAVIDANZA, IL PARTO O IL PUERPERIO"
647.0,SIFILIDE
647.00,"SIFILIDE,EPISODIO DI CURA NON SPECIFICATO"
647.01,"SIFILIDE,PARTO,CON O SENZA MENZIONE DELLA CONDIZIONE ANTEPARTUM"
647.02,"SIFILIDE,PARTO,CON MENZIONE DELLA COMPLICAZIONE POSTPARTUM"
647.03,"SIFILIDE,CONDIZIONE O COMPLICAZIONE ANTEPARTUM"
647.04,"SIFILIDE,CONDIZIONE O COMPLICAZIONE POSTPARTUM"
647.1,GONORREA
647.10,"GONORREA,EPISODIO DI CURA NON SPECIFICATO"
647.11,"GONORREA,PARTO,CON O SENZA MENZIONE DELLA CONDIZIONE ANTEPARTUM"
647.12,"GONORREA,PARTO,CON MENZIONE DELLA COMPLICAZIONE POSTPARTUM"
647.13,"GONORREA,CONDIZIONE O COMPLICAZIONE ANTEPARTUM"
647.14,"GONORREA,CONDIZIONE O COMPLICAZIONE POSTPARTUM"
647.2,ALTRE MALATTIE VENEREE
647.20,"ALTRE MALATTIE VENEREE,EPISODIO DI CURA NON SPECIFICATO"
647.21,"ALTRE MALATTIE VENEREE,PARTO,CON O SENZA MENZIONE DELLA CONDIZIONE ANTEPARTUM"
647.22,"ALTRE MALATTIE VENEREE,PARTO,CON MENZIONE DELLA COMPLICAZIONE POSTPARTUM"
647.23,"ALTRE MALATTIE VENEREE,CONDIZIONE O COMPLICAZIONE ANTEPARTUM"
647.24,"ALTRE MALATTIE VENEREE,CONDIZIONE O COMPLICAZIONE POSTPARTUM"
647.3,TUBERCOLOSI
647.30,"TUBERCOLOSI,EPISODIO DI CURA NON SPECIFICATO"
647.31,"TUBERCOLOSI,PARTO,CON O SENZA MENZIONE DELLA CONDIZIONE ANTEPARTUM"
647.32,"TUBERCOLOSI,PARTO,CON MENZIONE DELLA COMPLICAZIONE POSTPARTUM"
647.33,"TUBERCOLOSI,CONDIZIONE O COMPLICAZIONE ANTEPARTUM"
647.34,"TUBERCOLOSI,CONDIZIONE O COMPLICAZIONE POSTPARTUM"
647.4,MALARIA
647.40,"MALARIA,EPISODIO DI CURA NON SPECIFICATO"
647.41,"MALARIA,PARTO,CON O SENZA MENZIONE DELLA CONDIZIONE ANTEPARTUM"
647.42,"MALARIA,PARTO,CON MENZIONE DELLA COMPLICAZIONE POSTPARTUM"
647.43,"MALARIA,CONDIZIONE O COMPLICAZIONE ANTEPARTUM"
647.44,"MALARIA,CONDIZIONE O COMPLICAZIONE POSTPARTUM"
647.5,ROSOLIA
647.50,"ROSOLIA,EPISODIO DI CURA NON SPECIFICATO"
647.51,"ROSOLIA,PARTO,CON O SENZA MENZIONE DELLA CONDIZIONE ANTEPARTUM"
647.52,"ROSOLIA,PARTO,CON MENZIONE DELLA COMPLICAZIONE POSTPARTUM"
647.53,"ROSOLIA,CONDIZIONE O COMPLICAZIONE ANTEPARTUM"
647.54,"ROSOLIA,CONDIZIONE O COMPLICAZIONE POSTPARTUM"
647.6,ALTRE MALATTIE VIRALI
647.60,"ALTRE MALATTIE VIRALI,EPISODIO DI CURA NON SPECIFICATO"
647.61,"ALTRE MALATTIE VIRALI,PARTO,CON O SENZA MENZIONE DELLA CONDIZIONE ANTEPARTUM"
647.62,"ALTRE MALATTIE VIRALI,PARTO,CON MENZIONE DELLA COMPLICAZIONE POSTPARTUM"
647.63,"ALTRE MALATTIE VIRALI,CONDIZIONE O COMPLICAZIONE ANTEPARTUM"
647.64,"ALTRE MALATTIE VIRALI,CONDIZIONE O COMPLICAZIONE POSTPARTUM"
647.8,ALTRE MALATTIE INFETTIVE E PARASSITARIE
647.80,"ALTRE MALATTIE INFETTIVE E PARASSITARIE,EPISODIO DI CURA NON SPECIFICATO"
647.81,"ALTRE MALATTIE INFETTIVE E PARASSITARIE,PARTO,CON O SENZA MENZIONE DELLA CONDIZIONE ANTEPARTUM"
647.82,"ALTRE MALATTIE INFETTIVE E PARASSITARIE,PARTO,CON MENZIONE DELLA COMPLICAZIONE POSTPARTUM"
647.83,"ALTRE MALATTIE INFETTIVE E PARASSITARIE,CONDIZIONE O COMPLICAZIONE ANTEPARTUM"
647.84,"ALTRE MALATTIE INFETTIVE E PARASSITARIE,CONDIZIONE O COMPLICAZIONE POSTPARTUM"
647.9,INFEZIONE O INFESTAZIONE NON SPECIFICATA
647.90,"INFEZIONE O INFESTAZIONE NON SPECIFICATA,EPISODIO DI CURA NON SPECIFICATO"
647.91,"INFEZIONE O INFESTAZIONE NON SPECIFICATA,PARTO,CON O SENZA MENZIONE DELLA CONDIZIONE ANTEPARTUM"
647.92,"INFEZIONE O INFESTAZIONE NON SPECIFICATA,PARTO,CON MENZIONE DELLA COMPLICAZIONE POSTPARTUM"
647.93,"INFEZIONE O INFESTAZIONE NON SPECIFICATA,CONDIZIONE O COMPLICAZIONE ANTEPARTUM"
647.94,"INFEZIONE O INFESTAZIONE NON SPECIFICATA,CONDIZIONE O COMPLICAZIONE POSTPARTUM"
648,"ALTRE CONDIZIONI MORBOSE IN ATTO DELLA MADRE CLASSIFICATE ALTROVE, MA COMPLICANTI LA GRAVIDANZA, IL PARTO O IL PUERPERIO"
648.0,DIABETE MELLITO
648.00,"DIABETE MELLITO,EPISODIO DI CURA NON SPECIFICATO"
648.01,"DIABETE MELLITO,PARTO,CON O SENZA MENZIONE DELLA CONDIZIONE ANTEPARTUM"
648.02,"DIABETE MELLITO,PARTO,CON MENZIONE DELLA COMPLICAZIONE POSTPARTUM"
648.03,"DIABETE MELLITO,CONDIZIONE O COMPLICAZIONE ANTEPARTUM"
648.04,"DIABETE MELLITO,CONDIZIONE O COMPLICAZIONE POSTPARTUM"
648.1,DISFUNZIONE DELLA TIROIDE
648.10,"DISFUNZIONE DELLA TIROIDE,EPISODIO DI CURA NON SPECIFICATO"
648.11,"DISFUNZIONE DELLA TIROIDE,PARTO,CON O SENZA MENZIONE DELLA CONDIZIONE ANTEPARTUM"
648.12,"DISFUNZIONE DELLA TIROIDE,PARTO,CON MENZIONE DELLA COMPLICAZIONE POSTPARTUM"
648.13,"DISFUNZIONE DELLA TIROIDE,CONDIZIONE O COMPLICAZIONE ANTEPARTUM"
648.14,"DISFUNZIONE DELLA TIROIDE,CONDIZIONE O COMPLICAZIONE POSTPARTUM"
648.2,ANEMIA
648.20,"ANEMIA,EPISODIO DI CURA NON SPECIFICATO"
648.21,"ANEMIA,PARTO,CON O SENZA MENZIONE DELLA CONDIZIONE ANTEPARTUM"
648.22,"ANEMIA,PARTO,CON MENZIONE DELLA COMPLICAZIONE POSTPARTUM"
648.23,"ANEMIA,CONDIZIONE O COMPLICAZIONE ANTEPARTUM"
648.24,"ANEMIA,CONDIZIONE O COMPLICAZIONE POSTPARTUM"
648.3,TOSSICODIPENDENZA
648.30,"TOSSICODIPENDENZA,EPISODIO DI CURA NON SPECIFICATO"
648.31,"TOSSICODIPENDENZA,PARTO,CON O SENZA MENZIONE DELLA CONDIZIONE ANTEPARTUM"
648.32,"TOSSICODIPENDENZA,PARTO,CON MENZIONE DELLA COMPLICAZIONE POSTPARTUM"
648.33,"TOSSICODIPENDENZA,CONDIZIONE O COMPLICAZIONE ANTEPARTUM"
648.34,"TOSSICODIPENDENZA,CONDIZIONE O COMPLICAZIONE POSTPARTUM"
648.4,DISTURBI MENTALI
648.40,"DISTURBI MENTALI,EPISODIO DI CURA NON SPECIFICATO"
648.41,"DISTURBI MENTALI,PARTO,CON O SENZA MENZIONE DELLA CONDIZIONE ANTEPARTUM"
648.42,"DISTURBI MENTALI,PARTO,CON MENZIONE DELLA COMPLICAZIONE POSTPARTUM"
648.43,"DISTURBI MENTALI,CONDIZIONE O COMPLICAZIONE ANTEPARTUM"
648.44,"DISTURBI MENTALI,CONDIZIONE O COMPLICAZIONE POSTPARTUM"
648.5,MALATTIE CARDIOVASCOLARI CONGENITE
648.50,"MALATTIE CARDIOVASCOLARI CONGENITE,EPISODIO DI CURA NON SPECIFICATO"
648.51,"MALATTIE CARDIOVASCOLARI CONGENITE,PARTO,CON O SENZA MENZIONE DELLA CONDIZIONE ANTEPARTUM"
648.52,"MALATTIE CARDIOVASCOLARI CONGENITE,PARTO,CON MENZIONE DELLA COMPLICAZIONE POSTPARTUM"
648.53,"MALATTIE CARDIOVASCOLARI CONGENITE,CONDIZIONE O COMPLICAZIONE ANTEPARTUM"
648.54,"MALATTIE CARDIOVASCOLARI CONGENITE,CONDIZIONE O COMPLICAZIONE POSTPARTUM"
648.6,ALTRE MALATTIE CARDIOVASCOLARI
648.60,"ALTRE MALATTIE CARDIOVASCOLARI,EPISODIO DI CURA NON SPECIFICATO"
648.61,"ALTRE MALATTIE CARDIOVASCOLARI,PARTO,CON O SENZA MENZIONE DELLA CONDIZIONE ANTEPARTUM"
648.62,"ALTRE MALATTIE CARDIOVASCOLARI,PARTO,CON MENZIONE DELLA COMPLICAZIONE POSTPARTUM"
648.63,"ALTRE MALATTIE CARDIOVASCOLARI,CONDIZIONE O COMPLICAZIONE ANTEPARTUM"
648.64,"ALTRE MALATTIE CARDIOVASCOLARI,CONDIZIONE O COMPLICAZIONE POSTPARTUM"
648.7,"DISTURBI OSTEOARTICOLARI DEL DORSO, DELLA PELVI E DEGLI ARTI INFERIORI"
648.70,"DISTURBI OSTEOARTICOLARI DEL DORSO,DELLA PELVI E DEGLI ARTI INFERIORI,EPISODIO DI CURA NON SPECIFICATO"
648.71,"DISTURBI OSTEOARTICOLARI DEL DORSO,DELLA PELVI E DEGLI ARTI INFERIORI,PARTO,CON O SENZA MENZIONE DELLA CONDIZIONE ANTEPARTUM"
648.72,"DISTURBI OSTEOARTICOLARI DEL DORSO,DELLA PELVI E DEGLI ARTI INFERIORI,PARTO,CON MENZIONE DELLA COMPLICAZIONE POSTPARTUM"
648.73,"DISTURBI OSTEOARTICOLARI DEL DORSO,DELLA PELVI E DEGLI ARTI INFERIORI,CONDIZIONE O COMPLICAZIONE ANTEPARTUM"
648.74,"DISTURBI OSTEOARTICOLARI DEL DORSO,DELLA PELVI E DEGLI ARTI INFERIORI,CONDIZIONE O COMPLICAZIONE POSTPARTUM"
648.8,ALTERATA TOLLERANZA AL GLUCOSIO
648.80,"ALTERATA TOLLERANZA AL GLUCOSIO,EPISODIO DI CURA NON SPECIFICATO"
648.81,"ALTERATA TOLLERANZA AL GLUCOSIO,PARTO,CON O SENZA MENZIONE DELLA CONDIZIONE ANTEPARTUM"
648.82,"ALTERATA TOLLERANZA AL GLUCOSIO,PARTO,CON MENZIONE DELLA COMPLICAZIONE POSTPARTUM"
648.83,"ALTERATA TOLLERANZA AL GLUCOSIO,CONDIZIONE O COMPLICAZIONE ANTEPARTUM"
648.84,"ALTERATA TOLLERANZA AL GLUCOSIO,CONDIZIONE O COMPLICAZIONE POSTPARTUM"
648.9,ALTRE CONDIZIONI ALTRIMENTI CLASSIFICABILI
648.90,"ALTRE MANIFESTAZIONI ALTRIMENTI CLASSIFICABILI,EPISODIO DI CURA NON SPECIFICATO"
648.91,"ALTRE MANIFESTAZIONI ALTRIMENTI CLASSIFICABILI,PARTO,CON O SENZA MENZIONE DELLA CONDIZIONE ANTEPARTUM"
648.92,"ALTRE MANIFESTAZIONI ALTRIMENTI CLASSIFICABILI,PARTO,CON MENZIONE DELLA COMPLICAZIONE POSTPARTUM"
648.93,"ALTRE MANIFESTAZIONI ALTRIMENTI CLASSIFICABILI,CONDIZIONE O COMPLICAZIONE ANTEPARTUM"
648.94,"ALTRE MANIFESTAZIONI ALTRIMENTI CLASSIFICABILI,CONDIZIONE O COMPLICAZIONE POSTPARTUM"
649,"ALTRE MANIFESTAZIONI MORBOSE IN ATTO DELLA MADRE COMPLICANTI LA GRAVIDANZA, IL PARTO O IL PUERPERIO"
649.0,"MALATTIA ASSOCIATA ALL USO DI TABACCO COMPLICANTE LA GRAVIDANZA, IL PARTO O IL PUERPERIO"
649.00,"MALATTIA ASSOCIATA ALL'USO DI TABACCO COMPLICANTI LA GRAVIDANZA, IL PARTO O IL PUERPERIO"
649.01,"MALATTIA ASSOCIATA ALL'USO DI TABACCO COMPLICANTI LA GRAVIDANZA, IL PARTO O IL PUERPERIO"
649.02,"MALATTIA ASSOCIATA ALL'USO DI TABACCO COMPLICANTI LA GRAVIDANZA, IL PARTO O IL PUERPERIO"
649.03,"MALATTIA ASSOCIATA ALL'USO DI TABACCO COMPLICANTI LA GRAVIDANZA, IL PARTO O IL PUERPERIO"
649.04,"MALATTIA ASSOCIATA ALL'USO DI TABACCO COMPLICANTI LA GRAVIDANZA, IL PARTO O IL PUERPERIO"
649.1,"OBESITA' COMPLICANTE LA GRAVIDANZA, IL PARTO O IL PUERPERIO"
649.10,"OBESIT@ COMPLICANTE LA GRAVIDANZA, IL PARTO O IL PUERPERIO, EPISODIO DI CURA NON SPECIFICATO"
649.11,"OBESIT@ COMPLICANTE LA GRAVIDANZA, IL PARTO O IL PUERPERIO CON O SENZA MENZIONE DELLA CONDIZIONE ANTEPARTUM"
649.12,"OBESIT@ COMPLICANTE LA GRAVIDANZA, IL PARTO O IL PUERPERIO CON MENZIONE DELLA COMPLICAZIONE POSTPARTUM"
649.13,"OBESIT@ COMPLICANTE LA GRAVIDANZA, IL PARTO O IL PUERPERIO, CONDIZIONE O COMPLICAZIONE ANTEPARTUM"
649.14,"OBESIT@ COMPLICANTE LA GRAVIDANZA, IL PARTO O IL PUERPERIO, CONDIZIONE O COMPLICAZIONE POSTPARTUM"
649.2,"CHIRURGIA BARIATRICA COMPLICANTE LA GRAVIDANZA, IL PARTO O IL PUERPERIO"
649.20,"CHIRURGIA BARIATRICA COMPLICANTE LA GRAVIDANZA, IL PARTO O IL PUERPERIO, EPISODIO DI CURA NON SPECIFICATO"
649.21,"CHIRURGIA BARIATRICA COMPLICANTE LA GRAVIDANZA, IL PARTO O IL PUERPERIO, CON O SENZA MENZIONE DELLA CONDIZIONE ANTEPARTUM"
649.22,"CHIRURGIA BARIATRICA COMPLICANTE LA GRAVIDANZA, IL PARTO O IL PUERPERIO, CON MENZIONE DELLA COMPLICAZIONE POSTPARTUM"
649.23,"CHIRURGIA BARIATRICA COMPLICANTE LA GRAVIDANZA, IL PARTO O IL PUERPERIO, CONDIZIONE O COMPLICAZIONE ANTEPARTUM"
649.24,"CHIRURGIA BARIATRICA COMPLICANTE LA GRAVIDANZA, IL PARTO O IL PUERPERIO, CONDIZIONE O COMPLICAZIONE POSTPARTUM"
649.3,"DEFICIT DI COAGULAZIONE COMPLICANTI LA GRAVIDANZA, IL PARTO O IL PUERPERIO"
649.30,"DEFICIT DI COAGULAZIONE COMPLICANTI LA GRAVIDANZA, IL PARTO O IL PUERPERIO, EPISODIO DI CURA NON SPECIFICATO"
649.31,"DEFICIT DI COAGULAZIONE COMPLICANTI LA GRAVIDANZA, IL PARTO O IL PUERPERIO, CON O SENZA MENZIONE DELLA CONDIZIONE ANTEPARTUM"
649.32,"DEFICIT DI COAGULAZIONE COMPLICANTI LA GRAVIDANZA, IL PARTO O IL PUERPERIO, CON MENZIONE DELLA COMPLICAZIONE POSTPARTUM"
649.33,"DEFICIT DI COAGULAZIONE COMPLICANTI LA GRAVIDANZA, IL PARTO O IL PUERPERIO, CONDIZIONE O COMPLICAZIONE ANTEPARTUM"
649.34,"DEFICIT DI COAGULAZIONE COMPLICANTI LA GRAVIDANZA, IL PARTO O IL PUERPERIO, CONDIZIONE O COMPLICAZIONE POSTPARTUM"
649.4,"EPILESSIA COMPLICANTE LA GRAVIDANZA, IL PARTO O IL PUERPERIO"
649.40,"EPILESSIA COMPLICANTE LA GRAVIDANZA, IL PARTO O IL PUERPERIO, EPISODIO DI CURA NON SPECIFICATO"
649.41,"EPILESSIA COMPLICANTE LA GRAVIDANZA, IL PARTO O IL PUERPERIO, CON O SENZA MENZIONE DELLA CONDIZIONE ANTEPARTUM"
649.42,"EPILESSIA COMPLICANTE LA GRAVIDANZA,IL PARTO O IL PUERPERIO, CON MENZIONE DELLA COMPLICAZIONE POSTPARTUM"
649.43,"EPILESSIA COMPLICANTE LA GRAVIDANZA, IL PARTO O IL PUERPERIO, CONDIZIONE O COMPLICAZIONE ANTEPARTUM"
649.44,"EPILESSIA COMPLICANTE LA GRAVIDANZA, IL PARTO O IL PUERPERIO, CONDIZIONE O COMPLICAZIONE POSTPARTUM"
649.5,SPOTTING COMPLICANTE LA GRAVIDANZA]
649.50,"SPOTTING COMPLICANTE LA GRAVIDANZA, EPISODIO DI CURA NON SPECIFICATO"
649.51,"SPOTTING COMPLICANTE LA GRAVIDANZA, PARTO, CON O SENZA MENZIONE DELLA CONDIZIONE ANTEPARTUM"
649.53,"SPOTTING COMPLICANTE LA GRAVIDANZA, PARTO, CONDIZIONE O COMPLICAZIONE ANTEPARTUM"
649.6,DISCREPANZA FRA ETA' GESTAZIONALE E VOLUME UTERINO
649.60,"DISCREPANZA FRA ETA' GESTAZIONALE E VOLUME UTERINO, EPISODIO DI CURA NON SPECIFICATO"
649.61,"DISCREPANZA FRA ETA' GESTAZIONALE E VOLUME UTERINO, PARTO, CON O SENZA MENZIONE DELLA CONDIZIONE ANTEPARTUM"
649.62,"DISCREPANZA FRA ETA' GESTAZIONALE E VOLUME UTERINO, CON  MENZIONE DELLA COMPICAZIONE POSTPARTUM"
649.63,"DISCREPANZA FRA ETA' GESTAZIONALE E VOLUME UTERINO, CONDIZIONE O COMPLICAZIONE ANTEPARTUM"
649.64,"DISCREPANZA FRA ETA' GESTAZIONALE E VOLUME UTERINO, CONDIZIONE O COMPLICAZIONE POSTPARTUM"
650,PARTO NORMALE
651,GRAVIDANZA MULTIPLA
651.0,GRAVIDANZA GEMELLARE
651.00,"GRAVIDANZA GEMELLARE,RICOVERO NON SPECIFICATO"
651.01,"GRAVIDANZA GEMELLARE,PARTO CON O SENZA MENZIONE DELLA CONDIZIONE ANTEPARTUM"
651.03,"GRAVIDANZA GEMELLARE,CONDIZIONE O COMPLICAZIONE ANTEPARTUM"
651.1,GRAVIDANZA TRIGEMINA
651.10,"GRAVIDANZA TRIGEMINA,RICOVERO NON SPECIFICATO"
651.11,"GRAVIDANZA TRIGEMINA,PARTO CON O SENZA MENZIONE DELLA CONDIZIONE ANTEPARTUM"
651.13,"GRAVIDANZA TRIGEMINA,CONDIZIONE O COMPLICAZIONE ANTEPARTUM"
651.2,GRAVIDANZA QUADRIGEMINA
651.20,"GRAVIDANZA QUADRIGEMINA,RICOVERO NON SPECIFICATO"
651.21,"GRAVIDANZA QUADRIGEMINA,PARTO CON O SENZA MENZIONE DELLA CONDIZIONE ANTEPARTUM"
651.23,"GRAVIDANZA QUADRIGEMINA,CONDIZIONE O COMPLICAZIONE ANTEPARTUM"
651.3,GRAVIDANZA GEMELLARE CON PERDITA FETALE E RITENZIONE DI UN FETO
651.30,"GRAVIDANZA GEMELLARE CON PERDITA FETALE E RITENZIONE DI UN FETO,RICOVERO NON SPECIFICATO"
651.31,"GRAVIDANZA GEMELLARE CON PERDITA FETALE E RITENZIONE DI UN FETO,PARTO CON O SENZA MENZIONE DELLA CONDIZIONE ANTEPARTUM"
651.33,"GRAVIDANZA GEMELLARE CON PERDITA FETALE E RITENZIONE DI UN FETO,CONDIZIONE O COMPLICAZIONE ANTEPARTUM"
651.4,GRAVIDANZA TRIGEMINA CON PERDITA FETALE E RITENZIONE DI UNO O PIY FETI
651.40,"GRAVIDANZA TRIGEMINA CON PERDITA FETALE E RITENZIONE DI UNO O PIY FETI,RICOVERO NON SPECIFICATO"
651.41,"GRAVIDANZA TRIGEMINA CON PERDITA FETALE E RITENZIONE DI UNO O PIY FETI,PARTO CON O SENZA MENZIONE DELLA CONDIZIONE ANTEPARTUM"
651.43,"GRAVIDANZA TRIGEMINA CON PERDITA FETALE E RITENZIONE DI UNO O PIY FETI,CONDIZIONE O COMPLICAZIONE ANTEPARTUM"
651.5,GRAVIDANZA QUADRIGEMINA CON PERDITA FETALE E RITENZIONE DI UNO O PIY FETI
651.50,"GRAVIDANZA QUADRIGEMINA CON PERDITA FETALE E RITENZIONE DI UNO O PIY FETI,RICOVERO NON SPECIFICATO"
651.51,"GRAVIDANZA QUADRIGEMINA CON PERDITA FETALE E RITENZIONE DI UNO O PIY FETI,PARTO CON O SENZA MENZIONE DELLA CONDIZIONE ANTEPARTUM"
651.53,"GRAVIDANZA QUADRIGEMINA CON PERDITA FETALE E RITENZIONE DI UNO O PIY FETI,CONDIZIONE O COMPLICAZIONE ANTEPARTUM"
651.6,ALTRA GRAVIDANZA PLURIGEMINA CON PERDITA FETALE E RITENZIONE DI UNO O PIY FETI
651.60,"ALTRA GRAVIDANZA PLURIGEMINA CON PERDITA FETALE E RITENZIONE DI UNO O PIY FETI,RICOVERO NON SPECIFICATO"
651.61,"ALTRA GRAVIDANZA PLURIGEMINA CON PERDITA FETALE E RITENZIONE DI UNO O PIY FETI,PARTO CON O SENZA MENZIONE DELLA CONDIZIONE ANTEPARTUM"
651.63,"ALTRA GRAVIDANZA PLURIGEMINA CON PERDITA FETALE E RITENZIONE DI UNO O PIY FETI,CONDIZIONE O COMPLICAZIONE ANTEPARTUM"
651.7,GRAVIDANZA MULTIPLA CON (ELETTIVA) RIDUZIONE FETALE
651.70,"GRAVIDANZA MULTIPLA CON (ELETTIVA) RIDUZIONE FETALE, RICOVERO NON SPECIFICATO"
651.71,"GRAVIDANZA MULTIPLA CON (ELETTIVA) RIDUZIONE FETALE, PARTO, CON O SENZA MENZIONE DELLA CONDIZIONE ANTEPARTUM"
651.73,"GRAVIDANZA MULTIPLA CON (ELETTIVA) RIDUZIONE FETALE, CONDIZIONE O COMPLICAZIONE ANTEPARTUM"
651.8,ALTRE GRAVIDANZE MULTIPLE ALTRIMENTI SPECIFICATE
651.80,"ALTRE GRAVIDANZE MULTIPLE ALTRIMENTI SPECIFICATE,RICOVERO NON SPECIFICATO"
651.81,"ALTRE GRAVIDANZE MULTIPLE ALTRIMENTI SPECIFICATE,PARTO CON O SENZA MENZIONE DELLA CONDIZIONE ANTEPARTUM"
651.83,"ALTRE GRAVIDANZE MULTIPLE ALTRIMENTI SPECIFICATE,CONDIZIONE O COMPLICAZIONE ANTEPARTUM"
651.9,GRAVIDANZA MULTIPLA NON SPECIFICATA
651.90,"GRAVIDANZA MULTIPLA NON SPECIFICATA,RICOVERO NON SPECIFICATO"
651.91,"GRAVIDANZA MULTIPLA NON SPECIFICATA,PARTO CON O SENZA MENZIONE DELLA CONDIZIONE ANTEPARTUM"
651.93,"GRAVIDANZA MULTIPLA NON SPECIFICATA,CONDIZIONE O COMPLICAZIONE ANTEPARTUM"
652,POSIZIONE E PRESENTAZIONE ANOMALE DEL FETO
652.0,POSIZIONE INSTABILE
652.00,"POSIZIONE INSTABILE,RICOVERO NON SPECIFICATO"
652.01,"POSIZIONE INSTABILE,PARTO CON O SENZA MENZIONE DELLA CONDIZIONE ANTEPARTUM"
652.03,"POSIZIONE INSTABILE,CONDIZIONE O COMPLICAZIONE ANTEPARTUM"
652.1,PRESENTAZIONE PODALICA O ALTRA PRESENTAZIONE ANOMALA TRASFORMATA CON SUCCESSO IN PRESENTAZIONE CEFALICA
652.10,"PRESENTAZIONE PODALICA O ALTRA PRESENTAZIONE ANOMALA TRASFORMATA CON SUCCESSO IN PRESENTAZIONE CEFALICA,RICOVERO NON SPECIFICATO"
652.11,"PRESENTAZIONE PODALICA O ALTRA PRESENTAZIONE ANOMALA TRASFORMATA CON SUCCESSO IN PRESENTAZIONE CEFALICA,PARTO CON O SENZA MENZIONE DELLA CONDIZIONE ANTEPARTUM"
652.13,"PRESENTAZIONE PODALICA O ALTRA PRESENTAZIONE ANOMALA TRASFORMATA CON SUCCESSO IN PRESENTAZIONE CEFALICA,CONDIZIONE O COMPLICAZIONE ANTEPARTUM"
652.2,PRESENTAZIONE PODALICA SENZA MENZIONE DI RIVOLGIMENTO
652.20,"PRESENTAZIONE PODALICA SENZA MENZIONE DI RIVOLGIMENTO,RICOVERO NON SPECIFICATO"
652.21,"PRESENTAZIONE PODALICA SENZA MENZIONE DI RIVOLGIMENTO,PARTO CON O SENZA MENZIONE DELLA CONDIZIONE ANTEPARTUM"
652.23,"PRESENTAZIONE PODALICA SENZA MENZIONE DI RIVOLGIMENTO,CONDIZIONE O COMPLICAZIONE ANTEPARTUM"
652.3,PRESENTAZIONE TRASVERSA O OBLIQUA
652.30,"PRESENTAZIONE TRASVERSA O OBLIQUA,RICOVERO NON SPECIFICATO"
652.31,"PRESENTAZIONE TRASVERSA O OBLIQUA,PARTO CON O SENZA MENZIONE DELLA CONDIZIONE ANTEPARTUM"
652.33,"PRESENTAZIONE TRASVERSA O OBLIQUA,CONDIZIONE O COMPLICAZIONE ANTEPARTUM"
652.4,PRESENTAZIONE DI FACCIA O DI BREGMA
652.40,"PRESENTAZIONE DI FACCIA O DI BREGMA,RICOVERO NON SPECIFICATO"
652.41,"PRESENTAZIONE DI FACCIA O DI BREGMA,PARTO CON O SENZA MENZIONE DELLA CONDIZIONE ANTEPARTUM"
652.43,"PRESENTAZIONE DI FACCIA O DI BREGMA,CONDIZIONE O COMPLICAZIONE ANTEPARTUM"
652.5,TESTA FETALE BALLOTTABILE A TERMINE
652.50,"TESTA FETALE BALLOTTABILE A TERMINE,RICOVERO NON SPECIFICATO"
652.51,"TESTA FETALE BALLOTTABILE A TERMINE,PARTO CON O SENZA MENZIONE DELLA CONDIZIONE ANTEPARTUM"
652.53,"TESTA FETALE BALLOTTABILE A TERMINE,CONDIZIONE O COMPLICAZIONE ANTEPARTUM"
652.6,GRAVIDANZA MULTIPLA CON PRESENTAZIONE ANOMALA DI UNO O PIY FETI
652.60,"GRAVIDANZA MULTIPLA CON PRESENTAZIONE ANOMALA DI UNO O PIY FETI,RICOVERO NON SPECIFICATO"
652.61,"GRAVIDANZA MULTIPLA CON PRESENTAZIONE ANOMALA DI UNO O PIY FETI,PARTO CON O SENZA MENZIONE DELLA CONDIZIONE ANTEPARTUM"
652.63,"GRAVIDANZA MULTIPLA CON PRESENTAZIONE ANOMALA DI UNO O PIY FETI,CONDIZIONE O COMPLICAZIONE ANTEPARTUM"
652.7,BRACCIO PROLASSATO
652.70,"BRACCIO PROLASSATO,RICOVERO NON SPECIFICATO"
652.71,"BRACCIO PROLASSATO,PARTO CON O SENZA MENZIONE DELLA CONDIZIONE ANTEPARTUM"
652.73,"BRACCIO PROLASSATO,CONDIZIONE O COMPLICAZIONE ANTEPARTUM"
652.8,ALTRA SPECIFICATA ANOMALIA DELLA POSIZIONE O PRESENTAZIONE
652.80,"ALTRA SPECIFICATA ANOMALIA DELLA POSIZIONE O PRESENTAZIONE,RICOVERO NON SPECIFICATO"
652.81,"ALTRA SPECIFICATA ANOMALIA DELLA POSIZIONE O PRESENTAZIONE,PARTO CON O SENZA MENZIONE DELLA CONDIZIONE ANTEPARTUM"
652.83,"ALTRA SPECIFICATA ANOMALIA DELLA POSIZIONE O PRESENTAZIONE,CONDIZIONE O COMPLICAZIONE ANTEPARTUM"
652.9,ANOMALIA DI POSIZIONE O DI PRESENTAZIONE NON SPECIFICATA
652.90,"ANOMALIA DI POSIZIONE O DI PRESENTAZIONE NON SPECIFICATA,RICOVERO NON SPECIFICATO"
652.91,"ANOMALIA DI POSIZIONE O DI PRESENTAZIONE NON SPECIFICATA,PARTO CON O SENZA MENZIONE DELLA CONDIZIONE ANTEPARTUM"
652.93,"ANOMALIA DI POSIZIONE O DI PRESENTAZIONE NON SPECIFICATA,CONDIZIONE O COMPLICAZIONE ANTEPARTUM"
653,SPROPORZIONE
653.0,"ANOMALIA NOTEVOLE DEL LA PELVI OSSEA, NON ULTERIORMENTE SPECIFICATA"
653.00,"ANOMALIA NOTEVOLE DELLA PELVI OSSEA,NON ULTERIORMENTE SPECIFICATA,RICOVERO NON SPECIFICATO"
653.01,"ANOMALIA NOTEVOLE DELLA PELVI OSSEA,NON ULTERIORMENTE SPECIFICATA,PARTO CON O SENZA MENZIONE DELLA CONDIZIONE ANTEPARTUM"
653.03,"ANOMALIA NOTEVOLE DELLA PELVI OSSEA,NON ULTERIORMENTE SPECIFICATA,CONDIZIONE O COMPLICAZIONE ANTEPARTUM"
653.1,PELVI GENERALMENTE CONTRATTA
653.10,"PELVI GENERALMENTE CONTRATTA ,RICOVERO NON SPECIFICATO"
653.11,"PELVI GENERALMENTE CONTRATTA ,PARTO CON O SENZA MENZIONE DELLA CONDIZIONE ANTEPARTUM"
653.13,"PELVI GENERALMENTE CONTRATTA ,CONDIZIONE O COMPLICAZIONE ANTEPARTUM"
653.2,CONTRAZIONE INTERNA DI PELVI
653.20,"CONTRAZIONE INTERNA DI PELVI,RICOVERO NON SPECIFICATO"
653.21,"CONTRAZIONE INTERNA DI PELVI,PARTO CON O SENZA MENZIONE DELLA CONDIZIONE ANTEPARTUM"
653.23,"CONTRAZIONE INTERNA DI PELVI,CONDIZIONE O COMPLICAZIONE ANTEPARTUM"
653.3,CONTRAZIONE ESTERNA DI PELVI
653.30,"CONTRAZIONE ESTERNA DI PELVI,RICOVERO NON SPECIFICATO"
653.31,"CONTRAZIONE ESTERNA DI PELVI,PARTO CON O SENZA MENZIONE DELLA CONDIZIONE ANTEPARTUM"
653.33,"CONTRAZIONE ESTERNA DI PELVI,CONDIZIONE O COMPLICAZIONE ANTEPARTUM"
653.4,SPROPORZIONE FETOPELVICA
653.40,"SPROPORZIONE FETOPELVICA,RICOVERO NON SPECIFICATO"
653.41,"SPROPORZIONE FETOPELVICA,PARTO CON O SENZA MENZIONE DELLA CONDIZIONE ANTEPARTUM"
653.43,"SPROPORZIONE FETOPELVICA,CONDIZIONE O COMPLICAZIONE ANTEPARTUM"
653.5,FETO INSOLITAMENTE GRANDE TALE DA CAUSARE SPROPORZIONE
653.50,"FETO INSOLITAMENTE GRANDE TALE DA CAUSARE SPROPORZIONE,RICOVERO NON SPECIFICATO"
653.51,"FETO INSOLITAMENTE GRANDE TALE DA CAUSARE SPROPORZIONE,PARTO CON O SENZA MENZIONE DELLA CONDIZIONE ANTEPARTUM"
653.53,"FETO INSOLITAMENTE GRANDE TALE DA CAUSARE SPROPORZIONE,CONDIZIONE O COMPLICAZIONE ANTEPARTUM"
653.6,SPROPORZIONE CAUSATA DA IDROCEFALIA FETALE
653.60,"SPROPORZIONE CAUSATA DA IDROCEFALIA FETALE,RICOVERO NON SPECIFICATO"
653.61,"SPROPORZIONE CAUSATA DA IDROCEFALIA FETALE,PARTO CON O SENZA MENZIONE DELLA CONDIZIONE ANTEPARTUM"
653.63,"SPROPORZIONE CAUSATA DA IDROCEFALIA FETALE,CONDIZIONE O COMPLICAZIONE ANTEPARTUM"
653.7,ALTRE ANOMALIE FETALI CHE CAUSANO SPROPORZIONE
653.70,"ALTRE ANOMALIE FETALI CHE CAUSANO SPROPORZIONE,RICOVERO NON SPECIFICATO"
653.71,"ALTRE ANOMALIE FETALI CHE CAUSANO SPROPORZIONE,PARTO CON O SENZA MENZIONE DELLA CONDIZIONE ANTEPARTUM"
653.73,"ALTRE ANOMALIE FETALI CHE CAUSANO SPROPORZIONE,CONDIZIONE O COMPLICAZIONE ANTEPARTUM"
653.8,SPROPORZIONE DI ALTRA ORIGINE
653.80,"SPROPORZIONE DI ALTRA ORIGINE,RICOVERO NON SPECIFICATO"
653.81,"SPROPORZIONE DI ALTRA ORIGINE,PARTO CON O SENZA MENZIONE DELLA CONDIZIONE ANTEPARTUM"
653.83,"SPROPORZIONE DI ALTRA ORIGINE,CONDIZIONE O COMPLICAZIONE ANTEPARTUM"
653.9,SPROPORZIONE NON SPECIFICATA
653.90,"SPROPORZIONE NON SPECIFICATA,RICOVERO NON SPECIFICATO"
653.91,"SPROPORZIONE NON SPECIFICATA,PARTO CON O SENZA MENZIONE DELLA CONDIZIONE ANTEPARTUM"
653.93,"SPROPORZIONE NON SPECIFICATA,CONDIZIONE O COMPLICAZIONE ANTEPARTUM"
654,ANOMALIE DEGLI ORGANI E DEI TESSUTI MOLLI DELLA PELVI
654.0,ANOMALIE CONGENITE DELL'UTERO
654.00,"ANOMALIE CONGENITE DELL'UTERO,RICOVERO NON SPECIFICATO"
654.01,"ANOMALIE CONGENITE DELL'UTERO,PARTO CON O SENZA MENZIONE DELLA CONDIZIONE ANTEPARTUM"
654.02,"ANOMALIE CONGENITE DELL'UTERO,PARTO CON MENZIONE DELLE COMPLICAZIONI POSTPARTUM"
654.03,"ANOMALIE CONGENITE DELL'UTERO,CONDIZIONE O COMPLICAZIONE ANTEPARTUM"
654.04,"ANOMALIE CONGENITE DELL'UTERO,CONDIZIONE O COMPLICAZIONE POSTPARTUM"
654.1,TUMORI DEL CORPO DELL'UTERO
654.10,"TUMORI DEL CORPO DELL'UTERO,RICOVERO NON SPECIFICATO"
654.11,"TUMORI DEL CORPO DELL'UTERO,PARTO CON O SENZA MENZIONE DELLA CONDIZIONE ANTEPARTUM"
654.12,"TUMORI DEL CORPO DELL'UTERO,PARTO CON MENZIONE DELLE COMPLICAZIONI POSTPARTUM"
654.13,"TUMORI DEL CORPO DELL'UTERO,CONDIZIONE O COMPLICAZIONE ANTEPARTUM"
654.14,"TUMORI DEL CORPO DELL'UTERO,CONDIZIONE O COMPLICAZIONE POSTPARTUM"
654.2,"PREGRESSO PARTO CESAREO COMPLICANTE LA GRAVIDANZA, IL PARTO E IL PUERPERIO"
654.20,"PREGRESSO PARTO CESAREO COMPLICANTE LA GRAVIDANZA,IL PARTO E IL PUERPERIO,RICOVERO NON SPECIFICATO"
654.21,"PREGRESSO PARTO CESAREO COMPLICANTE LA GRAVIDANZA,IL PARTO E IL PUERPERIO,PARTO CON O SENZA MENZIONE DELLA CONDIZIONE ANTEPARTUM"
654.23,"PREGRESSO PARTO CESAREO COMPLICANTE LA GRAVIDANZA,IL PARTO E IL PUERPERIO,CONDIZIONE O COMPLICAZIONE ANTEPARTUM"
654.3,UTERO GRAVIDO INVERTITO E INCARCERATO
654.30,"UTERO GRAVIDO INVERTITO E INCARCERATO,RICOVERO NON SPECIFICATO"
654.31,"UTERO GRAVIDO INVERTITO E INCARCERATO,PARTO CON O SENZA MENZIONE DELLA CONDIZIONE ANTEPARTUM"
654.32,"UTERO GRAVIDO INVERTITO E INCARCERATO,PARTO CON MENZIONE DELLE COMPLICAZIONI POSTPARTUM"
654.33,"UTERO GRAVIDO INVERTITO E INCARCERATO,CONDIZIONE O COMPLICAZIONE ANTEPARTUM"
654.34,"UTERO GRAVIDO INVERTITO E INCARCERATO,CONDIZIONE O COMPLICAZIONE POSTPARTUM"
654.4,ALTRE ANOMALIE DI FORMA O DI POSIZIONE DELL'UTERO GRAVIDO E DELLE STRUTTURE VICINE
654.40,"ALTRE ANOMALIE DI FORMA O DI POSIZIONE DELL'UTERO GRAVIDO E DELLE STRUTTURE VICINE,RICOVERO NON SPECIFICATO"
654.41,"ALTRE ANOMALIE DI FORMA O DI POSIZIONE DELL'UTERO GRAVIDO E DELLE STRUTTURE VICINE,PARTO CON O SENZA MENZIONE DELLA CONDIZIONE ANTEPARTUM"
654.42,"ALTRE ANOMALIE DI FORMA O DI POSIZIONE DELL'UTERO GRAVIDO E DELLE STRUTTURE VICINE,PARTO CON MENZIONE DELLE COMPLICAZIONI POSTPARTUM"
654.43,"ALTRE ANOMALIE DI FORMA O DI POSIZIONE DELL'UTERO GRAVIDO E DELLE STRUTTURE VICINE,CONDIZIONE O COMPLICAZIONE ANTEPARTUM"
654.44,"ALTRE ANOMALIE DI FORMA O DI POSIZIONE DELL'UTERO GRAVIDO E DELLE STRUTTURE VICINE,CONDIZIONE O COMPLICAZIONE POSTPARTUM"
654.5,INCONTINENZA CERVICALE
654.50,"INCONTINENZA CERVICALE,RICOVERO NON SPECIFICATO"
654.51,"INCONTINENZA CERVICALE,PARTO CON O SENZA MENZIONE DELLA CONDIZIONE ANTEPARTUM"
654.52,"INCONTINENZA CERVICALE,PARTO CON MENZIONE DELLE COMPLICAZIONI POSTPARTUM"
654.53,"INCONTINENZA CERVICALE,CONDIZIONE O COMPLICAZIONE ANTEPARTUM"
654.54,"INCONTINENZA CERVICALE,CONDIZIONE O COMPLICAZIONE POSTPARTUM"
654.6,ALTRE ANOMALIE CERVICALI CONGENITE O ACQUISITE
654.60,"ALTRE ANOMALIE CERVICALI CONGENITE O ACQUISITE,RICOVERO NON SPECIFICATO"
654.61,"ALTRE ANOMALIE CERVICALI CONGENITE O ACQUISITE,PARTO CON O SENZA MENZIONE DELLA CONDIZIONE ANTEPARTUM"
654.62,"ALTRE ANOMALIE CERVICALI CONGENITE O ACQUISITE,PARTO CON MENZIONE DELLE COMPLICAZIONI POSTPARTUM"
654.63,"ALTRE ANOMALIE CERVICALI CONGENITE O ACQUISITE,CONDIZIONE O COMPLICAZIONE ANTEPARTUM"
654.64,"ALTRE ANOMALIE CERVICALI CONGENITE O ACQUISITE,CONDIZIONE O COMPLICAZIONE POSTPARTUM"
654.7,ANOMALIE CONGENITE O ACQUISITE DELLA VAGINA
654.70,"ANOMALIE CONGENITE O ACQUISITE DELLA VAGINA,RICOVERO NON SPECIFICATO"
654.71,"ANOMALIE CONGENITE O ACQUISITE DELLA VAGINA,PARTO CON O SENZA MENZIONE DELLA CONDIZIONE ANTEPARTUM"
654.72,"ANOMALIE CONGENITE O ACQUISITE DELLA VAGINA,PARTO CON MENZIONE DELLE COMPLICAZIONI POSTPARTUM"
654.73,"ANOMALIE CONGENITE O ACQUISITE DELLA VAGINA,CONDIZIONE O COMPLICAZIONE ANTEPARTUM"
654.74,"ANOMALIE CONGENITE O ACQUISITE DELLA VAGINA,CONDIZIONE O COMPLICAZIONE POSTPARTUM"
654.8,ANOMALIE CONGENITE O ACQUISITE DELLA VULVA
654.80,"ANOMALIE CONGENITE O ACQUISITE DELLA VULVA ,RICOVERO NON SPECIFICATO"
654.81,"ANOMALIE CONGENITE O ACQUISITE DELLA VULVA ,PARTO CON O SENZA MENZIONE DELLA CONDIZIONE ANTEPARTUM"
654.82,"ANOMALIE CONGENITE O ACQUISITE DELLA VULVA ,PARTO CON MENZIONE DELLE COMPLICAZIONI POSTPARTUM"
654.83,"ANOMALIE CONGENITE O ACQUISITE DELLA VULVA ,CONDIZIONE O COMPLICAZIONE ANTEPARTUM"
654.84,"ANOMALIE CONGENITE O ACQUISITE DELLA VULVA ,CONDIZIONE O COMPLICAZIONE POSTPARTUM"
654.9,ALTRE E NON SPECIFICATE
654.90,"ALTRE E NON SPECIFICATE,RICOVERO NON SPECIFICATO"
654.91,"ALTRE E NON SPECIFICATE,PARTO CON O SENZA MENZIONE DELLA CONDIZIONE ANTEPARTUM"
654.92,"ALTRE E NON SPECIFICATE,PARTO CON MENZIONE DELLE COMPLICAZIONI POSTPARTUM"
654.93,"ALTRE E NON SPECIFICATE,CONDIZIONE O COMPLICAZIONE ANTEPARTUM"
654.94,"ALTRE E NON SPECIFICATE,CONDIZIONE O COMPLICAZIONE POSTPARTUM"
655,"ANOMALIA FETALE, CONOSCIUTA O SOSPETTA CHE INFLUENZA IL TRATTAMENTO DELLA MADRE"
655.0,MALFORMAZIONE DEL SISTEMA NERVOSO CENTRALE DEL FETO
655.00,"MALFORMAZIONE DEL SISTEMA NERVOSO CENTRALE DEL FETO,RICOVERO NON SPECIFICATO"
655.01,"MALFORMAZIONE DEL SISTEMA NERVOSO CENTRALE DEL FETO,PARTO CON O SENZA MENZIONE DELLA CONDIZIONE ANTEPARTUM"
655.03,"MALFORMAZIONE DEL SISTEMA NERVOSO CENTRALE DEL FETO,CONDIZIONE O COMPLICAZIONE ANTEPARTUM"
655.1,ANOMALIA CROMOSOMICA DEL FETO
655.10,"ANOMALIA CROMOSOMICA DEL FETO,RICOVERO NON SPECIFICATO"
655.11,"ANOMALIA CROMOSOMICA DEL FETO,PARTO CON O SENZA MENZIONE DELLA CONDIZIONE ANTEPARTUM"
655.13,"ANOMALIA CROMOSOMICA DEL FETO,CONDIZIONE O COMPLICAZIONE ANTEPARTUM"
655.2,MALATTIA EREDITARIA FAMILIARE CHE PUR COLPIRE IL FETO
655.20,"MALATTIA EREDITARIA FAMILIARE CHE PUR COLPIRE IL FETO,RICOVERO NON SPECIFICATO"
655.21,"MALATTIA EREDITARIA FAMILIARE CHE PUR COLPIRE IL FETO,PARTO CON O SENZA MENZIONE DELLA CONDIZIONE ANTEPARTUM"
655.23,"MALATTIA EREDITARIA FAMILIARE CHE PUR COLPIRE IL FETO,CONDIZIONE O COMPLICAZIONE ANTEPARTUM"
655.3,SOSPETTA LESIONE DEL FETO DA MALATTIA VIRALE DELLA MADRE
655.30,"SOSPETTA LESIONE DEL FETO DA MALATTIA VIRALE DELLA MADRE,RICOVERO NON SPECIFICATO"
655.31,"SOSPETTA LESIONE DEL FETO DA MALATTIA VIRALE DELLA MADRE,PARTO CON O SENZA MENZIONE DELLA CONDIZIONE ANTEPARTUM"
655.33,"SOSPETTA LESIONE DEL FETO DA MALATTIA VIRALE DELLA MADRE,CONDIZIONE O COMPLICAZIONE ANTEPARTUM"
655.4,SOSPETTA LESIONE DEL FETO DA ALTRE MALATTIE DELLA MADRE
655.40,"SOSPETTA LESIONE DEL FETO DA ALTRE MALATTIE DELLA MADRE,RICOVERO NON SPECIFICATO"
655.41,"SOSPETTA LESIONE DEL FETO DA ALTRE MALATTIE DELLA MADRE,PARTO CON O SENZA MENZIONE DELLA CONDIZIONE ANTEPARTUM"
655.43,"SOSPETTA LESIONE DEL FETO DA ALTRE MALATTIE DELLA MADRE,CONDIZIONE O COMPLICAZIONE ANTEPARTUM"
655.5,SOSPETTA LESIONE DEL FETO DA FARMACI
655.50,"SOSPETTA LESIONE DEL FETO DA FARMACI,RICOVERO NON SPECIFICATO"
655.51,"SOSPETTA LESIONE DEL FETO DA FARMACI,PARTO CON O SENZA MENZIONE DELLA CONDIZIONE ANTEPARTUM"
655.53,"SOSPETTA LESIONE DEL FETO DA FARMACI,CONDIZIONE O COMPLICAZIONE ANTEPARTUM"
655.6,SOSPETTA LESIONE DEL FETO DA RADIAZIONI
655.60,"SOSPETTA LESIONE DEL FETO DA RADIAZIONI,RICOVERO NON SPECIFICATO"
655.61,"SOSPETTA LESIONE DEL FETO DA RADIAZIONI,PARTO CON O SENZA MENZIONE DELLA CONDIZIONE ANTEPARTUM"
655.63,"SOSPETTA LESIONE DEL FETO DA RADIAZIONI,CONDIZIONE O COMPLICAZIONE ANTEPARTUM"
655.7,DIMINUZIONE DEI MOVIMENTI FETALI
655.70,"DIMINUZIONE DEI MOVIMENTI FETALI,RICOVERO NON SPECIFICATO"
655.71,"DIMINUZIONE DEI MOVIMENTI FETALI,PARTO CON O SENZA MENZIONE DELLA CONDIZIONE ANTEPARTUM"
655.73,"DIMINUZIONE DEI MOVIMENTI FETALI,CONDIZIONE O COMPLICAZIONE ANTEPARTUM"
655.8,"ALTRE ANOMALIE DEL FETO, CONOSCIUTE O SOSPETTE, NON CLASSIFICATE ALTROVE"
655.80,"ALTRE ANOMALIE DEL FETO,CONOSCIUTE O SOSPETTE,NON CLASSIFICATE ALTROVE,RICOVERO NON SPECIFICATO"
655.81,"ALTRE ANOMALIE DEL FETO,CONOSCIUTE O SOSPETTE,NON CLASSIFICATE ALTROVE,PARTO CON O SENZA MENZIONE DELLA CONDIZIONE ANTEPARTUM"
655.83,"ALTRE ANOMALIE DEL FETO,CONOSCIUTE O SOSPETTE,NON CLASSIFICATE ALTROVE,CONDIZIONE O COMPLICAZIONE ANTEPARTUM"
655.9,"ANOMALIA FETALE, CONOSCIUTA O SOSPETTA CHE INFLUENZA IL TRATTAMENTO DELLA MADRE, NON SPECIFICATA"
655.90,"ANOMALIA FETALE NON SPECIFICATA,RICOVERO NON SPECIFICATO"
655.91,"ANOMALIA FETALE NON SPECIFICATA,PARTO CON O SENZA MENZIONE DELLA CONDIZIONE ANTEPARTUM"
655.93,"ANOMALIA FETALE NON SPECIFICATA,CONDIZIONE O COMPLICAZIONE ANTEPARTUM"
656,ALTRI PROBLEMI FETALI E PLACENTARI CHE INTERFERISCONO CON IL TRATTAMENTO DELLA MADRE
656.0,EMORRAGIA FETO-MATERNA
656.00,"EMORRAGIA FETO-MATERNA,RICOVERO NON SPECIFICATO"
656.01,"EMORRAGIA FETO-MATERNA,PARTO CON O SENZA MENZIONE DELLA CONDIZIONE ANTEPARTUM"
656.03,"EMORRAGIA FETO-MATERNA,CONDIZIONE O COMPLICAZIONE ANTEPARTUM"
656.1,ISOIMMUNIZZAZIONE RH
656.10,"ISOIMMUNIZZAZIONE RH,RICOVERO NON SPECIFICATO"
656.11,"ISOIMMUNIZZAZIONE RH,PARTO CON O SENZA MENZIONE DELLA CONDIZIONE ANTEPARTUM"
656.13,"ISOIMMUNIZZAZIONE RH,CONDIZIONE O COMPLICAZIONE ANTEPARTUM"
656.2,"ISOIMMUNIZZAZIONE DA ALTRO GRUPPO E INCOMPATIBILIT@ DI GRUPPO SANGUIGNO, NON SPECIFICATO"
656.20,"ISOIMMUNIZZAZIONE DA ALTRO GRUPPO E INCOMPATIBILIT@ DI GRUPPO SANGUIGNO,NON SPECIFICATO,RICOVERO NON SPECIFICATO"
656.21,"ISOIMMUNIZZAZIONE DA ALTRO GRUPPO E INCOMPATIBILIT@ DI GRUPPO SANGUIGNO,NON SPECIFICATO,PARTO CON O SENZA MENZIONE DELLA CONDIZIONE ANTEPARTUM"
656.23,"ISOIMMUNIZZAZIONE DA ALTRO GRUPPO E INCOMPATIBILIT@ DI GRUPPO SANGUIGNO,NON SPECIFICATO,CONDIZIONE O COMPLICAZIONE ANTEPARTUM"
656.3,SOFFERENZA FETALE
656.30,"SOFFERENZA FETALE,RICOVERO NON SPECIFICATO"
656.31,"SOFFERENZA FETALE,PARTO CON O SENZA MENZIONE DELLA CONDIZIONE ANTEPARTUM"
656.33,"SOFFERENZA FETALE,CONDIZIONE O COMPLICAZIONE ANTEPARTUM"
656.4,MORTE INTRAUTERINA
656.40,"MORTE INTRAUTERINA,RICOVERO NON SPECIFICATO"
656.41,"MORTE INTRAUTERINA,PARTO CON O SENZA MENZIONE DELLA CONDIZIONE ANTEPARTUM"
656.43,"MORTE INTRAUTERINA,CONDIZIONE O COMPLICAZIONE ANTEPARTUM"
656.5,SVILUPPO FETALE INSUFFICIENTE
656.50,"SVILUPPO FETALE INSUFFICIENTE,RICOVERO NON SPECIFICATO"
656.51,"SVILUPPO FETALE INSUFFICIENTE,PARTO CON O SENZA MENZIONE DELLA CONDIZIONE ANTEPARTUM"
656.53,"SVILUPPO FETALE INSUFFICIENTE,CONDIZIONE O COMPLICAZIONE ANTEPARTUM"
656.6,SVILUPPO FETALE ECCESSIVO
656.60,"SVILUPPO FETALE ECCESSIVO,RICOVERO NON SPECIFICATO"
656.61,"SVILUPPO FETALE ECCESSIVO,PARTO CON O SENZA MENZIONE DELLA CONDIZIONE ANTEPARTUM"
656.63,"SVILUPPO FETALE ECCESSIVO,CONDIZIONE O COMPLICAZIONE ANTEPARTUM"
656.7,ALTRE CONDIZIONI DELLA PLACENTA
656.70,"ALTRE MANIFESTAZIONI DELLA PLACENTA,RICOVERO NON SPECIFICATO"
656.71,"ALTRE MANIFESTAZIONI DELLA PLACENTA,PARTO CON O SENZA MENZIONE DELLA CONDIZIONE ANTEPARTUM"
656.73,"ALTRE MANIFESTAZIONI DELLA PLACENTA,CONDIZIONE O COMPLICAZIONE ANTEPARTUM"
656.8,ALTRI PROBLEMI SPECIFICI FETALI E PLACENTARI
656.80,"ALTRI PROBLEMI SPECIFICI FETALI E PLACENTARI,RICOVERO NON SPECIFICATO"
656.81,"ALTRI PROBLEMI SPECIFICI FETALI E PLACENTARI,PARTO CON O SENZA MENZIONE DELLA CONDIZIONE ANTEPARTUM"
656.83,"ALTRI PROBLEMI SPECIFICI FETALI E PLACENTARI,CONDIZIONE O COMPLICAZIONE ANTEPARTUM"
656.9,PROBLEMA FETALE E PLACENTARE NON SPECIFICATO
656.90,"PROBLEMA FETALE E PLACENTARE NON SPECIFICATO,RICOVERO NON SPECIFICATO"
656.91,"PROBLEMA FETALE E PLACENTARE NON SPECIFICATO,PARTO CON O SENZA MENZIONE DELLA CONDIZIONE ANTEPARTUM"
656.93,"PROBLEMA FETALE E PLACENTARE NON SPECIFICATO,CONDIZIONE O COMPLICAZIONE ANTEPARTUM"
657,POLIDRAMNIOS
657.0,POLIDRAMNIOS
657.00,"POLIDRAMNIOS,RICOVERO NON SPECIFICATO"
657.01,"POLIDRAMNIOS,PARTO CON O SENZA MENZIONE DELLA CONDIZIONE ANTEPARTUM"
657.03,"POLIDRAMNIOS,CONDIZIONE O COMPLICAZIONE ANTEPARTUM"
658,ALTRI PROBLEMI COLLEGATI ALLA CAVIT@ AMNIOTICA E ALLE MEMBRANE
658.0,OLIGOIDRAMNIOS
658.00,"OLIGOIDRAMNIOS,RICOVERO NON SPECIFICATO"
658.01,"OLIGOIDRAMNIOS,PARTO CON O SENZA MENZIONE DELLA CONDIZIONE ANTEPARTUM"
658.03,"OLIGOIDRAMNIOS,CONDIZIONE O COMPLICAZIONE ANTEPARTUM"
658.1,ROTTURA PREMATURA DELLE MEMBRANE
658.10,"ROTTURA PREMATURA DELLE MEMBRANE,RICOVERO NON SPECIFICATO"
658.11,"ROTTURA PREMATURA DELLE MEMBRANE,PARTO CON O SENZA MENZIONE DELLA CONDIZIONE ANTEPARTUM"
658.13,"ROTTURA PREMATURA DELLE MEMBRANE,CONDIZIONE O COMPLICAZIONE ANTEPARTUM"
658.2,PARTO RITARDATO DOPO ROTTURA SPONTANEA O NON SPECIFICATA DELLE MEMBRANE
658.20,"PARTO RITARDATO DOPO ROTTURA SPONTANEA O NON SPECIFICATA DELLE MEMBRANE,RICOVERO NON SPECIFICATO"
658.21,"PARTO RITARDATO DOPO ROTTURA SPONTANEA O NON SPECIFICATA DELLE MEMBRANE,PARTO CON O SENZA MENZIONE DELLA CONDIZIONE ANTEPARTUM"
658.23,"PARTO RITARDATO DOPO ROTTURA SPONTANEA O NON SPECIFICATA DELLE MEMBRANE,CONDIZIONE O COMPLICAZIONE ANTEPARTUM"
658.3,PARTO RITARDATO DOPO ROTTURA ARTIFICIALE DELLE MEMBRANE
658.30,"PARTO RITARDATO DOPO ROTTURA ARTIFICIALE DELLE MEMBRANE,RICOVERO NON SPECIFICATO"
658.31,"PARTO RITARDATO DOPO ROTTURA ARTIFICIALE DELLE MEMBRANE,PARTO CON O SENZA MENZIONE DELLA CONDIZIONE ANTEPARTUM"
658.33,"PARTO RITARDATO DOPO ROTTURA ARTIFICIALE DELLE MEMBRANE,CONDIZIONE O COMPLICAZIONE ANTEPARTUM"
658.4,INFEZIONE DELLA CAVIT@ AMNIOTICA
658.40,"INFEZIONE DELLA CAVIT@ AMNIOTICA,RICOVERO NON SPECIFICATO"
658.41,"INFEZIONE DELLA CAVIT@ AMNIOTICA,PARTO CON O SENZA MENZIONE DELLA CONDIZIONE ANTEPARTUM"
658.43,"INFEZIONE DELLA CAVIT@ AMNIOTICA,CONDIZIONE O COMPLICAZIONE ANTEPARTUM"
658.8,ALTRO
658.80,"ALTRI PROBLEMI COLLEGATI ALLA CAVIT@ AMNIOTICA E ALLE MEMBRANE,RICOVERO NON SPECIFICATO"
658.81,"ALTRI PROBLEMI COLLEGATI ALLA CAVIT@ AMNIOTICA E ALLE MEMBRANE,PARTO CON O SENZA MENZIONE DELLA CONDIZIONE ANTEPARTUM"
658.83,"ALTRI PROBLEMI COLLEGATI ALLA CAVIT@ AMNIOTICA E ALLE MEMBRANE,CONDIZIONE O COMPLICAZIONE ANTEPARTUM"
658.9,PROBLEMA NON SPECIFICATO
658.90,"ALTRI PROBLEMI NON SPECIFICATI COLLEGATI ALLA CAVIT@ AMNIOTICA E ALLE MEMBRANE,RICOVERO NON SPECIFICATO"
658.91,"ALTRI PROBLEMI NON SPECIFICATI COLLEGATI ALLA CAVIT@ AMNIOTICA E ALLE MEMBRANE CIFICATO,PARTO CON O SENZA MENZIONE DELLA CONDIZIONE ANTEPARTUM"
658.93,"ALTRI PROBLEMI NON SPECIFICATI COLLEGATI ALLA CAVIT@ AMNIOTICA E ALLE MEMBRANE,CONDIZIONE O COMPLICAZIONE ANTEPARTUM"
659,"ALTRE INDICAZIONI PER L'ASSISTENZA O L'INTERVENTO RELATIVE AL TRAVAGLIO E AL PARTO, NON CLASSIFICATE ALTROVE"
659.0,MANCATA INDUZIONE MECCANICA
659.00,"MANCATA INDUZIONE MECCANICA,RICOVERO NON SPECIFICATO"
659.01,"MANCATA INDUZIONE MECCANICA,PARTO CON O SENZA MENZIONE DELLA CONDIZIONE ANTEPARTUM"
659.03,"MANCATA INDUZIONE MECCANICA,CONDIZIONE O COMPLICAZIONE ANTEPARTUM"
659.1,MANCATA INDUZIONE MEDICA O NON SPECIFICATA
659.10,"MANCATA INDUZIONE MEDICA O NON SPECIFICATA,RICOVERO NON SPECIFICATO"
659.11,"MANCATA INDUZIONE MEDICA O NON SPECIFICATA,PARTO CON O SENZA MENZIONE DELLA CONDIZIONE ANTEPARTUM"
659.13,"MANCATA INDUZIONE MEDICA O NON SPECIFICATA,CONDIZIONE O COMPLICAZIONE ANTEPARTUM"
659.2,FEBBRE MATERNA NON SPECIFICATA DURANTE IL TRAVAGLIO
659.20,"FEBBRE MATERNA NON SPECIFICATA DURANTE IL TRAVAGLIO,RICOVERO NON SPECIFICATO"
659.21,"FEBBRE MATERNA NON SPECIFICATA DURANTE IL TRAVAGLIO,PARTO CON O SENZA MENZIONE DELLA CONDIZIONE ANTEPARTUM"
659.23,"FEBBRE MATERNA NON SPECIFICATA DURANTE IL TRAVAGLIO,CONDIZIONE O COMPLICAZIONE ANTEPARTUM"
659.3,INFEZIONE GENERALIZZATA DURANTE IL TRAVAGLIO
659.30,"INFEZIONE GENERALIZZATA DURANTE IL TRAVAGLIO,RICOVERO NON SPECIFICATO"
659.31,"INFEZIONE GENERALIZZATA DURANTE IL TRAVAGLIO,PARTO CON O SENZA MENZIONE DELLA CONDIZIONE ANTEPARTUM"
659.33,"INFEZIONE GENERALIZZATA DURANTE IL TRAVAGLIO,CONDIZIONE O COMPLICAZIONE ANTEPARTUM"
659.4,GRANDE MULTIPARIT@
659.40,"GRANDE MULTIPARIT@ ,RICOVERO NON SPECIFICATO"
659.41,"GRANDE MULTIPARIT@ ,PARTO CON O SENZA MENZIONE DELLA CONDIZIONE ANTEPARTUM"
659.43,"GRANDE MULTIPARIT@ ,CONDIZIONE O COMPLICAZIONE ANTEPARTUM"
659.5,PRIMIPARA ATTEMPATA
659.50,"PRIMIPARA ATTEMPATA,RICOVERO NON SPECIFICATO"
659.51,"PRIMIPARA ATTEMPATA,PARTO CON O SENZA MENZIONE DELLA CONDIZIONE ANTEPARTUM"
659.53,"PRIMIPARA ATTEMPATA,CONDIZIONE O COMPLICAZIONE ANTEPARTUM"
659.6,MULTIGRAVIDA IN ET@ MATERNA AVANZATA
659.60,"MULTIGRAVIDA IN ET@ MATERNA AVANZATA,RICOVERO NON SPECIFICATO"
659.61,"MULTIGRAVIDA IN ET@ MATERNA AVANZATA,PARTO CON O SENZA MENZIONE DELLA CONDIZIONE ANTEPARTUM"
659.63,"MULTIGRAVIDA IN ET@ MATERNA AVANZATA,CONDIZIONE O COMPLICAZIONE ANTEPARTUM"
659.7,ANOMALIE DEL BATTITO O DELLA FREQUENZA CARDIACA DEL FETO
659.70,"ANOMALIE DEL BATTITO O DELLA FREQUENZA CARDIACA DEL FETO,RICOVERO NON SPECIFICATO"
659.71,"ANOMALIE DEL BATTITO O DELLA FREQUENZA CARDIACA DEL FETO,PARTO CON O SENZA MENZIONE DELLA CONDIZIONE ANTEPARTUM"
659.73,"ANOMALIE DEL BATTITO O DELLA FREQUENZA CARDIACA DEL FETO,CONDIZIONE O COMPLICAZIONE ANTEPARTUM"
659.8,ALTRE SPECIFICHE INDICAZIONI PER L'ASSISTENZA O L'INTERVENTO RELATIVE AL TRAVAGLIO E AL PARTO
659.80,"ALTRE SPECIFICHE INDICAZIONI PER L'ASSISTENZA O L'INTERVENTO RELATIVE AL TRAVAGLIO E AL PARTO,RICOVERO NON SPECIFICATO"
659.81,"ALTRE SPECIFICHE INDICAZIONI PER L'ASSISTENZA O L'INTERVENTO RELATIVE AL TRAVAGLIO E AL PARTO,PARTO CON O SENZA MENZIONE DELLA CONDIZIONE ANTEPARTUM"
659.83,"ALTRE SPECIFICHE INDICAZIONI PER L'ASSISTENZA O L'INTERVENTO RELATIVE AL TRAVAGLIO E AL PARTO,CONDIZIONE O COMPLICAZIONE ANTEPARTUM"
659.9,INDICAZIONE NON SPECIFICATA PER L'ASSISTENZA O L'INTERVENTO RELATIVE AL TRAVAGLIO E AL PARTO
659.90,"INDICAZIONE NON SPECIFICATA PER L'ASSISTENZA O L'INTERVENTO RELATIVE AL TRAVAGLIO E AL PARTO,RICOVERO NON SPECIFICATO"
659.91,"INDICAZIONE NON SPECIFICATA PER L'ASSISTENZA O L'INTERVENTO RELATIVE AL TRAVAGLIO E AL PARTO,PARTO CON O SENZA MENZIONE DELLA CONDIZIONE ANTEPARTUM"
659.93,"INDICAZIONE NON SPECIFICATA PER L'ASSISTENZA O L'INTERVENTO RELATIVE AL TRAVAGLIO E AL PARTO,CONDIZIONE O COMPLICAZIONE ANTEPARTUM"
660,TRAVAGLIO OSTACOLATO
660.0,OSTACOLO CAUSATO DA POSIZIONE ANOMALA DEL FETO ALL'INIZIO DEL TRAVAGLIO
660.00,"OSTACOLO CAUSATO DA POSIZIONE ANOMALA DEL FETO ALL'INIZIO DEL TRAVAGLIO,EPISODIO DI CURA NON SPECIFICATO"
660.01,"OSTACOLO CAUSATO DA POSIZIONE ANOMALA DEL FETO ALL'INIZIO DEL TRAVAGLIO,PARTO CON O SENZA MENZIONE DELLE MANIFESTAZIONI ANTEPARTUM"
660.03,"OSTACOLO CAUSATO DA POSIZIONE ANOMALA DEL FETO ALL'INIZIO DEL TRAVAGLIO,CONDIZIONE O COMPLICAZIONE ANTEPARTUM"
660.1,OSTACOLO CAUSATO DAL BACINO OSSEO DURANTE IL TRAVAGLIO
660.10,"OSTACOLO CAUSATO DAL BACINO OSSEO DURANTE IL TRAVAGLIO,EPISODIO DI CURA NON SPECIFICATO"
660.11,"OSTACOLO CAUSATO DAL BACINO OSSEO DURANTE IL TRAVAGLIO,PARTO CON O SENZA MENZIONE DELLE MANIFESTAZIONI ANTEPARTUM"
660.13,"OSTACOLO CAUSATO DAL BACINO OSSEO DURANTE IL TRAVAGLIO,CONDIZIONE O COMPLICAZIONE ANTEPARTUM"
660.2,OSTACOLO CAUSATO DA ANOMALIE DEI TESSUTI MOLLI DEL BACINO
660.20,"OSTACOLO CAUSATO DA ANOMALIE DEI TESSUTI MOLLI DEL BACINO,EPISODIO DI CURA NON SPECIFICATO"
660.21,"OSTACOLO CAUSATO DA ANOMALIE DEI TESSUTI MOLLI DEL BACINO,PARTO CON O SENZA MENZIONE DELLE MANIFESTAZIONI ANTEPARTUM"
660.23,"OSTACOLO CAUSATO DA ANOMALIE DEI TESSUTI MOLLI DEL BACINO,CONDIZIONE O COMPLICAZIONE ANTEPARTUM"
660.3,ARRESTO PROFONDO IN POSIZIONE TRASVERSA E POSIZIONE OCCIPITOPOSTERIORE PERSISTENTE DURANTE IL TRAVAGLIO E IL PARTO
660.30,"ARRESTO PROFONDO IN POSIZIONE TRASVERSA E POSIZIONE OCCIPITOPOSTERIORE PERSISTENTE DURANTE IL TRAVAGLIO E IL PARTO,EPISODIO DI CURA NON SPECIFICATO"
660.31,"ARRESTO PROFONDO IN POSIZIONE TRASVERSA E POSIZIONE OCCIPITOPOSTERIORE PERSISTENTE DURANTE IL TRAVAGLIO E IL PARTO,PARTO CON O SENZA MENZIONE DELLE MANIFESTAZIONI ANTEPARTUM"
660.33,"ARRESTO PROFONDO IN POSIZIONE TRASVERSA E POSIZIONE OCCIPITOPOSTERIORE PERSISTENTE DURANTE IL TRAVAGLIO E IL PARTO,CONDIZIONE O COMPLICAZIONE ANTEPARTUM"
660.4,DISTOCIA DI SPALLA DURANTE IL TRAVAGLIO E IL PARTO
660.40,"DISTOCIA DI SPALLA DURANTE IL TRAVAGLIO E IL PARTO,EPISODIO DI CURA NON SPECIFICATO"
660.41,"DISTOCIA DI SPALLA DURANTE IL TRAVAGLIO E IL PARTO,PARTO CON O SENZA MENZIONE DELLE MANIFESTAZIONI ANTEPARTUM"
660.43,"DISTOCIA DI SPALLA DURANTE IL TRAVAGLIO E IL PARTO,CONDIZIONE O COMPLICAZIONE ANTEPARTUM"
660.5,DISTOCIA GEMELLARE
660.50,"DISTOCIA GEMELLARE,EPISODIO DI CURA NON SPECIFICATO"
660.51,"DISTOCIA GEMELLARE,PARTO CON O SENZA MENZIONE DELLE MANIFESTAZIONI ANTEPARTUM"
660.53,"DISTOCIA GEMELLARE,CONDIZIONE O COMPLICAZIONE ANTEPARTUM"
660.6,"MANCATO TENTATIVO DI TRAVAGLIO, NON SPECIFICATO"
660.60,"MANCATO TENTATIVO DI TRAVAGLIO,NON SPECIFICATO,EPISODIO DI CURA NON SPECIFICATO"
660.61,"MANCATO TENTATIVO DI TRAVAGLIO,NON SPECIFICATO,PARTO CON O SENZA MENZIONE DELLE MANIFESTAZIONI ANTEPARTUM"
660.63,"MANCATO TENTATIVO DI TRAVAGLIO,NON SPECIFICATO,CONDIZIONE O COMPLICAZIONE ANTEPARTUM"
660.7,"APPLICAZIONE FALLITA DI FORCIPE O DI VENTOSA, NON SPECIFICATA"
660.70,"APPLICAZIONE FALLITA DI FORCIPE O DI VENTOSA,NON SPECIFICATA,EPISODIO DI CURA NON SPECIFICATO"
660.71,"APPLICAZIONE FALLITA DI FORCIPE O DI VENTOSA,NON SPECIFICATA,PARTO CON O SENZA MENZIONE DELLE MANIFESTAZIONI ANTEPARTUM"
660.73,"APPLICAZIONE FALLITA DI FORCIPE O DI VENTOSA,NON SPECIFICATA,CONDIZIONE O COMPLICAZIONE ANTEPARTUM"
660.8,ALTRE CAUSE DI TRAVAGLIO OSTACOLATO
660.80,"ALTRE CAUSE DI TRAVAGLIO OSTACOLATO,EPISODIO DI CURA NON SPECIFICATO"
660.81,"ALTRE CAUSE DI TRAVAGLIO OSTACOLATO,PARTO CON O SENZA MENZIONE DELLE MANIFESTAZIONI ANTEPARTUM"
660.83,"ALTRE CAUSE DI TRAVAGLIO OSTACOLATO,CONDIZIONE O COMPLICAZIONE ANTEPARTUM"
660.9,TRAVAGLIO OSTACOLATO NON SPECIFICATO
660.90,"TRAVAGLIO OSTACOLATO NON SPECIFICATO,EPISODIO DI CURA NON SPECIFICATO"
660.91,"TRAVAGLIO OSTACOLATO NON SPECIFICATO,PARTO CON O SENZA MENZIONE DELLE MANIFESTAZIONI ANTEPARTUM"
660.93,"TRAVAGLIO OSTACOLATO NON SPECIFICATO,CONDIZIONE O COMPLICAZIONE ANTEPARTUM"
661,ANOMALIE DELLE CONTRAZIONI UTERINE IN TRAVAGLIO
661.0,INERZIA UTERINA PRIMITIVA
661.00,"INERZIA UTERINA PRIMITIVA,EPISODIO DI CURA NON SPECIFICATO"
661.01,"INERZIA UTERINA PRIMITIVA,PARTO CON O SENZA MENZIONE DELLE MANIFESTAZIONI ANTEPARTUM"
661.03,"INERZIA UTERINA PRIMITIVA,CONDIZIONE O COMPLICAZIONE ANTEPARTUM"
661.1,INERZIA UTERINA SECONDARIA
661.10,"INERZIA UTERINA SECONDARIA,EPISODIO DI CURA NON SPECIFICATO"
661.11,"INERZIA UTERINA SECONDARIA,PARTO CON O SENZA MENZIONE DELLE MANIFESTAZIONI ANTEPARTUM"
661.13,"INERZIA UTERINA SECONDARIA,CONDIZIONE O COMPLICAZIONE ANTEPARTUM"
661.2,ALTRE FORME DI INERZIA UTERINA NON SPECIFICATE
661.20,"ALTRE FORME DI INERZIA UTERINA NON SPECIFICATE,EPISODIO DI CURA NON SPECIFICATO"
661.21,"ALTRE FORME DI INERZIA UTERINA NON SPECIFICATE,PARTO CON O SENZA MENZIONE DELLE MANIFESTAZIONI ANTEPARTUM"
661.23,"ALTRE FORME DI INERZIA UTERINA NON SPECIFICATE,CONDIZIONE O COMPLICAZIONE ANTEPARTUM"
661.3,TRAVAGLIO PRECIPITOSO
661.30,"TRAVAGLIO PRECIPITOSO,EPISODIO DI CURA NON SPECIFICATO"
661.31,"TRAVAGLIO PRECIPITOSO,PARTO CON O SENZA MENZIONE DELLE MANIFESTAZIONI ANTEPARTUM"
661.33,"TRAVAGLIO PRECIPITOSO,CONDIZIONE O COMPLICAZIONE ANTEPARTUM"
661.4,"CONTRAZIONI UTERINE IPERTONICHE, INCOORDINATE O PROLUNGATE"
661.40,"CONTRAZIONI UTERINE IPERTONICHE,INCOORDINATE O PROLUNGATE,EPISODIO DI CURA NON SPECIFICATO"
661.41,"CONTRAZIONI UTERINE IPERTONICHE,INCOORDINATE O PROLUNGATE,PARTO CON O SENZA MENZIONE DELLE MANIFESTAZIONI ANTEPARTUM"
661.43,"CONTRAZIONI UTERINE IPERTONICHE,INCOORDINATE O PROLUNGATE,CONDIZIONE O COMPLICAZIONE ANTEPARTUM"
661.9,ANOMALIA DEL TRAVAGLIO NON SPECIFICATA
661.90,"ANOMALIA DEL TRAVAGLIO NON SPECIFICATA,EPISODIO DI CURA NON SPECIFICATO"
661.91,"ANOMALIA DEL TRAVAGLIO NON SPECIFICATA,PARTO CON O SENZA MENZIONE DELLE MANIFESTAZIONI ANTEPARTUM"
661.93,"ANOMALIA DEL TRAVAGLIO NON SPECIFICATA,CONDIZIONE O COMPLICAZIONE ANTEPARTUM"
662,TRAVAGLIO PROLUNGATO
662.0,PROLUNGAMENTO DEL PRIMO STADIO
662.00,"PROLUNGAMENTO DEL PRIMO STADIO,EPISODIO DI CURA NON SPECIFICATO"
662.01,"PROLUNGAMENTO DEL PRIMO STADIO,PARTO CON O SENZA MENZIONE DELLE MANIFESTAZIONI ANTEPARTUM"
662.03,"PROLUNGAMENTO DEL PRIMO STADIO,CONDIZIONE O COMPLICAZIONE ANTEPARTUM"
662.1,TRAVAGLIO PROLUNGATO NON SPECIFICATO
662.10,"TRAVAGLIO PROLUNGATO NON SPECIFICATO,EPISODIO DI CURA NON SPECIFICATO"
662.11,"TRAVAGLIO PROLUNGATO NON SPECIFICATO,PARTO CON O SENZA MENZIONE DELLE MANIFESTAZIONI ANTEPARTUM"
662.13,"TRAVAGLIO PROLUNGATO NON SPECIFICATO,CONDIZIONE O COMPLICAZIONE ANTEPARTUM"
662.2,PROLUNGAMENTO SECONDO STADIO
662.20,"PROLUNGAMENTO SECONDO STADIO,EPISODIO DI CURA NON SPECIFICATO"
662.21,"PROLUNGAMENTO SECONDO STADIO,PARTO CON O SENZA MENZIONE DELLE MANIFESTAZIONI ANTEPARTUM"
662.23,"PROLUNGAMENTO SECONDO STADIO,CONDIZIONE O COMPLICAZIONE ANTEPARTUM"
662.3,"PARTO RITARDATO DEL SECONDO, TERZO, ETC., GEMELLO"
662.30,"PARTO RITARDATO DEL SECONDO,TERZO,ETC.,GEMELLO,EPISODIO DI CURA NON SPECIFICATO"
662.31,"PARTO RITARDATO DEL SECONDO,TERZO,ETC.,GEMELLO,PARTO CON O SENZA MENZIONE DELLE MANIFESTAZIONI ANTEPARTUM"
662.33,"PARTO RITARDATO DEL SECONDO,TERZO,ETC.,GEMELLO,CONDIZIONE O COMPLICAZIONE ANTEPARTUM"
663,COMPLICAZIONI DEL CORDONE OMBELICALE
663.0,PROLASSO DEL CORDONE OMBELICALE
663.00,"PROLASSO DEL CORDONE OMBELICALE,EPISODIO DI CURA NON SPECIFICATO"
663.01,"PROLASSO DEL CORDONE OMBELICALE,PARTO CON O SENZA MENZIONE DELLE MANIFESTAZIONI ANTEPARTUM"
663.03,"PROLASSO DEL CORDONE OMBELICALE,CONDIZIONE O COMPLICAZIONE ANTEPARTUM"
663.1,"CORDONE OMBELICALE ATTORNO AL COLLO, CON COMPRESSIONE"
663.10,"CORDONE OMBELICALE ATTORNO AL COLLO,CON COMPRESSIONE,EPISODIO DI CURA NON SPECIFICATO"
663.11,"CORDONE OMBELICALE ATTORNO AL COLLO,CON COMPRESSIONE,PARTO CON O SENZA MENZIONE DELLE MANIFESTAZIONI ANTEPARTUM"
663.13,"CORDONE OMBELICALE ATTORNO AL COLLO,CON COMPRESSIONE,CONDIZIONE O COMPLICAZIONE ANTEPARTUM"
663.2,"ALTRI E NON SPECIFICATI UNCINAMENTI DEL CORDONE, CON COMPRESSIONE"
663.20,"ALTRI E NON SPECIFICATI UNCINAMENTI DEL CORDONE,CON COMPRESSIONE,EPISODIO DI CURA NON SPECIFICATO"
663.21,"ALTRI E NON SPECIFICATI UNCINAMENTI DEL CORDONE,CON COMPRESSIONE,PARTO CON O SENZA MENZIONE DELLE MANIFESTAZIONI ANTEPARTUM"
663.23,"ALTRI E NON SPECIFICATI UNCINAMENTI DEL CORDONE,CON COMPRESSIONE,CONDIZIONE O COMPLICAZIONE ANTEPARTUM"
663.3,"ALTRI E NON SPECIFICATI INCARCERAMENTI DEL CORDONE, SENZA MENZIONE DI COMPRESSIONE"
663.30,"ALTRI E NON SPECIFICATI INCARCERAMENTI DEL CORDONE,SENZA MENZIONE DI COMPRESSIONE,EPISODIO DI CURA NON SPECIFICATO"
663.31,"ALTRI E NON SPECIFICATI INCARCERAMENTI DEL CORDONE,SENZA MENZIONE DI COMPRESSIONE,PARTO CON O SENZA MENZIONE DELLE MANIFESTAZIONI ANTEPARTUM"
663.33,"ALTRI E NON SPECIFICATI INCARCERAMENTI DEL CORDONE,SENZA MENZIONE DI COMPRESSIONE,CONDIZIONE O COMPLICAZIONE ANTEPARTUM"
663.4,FUNICOLO CORTO
663.40,"FUNICOLO CORTO,EPISODIO DI CURA NON SPECIFICATO"
663.41,"FUNICOLO CORTO,PARTO CON O SENZA MENZIONE DELLE MANIFESTAZIONI ANTEPARTUM"
663.43,"FUNICOLO CORTO,CONDIZIONE O COMPLICAZIONE ANTEPARTUM"
663.5,VASI PREVI
663.50,"VASI PREVI,EPISODIO DI CURA NON SPECIFICATO"
663.51,"VASI PREVI,PARTO CON O SENZA MENZIONE DELLE MANIFESTAZIONI ANTEPARTUM"
663.53,"VASI PREVI,CONDIZIONE O COMPLICAZIONE ANTEPARTUM"
663.6,LESIONI VASCOLARI DEL CORDONE
663.60,"LESIONI VASCOLARI DEL CORDONE,EPISODIO DI CURA NON SPECIFICATO"
663.61,"LESIONI VASCOLARI DEL CORDONE,PARTO CON O SENZA MENZIONE DELLE MANIFESTAZIONI ANTEPARTUM"
663.63,"LESIONI VASCOLARI DEL CORDONE,CONDIZIONE O COMPLICAZIONE ANTEPARTUM"
663.8,ALTRE COMPLICAZIONI DEL CORDONE OMBELICALE
663.80,"ALTRE COMPLICAZIONI DEL CORDONE OMBELICALE,EPISODIO DI CURA NON SPECIFICATO"
663.81,"ALTRE COMPLICAZIONI DEL CORDONE OMBELICALE,PARTO CON O SENZA MENZIONE DELLE MANIFESTAZIONI ANTEPARTUM"
663.83,"ALTRE COMPLICAZIONI DEL CORDONE OMBELICALE,CONDIZIONE O COMPLICAZIONE ANTEPARTUM"
663.9,COMPLICAZIONE NON SPECIFICATA DEL CORDONE OMBELICALE
663.90,"COMPLICAZIONE NON SPECIFICATA DEL CORDONE OMBELICALE,EPISODIO DI CURA NON SPECIFICATO"
663.91,"COMPLICAZIONE NON SPECIFICATA DEL CORDONE OMBELICALE,PARTO CON O SENZA MENZIONE DELLE MANIFESTAZIONI ANTEPARTUM"
663.93,"COMPLICAZIONE NON SPECIFICATA DEL CORDONE OMBELICALE,CONDIZIONE O COMPLICAZIONE ANTEPARTUM"
664,TRAUMA DEL PERINEO E DELLA VULVA NEL CORSO DEL PARTO
664.0,LACERAZIONE PERINEALE DI PRIMO GRADO
664.00,"LACERAZIONE PERINEALE DI PRIMO GRADO,EPISODIO DI CURA NON SPECIFICATO"
664.01,"LACERAZIONE PERINEALE DI PRIMO GRADO,PARTO CON O SENZA MENZIONE DELLE MANIFESTAZIONI ANTEPARTUM"
664.04,"LACERAZIONE PERINEALE DI PRIMO GRADO,CONDIZIONE O COMPLICAZIONE POSTPARTUM"
664.1,LACERAZIONE PERINEALE DI SECONDO GRADO
664.10,"LACERAZIONE PERINEALE DI SECONDO GRADO,EPISODIO DI CURA NON SPECIFICATO"
664.11,"LACERAZIONE PERINEALE DI SECONDO GRADO,PARTO CON O SENZA MENZIONE DELLE MANIFESTAZIONI ANTEPARTUM"
664.14,"LACERAZIONE PERINEALE DI SECONDO GRADO,CONDIZIONE O COMPLICAZIONE POSTPARTUM"
664.2,LACERAZIONE PERINEALE DI TERZO GRADO
664.20,"LACERAZIONE PERINEALE DI TERZO GRADO,EPISODIO DI CURA NON SPECIFICATO"
664.21,"LACERAZIONE PERINEALE DI TERZO GRADO,PARTO CON O SENZA MENZIONE DELLE MANIFESTAZIONI ANTEPARTUM"
664.24,"LACERAZIONE PERINEALE DI TERZO GRADO,CONDIZIONE O COMPLICAZIONE POSTPARTUM"
664.3,LACERAZIONE PERINEALE DI QUARTO GRADO
664.30,"LACERAZIONE PERINEALE DI QUARTO GRADO,EPISODIO DI CURA NON SPECIFICATO"
664.31,"LACERAZIONE PERINEALE DI QUARTO GRADO,PARTO CON O SENZA MENZIONE DELLE MANIFESTAZIONI ANTEPARTUM"
664.34,"LACERAZIONE PERINEALE DI QUARTO GRADO,CONDIZIONE O COMPLICAZIONE POSTPARTUM"
664.4,LACERAZIONE PERINEALE NON SPECIFICATA
664.40,"LACERAZIONE PERINEALE NON SPECIFICATA,EPISODIO DI CURA NON SPECIFICATO"
664.41,"LACERAZIONE PERINEALE NON SPECIFICATA,PARTO CON O SENZA MENZIONE DELLE MANIFESTAZIONI ANTEPARTUM"
664.44,"LACERAZIONE PERINEALE NON SPECIFICATA,CONDIZIONE O COMPLICAZIONE POSTPARTUM"
664.5,EMATOMA VULVARE E PERINEALE
664.50,"EMATOMA VULVARE E PERINEALE,EPISODIO DI CURA NON SPECIFICATO"
664.51,"EMATOMA VULVARE E PERINEALE,PARTO CON O SENZA MENZIONE DELLE MANIFESTAZIONI ANTEPARTUM"
664.54,"EMATOMA VULVARE E PERINEALE,CONDIZIONE O COMPLICAZIONE POSTPARTUM"
664.8,ALTRI TRAUMI SPECIFICATI DEL PERINEO E DELLA VULVA
664.80,"ALTRI TRAUMI SPECIFICATI DEL PERINEO E DELLA VULVA,EPISODIO DI CURA NON SPECIFICATO"
664.81,"ALTRI TRAUMI SPECIFICATI DEL PERINEO E DELLA VULVA,PARTO CON O SENZA MENZIONE DELLE MANIFESTAZIONI ANTEPARTUM"
664.84,"ALTRI TRAUMI SPECIFICATI DEL PERINEO E DELLA VULVA,CONDIZIONE O COMPLICAZIONE POSTPARTUM"
664.9,TRAUMI NON SPECIFICATI DEL PERINEO E DELLA VULVA
664.90,"TRAUMI NON SPECIFICATI DEL PERINEO E DELLA VULVA,EPISODIO DI CURA NON SPECIFICATO"
664.91,"TRAUMI NON SPECIFICATI DEL PERINEO E DELLA VULVA,PARTO CON O SENZA MENZIONE DELLE MANIFESTAZIONI ANTEPARTUM"
664.94,"TRAUMI NON SPECIFICATI DEL PERINEO E DELLA VULVA,CONDIZIONE O COMPLICAZIONE POSTPARTUM"
665,ALTRI TRAUMI OSTETRICI
665.0,ROTTURA DELL'UTERO PRIMA DELL'INIZIO DEL TRAVAGLIO
665.00,"ROTTURA DELL'UTERO PRIMA DELL'INIZIO DEL TRAVAGLIO,EPISODIO DI CURA NON SPECIFICATO"
665.01,"ROTTURA DELL'UTERO PRIMA DELL'INIZIO DEL TRAVAGLIO,PARTO CON O SENZA MENZIONE DELLE MANIFESTAZIONI ANTEPARTUM"
665.03,"ROTTURA DELL'UTERO PRIMA DELL'INIZIO DEL TRAVAGLIO,CONDIZIONE O COMPLICAZIONE ANTEPARTUM"
665.1,ROTTURA DELL'UTERO DURANTE IL TRAVAGLIO
665.10,"ROTTURA DELL'UTERO DURANTE IL TRAVAGLIO,EPISODIO DI CURA NON SPECIFICATO"
665.11,"ROTTURA DELL'UTERO DURANTE IL TRAVAGLIO,PARTO CON O SENZA MENZIONE DELLE MANIFESTAZIONI ANTEPARTUM"
665.2,INVERSIONE DELL'UTERO
665.20,"INVERSIONE DELL'UTERO,EPISODIO DI CURA NON SPECIFICATO"
665.22,"INVERSIONE DELL'UTERO,PARTO CON MENZIONE DELLE COMPLICAZIONI POSTPARTUM"
665.24,"INVERSIONE DELL'UTERO,CONDIZIONE O COMPLICAZIONE POSTPARTUM"
665.3,LACERAZIONE CERVICALE
665.30,"LACERAZIONE CERVICALE,EPISODIO DI CURA NON SPECIFICATO"
665.31,"LACERAZIONE CERVICALE,PARTO CON O SENZA MENZIONE DELLE MANIFESTAZIONI ANTEPARTUM"
665.34,"LACERAZIONE CERVICALE,CONDIZIONE O COMPLICAZIONE POSTPARTUM"
665.4,LACERAZIONE VAGINALE ALTA
665.40,"LACERAZIONE VAGINALE ALTA,EPISODIO DI CURA NON SPECIFICATO"
665.41,"LACERAZIONE VAGINALE ALTA,PARTO CON O SENZA MENZIONE DELLE MANIFESTAZIONI ANTEPARTUM"
665.44,"LACERAZIONE VAGINALE ALTA,CONDIZIONE O COMPLICAZIONE POSTPARTUM"
665.5,ALTRE LESIONI DI ORGANI PELVICI
665.50,"ALTRE LESIONI DI ORGANI PELVICI,EPISODIO DI CURA NON SPECIFICATO"
665.51,"ALTRE LESIONI DI ORGANI PELVICI,PARTO CON O SENZA MENZIONE DELLE MANIFESTAZIONI ANTEPARTUM"
665.54,"ALTRE LESIONI DI ORGANI PELVICI,CONDIZIONE O COMPLICAZIONE POSTPARTUM"
665.6,LESIONE ALLE GIUNTURE PELVICHE E AI LEGAMENTI
665.60,"LESIONE ALLE GIUNTURE PELVICHE E AI LEGAMENTI,EPISODIO DI CURA NON SPECIFICATO"
665.61,"LESIONE ALLE GIUNTURE PELVICHE E AI LEGAMENTI,PARTO CON O SENZA MENZIONE DELLE MANIFESTAZIONI ANTEPARTUM"
665.64,"LESIONE ALLE GIUNTURE PELVICHE E AI LEGAMENTI,CONDIZIONE O COMPLICAZIONE POSTPARTUM"
665.7,EMATOMA PELVICO
665.70,"EMATOMA PELVICO,EPISODIO DI CURA NON SPECIFICATO"
665.71,"EMATOMA PELVICO,PARTO CON O SENZA MENZIONE DELLE MANIFESTAZIONI ANTEPARTUM"
665.72,"EMATOMA PELVICO,PARTO CON MENZIONE DELLE COMPLICAZIONI POSTPARTUM"
665.74,"EMATOMA PELVICO,CONDIZIONE O COMPLICAZIONE POSTPARTUM"
665.8,ALTRI TRAUMI OSTETRICI SPECIFICATI
665.80,"ALTRI TRAUMI OSTETRICI SPECIFICATI,EPISODIO DI CURA NON SPECIFICATO"
665.81,"ALTRI TRAUMI OSTETRICI SPECIFICATI,PARTO CON O SENZA MENZIONE DELLE MANIFESTAZIONI ANTEPARTUM"
665.82,"ALTRI TRAUMI OSTETRICI SPECIFICATI,PARTO CON MENZIONE DELLE COMPLICAZIONI POSTPARTUM"
665.83,"ALTRI TRAUMI OSTETRICI SPECIFICATI,CONDIZIONE O COMPLICAZIONE ANTEPARTUM"
665.84,"ALTRI TRAUMI OSTETRICI SPECIFICATI,CONDIZIONE O COMPLICAZIONE POSTPARTUM"
665.9,TRAUMI OSTETRICI NON SPECIFICATI
665.90,"TRAUMI OSTETRICI NON SPECIFICATI,EPISODIO DI CURA NON SPECIFICATO"
665.91,"TRAUMI OSTETRICI NON SPECIFICATI,PARTO CON O SENZA MENZIONE DELLE MANIFESTAZIONI ANTEPARTUM"
665.92,"TRAUMI OSTETRICI NON SPECIFICATI,PARTO CON MENZIONE DELLE COMPLICAZIONI POSTPARTUM"
665.93,"TRAUMI OSTETRICI NON SPECIFICATI,CONDIZIONE O COMPLICAZIONE ANTEPARTUM"
665.94,"TRAUMI OSTETRICI NON SPECIFICATI,CONDIZIONE O COMPLICAZIONE POSTPARTUM"
666,EMORRAGIA POSTPARTUM
666.0,EMORRAGIA DEL TERZO STADIO
666.00,"EMORRAGIA DEL TERZO STADIO,EPISODIO DI CURA NON SPECIFICATO"
666.02,"EMORRAGIA DEL TERZO STADIO,PARTO CON MENZIONE DELLE COMPLICAZIONI POSTPARTUM"
666.04,"EMORRAGIA DEL TERZO STADIO,CONDIZIONE O COMPLICAZIONE POSTPARTUM"
666.1,ALTRA EMORRAGIA POSTPARTUM IMMEDIATA
666.10,"ALTRA EMORRAGIA POSTPARTUM IMMEDIATA,EPISODIO DI CURA NON SPECIFICATO"
666.12,"ALTRA EMORRAGIA POSTPARTUM IMMEDIATA,PARTO CON MENZIONE DELLE COMPLICAZIONI POSTPARTUM"
666.14,"ALTRA EMORRAGIA POSTPARTUM IMMEDIATA,CONDIZIONE O COMPLICAZIONE POSTPARTUM"
666.2,EMORRAGIA POSTPARTUM RITARDATA E SECONDARIA
666.20,"EMORRAGIA POSTPARTUM RITARDATA E SECONDARIA,EPISODIO DI CURA NON SPECIFICATO"
666.22,"EMORRAGIA POSTPARTUM RITARDATA E SECONDARIA,PARTO CON MENZIONE DELLE COMPLICAZIONI POSTPARTUM"
666.24,"EMORRAGIA POSTPARTUM RITARDATA E SECONDARIA,CONDIZIONE O COMPLICAZIONE POSTPARTUM"
666.3,DIFETTI DELLA COAGULAZIONE POSTPARTUM
666.30,"DIFETTI DELLA COAGULAZIONE POSTPARTUM,EPISODIO DI CURA NON SPECIFICATO"
666.32,"DIFETTI DELLA COAGULAZIONE POSTPARTUM,PARTO CON MENZIONE DELLE COMPLICAZIONI POSTPARTUM"
666.34,"DIFETTI DELLA COAGULAZIONE POSTPARTUM,CONDIZIONE O COMPLICAZIONE POSTPARTUM"
667,"RITENZIONE DELLA PLACENTA O DELLE MEMBRANE, SENZA EMORRAGIA"
667.0,"PLACENTA RITENUTA, SENZA EMORRAGIA"
667.00,"PLACENTA RITENUTA,SENZA EMORRAGIA,EPISODIO DI CURA NON SPECIFICATO"
667.02,"PLACENTA RITENUTA,SENZA EMORRAGIA,PARTO CON MENZIONE DELLE COMPLICAZIONI POSTPARTUM"
667.04,"PLACENTA RITENUTA,SENZA EMORRAGIA,CONDIZIONE O COMPLICAZIONE POSTPARTUM"
667.1,"RITENZIONE DI RESIDUI DI PORZIONI DELLA PLACENTA O DELLE MEMBRANE, SENZA EMORRAGIA"
667.10,"RITENZIONE DI RESIDUI DI PORZIONI DELLA PLACENTA O DELLE MEMBRANE,SENZA EMORRAGIA,EPISODIO DI CURA NON SPECIFICATO"
667.12,"RITENZIONE DI RESIDUI DI PORZIONI DELLA PLACENTA O DELLE MEMBRANE,SENZA EMORRAGIA,PARTO CON MENZIONE DELLE COMPLICAZIONI POSTPARTUM"
667.14,"RITENZIONE DI RESIDUI DI PORZIONI DELLA PLACENTA O DELLE MEMBRANE,SENZA EMORRAGIA,CONDIZIONE O COMPLICAZIONE POSTPARTUM"
668,COMPLICAZIONI DA SOMMINISTRAZIONE DI ANESTETICI O ALTRI SEDATIVI NEL CORSO DEL TRAVAGLIO E DEL PARTO
668.0,"COMPLICAZIONI POLMONARI (SUCCESSIVE AD ANESTESIA O AD ALTRI SEDATIVI, NEL CORSO DEL TRAVAGLIO O DEL PARTO)"
668.00,"COMPLICAZIONI POLMONARI,EPISODIO DI CURA NON SPECIFICATO"
668.01,"COMPLICAZIONI POLMONARI,PARTO CON O SENZA MENZIONE DELLE MANIFESTAZIONI ANTEPARTUM"
668.02,"COMPLICAZIONI POLMONARI,PARTO CON MENZIONE DELLE COMPLICAZIONI POSTPARTUM"
668.03,"COMPLICAZIONI POLMONARI,CONDIZIONE O COMPLICAZIONE ANTEPARTUM"
668.04,"COMPLICAZIONI POLMONARI,CONDIZIONE O COMPLICAZIONE POSTPARTUM"
668.1,COMPLICAZIONI CARDIACHE
668.10,"COMPLICAZIONI CARDIACHE,EPISODIO DI CURA NON SPECIFICATO"
668.11,"COMPLICAZIONI CARDIACHE,PARTO CON O SENZA MENZIONE DELLE MANIFESTAZIONI ANTEPARTUM"
668.12,"COMPLICAZIONI CARDIACHE,PARTO CON MENZIONE DELLE COMPLICAZIONI POSTPARTUM"
668.13,"COMPLICAZIONI CARDIACHE,CONDIZIONE O COMPLICAZIONE ANTEPARTUM"
668.14,"COMPLICAZIONI CARDIACHE,CONDIZIONE O COMPLICAZIONE POSTPARTUM"
668.2,COMPLICAZIONI DEL SISTEMA NERVOSO CENTRALE
668.20,"COMPLICAZIONI DEL SISTEMA NERVOSO CENTRALE,EPISODIO DI CURA NON SPECIFICATO"
668.21,"COMPLICAZIONI DEL SISTEMA NERVOSO CENTRALE,PARTO CON O SENZA MENZIONE DELLE MANIFESTAZIONI ANTEPARTUM"
668.22,"COMPLICAZIONI DEL SISTEMA NERVOSO CENTRALE,PARTO CON MENZIONE DELLE COMPLICAZIONI POSTPARTUM"
668.23,"COMPLICAZIONI DEL SISTEMA NERVOSO CENTRALE,CONDIZIONE O COMPLICAZIONE ANTEPARTUM"
668.24,"COMPLICAZIONI DEL SISTEMA NERVOSO CENTRALE,CONDIZIONE O COMPLICAZIONE POSTPARTUM"
668.8,ALTRE COMPLICAZIONI DA ANESTESIA O ALTRI SEDATIVI NEL CORSO DEL TRAVAGLIO E DEL PARTO
668.80,"ALTRE COMPLICAZIONI DA ANESTESIA O ALTRI SEDATIVI NEL CORSO DEL TRAVAGLIO E DEL PARTO,EPISODIO DI CURA NON SPECIFICATO"
668.81,"ALTRE COMPLICAZIONI DA ANESTESIA O ALTRI SEDATIVI NEL CORSO DEL TRAVAGLIO E DEL PARTO,PARTO CON O SENZA MENZIONE DELLE MANIFESTAZIONI ANTEPARTUM"
668.82,"ALTRE COMPLICAZIONI DA ANESTESIA O ALTRI SEDATIVI NEL CORSO DEL TRAVAGLIO E DEL PARTO,PARTO CON MENZIONE DELLE COMPLICAZIONI POSTPARTUM"
668.83,"ALTRE COMPLICAZIONI DA ANESTESIA O ALTRI SEDATIVI NEL CORSO DEL TRAVAGLIO E DEL PARTO,CONDIZIONE O COMPLICAZIONE ANTEPARTUM"
668.84,"ALTRE COMPLICAZIONI DA ANESTESIA O ALTRI SEDATIVI NEL CORSO DEL TRAVAGLIO E DEL PARTO,CONDIZIONE O COMPLICAZIONE POSTPARTUM"
668.9,COMPLICAZIONE NON SPECIFICATA DA ANESTESIA O DA ALTRE SEDAZIONI
668.90,"COMPLICAZIONE NON SPECIFICATA DA ANESTESIA O DA ALTRE SEDAZIONI,EPISODIO DI CURA NON SPECIFICATO"
668.91,"COMPLICAZIONE NON SPECIFICATA DA ANESTESIA O DA ALTRE SEDAZIONI,PARTO CON O SENZA MENZIONE DELLE MANIFESTAZIONI ANTEPARTUM"
668.92,"COMPLICAZIONE NON SPECIFICATA DA ANESTESIA O DA ALTRE SEDAZIONI,PARTO CON MENZIONE DELLE COMPLICAZIONI POSTPARTUM"
668.93,"COMPLICAZIONE NON SPECIFICATA DA ANESTESIA O DA ALTRE SEDAZIONI,CONDIZIONE O COMPLICAZIONE ANTEPARTUM"
668.94,"COMPLICAZIONE NON SPECIFICATA DA ANESTESIA O DA ALTRE SEDAZIONI,CONDIZIONE O COMPLICAZIONE POSTPARTUM"
669,"ALTRE COMPLICAZIONI DEL TRAVAGLIO E DEL PARTO, NON ALTRIMENTI CLASSIFICATE"
669.0,SOFFERENZA MATERNA
669.00,"SOFFERENZA MATERNA,EPISODIO DI CURA NON SPECIFICATO"
669.01,"SOFFERENZA MATERNA,PARTO CON O SENZA MENZIONE DELLE MANIFESTAZIONI ANTEPARTUM"
669.02,"SOFFERENZA MATERNA,PARTO CON MENZIONE DELLE COMPLICAZIONI POSTPARTUM"
669.03,"SOFFERENZA MATERNA,CONDIZIONE O COMPLICAZIONE ANTEPARTUM"
669.04,"SOFFERENZA MATERNA,CONDIZIONE O COMPLICAZIONE POSTPARTUM"
669.1,SHOCK DURANTE O DOPO IL TRAVAGLIO
669.10,"SHOCK DURANTE O DOPO IL TRAVAGLIO,EPISODIO DI CURA NON SPECIFICATO"
669.11,"SHOCK DURANTE O DOPO IL TRAVAGLIO,PARTO CON O SENZA MENZIONE DELLE MANIFESTAZIONI ANTEPARTUM"
669.12,"SHOCK DURANTE O DOPO IL TRAVAGLIO,PARTO CON MENZIONE DELLE COMPLICAZIONI POSTPARTUM"
669.13,"SHOCK DURANTE O DOPO IL TRAVAGLIO,CONDIZIONE O COMPLICAZIONE ANTEPARTUM"
669.14,"SHOCK DURANTE O DOPO IL TRAVAGLIO,CONDIZIONE O COMPLICAZIONE POSTPARTUM"
669.2,SINDROME DA IPOTENSIONE MATERNA
669.20,"SINDROME DA IPOTENSIONE MATERNA,EPISODIO DI CURA NON SPECIFICATO"
669.21,"SINDROME DA IPOTENSIONE MATERNA,PARTO CON O SENZA MENZIONE DELLE MANIFESTAZIONI ANTEPARTUM"
669.22,"SINDROME DA IPOTENSIONE MATERNA,PARTO CON MENZIONE DELLE COMPLICAZIONI POSTPARTUM"
669.23,"SINDROME DA IPOTENSIONE MATERNA,CONDIZIONE O COMPLICAZIONE ANTEPARTUM"
669.24,"SINDROME DA IPOTENSIONE MATERNA,CONDIZIONE O COMPLICAZIONE POSTPARTUM"
669.3,INSUFFICIENZA RENALE ACUTA SUCCESSIVA AL TRAVAGLIO E AL PARTO
669.30,"INSUFFICIENZA RENALE ACUTA SUCCESSIVA AL TRAVAGLIO E AL PARTO,EPISODIO DI CURA NON SPECIFICATO"
669.32,"INSUFFICIENZA RENALE ACUTA SUCCESSIVA AL TRAVAGLIO E AL PARTO,PARTO CON MENZIONE DELLE COMPLICAZIONI POSTPARTUM"
669.34,"INSUFFICIENZA RENALE ACUTA SUCCESSIVA AL TRAVAGLIO E AL PARTO,CONDIZIONE O COMPLICAZIONE POSTPARTUM"
669.4,ALTRE COMPLICAZIONI DELLE PROCEDURE E DEGLI INTERVENTI CHIRURGICI OSTETRICI
669.40,"ALTRE COMPLICAZIONI DELLE PROCEDURE E DEGLI INTERVENTI CHIRURGICI OSTETRICI,EPISODIO DI CURA NON SPECIFICATO"
669.41,"ALTRE COMPLICAZIONI DELLE PROCEDURE E DEGLI INTERVENTI CHIRURGICI OSTETRICI,PARTO CON O SENZA MENZIONE DELLE MANIFESTAZIONI ANTEPARTUM"
669.42,"ALTRE COMPLICAZIONI DELLE PROCEDURE E DEGLI INTERVENTI CHIRURGICI OSTETRICI,PARTO CON MENZIONE DELLE COMPLICAZIONI POSTPARTUM"
669.43,"ALTRE COMPLICAZIONI DELLE PROCEDURE E DEGLI INTERVENTI CHIRURGICI OSTETRICI,CONDIZIONE O COMPLICAZIONE ANTEPARTUM"
669.44,"ALTRE COMPLICAZIONI DELLE PROCEDURE E DEGLI INTERVENTI CHIRURGICI OSTETRICI,CONDIZIONE O COMPLICAZIONE POSTPARTUM"
669.5,"PARTO CON APPLICAZIONE DI FORCIPE O VENTOSA, SENZA MENZIONE DELL'INDICAZIONE"
669.50,"PARTO CON APPLICAZIONE DI FORCIPE O VENTOSA,SENZA MENZIONE DELL'INDICAZIONE,EPISODIO DI CURA NON SPECIFICATO"
669.51,"PARTO CON APPLICAZIONE DI FORCIPE O VENTOSA,SENZA MENZIONE DELL'INDICAZIONE,PARTO CON O SENZA MENZIONE DELLE MANIFESTAZIONI ANTEPARTUM"
669.6,"ESTRAZIONE PODALICA, SENZA MENZIONE DELL'INDICAZIONE"
669.60,"ESTRAZIONE PODALICA,SENZA MENZIONE DELL'INDICAZIONE,EPISODIO DI CURA NON SPECIFICATO"
669.61,"ESTRAZIONE PODALICA,SENZA MENZIONE DELL'INDICAZIONE,PARTO CON O SENZA MENZIONE DELLE MANIFESTAZIONI ANTEPARTUM"
669.7,"TAGLIO CESAREO, SENZA MENZIONE DELL'INDICAZIONE"
669.70,"TAGLIO CESAREO,SENZA MENZIONE DELL'INDICAZIONE,EPISODIO DI CURA NON SPECIFICATO"
669.71,"TAGLIO CESAREO,SENZA MENZIONE DELL'INDICAZIONE,PARTO CON O SENZA MENZIONE DELLE MANIFESTAZIONI ANTEPARTUM"
669.8,ALTRE COMPLICAZIONI DEL TRAVAGLIO E DEL PARTO
669.80,"ALTRE COMPLICAZIONI DEL TRAVAGLIO E DEL PARTO,EPISODIO DI CURA NON SPECIFICATO"
669.81,"ALTRE COMPLICAZIONI DEL TRAVAGLIO E DEL PARTO,PARTO CON O SENZA MENZIONE DELLE MANIFESTAZIONI ANTEPARTUM"
669.82,"ALTRE COMPLICAZIONI DEL TRAVAGLIO E DEL PARTO,PARTO CON MENZIONE DELLE COMPLICAZIONI POSTPARTUM"
669.83,"ALTRE COMPLICAZIONI DEL TRAVAGLIO E DEL PARTO,CONDIZIONE O COMPLICAZIONE ANTEPARTUM"
669.84,"ALTRE COMPLICAZIONI DEL TRAVAGLIO E DEL PARTO,CONDIZIONE O COMPLICAZIONE POSTPARTUM"
669.9,COMPLICAZIONI NON SPECIFICATE DEL TRAVAGLIO E DEL PARTO
669.90,"COMPLICAZIONI NON SPECIFICATE DEL TRAVAGLIO E DEL PARTO,EPISODIO DI CURA NON SPECIFICATO"
669.91,"COMPLICAZIONI NON SPECIFICATE DEL TRAVAGLIO E DEL PARTO,PARTO CON O SENZA MENZIONE DELLE MANIFESTAZIONI ANTEPARTUM"
669.92,"COMPLICAZIONI NON SPECIFICATE DEL TRAVAGLIO E DEL PARTO,PARTO CON MENZIONE DELLE COMPLICAZIONI POSTPARTUM"
669.93,"COMPLICAZIONI NON SPECIFICATE DEL TRAVAGLIO E DEL PARTO,CONDIZIONE O COMPLICAZIONE ANTEPARTUM"
669.94,"COMPLICAZIONI NON SPECIFICATE DEL TRAVAGLIO E DEL PARTO,CONDIZIONE O COMPLICAZIONE POSTPARTUM"
670,INFEZIONI PUERPERALI MAGGIORI
670.0,INFEZIONI PUERPERALI MAGGIORI
670.00,"INFEZIONI PUERPERALI MAGGIORI,RICOVERO NON SPECIFICATO"
670.02,"INFEZIONI PUERPERALI MAGGIORI,PARTO CON MENZIONE DELLE COMPLICAZIONI POSTPARTUM"
670.04,"INFEZIONI PUERPERALI MAGGIORI,CONDIZIONE O COMPLICAZIONE POSTPARTUM"
671,COMPLICAZIONI VENOSE DELLA GRAVIDANZA E DEL PUERPERIO
671.0,VENE VARICOSE DELLE GAMBE
671.00,"VENE VARICOSE DELLE GAMBE,EPISODIO DI ASSISTENZA NON SPECIFICATO"
671.01,"VENE VARICOSE DELLE GAMBE,PARTO CON O SENZA MENZIONE DELLA CONDIZIONE ANTEPARTUM"
671.02,"VENE VARICOSE DELLE GAMBE,PARTO CON MENZIONE DELLE COMPLICAZIONI POSTPARTUM"
671.03,"VENE VARICOSE DELLE GAMBE,CONDIZIONE O COMPLICAZIONE ANTEPARTUM"
671.04,"VENE VARICOSE DELLE GAMBE,CONDIZIONE O COMPLICAZIONE POSTPARTUM"
671.1,VARICI VULVARI E PERINEALI
671.10,"VARICI VULVARI E PERINEALI,EPISODIO DI ASSISTENZA NON SPECIFICATO"
671.11,"VARICI VULVARI E PERINEALI,PARTO CON O SENZA MENZIONE DELLA CONDIZIONE ANTEPARTUM"
671.12,"VARICI VULVARI E PERINEALI,PARTO CON MENZIONE DELLE COMPLICAZIONI POSTPARTUM"
671.13,"VARICI VULVARI E PERINEALI,CONDIZIONE O COMPLICAZIONE ANTEPARTUM"
671.14,"VARICI VULVARI E PERINEALI,CONDIZIONE O COMPLICAZIONE POSTPARTUM"
671.2,TROMBOFLEBITE SUPERFICIALE
671.20,"TROMBOFLEBITE SUPERFICIALE,EPISODIO DI ASSISTENZA NON SPECIFICATO"
671.21,"TROMBOFLEBITE SUPERFICIALE,PARTO CON O SENZA MENZIONE DELLA CONDIZIONE ANTEPARTUM"
671.22,"TROMBOFLEBITE SUPERFICIALE,PARTO CON MENZIONE DELLE COMPLICAZIONI POSTPARTUM"
671.23,"TROMBOFLEBITE SUPERFICIALE,CONDIZIONE O COMPLICAZIONE ANTEPARTUM"
671.24,"TROMBOFLEBITE SUPERFICIALE,CONDIZIONE O COMPLICAZIONE POSTPARTUM"
671.3,"FLEBOTROMBOSI PROFONDA, ANTEPARTUM"
671.30,"FLEBOTROMBOSI PROFONDA,ANTEPARTUM,EPISODIO DI ASSISTENZA NON SPECIFICATO"
671.31,"FLEBOTROMBOSI PROFONDA,ANTEPARTUM,PARTO CON O SENZA MENZIONE DELLA CONDIZIONE ANTEPARTUM"
671.33,"FLEBOTROMBOSI PROFONDA,ANTEPARTUM,CONDIZIONE O COMPLICAZIONE ANTEPARTUM"
671.4,"FLEBOTROMBOSI PROFONDA, POSTPARTUM"
671.40,"FLEBOTROMBOSI PROFONDA,POSTPARTUM,EPISODIO DI ASSISTENZA NON SPECIFICATO"
671.42,"FLEBOTROMBOSI PROFONDA,POSTPARTUM,PARTO CON MENZIONE DELLE COMPLICAZIONI POSTPARTUM"
671.44,"FLEBOTROMBOSI PROFONDA,POSTPARTUM,CONDIZIONE O COMPLICAZIONE POSTPARTUM"
671.5,ALTRE FLEBITI E TROMBOSI
671.50,"ALTRE FLEBITI E TROMBOSI,EPISODIO DI ASSISTENZA NON SPECIFICATO"
671.51,"ALTRE FLEBITI E TROMBOSI,PARTO CON O SENZA MENZIONE DELLA CONDIZIONE ANTEPARTUM"
671.52,"ALTRE FLEBITI E TROMBOSI,PARTO CON MENZIONE DELLE COMPLICAZIONI POSTPARTUM"
671.53,"ALTRE FLEBITI E TROMBOSI,CONDIZIONE O COMPLICAZIONE ANTEPARTUM"
671.54,"ALTRE FLEBITI E TROMBOSI,CONDIZIONE O COMPLICAZIONE POSTPARTUM"
671.8,ALTRE COMPLICAZIONI VENOSE
671.80,"ALTRE COMPLICAZIONI VENOSE,EPISODIO DI ASSISTENZA NON SPECIFICATO"
671.81,"ALTRE COMPLICAZIONI VENOSE,PARTO CON O SENZA MENZIONE DELLA CONDIZIONE ANTEPARTUM"
671.82,"ALTRE COMPLICAZIONI VENOSE,PARTO CON MENZIONE DELLE COMPLICAZIONI POSTPARTUM"
671.83,"ALTRE COMPLICAZIONI VENOSE,CONDIZIONE O COMPLICAZIONE ANTEPARTUM"
671.84,"ALTRE COMPLICAZIONI VENOSE,CONDIZIONE O COMPLICAZIONE POSTPARTUM"
671.9,COMPLICAZIONE VENOSA NON SPECIFICATA
671.90,"COMPLICAZIONE VENOSA NON SPECIFICATA,EPISODIO DI ASSISTENZA NON SPECIFICATO"
671.91,"COMPLICAZIONE VENOSA NON SPECIFICATA,PARTO CON O SENZA MENZIONE DELLA CONDIZIONE ANTEPARTUM"
671.92,"COMPLICAZIONE VENOSA NON SPECIFICATA,PARTO CON MENZIONE DELLE COMPLICAZIONI POSTPARTUM"
671.93,"COMPLICAZIONE VENOSA NON SPECIFICATA,CONDIZIONE O COMPLICAZIONE ANTEPARTUM"
671.94,"COMPLICAZIONE VENOSA NON SPECIFICATA,CONDIZIONE O COMPLICAZIONE POSTPARTUM"
672,PIRESSIA DI ORIGINE IGNOTA DURANTE IL PUERPERIO
672.0,PIRESSIA DI ORIGINE IGNOTA DURANTE IL PUERPERIO
672.00,"PIRESSIA DI ORIGINE IGNOTA DURANTE IL PUERPERIO,EPISODIO DI ASSISTENZA NON SPECIFICATO"
672.02,"PIRESSIA DI ORIGINE IGNOTA DURANTE IL PUERPERIO,PARTO CON MENZIONE DELLE COMPLICAZIONI POSTPARTUM"
672.04,"PIRESSIA DI ORIGINE IGNOTA DURANTE IL PUERPERIO,CONDIZIONE O COMPLICAZIONE POSTPARTUM"
673,EMBOLIA POLMONARE OSTETRICA
673.0,EMBOLIA GASSOSA OSTETRICA
673.00,"EMBOLIA GASSOSA OSTETRICA,EPISODIO DI ASSISTENZA NON SPECIFICATO"
673.01,"EMBOLIA GASSOSA OSTETRICA,PARTO CON O SENZA MENZIONE DELLA CONDIZIONE ANTEPARTUM"
673.02,"EMBOLIA GASSOSA OSTETRICA,PARTO CON MENZIONE DELLE COMPLICAZIONI POSTPARTUM"
673.03,"EMBOLIA GASSOSA OSTETRICA,CONDIZIONE O COMPLICAZIONE ANTEPARTUM"
673.04,"EMBOLIA GASSOSA OSTETRICA,CONDIZIONE O COMPLICAZIONE POSTPARTUM"
673.1,EMBOLIA DA LIQUIDO AMNIOTICO
673.10,"EMBOLIA DA LIQUIDO AMNIOTICO,EPISODIO DI ASSISTENZA NON SPECIFICATO"
673.11,"EMBOLIA DA LIQUIDO AMNIOTICO,PARTO CON O SENZA MENZIONE DELLA CONDIZIONE ANTEPARTUM"
673.12,"EMBOLIA DA LIQUIDO AMNIOTICO,PARTO CON MENZIONE DELLE COMPLICAZIONI POSTPARTUM"
673.13,"EMBOLIA DA LIQUIDO AMNIOTICO,CONDIZIONE O COMPLICAZIONE ANTEPARTUM"
673.14,"EMBOLIA DA LIQUIDO AMNIOTICO,CONDIZIONE O COMPLICAZIONE POSTPARTUM"
673.2,EMBOLIA OSTETRICA DA COAGULO SANGUIGNO
673.20,"EMBOLIA OSTETRICA DA COAGULO SANGUIGNO,EPISODIO DI ASSISTENZA NON SPECIFICATO"
673.21,"EMBOLIA OSTETRICA DA COAGULO SANGUIGNO,PARTO CON O SENZA MENZIONE DELLA CONDIZIONE ANTEPARTUM"
673.22,"EMBOLIA OSTETRICA DA COAGULO SANGUIGNO,PARTO CON MENZIONE DELLE COMPLICAZIONI POSTPARTUM"
673.23,"EMBOLIA OSTETRICA DA COAGULO SANGUIGNO,CONDIZIONE O COMPLICAZIONE ANTEPARTUM"
673.24,"EMBOLIA OSTETRICA DA COAGULO SANGUIGNO,CONDIZIONE O COMPLICAZIONE POSTPARTUM"
673.3,PIEMIA OSTETRICA ED EMBOLIA SETTICA
673.30,"PIEMIA OSTETRICA ED EMBOLIA SETTICA,EPISODIO DI ASSISTENZA NON SPECIFICATO"
673.31,"PIEMIA OSTETRICA ED EMBOLIA SETTICA,PARTO CON O SENZA MENZIONE DELLA CONDIZIONE ANTEPARTUM"
673.32,"PIEMIA OSTETRICA ED EMBOLIA SETTICA,PARTO CON MENZIONE DELLE COMPLICAZIONI POSTPARTUM"
673.33,"PIEMIA OSTETRICA ED EMBOLIA SETTICA,CONDIZIONE O COMPLICAZIONE ANTEPARTUM"
673.34,"PIEMIA OSTETRICA ED EMBOLIA SETTICA,CONDIZIONE O COMPLICAZIONE POSTPARTUM"
673.8,ALTRA EMBOLIA POLMONARE
673.80,"ALTRA EMBOLIA POLMONARE,EPISODIO DI ASSISTENZA NON SPECIFICATO"
673.81,"ALTRA EMBOLIA POLMONARE,PARTO CON O SENZA MENZIONE DELLA CONDIZIONE ANTEPARTUM"
673.82,"ALTRA EMBOLIA POLMONARE,PARTO CON MENZIONE DELLE COMPLICAZIONI POSTPARTUM"
673.83,"ALTRA EMBOLIA POLMONARE,CONDIZIONE O COMPLICAZIONE ANTEPARTUM"
673.84,"ALTRA EMBOLIA POLMONARE,CONDIZIONE O COMPLICAZIONE POSTPARTUM"
674,"ALTRE E NON SPECIFICATE COMPLICAZIONI DEL PUERPERIO, NON CLASSIFICATE ALTROVE"
674.0,DISTURBI CEREBROVASCOLARI NEL PUERPERIO
674.00,"DISTURBI CEREBROVASCOLARI NEL PUERPERIO,EPISODIO DI ASSISTENZA NON SPECIFICATO"
674.01,"DISTURBI CEREBROVASCOLARI NEL PUERPERIO,PARTO CON O SENZA MENZIONE DELLA CONDIZIONE ANTEPARTUM"
674.02,"DISTURBI CEREBROVASCOLARI NEL PUERPERIO,PARTO CON MENZIONE DELLE COMPLICAZIONI POSTPARTUM"
674.03,"DISTURBI CEREBROVASCOLARI NEL PUERPERIO,CONDIZIONE O COMPLICAZIONE ANTEPARTUM"
674.04,"DISTURBI CEREBROVASCOLARI NEL PUERPERIO,CONDIZIONE O COMPLICAZIONE POSTPARTUM"
674.1,RIAPERTURA DI SUTURA DI CESAREO
674.10,"RIAPERTURA DI SUTURA DI CESAREO,EPISODIO DI ASSISTENZA NON SPECIFICATO"
674.12,"RIAPERTURA DI SUTURA DI CESAREO,PARTO CON MENZIONE DELLE COMPLICAZIONI POSTPARTUM"
674.14,"RIAPERTURA DI SUTURA DI CESAREO,CONDIZIONE O COMPLICAZIONE POSTPARTUM"
674.2,RIAPERTURA DELLA SUTURA PERINEALE
674.20,"RIAPERTURA DELLA SUTURA PERINEALE,EPISODIO DI ASSISTENZA NON SPECIFICATO"
674.22,"RIAPERTURA DELLA SUTURA PERINEALE,PARTO CON MENZIONE DELLE COMPLICAZIONI POSTPARTUM"
674.24,"RIAPERTURA DELLA SUTURA PERINEALE,CONDIZIONE O COMPLICAZIONE POSTPARTUM"
674.3,ALTRE COMPLICAZIONI DI SUTURE CHIRURGICHE OSTETRICHE
674.30,"ALTRE COMPLICAZIONI DI SUTURE CHIRURGICHE OSTETRICHE,EPISODIO DI ASSISTENZA NON SPECIFICATO"
674.32,"ALTRE COMPLICAZIONI DI SUTURE CHIRURGICHE OSTETRICHE,PARTO CON MENZIONE DELLE COMPLICAZIONI POSTPARTUM"
674.34,"ALTRE COMPLICAZIONI DI SUTURE CHIRURGICHE OSTETRICHE,CONDIZIONE O COMPLICAZIONE POSTPARTUM"
674.4,POLIPO PLACENTARE
674.40,"POLIPO PLACENTARE,EPISODIO DI ASSISTENZA NON SPECIFICATO"
674.42,"POLIPO PLACENTARE,PARTO CON MENZIONE DELLE COMPLICAZIONI POSTPARTUM"
674.44,"POLIPO PLACENTARE,CONDIZIONE O COMPLICAZIONE POSTPARTUM"
674.5,CARDIOMIOPATIA PERIPARTUM
674.50,"CARDIOMIOPATIA PERIPARTUM, EPISODIO DI ASSISTENZA NON SPECIFICATO"
674.51,"CARDIOMIOPATIA PERIPARTUM, PARTO, CON O SENZA MENZIONE DELLA CONDIZIONE ANTEPARTUM"
674.52,"CARDIOMIOPATIA PERIPARTUM, PARTO CON MENZIONE DELLE COMPLICAZIONI POSTPARTUM"
674.53,"CARDIOMIOPATIA PERIPARTUM, CONDIZIONE O COMPLICAZIONE ANTEPARTUM"
674.54,"CARDIOMIOPATIA PERIPARTUM, CONDIZIONE O COMPLICAZIONE POSTPARTUM"
674.8,ALTRE
674.80,"ALTRE COMPLICAZIONI DEL PUERPERIO,EPISODIO DI ASSISTENZA NON SPECIFICATO"
674.82,"ALTRE COMPLICAZIONI DEL PUERPERIO,PARTO CON MENZIONE DELLE COMPLICAZIONI POSTPARTUM"
674.84,"ALTRE COMPLICAZIONI DEL PUERPERIO,CONDIZIONE O COMPLICAZIONE POSTPARTUM"
674.9,NON SPECIFICATE
674.90,"ALTRE COMPLICAZIONI DEL PUERPERIO,NON SPECIFICATE,EPISODIO DI ASSISTENZA NON SPECIFICATO"
674.92,"ALTRE COMPLICAZIONI DEL PUERPERIO,NON SPECIFICATE,PARTO CON MENZIONE DELLE COMPLICAZIONI POSTPARTUM"
674.94,"ALTRE COMPLICAZIONI DEL PUERPERIO,NON SPECIFICATE,CONDIZIONE O COMPLICAZIONE POSTPARTUM"
675,INFEZIONI DELLA MAMMELLA E DEL CAPEZZOLO ASSOCIATE ALLA NASCITA
675.0,INFEZIONI DEL CAPEZZOLO
675.00,"INFEZIONI DEL CAPEZZOLO,EPISODIO DI ASSISTENZA NON SPECIFICATO"
675.01,"INFEZIONI DEL CAPEZZOLO,PARTO CON O SENZA MENZIONE DELLA CONDIZIONE ANTEPARTUM"
675.02,"INFEZIONI DEL CAPEZZOLO,PARTO CON MENZIONE DELLE COMPLICAZIONI POSTPARTUM"
675.03,"INFEZIONI DEL CAPEZZOLO,CONDIZIONE O COMPLICAZIONE ANTEPARTUM"
675.04,"INFEZIONI DEL CAPEZZOLO,CONDIZIONE O COMPLICAZIONE POSTPARTUM"
675.1,ASCESSO DELLA MAMMELLA
675.10,"ASCESSO DELLA MAMMELLA,EPISODIO DI ASSISTENZA NON SPECIFICATO"
675.11,"ASCESSO DELLA MAMMELLA,PARTO CON O SENZA MENZIONE DELLA CONDIZIONE ANTEPARTUM"
675.12,"ASCESSO DELLA MAMMELLA,PARTO CON MENZIONE DELLE COMPLICAZIONI POSTPARTUM"
675.13,"ASCESSO DELLA MAMMELLA,CONDIZIONE O COMPLICAZIONE ANTEPARTUM"
675.14,"ASCESSO DELLA MAMMELLA,CONDIZIONE O COMPLICAZIONE POSTPARTUM"
675.2,MASTITE NON PURULENTA
675.20,"MASTITE NON PURULENTA,EPISODIO DI ASSISTENZA NON SPECIFICATO"
675.21,"MASTITE NON PURULENTA,PARTO CON O SENZA MENZIONE DELLA CONDIZIONE ANTEPARTUM"
675.22,"MASTITE NON PURULENTA,PARTO CON MENZIONE DELLE COMPLICAZIONI POSTPARTUM"
675.23,"MASTITE NON PURULENTA,CONDIZIONE O COMPLICAZIONE ANTEPARTUM"
675.24,"MASTITE NON PURULENTA,CONDIZIONE O COMPLICAZIONE POSTPARTUM"
675.8,ALTRE INFEZIONI SPECIFICATAMENTE DEL SENO E DEL CAPEZZOLO
675.80,"ALTRE INFEZIONI SPECIFICATAMENTE DEL SENO E DEL CAPEZZOLO,EPISODIO DI ASSISTENZA NON SPECIFICATO"
675.81,"ALTRE INFEZIONI SPECIFICATAMENTE DEL SENO E DEL CAPEZZOLO,PARTO CON O SENZA MENZIONE DELLA CONDIZIONE ANTEPARTUM"
675.82,"ALTRE INFEZIONI SPECIFICATAMENTE DEL SENO E DEL CAPEZZOLO,PARTO CON MENZIONE DELLE COMPLICAZIONI POSTPARTUM"
675.83,"ALTRE INFEZIONI SPECIFICATAMENTE DEL SENO E DEL CAPEZZOLO,CONDIZIONE O COMPLICAZIONE ANTEPARTUM"
675.84,"ALTRE INFEZIONI SPECIFICATAMENTE DEL SENO E DEL CAPEZZOLO,CONDIZIONE O COMPLICAZIONE POSTPARTUM"
675.9,INFEZIONE NON SPECIFICATA DEL SENO E DEL CAPEZZOLO
675.90,"INFEZIONE NON SPECIFICATA DEL SENO E DEL CAPEZZOLO,EPISODIO DI ASSISTENZA NON SPECIFICATO"
675.91,"INFEZIONE NON SPECIFICATA DEL SENO E DEL CAPEZZOLO,PARTO CON O SENZA MENZIONE DELLA CONDIZIONE ANTEPARTUM"
675.92,"INFEZIONE NON SPECIFICATA DEL SENO E DEL CAPEZZOLO,PARTO CON MENZIONE DELLE COMPLICAZIONI POSTPARTUM"
675.93,"INFEZIONE NON SPECIFICATA DEL SENO E DEL CAPEZZOLO,CONDIZIONE O COMPLICAZIONE ANTEPARTUM"
675.94,"INFEZIONE NON SPECIFICATA DEL SENO E DEL CAPEZZOLO,CONDIZIONE O COMPLICAZIONE POSTPARTUM"
676,"ALTRI PROBLEMI DEL SENO ASSOCIATI CON LA GRAVIDANZA, IL PUERPERIO E L'ALLATTAZIONE"
676.0,CAPEZZOLO RETRATTO
676.00,"CAPEZZOLO RETRATTO,EPISODIO DI ASSISTENZA NON SPECIFICATO"
676.01,"CAPEZZOLO RETRATTO,PARTO CON O SENZA MENZIONE DELLA CONDIZIONE ANTEPARTUM"
676.02,"CAPEZZOLO RETRATTO,PARTO CON MENZIONE DELLE COMPLICAZIONI POSTPARTUM"
676.03,"CAPEZZOLO RETRATTO,CONDIZIONE O COMPLICAZIONE ANTEPARTUM"
676.04,"CAPEZZOLO RETRATTO,CONDIZIONE O COMPLICAZIONE POSTPARTUM"
676.1,RAGADI DEL CAPEZZOLO
676.10,"RAGADI DEL CAPEZZOLO,EPISODIO DI ASSISTENZA NON SPECIFICATO"
676.11,"RAGADI DEL CAPEZZOLO,PARTO CON O SENZA MENZIONE DELLA CONDIZIONE ANTEPARTUM"
676.12,"RAGADI DEL CAPEZZOLO,PARTO CON MENZIONE DELLE COMPLICAZIONI POSTPARTUM"
676.13,"RAGADI DEL CAPEZZOLO,CONDIZIONE O COMPLICAZIONE ANTEPARTUM"
676.14,"RAGADI DEL CAPEZZOLO,CONDIZIONE O COMPLICAZIONE POSTPARTUM"
676.2,INGORGO DELLA MAMMELLA
676.20,"INGORGO DELLA MAMMELLA,EPISODIO DI ASSISTENZA NON SPECIFICATO"
676.21,"INGORGO DELLA MAMMELLA,PARTO CON O SENZA MENZIONE DELLA CONDIZIONE ANTEPARTUM"
676.22,"INGORGO DELLA MAMMELLA,PARTO CON MENZIONE DELLE COMPLICAZIONI POSTPARTUM"
676.23,"INGORGO DELLA MAMMELLA,CONDIZIONE O COMPLICAZIONE ANTEPARTUM"
676.24,"INGORGO DELLA MAMMELLA,CONDIZIONE O COMPLICAZIONE POSTPARTUM"
676.3,ALTRI E NON SPECIFICATI DISTURBI DEL SENO
676.30,"ALTRI E NON SPECIFICATI DISTURBI DEL SENO,EPISODIO DI ASSISTENZA NON SPECIFICATO"
676.31,"ALTRI E NON SPECIFICATI DISTURBI DEL SENO,PARTO CON O SENZA MENZIONE DELLA CONDIZIONE ANTEPARTUM"
676.32,"ALTRI E NON SPECIFICATI DISTURBI DEL SENO,PARTO CON MENZIONE DELLE COMPLICAZIONI POSTPARTUM"
676.33,"ALTRI E NON SPECIFICATI DISTURBI DEL SENO,CONDIZIONE O COMPLICAZIONE ANTEPARTUM"
676.34,"ALTRI E NON SPECIFICATI DISTURBI DEL SENO,CONDIZIONE O COMPLICAZIONE POSTPARTUM"
676.4,MANCATO ALLATTAMENTO
676.40,"MANCATO ALLATTAMENTO,EPISODIO DI ASSISTENZA NON SPECIFICATO"
676.41,"MANCATO ALLATTAMENTO,PARTO CON O SENZA MENZIONE DELLA CONDIZIONE ANTEPARTUM"
676.42,"MANCATO ALLATTAMENTO,PARTO CON MENZIONE DELLE COMPLICAZIONI POSTPARTUM"
676.43,"MANCATO ALLATTAMENTO,CONDIZIONE O COMPLICAZIONE ANTEPARTUM"
676.44,"MANCATO ALLATTAMENTO,CONDIZIONE O COMPLICAZIONE POSTPARTUM"
676.5,SOPPRESSIONE DELLA LATTAZIONE
676.50,"SOPPRESSIONE DELLA LATTAZIONE,EPISODIO DI ASSISTENZA NON SPECIFICATO"
676.51,"SOPPRESSIONE DELLA LATTAZIONE,PARTO CON O SENZA MENZIONE DELLA CONDIZIONE ANTEPARTUM"
676.52,"SOPPRESSIONE DELLA LATTAZIONE,PARTO CON MENZIONE DELLE COMPLICAZIONI POSTPARTUM"
676.53,"SOPPRESSIONE DELLA LATTAZIONE,CONDIZIONE O COMPLICAZIONE ANTEPARTUM"
676.54,"SOPPRESSIONE DELLA LATTAZIONE,CONDIZIONE O COMPLICAZIONE POSTPARTUM"
676.6,GALATTORREA
676.60,"GALATTORREA,EPISODIO DI ASSISTENZA NON SPECIFICATO"
676.61,"GALATTORREA,PARTO CON O SENZA MENZIONE DELLA CONDIZIONE ANTEPARTUM"
676.62,"GALATTORREA,PARTO CON MENZIONE DELLE COMPLICAZIONI POSTPARTUM"
676.63,"GALATTORREA,CONDIZIONE O COMPLICAZIONE ANTEPARTUM"
676.64,"GALATTORREA,CONDIZIONE O COMPLICAZIONE POSTPARTUM"
676.8,ALTRI DISORDINI DELLA LATTAZIONE
676.80,"ALTRI DISORDINI DELLA LATTAZIONE,EPISODIO DI ASSISTENZA NON SPECIFICATO"
676.81,"ALTRI DISORDINI DELLA LATTAZIONE,PARTO CON O SENZA MENZIONE DELLA CONDIZIONE ANTEPARTUM"
676.82,"ALTRI DISORDINI DELLA LATTAZIONE,PARTO CON MENZIONE DELLE COMPLICAZIONI POSTPARTUM"
676.83,"ALTRI DISORDINI DELLA LATTAZIONE,CONDIZIONE O COMPLICAZIONE ANTEPARTUM"
676.84,"ALTRI DISORDINI DELLA LATTAZIONE,CONDIZIONE O COMPLICAZIONE POSTPARTUM"
676.9,DISORDINI DELLA LATTAZIONE NON SPECIFICATI
676.90,"DISORDINI DELLA LATTAZIONE NON SPECIFICATI,EPISODIO DI ASSISTENZA NON SPECIFICATO"
676.91,"DISORDINI DELLA LATTAZIONE NON SPECIFICATI,PARTO CON O SENZA MENZIONE DELLA CONDIZIONE ANTEPARTUM"
676.92,"DISORDINI DELLA LATTAZIONE NON SPECIFICATI,PARTO CON MENZIONE DELLE COMPLICAZIONI POSTPARTUM"
676.93,"DISORDINI DELLA LATTAZIONE NON SPECIFICATI,CONDIZIONE O COMPLICAZIONE ANTEPARTUM"
676.94,"DISORDINI DELLA LATTAZIONE NON SPECIFICATI,CONDIZIONE O COMPLICAZIONE POSTPARTUM"
677,"EFFETTO TARDIVO DELLA COMPLICAZIONE DELLA GRAVIDANZA,DEL PARTO,DEL PUERPERIO"
680,FORUNCOLO E FAVO
680.0,FORUNCOLO E FAVO DELLA FACCIA
680.1,FORUNCOLO E FAVO DEL COLLO
680.2,FORUNCOLO E FAVO DEL TRONCO
680.3,FORUNCOLO E FAVO DEL BRACCIO E AVAMBRACCIO
680.4,FORUNCOLO E FAVO DELLA MANO
680.5,FORUNCOLO E FAVO DEI GLUTEI
680.6,"FORUNCOLO E FAVO DELL'ARTO INFERIORE,ECCETTO IL PIEDE"
680.7,FORUNCOLO E FAVO DEL PIEDE
680.8,FORUNCOLO E FAVO DI ALTRE SEDI SPECIFICATE
680.9,FORUNCOLO E FAVO DI ALTRE SEDI NON SPECIFICATE
681,FLEMMONE E ASCESSO DELLE DITA DELLE MANI E DELLE DITA DEI PIEDI
681.0,DITA DELLA MANO
681.00,"FLEMMONE E ASCESSO,NON SPECIFICATO"
681.01,PATERECCIO
681.02,ONICHIA E PARONICHIA DELLE DITA DELLA MANO
681.1,DITA DEL PIEDE
681.10,"FLEMMONE E ASCESSO,NON SPECIFICATO"
681.11,ONICHIA E PARONICHIA DELLE DITA DEL PIEDE
681.9,FLEMMONE E ASCESSO DI DITO NON SPECIFICATO
682,ALTRI FLEMMONI E ASCESSI
682.0,ALTRI FLEMMONI E ASCESSI DELLA FACCIA
682.1,ALTRI FLEMMONI E ASCESSI DEL COLLO
682.2,ALTRI FLEMMONI E ASCESSI TRONCO
682.3,"ALTRI FLEMMONI E ASCESSI,BRACCIO E AVAMBRACCIO"
682.4,"ALTRI FLEMMONI E ASCESSI,MANO ECCETTO LE DITA E IL POLLICE"
682.5,ALTRI FLEMMONI E ASCESSI DEI GLUTEI
682.6,"ALTRI FLEMMONI E ASCESSI,ARTO INFERIORE ECCETTO IL PIEDE"
682.7,ALTRI FLEMMONI E ASCESSI DEL PIEDE ECCETTO LE DITA
682.8,ALTRI FLEMMONI E ASCESSI DI ALTRE SEDI SPECIFICATE
682.9,ALTRI FLEMMONI E ASCESSI SEDI NON SPECIFICATE
683,LINFADENITE ACUTA
684,IMPETIGINE
685,CISTI PILONIDALE
685.0,CISTI PILONIDALE CON ASCESSO
685.1,CISTI PILONIDALE SENZA MENZIONE DI ASCESSO
686,ALTRE INFEZIONI LOCALIZZATE DELLA CUTE E DEL TESSUTO SOTTOCUTANEO
686.0,PIODERMA
686.00,"PIODERMA,NON SPECIFICATO"
686.01,PIODERMA GANGRENOSO
686.09,ALTRO PIODERMA
686.1,GRANULOMA PIOGENICO
686.8,ALTRE INFEZIONI LOCALIZZATE SPECIFICATE DELLA CUTE E DEL TESSUTO SOTTOCUTANEO
686.9,INFEZIONI LOCALIZZATE NON SPECIFICATE DELLA CUTE E DEL TESSUTO SOTTOCUTANEO
690,DERMATOSI ERITEMATO-DESQUAMATIVE
690.1,DERMATITE SEBORROICA
690.10,"DERMATITE SEBORROICA,NON SPECIFICATA"
690.11,SEBORREA DELLA TESTA
690.12,DERMATITE SEBORROICA INFANTILE
690.18,ALTRE DERMATITI SEBORROICHE
690.8,ALTRE DERMATOSI ERITEMATO-SQUAMOSE
691,DERMATITE ATOPICA E AFFEZIONI CORRELATE
691.0,DERMATITE DA PANNOLINO
691.8,ALTRE DERMATITI ATOPICHE E AFFEZIONI CORRELATE
692,DERMATITE DA CONTATTO ED ALTRI ECZEMI
692.0,DERMATITE DA CONTATTO CON DETERGENTI
692.1,DERMATITE DA CONTATTO CON OLI E GRASSI
692.2,DERMATITE DA CONTATTO CON SOLVENTI
692.3,DERMATITE DA CONTATTO CON FARMACI E MEDICAMENTI O PRESIDI PER USO TOPICO
692.4,DERMATITE DA CONTATTO CON ALTRI PRODOTTI CHIMICI
692.5,DERMATITE DA CONTATTO CON ALIMENTI
692.6,DERMATITE DA CONTATTO CON VEGETALI (ECCETTO ALIMENTARI)
692.7,DERMATITE DA RADIAZIONI SOLARI
692.70,DERMATITE NON SPECIFICATA DOVUTA AL SOLE
692.71,USTIONE SOLARE
692.72,DERMATITI ACUTE DA RADIAZIONI SOLARI
692.73,RETICULOIDE ATTINICO E GRANULOMA ATTINICO
692.74,ALTRE DERMATITI CRONICHE DOVUTE ALLE RADIAZIONI SOLARI
692.75,POROCHERATOSI SUPERFICIALE ATTINICA DISSEMINATA (DSAP)
692.76,USTIONE SOLARE DI SECONDO GRADO
692.77,USTIONE SOLARE DI TERZO GRADO
692.79,ALTRE DERMATITI DA RADIAZIONI SOLARI
692.8,DERMATITE DA ALTRI AGENTI SPECIFICATI
692.81,DERMATITE DA CONTATTO CON COSMETICI
692.82,DERMATITE DA ALTRE RADIAZIONI
692.83,DERMATITE DA CONTATTO CON METALLI
692.84,DERMATITE DA CONTATTO CON FORFORA ANIMALE (CANE E GATTO)
692.89,DERMATITE DA ALTRI AGENTI SPECIFICATI
692.9,DERMATITE DA CAUSE NON SPECIFICATE
693,DERMATITI DA SOSTANZE ASSUNTE PER VIA SISTEMICA
693.0,DERMATITE DA FARMACI E MEDICAMENTI O PRESIDI
693.1,DERMATITE DA ALIMENTI
693.8,DERMATITE DA ALTRE SOSTANZE SPECIFICATE ASSUNTE PER VIA SISTEMICA
693.9,DERMATITE DA SOSTANZE NON SPECIFICATE ASSUNTE PER VIA SISTEMICA
694,DERMATOSI BOLLOSE
694.0,DERMATITE ERPETIFORME
694.1,DERMATOSI PUSTOLOSA SUBCORNEALE
694.2,DERMATITE ERPETIFORME GIOVANILE
694.3,IMPETIGINE ERPETIFORME
694.4,PEMFIGO
694.5,PEMFIGOIDE
694.6,PEMFIGOIDE BENIGNO DELLE MUCOSE
694.60,PEMFIGOIDE BENIGNO DELLE MUCOSE SENZA MENZIONE DI INTERESSAMENTO OCULARE
694.61,PEMFIGOIDE BENIGNO DELLE MUCOSE CON INTERESSAMENTO OCULARE
694.8,ALTRE DERMATOSI BOLLOSE SPECIFICATE
694.9,DERMATOSI BOLLOSE NON SPECIFICATE
695,AFFEZIONI ERITEMATOSE
695.0,ERITEMA TOSSICO
695.1,ERITEMA MULTIFORME O POLIMORFO
695.2,ERITEMA NODOSO
695.3,ROSACEA
695.4,LUPUS ERITEMATOSO
695.8,ALTRE AFFEZIONI ERITEMATOSE SPECIFICATE
695.81,MALATTIA DI RITTER
695.89,ALTRE AFFEZIONI ERITEMATOSE SPECIFICATE
695.9,AFFEZIONI ERITEMATOSE NON SPECIFICATE
696,PSORIASI E AFFEZIONI SIMILARI
696.0,ARTROPATIA PSORIASICA
696.1,ALTRE PSORIASI
696.2,PARAPSORIASI
696.3,PITIRIASI ROSEA
696.4,PITIRIASI RUBRA PILARE
696.5,ALTRE E NON SPECIFICATE PITIRIASI
696.8,ALTRE
697,LICHEN
697.0,LICHEN PLANUS
697.1,LICHEN NITIDUS
697.8,ALTRI LICHEN NON CLASSIFICATI ALTROVE
697.9,"LICHEN,NON SPECIFICATO"
698,PRURITO E AFFEZIONI CORRELATE
698.0,PRURITO ANALE
698.1,PRURITO DEGLI ORGANI GENITALI
698.2,PRURIGO
698.3,LICHENIFICAZIONE E LICHEN SIMPLEX CRONICO
698.4,PATOMIMIA CUTANEA O DERMATITE ARTEFATTA
698.8,ALTRE AFFEZIONI PRURIGINOSE SPECIFICATE
698.9,AFFEZIONI PRURIGINOSE NON SPECIFICATE
700,CALLI E CALLOSIT@
701,ALTRE AFFEZIONI ATROFICHE E IPERTROFICHE DELLA CUTE
701.0,SCLERODERMIA CIRCOSCRITTA
701.1,CHERATODERMIA ACQUISITA
701.2,ACANTOSI NIGRICANS ACQUISITA
701.3,STRIE ATROFICHE
701.4,CICATRICI CHELOIDEE
701.5,ALTRE ANOMALIE DEL TESSUTO DI GRANULAZIONE
701.8,ALTRE AFFEZIONI IPERTROFICHE E ATROFICHE SPECIFICATE DELLA CUTE
701.9,AFFEZIONI IPERTROFICHE E ATROFICHE NON SPECIFICATE DELLA CUTE
702,ALTRE DERMATOSI
702.0,CHERATOSI ATTINICA
702.1,CHERATOSI SEBORROICA
702.11,CHERATOSI SEBORROICA INFIAMMATA
702.19,ALTRE CHERATOSI SEBORROICHE
702.8,ALTRE DERMATOSI SPECIFICATE
703,MALATTIE DELLE UNGHIE
703.0,UNGHIA INCARNITA
703.8,ALTRE AFFEZIONI SPECIFICATE DELL'UNGHIA
703.9,AFFEZIONI NON SPECIFICATE DELL'UNGHIA
704,MALATTIE DEI PELI E DEI FOLLICOLI PILIFERI
704.0,ALOPECIA
704.00,"ALOPECIA,NON SPECIFICATA"
704.01,ALOPECIA AREATA
704.02,TELOGEN EFFLUVIUM
704.09,ALTRE
704.1,IRSUTISMO
704.2,ANOMALIE DEL PELO
704.3,VARIAZIONI DEL COLORE DEI CAPELLI
704.8,ALTRE MALATTIE SPECIFICATE DEI PELI E DEI FOLLICOLI PILIFERI
704.9,MALATTIE NON SPECIFICATE DEI PELI E DEI FOLLICOLI PILIFERI
705,MALATTIE DELLE GHIANDOLE SUDORIPARE
705.0,ANIDROSI
705.1,MILIARIA
705.2,IPERIDROSI FOCALE
705.21,IPERIDROSI FOCALE PRIMARIA
705.22,IPERIDROSI FOCALE SECONDARIA
705.8,ALTRE MALATTIE SPECIFICATE DELLE GHIANDOLE SUDORIPARE
705.81,DISIDROSI
705.82,MALATTIA DI FOX-FORDYCE
705.83,IDROSADENITE
705.89,ALTRE MALATTIE SPECIFICATE DELLE GHIANDOLE SUDORIPARE
705.9,MALATTIE NON SPECIFICATE DELLE GHIANDOLE SUDORIPARE
706,MALATTIE DELLE GHIANDOLE SEBACEE
706.0,ACNE VARIOLIFORME
706.1,ALTRE ACNI
706.2,CISTI SEBACEA
706.3,SEBORREA
706.8,ALTRE MALATTIE SPECIFICATE DELLE GHIANDOLE SEBACEE
706.9,MALATTIE NON SPECIFICATE DELLE GHIANDOLE SEBACEE
707,ULCERAZIONE CRONICA DELLA CUTE
707.0,ULCERAZIONE DA DECUBITO
707.00,"ULCERAZIONE DA DECUBITO, SITO NON SPECIFICATO"
707.01,ULCERAZIONE DA DECUBITO DEL GOMITO
707.02,"ULCERAZIONE DA DECUBITO,PARTE SUPERIORE DEL DORSO"
707.03,"ULCERAZIONE DA DECUBITO,PARTE INFERIORE DEL DORSO"
707.04,ULCERAZIONE DA DECUBITO DELL'ANCA
707.05,ULCERAZIONE DA DECUBITO DELLA NATICA
707.06,ULCERAZIONE DA DECUBITO DELLA CAVIGLIA
707.07,ULCERAZIONE DA DECUBITO DEL TALLONE
707.09,ULCERAZIONE DA DECUBITO DI ALTRO SITO
707.1,"ULCERA DEGLI ARTI INFERIORI, ECCETTO ULCERA DA DECUBITO"
707.10,"ULCERA DEGLI ARTI INFERIORI,PARTE NON SPECIFICATA"
707.11,ULCERA DELLA COSCIA
707.12,ULCERA DEL POLPACCIO
707.13,ULCERA DELLA CAVIGLIA
707.14,ULCERA DEL TALLONE E DEL TARSO-METATARSO
707.15,ULCERA DI ALTRE PARTI DEL PIEDE
707.19,ULCERA DI ALTRE PARTI DEGLI ARTI INFERIORI
707.8,ULCERAZIONI CRONICHE DI ALTRE SEDI SPECIFICATE
707.9,ULCERAZIONI CRONICHE DI SEDI NON SPECIFICATE
708,ORTICARIA
708.0,ORTICARIA ALLERGICA
708.1,ORTICARIA IDIOPATICA
708.2,ORTICARIA DA CALDO E DA FREDDO
708.3,DERMOGRAFISMO
708.4,ORTICARIA VIBRATORIA
708.5,ORTICARIA COLINERGICA
708.8,ALTRE ORTICARIE SPECIFICATE
708.9,"ORTICARIA,NON SPECIFICATA"
709,ALTRE ALTERAZIONI DELLA CUTE E DEL TESSUTO SOTTOCUTANEO
709.0,DISCROMIA
709.00,"DISCROMIA,NON SPECIFICATA"
709.01,VITILIGINE
709.09,ALTRE
709.1,ALTERAZIONI VASCOLARI DELLA CUTE
709.2,ALTERAZIONI CICATRIZIALI E FIBROSI DELLA CUTE
709.3,ALTERAZIONI DEGENERATIVE DELLA CUTE
709.4,GRANULOMA DA CORPO ESTRANEO DELLA CUTE E DEL TESSUTO SOTTOCUTANEO
709.8,ALTRE ALTERAZIONI SPECIFICATE DELLA CUTE
709.9,ALTERAZIONI NON SPECIFICATE DELLA CUTE E DEL TESSUTO SOTTOCUTANEO
710,MALATTIE DIFFUSE DEL TESSUTO CONNETTIVO
710.0,LUPUS ERITEMATOSO SISTEMICO
710.1,SCLEROSI SISTEMICA
710.2,MALATTIA DI SJOGREN
710.3,DERMATOMIOSITE
710.4,POLIMIOSITE
710.5,SINDROME EOSINOFILIA E MIALGIA
710.8,"ALTRE MALATTIE DIFFUSE DEL CONNETTIVO,SPECIFICATE"
710.9,"MALATTIE DIFFUSE DEL CONNETTIVO,NON SPECIFICATE"
711,ARTROPATIE DA AGENTI INFETTIVI
711.0,ARTRITE DA PIOGENI
711.00,"ARTRITE DA PIOGENI,SEDE NON SPECIFICATA"
711.01,"ARTRITE DA PIOGENI,SPALLA"
711.02,"ARTRITE DA PIOGENI,GOMITO"
711.03,"ARTRITE DA PIOGENI,POLSO"
711.04,"ARTRITE DA PIOGENI,CARPO,METACARPO ED ARTICOLAZIONI INTERFALANGEE DEL CARPO,METACARPO ED ARTICOLAZIONI INTERFALANGEE DELLA MANO"
711.05,"ARTRITE DA PIOGENI,ANCA"
711.06,"ARTRITE DA PIOGENI,GINOCCHIO"
711.07,"ARTRITE DA PIOGENI,OSSA DEL PIEDE"
711.08,"ARTRITE DA PIOGENI,ALTRE SEDI SPECIFICATE"
711.09,"ARTRITE DA PIOGENI,SEDI MULTIPLE"
711.1,ARTROPATIA ASSOCIATA A MALATTIA DI REITER E URETRITI ASPECIFICHE
711.10,"ARTROPATIA ASSOCIATA A MALATTIA DI REITER E URETRITI ASPECIFICHE,SEDE NON SPECIFICATA"
711.11,"ARTROPATIA ASSOCIATA A MALATTIA DI REITER E URETRITI ASPECIFICHE,SPALLA"
711.12,"ARTROPATIA ASSOCIATA A MALATTIA DI REITER E URETRITI ASPECIFICHE,GOMITO"
711.13,"ARTROPATIA ASSOCIATA A MALATTIA DI REITER E URETRITI ASPECIFICHE,POLSO"
711.14,"ARTROPATIA ASSOCIATA A MALATTIA DI REITER E URETRITI ASPECIFICHE,CARPO,METACARPO ED ARTICOLAZIONI INTERFALANGEE DELLA MANO"
711.15,"ARTROPATIA ASSOCIATA A MALATTIA DI REITER E URETRITI ASPECIFICHE,ANCA"
711.16,"ARTROPATIA ASSOCIATA A MALATTIA DI REITER E URETRITI ASPECIFICHE,GINOCCHIO"
711.17,"ARTROPATIA ASSOCIATA A MALATTIA DI REITER E URETRITI ASPECIFICHE,CAVIGLIA E PIEDE"
711.18,"ARTROPATIA ASSOCIATA A MALATTIA DI REITER E URETRITI ASPECIFICHE,ALTRE SEDI SPECIFICATE"
711.19,"ARTROPATIA ASSOCIATA A MALATTIA DI REITER E URETRITI ASPECIFICHE,SEDI MULTIPLE"
711.2,ARTROPATIA NELLA SINDROME DI BEHCET
711.20,"ARTROPATIA NELLA SINDROME DI BEHCET,SEDE NON SPECIFICATA"
711.21,"ARTROPATIA NELLA SINDROME DI BEHCET,SPALLA"
711.22,"ARTROPATIA NELLA SINDROME DI BEHCET,GOMITO"
711.23,"ARTROPATIA NELLA SINDROME DI BEHCET,POLSO"
711.24,"ARTROPATIA NELLA SINDROME DI BEHCET,CARPO,METACARPO ED ARTICOLAZIONI INTERFALANGEE DELLA MANO"
711.25,"ARTROPATIA NELLA SINDROME DI BEHCET,ANCA"
711.26,"ARTROPATIA NELLA SINDROME DI BEHCET,GINOCCHIO"
711.27,"ARTROPATIA NELLA SINDROME DI BEHCET,TIBIO TARSICA ED ARTICOLAZIONI DEL PIEDE"
711.28,"ARTROPATIA NELLA SINDROME DI BEHCET,ALTRE SEDI SPECIFICATE"
711.29,"ARTROPATIA NELLA SINDROME DI BEHCET,SEDI MULTIPLE"
711.3,ARTROPATIA ASSOCIATA A INFEZIONI INTESTINALI
711.30,"ARTROPATIA ASSOCIATA A INFEZIONI INTESTINALI,SEDE NON SPECIFICATA"
711.31,"ARTROPATIA ASSOCIATA A INFEZIONI INTESTINALI,SPALLA"
711.32,"ARTROPATIA ASSOCIATA A INFEZIONI INTESTINALI,GOMITO"
711.33,"ARTROPATIA ASSOCIATA A INFEZIONI INTESTINALI,POLSO"
711.34,"ARTROPATIA ASSOCIATA A INFEZIONI INTESTINALI,CARPO,METACARPO ED ARTICOLAZIONI INTERFALANGEE DELLA MANO"
711.35,"ARTROPATIA ASSOCIATA A INFEZIONI INTESTINALI,ANCA"
711.36,"ARTROPATIA ASSOCIATA A INFEZIONI INTESTINALI,GINOCCHIO"
711.37,"ARTROPATIA ASSOCIATA A INFEZIONI INTESTINALI,TIBIO TARSICA ED ARTICOLAZIONI DEL PIEDE"
711.38,"ARTROPATIA ASSOCIATA A INFEZIONI INTESTINALI,ALTRE SEDI SPECIFICATE"
711.39,"ARTROPATIA ASSOCIATA A INFEZIONI INTESTINALI,SEDI MULTIPLE"
711.4,ARTROPATIA ASSOCIATA AD ALTRE MALATTIE BATTERICHE
711.40,"ARTROPATIA ASSOCIATA AD ALTRE MALATTIE BATTERICHE,SEDE NON SPECIFICATA"
711.41,"ARTROPATIA ASSOCIATA AD ALTRE MALATTIE BATTERICHE,SPALLA"
711.42,"ARTROPATIA ASSOCIATA AD ALTRE MALATTIE BATTERICHE,GOMITO"
711.43,"ARTROPATIA ASSOCIATA AD ALTRE MALATTIE BATTERICHE,POLSO"
711.44,"ARTROPATIA ASSOCIATA AD ALTRE MALATTIE BATTERICHE,CARPO,METACARPO ED ARTICOLAZIONI INTERFALANGEE DELLA MANO"
711.45,"ARTROPATIA ASSOCIATA AD ALTRE MALATTIE BATTERICHE,ANCA"
711.46,"ARTROPATIA ASSOCIATA AD ALTRE MALATTIE BATTERICHE,GINOCCHIO"
711.47,"ARTROPATIA ASSOCIATA AD ALTRE MALATTIE BATTERICHE,TIBIO TARSICA ED ARTICOLAZIONI DEL PIEDE"
711.48,"ARTROPATIA ASSOCIATA AD ALTRE MALATTIE BATTERICHE,ALTRE SEDI SPECIFICATE"
711.49,"ARTROPATIA ASSOCIATA AD ALTRE MALATTIE BATTERICHE,SEDI MULTIPLE"
711.5,ARTROPATIA ASSOCIATA AD ALTRE MALATTIE VIRALI
711.50,"ARTROPATIA ASSOCIATA AD ALTRE MALATTIE VIRALI,SEDE NON SPECIFICATA"
711.51,"ARTROPATIA ASSOCIATA AD ALTRE MALATTIE VIRALI,SPALLA"
711.52,"ARTROPATIA ASSOCIATA AD ALTRE MALATTIE VIRALI,GOMITO"
711.53,"ARTROPATIA ASSOCIATA AD ALTRE MALATTIE VIRALI,POLSO"
711.54,"ARTROPATIA ASSOCIATA AD ALTRE MALATTIE VIRALI,CARPO,METACARPO ED ARTICOLAZIONI INTERFALANGEE DELLA MANO"
711.55,"ARTROPATIA ASSOCIATA AD ALTRE MALATTIE VIRALI,ANCA"
711.56,"ARTROPATIA ASSOCIATA AD ALTRE MALATTIE VIRALI,GINOCCHIO"
711.57,"ARTROPATIA ASSOCIATA AD ALTRE MALATTIE VIRALI,TIBIO TARSICA ED ARTICOLAZIONI DEL PIEDE"
711.58,"ARTROPATIA ASSOCIATA AD ALTRE MALATTIE VIRALI,ALTRE SEDI SPECIFICATE"
711.59,"ARTROPATIA ASSOCIATA AD ALTRE MALATTIE VIRALI,SEDI MULTIPLE"
711.6,ARTROPATIA ASSOCIATA A MICOSI
711.60,"ARTROPATIA ASSOCIATA A MICOSI,SEDE NON SPECIFICATA"
711.61,"ARTROPATIA ASSOCIATA A MICOSI,SPALLA"
711.62,"ARTROPATIA ASSOCIATA A MICOSI,GOMITO"
711.63,"ARTROPATIA ASSOCIATA A MICOSI,POLSO"
711.64,"ARTROPATIA ASSOCIATA A MICOSI,CARPO,METACARPO ED ARTICOLAZIONI INTERFALANGEE DELLA MANO"
711.65,"ARTROPATIA ASSOCIATA A MICOSI,ANCA"
711.66,"ARTROPATIA ASSOCIATA A MICOSI,GINOCCHIO"
711.67,"ARTROPATIA ASSOCIATA A MICOSI,TIBIO TARSICA ED ARTICOLAZIONI DEL PIEDE"
711.68,"ARTROPATIA ASSOCIATA A MICOSI,ALTRE SEDI SPECIFICATE"
711.69,"ARTROPATIA ASSOCIATA A MICOSI,SEDI MULTIPLE"
711.7,ARTROPATIA ASSOCIATA A ELMINTIASI
711.70,"ARTROPATIA ASSOCIATA A ELMINTIASI,SEDE SPECIFICATA"
711.71,"ARTROPATIA ASSOCIATA A ELMINTIASI,SPALLA"
711.72,"ARTROPATIA ASSOCIATA A ELMINTIASI,GOMITO"
711.73,"ARTROPATIA ASSOCIATA A ELMINTIASI,POLSO"
711.74,"ARTROPATIA ASSOCIATA A ELMINTIASI,CARPO,METACARPO ED ARTICOLAZIONI INTERFALANGEE DELLA MANO"
711.75,"ARTROPATIA ASSOCIATA A ELMINTIASI,ANCA"
711.76,"ARTROPATIA ASSOCIATA A ELMINTIASI,GINOCCHIO"
711.77,"ARTROPATIA ASSOCIATA A ELMINTIASI,TIBIO TARSICA ED ARTICOLAZIONI DEL PIEDE"
711.78,"ARTROPATIA ASSOCIATA A ELMINTIASI,ALTRE SEDI SPECIFICATE"
711.79,"ARTROPATIA ASSOCIATA A ELMINTIASI,SEDI MULTIPLE"
711.8,ARTROPATIA ASSOCIATA AD ALTRE MALATTIE INFETTIVE E PARASSITARIE
711.80,"ARTROPATIA ASSOCIATA AD ALTRE MALATTIE INFETTIVE E PARASSITARIE,SEDE NON SPECIFICATA"
711.81,"ARTROPATIA ASSOCIATA AD ALTRE MALATTIE INFETTIVE E PARASSITARIE,SPALLA"
711.82,"ARTROPATIA ASSOCIATA AD ALTRE MALATTIE INFETTIVE E PARASSITARIE,GOMITO"
711.83,"ARTROPATIA ASSOCIATA AD ALTRE MALATTIE INFETTIVE E PARASSITARIE,POLSO"
711.84,"ARTROPATIA ASSOCIATA AD ALTRE MALATTIE INFETTIVE E PARASSITARIE,CARPO,METACARPO ED ARTICOLAZIONI INTERFALANGEE DELLA MANO"
711.85,"ARTROPATIA ASSOCIATA AD ALTRE MALATTIE INFETTIVE E PARASSITARIE,ANCA"
711.86,"ARTROPATIA ASSOCIATA AD ALTRE MALATTIE INFETTIVE E PARASSITARIE,GINOCCHIO"
711.87,"ARTROPATIA ASSOCIATA AD ALTRE MALATTIE INFETTIVE E PARASSITARIE,TIBIO TARSICA ED ARTICOLAZIONI DEL PIEDE"
711.88,"ARTROPATIA ASSOCIATA AD ALTRE MALATTIE INFETTIVE E PARASSITARIE,ALTRE SEDI SPECIFICATE"
711.89,"ARTROPATIA ASSOCIATA AD ALTRE MALATTIE INFETTIVE E PARASSITARIE,SEDI MULTIPLE"
711.9,ARTRITE INFETTIVA NON SPECIFICATA
711.90,"ARTRITE INFETTIVA NON SPECIFICATA,SEDE NON SPECIFICATA"
711.91,"ARTRITE INFETTIVA NON SPECIFICATA,SPALLA"
711.92,"ARTRITE INFETTIVA NON SPECIFICATA,GOMITO"
711.93,"ARTRITE INFETTIVA NON SPECIFICATA,POLSO"
711.94,"ARTRITE INFETTIVA NON SPECIFICATA,CARPO,METACARPO ED ARTICOLAZIONI INTERFALANGEE DELLA MANO"
711.95,"ARTRITE INFETTIVA NON SPECIFICATA,ANCA"
711.96,"ARTRITE INFETTIVA NON SPECIFICATA,GINOCCHIO"
711.97,"ARTRITE INFETTIVA NON SPECIFICATA,TIBIO TARSICA ED ARTICOLAZIONI DEL PIEDE"
711.98,"ARTRITE INFETTIVA NON SPECIFICATA,ALTRE SEDI SPECIFICATE"
711.99,"ARTRITE INFETTIVA NON SPECIFICATA,SEDI MULTIPLE"
712,ARTROPATIE DA MICROCRISTALLI
712.1,CONDROCALCINOSI DA CRISTALLI DI FOSFATO BIBASICO DI CALCIO
712.10,"CONDROCALCINOSI DA CRISTALLI DI FOSFATO BIBASICO DI CALCIO,SEDE NON SPECIFICATA"
712.11,"CONDROCALCINOSI DA CRISTALLI DI FOSFATO BIBASICO DI CALCIO,SPALLA"
712.12,"CONDROCALCINOSI DA CRISTALLI DI FOSFATO BIBASICO DI CALCIO,GOMITO"
712.13,"CONDROCALCINOSI DA CRISTALLI DI FOSFATO BIBASICO DI CALCIO,POLSO"
712.14,"CONDROCALCINOSI DA CRISTALLI DI FOSFATO BIBASICO DI CALCIO,CARPO,METACARPO ED ARTICOLAZIONI INTERFALANGEE DELLA MANO"
712.15,"CONDROCALCINOSI DA CRISTALLI DI FOSFATO BIBASICO DI CALCIO,ANCA"
712.16,"CONDROCALCINOSI DA CRISTALLI DI FOSFATO BIBASICO DI CALCIO,GINOCCHIO"
712.17,"CONDROCALCINOSI DA CRISTALLI DI FOSFATO BIBASICO DI CALCIO,TIBIO TARSICA ED ARTICOLAZIONI DEL PIEDE"
712.18,"CONDROCALCINOSI DA CRISTALLI DI FOSFATO BIBASICO DI CALCIO,ALTRE SEDI SPECIFICATE"
712.19,"CONDROCALCINOSI DA CRISTALLI DI FOSFATO BIBASICO DI CALCIO,SEDI MULTIPLE"
712.2,CONDROCALCINOSI DA CRISTALLI DI PIROFOSFATO
712.20,"CONDROCALCINOSI DA CRISTALLI DI PIROFOSFATO,SEDE NON SPECIFICATA"
712.21,"CONDROCALCINOSI DA CRISTALLI DI PIROFOSFATO,SPALLA"
712.22,"CONDROCALCINOSI DA CRISTALLI DI PIROFOSFATO,GOMITO"
712.23,"CONDROCALCINOSI DA CRISTALLI DI PIROFOSFATO,POLSO"
712.24,"CONDROCALCINOSI DA CRISTALLI DI PIROFOSFATO,CARPO,METACARPO ED ARTICOLAZIONI INTERFALANGEE DELLA MANO"
712.25,"CONDROCALCINOSI DA CRISTALLI DI PIROFOSFATO,ANCA"
712.26,"CONDROCALCINOSI DA CRISTALLI DI PIROFOSFATO,GINOCCHIO"
712.27,"CONDROCALCINOSI DA CRISTALLI DI PIROFOSFATO,TIBIO TARSICA ED ARTICOLAZIONI DEL PIEDE"
712.28,"CONDROCALCINOSI DA CRISTALLI DI PIROFOSFATO,ALTRE SEDI SPECIFICATE"
712.29,"CONDROCALCINOSI DA CRISTALLI DI PIROFOSFATO,SEDI MULTIPLE"
712.3,CONDROCALCINOSI NON SPECIFICATA
712.30,"CONDROCALCINOSI NON SPECIFICATA,SEDE NON SPECIFICATA"
712.31,"CONDROCALCINOSI NON SPECIFICATA,SPALLA"
712.32,"CONDROCALCINOSI NON SPECIFICATA,GOMITO"
712.33,"CONDROCALCINOSI NON SPECIFICATA,POLSO"
712.34,"CONDROCALCINOSI NON SPECIFICATA,CARPO,METACARPO ED ARTICOLAZIONI INTERFALANGEE DELLA MANO"
712.35,"CONDROCALCINOSI NON SPECIFICATA,ANCA"
712.36,"CONDROCALCINOSI NON SPECIFICATA,GINOCCHIO"
712.37,"CONDROCALCINOSI NON SPECIFICATA,TIBIO TARSICA ED ARTICOLAZIONI DEL PIEDE"
712.38,"CONDROCALCINOSI NON SPECIFICATA,ALTRE SEDI SPECIFICATE"
712.39,"CONDROCALCINOSI NON SPECIFICATA,SEDI MULTIPLE"
712.8,ALTRE ARTROPATIE DA MICROCRISTALLI
712.80,"ALTRE ARTROPATIE DA MICROCRISTALLI,SEDE NON SPECIFICATA"
712.81,"ALTRE ARTROPATIE DA MICROCRISTALLI,SPALLA"
712.82,"ALTRE ARTROPATIE DA MICROCRISTALLI,GOMITO"
712.83,"ALTRE ARTROPATIE DA MICROCRISTALLI,POLSO"
712.84,"ALTRE ARTROPATIE DA MICROCRISTALLI,CARPO,METACARPO ED ARTICOLAZIONI INTERFALANGEE DELLA MANO"
712.85,"ALTRE ARTROPATIE DA MICROCRISTALLI,ANCA"
712.86,"ALTRE ARTROPATIE DA MICROCRISTALLI,GINOCCHIO"
712.87,"ALTRE ARTROPATIE DA MICROCRISTALLI,TIBIO TARSICA ED ARTICOLAZIONI DEL PIEDE"
712.88,"ALTRE ARTROPATIE DA MICROCRISTALLI,ALTRE SEDI SPECIFICATE"
712.89,"ALTRE ARTROPATIE DA MICROCRISTALLI,SEDI MULTIPLE"
712.9,ARTROPATIA NON SPECIFICATA DA MICROCRISTALLI
712.90,"ARTROPATIA NON SPECIFICATA DA MICROCRISTALLI,SEDE NON SPECIFICATA"
712.91,"ARTROPATIA NON SPECIFICATA DA MICROCRISTALLI,SPALLA"
712.92,"ARTROPATIA NON SPECIFICATA DA MICROCRISTALLI,GOMITO"
712.93,"ARTROPATIA NON SPECIFICATA DA MICROCRISTALLI,POLSO"
712.94,"ARTROPATIA NON SPECIFICATA DA MICROCRISTALLI,CARPO,METACARPO ED ARTICOLAZIONI INTERFALANGEE DELLA MANO"
712.95,"ARTROPATIA NON SPECIFICATA DA MICROCRISTALLI,ANCA"
712.96,"ARTROPATIA NON SPECIFICATA DA MICROCRISTALLI,GINOCCHIO"
712.97,"ARTROPATIA NON SPECIFICATA DA MICROCRISTALLI,TIBIO TARSICA ED ARTICOLAZIONI DEL PIEDE"
712.98,"ARTROPATIA NON SPECIFICATA DA MICROCRISTALLI,ALTRE SEDI SPECIFICATE"
712.99,"ARTROPATIA NON SPECIFICATA DA MICROCRISTALLI,SEDI MULTIPLE"
713,ARTROPATIA ASSOCIATA AD ALTRI DISTURBI CLASSIFICATI ALTROVE
713.0,ARTROPATIA ASSOCIATA AD ALTRI DISTURBI ENDOCRINI E METABOLICI
713.1,ARTROPATIA ASSOCIATA A MANIFESTAZIONI MORBOSE GASTROINTESTINALI NON INFETTIVE
713.2,ARTROPATIA ASSOCIATA AD AFFEZIONI EMATOLOGICHE
713.3,ARTROPATIA ASSOCIATA AD AFFEZIONI DERMATOLOGICHE
713.4,ARTROPATIA ASSOCIATA AD AFFEZIONI RESPIRATORIE
713.5,ARTROPATIA ASSOCIATA A DISTURBI NEUROLOGICI
713.6,ARTROPATIA ASSOCIATA A REAZIONI DI IPERSENSIBILIT@
713.7,ALTRE MALATTIE GENERALI CON COMPLICAZIONI ARTICOLARI
713.8,ARTROPATIA ASSOCIATA AD ALTRE MANIFESTAZIONI MORBOSE CLASSIFICATE ALTROVE
714,ARTRITE REUMATOIDE ED ALTRE POLIARTROPATIE INFIAMMATORIE
714.0,ARTRITE REUMATOIDE
714.1,SINDROME DI FELTY
714.2,ALTRE ARTRITI REUMATOIDI CON INTERESSAMENTO VISCERALE O SISTEMICO
714.3,POLIARTRITE CRONICA GIOVANILE
714.30,"ARTRITE REUMATOIDE GIOVANILE,CRONICA O NON SPECIFICATA,POLIARTICOLARE"
714.31,ARTRITE REUMATOIDE GIOVANILE ACUTA POLIARTICOLARE
714.32,ARTRITE REUMATOIDE GIOVANILE PAUCIARTICOLARE
714.33,ARTRITE REUMATOIDE GIOVANILE MONOARTICOLARE
714.4,ARTROPATIA CRONICA POST-TRAUMATICA
714.8,ALTRE POLIARTROPATIE INFIAMMATORIE SPECIFICATE
714.81,POLMONE REUMATOIDE
714.89,ALTRE POLIARTROPATIE INFIAMMATORIE SPECIFICATE
714.9,POLIARTROPATIE INFIAMMATORIE NON SPECIFICATE
715,ARTROSI
715.0,OSTEOARTROSI GENERALIZZATA
715.00,"ARTROSI GENERALIZZATA,SEDI NON SPECIFICATE"
715.04,"ARTROSI GENERALIZZATA,INTERESSAMENTO PREMINENTE DEL CARPO,METACARPO ED ARTICOLAZIONI INTERFALANGEE DELLA MANO"
715.09,"ARTROSI GENERALIZZATA,SEDI MULTIPLE"
715.1,"ARTROSI LOCALIZZATA, PRIMARIA"
715.10,"ARTROSI LOCALIZZATA PRIMARIA,SEDE NON SPECIFICATA"
715.11,"ARTROSI LOCALIZZATA PRIMARIA,SPALLA"
715.12,"ARTROSI LOCALIZZATA PRIMARIA,GOMITO"
715.13,"ARTROSI LOCALIZZATA PRIMARIA,POLSO"
715.14,"ARTROSI LOCALIZZATA PRIMARIA,CARPO,METACARPO ED ARTICOLAZIONI INTERFALANGEE DELLA MANO"
715.15,"ARTROSI LOCALIZZATA PRIMARIA,ANCA"
715.16,"ARTROSI LOCALIZZATA PRIMARIA,GINOCCHIO"
715.17,"ARTROSI LOCALIZZATA PRIMARIA,TIBIO TARSICA ED ARTICOLAZIONI DEL PIEDE"
715.18,"ARTROSI LOCALIZZATA PRIMARIA,ALTRE SEDI SPECIFICATE"
715.2,"ARTROSI LOCALIZZATA, SECONDARIA"
715.20,"ARTROSI LOCALIZZATA SECONDARIA,SEDE NON SPECIFICATA"
715.21,"ARTROSI LOCALIZZATA SECONDARIA,SPALLA"
715.22,"ARTROSI LOCALIZZATA SECONDARIA,GOMITO"
715.23,"ARTROSI LOCALIZZATA SECONDARIA,POLSO"
715.24,"ARTROSI LOCALIZZATA SECONDARIA,CARPO,METACARPO ED ARTICOLAZIONI INTERFALANGEE DELLA MANO"
715.25,"ARTROSI LOCALIZZATA SECONDARIA,ANCA"
715.26,"ARTROSI LOCALIZZATA SECONDARIA,GINOCCHIO"
715.27,"ARTROSI LOCALIZZATA SECONDARIA,TIBIO TARSICA ED ARTICOLAZIONI DEL PIEDE"
715.28,"ARTROSI LOCALIZZATA SECONDARIA,ALTRE SEDI SPECIFICATE"
715.3,"ARTROSI LOCALIZZATA, NON SPECIFICATA SE PRIMARIA O SECONDARIA"
715.30,"ARTROSI LOCALIZZATA,NON SPECIFICATA SE PRIMARIA O SECONDARIA,SEDE NON SPECIFICATA"
715.31,"ARTROSI LOCALIZZATA,NON SPECIFICATA SE PRIMARIA O SECONDARIA,SPALLA"
715.32,"ARTROSI LOCALIZZATA,NON SPECIFICATA SE PRIMARIA O SECONDARIA,GOMITO"
715.33,"ARTROSI LOCALIZZATA,NON SPECIFICATA SE PRIMARIA O SECONDARIA,POLSO"
715.34,"ARTROSI LOCALIZZATA,NON SPECIFICATA SE PRIMARIA O SECONDARIA,CARPO,METACARPO ED ARTICOLAZIONI INTERFALANGEE DELLA MANO"
715.35,"ARTROSI LOCALIZZATA,NON SPECIFICATA SE PRIMARIA O SECONDARIA,ANCA"
715.36,"ARTROSI LOCALIZZATA,NON SPECIFICATA SE PRIMARIA O SECONDARIA,GINOCCHIO"
715.37,"ARTROSI LOCALIZZATA,NON SPECIFICATA SE PRIMARIA O SECONDARIA,TIBIO TARSICA ED ARTICOLAZIONI DEL PIEDE"
715.38,"ARTROSI LOCALIZZATA,NON SPECIFICATA SE PRIMARIA O SECONDARIA,ALTRE SEDI SPECIFICATE"
715.8,"ARTROSI CON INTERESSAMENTO DI PIY DI UNA SEDE, NON SPECIFICATA SE GENERALIZZATA"
715.80,"ARTROSI CON INTERESSAMENTO DI PIY DI UNA SEDE (NON SPECIFICATE),NON GENERALIZZATA"
715.89,ARTROSI A SEDI MULTIPLE NON SPECIFICATA SE GENERALIZZATA
715.9,ARTROSI NON SPECIFICATA SE GENERALIZZATA O LOCALIZZATA
715.90,"ARTROSI NON SPECIFICATA SE GENERALIZZATA O LOCALIZZATA,SEDE NON SPECIFICATA"
715.91,"ARTROSI NON SPECIFICATA SE GENERALIZZATA O LOCALIZZATA,SPALLA"
715.92,"ARTROSI NON SPECIFICATA SE GENERALIZZATA O LOCALIZZATA,GOMITO"
715.93,"ARTROSI NON SPECIFICATA SE GENERALIZZATA O LOCALIZZATA,POLSO"
715.94,"ARTROSI NON SPECIFICATA SE GENERALIZZATA O LOCALIZZATA,CARPO,METACARPO ED ARTICOLAZIONI INTERFALANGEE DELLA MANO"
715.95,"ARTROSI NON SPECIFICATA SE GENERALIZZATA O LOCALIZZATA,ANCA"
715.96,"ARTROSI NON SPECIFICATA SE GENERALIZZATA O LOCALIZZATA,GINOCCHIO"
715.97,"ARTROSI NON SPECIFICATA SE GENERALIZZATA O LOCALIZZATA,TIBIO TARSICA ED ARTICOLAZIONI DEL PIEDE"
715.98,"ARTROSI NON SPECIFICATA SE GENERALIZZATA O LOCALIZZATA,ALTRE SEDI SPECIFICATE"
716,ALTRE ARTROPATIE NON SPECIFICATE
716.0,MALATTIA DI KASCHIN-BECK
716.00,"MALATTIA DI KASCHIN-BECK,SEDE NON SPECIFICATA"
716.01,"MALATTIA DI KASCHIN-BECK,SPALLA"
716.02,"MALATTIA DI KASCHIN-BECK,GOMITO"
716.03,"MALATTIA DI KASCHIN-BECK,POLSO"
716.04,"MALATTIA DI KASCHIN-BECK,CARPO,METACARPO ED ARTICOLAZIONI INTERFALANGEE DELLA MANO"
716.05,"MALATTIA DI KASCHIN-BECK,ANCA"
716.06,"MALATTIA DI KASCHIN-BECK,GINOCCHIO"
716.07,"MALATTIA DI KASCHIN-BECK,TIBIO TARSICA ED ARTICOLAZIONI DEL PIEDE"
716.08,"MALATTIA DI KASCHIN-BECK,ALTRE SEDI SPECIFICATE"
716.09,"MALATTIA DI KASCHIN-BECK,SEDI MULTIPLE"
716.1,ARTROSI TRAUMATICA
716.10,"ARTROSI POST-TRAUMATICA,SEDE NON SPECIFICATA"
716.11,"ARTROSI POST-TRAUMATICA,SPALLA"
716.12,"ARTROSI POST-TRAUMATICA,GOMITO"
716.13,"ARTROSI POST-TRAUMATICA,POLSO"
716.14,"ARTROSI POST-TRAUMATICA,CARPO,METACARPO ED ARTICOLAZIONI INTERFALANGEE DELLA MANO"
716.15,"ARTROSI POST-TRAUMATICA,ANCA"
716.16,"ARTROSI POST-TRAUMATICA,GINOCCHIO"
716.17,"ARTROSI POST-TRAUMATICA,TIBIO TARSICA ED ARTICOLAZIONI DEL PIEDE"
716.18,"ARTROSI POST-TRAUMATICA,ALTRE SEDI SPECIFICATE"
716.19,"ARTROSI POST-TRAUMATICA,SEDI MULTIPLE"
716.2,ARTRITE ALLERGICA
716.20,"ARTRITE ALLERGICA,SEDE NON SPECIFICATA"
716.21,"ARTRITE ALLERGICA,SPALLA"
716.22,"ARTRITE ALLERGICA,GOMITO"
716.23,"ARTRITE ALLERGICA,POLSO"
716.24,"ARTRITE ALLERGICA,CARPO,METACARPO ED ARTICOLAZIONI INTERFALANGEE DELLA MANO"
716.25,"ARTRITE ALLERGICA,ANCA"
716.26,"ARTRITE ALLERGICA,GINOCCHIO"
716.27,"ARTRITE ALLERGICA,TIBIO TARSICA ED ARTICOLAZIONI DEL PIEDE"
716.28,"ARTRITE ALLERGICA,ALTRE SEDI SPECIFICATE"
716.29,"ARTRITE ALLERGICA,SEDI MULTIPLE"
716.3,ARTRALGIA POSTCLIMATERICA
716.30,"ARTRALGIA POSTCLIMATERICA,SEDE NON SPECIFICATA"
716.31,"ARTRALGIA POSTCLIMATERICA,SPALLA"
716.32,"ARTRALGIA POSTCLIMATERICA,GOMITO"
716.33,"ARTRALGIA POSTCLIMATERICA,POLSO"
716.34,"ARTRALGIA POSTCLIMATERICA,CARPO,METACARPO ED ARTICOLAZIONI INTERFALANGEE DELLA MANO"
716.35,"ARTRALGIA POSTCLIMATERICA,ANCA"
716.36,"ARTRALGIA POSTCLIMATERICA,GINOCCHIO"
716.37,"ARTRALGIA POSTCLIMATERICA,TIBIO TARSICA ED ARTICOLAZIONI DEL PIEDE"
716.38,"ARTRALGIA POSTCLIMATERICA,ALTRE SEDI SPECIFICATE"
716.39,"ARTRALGIA POSTCLIMATERICA,SEDI MULTIPLE"
716.4,ARTROPATIA TRANSITORIA
716.40,"ARTROPATIA TRANSITORIA,SEDE NON SPECIFICATA"
716.41,"ARTROPATIA TRANSITORIA,SPALLA"
716.42,"ARTROPATIA TRANSITORIA,GOMITO"
716.43,"ARTROPATIA TRANSITORIA,POLSO"
716.44,"ARTROPATIA TRANSITORIA,CARPO,METACARPO ED ARTICOLAZIONI INTERFALANGEE DELLA MANO"
716.45,"ARTROPATIA TRANSITORIA,ANCA"
716.46,"ARTROPATIA TRANSITORIA,GINOCCHIO"
716.47,"ARTROPATIA TRANSITORIA,TIBIO TARSICA ED ARTICOLAZIONI DEL PIEDE"
716.48,"ARTROPATIA TRANSITORIA,ALTRE SEDI SPECIFICATE"
716.49,"ARTROPATIA TRANSITORIA,SEDI MULTIPLE"
716.5,POLIARTROPATIA O POLIARTRITE NON SPECIFICATA
716.50,"POLIARTROPATIA O POLIARTRITE NON SPECIFICATA,SEDE NON SPECIFICATA"
716.51,"POLIARTROPATIA O POLIARTRITE NON SPECIFICATA,SPALLA"
716.52,"POLIARTROPATIA O POLIARTRITE NON SPECIFICATA,GOMITO"
716.53,"POLIARTROPATIA O POLIARTRITE NON SPECIFICATA,POLSO"
716.54,"POLIARTROPATIA O POLIARTRITE NON SPECIFICATA,CARPO,METACARPO ED ARTICOLAZIONI INTERFALANGEE DELLA MANO"
716.55,"POLIARTROPATIA O POLIARTRITE NON SPECIFICATA,ANCA"
716.56,"POLIARTROPATIA O POLIARTRITE NON SPECIFICATA,GINOCCHIO"
716.57,"POLIARTROPATIA O POLIARTRITE NON SPECIFICATA,TIBIO TARSICA ED ARTICOLAZIONI DEL PIEDE"
716.58,"POLIARTROPATIA O POLIARTRITE NON SPECIFICATA,ALTRE SEDI SPECIFICATE"
716.59,"POLIARTROPATIA O POLIARTRITE NON SPECIFICATA,SEDI MULTIPLE"
716.6,MONOARTRITE NON SPECIFICATA
716.60,"MONOARTRITE NON SPECIFICATA,SEDE NON SPECIFICATA"
716.61,"MONOARTRITE NON SPECIFICATA,SPALLA"
716.62,"MONOARTRITE NON SPECIFICATA,GOMITO"
716.63,"MONOARTRITE NON SPECIFICATA,POLSO"
716.64,"MONOARTRITE NON SPECIFICATA,CARPO,METACARPO ED ARTICOLAZIONI INTERFALANGEE DELLA MANO"
716.65,"MONOARTRITE NON SPECIFICATA,ANCA"
716.66,"MONOARTRITE NON SPECIFICATA,GINOCCHIO"
716.67,"MONOARTRITE NON SPECIFICATA,TIBIO TARSICA ED ARTICOLAZIONI DEL PIEDE"
716.68,"MONOARTRITE NON SPECIFICATA,ALTRE SEDI SPECIFICATE"
716.8,ALTRE ARTROPATIE SPECIFICATE
716.80,"ALTRE ARTROPATIE SPECIFICATE,SEDE NON SPECIFICATA"
716.81,"ALTRE ARTROPATIE SPECIFICATE,SPALLA"
716.82,"ALTRE ARTROPATIE SPECIFICATE,GOMITO"
716.83,"ALTRE ARTROPATIE SPECIFICATE,POLSO"
716.84,"ALTRE ARTROPATIE SPECIFICATE,CARPO,METACARPO ED ARTICOLAZIONI INTERFALANGEE DELLA MANO"
716.85,"ALTRE ARTROPATIE SPECIFICATE,ANCA"
716.86,"ALTRE ARTROPATIE SPECIFICATE,GINOCCHIO"
716.87,"ALTRE ARTROPATIE SPECIFICATE,TIBIO TARSICA ED ARTICOLAZIONI DEL PIEDE"
716.88,"ALTRE ARTROPATIE SPECIFICATE,ALTRE SEDI SPECIFICATE"
716.89,"ALTRE ARTROPATIE SPECIFICATE,SEDI MULTIPLE"
716.9,ARTROPATIA NON SPECIFICATA
716.90,"ARTROPATIA NON SPECIFICATA,SEDE NON SPECIFICATA"
716.91,"ARTROPATIA NON SPECIFICATA,SPALLA"
716.92,"ARTROPATIA NON SPECIFICATA,GOMITO"
716.93,"ARTROPATIA NON SPECIFICATA,POLSO"
716.94,"ARTROPATIA NON SPECIFICATA,CARPO,METACARPO ED ARTICOLAZIONI INTERFALANGEE DELLA MANO"
716.95,"ARTROPATIA NON SPECIFICATA,ANCA"
716.96,"ARTROPATIA NON SPECIFICATA,GINOCCHIO"
716.97,"ARTROPATIA NON SPECIFICATA,TIBIO TARSICA ED ARTICOLAZIONI DEL PIEDE"
716.98,"ARTROPATIA NON SPECIFICATA,ALTRE SEDI SPECIFICATE"
716.99,"ARTROPATIA NON SPECIFICATA,SEDI MULTIPLE"
717,LESIONI INTERNE DEL GINOCCHIO
717.0,ROTTURA INVETERATA A MANICO DI SECCHIO DEL MENISCO INTERNO
717.1,LESIONE DEL CORNO ANTERIORE DEL MENISCO INTERNO
717.2,LESIONE DEL CORNO POSTERIORE DEL MENISCO INTERNO
717.3,ALTRE LESIONI NON SPECIFICATE DEL MENISCO INTERNO
717.4,LESIONI DEL MENISCO ESTERNO
717.40,LESIONE NON SPECIFICATA DEL MENISCO ESTERNO
717.41,ROTTURA A MANICO DI SECCHIO DEL MENISCO ESTERNO
717.42,LESIONE DEL CORNO ANTERIORE DEL MENISCO ESTERNO
717.43,LESIONE DEL CORNO POSTERIORE DEL MENISCO ESTERNO
717.49,ALTRA LESIONE DEL MENISCO ESTERNO
717.5,LESIONE DEI MENISCHI NON CLASSIFICATA ALTROVE
717.6,CORPO LIBERO ENDOARTICOLARE DEL GINOCCHIO
717.7,CONDROMALACIA DELLA ROTULA
717.8,ALTRA LESIONE INTERNA DEL GINOCCHIO
717.81,LESIONE INVETERATA DEL LEGAMENTO COLLATERALE ESTERNO
717.82,LESIONE INVETERATA DEL LEGAMENTO COLLATERALE INTERNO
717.83,LESIONE INVETERATA DEL LEGAMENTO CROCIATO ANTERIORE
717.84,LESIONE INVETERATA DEL LEGAMENTO CROCIATO POSTERIORE
717.85,LESIONE INVETERATA DI ALTRI LEGAMENTI DEL GINOCCHIO
717.89,ALTRA LESIONE INTERNA DEL GINOCCHIO
717.9,LESIONE INTERNA DEL GINOCCHIO NON SPECIFICATA
718,ALTRE LESIONI ARTICOLARI
718.0,ALTERAZIONE DELLA CARTILAGINE ARTICOLARE
718.00,"ALTERAZIONE DELLA CARTILAGINE ARTICOLARE,SEDE NON SPECIFICATA"
718.01,"ALTERAZIONE DELLA CARTILAGINE ARTICOLARE,SPALLA"
718.02,"ALTERAZIONE DELLA CARTILAGINE ARTICOLARE,GOMITO"
718.03,"ALTERAZIONE DELLA CARTILAGINE ARTICOLARE,POLSO"
718.04,"ALTERAZIONE DELLA CARTILAGINE ARTICOLARE,CARPO,METACARPO ED ARTICOLAZIONI INTERFALANGEE DELLA MANO"
718.05,"ALTERAZIONE DELLA CARTILAGINE ARTICOLARE,ANCA"
718.07,"ALTERAZIONE DELLA CARTILAGINE ARTICOLARE,TIBIO TARSICA ED ARTICOLAZIONI DEL PIEDE"
718.08,"ALTERAZIONE DELLA CARTILAGINE ARTICOLARE,ALTRE SEDI SPECIFICATE"
718.09,"ALTERAZIONE DELLA CARTILAGINE ARTICOLARE,SEDI MULTIPLE"
718.1,CORPO LIBERO ENDOARTICOLARI
718.10,"CORPO LIBERO ENDOARTICOLARE,SEDE NON SPECIFICATA"
718.11,"CORPO LIBERO ENDOARTICOLARE,SPALLA"
718.12,"CORPO LIBERO ENDOARTICOLARE,GOMITO"
718.13,"CORPO LIBERO ENDOARTICOLARE,POLSO"
718.14,"CORPO LIBERO ENDOARTICOLARE,CARPO,METACARPO ED ARTICOLAZIONI INTERFALANGEE DELLA MANO"
718.15,"CORPO LIBERO ENDOARTICOLARE,ANCA"
718.17,"CORPO LIBERO ENDOARTICOLARE,TIBIO TARSICA ED ARTICOLAZIONI DEL PIEDE"
718.18,"CORPO LIBERO ENDOARTICOLARE,ALTRE SEDI SPECIFICATE"
718.19,"CORPO LIBERO ENDOARTICOLARE,SEDI MULTIPLE"
718.2,LUSSAZIONE PATOLOGICA (NON TRAUMATICA)
718.20,"LUSSAZIONE PATOLOGICA,SEDE NON SPECIFICATA"
718.21,LUSSAZIONE PATOLOGICA DELLA SPALLA
718.22,LUSSAZIONE PATOLOGICA DEL GOMITO
718.23,LUSSAZIONE PATOLOGICA DEL POLSO
718.24,"LUSSAZIONE PATOLOGICA DELLE ARTICOLAZIONI DEL CARPO,METACARPO ED ARTICOLAZIONI INTERFALANGEE DELLA MANO"
718.25,LUSSAZIONE PATOLOGICA DI PELVI E COSCIA
718.26,LUSSAZIONE PATOLOGICA DEL GINOCCHIO
718.27,LUSSAZIONE PATOLOGICA DI TIBIO TARSICA ED ARTICOLAZIONI DEL PIEDE
718.28,LUSSAZIONE PATOLOGICA DI ALTRE ARTICOLAZIONI SPECIFICATE
718.29,LUSSAZIONI PATOLOGICHE MULTIPLE
718.3,LUSSAZIONI RECIDIVANTI O ABITUALI
718.30,"LUSSAZIONE RECIDIVANTE O ABITUALE,SEDE NON SPECIFICATA"
718.31,LUSSAZIONE RECIDIVANTE O ABITUALE DELLA SPALLA
718.32,LUSSAZIONE RECIDIVANTE O ABITUALE DEL GOMITO
718.33,LUSSAZIONE RECIDIVANTE O ABITUALE DEL POLSO
718.34,"LUSSAZIONE RECIDIVANTE O ABITUALE DELLE ARTICOLAZIONI DEL CARPO,METACARPO ED ARTICOLAZIONI INTERFALANGEE DELLA MANO"
718.35,LUSSAZIONE RECIDIVANTE O ABITUALE DELLE ARTICOLAZIONI DELLA REGIONE PELVICA
718.36,LUSSAZIONE RECIDIVANTE O ABITUALE DEL GINOCCHIO
718.37,LUSSAZIONE RECIDIVANTE O ABITUALE DELLA CAVIGLIA E DEL PIEDE
718.38,LUSSAZIONE RECIDIVANTE O ABITUALE DI ALTRE ARTICOLAZIONI SPECIFICATE
718.39,LUSSAZIONE RECIDIVANTE O ABITUALE DI ARTICOLAZIONI MULTIPLE
718.4,RIGIDIT@ ARTICOLARE
718.40,"RIGIDIT@ ARTICOLARE,SEDE NON SPECIFICATA"
718.41,RIGIDIT@ ARTICOLARE DELLA SPALLA
718.42,RIGIDIT@ ARTICOLARE DEL GOMITO
718.43,RIGIDIT@ ARTICOLARE DEL POLSO
718.44,"RIGIDIT@ ARTICOLARE DEL CARPO,METACARPO ED ARTICOLAZIONI INTERFALANGEE DELLA MANO"
718.45,RIGIDIT@ ARTICOLARE DELLA REGIONE PELVICA
718.46,RIGIDIT@ ARTICOLARE DEL GINOCCHIO
718.47,RIGIDIT@ ARTICOLARE DELLA CAVIGLIA E DEL PIEDE
718.48,RIGIDIT@ DI ALTRE ARTICOLAZIONI SPECIFICATE
718.49,RIGIDIT@ DI ARTICOLAZIONI MULTIPLE
718.5,ANCHILOSI ARTICOLARI
718.50,ANCHILOSI SEDE NON SPECIFICATA
718.51,ANCHILOSI DELLA SPALLA
718.52,ANCHILOSI DEL GOMITO
718.53,ANCHILOSI DEL POLSO
718.54,"ANCHILOSI DEL CARPO,METACARPO ED ARTICOLAZIONI INTERFALANGEE DELLA MANO"
718.55,ANCHILOSI DELL'ANCA
718.56,ANCHILOSI DEL GINOCCHIO
718.57,ANCHILOSI DI TIBIO TARSICA ED ARTICOLAZIONI DEL PIEDE
718.58,ANCHILOSI DI ALTRE SEDI SPECIFICATE
718.59,ANCHILOSI DI SEDI MULTIPLE
718.6,PROTRUSIONE ACETABOLARE NON SPECIFICATA
718.60,"PROTRUSIONE ACETABOLARE NON SPECIFICATA,SEDE NON SPECIFICATA"
718.65,"PROTRUSIONE ACETABOLARE,REGIONE PELVICA"
718.7,LUSSAZIONE ARTICOLARE EVOLUTIVA
718.70,"LUSSAZIONE ARTICOLARE EVOLUTIVA,SEDE NON SPECIFICATA"
718.71,LUSSAZIONE ARTICOLARE EVOLUTIVA DELLA SPALLA
718.72,LUSSAZIONE ARTICOLARE EVOLUTIVA DEL GOMITO
718.73,LUSSAZIONE ARTICOLARE EVOLUTIVA DEL POLSO
718.74,"LUSSAZIONE ARTICOLARE EVOLUTIVA DEL CARPO,METACARPO ED ARTICOLAZIONI INTERFALANGEE DELLA MANO"
718.75,LUSSAZIONE ARTICOLARE EVOLUTIVA DELL'ANCA
718.76,LUSSAZIONE ARTICOLARE EVOLUTIVA DEL GINOCCHIO
718.77,LUSSAZIONE ARTICOLARE EVOLUTIVA DI TIBIO TARSICA ED ARTICOLAZIONI DEL PIEDE
718.78,LUSSAZIONE ARTICOLARE EVOLUTIVA DI ALTRE SEDI SPECIFICATE
718.79,LUSSAZIONE ARTICOLARE EVOLUTIVA DI SEDI MULTIPLE
718.8,ALTRE LESIONI ARTICOLARI NON CLASSIFICATE ALTROVE
718.80,"ALTRE LESIONI ARTICOLARI NON CLASSIFICATE ALTROVE,SEDE NON SPECIFICATA"
718.81,"ALTRE LESIONI ARTICOLARI NON CLASSIFICATE ALTROVE,SPALLA"
718.82,"ALTRE LESIONI ARTICOLARI NON CLASSIFICATE ALTROVE,GOMITO"
718.83,"ALTRE LESIONI ARTICOLARI NON CLASSIFICATE ALTROVE,POLSO"
718.84,"ALTRE LESIONI ARTICOLARI NON CLASSIFICATE ALTROVE,CARPO,METACARPO ED ARTICOLAZIONI INTERFALANGEE DELLA MANO"
718.85,"ALTRE LESIONI ARTICOLARI NON CLASSIFICATE ALTROVE,ANCA"
718.86,"ALTRE LESIONI ARTICOLARI NON CLASSIFICATE ALTROVE,GINOCCHIO"
718.87,"ALTRE LESIONI ARTICOLARI NON CLASSIFICATE ALTROVE,TIBIO TARSICA ED ARTICOLAZIONI DEL PIEDE"
718.88,"ALTRE LESIONI ARTICOLARI NON CLASSIFICATE ALTROVE,ALTRE SEDI SPECIFICATE"
718.89,"ALTRE LESIONI ARTICOLARI NON CLASSIFICATE ALTROVE,SEDI MULTIPLE"
718.9,LESIONE ARTICOLARE NON SPECIFICATA
718.90,"LESIONE ARTICOLARE NON SPECIFICATA,SEDE NON SPECIFICATA"
718.91,"LESIONE ARTICOLARE NON SPECIFICATA,SPALLA"
718.92,"LESIONE ARTICOLARE NON SPECIFICATA,GOMITO"
718.93,"LESIONE ARTICOLARE NON SPECIFICATA,POLSO"
718.94,"LESIONE ARTICOLARE NON SPECIFICATA,CARPO,METACARPO ED ARTICOLAZIONI INTERFALANGEE DELLA MANO"
718.95,"LESIONE ARTICOLARE NON SPECIFICATA,ANCA"
718.97,"LESIONE ARTICOLARE NON SPECIFICATA,TIBIO TARSICA ED ARTICOLAZIONI DEL PIEDE"
718.98,"LESIONE ARTICOLARE NON SPECIFICATA,ALTRE SEDI SPECIFICATE"
718.99,"LESIONE ARTICOLARE NON SPECIFICATA,SEDI MULTIPLE"
719,ALTRE E NON SPECIFICATE PATOLOGIE ARTICOLARI
719.0,VERSAMENTO ARTICOLARE
719.00,"VERSAMENTO ARTICOLARE,SEDE NON SPECIFICATA"
719.01,"VERSAMENTO ARTICOLARE,SPALLA"
719.02,"VERSAMENTO ARTICOLARE,GOMITO"
719.03,"VERSAMENTO ARTICOLARE,POLSO"
719.04,"VERSAMENTO ARTICOLARE,CARPO,METACARPO ED ARTICOLAZIONI INTERFALANGEE DELLA MANO"
719.05,"VERSAMENTO ARTICOLARE,ANCA"
719.06,"VERSAMENTO ARTICOLARE,GINOCCHIO"
719.07,"VERSAMENTO ARTICOLARE,TIBIO TARSICA ED ARTICOLAZIONI DEL PIEDE"
719.08,"VERSAMENTO ARTICOLARE,ALTRE SEDI SPECIFICATE"
719.09,"VERSAMENTO ARTICOLARE,SEDI MULTIPLE"
719.1,EMARTRO
719.10,"EMARTRO,SEDE NON SPECIFICATA"
719.11,"EMARTRO,SPALLA"
719.12,"EMARTRO,GOMITO"
719.13,"EMARTRO,POLSO"
719.14,"EMARTRO,CARPO,METACARPO ED ARTICOLAZIONI INTERFALANGEE DELLA MANO"
719.15,"EMARTRO,ANCA"
719.16,"EMARTRO,GINOCCHIO"
719.17,"EMARTRO,TIBIO TARSICA ED ARTICOLAZIONI DEL PIEDE"
719.18,"EMARTRO,ALTRE SEDI SPECIFICATE"
719.19,"EMARTRO,SEDI MULTIPLE"
719.2,SINOVITE VILLONODULARE
719.20,"SINOVITE VILLONODULARE,SEDE NON SPECIFICATA"
719.21,"SINOVITE VILLONODULARE,SPALLA"
719.22,"SINOVITE VILLONODULARE,GOMITO"
719.23,"SINOVITE VILLONODULARE,POLSO"
719.24,"SINOVITE VILLONODULARE,CARPO,METACARPO ED ARTICOLAZIONI INTERFALANGEE DELLA MANO"
719.25,"SINOVITE VILLONODULARE,ANCA"
719.26,"SINOVITE VILLONODULARE,GINOCCHIO"
719.27,"SINOVITE VILLONODULARE,TIBIO TARSICA ED ARTICOLAZIONI DEL PIEDE"
719.28,"SINOVITE VILLONODULARE,ALTRE SEDI SPECIFICATE"
719.29,"SINOVITE VILLONODULARE,SEDI MULTIPLE"
719.3,REUMATISMO RECIDIVANTE
719.30,"REUMATISMO RECIDIVANTE,SEDE NON SPECIFICATA"
719.31,"REUMATISMO RECIDIVANTE,SPALLA"
719.32,"REUMATISMO RECIDIVANTE,GOMITO"
719.33,"REUMATISMO RECIDIVANTE,POLSO"
719.34,"REUMATISMO RECIDIVANTE,CARPO,METACARPO ED ARTICOLAZIONI INTERFALANGEE DELLA MANO"
719.35,"REUMATISMO RECIDIVANTE,ANCA"
719.36,"REUMATISMO RECIDIVANTE,TIBIA E PERONE"
719.37,"REUMATISMO RECIDIVANTE,TIBIO TARSICA ED ARTICOLAZIONI DEL PIEDE"
719.38,"REUMATISMO RECIDIVANTE,ALTRE SEDI SPECIFICATE"
719.39,"REUMATISMO RECIDIVANTE,SEDI MULTIPLE"
719.4,DOLORE ARTICOLARE
719.40,ARTRALGIA
719.41,"ARTRALGIA,SPALLA"
719.42,"ARTRALGIA,GOMITO"
719.43,"ARTRALGIA,POLSO"
719.44,"ARTRALGIA. CARPO,METACARPO ED ARTICOLAZIONI INTERFALANGEE DELLA MANO"
719.45,"ARTRALGIA,ANCA"
719.46,"ARTRALGIA,TIBIA E PERONE"
719.47,"ARTRALGIA,TIBIO TARSICA ED ARTICOLAZIONI DEL PIEDE"
719.48,"ARTRALGIA,ALTRE SEDI SPECIFICATE"
719.49,"ARTRALGIA,SEDI MULTIPLE"
719.5,RIGIDIT@ ARTICOLARE NON CLASSIFICATA ALTROVE
719.50,"RIGIDIT@ ARTICOLARE NON CLASSIFICATA ALTROVE,SEDE NON SPECIFICATA"
719.51,"RIGIDIT@ ARTICOLARE NON CLASSIFICATA ALTROVE,SPALLA"
719.52,"RIGIDIT@ ARTICOLARE NON CLASSIFICATA ALTROVE,GOMITO"
719.53,"RIGIDIT@ ARTICOLARE NON CLASSIFICATA ALTROVE,POLSO"
719.54,"RIGIDIT@ ARTICOLARE NON CLASSIFICATA ALTROVE,CARPO,METACARPO ED ARTICOLAZIONI INTERFALANGEE DELLA MANO"
719.55,"RIGIDIT@ ARTICOLARE NON CLASSIFICATA ALTROVE,ANCA"
719.56,"RIGIDIT@ ARTICOLARE NON CLASSIFICATA ALTROVE,TIBIA E PERONE"
719.57,"RIGIDIT@ ARTICOLARE NON CLASSIFICATA ALTROVE,TIBIO TARSICA ED ARTICOLAZIONI DEL PIEDE"
719.58,"RIGIDIT@ ARTICOLARE NON CLASSIFICATA ALTROVE,ALTRE SEDI SPECIFICATE"
719.59,"RIGIDIT@ ARTICOLARE NON CLASSIFICATA ALTROVE,SEDI MULTIPLE"
719.6,ALTRI DISTURBI DELLE ARTICOLAZIONI
719.60,"ALTRI DISTURBI DELLE ARTICOLAZIONI,SEDE NON SPECIFICATA"
719.61,"ALTRI DISTURBI DELLE ARTICOLAZIONI,SPALLA"
719.62,"ALTRI DISTURBI DELLE ARTICOLAZIONI,GOMITO"
719.63,"ALTRI DISTURBI DELLE ARTICOLAZIONI,POLSO"
719.64,"ALTRI DISTURBI DELLE ARTICOLAZIONI,CARPO,METACARPO ED ARTICOLAZIONI INTERFALANGEE DELLA MANO"
719.65,"ALTRI DISTURBI DELLE ARTICOLAZIONI,ANCA"
719.66,"ALTRI DISTURBI DELLE ARTICOLAZIONI,GINOCCHIO"
719.67,"ALTRI DISTURBI DELLE ARTICOLAZIONI,TIBIO TARSICA ED ARTICOLAZIONI DEL PIEDE"
719.68,"ALTRI DISTURBI DELLE ARTICOLAZIONI,ALTRE SEDI SPECIFICATE"
719.69,"ALTRI DISTURBI DELLE ARTICOLAZIONI,SEDI MULTIPLE"
719.7,ZOPPIA
719.8,ALTRI DISTURBI SPECIFICI DELLE ARTICOLAZIONI
719.80,"ALTRI DISTURBI SPECIFICI DELLE ARTICOLAZIONI,SEDE NON SPECIFICATA"
719.81,"ALTRI DISTURBI SPECIFICI DELLE ARTICOLAZIONI,SPALLA"
719.82,"ALTRI DISTURBI SPECIFICI DELLE ARTICOLAZIONI,GOMITO"
719.83,"ALTRI DISTURBI SPECIFICI DELLE ARTICOLAZIONI,POLSO"
719.84,"ALTRI DISTURBI SPECIFICI DELLE ARTICOLAZIONI,CARPO,METACARPO ED ARTICOLAZIONI INTERFALANGEE DELLA MANO"
719.85,"ALTRI DISTURBI SPECIFICI DELLE ARTICOLAZIONI,ANCA"
719.86,"ALTRI DISTURBI SPECIFICI DELLE ARTICOLAZIONI,TIBIA E PERONE"
719.87,"ALTRI DISTURBI SPECIFICI DELLE ARTICOLAZIONI,TIBIO TARSICA ED ARTICOLAZIONI DEL PIEDE"
719.88,"ALTRI DISTURBI SPECIFICI DELLE ARTICOLAZIONI,ALTRE SEDI SPECIFICATE"
719.89,"ALTRI DISTURBI SPECIFICI DELLE ARTICOLAZIONI,SEDI MULTIPLE"
719.9,DISTURBI ARTICOLARI NON SPECIFICATI
719.90,"DISTURBI NON SPECIFICATI DELLE ARTICOLAZIONI,SEDE NON SPECIFICATA"
719.91,"DISTURBI NON SPECIFICATI DELLE ARTICOLAZIONI,SPALLA"
719.92,"DISTURBI NON SPECIFICATI DELLE ARTICOLAZIONI,GOMITO"
719.93,"DISTURBI NON SPECIFICATI DELLE ARTICOLAZIONI,POLSO"
719.94,"DISTURBI NON SPECIFICATI DELLE ARTICOLAZIONI,CARPO,METACARPO ED ARTICOLAZIONI INTERFALANGEE DELLA MANO"
719.95,"DISTURBI NON SPECIFICATI DELLE ARTICOLAZIONI,ANCA"
719.96,"DISTURBI NON SPECIFICATI DELLE ARTICOLAZIONI,TIBIA E PERONE"
719.97,"DISTURBI NON SPECIFICATI DELLE ARTICOLAZIONI,TIBIO TARSICA ED ARTICOLAZIONI DEL PIEDE"
719.98,"DISTURBI NON SPECIFICATI DELLE ARTICOLAZIONI,ALTRE SEDI SPECIFICATE"
719.99,"DISTURBI NON SPECIFICATI DELLE ARTICOLAZIONI,SEDI MULTIPLE"
720,SPONDILITE ANCHILOSANTE ED ALTRE SPONDILOPATIE INFIAMMATORIE
720.0,SPONDILITE ANCHILOSANTE
720.1,ENTESOPATIA SPINALE
720.2,SACROILEITE NON CLASSIFICATA ALTROVE
720.8,ALTRE SPONDILOPATIE INFIAMMATORIE
720.81,SPONDILOPATIE INFIAMMATORIE IN MALATTIE CLASSIFICATE ALTROVE
720.89,ALTRE SPONDILOPATIE INFIAMMATORIE
720.9,SPONDILOPATIA INFIAMMATORIA NON SPECIFICATA
721,SPONDILOSI E DISTURBI ASSOCIATI
721.0,SPONDILOSI CERVICALE SENZA MIELOPATIA
721.1,SPONDILOSI CERVICALE CON MIELOPATIA
721.2,SPONDILOSI TORACICA SENZA MIELOPATIA
721.3,SPONDILOSI LOMBOSACRALE SENZA MIELOPATIA
721.4,SPONDILOSI TORACICA O LOMBARE CON MIELOPATIA
721.41,"SPONDILOSI CON MIELOPATIA,REGIONE TORACICA"
721.42,SPONDILOSI REGIONE LOMBARE CON INTERESSAMENTO MIELORADICOLARE
721.5,SINDROME DI BAASTRUP
721.6,SPONDILOPATIA ISPEROSTOSANTE (MALATTIA DI FORESTIER)
721.7,SPONDILOPATIA POST-TRAUMATICA
721.8,ALTRI DISTURBI DELLA COLONNA VERTEBRALE
721.9,SPONDILOSI IN SEDE NON SPECIFICATA
721.90,SPONDILOSI IN SEDE NON SPECIFICATA SENZA MIELOPATIA
721.91,SPONDILOSI IN SEDE NON SPECIFICATA CON MIELOPATIA
722,PATOLOGIE DEI DISCHI INTERVERTEBRALI
722.0,ERNIA DEL DISCO INTERVERTEBRALE CERVICALE SENZA MIELOPATIA
722.1,ERNIA DEL DISCO INTERVERTEBRALE TORACICO O LOMBARE SENZA MIELOPATIA
722.10,ERNIA DEL DISCO INTERVERTEBRALE LOMBARE SENZA MIELOPATIA
722.11,ERNIA DEL DISCO INTERVERTEBRALE TORACICO SENZA MIELOPATIA
722.2,ERNIA DEL DISCO INTERVERTEBRALE (SEDE NON SPECIFICATA) SENZA MIELOPATIA
722.3,ERNIA INTRASPONGIOSA DI SCHMORL
722.30,"ERNIA INTRASPONGIOSA DI SCHMORL,SEDE NON SPECIFICATA"
722.31,"ERNIA INTRASPONGIOSA DI SCHMORL,REGIONE TORACICA"
722.32,"ERNIA INTRASPONGIOSA DI SCHMORL,REGIONE LOMBARE"
722.39,"ERNIA INTRASPONGIOSA DI SCHMORL,ALTRA SEDE"
722.4,DISCOPATIA CERVICALE
722.5,DISCOPATIA TORACICA O LOMBARE
722.51,DEGENERAZIONE DEL DISCO INTERVERTEBRALE TORACICO O TORACOLOMBARE
722.52,DEGENERAZIONE DEL DISCO INTERVERTEBRALE LOMBARE O LOMBOSACRALE
722.6,DISCOPATIA IN SEDE NON SPECIFICATA
722.7,DISCOPATIA CON MIELOPATIA
722.70,"DISCOPATIA CON MIELOPATIA,SEDE NON SPECIFICATA"
722.71,"DISCOPATIA CON MIELOPATIA,REGIONE CERVICALE"
722.72,"DISCOPATIA CON MIELOPATIA,REGIONE TORACICA"
722.73,"DISCOPATIA CON MIELOPATIA,REGIONE LOMBARE"
722.8,INSUFFICIENZA VERTEBRALE POSTLAMINECTOMIA
722.80,"INSUFFICIENZA VERTEBRALE POSTLAMINECTOMIA,SEDE NON SPECIFICATA"
722.81,"INSUFFICIENZA VERTEBRALE POSTLAMINECTOMIA,REGIONE CERVICALE"
722.82,"INSUFFICIENZA VERTEBRALE POSTLAMINECTOMIA,REGIONE TORACICA"
722.83,"INSUFFICIENZA VERTEBRALE POSTLAMINECTOMIA,REGIONE LOMBARE"
722.9,ALTRE E NON SPECIFICATE PATOLOGIE DEL DISCO
722.90,"ALTRE E NON SPECIFICATE PATOLOGIE DEL DISCO,SEDE NON SPECIFICATA"
722.91,"ALTRE E NON SPECIFICATE PATOLOGIE DEL DISCO,REGIONE CERVICALE"
722.92,"ALTRE E NON SPECIFICATE PATOLOGIE DEL DISCO,REGIONE TORACICA"
722.93,"ALTRE E NON SPECIFICATE PATOLOGIE DEL DISCO,REGIONE LOMBARE"
723,ALTRE PATOLOGIE DELLA REGIONE CERVICALE
723.0,STENOSI DEL CANALE VERTEBRALE CERVICALE
723.1,CERVICALGIA
723.2,SINDROMI CERVICOCRANIALE
723.3,SINDROME CERVICOBRACHIALE (DIFFUSA)
723.4,NEURITE O RADICOLITE BRACHIALE SAI
723.5,TORCICOLLO NON SPECIFICATO
723.6,PANNICOLITE SPECIFICATA DELLA REGIONE CERVICALE
723.7,OSSIFICAZIONE DEL LEGAMENTO LONGITUDINALE POSTERIORE DEL RACHIDE CERVICALE
723.8,ALTRE SINDROMI INTERESSANTI LA REGIONE CERVICALE
723.9,PATOLOGIE NON ALTRIMENTI SPECIFICATE DELLA REGIONE CERVICALE
724,ALTRI E NON SPECIFICATI DISTURBI DEL DORSO
724.0,"STENOSI DEL CANALE VERTEBRALE, ECCETTO LA REGIONE CERVICALE"
724.00,"STENOSI DEL CANALE VERTEBRALE,SEDE NON SPECIFICATA"
724.01,STENOSI DEL CANALE VERTEBRALE TORACICO
724.02,STENOSI DEL CANALE VERTEBRALE LOMBARE
724.09,"STENOSI DEL CANALE VERTEBRALE,ALTRE SEDI"
724.1,RACHIALGIA DORSALE
724.2,LOMBALGIA
724.3,SCIATALGIA
724.4,"NEURITE O RADICOLITE TORACICA O LOMBOSACRALE SAI,NON SPECIFICATA"
724.5,"DORSALGIA,NON SPECIFICATA"
724.6,PATOLOGIE DEL SACRO
724.7,PATOLOGIE DEL COCCIGE
724.70,PATOLOGIE NON SPECIFICATE DEL COCCIGE
724.71,IPERMOBILIT@ DEL COCCIGE
724.79,ALTRI DISTURBI DEL COCCIGE
724.8,ALTRE PATOLOGIE RELATIVE AL RACHIDE
724.9,ALTRE PATOLOGIE NON SPECIFICATE DEL RACHIDE
725,POLIMIALGIA REUMATICA
726,ENTESOPATIE PERIFERICHE E SINDROMI ANALOGHE
726.0,CAPSULITE ADESIVA SCAPOLO-OMERALE
726.1,SINDROME DELLA CUFFIA DEI ROTATORI E DISTURBI ASSOCIATI
726.10,DISTURBI NON SPECIFICATI DELLA BORSA E DEI TENDINI DELLA SPALLA
726.11,TENDINITE CALCIFICA DELLA SPALLA
726.12,TENOSINOVITE DEL BICIPITE
726.19,ALTRI DISTURBI SPECIFICATI DELLA BORSA E DEI TENDINI DELLA SPALLA
726.2,ALTRE AFFEZIONI DELLA REGIONE DELLA SPALLA NON CLASSIFICATE ALTROVE
726.3,ENTESOPATIA DELLA REGIONE DEL GOMITO
726.30,ENTESOPATIA NON SPECIFICATA DELLA REGIONE DEL GOMITO
726.31,EPITROCLEITE
726.32,EPICONDILITE
726.33,BORSITE DELL'OLECRANO
726.39,ALTRE ENTESOPATIE DELLA REGIONE DEL GOMITO
726.4,ENTESOPATIA DEL POLSO E DEL CARPO
726.5,ENTESOPATIA DELLA REGIONE DELL'ANCA
726.6,ENTESOPATIA DEL GINOCCHIO
726.60,ENTESOPATIA NON SPECIFICATA DEL GINOCCHIO
726.61,TENDINITE O BORSITE DELLA ZAMPA D'OCA
726.62,BORSITE DEL LEGAMENTO COLLATERALE MEDIALE
726.63,BORSITE DEL LEGAMENTO COLLATERALE LATERALE
726.64,TENDINITE DEL ROTULEO
726.65,BORSITE PARAROTULEA
726.69,ALTRE ENTESOPATIE DEL GINOCCHIO
726.7,ENTESOPATIA DELLA CAVIGLIA E DEL TARSO
726.70,ENTESOPATIA NON SPECIFICATA DELLA CAVIGLIA E DEL TARSO
726.71,TENDINITE O BORSITE DEL TENDINE D'ACHILLE
726.72,TENDINITE DEL TIBIALE
726.73,SPERONE DEL CALCANEARE
726.79,ALTRE ENTESOPATIE DI TIBIO TARSICA ED ARTICOLAZIONI DEL PIEDE
726.8,ALTRE ENTESOPATIE PERIFERICHE
726.9,ENTESOPATIA NON SPECIFICATA
726.90,ENTESOPATIA DI SEDE NON SPECIFICATA
726.91,ESOSTOSI IN SEDE NON SPECIFICATA
727,"ALTRI DISTURBI DELLE MEMBRANE SINOVIALI, DEI TENDINI E DELLE BORSE"
727.0,SINOVITE E TENOSINOVITE
727.00,SINOVITE E TENOSINOVITE NON SPECIFICATE
727.01,SINOVITE E TENOSINOVITE IN MALATTIE CLASSIFICATE ALTROVE
727.02,TUMORE A CELLULE GIGANTI DELLE GUAINE TENDINEE
727.03,DITO A SCATTO (ACQUISITO)
727.04,TENOSINOVITE DELLA APOFISI STILOIDE RADIALE
727.05,ALTRE TENOSINOVITI DI MANO E POLSO
727.06,TENOSINOVITE DI PIEDE E CAVIGLIA
727.09,ALTRE SINOVITI E TENOSINOVITI
727.1,BORSITE DELL'ALLUCE
727.2,SPECIFICHE BORSITI DI ORIGINE PROFESSIONALE
727.3,ALTRE BORSITI
727.4,"GANGLI E CISTI DELLA MEMBRANA SINOVIALE, DEI TENDINI E DELLE BORSE"
727.40,CISTI SINOVIALE NON SPECIFICATA
727.41,GANGLIO
727.42,GANGLIO DELLA GUAINA TENDINEA
727.43,"GANGLIO,NON SPECIFICATO"
727.49,"ALTRI GANGLI E CISTI DELLA MEMBRANA SINOVIALE,DEI TENDINI E DELLE BORSE"
727.5,ROTTURA DELLA MEMBRANA SINOVIALE
727.50,"ROTTURA DELLA MEMBRANA SINOVIALE,NON SPECIFICATA"
727.51,CISTI DEL CAVO POPLITEO
727.59,ALTRA ROTTURA DELLA SINOVIA
727.6,"ROTTURA TENDINEA, NON TRAUMATICA"
727.60,ROTTURA ATRAUMATICA DI TENDINE NON SPECIFICATO
727.61,ROTTURA ATRAUMATICA COMPLETA DELLA CUFFIA DEI ROTATORI
727.62,ROTTURA ATRAUMATICA DEI TENDINI DEL CAPO LUNGO DEL BICIPITE
727.63,"ROTTURA ATRAUMATICA DEGLI ESTENSORI DEL POLSO E DEL CARPO,METACARPO ED ARTICOLAZIONI INTERFALANGEE DELLA MANO"
727.64,"ROTTURA ATRAUMATICA DEI FLESSORI DEL POLSO E DEL CARPO,METACARPO ED ARTICOLAZIONI INTERFALANGEE DELLA MANO"
727.65,ROTTURA ATRAUMATICA DEL TENDINE DEL QUADRICIPITE
727.66,ROTTURA ATRAUMATICA DEL TENDINE ROTULEO
727.67,ROTTURA ATRAUMATICA DEL TENDINE D'ACHILLE
727.68,ROTTURA ATRAUMATICA DI ALTRI TENDINI DELLA CAVIGLIA E DEL PIEDE
727.69,ROTTURA ATRAUMATICA DI ALTRI TENDINI
727.8,"ALTRE PATOLOGIE DELLA MEMBRANA SINOVIALE, DEI TENDINI E DELLE BORSE"
727.81,CONTRATTURA DELLA FASCIA TENDINEA
727.82,CALCIFICAZIONE DI TENDINI E BORSE
727.83,SINDROME DELLA PLICA
727.89,"ALTRE PATOLOGIE DELLA MEMBRANA SINOVIALE,DEI TENDINI E DELLE BORSE"
727.9,"PATOLOGIE NON SPECIFICATE DELLA MEMBRANA SINOVIALE,DEI TENDINI E DELLE BORSE"
728,"PATOLOGIE DEI MUSCOLI, DEI LEGAMENTI E DELLE FASCE"
728.0,MIOSITE INFETTIVA
728.1,CALCIFICAZIONE E OSSIFICAZIONE MUSCOLARI
728.10,CALCIFICAZIONE E OSSIFICAZIONE NON SPECIFICATE
728.11,MIOSITE OSSIFICANTE PROGRESSIVA
728.12,MIOSITE OSSIFICANTE TRAUMATICA
728.13,CALCIFICAZIONE ETEROTOPICA POSTOPERATORIA
728.19,ALTRE CALCIFICAZIONI E OSSIFICAZIONI
728.2,ATROFIA MUSCOLARE DA INATTIVIT@ NON CLASSIFICATA ALTROVE
728.3,ALTRI SPECIFICI DISTURBI MUSCOLARI
728.4,LASSIT@ DEI LEGAMENTI
728.5,SINDROME DI IPERLASSIT@
728.6,MORBO DI DUPUYTREN
728.7,"ALTRE FIBROMATOSI DI MUSCOLI, LEGAMENTI E FASCE"
728.71,FIBROMATOSI DELLA FASCIA PLANTARE
728.79,"ALTRE FIBROMATOSI DEI MUSCOLI,DEI LEGAMENTI E DELLE FASCE APONEUROTICHE"
728.8,"ALTRI DISTURBI DEI MUSCOLI, DEI LEGAMENTI E DELLE FASCE"
728.81,MIOSITE INTERSTIZIALE
728.82,GRANULOMA DA CORPO ESTRANEO DEL MUSCOLO
728.83,ROTTURA MUSCOLARE ATRAUMATICA
728.84,DIASTASI MUSCOLARE
728.85,CONTRATTURA MUSCOLARE
728.86,FASCITE NECROTIZZANTE
728.87,DEBOLEZZA MUSCOLARE (GENERALIZZATA)
728.88,RABDOMIOLISI
728.89,"ALTRI DISTURBI DEI MUSCOLI,DEI LEGAMENTI E DELLE FASCE"
728.9,"DISTURBI NON SPECIFICATI DI MUSCOLI,LEGAMENTI E FASCE"
729,ALTRI DISTURBI DEI TESSUTI MOLLI
729.0,FIBROMIALGIA E REUMATISMI EXTRARTICOLARI DIFFUSI NON SPECIFICATI
729.1,MIALGIA E MIOSITE NON SPECIFICATE
729.2,"NEVRALGIA,NEURITE E RADICOLITE,NON SPECIFICATE"
729.3,PANNICOLITE NON SPECIFICATA
729.30,"PANNICOLITE,SEDE NON SPECIFICATA"
729.31,IPERTROFIA DEL CORPO ADIPOSO DEL GINOCCHIO
729.39,PANNICOLITE DI ALTRE SEDI
729.4,FASCITE NON SPECIFICATA
729.5,DOLORE DEGLI ARTI
729.6,CORPO ESTRANEO RESIDUO NEI TESSUTI MOLLI
729.7,SINDROME COMPARTIMENTALE NON TRAUMATICA
729.71,SINDROME COMPARTIMENTALE NON TRAUMATICA DELLE ESTREMIT@ SUPERIORI
729.72,SINDROME COMPARTIMENTALE NON TRAUMATICA DELLE ESTREMIT@ INFERIORI
729.73,SINDROME COMPARTIMENTALE NON TRAUMATICA DELL'ADDOME
729.79,SINDROME COMPARTIMENTALE NON TRAUMATICA DI ALTRE SEDI
729.8,ALTRI SINTOMI RELATIVI AGLI ARTI
729.81,EDEMA DEGLI ARTI
729.82,CRAMPI DEGLI ARTI
729.89,ALTRI SINTOMI DEGLI ARTI
729.9,ALTRI E NON SPECIFICATI DISTURBI DEI TESSUTI MOLLI
730,"OSTEOMIELITE, PERIOSTITE E ALTRE INFEZIONI OSSEE"
730.0,OSTEOMIELITE ACUTA
730.00,"OSTEOMIELITE ACUTA,SEDE NON SPECIFICATA"
730.01,"OSTEOMIELITE ACUTA,SCAPOLA E CLAVICOLA"
730.02,"OSTEOMIELITE ACUTA,OMERO"
730.03,"OSTEOMIELITE ACUTA,RADIO E ULNA"
730.04,"OSTEOMIELITE ACUTA,CARPO,METACARPO E FALANGI"
730.05,"OSTEOMIELITE ACUTA,OSSA BACINO E FEMORE"
730.06,"OSTEOMIELITE ACUTA,TIBIA E PERONE"
730.07,"OSTEOMIELITE ACUTA,OSSA DEL PIEDE"
730.08,"OSTEOMIELITE ACUTA,ALTRE SEDI SPECIFICATE"
730.09,"OSTEOMIELITE ACUTA,SEDI MULTIPLE"
730.1,OSTEOMIELITE CRONICA
730.10,"OSTEOMIELITE CRONICA,SEDE NON SPECIFICATA"
730.11,"OSTEOMIELITE CRONICA,SCAPOLA E CLAVICOLA"
730.12,"OSTEOMIELITE CRONICA,OMERO"
730.13,"OSTEOMIELITE CRONICA,RADIO E ULNA"
730.14,"OSTEOMIELITE CRONICA,CARPO,METACARPO E FALANGI"
730.15,"OSTEOMIELITE CRONICA,OSSA BACINO E FEMORE"
730.16,"OSTEOMIELITE CRONICA,TIBIA E PERONE"
730.17,"OSTEOMIELITE CRONICA,OSSA DEL PIEDE"
730.18,"OSTEOMIELITE CRONICA,ALTRE SEDI SPECIFICATE"
730.19,"OSTEOMIELITE CRONICA,SEDI MULTIPLE"
730.2,OSTEOMIELITE NON SPECIFICATA
730.20,"OSTEOMIELITE NON SPECIFICATA,SEDE NON SPECIFICATA"
730.21,"OSTEOMIELITE NON SPECIFICATA,SCAPOLA E CLAVICOLA"
730.22,"OSTEOMIELITE NON SPECIFICATA,OMERO"
730.23,"OSTEOMIELITE NON SPECIFICATA,RADIO E ULNA"
730.24,"OSTEOMIELITE NON SPECIFICATA,CARPO,METACARPO E FALANGI"
730.25,"OSTEOMIELITE NON SPECIFICATA,OSSA BACINO E FEMORE"
730.26,"OSTEOMIELITE NON SPECIFICATA,TIBIA E PERONE"
730.27,"OSTEOMIELITE NON SPECIFICATA,OSSA DEL PIEDE"
730.28,"OSTEOMIELITE NON SPECIFICATA,ALTRE SEDI SPECIFICATE"
730.29,"OSTEOMIELITE NON SPECIFICATA,SEDI MULTIPLE"
730.3,PERIOSTITE SENZA MENZIONE DI OSTEOMIELITE
730.30,"PERIOSTITE SENZA MENZIONE DI OSTEOMIELITE,SEDI NON SPECIFICATE"
730.31,"PERIOSTITE SENZA MENZIONE DI OSTEOMIELITE,SCAPOLA E CLAVICOLA"
730.32,"PERIOSTITE SENZA MENZIONE DI OSTEOMIELITE,OMERO"
730.33,"PERIOSTITE SENZA MENZIONE DI OSTEOMIELITE,RADIO E ULNA"
730.34,"PERIOSTITE SENZA MENZIONE DI OSTEOMIELITE,CARPO,METACARPO E FALANGI"
730.35,"PERIOSTITE SENZA MENZIONE DI OSTEOMIELITE,REGIONE PELVICA E COSCIA"
730.36,"PERIOSTITE SENZA MENZIONE DI OSTEOMIELITE,TIBIA E PERONE"
730.37,"PERIOSTITE SENZA MENZIONE DI OSTEOMIELITE,OSSA DEL PIEDE"
730.38,"PERIOSTITE SENZA MENZIONE DI OSTEOMIELITE,ALTRE SEDI SPECIFICATE"
730.39,"PERIOSTITE SENZA MENZIONE DI OSTEOMIELITE,SEDI MULTIPLE"
730.7,OSTEOPATIE CONSEGUENTI A POLIOMIELITE
730.70,"OSTEOPATIE CONSEGUENTI A POLIOMIELITE,SEDI NON SPECIFICATE"
730.71,"OSTEOPATIE CONSEGUENTI A POLIOMIELITE,SCAPOLA E CLAVICOLA"
730.72,"OSTEOPATIE CONSEGUENTI A POLIOMIELITE,OMERO"
730.73,"OSTEOPATIE CONSEGUENTI A POLIOMIELITE,RADIO E ULNA"
730.74,"OSTEOPATIE CONSEGUENTI A POLIOMIELITE,CARPO,METACARPO E FALANGI"
730.75,"OSTEOPATIE CONSEGUENTI A POLIOMIELITE,REGIONE PELVICA E COSCIA"
730.76,"OSTEOPATIE CONSEGUENTI A POLIOMIELITE,TIBIA E PERONE"
730.77,"OSTEOPATIE CONSEGUENTI A POLIOMIELITE,OSSA DEL PIEDE"
730.78,"OSTEOPATIE CONSEGUENTI A POLIOMIELITE,ALTRE SEDI SPECIFICATE"
730.79,"OSTEOPATIE CONSEGUENTI A POLIOMIELITE,SEDI MULTIPLE"
730.8,ALTRE INFEZIONI OSSEE IN MALATTIE CLASSIFICATE ALTROVE
730.80,"ALTRE INFEZIONI OSSEE IN MALATTIE CLASSIFICATE ALTROVE,SEDE NON SPECIFICATA"
730.81,ALTRE INFEZIONI OSSEE DELLA SPALLA IN MALATTIE CLASSIFICATE ALTROVE
730.82,ALTRE INFEZIONI OSSEE DEL BRACCIO IN MALATTIE CLASSIFICATE ALTROVE
730.83,ALTRE INFEZIONI OSSEE DELL'AVAMBRACCIO IN MALATTIE CLASSIFICATE ALTROVE
730.84,ALTRE INFEZIONI OSSEE DELLA MANO IN MALATTIE CLASSIFICATE ALTROVE
730.85,ALTRE INFEZIONI OSSEE DI REGIONE PELVICA E COSCIA IN MALATTIE CLASSIFICATE ALTROVE
730.86,ALTRE INFEZIONI OSSEE DELLA GAMBA IN MALATTIE CLASSIFICATE ALTROVE
730.87,ALTRE INFEZIONI OSSEE DI CAVIGLIA E PIEDE IN MALATTIE CLASSIFICATE ALTROVE
730.88,"ALTRE INFEZIONI OSSEE IN MALATTIE CLASSIFICATE ALTROVE,ALTRE SEDI SPECIFICATE"
730.89,"ALTRE INFEZIONI OSSEE IN MALATTIE CLASSIFICATE ALTROVE,SEDI MULTIPLE"
730.9,INFEZIONE NON SPECIFICATA DELLE OSSA
730.90,"INFEZIONE NON SPECIFICATA DELLE OSSA,SEDE NON SPECIFICATA"
730.91,"INFEZIONE NON SPECIFICATA DELLE OSSA,SCAPOLA E CLAVICOLA"
730.92,"INFEZIONE NON SPECIFICATA DELLE OSSA,OMERO"
730.93,"INFEZIONE NON SPECIFICATA DELLE OSSA,RADIO E ULNA"
730.94,"INFEZIONE NON SPECIFICATA DELLE OSSA,CARPO,METACARPO E FALANGI"
730.95,"INFEZIONE NON SPECIFICATA DELLE OSSA,OSSA BACINO E FEMORE"
730.96,"INFEZIONE NON SPECIFICATA DELLE OSSA,TIBIA E PERONE"
730.97,"INFEZIONE NON SPECIFICATA DELLE OSSA,OSSA DEL PIEDE"
730.98,"INFEZIONE NON SPECIFICATA DELLE OSSA,ALTRE SEDI SPECIFICATE"
730.99,"INFEZIONE NON SPECIFICATA DELLE OSSA,SEDI MULTIPLE"
731,OSTEITE DEFORMANTE E OSTEOPATIE ASSOCIATE AD ALTRI DISTURBI CLASSIFICATI ALTROVE
731.0,OSTEITE DEFORMANTE SENZA MENZIONE DI TUMORE DELLE OSSA
731.1,OSTEITE DEFORMANTE IN MALATTIE CLASSIFICATE ALTROVE
731.2,OSTEOARTROPATIA IPERTROFIZZANTE PNEUMICA
731.3,DIFETTI OSSEI MAGGIORI
731.8,ALTRE COMPLICAZIONI OSSEE IN MALATTIE CLASSIFICATE ALTROVE
732,OSTEOCONDROPATIE
732.0,OSTEOCONDROSI GIOVANILE DELLA COLONNA VERTEBRALE
732.1,OSTEOCONDROSI GIOVANILE DELL'ANCA E DEL BACINO
732.2,EPIFISIOLISI NON TRAUMATICA DELL'EPIFISI PROSSIMALE DEL FEMORE
732.3,OSTEOCONDROSI GIOVANILE DELL'ARTO SUPERIORE
732.4,"OSTEOCONDROSI GIOVANILE DELL'ARTO INFERIORE,ESCLUSO IL PIEDE"
732.5,OSTEOCONDROSI GIOVANILE DEL PIEDE
732.6,ALTRE OSTEOCONDROSI GIOVANILI
732.7,OSTEOCONDRITE DISSECANTE
732.8,ALTRE FORME SPECIFICATE DI OSTEOCONDROPATIA
732.9,OSTEOCONDROPATIA NON SPECIFICATA
733,ALTRI DISTURBI DELLE OSSA E DELLE CARTILAGINI
733.0,OSTEOPOROSI
733.00,OSTEOPOROSI NON SPECIFICATA
733.01,OSTEOPOROSI SENILE
733.02,OSTEOPOROSI IDIOPATICA
733.03,OSTEOPOROSI DA NON USO
733.09,ALTRE OSTEOPOROSI
733.1,FRATTURA PATOLOGICA
733.10,"FRATTURA PATOLOGICA,SEDE NON SPECIFICATA"
733.11,FRATTURA PATOLOGICA DELL'OMERO
733.12,FRATTURA PATOLOGICA DELLA PARTE DISTALE DI RADIO E ULNA
733.13,FRATTURA PATOLOGICA DELLE VERTEBRE
733.14,FRATTURA PATOLOGICA DEL COLLO DEL FEMORE
733.15,FRATTURA PATOLOGICA DI ALTRE PARTI SPECIFICATE DEL FEMORE
733.16,FRATTURA PATOLOGICA DI TIBIA O PERONE
733.19,FRATTURA PATOLOGICA DI ALTRE SEDI SPECIFICATE
733.2,CISTI OSSEE
733.20,"CISTI OSSEA LOCALIZZATA,NON SPECIFICATA"
733.21,CISTI OSSEA SOLITARIA
733.22,CISTI ANEURISMATICA DELL'OSSO
733.29,ALTRE CISTI OSSEE
733.3,IPEROSTOSI DEL CRANIO
733.4,NECROSI ASETTICA DELLE OSSA
733.40,"NECROSI ASETTICA DELLE OSSA,SEDE NON SPECIFICATA"
733.41,NECROSI ASETTICA DELLA TESTA DELL'OMERO
733.42,NECROSI ASETTICA DELLA TESTA E DEL COLLO DEL FEMORE
733.43,NECROSI ASETTICA DEL CONDILO FEMORALE MEDIALE
733.44,NECROSI ASETTICA DELL'ASTRAGALO
733.49,"NECROSI ASETTICA DELLE OSSA,ALTRE SEDI"
733.5,OSTEITE ADDENSANTE
733.6,MALATTIA DI TIETZE
733.7,ALGONEURODISTROFIA
733.8,MANCATA E VIZIOSA SALDATURA DI FRATTURA
733.81,VIZIOSA SALDATURA DI FRATTURA
733.82,MANCATA SALDATURA DI FRATTURA
733.9,ALTRI E NON SPECIFICATI DISTURBI DELL'OSSO E DELLA CARTILAGINE
733.90,DISTURBI DELL'OSSO E DELLA CARTILAGINE NON SPECIFICATI
733.91,ARRESTO DI SVILUPPO O DI CRESCITA DELL'OSSO
733.92,CONDROMALACIA
733.93,FRATTURA DA STRESS DELLA TIBIA O PERONE
733.94,FRATTURA DA STRESS DEL METATARSO
733.95,FRATTURA DA STRESS DI ALTRO OSSO
733.99,ALTRI DISTURBI DELLE OSSA E DELLE CARTILAGINI
734,PIEDE PIATTO
735,DEFORMAZIONI ACQUISITE DELLE DITA DEL PIEDE
735.0,ALLUCE VALGO (ACQUISITO)
735.1,ALLUCE VARO (ACQUISITO)
735.2,ALLUCE RIGIDO
735.3,ALLUCE A MARTELLO
735.4,ALTRE DITA DEL PIEDE A MARTELLO (ACQUISITE)
735.5,DITA DEL PIEDE AD ARTIGLIO (ACQUISITE)
735.8,ALTRE DEFORMAZIONI ACQUISITE DELLE DITA DEL PIEDE
735.9,DEFORMAZIONI DELLE DITA DEL PIEDE NON SPECIFICATE
736,ALTRE DEFORMAZIONI ACQUISITE DEGLI ARTI
736.0,"DEFORMAZIONI ACQUISITE DELL'AVAMBRACCIO, ESCLUSE LE DITA"
736.00,"DEFORMAZIONI ACQUISITE DELL'AVAMBRACCIO,ESCLUSE LE DITA,NON SPECIFICATE"
736.01,GOMITO VALGO (ACQUISITO)
736.02,GOMITO VARO (ACQUISITO)
736.03,POLSO VALGO (ACQUISITO)
736.04,POLSO VARO (ACQUISITO)
736.05,MANO CADENTE (ACQUISITO)
736.06,MANO AD ARTIGLIO (ACQUISITO)
736.07,"TALIPOMANO (MANO TORTA),ACQUISITA"
736.09,"ALTRE DEFORMAZIONI ACQUISITE DELL'AVAMBRACCIO,ESCLUSE LE DITA"
736.1,DITA A MARTELLO
736.2,ALTRE DEFORMAZIONI ACQUISITE DELLE DITA
736.20,ALTRE DEFORMAZIONI ACQUISITE NON SPECIFICATE DELLE DITA
736.21,ALTRE DEFORMAZIONI ACQUISITE A BOTTONIERA
736.22,ALTRE DEFORMAZIONI ACQUISITE A COLLO DI CIGNO
736.29,ALTRE DEFORMAZIONI ACQUISITE DELLE DITA
736.3,DEFORMAZIONI ACQUISITE DELL'ANCA
736.30,"DEFORMAZIONI ACQUISITE DELL'ANCA,NON SPECIFICATE"
736.31,COXA VALGA (ACQUISITA)
736.32,COXA VARA (ACQUISITO)
736.39,ALTRE DEFORMAZIONI ACQUISITE DELL'ANCA
736.4,GINOCCHIO VALGO O VARO (ACQUISITO)
736.41,GINOCCHIO VALGO (ACQUISITO)
736.42,GINOCCHIO VARO (ACQUISITO)
736.5,GENU RECURVATUM (ACQUISITO)
736.6,ALTRE DEFORMAZIONI ACQUISITE DEL GINOCCHIO
736.7,ALTRE DEFORMAZIONI ACQUISITE DELLA CAVIGLIA E DEL PIEDE
736.70,"DEFORMAZIONI ACQUISISTE,NON SPECIFICATE,DI CAVIGLIA E PIEDE"
736.71,"PIEDE TORTO,ACQUISITO"
736.72,"PIEDE EQUINO,ACQUISITO"
736.73,"PIEDE CAVO,ACQUISITO"
736.74,"PIEDE CAVO CON DITA IN GRIFFE,ACQUISITO"
736.75,"PIEDE CAVOVARO,ACQUISITO"
736.76,ALTRE DEFORMAZIONI ACQUISITE DEL CALCAGNO
736.79,ALTRE DEFORMAZIONI ACQUISITE DELLA CAVIGLIA E DEL PIEDE
736.8,DEFORMAZIONI ACQUISITE DI ALTRE PARTI DEGLI ARTI
736.81,DISMETRIA ACQUISITA DELL'ARTO INFERIORE
736.89,ALTRE DEFORMIT@ ACQUISITE DI ALTRE PARTI DEGLI ARTI
736.9,"DEFORMAZIONE ACQUISITA DEGLI ARTI,SEDE NON SPECIFICATA"
737,DEVIAZIONI DELLA COLONNA VERTEBRALE
737.0,CIFOSI POSTURALE DEGLI ADOLESCENTI
737.1,CIFOSI (ACQUISITA)
737.10,CIFOSI POSTURALE (ACQUISITA)
737.11,CIFOSI SECONDARIA A RADIAZIONI
737.12,CIFOSI POSTLAMINECTOMIA
737.19,"ALTRA CIFOSI,ACQUISITA"
737.2,LORDOSI (ACQUISITA)
737.20,LORDOSI POSTURALE (ACQUISITA)
737.21,LORDOSI POSTLAMINECTOMIA
737.22,ALTRE LORDOSI POSTCHIRURGICHE
737.29,ALTRE LORDOSI ACQUISITE
737.3,CIFOSCOLIOSI E SCOLIOSI
737.30,CIFOSI (E CIFOSCOLIOSI) IDIOPATICA
737.31,SCOLIOSI IDIOPATICA INFANTILE NON PROGRESSIVA
737.32,SCOLIOSI IDIOPATICA INFANTILE PROGRESSIVA
737.33,SCOLIOSI DA RADIAZIONI
737.34,SCOLIOSI TORACOGENICA
737.39,ALTRE CIFOSCOLIOSI E SCOLIOSI
737.4,DEVIAZIONI DELLA COLONNA VERTEBRALE ASSOCIATE AD ALTRE CONDIZIONI MORBOSE
737.40,DEVIAZIONI DELLA COLONNA NON SPECIFICATE ASSOCIATE AD ALTRE MANIFESTAZIONI MORBOSE
737.41,CIFOSI ASSOCIATA AD ALTRE MANIFESTAZIONI MORBOSE
737.42,LORDOSI ASSOCIATA AD ALTRE MANIFESTAZIONI MORBOSE
737.43,SCOLIOSI ASSOCIATA AD ALTRE MANIFESTAZIONI MORBOSE
737.8,ALTRE DEVIAZIONI DELLA COLONNA VERTEBRALE ASSOCIATE AD ALTRE MANIFESTAZIONI MORBOSE
737.9,DEVIAZIONI NON SPECIFICATE DELLA COLONNA VERTEBRALE ASSOCIATE AD ALTRE MANIFESTAZIONI MORBOSE
738,ALTRE DEFORMAZIONI ACQUISITE DELL'APPARATO MUSCOLOSCHELETRICO
738.0,DEFORMAZIONI ACQUISITE DEL NASO
738.1,ALTRE DEFORMAZIONI ACQUISITE DELLA TESTA
738.10,"ALTRE DEFORMAZIONI ACQUISITE DELLA TESTA,NON SPECIFICATE"
738.11,"ALTRE DEFORMAZIONI ACQUISITE DELLA TESTA,IPERPLASIA DEGLI ZIGOMI"
738.12,"ALTRE DEFORMAZIONI ACQUISITE DELLA TESTA,IPOPLASIA DEGLI ZIGOMI"
738.19,"ALTRE DEFORMAZIONI ACQUISITE DELLA TESTA,SPECIFICATE"
738.2,DEFORMAZIONI ACQUISITE DEL COLLO
738.3,DEFORMAZIONI ACQUISITE DEL TORACE E DELLE COSTOLE
738.4,SPONDILOLISTESI ACQUISITA
738.5,ALTRE DEFORMAZIONI ACQUISITE DELLA SCHIENA O DELLA COLONNA VERTEBRALE
738.6,DEFORMAZIONI ACQUISITE DEL BACINO
738.7,ORECCHIO A CAVOLFIORE
738.8,DEFORMAZIONI ACQUISITE DI ALTRE SEDI SPECIFICATE
738.9,DEFORMAZIONI ACQUISITE DI SEDI NON SPECIFICATE
739,"LESIONI NON ALLOPATICHE, NON CLASSIFICATE ALTROVE"
739.0,"LESIONI NON ALLOPATICHE,NON CLASSIFICATE ALTROVE,REGIONE CEFALICA"
739.1,"LESIONI NON ALLOPATICHE,NON CLASSIFICATE ALTROVE,REGIONE CERVICALE"
739.2,"LESIONI NON ALLOPATICHE,NON CLASSIFICATE ALTROVE,REGIONE TORACICA"
739.3,"LESIONI NON ALLOPATICHE,NON CLASSIFICATE ALTROVE,REGIONE LOMBARE"
739.4,"LESIONI NON ALLOPATICHE,NON CLASSIFICATE ALTROVE,REGIONE SACRALE"
739.5,"LESIONI NON ALLOPATICHE,NON CLASSIFICATE ALTROVE,REGIONE PELVICA"
739.6,"LESIONI NON ALLOPATICHE,NON CLASSIFICATE ALTROVE,ESTREMIT@ INFERIORI"
739.7,"LESIONI NON ALLOPATICHE,NON CLASSIFICATE ALTROVE,ESTREMIT@ SUPERIORI"
739.8,"LESIONI NON ALLOPATICHE,NON CLASSIFICATE ALTROVE,GABBIA TORACICA"
739.9,"LESIONI NON ALLOPATICHE,NON CLASSIFICATE ALTROVE,ADDOME E ALTRE SEDI"
740,ANENCEFALIA E ANOMALIE SIMILI
740.0,ANENCEFALIA
740.1,CRANIORACHISCHISI
740.2,INIENCEFALIA
741,SPINA BIFIDA
741.0,CON IDROCEFALO
741.00,"CON IDROCEFALO,REGIONE NON SPECIFICATA"
741.01,"CON IDROCEFALO,REGIONE CERVICALE"
741.02,"CON IDROCEFALO,REGIONE DORSALE (TORACICA)"
741.03,"CON IDROCEFALO,REGIONE LOMBARE"
741.9,SENZA MENZIONE DI IDROCEFALO
741.90,"SENZA MENZIONE DI IDROCEFALO,REGIONE NON SPECIFICATA"
741.91,"SENZA MENZIONE DI IDROCEFALO,REGIONE CERVICALE"
741.92,"SENZA MENZIONE DI IDROCEFALO,REGIONE DORSALE (TORACICA)"
741.93,"SENZA MENZIONE DI IDROCEFALO,REGIONE LOMBARE"
742,ALTRE ANOMALIE CONGENITE DEL SISTEMA NERVOSO
742.0,ENCEFALOCELE
742.1,MICROCEFALIA
742.2,DEFORMIT@ CONGENITE CON RIDUZIONE DEL CERVELLO
742.3,IDROCEFALO CONGENITO
742.4,ALTRE ANOMALIE CEREBRALI SPECIFICATE
742.5,ALTRE ANOMALIE DEL MIDOLLO SPINALE SPECIFICATE
742.51,DIASTEMATOMIELIA
742.53,IDROMIELIA
742.59,ALTRO
742.8,ALTRE ANOMALIE SPECIFICATE DEL SISTEMA NERVOSO
742.9,"ANOMALIE NON SPECIFICATE DEL CERVELLO,DEL MIDOLLO SPINALE E DEL SISTEMA NERVOSO"
743,ANOMALIE CONGENITE DELL'OCCHIO
743.0,ANOFTALMIA
743.00,"ANOFTALMIA CLINICA,NON SPECIFICATA"
743.03,"CISTI DELL'OCCHIO,CONGENITA"
743.06,CRIPTOFTALMO
743.1,MICROFTALMIA
743.10,"MICROFTALMIA,NON SPECIFICATA"
743.11,MICROFTALMIA SEMPLICE
743.12,MICROFTALMIA ASSOCIATA CON ALTRE ANOMALIE DELL'OCCHIO E ANNESSI
743.2,BUFTALMO
743.20,"BUFTALMO,NON SPECIFICATO"
743.21,BUFTALMO SEMPLICE
743.22,BUFTALMO ASSOCIATO AD ALTRE ANOMALIE OCULARI
743.3,CATARATTA CONGENITA E ANOMALIE DEL CRISTALLINO
743.30,"CATARATTA CONGENITA,NON SPECIFICATA"
743.31,CATARATTA CAPSULARE E SOTTOCAPSULARE
743.32,CATARATTA CORTICALE E ZONULARE
743.33,CATARATTA NUCLEARE
743.34,CATARATTA CONGENITA TOTALE E SUBTOTALE
743.35,AFACHIA CONGENITA
743.36,ANOMALIE DELLA FORMA DEL CRISTALLINO
743.37,ECTOPIA CONGENITA DEL CRISTALLINO
743.39,ALTRO
743.4,COLOBOMA ED ALTRE ANOMALIE DELLA SEGMENTO ANTERIORE
743.41,ANOMALIE DELLA DIMENSIONE E DELLA FORMA DELLA CORNEA
743.42,OPACIT@ CORNEALI CONGENITE CHE INTERFERISCONO CON LA VISIONE
743.43,"ALTRE OPACIT@ CORNEALI,CONGENITE"
743.44,"ANOMALIE SPECIFICATE DELLA CAMERA ANTERIORE,DELL'ANGOLO DELLA CAMERA E DELLE RELATIVE STRUTTURE"
743.45,ANIRIDIA
743.46,ALTRE ANOMALIE SPECIFICHE DELL'IRIDE E DEL CORPO CILIARE
743.47,ANOMALIE SPECIFICATE DELLA SCLERA
743.48,ANOMALIE MULTIPLE E COMBINATE DEL SEGMENTO ANTERIORE
743.49,ALTRO
743.5,ANOMALIE CONGENITE DEL SEGMENTO POSTERIORE
743.51,ANOMALIE DEL CORPO VITREO
743.52,COLOBOMA DEL FONDO
743.53,"DEGENERAZIONE CORIORETINICA,CONGENITA"
743.54,PIEGHE CONGENITE E CISTI DEL SEGMENTO POSTERIORE
743.55,ALTERAZIONI MACULARI CONGENITE
743.56,ALTRE ALTERAZIONI CONGENITE DELLA RETINA
743.57,ANOMALIE SPECIFICATE DEL DISCO OTTICO
743.58,ANOMALIE VASCOLARI
743.59,ALTRO
743.6,"ANOMALIE CONGENITE DELLE PALPEBRE, DEL SISTEMA LACRIMALE E DELL'ORBITA"
743.61,PTOSI CONGENITA
743.62,DEFORMIT@ CONGENITE DELLE PALPEBRE
743.63,ALTRE ANOMALIE CONGENITE SPECIFICATE DELLA PALPEBRA
743.64,ANOMALIE CONGENITE SPECIFICATE DELLA GHIANDOLA LACRIMALE
743.65,ANOMALIE CONGENITE SPECIFICATE DELL'APPARATO LACRIMALE
743.66,ANOMALIE CONGENITE SPECIFICATE DELL'ORBITA
743.69,ALTRO MUSCOLI OCULARI
743.8,ALTRE ANOMALIE SPECIFICATE DELL'OCCHIO
743.9,ANOMALIE NON SPECIFICATE DELL'OCCHIO
744,"ANOMALIE CONGENITE DELL'ORECCHIO, DELLA FACCIA E DEL COLLO"
744.0,ANOMALIE DELL'ORECCHIO CHE CAUSANO DEFICIT DELL'UDITO
744.00,ANOMALIE NON SPECIFICATE DELL'ORECCHIO CON DEFICIT DELL'UDITO
744.01,ASSENZA DELL'ORECCHIO ESTERNO
744.02,ALTRE ANOMALIE DELL'ORECCHIO ESTERNO CON DEFICIT DELL'UDITO
744.03,"ANOMALIE DELL'ORECCHIO MEDIO,AD ECCEZIONE DELLA CATENA DEGLI OSSICINI"
744.04,ANOMALIE DELLA CATENA DEGLI OSSICINI DELL'ORECCHIO
744.05,ANOMALIE DELL'ORECCHIO INTERNO
744.09,"ALTRO ASSENZA DELL ORECCHIO, CONGENITA"
744.1,PADIGLIONI AURICOLARI ACCESSORI
744.2,ALTRE ANOMALIE SPECIFICATE DELL'ORECCHIO
744.21,"ASSENZA DEL LOBO DELL'ORECCHIO,CONGENITA"
744.22,MACROTIA
744.23,MICROTIA
744.24,ANOMALIE SPECIFICATE DELLA TUBA DI EUSTACHIO
744.29,ALTRO DI ALTRE ANOMALIE SPECIFICATE DELL'ORECCHIO
744.3,ANOMALIE NON SPECIFICATE DELL'ORECCHIO
744.4,CISTI O FISTOLA BRANCHIALE: SENO PREAURICOLARE
744.41,CISTI O FISTOLA BRANCHIALE
744.42,CISTI BRANCHIALE
744.43,PADIGLIONE AURICOLARE CERVICALE
744.46,SENO O FISTOLA PREAURICOLARE
744.47,CISTI PREAURICOLARE
744.49,ALTRO DI CISTI O FISTOLA BRANCHIALE: SENO PREAURICOLARE
744.5,PTERIGIO DEL COLLO
744.8,ALTRE ANOMALIE SPECIFICATE DELLA FACCIA E DEL COLLO
744.81,MACROCHEILIA
744.82,MICROCHEILIA
744.83,MACROSTOMIA
744.84,MICROSTOMIA
744.89,ALTRO DI ALTRE ANOMALIE SPECIFICATE DELLA FACCIA E DEL COLLO
744.9,ANOMALIE NON SPECIFICATE DELLA FACCIA E DEL COLLO
745,ANOMALIE DEL BULBO CARDIACO E ANOMALIE DELLA CHIUSURA DEL SETTO CARDIACO
745.0,TRONCO COMUNE
745.1,TRASPOSIZIONE DEI GROSSI VASI
745.10,TRASPOSIZIONE COMPLETA DEI GROSSI VASI
745.11,DOPPIO SBOCCO DEL VENTRICOLO DESTRO
745.12,TRASPOSIZIONE CORRETTA DEI GROSSI VASI
745.19,ALTRO DI TRASPOSIZIONE DEI GROSSI VASI
745.2,TETRALOGIA DI FALLOT
745.3,VENTRICOLO UNICO
745.4,DIFETTO DEL SETTO INTERVENTRICOLARE
745.5,DIFETTO DEL SETTO ATRIALE TIPO OSTIUM SECUNDUM
745.6,DIFETTI DEI CUSCINETTI ENDOCARDICI
745.60,"DIFETTO DEI CUSCINETTI ENDOCARDICI,DI TIPO NON SPECIFICATO"
745.61,DIFETTO DELL'OSTIUM PRIMUM
745.69,ALTRO DI DIFETTI DEI CUSCINETTI ENDOCARDICI
745.7,CUORE BILOCULARE
745.8,ALTRO DI ANOMALIE DEL BULBO CARDIACO E ANOMALIE DELLA CHIUSURA DEL SETTO CARDIACO
745.9,DIFETTO NON SPECIFICATO DI CHIUSURA DEL SETTO
746,ALTRE ANOMALIE CONGENITE DEL CUORE
746.0,ANOMALIE DELLA VALVOLA POLMONARE
746.00,"ANOMALIA DELLA VALVOLA POLMONARE,NON SPECIFICATA"
746.01,"ATRESIA,CONGENITA"
746.02,"STENOSI,CONGENITA"
746.09,ALTRO DI ANOMALIE DELLA VALVOLA POLMONARE
746.1,"ATRESIA E STENOSI DELLA TRICUSPIDE,CONGENITA"
746.2,ANOMALIA DI EBSTEIN
746.3,STENOSI CONGENITA DELLA VALVOLA AORTICA
746.4,INSUFFICIENZA CONGENITA DELLA VALVOLA AORTICA
746.5,STENOSI MITRALICA CONGENITA
746.6,INSUFFICIENZA MITRALICA CONGENITA
746.7,SINDROME DEL CUORE SINISTRO IPOPLASICO
746.8,ALTRE ANOMALIE SPECIFICATE DEL CUORE
746.81,STENOSI SUBAORTICA
746.82,CUORE TRIATRIATO
746.83,STENOSI POLMONARE INFUNDIBOLARE
746.84,"ANOMALIE OSTRUTTIVE DEL CUORE,NON CLASSIFICATE ALTROVE"
746.85,ANOMALIE DELL'ARTERIA CORONARIA
746.86,BLOCCO CARDIACO CONGENITO
746.87,MALPOSIZIONE DEL CUORE E DELL'APICE CARDIACO
746.89,ALTRO DI ALTRE ANOMALIE SPECIFICATE DEL CUORE
746.9,ANOMALIA DEL CUORE NON SPECIFICATA
747,ALTRE ANOMALIE CONGENITE DEL SISTEMA CIRCOLATORIO
747.0,DOTTO ARTERIOSO PERVIO
747.1,COARTAZIONE DELL'AORTA
747.10,COARTAZIONE AORTICA (PREDUTTALE) (POSTDUTTALE)
747.11,INTERRUZIONE DELL'ARCO AORTICO
747.2,ALTRE ANOMALIE DELL'AORTA
747.20,"ANOMALIE DELL'AORTA,NON SPECIFICATE"
747.21,ANOMALIE DELL'ARCO AORTICO
747.22,ATRESIA E STENOSI DELL'AORTA
747.29,ALTRO DI ALTRE ANOMALIE DELL'AORTA
747.3,ANOMALIE DELL'ARTERIA POLMONARE
747.4,ANOMALIE DEI GRANDI VASI VENOSI
747.40,"ANOMALIE DEI GRANDI VASI VENOSI,NON SPECIFICATE"
747.41,CONNESSIONE TOTALMENTE ANOMALA DELLE VENE POLMONARI
747.42,CONNESSIONE VENOSA POLMONARE PARZIALMENTE ANOMALA
747.49,ALTRE ANOMALIE DEI GROSSI VASI VENOSI
747.5,ASSENZA O IPOPLASIA DELL'ARTERIA OMBELICALE
747.6,ALTRE ANOMALIE DEL SISTEMA VASCOLARE PERIFERICO
747.60,"ANOMALIA DEL SISTEMA VASCOLARE PERIFERICO,DI SITO NON SPECIFICATO"
747.61,ANOMALIE DEI VASI GASTROINTESTINALI
747.62,ANOMALIE DEI VASI RENALI
747.63,ANOMALIE VASCOLARI DEGLI ARTI SUPERIORI
747.64,ANOMALIE VASCOLARI DEGLI ARTI INFERIORI
747.69,ANOMALIE DI ALTRE SEDI SPECIFICATE DEL SISTEMA VASCOLARE PERIFERICO
747.8,ALTRE ANOMALIE SPECIFICATE DEL SISTEMA CIRCOLATORIO
747.81,ANOMALIE DEL SISTEMA CEREBROVASCOLARE
747.82,ANOMALIE DEI VASI SPINALI
747.83,CIRCOLAZIONE FETALE PERSISTENTE
747.89,ALTRO DI ALTRE ANOMALIE SPECIFICATE DEL SISTEMA CIRCOLATORIO
747.9,ANOMALIE NON SPECIFICATE DEL SISTEMA CIRCOLATORIO
748,ANOMALIE CONGENITE DELL'APPARATO RESPIRATORIO
748.0,ATRESIA DELLE COANE
748.1,ALTRE ANOMALIE DEL NASO
748.2,MEMBRANA LARINGEA
748.3,"ALTRE ANOMALIE DELLA LARINGE,TRACHEA E BRONCHI"
748.4,CISTI CONGENITA POLMONARE
748.5,"AGENESIA,IPOPLASIA E DISPLASIA DEL POLMONE"
748.6,ALTRE ANOMALIE DEL POLMONE
748.60,"ANOMALIE DEL POLMONE,NON SPECIFICATE"
748.61,BRONCHIECTASIE CONGENITE
748.69,ALTRO DI ALTRE ANOMALIE DEL POLMONE
748.8,ALTRE ANOMALIE SPECIFICATE DELL'APPARATO RESPIRATORIO
748.9,ANOMALIE NON SPECIFICATE DELL'APPARATO RESPIRATORIO
749,PALATOSCHISI E LABIOSCHISI
749.0,PALATOSCHISI
749.00,"PALATOSCHISI,NON SPECIFICATA"
749.01,"UNILATERALE,COMPLETA"
749.02,"UNILATERALE,INCOMPLETA"
749.03,"BILATERALE,COMPLETA"
749.04,"BILATERALE,INCOMPLETA"
749.1,LABIOSCHISI
749.10,"LABIOSCHISI,NON SPECIFICATA"
749.11,"UNILATERALE,COMPLETA"
749.12,"UNILATERALE,INCOMPLETA"
749.13,"BILATERALE,COMPLETA"
749.14,"BILATERALE,INCOMPLETA"
749.2,PALATOSCHISI CON LABIOSCHISI
749.20,"PALATOSCHISI CON LABIOSCHISI,NON SPECIFICATA"
749.21,"UNILATERALE,COMPLETA"
749.22,"UNILATERALE,INCOMPLETA"
749.23,"BILATERALE,COMPLETA"
749.24,"BILATERALE,INCOMPLETA"
749.25,ALTRE COMBINAZIONI DI PALATOSCHISI CON LABIOSCHISI
750,ALTRE ANOMALIE CONGENITE DEL TRATTO ALIMENTARE SUPERIORE
750.0,LINGUA LEGATA
750.1,ALTRE ANOMALIE DELLA LINGUA
750.10,"ANOMALIE DELLA LINGUA,NON SPECIFICATE"
750.11,AGLOSSIA
750.12,ADERENZE CONGENITE DELLA LINGUA
750.13,FESSURA DELLA LINGUA
750.15,MACROGLOSSIA
750.16,MICROGLOSSIA
750.19,ALTRO
750.2,ALTRE ANOMALIE SPECIFICATE DELLA BOCCA E DEL FARINGE
750.21,ASSENZA DI GHIANDOLE SALIVARI
750.22,GHIANDOLE SALIVARI ACCESSORIE
750.23,ATRESIA DEL DOTTO SALIVARE
750.24,FISTOLA CONGENITA DELLA GHIANDOLA SALIVARE
750.25,FISTOLA CONGENITA DEL LABBRO
750.26,ALTRE ANOMALIE SPECIFICATE DELLA BOCCA
750.27,DIVERTICOLO DEL FARINGE
750.29,ALTRE ANOMALIE SPECIFICATE DEL FARINGE
750.3,"FISTOLA TRACHEOESOFAGEA,ATRESIA ESOFAGEA E STENOSI"
750.4,ALTRE ANOMALIE SPECIFICATE DELL'ESOFAGO
750.5,STENOSI IPERTROFICA CONGENITA DEL PILORO
750.6,ERNIA IATALE CONGENITA
750.7,ALTRE ANOMALIE SPECIFICATE DELLO STOMACO
750.8,ALTRE ANOMALIE SPECIFICATE DEL TRATTO ALIMENTARE SUPERIORE
750.9,ANOMALIE NON SPECIFICATE DEL TRATTO ALIMENTARE SUPERIORE
751,ALTRE ANOMALIE CONGENITE DEL SISTEMA DIGESTIVO
751.0,DIVERTICOLO DI MECKEL
751.1,ATRESIA E STENOSI DELL'INTESTINO TENUE
751.2,"ATRESIA E STENOSI DELL'INTESTINO CRASSO,DEL RETTO E DEL CANALE ANALE"
751.3,MALATTIA DI HIRSCHSPRUNG ED ALTRI DISTURBI FUNZIONALI CONGENITI DEL COLON
751.4,ANOMALIE DI FISSAZIONE INTESTINALE
751.5,ALTRE ANOMALIE DELL'INTESTINO
751.6,"ANOMALIE DELLA COLECISTI, DEI DOTTI BILIARI E DEL FEGATO"
751.60,"ANOMALIE NON SPECIFICATE DELLA COLECISTI,DEI DOTTI BILIARI E DEL FEGATO"
751.61,ATRESIA BILIARE
751.62,MALATTIA CONGENITA CISTICA DEL FEGATO
751.69,"ALTRE ANOMALIE DELLA COLECISTI,DEI DOTTI BILIARI E DEL FEGATO"
751.7,ANOMALIE DEL PANCREAS
751.8,ALTRE ANOMALIE SPECIFICATE DEL SISTEMA DIGESTIVO
751.9,ANOMALIE NON SPECIFICATE DEL SISTEMA DIGESTIVO
752,ANOMALIE CONGENITE DEGLI ORGANI GENITALI
752.0,ANOMALIE OVARICHE
752.1,ANOMALIE DELLE TUBE DI FALLOPPIO E DEI LEGAMENTI LARGHI
752.10,ANOMALIE NON SPECIFICATE DELLE TUBE DI FALLOPPIO E DEI LEGAMENTI LARGHI
752.11,CISTI EMBRIONALE DELLE TUBE DI FALLOPPIO E DEI LEGAMENTI LARGHI
752.19,ALTRO DI ANOMALIE OVARICHE
752.2,DUPLICAZIONE DELL'UTERO
752.3,ALTRE ANOMALIE DELL'UTERO
752.4,"ANOMALIE DELLA CERVICE, DELLA VAGINA E DEI GENITALI ESTERNI FEMMINILI"
752.40,"ANOMALIE NON SPECIFICATE DELLA CERVICE,DELLA VAGINA E DEI GENITALI ESTERNI FEMMINILI"
752.41,"CISTI EMBRIONALE DELLA CERVICE,DELLA VAGINA E DEI GENITALI ESTERNI FEMMINILI"
752.42,IMENE IMPERFORATO
752.49,"ALTRE ANOMALIE DELLA CERVICE,DELLA VAGINA E DEI GENITALI ESTERNI FEMMINILI"
752.5,TESTICOLO NON DISCESO E RETRATTILE
752.51,TESTICOLO NON DISCESO
752.52,TESTICOLO RETRATTILE
752.6,IPOSPADIA ED EPISPADIA E ALTRE ANOMALIE DEL PENE
752.61,IPOSPADIA
752.62,EPISPADIA
752.63,"CURVATURA ANOMALE,CONGENITA DEL PENE"
752.64,MICROPENE
752.65,PENE NASCOSTO
752.69,ALTRE ANOMALIE DEL PENE
752.7,SESSO INDETERMINATO E PSEUDOERMAFRODITISMO
752.8,ALTRE ANOMALIE SPECIFICATE DEGLI ORGANI GENITALI
752.81,TRASPOSIZIONE DELLO SCROTO
752.89,ALTRE ANOMALIE SPECIFICATE DEGLI ORGANI GENITALI
752.9,ANOMALIE NON SPECIFICATE DEGLI ORGANI GENITALI
753,ANOMALIE CONGENITE DEL SISTEMA URINARIO
753.0,AGENESIA E DISGENESIA DEL RENE
753.1,MALATTIA CISTICA DEL RENE
753.10,"MALATTIA CISTICA DEL RENE,NON SPECIFICATA"
753.11,"CISTI RENALE CONGENITA,SINGOLA"
753.12,"RENE POLICISTICO,TIPO NON SPECIFICATO"
753.13,"RENE POLICISTICO,AUTOSOMICO DOMINANTE"
753.14,"RENE POLICISTICO,AUTOSOMICO RECESSIVO"
753.15,DISPLASIA RENALE
753.16,RENE MIDOLLARE CISTICO
753.17,RENE CON MIDOLLARE A SPUGNA
753.19,ALTRE MALATTIE CISTICHE DEL RENE SPECIFICATE
753.2,DIFETTI OSTRUTTIVI DELLA PELVI RENALE E DELL'URETERE
753.20,DIFETTO OSTRUTTIVO NON SPECIFICATO DELLA PELVI DEL RENE E DELL'URETERE
753.21,OSTRUZIONE CONGENITA DELLA GIUNZIONE URETEROPELVICA
753.22,OSTRUZIONE CONGENITA DELLA GIUNZIONE URETERO-VESCICALE
753.23,URETEROCELE CONGENITO
753.29,ALTRO DI DIFETTI OSTRUTTIVI DELLA PELVI RENALE E DELL'URETERE
753.3,ALTRE ANOMALIE SPECIFICATE DEL RENE
753.4,ALTRE ANOMALIE SPECIFICATE DELL'URETERE
753.5,ESTROFIA DELLA VESCICA URINARIA
753.6,ATRESIA E STENOSI DELL'URETRA E DEL COLLO VESCICALE
753.7,ANOMALIE DELL'URACO
753.8,ALTRE ANOMALIE SPECIFICATE DELLA VESCICA E DELL'URETRA
753.9,ANOMALIE NON SPECIFICATE DEL SISTEMA URINARIO
754,ALCUNE MALFORMAZIONI CONGENITE DEL SISTEMA MUSCOLOSCHELETRICO
754.0,"MALFORMAZIONI CONGENITE DEL CRANIO,DELLA FACCIA E DELLA MASCELLA"
754.1,MALFORMAZIONE CONGENITA DEL MUSCOLO STERNOCLEIDOMASTOIDEO
754.2,MALFORMAZIONE CONGENITA DELLA COLONNA
754.3,LUSSAZIONE CONGENITA DELL'ANCA
754.30,"LUSSAZIONE CONGENITA DELL'ANCA,UNILATERALE"
754.31,"LUSSAZIONE CONGENITA DELL'ANCA,BILATERALE"
754.32,"SUBLUSSAZIONE CONGENITA DELL'ANCA,UNILATERALE"
754.33,"SUBLUSSAZIONE CONGENITA DELL'ANCA,BILATERALE"
754.35,LUSSAZIONE CONGENITA DI UN'ANCA CON SUBLUSSAZIONE DELL'ALTRA
754.4,GENU RECURVATUM CONGENITO E INCURVATURA DELLE OSSA LUNGHE DELLA GAMBA
754.40,GENU RECURVATUM
754.41,LUSSAZIONE CONGENITA DEL GINOCCHIO (CON GENU RECURVATUM)
754.42,CURVATURA CONGENITA DEL FEMORE
754.43,CURVATURA CONGENITA DI TIBIA E FIBULA
754.44,CURVATURA CONGENITA NON SPECIFICATA DI OSSA LUNGHE DELLA GAMBA
754.5,MALFORMAZIONI DEL PIEDE IN VARISMO
754.50,PIEDE TALO VARO
754.51,PIEDE TALO EQUINO
754.52,METATARSO VARO PRIMITIVO
754.53,METATARSO VARO
754.59,ALTRO DI MALFORMAZIONI DEL PIEDE IN VARISMO
754.6,MALFORMAZIONI DEL PIEDE IN VALGISMO
754.60,PIEDE TALO VALGO
754.61,PIEDE PIATTO CONGENITO
754.62,PIEDE TALO CALCANEO VALGO
754.69,ALTRO DI MALFORMAZIONI DEL PIEDE IN VALGISMO
754.7,ALTRE MALFORMAZIONI DEL PIEDE
754.70,PIEDE TORTO NON SPECIFICATO
754.71,PIEDE TALO CAVO
754.79,ALTRO DI ALTRE MALFORMAZIONI DEL PIEDE
754.8,ALTRE ANOMALIE SPECIFICATE NON TERATOGENICHE
754.81,PECTUS EXCAVATUM
754.82,PETTO CARENATO
754.89,ALTRO DI ALTRE ANOMALIE SPECIFICATE NON TERATOGENICHE
755,ALTRE ANOMALIE CONGENITE DEGLI ARTI
755.0,POLIDATTILIA
755.00,"POLIDATTILIA,DITA NON SPECIFICATE"
755.01,DI DITA DELLA MANO
755.02,DI DITA DEL PIEDE
755.1,SINDATTILIA
755.10,DI SITI MULTIPLI E NON SPECIFICATI
755.11,DI DITA DELLA MANO SENZA FUSIONE DELL'OSSO
755.12,DI DITA DELLA MANO CON FUSIONE DELL'OSSO
755.13,DI DITA DEL PIEDE SENZA FUSIONE DELL'OSSO
755.14,DI DITA DEL PIEDE CON FUSIONE DELL'OSSO
755.2,DIFETTO IN RIDUZIONE DELL'ARTO SUPERIORE
755.20,DIFETTO IN RIDUZIONE NON SPECIFICATA DELL'ARTO SUPERIORE
755.21,DIFETTO IN RIDUZIONE TRASVERSO DELL'ARTO SUPERIORE
755.22,"DIFETTO LONGITUDINALE DELL'ARTO SUPERIORE,NON CLASSIFICATO ALTROVE"
755.23,"DIFETTO LONGITUDINALE,COMBINATA,COMPRENDENTE L'OMERO,IL RADIO E L'ULNA (COMPLETO O INCOMPLETO)"
755.24,"DIFETTO LONGITUDINALE,DELL'OMERO COMPLETO O PARZIALE (CON O SENZA DIFETTO DISTALE,INCOMPLETO)"
755.25,"DIFETTO LONGITUDINALE,RADIOULNARE,COMPLETO O PARZIALE (CON O SENZA DIFETTO DISTALE,INCOMPLETO)"
755.26,"DIFETTO LONGITUDINALE,DEL RADIO,COMPLETO O PARZIALE (CON O SENZA DIFETTO DISTALE ,INCOMPLETO)"
755.27,"DIFETTO LONGITUDINALE,ULNARE,COMPLETO O PARZIALE (CON O SENZA DIFETTO DISTALE,INCOMPLETO)"
755.28,"DIFETTO LONGITUDINALE,CARPALE O METACARPALE,COMPLETO O PARZIALE (CON O SENZA DIFETTO INCOMPLETO DELLE FALANGI)"
755.29,"DIFETTO LONGITUDINALE DELLE FALANGI,COMPLETO O PARZIALE"
755.3,DIFETTO IN RIDUZIONE DI MALFORMAZIONI DELL'ARTO INFERIORE
755.30,"DIFETTO IN RIDUZIONE DI MALFORMAZIONI DELL'ARTO INFERIORE,NON SPECIFICATO"
755.31,MANCANZA TRASVERSA DELL'ARTO INFERIORE
755.32,"DIFETTO LONGITUDINALE DELL'ARTO INFERIORE,NON CLASSIFICATO ALTROVE"
755.33,"DIFETTO LONGITUDINALE COMBINATO COMPRENDENTE IL FEMORE,LA TIBIA E IL PERONE (COMPLETO O INCOMPLETO)"
755.34,"DIFETTO LONGITUDINALE,DEL FEMORE COMPLETO O PARZIALE (CON O SENZA DIFETTI DISTALI,INCOMPLETO)"
755.35,"DIFETTO LONGITUDINALE,TIBIO-PERONEALE, COMPLETO O PARZIALE (CON O SENZA DIFETTI DISTALI, INCOMPLETO)"
755.36,"DIFETTO LONGITUDINALE,DELLA TIBIA,COMPLETO O PARZIALE (CON O SENZA MANCANZE DISTALI,INCOMPLETO)"
755.37,"DIFETTO LONGITUDINALE,DI PERONE,COMPLETO O PARZIALE (CON O SENZA DIFETTI DISTALI,INCOMPLETO)"
755.38,"DIFETTO LONGITUDINALE,DEL TARSO O METATARSO,COMPLETO O PARZIALE (CON O SENZA DIFETTO INCOMPLETO DELLE FALANGI)"
755.39,"DIFETTO LONGITUDINALE,DELLE FALANGI,COMPLETO O PARZIALE"
755.4,"DIFETTO IN RIDUZIONE,ARTO NON SPECIFICATO"
755.5,"ALTRE ANOMALIE DELL'ARTO SUPERIORE, COMPRENDENTI IL CINGOLO SCAPOLARE"
755.50,"ANOMALIE DELL'ARTO SUPERIORE,NON SPECIFICATE"
755.51,MALFORMAZIONE CONGENITA DELLA CLAVICOLA
755.52,ELEVAZIONE CONGENITA DELLA SCAPOLA
755.53,SINOSTOSI RADIOULNARE
755.54,DEFORMIT@ DI MADELUNG
755.55,ACROCEFALOSINDATTILIA
755.56,OSSA CARPALI ACCESSORIE
755.57,MACRODATTILIA (DITA)
755.58,"ECTRODATTILIA,CONGENITA"
755.59,ALTRO DI ALTRE ANOMALIE DELL'ARTO SUPERIORE
755.6,"ALTRE ANOMALIE DELL'ARTO INFERIORE, COMPRENDENTI IL CINGOLO PELVICO"
755.60,ANOMALIE NON SPECIFICATE DELL'ARTO INFERIORE
755.61,"COXA VALGA,CONGENITA"
755.62,"COXA VARA,CONGENITA"
755.63,ALTRE MALFORMAZIONI CONGENITE DELL'ANCA (ARTICOLAZIONE)
755.64,MALFORMAZIONE CONGENITA DEL GINOCCHIO (ARTICOLAZIONE)
755.65,MACRODATTILIA DELLE DITA DEL PIEDE
755.66,ALTRE ANOMALIE DELLE DITA DEL PIEDE
755.67,"ANOMALIE DEL PIEDE,NON CLASSIFICATE ALTROVE"
755.69,ALTRO DI ALTRE ANOMALIE DELL'ARTO INFERIORE
755.8,ALTRE ANOMALIE SPECIFICATE DI ARTO NON SPECIFICATO
755.9,ANOMALIE NON SPECIFICATE DI ARTO NON SPECIFICATO
756,ALTRE ANOMALIE MUSCOLOSCHELETRICHE CONGENITE
756.0,ANOMALIE DEL CRANIO E DELLE OSSA DELLA FACCIA
756.1,ANOMALIE DELLA COLONNA
756.10,"ANOMALIE DELLA COLONNA,NON SPECIFICATE"
756.11,"SPONDILOLISI,REGIONE LOMBO-SACRALE"
756.12,SPONDILOLISTESI
756.13,"ASSENZA DI VERTEBRA,CONGENITA"
756.14,EMIVERTEBRA
756.15,"FUSIONE DELLA COLONNA [VERTEBRALE],CONGENITA"
756.16,SINDROME DI KLIPPEL-FEIL
756.17,SPINA BIFIDA OCCULTA
756.19,ALTRO DI ANOMALIE DELLA COLONNA
756.2,COSTOLA CERVICALE
756.3,ALTRE ANOMALIE DELLE COSTOLE E DELLO STERNO
756.4,CONDRODISTROFIA
756.5,OSTEODISTROFIE
756.50,"OSTEODISTROFIA,NON SPECIFICATA"
756.51,OSTEOGENESI IMPERFETTA
756.52,OSTEOPETROSI
756.53,OSTEOPOICHILOSI
756.54,DISPLASIA FIBROSA POLIOSTOTICA DELL'OSSO
756.55,DISPLASIA CONDROECTODERMICA
756.56,DISPLASIA MULTIPLA EPIFISARIA
756.59,ALTRO DI OSTEODISTROFIE
756.6,ANOMALIE DEL DIAFRAMMA
756.7,ANOMALIE DELLA PARETE ADDOMINALE
756.70,"ANOMALIA DELLA PARETE ADDOMINALE,NON SPECIFICATA"
756.71,SINDROME DI PRUNE BELLY
756.79,ALTRE ANOMALIE CONGENITE DELLA PARETE ADDOMINALE
756.8,"ALTRE ANOMALIE SPECIFICATE DI MUSCOLI, TENDINI, FASCIA E TESSUTO CONNETTIVO"
756.81,ASSENZA DI MUSCOLI E TENDINI
756.82,MUSCOLO ACCESSORIO
756.83,SINDROME DI EHLERS-DANLOS
756.89,"ALTRO DI ALTRE ANOMALIE SPECIFICATE DI MUSCOLI,TENDINI,FASCIA E TESSUTO CONNETTIVO"
756.9,ALTRE E NON SPECIFICATE ANOMALIE DEL SISTEMA MUSCOLOSCHELETRICO
757,ANOMALIE CONGENITE DEL TEGUMENTO
757.0,EDEMA EREDITARIO DELLE GAMBE
757.1,ITTIOSI CONGENITA
757.2,ANOMALIE DERMATOGLIFICHE
757.3,ALTRE ANOMALIE SPECIFICATE DELLA CUTE
757.31,DISPLASIA ECTODERMICA CONGENITA
757.32,AMARTOMI VASCOLARI
757.33,"ANOMALIE CUTANEE DEL PIGMENTO,CONGENITE"
757.39,ALTRO ALTRE ANOMALIE SPECIFICATE DELLA CUTE
757.4,ANOMALIE SPECIFICATE DEI CAPELLI
757.5,ANOMALIE SPECIFICATE DELLE UNGHIE
757.6,ANOMALIE SPECIFICATE DELLA MAMMELLA
757.8,ALTRE ANOMALIE SPECIFICATE DEL TEGUMENTO
757.9,ANOMALIE NON SPECIFICATE DEL TEGUMENTO
758,ANOMALIE CROMOSOMICHE
758.0,SINDROME DI DOWN
758.1,SINDROME DI PATAU
758.2,SINDROME DI EDWARD
758.3,SINDROMI DA DELEZIONE AUTOSOMICA
758.31,SINDROME DEL CRI-DU-CHAT
758.32,SINDROME VELO-CARDIO-FACCIALE
758.33,ALTRE MICRODELEZIONI
758.39,ALTRE DELEZIONI AUTOSOMICHE
758.4,TRASLOCAZIONE AUTOSOMICA BILANCIATA IN INDIVIDUI NORMALI
758.5,ALTRE MANIFESTAZIONI DOVUTE AD ANOMALIE AUTOSOMICHE
758.6,DISGENESIA GONADICA
758.7,SINDROME DI KLINEFELTER
758.8,ALTRE CONDIZIONI DOVUTE AD ANOMALIE CROMOSOMICHE
758.81,ALTRE MANIFESTAZIONI DOVUTE AD ANOMALIE DEI CROMOSOMI SESSUALI
758.89,ALTRO DI ALTRE MANIFESTAZIONI DOVUTE AD ANOMALIE CROMOSOMICHE
758.9,MANIFESTAZIONI DOVUTE AD ANOMALIE DI CROMOSOMI NON SPECIFICATI
759,ALTRE ANOMALIE CONGENITE NON SPECIFICATE
759.0,ANOMALIE DELLA MILZA
759.1,ANOMALIE DELLA GHIANDOLA SURRENE
759.2,ANOMALIE DI ALTRE GHIANDOLE ENDOCRINE
759.3,SITUS INVERSUS
759.4,GEMELLI CONGIUNTI
759.5,SCLEROSI TUBEROSA
759.6,"ALTRI AMARTOMI,NON CLASSIFICATI ALTROVE"
759.7,"ANOMALIE CONGENITE MULTIPLE,COSL DESCRITTE"
759.8,ALTRE ANOMALIE SPECIFICATE
759.81,SINDROME DI PRADER-WILLI
759.82,SINDROME DI MARFAN
759.83,SINDROME DELLA X FRAGILE
759.89,ALTRO DI ALTRE ANOMALIE SPECIFICATE
759.9,"ANOMALIE CONGENITE,NON SPECIFICATE"
760,CONDIZIONI MORBOSE DEL FETO O DEL NEONATO DERIVANTI DA PATOLOGIA MATERNA ANCHE NON CORRELATA ALLA GRAVIDANZA ATTUALE
760.0,DISTURBI IPERTENSIVI DELLA MADRE CHE HANNO RIPERCUSSIONI SUL FETO O SUL NEONATO
760.1,MALATTIE RENALI E DELL'APPARATO URINARIO DELLA MADRE CHE HANNO RIPERCUSSIONI SUL FETO O SUL NEONATO
760.2,MALATTIE INFETTIVE O PARASSITARIE DELLA MADRE CHE HANNO RIPERCUSSIONI SUL FETO O SUL NEONATO
760.3,ALTRE MALATTIE CRONICHE DEGLI APPARATI CIRCOLATORIO E RESPIRATORIO DELLA MADRE CHE HANNO RIPERCUSSIONI SUL FETO O SUL NEONATO
760.4,DISTURBI NUTRITIVI DELLA MADRE CHE HANNO RIPERCUSSIONI SUL FETO O SUL NEONATO
760.5,TRAUMI DELLA MADRE CHE HANNO RIPERCUSSIONI SUL FETO O SUL NEONATO
760.6,INTERVENTI CHIRURGICI DELLA MADRE CHE HANNO RIPERCUSSIONI SUL FETO O SUL NEONATO
760.7,MALATTIE DEL FETO O DEL NEONATO DOVUTE A SOSTANZE NOCIVE PASSATE ATTRAVERSO LA PLACENTA O IL LATTE MATERNO
760.70,SOSTANZE NOCIVE NON SPECIFICATE CHE COINVOLGONO IL FETO O IL NEONATO ATTRAVERSO LA PLACENTA O IL LATTE MATERNO
760.71,DANNI DA ALCOOL AL FETO O AL NEONATO ATTRAVERSO LA PLACENTA O IL LATTE MATERNO
760.72,DANNI DA DROGHE AL FETO O AL NEONATO ATTRAVERSO LA PLACENTA O IL LATTE MATERNO
760.73,DANNI DA SOSTANZE ALLUCINOGENE AL FETO O AL NEONATO ATTRAVERSO LA PLACENTA O IL LATTE MATERNO
760.74,DANNI DA AGENTI ANTI INFETTIVI AL FETO O AL NEONATO ATTRAVERSO LA PLACENTA O IL LATTE MATERNO
760.75,DANNI DA COCAINA AL FETO O AL NEONATO ATTRAVERSO LA PLACENTA O IL LATTE MATERNO
760.76,"ESPOSIZIONE NOCIVA DEL FETO O DEL NEONATO AL DIETILSTILBESTROLO,ATTRAVERSO LA PLACENTA O IL LATTE MATERNO"
760.77,DANNI DA AGENTI ANTICONVULSIVANTI AL FETO O AL NEONATO ATTRAVERSO LA PLACENTA O IL LATTE MATERNO
760.78,DANNI DA AGENTI ANTIMETABOLICI AL FETO O AL NEONATO ATTRAVERSO LA PLACENTA O IL LATTE MATERNO
760.79,ALTRE SOSTANZE CHE INTERESSANO IL FETO O IL NEONATO ATTRAVERSO LA PLACENTA O IL LATTE MATERNO
760.8,ALTRE MANIFESTAZIONI MATERNE SPECIFICATE CHE HANNO RIPERCUSSIONI SUL FETO O SUL NEONATO
760.9,MANIFESTAZIONI MATERNE NON SPECIFICATE CHE HANNO RIPERCUSSIONI SUL FETO O SUL NEONATO
761,FETO O NEONATO AFFETTO DA COMPLICAZIONI MATERNE DELLA GRAVIDANZA
761.0,INCONTINENZA DELLA CERVICE UTERINA CHE HA RIPERCUSSIONI SUL FETO O SUL NEONATO
761.1,ROTTURA PREMATURA DELLE MEMBRANE CHE HA RIPERCUSSIONI SUL FETO O SUL NEONATO
761.2,OLIGOIDRAMNIOS CHE HA RIPERCUSSIONI SUL FETO O SUL NEONATO
761.3,POLIDRAMNIOS CHE HA RIPERCUSSIONI SUL FETO O SUL NEONATO
761.4,GRAVIDANZA ECTOPICA CHE HA RIPERCUSSIONI SUL FETO O SUL NEONATO
761.5,GRAVIDANZA MULTIPLA CHE HA RIPERCUSSIONI SUL FETO O SUL NEONATO
761.6,MORTE MATERNA CON RIPERCUSSIONI SUL FETO O SUL NEONATO
761.7,PRESENTAZIONE ANOMALA PRIMA DEL TRAVAGLIO CON RIPERCUSSIONI SUL FETO O SUL NEONATO
761.8,FETO O NEONATO AFFETTI DA ALTRE COMPLICAZIONI MATERNE DELLA GRAVIDANZA SPECIFICATE
761.9,FETO O NEONATO AFFETTI DA ALTRA COMPLICAZIONI MATERNA DELLA GRAVIDANZA NON SPECIFICATA
762,"FETO O NEONATO AFFETTO DA COMPLICAZIONI DELLA PLACENTA, DEL CORDONE OMBELICALE E DELLE MEMBRANE"
762.0,PLACENTA PREVIA CON RIPERCUSSIONI SUL FETO O SUL NEONATO
762.1,ALTRE FORME DI DISTACCO DELLA PLACENTA E DI EMORRAGIA CON RIPERCUSSIONI SUL FETO O SUL NEONATO
762.2,ALTRE E NON SPECIFICATE ANOMALIE MORFOLOGICHE E FUNZIONALI DELLA PLACENTA CON RIPERCUSSIONI SUL FETO O SUL NEONATO
762.3,SINDROMI DI TRASFUSIONE PLACENTARE CON RIPERCUSSIONI SUL FETO O SUL NEONATO
762.4,PROLASSO DEL CORDONE OMBELICALE CON RIPERCUSSIONI SUL FETO O SUL NEONATO
762.5,ALTRE COMPRESSIONI DEL CORDONE OMBELICALE CON RIPERCUSSIONI SUL FETO O SUL NEONATO
762.6,ALTRE E NON SPECIFICATE MANIFESTAZIONI MORBOSE DEL CORDONE OMBELICALE CON RIPERCUSSIONI SUL FETO O SUL NEONATO
762.7,CORIOAMNIONITE CON RIPERCUSSIONI SUL FETO O SUL NEONATO
762.8,ALTRE ANOMALIE SPECIFICATE DEL CORION E DELL'AMNIOS CON RIPERCUSSIONI SUL FETO O SUL NEONATO
762.9,ANOMALIA NON SPECIFICATA DEL CORION E DELL'AMNIOS CON RIPERCUSSIONI SUL FETO O SUL NEONATO
763,FETO O NEONATO AFFETTO DA ALTRE COMPLICAZIONI DEL TRAVAGLIO E DEL PARTO
763.0,PARTO ED ESTRAZIONE PODALICA CON RIPERCUSSIONI SUL FETO O SUL NEONATO
763.1,"ALTRA PRESENTAZIONE ANOMALA,MALPOSIZIONE E SPROPORZIONE FETOPELVICA DURANTE IL TRAVAGLIO E IL PARTO CON RIPERCUSSIONI SUL FETO O SUL NEONATO"
763.2,APPLICAZIONE DI FORCIPE CON RIPERCUSSIONI SUL FETO O SUL NEONATO
763.3,APPLICAZIONE DI VENTOSA CON RIPERCUSSIONI SUL FETO O SUL NEONATO
763.4,PARTO CESAREO CON RIPERCUSSIONI SUL FETO O SUL NEONATO
763.5,ANESTESIA E ANALGESIA DELLA MADRE CON RIPERCUSSIONI SUL FETO O SUL NEONATO
763.6,PARTO PRECIPITOSO CON RIPERCUSSIONI SUL FETO O SUL NEONATO
763.7,CONTRAZIONI UTERINE ANOMALE CON RIPERCUSSIONI SUL FETO O SUL NEONATO
763.8,ALTRE COMPLICAZIONI SPECIFICATE DEL TRAVAGLIO E DEL PARTO CON RIPERCUSSIONI SUL FETO O SUL NEONATO
763.81,ANOMALIA DEL BATTITO O DELLA FREQUENZA CARDIACA DEL FETO PRIMA DELL'INIZIO DEL TRAVAGLIO
763.82,ANOMALIA DEL BATTITO O DELLA FREQUENZA CARDIACA DEL FETO DURANTE IL TRAVAGLIO
763.83,"ANOMALIA DEL BATTITO O DELLA FREQUENZA CARDIACA DEL FETO,NON SPECIFICATA RISPETTO AL MOMENTO DELL'INSORGENZA"
763.84,PASSAGGIO DI MECONIO DURANTE IL PARTO
763.89,ALTRE COMPLICAZIONI SPECIFICATE DEL TRAVAGLIO E DEL PARTO CON RIPERCUSSIONI SUL FETO O SUL NEONATO
763.9,ALTRA E NON SPECIFICATA COMPLICAZIONE DEL TRAVAGLIO E DEL PARTO CON RIPERCUSSIONI SUL FETO O SUL NEONATO
764,RITARDO DI CRESCITA FETALE E MALNUTRIZIONE FETALE
764.0,NEONATO DI BASSO PESO PER L'ET@ GESTAZIONALE SENZA MENZIONE DI MALNUTRIZIONE FETALE
764.00,"NEONATO DI BASSO PESO PER L'ET@ GESTAZIONALE,SENZA MENZIONE DI MALNUTRIZIONE FETALE,DI PESO NON SPECIFICATO"
764.01,"NEONATO DI BASSO PESO PER L'ET@ GESTAZIONALE,SENZA MENZIONE DI MALNUTRIZIONE FETALE,DI PESO < 500 GRAMMI"
764.02,"NEONATO DI BASSO PESO PER L'ET@ GESTAZIONALE,SENZA MENZIONE DI MALNUTRIZIONE FETALE,DI PESO 500-749 GRAMMI"
764.03,"NEONATO DI BASSO PESO PER L'ET@ GESTAZIONALE,SENZA MENZIONE DI MALNUTRIZIONE FETALE,DI PESO 750-999 GRAMMI"
764.04,"NEONATO DI BASSO PESO PER L'ET@ GESTAZIONALE,SENZA MENZIONE DI MALNUTRIZIONE FETALE,DI PESO 1000-1249 GRAMMI"
764.05,"NEONATO DI BASSO PESO PER L'ET@ GESTAZIONALE,SENZA MENZIONE DI MALNUTRIZIONE FETALE,DI PESO 1250-1499 GRAMMI"
764.06,"NEONATO DI BASSO PESO PER L'ET@ GESTAZIONALE,SENZA MENZIONE DI MALNUTRIZIONE FETALE,DI PESO 1500-1749 GRAMMI"
764.07,"NEONATO DI BASSO PESO PER L'ET@ GESTAZIONALE,SENZA MENZIONE DI MALNUTRIZIONE FETALE,DI PESO 1750-1999 GRAMMI"
764.08,"NEONATO DI BASSO PESO PER L'ET@ GESTAZIONALE,SENZA MENZIONE DI MALNUTRIZIONE FETALE,DI PESO 2000-2499 GRAMMI"
764.09,"NEONATO DI BASSO PESO PER L'ET@ GESTAZIONALE,SENZA MENZIONE DI MALNUTRIZIONE FETALE,DI PESO 2500 GRAMMI ED OLTRE"
764.1,"NEONATO DI BASSO PESO PER L'ET@ GESTAZIONALE, CON SEGNI DI MALNUTRIZIONE FETALE"
764.10,"NEONATO DI BASSO PESO PER L'ET@ GESTAZIONALE,CON SEGNI DI MALNUTRIZIONE FETALE,DI PESO NON SPECIFICATO"
764.11,"NEONATO DI BASSO PESO PER L'ET@ GESTAZIONALE,CON SEGNI DI MALNUTRIZIONE FETALE,DI PESO < 500 GRAMMI"
764.12,"NEONATO DI BASSO PESO PER L'ET@ GESTAZIONALE,CON SEGNI DI MALNUTRIZIONE FETALE,DI PESO 500-749 GRAMMI"
764.13,"NEONATO DI BASSO PESO PER L'ET@ GESTAZIONALE,CON SEGNI DI MALNUTRIZIONE FETALE,DI PESO 750-999 GRAMMI"
764.14,"NEONATO DI BASSO PESO PER L'ET@ GESTAZIONALE,CON SEGNI DI MALNUTRIZIONE FETALE,DI PESO 1000-1249 GRAMMI"
764.15,"NEONATO DI BASSO PESO PER L'ET@ GESTAZIONALE,CON SEGNI DI MALNUTRIZIONE FETALE,DI PESO 1250-1499 GRAMMI"
764.16,"NEONATO DI BASSO PESO PER L'ET@ GESTAZIONALE,CON SEGNI DI MALNUTRIZIONE FETALE,DI PESO 1500-1749 GRAMMI"
764.17,"NEONATO DI BASSO PESO PER L'ET@ GESTAZIONALE,CON SEGNI DI MALNUTRIZIONE FETALE,DI PESO 1750-1999 GRAMMI"
764.18,"NEONATO DI BASSO PESO PER L'ET@ GESTAZIONALE,CON SEGNI DI MALNUTRIZIONE FETALE,DI PESO 2000-2499 GRAMMI"
764.19,"NEONATO DI BASSO PESO PER L'ET@ GESTAZIONALE,CON SEGNI DI MALNUTRIZIONE FETALE,DI PESO 2500 GRAMMI ED OLTRE"
764.2,MALNUTRIZIONE FETALE SENZA MENZIONE DI PESO BASSO PER L'ET@ GESTAZIONALE
764.20,"MALNUTRIZIONE FETALE SENZA MENZIONE DI PESO BASSO PER L'ET@ GESTAZIONALE ,DI PESO NON SPECIFICATO"
764.21,"MALNUTRIZIONE FETALE SENZA MENZIONE DI PESO BASSO PER L'ET@ GESTAZIONALE ,DI PESO < 500 GRAMMI"
764.22,"MALNUTRIZIONE FETALE SENZA MENZIONE DI PESO BASSO PER L'ET@ GESTAZIONALE ,DI PESO 500-749 GRAMMI"
764.23,"MALNUTRIZIONE FETALE SENZA MENZIONE DI PESO BASSO PER L'ET@ GESTAZIONALE ,DI PESO 750-999 GRAMMI"
764.24,"MALNUTRIZIONE FETALE SENZA MENZIONE DI PESO BASSO PER L'ET@ GESTAZIONALE ,DI PESO 1000-1249 GRAMMI"
764.25,"MALNUTRIZIONE FETALE SENZA MENZIONE DI PESO BASSO PER L'ET@ GESTAZIONALE ,DI PESO 1250-1499 GRAMMI"
764.26,"MALNUTRIZIONE FETALE SENZA MENZIONE DI PESO BASSO PER L'ET@ GESTAZIONALE ,DI PESO 1500-1749 GRAMMI"
764.27,"MALNUTRIZIONE FETALE SENZA MENZIONE DI PESO BASSO PER L'ET@ GESTAZIONALE ,DI PESO 1750-1999 GRAMMI"
764.28,"MALNUTRIZIONE FETALE SENZA MENZIONE DI PESO BASSO PER L'ET@ GESTAZIONALE ,DI PESO 2000-2499 GRAMMI"
764.29,"MALNUTRIZIONE FETALE SENZA MENZIONE DI PESO BASSO PER L'ET@ GESTAZIONALE ,DI PESO 2500 GRAMMI ED OLTRE"
764.9,DISTROFIA FETALE NON SPECIFICATA
764.90,"RITARDO DELLA CRESCITA FETALE,SENZA SPECIFICAZIONE DEL PESO"
764.91,"RITARDO DELLA CRESCITA FETALE,DI PESO < 500 GRAMMI"
764.92,"RITARDO DELLA CRESCITA FETALE,DI PESO 500-749 GRAMMI"
764.93,"RITARDO DELLA CRESCITA FETALE,DI PESO 750-999 GRAMMI"
764.94,"RITARDO DELLA CRESCITA FETALE,DI PESO 1000-1249 GRAMMI"
764.95,"RITARDO DELLA CRESCITA FETALE,DI PESO 1250-1499 GRAMMI"
764.96,"RITARDO DELLA CRESCITA FETALE,DI PESO 1500-1749 GRAMMI"
764.97,"RITARDO DELLA CRESCITA FETALE,DI PESO 1750-1999 GRAMMI"
764.98,"RITARDO DELLA CRESCITA FETALE,DI PESO 2000-2499 GRAMMI"
764.99,"RITARDO DELLA CRESCITA FETALE,DI PESO 2500 GRAMMI ED OLTRE"
765,"PREMATURIT@, IMMATURIT@ E BASSO PESO ALLA NASCITA NON SPECIFICATO"
765.0,IMMATURIT@ ESTREMA DEL NEONATO
765.00,"ESTREMA IMMATURIT@ DEL NEONATO,DI PESO NON SPECIFICATO"
765.01,"ESTREMA IMMATURIT@ DEL NEONATO,DI PESO < 500 GRAMMI"
765.02,"ESTREMA IMMATURIT@ DEL NEONATO,DI PESO 500-749 GRAMMI"
765.03,"ESTREMA IMMATURIT@ DEL NEONATO,DI PESO 750-999 GRAMMI"
765.04,"ESTREMA IMMATURIT@ DEL NEONATO,DI PESO 1000-1249 GRAMMI"
765.05,"ESTREMA IMMATURIT@ DEL NEONATO,DI PESO 1250-1499 GRAMMI"
765.06,"ESTREMA IMMATURIT@ DEL NEONATO,DI PESO 1500-1749 GRAMMI"
765.07,"ESTREMA IMMATURIT@ DEL NEONATO,DI PESO 1750-1999 GRAMMI"
765.08,"ESTREMA IMMATURIT@ DEL NEONATO,DI PESO 2000-2499 GRAMMI"
765.09,"DISTURBI RELATIVI AD IMMATURIT@ DEL NEONATO,DI PESO SUPERIORE A 2499 GRAMMI"
765.1,DISTURBI RELATIVI AD ALTRI NEONATI PRETERMINE
765.10,DISTURBI RELATIVI AD ALTRI NEONATI PRETERMINE DI PESO NON SPECIFICATO
765.11,"DISTURBI RELATIVI AD ALTRI NEONATI PRETERMINE,DI PESO < 500 GRAMMI"
765.12,"DISTURBI RELATIVI AD ALTRI NEONATI PRETERMINE,DI PESO 500-749 GRAMMI"
765.13,"DISTURBI RELATIVI AD ALTRI NEONATI PRETERMINE,DI PESO 750-999 GRAMMI"
765.14,"DISTURBI RELATIVI AD ALTRI NEONATI PRETERMINE,DI PESO 1000-1249 GRAMMI"
765.15,"DISTURBI RELATIVI AD ALTRI NEONATI PRETERMINE,DI PESO 1250-1499 GRAMMI"
765.16,"DISTURBI RELATIVI AD ALTRI NEONATI PRETERMINE,DI PESO 1500-1749 GRAMMI"
765.17,"DISTURBI RELATIVI AD ALTRI NEONATI PRETERMINE,DI PESO 1750-1999"
765.18,"DISTURBI RELATIVI AD ALTRI NEONATI PRETERMINE,DI PESO 2000-2499"
765.19,"DISTURBI RELATIVI AD ALTRI NEONATI PRETERMINE,DI PESO 2500 GRAMMI ED OLTRE"
765.2,SETTIMANE DI GESTAZIONE
765.20,SETTIMANE DI GESTAZIONE NON SPECIFICATE
765.21,MENO DI 24 SETTIMANE COMPLETE DI GESTAZIONE
765.22,24 SETTIMANE COMPLETE DI GESTAZIONE
765.23,25-26 SETTIMANE COMPLETE DI GESTAZIONE
765.24,27-28 SETTIMANE COMPLETE DI GESTAZIONE
765.25,29-30 SETTIMANE COMPLETE DI GESTAZIONE
765.26,31-32 SETTIMANE COMPLETE DI GESTAZIONE
765.27,33-34 SETTIMANE COMPLETE DI GESTAZIONE
765.28,35-36 SETTIMANE COMPLETE DI GESTAZIONE
765.29,37 O PIY SETTIMANE COMPLETE DI GESTAZIONE
766,POSTMATURIT@ O MACROSOMIA DEL NEONATO
766.0,"MACROSOMIA DEL NEONATO,DOVUTO A GESTAZIONE PROLUNGATA"
766.1,NEONATO DI PESO ELEVATO PER L'ET@ GESTAZIONALE QUALUNQUE SIA LA DURATA DELLA GRAVIDANZA
766.2,"NEONATO POST TERMINE, DI PESO NON ELEVATO PER L'ET@ GESTAZIONALE"
766.21,NEONATO POST TERMINE
766.22,NEONATO DA GRAVIDANZA PROTRATTA
767,TRAUMI OSTETRICI
767.0,EMORRAGIA SUBDURALE E CEREBRALE DOVUTA A TRAUMA OSTETRICO
767.1,LESIONI DEL CUOIO CAPELLUTO DOVUTE A TRAUMA OSTETRICO
767.11,EMORRAGIA EPICRANICA SUBAPONEUROTICA (MASSIVA)
767.19,ALTRE LESIONI DEL CUOIO CAPELLUTO DOVUTE A TRAUMA OSTETRICO
767.2,FRATTURA OSTETRICA DELLA CLAVICOLA
767.3,ALTRE LESIONI SCHELETRICHE DOVUTE A TRAUMA OSTETRICO
767.4,LESIONE DELLA COLONNA VERTEBRALE E DEL MIDOLLO SPINALE DOVUTE A TRAUMA OSTETRICO
767.5,LESIONE DEL NERVO FACCIALE DOVUTE A TRAUMA OSTETRICO
767.6,LESIONE DEL PLESSO BRACHIALE DOVUTE A TRAUMA OSTETRICO
767.7,ALTRE LESIONI DEI NERVI CRANICI E PERIFERICI DOVUTE A TRAUMA OSTETRICO
767.8,ALTRO TRAUMA OSTETRICO SPECIFICATO
767.9,TRAUMA OSTETRICO NON SPECIFICATO
768,IPOSSIA INTRAUTERINA E ASFISSIA ALLA NASCITA
768.0,MORTE FETALE DA ASFISSIA O ANOSSIA PRIMA DELL'INIZIO DEL TRAVAGLIO O IN UN MOMENTO NON SPECIFICATO
768.1,MORTE FETALE DA ASFISSIA O ANOSSIA DURANTE IL TRAVAGLIO
768.2,"SOFFERENZA FETALE IN NATO VIVO,DIAGNOSTICATA PRIMA DELL'INIZIO DEL TRAVAGLIO"
768.3,SOFFERENZA FETALE IN NATO VIVO DIAGNOSTICATA DURANTE IL TRAVAGLIO E IL PARTO
768.4,"SOFFERENZA FETALE IN NATO VIVO,NON DEFINITA RISPETTO AL MOMENTO DI INSORGENZA"
768.5,ASFISSIA GRAVE ALLA NASCITA
768.6,ASFISSIA LIEVE O MODERATA ALLA NASCITA
768.7,ENCEFALOPATIA IPOSSICO-ISCHEMICA
768.9,"ASFISSIA ALLA NASCITA,DI GRAVIT@ NON DEFINITA,IN NATO VIVO"
769,SINDROME DA DISTRESS RESPIRATORIO NEONATALE
770,ALTRE MALATTIE RESPIRATORIE DEL FETO E DEL NEONATO
770.0,POLMONITE CONGENITA
770.1,SINDROME DA ASPIRAZIONE NEONATALE
770.10,"ASPIRAZIONE FETALE E NEONATALE, NON SPECIFICATA"
770.11,ASPIRAZIONE DI MECONIO SENZA SINTOMI RESPIRATORI
770.12,ASPIRAZIONE DI MECONIO CON SINTOMI RESPIRATORI
770.13,ASPIRAZIONE DI LIQUIDO AMNIOTICO LIMPIDO SENZA SINTOMI RESPIRATORI
770.14,ASPIRAZIONE DI LIQUIDO AMNIOTICO LIMPIDO CON SINTOMI RESPIRATORI
770.15,ASPIRAZIONE DI SANGUE SENZA SINTOMI RESPIRATORI
770.16,ASPIRAZIONE DI SANGUE CON SINTOMI RESPIRATORI
770.17,ALTRA TIPOLOGIA DI ASPIRAZIONE FETALE E NEONATALE SENZA SINTOMI RESPIRATORI
770.18,ALTRO TIPO DI ASPIRAZIONE FETALE E NEONATALE CON SINTOMI RESPIRATORI
770.2,ENFISEMA INTERSTIZIALE E MANIFESTAZIONI MORBOSE CORRELATE INSORTE NEL PERIODO PERINATALE
770.3,EMORRAGIA POLMONARE DEL FETO O DEL NEONATO INSORTA NEL PERIODO PERINATALE
770.4,ATELETTASIA PRIMARIA DEL NEONATO
770.5,ALTRA E NON SPECIFICATA ATELETTASIA DEL NEONATO
770.6,TACHIPNEA TRANSITORIA DEL NEONATO
770.7,MALATTIA RESPIRATORIA CRONICA INSORTA NEL PERIODO PERINATALE
770.8,ALTRI PROBLEMI RESPIRATORI DEL NEONATO
770.81,APNEA PRIMARIA DEL NEONATO
770.82,ALTRA TIPOLOGIA DI APNEA DEL NEONATO
770.83,CRISI DI CIANOSI DEL NEONATO
770.84,INSUFFICIENZA RESPIRATORIA DEL NEONATO
770.85,ASPIRAZIONE DEL CONTENUTO GASTRICO IN FASE POST-NATALE SENZA SINTOMI RESPIRATORI
770.86,ASPIRAZIONE DEL CONTENUTO GASTRICO IN FASE POST-NATALE CON SINTOMI RESPIRATORI
770.87,ARRESTO RESPIRATORIO DEL NEONATO
770.88,IPOSSIEMIA DEL NEONATO
770.89,ALTRI PROBLEMI RESPIRATORI DOPO LA NASCITA
770.9,PROBLEMA RESPIRATORIO NON SPECIFICATO DEL FETO O DEL NEONATO
771,INFEZIONI SPECIFICHE DEL PERIODO PERINATALE
771.0,ROSOLIA CONGENITA
771.1,INFEZIONE CONGENITA DA VIRUS CITOMEGALICO
771.2,"ALTRE INFEZIONI CONGENITE,SPECIFICHE DEL PERIODO PERINATALE"
771.3,TETANO DEL NEONATO
771.4,ONFALITE DEL NEONATO
771.5,MASTITE INFETTIVA NEONATALE
771.6,CONGIUNTIVITE E DACRIOCISTITE NEONATALI
771.7,INFEZIONE NEONATALE DA CANDIDA
771.8,ALTRI TIPI DI INFEZIONI SPECIFICHE DEL PERIODO PERINATALE
771.81,SETTICEMIA (SEPSI) DEL NEONATO
771.82,INFEZIONI DELLE VIE URINARIE DEL NEONATO
771.83,BATTERIEMIA NEONATALE
771.89,ALTRE INFEZIONI SPECIFICHE DEL PERIODO PERINATALE
772,EMORRAGIA FETALE E NEONATALE
772.0,EMORRAGIA FETALE
772.1,EMORRAGIA INTRAVENTRICOLARE DEL FETO E DEL NEONATO
772.10,EMORRAGIA INTRAVENTRICOLARE  GRADO NON SPECIFICATO
772.11,EMORRAGIA INTRAVENTRICOLARE  GRADO I
772.12,EMORRAGIA INTRAVENTRICOLARE GRADO II
772.13,EMORRAGIA INTRAVENTRICOLARE GRADO III
772.14,EMORRAGIA INTRAVENTRICOLARE GRADO IV
772.2,EMORRAGIA SUBARACNOIDEA
772.3,EMORRAGIA OMBELICALE VERIFICATASI DOPO LA NASCITA
772.4,EMORRAGIA GASTROINTESTINALE DEL FETO O DEL NEONATO
772.5,EMORRAGIA SURRENALICA DEL FETO O DEL NEONATO
772.6,EMORRAGIA CUTANEA DEL FETO O DEL NEONATO
772.8,ALTRA EMORRAGIA SPECIFICATA DEL FETO O DEL NEONATO
772.9,EMORRAGIA NON SPECIFICATA DEL NEONATO
773,MALATTIA EMOLITICA DEL FETO O DEL NEONATO DOVUTA A ISOIMMUNIZZAZIONE MATERNO FETALE
773.0,MALATTIA EMOLITICA DEL FETO O DEL NEONATO DOVUTA A ISOIMMUNIZZAZIONE RH
773.1,MALATTIA EMOLITICA DEL FETO O DEL NEONATO DOVUTA A ISOIMMUNIZZAZIONE ABO
773.2,MALATTIA EMOLITICA DEL FETO O DEL NEONATO DOVUTA AD ALTRA NON SPECIFICATA ISOIMMUNIZZAZIONE
773.3,IDROPE FETALE DA ISOIMMUNIZZAZIONE
773.4,KERNICTERUS DEL FETO O DEL NEONATO DA ISOIMMUNIZZAZIONE
773.5,ANEMIA TARDIVA DEL FETO O DEL NEONATO DOVUTA A ISOIMMUNIZZAZIONE
774,ALTRO ITTERO PERINATALE
774.0,ITTERO PERINATALE DA ANEMIE EMOLITICHE EREDITARIE
774.1,ITTERO PERINATALE DA ALTRE EMOLISI MASSIVE
774.2,ITTERO NEONATALE ASSOCIATO A PARTO PRETERMINE
774.3,ITTERO NEONATALE DA RITARDO DELLA CONIUGAZIONE
774.30,ITTERO NEONATALE DA RITARDO DELLA CONIUGAZIONE CON CAUSA NON SPECIFICATA
774.31,"ITTERO NEONATALE DA RITARDO DELLA CONIUGAZIONE,DA MALATTIA CLASSIFICATA ALTROVE"
774.39,ITTERO NEONATALE DOVUTO AD ALTRO RITARDO DELLA CONIUGAZIONE
774.4,ITTERO PERINATALE DA DANNO EPATOCELLULARE
774.5,ITTERO PERINATALE DA ALTRE CAUSE
774.6,ITTERO FETALE E NEONATALE NON SPECIFICATO
774.7,KERNICTERUS DEL FETO O DEL NEONATO NON DOVUTO A ISOIMMUNIZZAZIONE
775,DISTURBI ENDOCRINI E METABOLICI SPECIFICI DEL FETO E DEL NEONATO
775.0,SINDROME DEL NEONATO DI MADRE DIABETICA
775.1,DIABETE MELLITO NEONATALE
775.2,MIASTENIA GRAVE NEONATALE
775.3,TIREOTOSSICOSI NEONATALE
775.4,IPOCALCEMIA E IPOMAGNESEMIA NEONATALI
775.5,ALTRI DISTURBI ELETTROLITICI TRANSITORI DEL NEONATO
775.6,IPOGLICEMIA NEONATALE
775.7,ACIDOSI METABOLICA TARDIVA DEL NEONATO
775.8,ALTRI DISTURBI ENDOCRINI E METABOLICI TRANSITORI DEL NEONATO
775.81,ALTRA TIPOLOGIA DI ACIDOSI DEL NEONATO
775.89,DISORDINI DEL METABOLISMO AMINOACIDICO DESCRITTI COME TRANSITORI
775.9,"DISTURBI ENDOCRINI E METABOLICI NON SPECIFICATI,DEL FETO E DEL NEONATO"
776,DISTURBI EMATOLOGICI DEL FETO E DEL NEONATO
776.0,MALATTIA EMORRAGICA DEL NEONATO
776.1,TROMBOCITOPENIA NEONATALE TRANSITORIA
776.2,COAGULAZIONE INTRAVASCOLARE DISSEMINATA DEL NEONATO
776.3,ALTRI DISTURBI NEONATALI TRANSITORI DELLA COAGULAZIONE
776.4,POLICITEMIA DEL NEONATO
776.5,ANEMIA CONGENITA
776.6,ANEMIA DEL PREMATURO
776.7,NEUTROPENIA NEONATALE TRANSITORIA
776.8,ALTRI DISTURBI EMATOLOGICI SPECIFICATI E TRANSITORI DEL FETO O DEL NEONATO
776.9,DISTURBO EMATOLOGICO NON SPECIFICATO DEL FETO O DEL NEONATO
777,MALATTIE DELL'APPARATO DIGERENTE DEL FETO O DEL NEONATO
777.1,OSTRUZIONE INTESTINALE DA MECONIO DEL FETO O DEL NEONATO
777.2,OSTRUZIONE INTESTINALE DEL NEONATO DA LATTE SPESSO
777.3,EMATEMESI E MELENA DEL NEONATO DOVUTA A INGESTIONE DI SANGUE MATERNO
777.4,ILEO TRANSITORIO DEL NEONATO
777.5,ENTEROCOLITE NECROTIZZANTE DEL FETO O DEL NEONATO
777.6,PERFORAZIONE INTESTINALE PERINATALE
777.8,ALTRI DISTURBI PERINATALI SPECIFICATI DELL'APPARATO DIGESTIVO
777.9,DISTURBO PERINATALE NON SPECIFICATO DELL'APPARATO DIGESTIVO
778,CONDIZIONI MORBOSE INTERESSANTI LA CUTE E LA REGOLAZIONE TERMICA DEL FETO E DEL NEONATO
778.0,IDROPE FETALE NON DA ISOIMMUNIZZAZIONE
778.1,SCLERODERMA DEL NEONATO
778.2,SINDROME DA FREDDO DEL NEONATO
778.3,ALTRA IPOTERMIA DEL NEONATO
778.4,ALTRI DISTURBI DELLA TERMOREGOLAZIONE DEL NEONATO
778.5,ALTRI E NON SPECIFICATI EDEMI DEL NEONATO
778.6,IDROCELE CONGENITO
778.7,INGORGO MAMMARIO DEL NEONATO
778.8,LTRE MANIFESTAZIONI MORBOSE SPECIFICATE INTERESSANTI LA CUTE E LA TERMOREGOLAZIONE DEL FETO E DEL NEONATO
778.9,CONDIZIONE MORBOSA NON SPECIFICATA INTERESSANTE LA CUTE E LA TERMOREGOLAZIONE DEL FETO E DEL NEONATO
779,ALTRE E MAL DEFINITE CONDIZIONI MORBOSE AD INSORGENZA PERINATALE
779.0,CONVULSIONI DEL NEONATO
779.1,ALTRA E NON SPECIFICATA IPERECCITABILIT@ DI ORIGINE NEUROLOGICA DEL NEONATO
779.2,"DEPRESSIONE CEREBRALE,COMA ED ALTRI SEGNI DI ANORMALIT@ CEREBRALE DEL FETO O DEL NEONATO"
779.3,PROBLEMI ALIMENTARI DEL NEONATO
779.4,REAZIONI A FARMACI E INTOSSICAZIONI SPECIFICHE DEL NEONATO
779.5,SINDROME DA ASTINENZA DEL NEONATO
779.6,INTERRUZIONE DELLA GRAVIDANZA (RIFERITA AL FETO)
779.7,LEUCOMALACIA PERIVENTRICOLARE
779.8,ALTRE CONDIZIONI SPECIFICATE CHE HANNO ORIGINE NEL PERIODO PERINATALE
779.81,BRADICARDIA NEONATALE
779.82,TACHICARDIA NEONATALE
779.83,RECISIONE DEL CORDONE OMBELICALE EFFETTUATA IN RITARDO
779.84,LIQUIDO TINTO DI MECONIO
779.85,ARRESTO CARDIACO DEL NEONATO
779.89,ALTRE MANIFESTAZIONI SPECIFICATE CHE HANNO ORIGINE NEL PERIODO PERINATALE
779.9,CONDIZIONE NON SPECIFICATA CHE HA ORIGINE NEL PERIODO PERINATALE
780,SINTOMI GENERALI
780.0,ALTERAZIONI DELLA COSCIENZA
780.01,COMA
780.02,ALTERAZIONE (O PERDITA) TEMPORANEA DELLA COSCIENZA
780.03,STATO VEGETATIVO PERSISTENTE
780.09,ALTRE ALTERAZIONI DELLA COSCIENZA
780.1,ALLUCINAZIONI
780.2,SINCOPE E COLLASSO
780.3,CONVULSIONI
780.31,"CONVULSIONI FEBBRILI (SEMPLICI),NON SPECIFICATI"
780.32,CONVULSIONI FEBBRILI COMPLESSE
780.39,ALTRE CONVULSIONI
780.4,STORDIMENTO E CAPOGIRO
780.5,DISTURBI DEL SONNO
780.50,DISTURBI DEL SONNO NON SPECIFICATI
780.51,"INSONNIA CON APNEA DEL SONNO,NON SPECIFICATA"
780.52,"INSONNIA,NON SPECIFICATA"
780.53,"IPERSONNIA CON APNEA DEL SONNO,NON SPECIFICATA"
780.54,"IPERSONNIA,NON SPECIFICATA"
780.55,"ALTERAZIONE DEL RITMO DEL SONNO-VEGLIA DI 24 ORE,NON SPECIFICATA"
780.56,DISFUNZIONI ASSOCIATE AL PERIODO DEL SONNO O ALLA SVEGLIA
780.57,NON SPECIFICATA APNEA DEL SONNO
780.58,"DISTURBI DEL MOVIMENTO CORRELATI AL SONNO,NON SPECIFICATI"
780.59,ALTRI DISTURBI DEL SONNO
780.6,FEBBRE
780.7,MALESSERE E AFFATICAMENTO
780.71,SINDROME DA AFFATICAMENTO CRONICO
780.79,ALTRO MALESSERE ED AFFATICAMENTO
780.8,IPERIDROSI GENERALIZZATA
780.9,ALTRI SINTOMI GENERALI
780.91,LATTANTE (NEONATO) IRRITABILE
780.92,PIANTO ECCESSIVO IN LATTANTE (NEONATO)
780.93,PERDITA DI MEMORIA
780.94,SAZIET@ PRECOCE
780.95,"PIANTO ECCESSIVO DI BAMBINO, ADOLESCENTE O ADULTO"
780.96,DOLENZIA GENERALIZZATA
780.97,STATO MENTALE ALTERATO
780.99,ALTRI SINTOMI GENERALI
781,SINTOMI INTERESSANTI I SISTEMI NERVOSO E OSTEOMUSCOLARE
781.0,MOVIMENTI INVOLONTARI ANORMALI
781.1,DISTURBI DELL'OLFATTO E DEL GUSTO
781.2,DISTURBI DELL'ANDATURA
781.3,TURBE DELLA COORDINAZIONE
781.4,PARALISI TRANSITORIE DEGLI ARTI
781.5,DITA A BACCHETTA DI TAMBURO
781.6,MENINGISMO
781.7,TETANIA
781.8,SINDROMI NEUROLOGICHE DI INATTENZIONE
781.9,ALTRI SINTOMI INTERESSANTI IL SISTEMA NERVOSO E IL SISTEMA MUSCOLOSCHELETRICO
781.91,PERDITA DI ALTEZZA
781.92,POSTURA ANORMALE
781.93,TORCICOLLO OCULARE
781.94,DEBOLEZZA FACCIALE
781.99,ALTRI SINTOMI INTERESSANTI IL SISTEMA NERVOSO E IL SISTEMA MUSCOLOSCHELETRICO
782,SINTOMI INTERESSANTI LA CUTE E GLI ALTRI TESSUTI TEGUMENTARI
782.0,DISTURBI DELLA SENSIBILIT@ CUTANEA
782.1,RASH ED ALTRE ERUZIONI CUTANEE NON SPECIFICHE
782.2,"TUMEFAZIONI,MASSE O NODULI SUPERFICIALI LOCALIZZATI"
782.3,EDEMA
782.4,"ITTERO NON SPECIFICATO,NON DEL NEONATO"
782.5,CIANOSI
782.6,PALLORE E ROSSORE
782.61,PALLORE
782.62,ROSSORE
782.7,ECCHIMOSI SPONTANEE
782.8,MODIFICAZIONI DEL TESSUTO CUTANEO
782.9,ALTRI SINTOMI INTERESSANTI LA PELLE E IL TESSUTO TEGUMENTARIO
783,"SINTOMI RELATIVI ALLA NUTRIZIONE, AL METABOLISMO E ALLO SVILUPPO"
783.0,ANORESSIA
783.1,AUMENTO ANOMALO DEL PESO
783.2,DIMAGRIMENTO ANOMALO E SOTTOPESO
783.21,DIMAGRIMENTO
783.22,SOTTOPESO
783.3,DIFFICOLT@ DELL'ALIMENTAZIONE ED ERRORI NELLA SOMMINISTRAZIONE DEGLI ALIMENTI
783.4,DIFETTO DELLO SVILUPPO FISIOLOGICO NORMALE NELL'INFANZIA
783.40,"DIFETTO DELLO SVILUPPO FISIOLOGICO NORMALE,NON SPECIFICATO"
783.41,INSUFFICIENZA DELLA CRESCITA STATURO PONDERALE
783.42,RITARDO NELLA CRESCITA
783.43,BASSA STATURA
783.5,POLIDIPSIA
783.6,POLIFAGIA
783.7,INSUFFICIENZA DELLA CRESCITA STATURO-PONDERALE NELL'ADULTO
783.9,"ALTRI SINTOMI RELATIVI ALLA NUTRIZIONE,AL METABOLISMO E ALLO SVILUPPO"
784,SINTOMI RELATIVI ALLA TESTA E AL COLLO
784.0,CEFALEA
784.1,FARINGODINIA
784.2,"TUMEFAZIONE,MASSA O PROTUBERANZA DELLA TESTA E DEL COLLO"
784.3,AFASIA
784.4,ALTERAZIONI DELLA VOCE
784.40,ALTERAZIONI NON SPECIFICATA DELLA VOCE
784.41,AFONIA
784.49,ALTRE ALTERAZIONI DELLA VOCE
784.5,ALTRI DISTURBI DELLA PAROLA
784.6,ALTRE DISFUNZIONI DEL LINGUAGGIO SIMBOLICO
784.60,DISFUNZIONI NON SPECIFICATE DEL LINGUAGGIO SIMBOLICO
784.61,ALESSIA E DISLESSIA
784.69,ALTRE DISFUNZIONI DEL LINGUAGGIO SIMBOLICO
784.7,EPISTASSI
784.8,EMORRAGIA DALLA GOLA
784.9,ALTRI SINTOMI RELATIVI ALLA TESTA E AL COLLO
784.91,SCOLO RINOFARINGEO
784.99,ALTRI SINTOMI RELATIVI ALLA TESTA E AL COLLO
785,SINTOMI RELATIVI AL SISTEMA CARDIOVASCOLARE
785.0,TACHICARDIA NON SPECIFICATA
785.1,PALPITAZIONI
785.2,SOFFI CARDIACI NON DIAGNOSTICATI
785.3,ALTRI RUMORI CARDIACI ANOMALI
785.4,GANGRENA
785.5,SHOCK SENZA MENZIONE DI TRAUMA
785.50,SHOCK NON SPECIFICATO
785.51,SHOCK CARDIOGENO
785.52,SHOCK SETTICO
785.59,ALTRO SHOCK SENZA MENZIONE DI TRAUMA
785.6,LINFOADENOMEGALIA
785.9,ALTRI SINTOMI RELATIVI AL SISTEMA CARDIOVASCOLARE
786,SINTOMI RELATIVI ALL'APPARATO RESPIRATORIO ED ALTRI SINTOMI TORACICI
786.0,DISPNEA E ANOMALIE RESPIRATORIE
786.00,ANOMALIE RESPIRATORIE NON SPECIFICATE
786.01,IPERVENTILAZIONE
786.02,ORTOPNEA
786.03,APNEA
786.04,RESPIRAZIONE DI CHEYNE-STOKES
786.05,AFFANNO (SHORTNESS OF BREATH)
786.06,TACHIPNEA
786.07,RESPIRO SIBILANTE (WHEEZING)
786.09,ALTRE DISPNEE E ANOMALIE RESPIRATORIE
786.1,STRIDORE
786.2,TOSSE
786.3,EMOTTISI
786.4,ESPETTORAZIONE ABNORME
786.5,DOLORE TORACICO
786.50,DOLORE TORACICO NON SPECIFICATO
786.51,DOLORE PRECORDIALE
786.52,RESPIRAZIONE DOLOROSA
786.59,ALTRO DOLORE TORACICO
786.6,"TUMEFAZIONE,MASSA O PROTUBERANZA DEL TORACE"
786.7,RUMORI TORACICI ANORMALI
786.8,SINGHIOZZO
786.9,ALTRI SINTOMI RELATIVI AL SISTEMA RESPIRATORIO E AL COLLO
787,SINTOMI RELATIVI ALL'APPARATO DIGERENTE
787.0,NAUSEA E VOMITO
787.01,NAUSEA CON VOMITO
787.02,NAUSEA SOLO
787.03,VOMITO SOLO
787.1,PIROSI
787.2,DISFAGIA
787.3,"FLATULENZA,ERUTTAZIONE E COLICA GASSOSA"
787.4,PERISTALSI VISIBILE
787.5,RUMORI INTESTINALI O BORBORIGMI ANORMALI
787.6,INCONTINENZA FECALE
787.7,FECI ANORMALI
787.9,ALTRI SINTOMI RELATIVI AL SISTEMA DIGESTIVO
787.91,DIARREA
787.99,ALTRI SINTOMI RELATIVI AL SISTEMA DIGESTIVO
788,SINTOMI RELATIVI ALL'APPARATO URINARIO
788.0,COLICA RENALE
788.1,DISURIA
788.2,RITENZIONE URINARIA
788.20,RITENZIONE NON SPECIFICATA DI URINA
788.21,SVUOTAMENTO INCOMPLETO DELLA VESCICA
788.29,ALTRA E SPECIFICATA RITENZIONE URINARIA
788.3,INCONTINENZA DI URINA
788.30,INCONTINENZA NON SPECIFICATA DI URINA
788.31,INCONTINENZA DA URGENZA ALLO STIMOLO
788.32,INCONTINENZA DA STRESS NEL MASCHIO
788.33,INCONTINENZA MISTA (MASCHIO) (FEMMINA)
788.34,INCONTINENZA SENZA CONSAPEVOLEZZA SENSORIALE
788.35,GOCCIOLAMENTO POST-MINZIONALE
788.36,ENURESI NOTTURNA
788.37,PERDITA CONTINUA DI URINA
788.38,INCONTINENZA DA SOVRARIEMPIMENTO VESCICALE
788.39,ALTRA INCONTINENZA URINARIA
788.4,POLLACHIURIA E POLIURIA
788.41,POLLACHIURIA
788.42,POLIURIA
788.43,NICTURIA
788.5,OLIGURIA ED ANURIA
788.6,ALTRE ANOMALIE DELLA MINZIONE
788.61,MITTO INTERMITTENTE
788.62,MITTO DEBOLE
788.63,URGENZA URINARIA
788.64,ESITAZIONE URINARIA
788.65,SFORZO MINZIONALE
788.69,ALTRA ANOMALIA DEL FLUSSO URINARIO
788.7,SECREZIONE URETRALE
788.8,STRAVASO DI URINA
788.9,ALTRI SINTOMI RELATIVI AL SISTEMA URINARIO
789,ALTRI SINTOMI RELATIVI ALL'ADDOME E AL BACINO
789.0,DOLORE ADDOMINALE
789.00,DOLORE ADDOMINALE DI SEDE NON SPECIFICATA
789.01,DOLORE ADDOMINALE DEL QUADRANTE SUPERIORE DESTRO
789.02,DOLORE ADDOMINALE DEL QUADRANTE SUPERIORE SINISTRO
789.03,DOLORE ADDOMINALE DEL QUADRANTE INFERIORE DESTRO
789.04,DOLORE ADDOMINALE DEL QUADRANTE INFERIORE SINISTRO
789.05,DOLORE ADDOMINALE PERIOMBELICALE
789.06,DOLORE ADDOMINALE EPIGASTRICO
789.07,DOLORE ADDOMINALE GENERALIZZATO
789.09,DOLORE ADDOMINALE DI ALTRE SEDI SPECIFICATE
789.1,EPATOMEGALIA
789.2,SPLENOMEGALIA
789.3,"TUMEFAZIONE, MASSA O PROTUBERANZA ADDOMINALE O PELVICA"
789.30,"TUMEFAZIONE,MASSA O PROTUBERANZA ADDOMINALE O PELVICA DI SEDE NON SPECIFICATA"
789.31,"TUMEFAZIONE,MASSA O PROTUBERANZA ADDOMINALE O PELVICA DEL QUADRANTE SUPERIORE DESTRO"
789.32,"TUMEFAZIONE,MASSA O PROTUBERANZA ADDOMINALE O PELVICA DEL QUADRANTE SUPERIORE SINISTRO"
789.33,"TUMEFAZIONE,MASSA O PROTUBERANZA ADDOMINALE O PELVICA DEL QUADRANTE INFERIORE DESTRO"
789.34,"TUMEFAZIONE,MASSA O PROTUBERANZA ADDOMINALE O PELVICA DEL QUADRANTE INFERIORE SINISTRO"
789.35,"TUMEFAZIONE,MASSA O PROTUBERANZA ADDOMINALE O PELVICA PERIOMBELICALE"
789.36,"TUMEFAZIONE,MASSA O PROTUBERANZA ADDOMINALE O PELVICA EPIGASTRICA"
789.37,"TUMEFAZIONE,MASSA O PROTUBERANZA ADDOMINALE O PELVICA GENERALIZZATA"
789.39,"TUMEFAZIONE,MASSA O PROTUBERANZA ADDOMINALE O PELVICA DI ALTRE SEDI SPECIFICATE"
789.4,RIGIDIT@ ADDOMINALE
789.40,RIGIDIT@ ADDOMINALE DI SEDE NON SPECIFICATA
789.41,RIGIDIT@ ADDOMINALE DEL QUADRANTE SUPERIORE DESTRO
789.42,RIGIDIT@ ADDOMINALE DEL QUADRANTE SUPERIORE SINISTRO
789.43,RIGIDIT@ ADDOMINALE DEL QUADRANTE INFERIORE DESTRO
789.44,RIGIDIT@ ADDOMINALE DEL QUADRANTE INFERIORE SINISTRO
789.45,RIGIDIT@ ADDOMINALE PERIOMBELICALE
789.46,RIGIDIT@ ADDOMINALE EPIGASTRICA
789.47,RIGIDIT@ ADDOMINALE DIFFUSA
789.49,RIGIDIT@ ADDOMINALE DI ALTRE SEDI SPECIFICATE
789.5,ASCITE
789.6,RILASSAMENTO ADDOMINALE
789.60,RILASSAMENTO ADDOMINALE IN SEDE NON SPECIFICATA
789.61,RILASSAMENTO ADDOMINALE DEL QUADRANTE SUPERIORE DESTRO
789.62,RILASSAMENTO ADDOMINALE DEL QUADRANTE SUPERIORE SINISTRO
789.63,RILASSAMENTO ADDOMINALE DEL QUADRANTE INFERIORE DESTRO
789.64,RILASSAMENTO ADDOMINALE DEL QUADRANTE INFERIORE SINISTRO
789.65,RILASSAMENTO ADDOMINALE PERIOMBELICALE
789.66,RILASSAMENTO ADDOMINALE EPIGASTRICO
789.67,RILASSAMENTO ADDOMINALE DIFFUSO
789.69,RILASSAMENTO ADDOMINALE DI ALTRE SEDI SPECIFICATE
789.9,ALTRI SINTOMI RELATIVI ALL'ADDOME E AL BACINO
790,REPERTI NON SPECIFICI DELL'ESAME DI SANGUE
790.0,ANOMALIE DEI GLOBULI ROSSI
790.01,CADUTA PRECIPITOSA () IN EMATOCRITO
790.09,ALTRE ANOMALIE DEI GLOBULI ROSSI
790.1,AUMENTO DELLA VELOCIT@ DI SEDIMENTAZIONE
790.2,CURVA DA CARICO AL GLUCOSIO ALTERATA
790.21,ALTERAZIONI DEL TEST RAPIDO DELLA GLICEMIA
790.22,ALTERAZIONI DEL TEST DA CARICO ORALE DI GLUCOSIO
790.29,ALTRE ANOMALIE GLICEMICHE
790.3,ALCOLEMIA ELEVATA
790.4,AUMENTO NON SPECIFICO DEI VALORI DELLE TRANSAMINASI O DELLA LATTICO DEIDROGENASI [LDH]
790.5,ALTRI VALORI ANORMALI NON SPECIFICI DEGLI ENZIMI DEL SIERO
790.6,ALTRI REPERTI CHIMICI ANORMALI DEL SANGUE
790.7,BATTERIEMIA NON SPECIFICATA
790.8,VIREMIA NON SPECIFICATA
790.9,ALTRI REPERTI NON SPECIFICI DELL'ESAME DI SANGUE
790.91,ANOMALA CONCENTRAZIONE DI GAS NEL SANGUE ARTERIOSO
790.92,ANOMALIE DELLA COAGULAZIONE
790.93,VALORI ELEVATI DEGLI ANTIGENI PROSTATICI SPECIFICI (PSA)
790.94,SINDROME DA ALTERATA FUNZIONALIT@ TIROIDEA IN PAZIENTE EUTIROIDEO
790.95,PROTEINA C REATTIVA ELEVATE (PCR)
790.99,ALTRI REPERTI ANORMALI DELL'ESAME DEL SANGUE
791,REPERTI NON SPECIFICI DELL'ESAME URINE
791.0,PROTEINURIA
791.1,CHILURIA
791.2,EMOGLOBINURIA
791.3,MIOGLOBINURIA
791.4,PRESENZA DI BILE NELLE URINE
791.5,GLICOSURIA
791.6,ACETONURIA
791.7,ALTRE CELLULE E CILINDRI NELLE URINE
791.9,ALTRI REPERTI NON SPECIFICI DELL'ESAME DI URINA
792,REPERTI ANORMALI NON SPECIFICI IN ALTRE SOSTANZE CORPOREE
792.0,REPERTI ANORMALI NON SPECIFICI NEL LIQUIDO CEREBROSPINALE
792.1,REPERTI ANORMALI NON SPECIFICI NELLE FECI
792.2,REPERTI ANORMALI NON SPECIFICI NEL LIQUIDO SEMINALE
792.3,REPERTI ANORMALI NON SPECIFICI NEL LIQUIDO AMNIOTICO
792.4,REPERTI ANORMALI NON SPECIFICI NELLA SALIVA
792.5,REPERTI ANORMALI NON SPECIFICI NELL'EFFLUSSO TORBIDO IN DIALISI (EMODIALISI) (PERITONEALE)
792.9,ALTRI REPERTI ANORMALI NON SPECIFICI IN SOSTANZE CORPOREE
793,REPERTI ANORMALI NON SPECIFICI IN ESAMI RADIOLOGICI E IN ALTRI ESAMI DELLE STRUTTURE CORPOREE
793.0,REPERTI ANORMALI NON SPECIFICI IN ESAMI RADIOLOGICI E IN ALTRI ESAMI DEL CRANIO E DELLA TESTA
793.1,REPERTI ANORMALI NON SPECIFICI IN ESAMI RADIOLOGICI E IN ALTRI ESAMI DEL POLMONE
793.2,REPERTI ANORMALI NON SPECIFICI IN ESAMI RADIOLOGICI E IN ALTRI ESAMI DI ALTRI ORGANI INTRATORACICI
793.3,REPERTI ANORMALI NON SPECIFICI IN ESAMI RADIOLOGICI E IN ALTRI ESAMI DEL TRATTO BILIARE
793.4,REPERTI ANORMALI NON SPECIFICI IN ESAMI RADIOLOGICI E IN ALTRI ESAMI DEL TRATTO GASTROINTESTINALE
793.5,REPERTI ANORMALI NON SPECIFICI IN ESAMI RADIOLOGICI E IN ALTRI ESAMI DEGLI ORGANI GENITOURINARI
793.6,"REPERTI ANORMALI NON SPECIFICI IN ESAMI RADIOLOGICI E IN ALTRI ESAMI DELLA ZONA ADDOMINALE,INCLUSO IL RETROPERITONEO"
793.7,REPERTI ANORMALI NON SPECIFICI IN ESAMI RADIOLOGICI E IN ALTRI ESAMI DEL SISTEMA MUSCOLOSCHELETRICO
793.8,REPERTI ANORMALI NON SPECIFICI IN ESAMI RADIOLOGICI E IN ALTRI ESAMI DEL TORACE
793.80,"MAMMOGRAFIA ANORMALE,NON SPECIFICATA"
793.81,REPERTO DI MICROCALCIFICAZIONE IN MAMMOGRAFIA
793.89,ALTRI REPERTI ANORMALI IN ESAMI RADIOLOGICI DELLA MAMMELLA
793.9,REPERTI ANORMALI NON SPECIFICI IN ESAMI RADIOLOGICI E IN ALTRI ESAMI DI ALTRE SEDI
793.91,ESAME DIAGNOSTICO PER IMMAGINI NON CONCLUSIVO PER ECCESSO DI GRASSO CORPOREO
793.99,ALTRI REPERTI ANOMALI NON SPECIFICI RISCONTRATI IN ESAMI RADIOLOGICI E DI ALTRO TIPO
794,RISULTATI ANORMALI NON SPECIFICI DI PROVE FUNZIONALI
794.0,RISULTATI ANORMALI NON SPECIFICI DI PROVE FUNZIONALI DEL CERVELLO E DEL SISTEMA NERVOSO CENTRALE
794.00,ESAME ANORMALE NON SPECIFICATO DI PROVE FUNZIONALI DEL CERVELLO E DEL SISTEMA NERVOSO CENTRALE
794.01,ECOENCEFALOGRAMMA NON SPECIFICO ANORMALE
794.02,ELETTROENCEFALOGRAMMA ANORMALE NON SPECIFICO
794.09,ALTRI RISULTATI ANORMALI NON SPECIFICI DI PROVE FUNZIONALI DEL CERVELLO E DEL SISTEMA NERVOSO
794.1,RISULTATI ANORMALI NON SPECIFICI DI PROVE FUNZIONALI DEL SISTEMA NERVOSO PERIFERICO E DEI SENSI
794.10,RISPOSTA NON SPECIFICA ANORMALE ALLA STIMOLAZIONE NON SPECIFICATA DEI NERVI
794.11,ESAME ANORMALE DELLA FUNZIONE DELLA RETINA
794.12,ELETTRO-OCULOGRAMMA ANORMALE [EOG]
794.13,ANOMALIA AI POTENZIALI EVOCATI VISIVI
794.14,ESAME OCULOMOTORE ANORMALE
794.15,AUDIOMETRIA ANOMALA
794.16,ESAME ANORMALE DELLA FUNZIONE VESTIBOLARE
794.17,ELETTROMIOGRAFIA ANORMALE [EMG]
794.19,ALTRI RISULTATI ANORMALI NON SPECIFICATI DI PROVE FUNZIONALI DEL SISTEMA NERVOSO E DEI SENSI
794.2,RISULTATI ANORMALI NON SPECIFICI DI PROVE DI FUNZIONALIT@ RESPIRATORIA
794.3,RISULTATI ANORMALI NON SPECIFICI DI PROVE FUNZIONALI DEL SISTEMA CARDIOVASCOLARE
794.30,ESAME FUNZIONALE ANORMALE NON SPECIFICO DEL SISTEMA CARDIOVASCOLARE
794.31,ELETTROCARDIOGRAMMA ANORMALE [ECG]
794.39,ALTRO ESAME FUNZIONALE ANORMALE NON SPECIFICO DEL SISTEMA CARDIOVASCOLARE
794.4,RISULTATI ANORMALI NON SPECIFICATI DI PROVE FUNZIONALI DEL RENE
794.5,RISULTATI ANORMALI NON SPECIFICATI DI PROVE FUNZIONALI DELLA TIROIDE
794.6,RISULTATI ANORMALI NON SPECIFICATI DI ALTRE PROVE FUNZIONALI ENDOCRINE
794.7,RISULTATI ANORMALI NON SPECIFICATI DI ALTRE PROVE FUNZIONALI DEL METABOLISMO BASALE
794.8,RISULTATI ANORMALI NON SPECIFICATI DI ALTRE PROVE FUNZIONALI DEL FEGATO
794.9,RISULTATI ANORMALI NON SPECIFICATI DI PROVE FUNZIONALI
795,REPERTI ISTOLOGICI E IMMUNOLOGICI ANORMALI NON SPECIFICATI
795.0,"TEST DI PAPANICOLAU ANORMALE NON SPECIFICO, STRISCIO DEL COLLO DELL'UTERO"
795.00,"TEST DI PAPANICOLAU CON ANOMALIE GHIANDOLARI, STRISCIO DELLA CERVICE UTERINA"
795.01,TEST DI PAPANICOLAU DELLO STRISCIO DELLA CERVICE UTERINA CON CELLULE SQUAMOSE ATIPICHE DI INCERTO SIGNIFICATO (ASC-US)
795.02,TEST DI PAPANICOLAU DELLO STRISCIO DELLA CERVICE UTERINA CON CELLULE SQUAMOSE ATIPICHE NON PUO' ESCLUDERE UNA LESIONE INTRAEPITELIALE DI GRADO ELEVATO (ASC-H)
795.03,TEST DI PAPANICOLAU DELLO STRISCIO DELLA CERVICE UTERINA CON EVIDENZA DI LESIONE INTRAEPITELIALE DI BASSO GRADO (LGSIL)
795.04,TEST DI PAPANICOLAU DELLO STRISCIO DELLA CERVICE UTERINA CON EVIDENZA DI LESIONE INTRAEPITELIALE DI GRADO ELEVATO (HGSIL)
795.05,TEST DEL DNA POSITIVO PER I SIEROTIPI DEL PAPILLOMA VIRUS UMANO (HPV) AD ELEVATO RISCHIO ONCOGENO PER LA CERVICE
795.06,TEST DI PAPANICOLAU DELLA CERVICE UTERINA CON EVIDENZA CITOLOGICA DI MALIGNIT@
795.08,STRISCIO INSODDISFACENTE
795.09,TEST DI PAPANICOLAU DELLO STRISCIO DELLA CERVICE UTERINA CON ALTRE ANOMALIE E HPV CERVICALE
795.1,"TEST DI PAPANICOLAU ANORMALE NON SPECIFICATO,STRISCIO DI ALTRE SEDI"
795.2,REPERTI ANORMALI NON SPECIFICATI DI ANALISI DEI CROMOSOMI
795.3,REPERTI COLTURALI POSITIVI NON SPECIFICATI
795.31,REPERTI COLTURALI POSITIVI PER ANTRACE NON SPECIFICI
795.39,ALTRA TIPOLOGIA DI REPERTI COLTURALI POSITIVI NON SPECIFICI
795.4,ALTRI REPERTI ISTOLOGICI ANORMALI NON SPECIFICATI
795.5,REAZIONE NON SPECIFICATA AL TEST DELLA TUBERCOLINA
795.6,REAZIONE SIEROLOGICA FALSAMENTE POSITIVA DELLA SIFILIDE
795.7,ALTRI REPERTI IMMUNOLOGICI NON SPECIFICI
795.71,PROVE SIEROLOGICHE NON SPECIFICATE DEL VIRUS DA IMMUNODEFICIENZA UMANA [HIV]
795.79,ALTRI E REPERTI IMMUNOLOGICI NON SPECIFICI NON SPECIFICATI
795.8,MARKERS TUMORALI ANOMALI
795.81,ANTIGENE CARCINO EMBRIONARIO [CEA] ELEVATO
795.82,CANCRO ANTIGENE 125 [CA125]
795.89,ALTRI MARKERS TUMORALI ANOMALI
796,ALTRI REPERTI ANORMALI NON SPECIFICI
796.0,REPERTI TOSSICOLOGICI ANORMALI NON SPECIFICI
796.1,RIFLESSI ANORMALI
796.2,REPERTO OCCASIONALE DI IPERTENSIONE
796.3,LETTURA NON SPECIFICA DI PRESSIONE BASSA DEL SANGUE
796.4,ALTRI REPERTI CLINICI ANORMALI
796.5,REPERTO ANOMALO IN SCREENING PRENATALE
796.6,REPERTO ANOMALO IN SCREENING NEONATALE
796.9,ALTRI REPERTI ANORMALI NON SPECIFICI
797,SENILIT@ SENZA MENZIONE DI PSICOSI
798,MORTE IMPROVVISA DA CAUSA SCONOSCIUTA
798.0,SINDROME DELLA MORTE IMPROVVISA DEL LATTANTE
798.1,MORTE ISTANTANEA
798.2,"MORTE INTERVENUTA IN MENO DI 24 ORE DALL'INSORGENZA DEI SINTOMI,NON SPIEGATA ALTRIMENTI"
798.9,MORTE SENZA ASSISTENZA
799,ALTRE CAUSE MAL DEFINITE E SCONOSCIUTE DI MORBOSIT@ E MORTALIT@
799.0,ASFISSIA
799.01,ASFISSIA
799.02,IPOSSIEMIA
799.1,COLLASSO RESPIRATORIO
799.2,NERVOSISMO
799.3,"DEBILIT@ ,NON SPECIFICATA"
799.4,CACHESSIA
799.8,ALTRI STATI MORBOSI MAL DEFINITI
799.81,RIDUZIONE DELLA LIBIDO
799.89,ALTRI STATI MORBOSI MAL DEFINITI
799.9,ALTRE CAUSE SCONOSCIUTE E NON SPECIFICATE DI MORBOSIT@ O MORTALIT@
800,FRATTURA DELLA VOLTA CRANICA
800.0,FRATTURA CHIUSA DELLA VOLTA CRANICA SENZA MENZIONE DI TRAUMATISMO INTRACRANICO
800.00,"FRATTURA CHIUSA DELLA VOLTA CRANICA SENZA MENZIONE DI TRAUMATISMO INTRACRANICO,STATO DI COSCIENZA NON SPECIFICATO"
800.01,"FRATTURA CHIUSA DELLA VOLTA CRANICA SENZA MENZIONE DI TRAUMATISMO INTRACRANICO,SENZA PERDITA DI COSCIENZA"
800.02,"FRATTURA CHIUSA DELLA VOLTA CRANICA SENZA MENZIONE DI TRAUMATISMO INTRACRANICO,CON PERDITA DI COSCIENZA DI DURATA INFERIORE A 1 ORA"
800.03,"FRATTURA CHIUSA DELLA VOLTA CRANICA SENZA MENZIONE DI TRAUMATISMO INTRACRANICO,CON PERDITA DI COSCIENZA DI DURATA COMPRESA TRA 1 E 24 ORE"
800.04,"FRATTURA CHIUSA DELLA VOLTA CRANICA SENZA MENZIONE DI TRAUMATISMO INTRACRANICO,CON PERDITA DI COSCIENZA DI DURATA SUPERIORE 24 ORE E RECUPERO DELLO STATO DI COSCIENZA PREESISTENTE"
800.05,"FRATTURA CHIUSA DELLA VOLTA CRANICA SENZA MENZIONE DI TRAUMATISMO INTRACRANICO,CON PERDITA DI COSCIENZA DI DURATA SUPERIORE A 24 ORE SENZA RECUPERO DELLO STATO DI COSCIENZA PREESISTENTE"
800.06,"FRATTURA CHIUSA DELLA VOLTA CRANICA SENZA MENZIONE DI TRAUMATISMO INTRACRANICO,CON PERDITA DI COSCIENZA DI DURATA NON SPECIFICATA"
800.09,"FRATTURA CHIUSA DELLA VOLTA CRANICA SENZA MENZIONE DI TRAUMATISMO INTRACRANICO,CON COMMOZIONE CEREBRALE,NON SPECIFICATA"
800.1,FRATTURA CHIUSA DELLA VOLTA CRANICA CON LACERAZIONE E CONTUSIONE CEREBRALI
800.10,"FRATTURA CHIUSA DELLA VOLTA CRANICA CON LACERAZIONE E CONTUSIONE CEREBRALE,STATO DI COSCIENZA NON SPECIFICATO"
800.11,"FRATTURA CHIUSA DELLA VOLTA CRANICA CON LACERAZIONE E CONTUSIONE CEREBRALE,SENZA PERDITA DI COSCIENZA"
800.12,"FRATTURA CHIUSA DELLA VOLTA CRANICA CON LACERAZIONE E CONTUSIONE CEREBRALE,CON PERDITA DI COSCIENZA DI DURATA INFERIORE AD 1 ORA"
800.13,"FRATTURA CHIUSA DELLA VOLTA CRANICA CON LACERAZIONE E CONTUSIONE CEREBRALE,CON PERDITA DI COSCIENZA DI DURATA COMPRESA TRA 1 E 24 ORE"
800.14,"FRATTURA CHIUSA DELLA VOLTA CRANICA CON LACERAZIONE E CONTUSIONE CEREBRALE,CON PERDITA DI COSCIENZA DI DURATA SUPERIORE A 24 ORE E RECUPERO DELLO STATO DI COSCIENZA PREESISTENTE"
800.15,"FRATTURA CHIUSA DELLA VOLTA CRANICA CON LACERAZIONE E CONTUSIONE CEREBRALE,CON PERDITA DI COSCIENZA DI DURATA SUPERIORE A 24 ORE SENZA RECUPERO DELLO STATO DI COSCIENZA PREESISTENTE"
800.16,"FRATTURA CHIUSA DELLA VOLTA CRANICA CON LACERAZIONE E CONTUSIONE CEREBRALE,CON PERDITA DI COSCIENZA DI DURATA NON SPECIFICATA"
800.19,"FRATTURA CHIUSA DELLA VOLTA CRANICA CON LACERAZIONE E CONTUSIONE CEREBRALE,CON COMMOZIONE CEREBRALE,NON SPECIFICATA"
800.2,"FRATTURA CHIUSA DELLA VOLTA CRANICA CON EMORRAGIA SUBARACNOIDEA, SUBDURALE ED EXTRADURALE"
800.20,"FRATTURA CHIUSA DELLA VOLTA CRANICA CON EMORRAGIA SUBARACNOIDEA,SUBDURALE ED EXTRADURALE,STATO DI COSCIENZA NON SPECIFICATO"
800.21,"FRATTURA CHIUSA DELLA VOLTA CRANICA CON EMORRAGIA SUBARACNOIDEA,SUBDURALE ED EXTRADURALE,SENZA PERDITA DI COSCIENZA"
800.22,"FRATTURA CHIUSA DELLA VOLTA CRANICA CON EMORRAGIA SUBARACNOIDEA,SUBDURALE ED EXTRADURALE CON PERDITA DI COSCIENZA DI DURATA INFERIORE A 1 ORA"
800.23,"FRATTURA CHIUSA DELLA VOLTA CRANICA CON EMORRAGIA SUBARACNOIDEA,SUBDURALE ED EXTRADURALE CON PERDITA DI COSCIENZA DI DURATA COMPRESA TRA 1 E 24 ORE"
800.24,"FRATTURA CHIUSA DELLA VOLTA CRANICA CON EMORRAGIA SUBARACNOIDEA,SUBDURALE ED EXTRADURALE CON PERDITA DI COSCIENZA SUPERIORE A 24 ORE E RECUPERO DELLO STATO DI COSCIENZA PREESISTENTE"
800.25,"FRATTURA CHIUSA DELLA VOLTA CRANICA CON EMORRAGIA SUBARACNOIDEA,SUBDURALE ED EXTRADURALE CON PERDITA DI COSCIENZA SUPERIORE A 24 ORE SENZA RITORNO ALLO STATO DI COSCIENZA PREESISTENTE"
800.26,"FRATTURA CHIUSA DELLA VOLTA CRANICA CON EMORRAGIA SUBARACNOIDEA,SUBDURALE ED EXTRADURALE CON PERDITA DI COSCIENZA DI DURATA NON SPECIFICATA"
800.29,"FRATTURA CHIUSA DELLA VOLTA CRANICA CON EMORRAGIA SUBARACNOIDEA,SUBDURALE ED EXTRADURALE,CON COMMOZIONE CEREBRALE,NON SPECIFICATA"
800.3,FRATTURA CHIUSA DELLA VOLTA CRANICA CON ALTRA NON SPECIFICATA EMORRAGIA INTRACRANICA
800.30,"FRATTURA CHIUSA DELLA VOLTA CRANICA CON ALTRA NON SPECIFICATA EMORRAGIA INTRACRANICA,STATO DI COSCIENZA NON SPECIFICATO"
800.31,FRATTURA CHIUSA DELLA VOLTA CRANICA CON ALTRA NON SPECIFICATA EMORRAGIA INTRACRANICA SENZA PERDITA DI COSCIENZA
800.32,FRATTURA CHIUSA DELLA VOLTA CRANICA CON ALTRA NON SPECIFICATA EMORRAGIA INTRACRANICA CON PERDITA DI COSCIENZA DI DURATA INFERIORE AD 1 ORA
800.33,FRATTURA CHIUSA DELLA VOLTA CRANICA CON ALTRA NON SPECIFICATA EMORRAGIA INTRACRANICA CON PERDITA DI COSCIENZA DI DURATA COMPRESA TRA 1 E 24 ORE
800.34,FRATTURA CHIUSA DELLA VOLTA CRANICA CON ALTRA NON SPECIFICATA EMORRAGIA INTRACRANICA DI DURATA SUPERIORE A 24 ORE E RITORNO ALLO STATO DI COSCIENZA PREESISTENTE
800.35,FRATTURA CHIUSA DELLA VOLTA CRANICA CON ALTRA NON SPECIFICATA EMORRAGIA INTRACRANICA CON PERDITA DI COSCIENZA DI DURATA SUPERIORE A 24 ORE SENZA RITORNO ALLO STATO DI COSCIENZA PREESISTENTE
800.36,FRATTURA CHIUSA DELLA VOLTA CRANICA CON ALTRA NON SPECIFICATA EMORRAGIA INTRACRANICA CON PERDITA DI COSCIENZA DI DURATA NON SPECIFICATA
800.39,"FRATTURA CHIUSA DELLA VOLTA CRANICA CON ALTRA NON SPECIFICATA EMORRAGIA INTRACRANICA,CON COMMOZIONE CEREBRALE,NON SPECIFICATA"
800.4,FRATTURA CHIUSA DELLA VOLTA CRANICA CON TRAUMATISMO INTRACRANICO DI ALTRA E NON SPECIFICATA NATURA
800.40,"FRATTURA CHIUSA DELLA VOLTA CRANICA CON TRAUMATISMO INTRACRANICO DI ALTRA E NON SPECIFICATA NATURA,STATO DI COSCIENZA NON SPECIFICATO"
800.41,FRATTURA CHIUSA DELLA VOLTA CRANICA CON TRAUMATISMO INTRACRANICO DI ALTRA E NON SPECIFICATA NATURA SENZA PERDITA DI COSCIENZA
800.42,FRATTURA CHIUSA DELLA VOLTA CRANICA CON TRAUMATISMO INTRACRANICO DI ALTRA E NON SPECIFICATA NATURA CON PERDITA DI COSCIENZA DI DURATA INFERIORE A 1 ORA
800.43,FRATTURA CHIUSA DELLA VOLTA CRANICA CON TRAUMATISMO INTRACRANICO DI ALTRA E NON SPECIFICATA NATURA CON PERDITA DI COSCIENZA DI DURATA COMPRESA TRA 1 E 24 ORE
800.44,FRATTURA CHIUSA DELLA VOLTA CRANICA CON TRAUMATISMO INTRACRANICO DI ALTRA E NON SPECIFICATA NATURA CON PERDITA DI COSCIENZA DI DURATA SUPERIORE A 24 ORE CON RITORNO ALLO STATO DI COSCIENZA PREESISTENTE
800.45,FRATTURA CHIUSA DELLA VOLTA CRANICA CON TRAUMATISMO INTRACRANICO DI ALTRA E NON SPECIFICATA NATURA CON PERDITA DI COSCIENZA DI DURATA SUPERIORE A 24 ORE SENZA RITORNO ALLO STATO DI COSCIENZA PREESISTENTE
800.46,FRATTURA CHIUSA DELLA VOLTA CRANICA CON TRAUMATISMO INTRACRANICO DI ALTRA E NON SPECIFICATA NATURA CON PERDITA DI COSCIENZA DI DURATA NON SPECIFICATA
800.49,"FRATTURA CHIUSA DELLA VOLTA CRANICA CON TRAUMATISMO INTRACRANICO DI ALTRA E NON SPECIFICATA NATURA,CON COMMOZIONE CEREBRALE,NON SPECIFICATA"
800.5,FRATTURA ESPOSTA DELLA VOLTA CRANICA SENZA MENZIONE DI TRAUMATISMO INTRACRANICO
800.50,"FRATTURA ESPOSTA DELLA VOLTA CRANICA SENZA MENZIONE DI TRAUMATISMO INTRACRANICO,STATO DI COSCIENZA NON SPECIFICATO"
800.51,"FRATTURA ESPOSTA DELLA VOLTA CRANICA SENZA MENZIONE DI TRAUMATISMO INTRACRANICO,SENZA PERDITA DI COSCIENZA"
800.52,"FRATTURA ESPOSTA DELLA VOLTA CRANICA SENZA MENZIONE DI TRAUMATISMO INTRACRANICO,CON PERDITA DI COSCIENZA DI DURATA INFERIORE AD 1 ORA"
800.53,"FRATTURA ESPOSTA DELLA VOLTA CRANICA SENZA MENZIONE DI TRAUMATISMO INTRACRANICO,CON PERDITA DI COSCIENZA DI DURATA COMPRESA TRA 1 E 24 ORE"
800.54,"FRATTURA ESPOSTA DELLA VOLTA CRANICA SENZA MENZIONE DI TRAUMATISMO INTRACRANICO,CON PERDITA DI COSCIENZA DI DURATA SUPERIORE A 24 ORE E RECUPERO DELLO STATO DI COSCIENZA PREESISTENTE"
800.55,"FRATTURA ESPOSTA DELLA VOLTA CRANICA SENZA MENZIONE DI TRAUMATISMO INTRACRANICO,CON PERDITA DI COSCIENZA DI DURATA SUPERIORE A 24 ORE SENZA RECUPERO DELLO STATO DI COSCIENZA PREESISTENTE"
800.56,"FRATTURA ESPOSTA DELLA VOLTA CRANICA SENZA MENZIONE DI TRAUMATISMO INTRACRANICO,CON PERDITA DI COSCIENZA DI DURATA NON SPECIFICATA"
800.59,"FRATTURA ESPOSTA DELLA VOLTA CRANICA SENZA MENZIONE DI TRAUMATISMO INTRACRANICO,CON COMMOZIONE CEREBRALE,NON SPECIFICATA"
800.6,FRATTURA ESPOSTA DELLA VOLTA CRANICA CON LACERAZIONE E CONTUSIONE CEREBRALE
800.60,"FRATTURA ESPOSTA DELLA VOLTA CRANICA CON LACERAZIONE E CONTUSIONE CEREBRALE,STATO DI COSCIENZA NON SPECIFICATO"
800.61,FRATTURA ESPOSTA DELLA VOLTA CRANICA CON LACERAZIONE E CONTUSIONE CEREBRALE SENZA PERDITA DI COSCIENZA
800.62,"FRATTURA ESPOSTA DELLA VOLTA CRANICA CON LACERAZIONE E CONTUSIONE CEREBRALE,CON PERDITA DI COSCIENZA DI DURATA INFERIORE A 1 ORA"
800.63,"FRATTURA ESPOSTA DELLA VOLTA CRANICA CON LACERAZIONE E CONTUSIONE CEREBRALE,CON PERDITA DI COSCIENZA DI DURATA COMPRESA TRA 1 E 24 ORE"
800.64,"FRATTURA ESPOSTA DELLA VOLTA CRANICA CON LACERAZIONE E CONTUSIONE CEREBRALE,CON PERDITA DI COSCIENZA DI DURATA SUPERIORE A 24 ORE CON RITORNO ALLO STATO DI COSCIENZA PREESISTENTE"
800.65,"FRATTURA ESPOSTA DELLA VOLTA CRANICA CON LACERAZIONE E CONTUSIONE CEREBRALE,CON PERDITA DI COSCIENZA DI DURATA SUPERIORE A 24 ORE SENZA RITORNO ALLO STATO DI COSCIENZA PREESISTENTE"
800.66,"FRATTURA ESPOSTA DELLA VOLTA CRANICA CON LACERAZIONE E CONTUSIONE CEREBRALE,CON PERDITA DI COSCIENZA DI DURATA NON SPECIFICATA"
800.69,"FRATTURA ESPOSTA DELLA VOLTA CRANICA CON LACERAZIONE E CONTUSIONE CEREBRALE,CON COMMOZIONE CEREBRALE,NON SPECIFICATA"
800.7,"FRATTURA ESPOSTA DELLA VOLTA CRANICA CON EMORRAGIA SUBARACNOIDEA, SUBDURALE ED EXTRADURALE"
800.70,"FRATTURA ESPOSTA DELLA VOLTA CRANICA CON EMORRAGIA SUBARACNOIDEA,SUBDURALE ED EXTRADURALE,STATO DI COSCIENZA NON SPECIFICATO"
800.71,"FRATTURA ESPOSTA DELLA VOLTA CRANICA CON EMORRAGIA SUBARACNOIDEA,SUBDURALE ED EXTRADURALE,SENZA PERDITA DI COSCIENZA"
800.72,"FRATTURA ESPOSTA DELLA VOLTA CRANICA CON EMORRAGIA SUBARACNOIDEA,SUBDURALE ED EXTRADURALE CON PERDITA DI COSCIENZA DI DURATA INFERIORE A 1 ORA"
800.73,"FRATTURA ESPOSTA DELLA VOLTA CRANICA CON EMORRAGIA SUBARACNOIDEA,SUBDURALE ED EXTRADURALE CON PERDITA DI COSCIENZA DI DURATA COMPRESA TRA 1 E 24 ORE"
800.74,"FRATTURA ESPOSTA DELLA VOLTA CRANICA CON EMORRAGIA SUBARACNOIDEA,SUBDURALE ED EXTRADURALE CON PERDITA DI COSCIENZA SUPERIORE A 24 ORE E RECUPERO DELLO STATO DI COSCIENZA PREESISTENTE"
800.75,"FRATTURA ESPOSTA DELLA VOLTA CRANICA CON EMORRAGIA SUBARACNOIDEA,SUBDURALE ED EXTRADURALE CON PERDITA DI COSCIENZA SUPERIORE A 24 ORE SENZA RITORNO ALLO STATO DI COSCIENZA PREESISTENTE"
800.76,"FRATTURA ESPOSTA DELLA VOLTA CRANICA CON EMORRAGIA SUBARACNOIDEA,SUBDURALE ED EXTRADURALE CON PERDITA DI COSCIENZA DI DURATA NON SPECIFICATA"
800.79,"FRATTURA ESPOSTA DELLA VOLTA CRANICA CON EMORRAGIA SUBARACNOIDEA,SUBDURALE ED EXTRADURALE,CON COMMOZIONE CEREBRALE,NON SPECIFICATA"
800.8,FRATTURA ESPOSTA DELLA VOLTA CRANICA CON ALTRA E NON SPECIFICATA EMORRAGIA INTRACRANICA
800.80,"FRATTURA ESPOSTA DELLA VOLTA CRANICA CON ALTRA E NON SPECIFICATA EMORRAGIA INTRACRANICA,STATO DI COSCIENZA NON SPECIFICATO"
800.81,FRATTURA ESPOSTA DELLA VOLTA CRANICA CON ALTRA E NON SPECIFICATA EMORRAGIA INTRACRANICA SENZA PERDITA DI COSCIENZA
800.82,FRATTURA ESPOSTA DELLA VOLTA CRANICA CON ALTRA E NON SPECIFICATA EMORRAGIA INTRACRANICA CON PERDITA DI COSCIENZA DI DURATA INFERIORE AD 1 ORA
800.83,FRATTURA ESPOSTA DELLA VOLTA CRANICA CON ALTRA E NON SPECIFICATA EMORRAGIA INTRACRANICA DI DURATA COMPRESA TRA 1 E 24 ORE
800.84,FRATTURA ESPOSTA DELLA VOLTA CRANICA CON ALTRA E NON SPECIFICATA EMORRAGIA INTRACRANICA DI DURATA SUPERIORE A 24 ORE E RITORNO ALLO STATO DI COSCIENZA PREESISTENTE
800.85,FRATTURA ESPOSTA DELLA VOLTA CRANICA CON ALTRA E NON SPECIFICATA EMORRAGIA INTRACRANICA CON PERDITA DI COSCIENZA DI DURATA SUPERIORE A 24 ORE SENZA RITORNO ALLO STATO DI COSCIENZA PREESISTENTE
800.86,FRATTURA ESPOSTA DELLA VOLTA CRANICA CON ALTRA E NON SPECIFICATA EMORRAGIA INTRACRANICA CON PERDITA DI COSCIENZA DI DURATA NON SPECIFICATA
800.89,"FRATTURA ESPOSTA DELLA VOLTA CRANICA CON ALTRA E NON SPECIFICATA EMORRAGIA INTRACRANICA,CON COMMOZIONE CEREBRALE,NON SPECIFICATA"
800.9,FRATTURA ESPOSTA DELLA VOLTA CRANICA CON TRAUMATISMO INTRACRANICO DI ALTRA E NON SPECIFICATA NATURA
800.90,"FRATTURA ESPOSTA DELLA VOLTA CRANICA CON TRAUMATISMO INTRACRANICO DI ALTRA E NON SPECIFICATA NATURA,STATO DI COSCIENZA NON SPECIFICATO"
800.91,FRATTURA ESPOSTA DELLA VOLTA CRANICA CON TRAUMATISMO INTRACRANICO DI ALTRA E NON SPECIFICATA NATURA SENZA PERDITA DI COSCIENZA
800.92,FRATTURA ESPOSTA DELLA VOLTA CRANICA CON TRAUMATISMO INTRACRANICO DI ALTRA E NON SPECIFICATA NATURA CON PERDITA DI COSCIENZA DI DURATA INFERIORE A 1 ORA
800.93,FRATTURA ESPOSTA DELLA VOLTA CRANICA CON TRAUMATISMO INTRACRANICO DI ALTRA E NON SPECIFICATA NATURA CON PERDITA DI COSCIENZA DI DURATA COMPRESA TRA 1 E 24 ORE
800.94,FRATTURA ESPOSTA DELLA VOLTA CRANICA CON TRAUMATISMO INTRACRANICO DI ALTRA E NON SPECIFICATA NATURA CON PERDITA DI COSCIENZA DI DURATA SUPERIORE A 24 ORE CON RITORNO ALLO STATO DI COSCIENZA PREESISTENTE
800.95,FRATTURA ESPOSTA DELLA VOLTA CRANICA CON TRAUMATISMO INTRACRANICO DI ALTRA E NON SPECIFICATA NATURA CON PERDITA DI COSCIENZA DI DURATA SUPERIORE A 24 ORE SENZA RITORNO ALLO STATO DI COSCIENZA PREESISTENTE
800.96,FRATTURA ESPOSTA DELLA VOLTA CRANICA CON TRAUMATISMO INTRACRANICO DI ALTRA E NON SPECIFICATA NATURA CON PERDITA DI COSCIENZA DI DURATA NON SPECIFICATA
800.99,"FRATTURA CHIUSA DELLA VOLTA CRANICA CON TRAUMATISMO INTRACRANICO DI ALTRA E NON SPECIFICATA NATURA,CON COMMOZIONE CEREBRALE,NON SPECIFICATA"
801,FRATTURA DELLA BASE CRANICA
801.0,FRATTURA CHIUSA DELLA BASE CRANICA SENZA MENZIONE DI TRAUMATISMO INTRACRANICO
801.00,"FRATTURA CHIUSA DELLA BASE CRANICA SENZA MENZIONE DI TRAUMATISMO INTRACRANICO,STATO DI COSCIENZA NON SPECIFICATO"
801.01,FRATTURA CHIUSA DELLA BASE CRANICA SENZA MENZIONE DI TRAUMATISMO INTRACRANICO SENZA PERDITA DI COSCIENZA
801.02,FRATTURA CHIUSA DELLA BASE CRANICA SENZA MENZIONE DI TRAUMATISMO INTRACRANICO CON PERDITA DI COSCIENZA DI DURATA INFERIORE A 1 ORA
801.03,FRATTURA CHIUSA DELLA BASE CRANICA SENZA MENZIONE DI TRAUMATISMO INTRACRANICO CON PERDITA DI COSCIENZA DI DURATA COMPRESA TRA 1 E 24 ORE
801.04,FRATTURA CHIUSA DELLA BASE CRANICA SENZA MENZIONE DI TRAUMATISMO INTRACRANICO CON PERDITA DI COSCIENZA DI DURATA SUPERIORE A 24 ORE E RITORNO ALLO STATO DI COSCIENZA PREESISTENTE
801.05,FRATTURA CHIUSA DELLA BASE CRANICA SENZA MENZIONE DI TRAUMATISMO INTRACRANICO CON PERDITA DI COSCIENZA DI DURATA SUPERIORE A 24 ORE SENZA RITORNO ALLO STATO DI COSCIENZA PREESISTENTE
801.06,FRATTURA CHIUSA DELLA BASE CRANICA SENZA MENZIONE DI TRAUMATISMO INTRACRANICO CON PERDITA DI COSCIENZA DI DURATA NON SPECIFICATA
801.09,"FRATTURA CHIUSA DELLA BASE CRANICA SENZA MENZIONE DI TRAUMATISMO INTRACRANICO CON COMMOZIONE CEREBRALE,NON SPECIFICATA"
801.1,FRATTURA CHIUSA DELLA BASE CRANICA CON LACERAZIONE E CONTUSIONE CEREBRALE
801.10,"FRATTURA CHIUSA DELLA BASE CRANICA CON LACERAZIONE E CONTUSIONE CEREBRALE,STATO DI COSCIENZA NON SPECIFICATO"
801.11,FRATTURA CHIUSA DELLA BASE CRANICA CON LACERAZIONE E CONTUSIONE CEREBRALE SENZA PERDITA DI COSCIENZA
801.12,"FRATTURA CHIUSA DELLA BASE CRANICA CON LACERAZIONE E CONTUSIONE CEREBRALE,CON PERDITA DI COSCIENZA DI DURATA INFERIORE A 1 ORA"
801.13,"FRATTURA CHIUSA DELLA BASE CRANICA CON LACERAZIONE E CONTUSIONE CEREBRALE,CON PERDITA DI COSCIENZA DI DURATA COMPRESA TRA 1 E 24 ORE"
801.14,"FRATTURA CHIUSA DELLA BASE CRANICA CON LACERAZIONE E CONTUSIONE CEREBRALE,CON PERDITA DI COSCIENZA DI DURATA SUPERIORE A 24 ORE E RITORNO ALLO STATO DI COSCIENZA PREESISTENTE"
801.15,"FRATTURA CHIUSA DELLA BASE CRANICA CON LACERAZIONE E CONTUSIONE CEREBRALE,CON PERDITA DI COSCIENZA DI DURATA SUPERIORE A 24 ORE SENZA RITORNO ALLO STATO DI COSCIENZA PREESISTENTE"
801.16,"FRATTURA CHIUSA DELLA BASE CRANICA CON LACERAZIONE E CONTUSIONE CEREBRALE,CON PERDITA DI COSCIENZA DI DURATA NON SPECIFICATA"
801.19,"FRATTURA CHIUSA DELLA BASE CRANICA CON LACERAZIONE E CONTUSIONE CEREBRALE CON COMMOZIONE CEREBRALE,NON SPECIFICATA"
801.2,"FRATTURA CHIUSA DELLA BASE CRANICA CON EMORRAGIA SUBARACNOIDEA, SUBDURALE E EXTRADURALE"
801.20,"FRATTURA CHIUSA DELLA BASE CRANICA CON EMORRAGIA SUBARACNOIDEA,SUBDURALE E EXTRADURALE,STATO DI COSCIENZA NON SPECIFICATO"
801.21,"FRATTURA CHIUSA DELLA BASE CRANICA CON EMORRAGIA SUBARACNOIDEA,SUBDURALE E EXTRADURALE SENZA PERDITA DI COSCIENZA"
801.22,"FRATTURA CHIUSA DELLA BASE CRANICA CON EMORRAGIA SUBARACNOIDEA,SUBDURALE E EXTRADURALE CON PERDITA DI COSCIENZA DI DURATA INFERIORE A 1 ORA"
801.23,"FRATTURA CHIUSA DELLA BASE CRANICA CON EMORRAGIA SUBARACNOIDEA,SUBDURALE E EXTRADURALE CON PERDITA DI COSCIENZA DI DURATA COMPRESA TRA 1 E 24 ORE"
801.24,"FRATTURA CHIUSA DELLA BASE CRANICA CON EMORRAGIA SUBARACNOIDEA,SUBDURALE E EXTRADURALE CON PERDITA DI COSCIENZA DI DURATA SUPERIORE A 24 ORE E RITORNO ALLO STATO DI COSCIENZA PREESISTENTE"
801.25,"FRATTURA CHIUSA DELLA BASE CRANICA CON EMORRAGIA SUBARACNOIDEA,SUBDURALE E EXTRADURALE CON PERDITA DI COSCIENZA DI DURATA SUPERIORE A 24 ORE SENZA RITORNO ALLO STATO DI COSCIENZA PREESISTENTE"
801.26,"FRATTURA CHIUSA DELLA BASE CRANICA CON EMORRAGIA SUBARACNOIDEA,SUBDURALE E EXTRADURALE CON PERDITA DI COSCIENZA DI DURATA NON SPECIFICATA"
801.29,"FRATTURA CHIUSA DELLA BASE CRANICA CON EMORRAGIA SUBARACNOIDEA,SUBDURALE E EXTRADURALE,CON COMMOZIONE CEREBRALE,NON SPECIFICATA"
801.3,FRATTURA CHIUSA DELLA BASE CRANICA CON ALTRA E NON SPECIFICATA EMORRAGIA INTRACRANICA
801.30,"FRATTURA CHIUSA DELLA BASE CRANICA CON ALTRA E NON SPECIFICATA EMORRAGIA INTRACRANICA,STATO DI COSCIENZA NON SPECIFICATO"
801.31,FRATTURA CHIUSA DELLA BASE CRANICA CON ALTRA E NON SPECIFICATA EMORRAGIA INTRACRANICA SENZA PERDITA DI COSCIENZA
801.32,FRATTURA CHIUSA DELLA BASE CRANICA CON ALTRA E NON SPECIFICATA EMORRAGIA INTRACRANICA CON PERDITA DI COSCIENZA DI DURATA INFERIORE A 1 ORA
801.33,FRATTURA CHIUSA DELLA BASE CRANICA CON ALTRA E NON SPECIFICATA EMORRAGIA INTRACRANICA CON PERDITA DI COSCIENZA DI DURATA COMPRESA TRA 1 E 24 ORE
801.34,FRATTURA CHIUSA DELLA BASE CRANICA CON ALTRA E NON SPECIFICATA EMORRAGIA INTRACRANICA CON PERDITA DI COSCIENZA DI DURATA SUPERIORE A 24 ORE E RITORNO ALLO STATO DI COSCIENZA PREESISTENTE
801.35,FRATTURA CHIUSA DELLA BASE CRANICA CON ALTRA E NON SPECIFICATA EMORRAGIA INTRACRANICA CON PERDITA DI COSCIENZA DI DURATA SUPERIORE A 24 ORE SENZA RITORNO ALLO STATO DI COSCIENZA PREESISTENTE
801.36,FRATTURA CHIUSA DELLA BASE CRANICA CON ALTRA E NON SPECIFICATA EMORRAGIA INTRACRANICA CON PERDITA DI COSCIENZA DI DURATA NON SPECIFICATA
801.39,"FRATTURA CHIUSA DELLA BASE CRANICA CON MENZIONE DI ALTRA E NON SPECIFICATA EMORRAGIA INTRACRANICA,CON COMMOZIONE CEREBRALE,NON SPECIFICATA"
801.4,FRATTURA CHIUSA DELLA BASE CRANICA CON TRAUMATISMO INTRACRANICO DI ALTRA E NON SPECIFICATA NATURA
801.40,"FRATTURA CHIUSA DELLA BASE CRANICA CON TRAUMATISMO INTRACRANICO DI ALTRA E NON SPECIFICATA NATURA,STATO DI COSCIENZA NON SPECIFICATO"
801.41,FRATTURA CHIUSA DELLA BASE CRANICA CON TRAUMATISMO INTRACRANICO DI ALTRA E NON SPECIFICATA NATURA SENZA PERDITA DI COSCIENZA
801.42,FRATTURA CHIUSA DELLA BASE CRANICA CON TRAUMATISMO INTRACRANICO DI ALTRA E NON SPECIFICATA NATURA CON PERDITA DI COSCIENZA DI DURATA INFERIORE A 1 ORA
801.43,FRATTURA CHIUSA DELLA BASE CRANICA CON TRAUMATISMO INTRACRANICO DI ALTRA E NON SPECIFICATA NATURA CON PERDITA DI COSCIENZA DI DURATA COMPRESA TRA 1 E 24 ORE
801.44,FRATTURA CHIUSA DELLA BASE CRANICA CON TRAUMATISMO INTRACRANICO DI ALTRA E NON SPECIFICATA NATURA CON PERDITA DI COSCIENZA DI DURATA SUPERIORE A 24 ORE E RITORNO ALLO STATO DI COSCIENZA PREESISTENTE
801.45,FRATTURA CHIUSA DELLA BASE CRANICA CON TRAUMATISMO INTRACRANICO DI ALTRA E NON SPECIFICATA NATURA CON PERDITA DI COSCIENZA DI DURATA SUPERIORE A 24 ORE SENZA RITORNO ALLO STATO DI COSCIENZA PREESISTENTE
801.46,FRATTURA CHIUSA DELLA BASE CRANICA CON TRAUMATISMO INTRACRANICO DI ALTRA E NON SPECIFICATA NATURA CON PERDITA DELLO STATO DI COSCIENZA DI DURATA NON SPECIFICATA
801.49,"FRATTURA CHIUSA DELLA BASE CRANICA CON TRAUMATISMO INTRACRANICO DI ALTRA E NON SPECIFICATA NATURA,CON COMMOZIONE CEREBRALE,NON SPECIFICATA"
801.5,FRATTURA ESPOSTA DELLA BASE CRANICA SENZA MENZIONE DI TRAUMATISMO INTRACRANICO
801.50,"FRATTURA ESPOSTA DELLA BASE CRANICA SENZA MENZIONE DI TRAUMATISMO INTRACRANICO,STATO DI COSCIENZA NON SPECIFICATO"
801.51,FRATTURA ESPOSTA DELLA BASE CRANICA SENZA MENZIONE DI TRAUMATISMO INTRACRANICO SENZA PERDITA DI COSCIENZA
801.52,FRATTURA ESPOSTA DELLA BASE CRANICA SENZA MENZIONE DI TRAUMATISMO INTRACRANICO CON PERDITA DI COSCIENZA DI DURATA INFERIORE A 1 ORA
801.53,FRATTURA ESPOSTA DELLA BASE CRANICA SENZA MENZIONE DI TRAUMATISMO INTRACRANICO CON PERDITA DI COSCIENZA DI DURATA COMPRESA TRA 1 E 24 ORE
801.54,FRATTURA ESPOSTA DELLA BASE CRANICA SENZA MENZIONE DI TRAUMATISMO INTRACRANICO CON PERDITA DI COSCIENZA DI DURATA SUPERIORE A 24 ORE E RITORNO ALLO STATO DI COSCIENZA PREESISTENTE
801.55,FRATTURA ESPOSTA DELLA BASE CRANICA SENZA MENZIONE DI TRAUMATISMO INTRACRANICO CON PERDITA DI COSCIENZA DI DURATA SUPERIORE A 24 ORE SENZA RITORNO ALLO STATO DI COSCIENZA PREESISTENTE
801.56,FRATTURA ESPOSTA DELLA BASE CRANICA SENZA MENZIONE DI TRAUMATISMO INTRACRANICO CON PERDITA DI COSCIENZA DI DURATA NON SPECIFICATA
801.59,"FRATTURA ESPOSTA DELLA BASE CRANICA SENZA MENZIONE DI TRAUMATISMO INTRACRANICO,CON COMMOZIONE CEREBRALE,NON SPECIFICATA"
801.6,FRATTURA ESPOSTA DELLA BASE CRANICA CON LACERAZIONE E CONTUSIONE CEREBRALE
801.60,"FRATTURA ESPOSTA DELLA BASE CRANICA CON LACERAZIONE E CONTUSIONE CEREBRALE,STATO DI COSCIENZA NON SPECIFICATO"
801.61,FRATTURA ESPOSTA DELLA BASE CRANICA CON LACERAZIONE E CONTUSIONE CEREBRALE SENZA PERDITA DI COSCIENZA
801.62,FRATTURA ESPOSTA DELLA BASE CRANICA CON LACERAZIONE E CONTUSIONE CEREBRALE CON PERDITA DI COSCIENZA DI DURATA INFERIORE A 1 ORA
801.63,FRATTURA ESPOSTA DELLA BASE CRANICA CON LACERAZIONE E CONTUSIONE CEREBRALE CON PERDITA DI COSCIENZA DI DURATA COMPRESA TRA 1 E 24 ORE
801.64,FRATTURA ESPOSTA DELLA BASE CRANICA CON LACERAZIONE E CONTUSIONE CEREBRALE CON PERDITA DI COSCIENZA DI DURATA SUPERIORE A 24 ORE E RITORNO ALLO STATO DI COSCIENZA PREESISTENTE
801.65,FRATTURA ESPOSTA DELLA BASE CRANICA CON LACERAZIONE E CONTUSIONE CEREBRALE CON PERDITA DI COSCIENZA DI DURATA SUPERIORE A 24 ORE SENZA RITORNO ALLO STATO DI COSCIENZA PREESISTENTE
801.66,FRATTURA ESPOSTA DELLA BASE CRANICA CON LACERAZIONE E CONTUSIONE CEREBRALE CON PERDITA DI COSCIENZA DI DURATA NON SPECIFICATA
801.69,"FRATTURA ESPOSTA DELLA BASE CRANICA CON LACERAZIONE E CONTUSIONE CEREBRALE,CON COMMOZIONE CEREBRALE,NON SPECIFICATA"
801.7,"FRATTURA ESPOSTA DELLA BASE CRANICA CON EMORRAGIA SUBARACNOIDEA, SUBDURALE E EXTRADURALE"
801.70,"FRATTURA ESPOSTA DELLA BASE CRANICA CON EMORRAGIA SUBARACNOIDEA,SUBDURALE E EXTRADURALE,STATO DI COSCIENZA NON SPECIFICATO"
801.71,"FRATTURA ESPOSTA DELLA BASE CRANICA CON EMORRAGIA SUBARACNOIDEA,SUBDURALE E EXTRADURALE SENZA PERDITA DI COSCIENZA"
801.72,"FRATTURA ESPOSTA DELLA BASE CRANICA CON EMORRAGIA SUBARACNOIDEA,SUBDURALE E EXTRADURALE CON PERDITA DI COSCIENZA DI DURATA INFERIORE A 1 ORA"
801.73,"FRATTURA ESPOSTA DELLA BASE CRANICA CON EMORRAGIA SUBARACNOIDEA,SUBDURALE E EXTRADURALE CON PERDITA DI COSCIENZA DI DURATA COMPRESA TRA 1 E 24 ORE"
801.74,"FRATTURA ESPOSTA DELLA BASE CRANICA CON EMORRAGIA SUBARACNOIDEA,SUBDURALE E EXTRADURALE CON PERDITA DI COSCIENZA DI DURATA SUPERIORE A 24 ORE E RITORNO ALLO STATO DI COSCIENZA PREESISTENTE"
801.75,"FRATTURA ESPOSTA DELLA BASE CRANICA CON EMORRAGIA SUBARACNOIDEA,SUBDURALE E EXTRADURALE CON PERDITA DI COSCIENZA DI DURATA SUPERIORE A 24 ORE SENZA RITORNO ALLO STATO DI COSCIENZA PREESISTENTE"
801.76,"FRATTURA ESPOSTA DELLA BASE CRANICA CON EMORRAGIA SUBARACNOIDEA,SUBDURALE E EXTRADURALE CON PERDITA DI COSCIENZA DI DURATA NON SPECIFICATA"
801.79,"FRATTURA ESPOSTA DELLA BASE CRANICA CON EMORRAGIA SUBARACNOIDEA,SUBDURALE E EXTRADURALE,CON COMMOZIONE CEREBRALE,NON SPECIFICATA"
801.8,FRATTURA ESPOSTA DELLA BASE CRANICA CON ALTRA E NON SPECIFICATA EMORRAGIA INTRACRANICA
801.80,"FRATTURA ESPOSTA DELLA BASE CRANICA CON ALTRA E NON SPECIFICATA EMORRAGIA INTRACRANICA,STATO DI COSCIENZA NON SPECIFICATO"
801.81,FRATTURA ESPOSTA DELLA BASE CRANICA CON ALTRA E NON SPECIFICATA EMORRAGIA INTRACRANICA SENZA PERDITA DI COSCIENZA
801.82,FRATTURA ESPOSTA DELLA BASE CRANICA CON ALTRA E NON SPECIFICATA EMORRAGIA INTRACRANICA CON PERDITA DI COSCIENZA DI DURATA INFERIORE A 1 ORA
801.83,FRATTURA ESPOSTA DELLA BASE CRANICA CON ALTRA E NON SPECIFICATA EMORRAGIA INTRACRANICA CON PERDITA DI COSCIENZA DI DURATA COMPRESA TRA 1 E 24 ORE
801.84,FRATTURA ESPOSTA DELLA BASE CRANICA CON ALTRA E NON SPECIFICATA EMORRAGIA INTRACRANICA CON PERDITA DI COSCIENZA DI DURATA SUPERIORE A 24 ORE E RITORNO ALLO STATO DI COSCIENZA PREESISTENTE
801.85,FRATTURA ESPOSTA DELLA BASE CRANICA CON ALTRA E NON SPECIFICATA EMORRAGIA INTRACRANICA CON PERDITA DI COSCIENZA DI DURATA SUPERIORE A 24 ORE SENZA RITORNO ALLO STATO DI COSCIENZA PREESISTENTE
801.86,FRATTURA ESPOSTA DELLA BASE CRANICA CON ALTRA E NON SPECIFICATA EMORRAGIA INTRACRANICA CON PERDITA DI COSCIENZA DI DURATA NON SPECIFICATA
801.89,"FRATTURA ESPOSTA DELLA BASE CRANICA CON ALTRA E NON SPECIFICATA EMORRAGIA INTRACRANICA,CON COMMOZIONE CEREBRALE,NON SPECIFICATA"
801.9,FRATTURA ESPOSTA DELLA BASE CRANICA CON TRAUMATISMO INTRACRANICO DI ALTRA E NON SPECIFICATA NATURA
801.90,"FRATTURA ESPOSTA DELLA BASE CRANICA CON TRAUMATISMO INTRACRANICO DI ALTRA E NON SPECIFICATA NATURA,STATO DI COSCIENZA NON SPECIFICATO"
801.91,FRATTURA ESPOSTA DELLA BASE CRANICA CON TRAUMATISMO INTRACRANICO DI ALTRA E NON SPECIFICATA NATURA SENZA PERDITA DI COSCIENZA
801.92,FRATTURA ESPOSTA DELLA BASE CRANICA CON TRAUMATISMO INTRACRANICO DI ALTRA E NON SPECIFICATA NATURA CON PERDITA DI COSCIENZA DI DURATA INFERIORE A 1 ORA
801.93,FRATTURA ESPOSTA DELLA BASE CRANICA CON TRAUMATISMO INTRACRANICO DI ALTRA E NON SPECIFICATA NATURA CON PERDITA DI COSCIENZA DI DURATA COMPRESA TRA 1 E 24 ORE
801.94,FRATTURA ESPOSTA DELLA BASE CRANICA CON TRAUMATISMO INTRACRANICO DI ALTRA E NON SPECIFICATA NATURA CON PERDITA DI COSCIENZA DI DURATA SUPERIORE A 24 ORE E RITORNO ALLO STATO DI COSCIENZA PREESISTENTE
801.95,FRATTURA ESPOSTA DELLA BASE CRANICA CON TRAUMATISMO INTRACRANICO DI ALTRA E NON SPECIFICATA NATURA CON PERDITA DI COSCIENZA DI DURATA SUPERIORE A 24 ORE SENZA RITORNO ALLO STATO DI COSCIENZA PREESISTENTE
801.96,FRATTURA ESPOSTA DELLA BASE CRANICA CON TRAUMATISMO INTRACRANICO DI ALTRA E NON SPECIFICATA NATURA CON PERDITA DELLO STATO DI COSCIENZA DI DURATA NON SPECIFICATA
801.99,"FRATTURA ESPOSTA DELLA BASE CRANICA CON TRAUMATISMO INTRACRANICO DI ALTRA E NON SPECIFICATA NATURA,CON COMMOZIONE CEREBRALE,NON SPECIFICATA"
802,FRATTURA DELLE OSSA DELLA FACCIA
802.0,FRATTURA CHIUSA DELLE OSSA NASALI
802.1,FRATTURA ESPOSTA DELLE OSSA NASALI
802.2,FRATTURA CHIUSA DELLA MANDIBOLA
802.20,"FRATTURA CHIUSA DELLA MANDIBOLA,SEDE NON SPECIFICATA"
802.21,"FRATTURA CHIUSA DELLA MANDIBOLA,PROCESSO CONDILOIDEO"
802.22,"FRATTURA CHIUSA DELLA MANDIBOLA,PROCESSO SOTTOCONDILOIDEO"
802.23,"FRATTURA CHIUSA DELLA MANDIBOLA,PROCESSO CORONOIDEO"
802.24,FRATTURA CHIUSA DI PARTE NON SPECIFICATA DELLA BRANCA MANDIBOLARE
802.25,FRATTURA CHIUSA DELL'ANGOLO MANDIBOLARE
802.26,FRATTURA CHIUSA DELLA SINFISI DEL CORPO MANDIBOLARE
802.27,FRATTURA CHIUSA DEL BORDO ALVEOLARE DEL CORPO DELLA MANDIBOLA
802.28,FRATTURA CHIUSA DI ALTRE E NON SPECIFICATE PARTI DEL CORPO MANDIBOLARE
802.29,"FRATTURA CHIUSA DELLA MANDIBOLA,SEDI MULTIPLE"
802.3,FRATTURA ESPOSTA DELLA MANDIBOLA
802.30,"FRATTURA ESPOSTA DELLA MANDIBOLA,SEDE NON SPECIFICATA"
802.31,FRATTURA ESPOSTA DEL PROCESSO CONDILOIDEO DELLA MANDIBOLA
802.32,FRATTURA ESPOSTA DEL PROCESSO SOTTOCONDILOIDEO DELLA MANDIBOLA
802.33,FRATTURA ESPOSTA DEL PROCESSO CORONOIDEO DELLA MANDIBOLA
802.34,FRATTURA ESPOSTA DI PARTE NON SPECIFICATA DEL RAMO DELLA MANDIBOLA
802.35,FRATTURA ESPOSTA DELL'ANGOLO MANDIBOLARE
802.36,FRATTURA ESPOSTA DELLA SINFISI DEL CORPO MANDIBOLARE
802.37,FRATTURA ESPOSTA DEL PROCESSO ALVEOLARE DEL CORPO MANDIBOLARE
802.38,ALTRA E NON SPECIFICATA FRATTURA ESPOSTA DEL CORPO DELLA MANDIBOLA
802.39,"FRATTURA ESPOSTA DEL CORPO DELLA MANDIBOLA,SEDI MULTIPLE"
802.4,FRATTURA CHIUSA DELLE OSSA MALARE E MASCELLARE SUPERIORE
802.5,FRATTURA ESPOSTA DELLE OSSA MALARE E MASCELLARE SUPERIORE
802.6,FRATTURA CHIUSA DELLA PARETE INFERIORE DELL'ORBITA
802.7,FRATTURA ESPOSTA DELLA PARETE INFERIORE DELL'ORBITA
802.8,FRATTURA CHIUSA DI ALTRE OSSA DELLA FACCIA
802.9,FRATTURA ESPOSTA DI ALTRE OSSA DELLA FACCIA
803,ALTRE E NON SPECIFICATE FRATTURE DEL CRANIO
803.0,ALTRA FRATTURA CHIUSA DEL CRANIO SENZA MENZIONE DI TRAUMATISMO INTRACRANICO
803.00,"ALTRA FRATTURA CHIUSA DEL CRANIO SENZA MENZIONE DI TRAUMATISMO INTRACRANICO,STATO DI COSCIENZA NON SPECIFICATO"
803.01,"ALTRA FRATTURA CHIUSA DEL CRANIO SENZA MENZIONE DI TRAUMATISMO INTRACRANICO,SENZA PERDITA DI COSCIENZA"
803.02,ALTRA FRATTURA CHIUSA DEL CRANIO SENZA MENZIONE DI TRAUMATISMO INTRACRANICO CON PERDITA DI COSCIENZA DI DURATA INFERIORE A 1 ORA
803.03,ALTRA FRATTURA CHIUSA DEL CRANIO SENZA MENZIONE DI TRAUMATISMO INTRACRANICO CON PERDITA DI COSCIENZA DI DURATA COMPRESA TRA 1 E 24 ORE
803.04,ALTRA FRATTURA CHIUSA DEL CRANIO SENZA MENZIONE DI TRAUMATISMO INTRACRANICO CON PERDITA DI COSCIENZA DI DURATA SUPERIORE A 24 ORE E RITORNO ALLO STATO DI COSCIENZA PREESISTENTE
803.05,ALTRA FRATTURA CHIUSA DEL CRANIO SENZA MENZIONE DI TRAUMATISMO INTRACRANICO CON PERDITA DI COSCIENZA DI DURATA SUPERIORE A 24 ORE SENZA RITORNO ALLO STATO DI COSCIENZA PREESISTENTE
803.06,ALTRA FRATTURA CHIUSA DEL CRANIO SENZA MENZIONE DI TRAUMATISMO INTRACRANICO CON PERDITA DI COSCIENZA DI DURATA NON SPECIFICATA
803.09,"ALTRA FRATTURA CHIUSA DEL CRANIO SENZA MENZIONE DI TRAUMATISMO INTRACRANICO,CON COMMOZIONE CEREBRALE,NON SPECIFICATA"
803.1,ALTRE FRATTURE CHIUSE DEL CRANIO CON LACERAZIONE E CONTUSIONE CEREBRALE
803.10,"ALTRA FRATTURA CHIUSA DEL CRANIO CON LACERAZIONE E CONTUSIONE CEREBRALE,STATO DI COSCIENZA NON SPECIFICATO"
803.11,ALTRA FRATTURA CHIUSA DEL CRANIO CON LACERAZIONE E CONTUSIONE CEREBRALE SENZA PERDITA DI COSCIENZA
803.12,ALTRA FRATTURA CHIUSA DEL CRANIO CON LACERAZIONE E CONTUSIONE CEREBRALE CON PERDITA DI COSCIENZA INFERIORE A 1 ORA
803.13,ALTRA FRATTURA CHIUSA DEL CRANIO CON LACERAZIONE E CONTUSIONE CEREBRALE CON PERDITA DI COSCIENZA DI DURATA COMPRESA TRA 1 E 24 ORE
803.14,ALTRA FRATTURA CHIUSA DEL CRANIO CON LACERAZIONE E CONTUSIONE CEREBRALE CON PERDITA DI COSCIENZA DI DURATA SUPERIORE A 24 ORE E RITORNO ALLO STATO DI COSCIENZA PREESISTENTE
803.15,ALTRA FRATTURA CHIUSA DEL CRANIO CON LACERAZIONE E CONTUSIONE CEREBRALE CON PERDITA DI COSCIENZA DI DURATA SUPERIORE A 24 ORE SENZA RITORNO ALLO STATO DI COSCIENZA PREESISTENTE
803.16,ALTRA FRATTURA CHIUSA DEL CRANIO CON LACERAZIONE E CONTUSIONE CEREBRALE CON PERDITA DI COSCIENZA DI DURATA NON SPECIFICATA
803.19,"ALTRA FRATTURA CHIUSA DEL CRANIO CON LACERAZIONE E CONTUSIONE CEREBRALE,CON COMMOZIONE CEREBRALE,NON SPECIFICATA"
803.2,"ALTRA FRATTURA CHIUSE DEL CRANIO CON EMORRAGIA SUBARACNOIDEA, SUBDURALE ED EXTRADURALE"
803.20,"ALTRA FRATTURA CHIUSA DEL CRANIO CON EMORRAGIA SUBARACNOIDEA,SUBDURALE ED EXTRADURALE,STATO DI COSCIENZA NON SPECIFICATO"
803.21,"ALTRA FRATTURA CHIUSA DEL CRANIO CON EMORRAGIA SUBARACNOIDEA,SUBDURALE ED EXTRADURALE SENZA PERDITA DI COSCIENZA"
803.22,"ALTRA FRATTURA CHIUSA DEL CRANIO CON EMORRAGIA SUBARACNOIDEA,SUBDURALE ED EXTRADURALE CON PERDITA DI COSCIENZA DI DURATA INFERIORE A 1 ORA"
803.23,"ALTRA FRATTURA CHIUSA DEL CRANIO CON EMORRAGIA SUBARACNOIDEA,SUBDURALE ED EXTRADURALE CON PERDITA DI COSCIENZA DI DURATA COMPRESA TRA 1 E 24 ORE"
803.24,"ALTRA FRATTURA CHIUSA DEL CRANIO CON EMORRAGIA SUBARACNOIDEA,SUBDURALE ED EXTRADURALE CON PERDITA DI COSCIENZA DI DURATA SUPERIORE A 24 ORE E RITORNO ALLO STATO DI COSCIENZA PREESISTENTE"
803.25,"ALTRA FRATTURA CHIUSA DEL CRANIO CON EMORRAGIA SUBARACNOIDEA,SUBDURALE ED EXTRADURALE CON PERDITA DI COSCIENZA DI DURATA SUPERIORE A 24 ORE SENZA RITORNO ALLO STATO DI COSCIENZA PREESISTENTE"
803.26,"ALTRA FRATTURA CHIUSA DEL CRANIO CON EMORRAGIA SUBARACNOIDEA,SUBDURALE ED EXTRADURALE CON PERDITA DI COSCIENZA DI DURATA NON SPECIFICATA"
803.29,"ALTRA FRATTURA CHIUSA DEL CRANIO CON EMORRAGIA SUBARACNOIDEA,SUBDURALE ED EXTRADURALE,CON COMMOZIONE CEREBRALE,NON SPECIFICATA"
803.3,FRATTURA CHIUSA DEL CRANIO CON ALTRA E NON SPECIFICATA EMORRAGIA INTRACRANICA
803.30,"ALTRA FRATTURA CHIUSA DEL CRANIO CON ALTRA E NON SPECIFICATA EMORRAGIA INTRACRANICA,STATO DI COSCIENZA NON SPECIFICATO"
803.31,ALTRA FRATTURA CHIUSA DEL CRANIO CON ALTRA E NON SPECIFICATA EMORRAGIA INTRACRANICA SENZA PERDITA DI COSCIENZA
803.32,ALTRA FRATTURA CHIUSA DEL CRANIO CON ALTRA E NON SPECIFICATA EMORRAGIA INTRACRANICA CON PERDITA DI COSCIENZA DI DURATA INFERIORE A 1 ORA
803.33,ALTRA FRATTURA CHIUSA DEL CRANIO CON ALTRA E NON SPECIFICATA EMORRAGIA INTRACRANICA CON PERDITA DI COSCIENZA DI DURATA COMPRESA TRA 1 E 24 ORE
803.34,ALTRA FRATTURA CHIUSA DEL CRANIO CON ALTRA E NON SPECIFICATA EMORRAGIA INTRACRANICA CON PERDITA DI COSCIENZA DI DURATA SUPERIORE A 24 ORE E RITORNO ALLO STATO DI COSCIENZA PREESISTENTE
803.35,ALTRA FRATTURA CHIUSA DEL CRANIO CON ALTRA E NON SPECIFICATA EMORRAGIA INTRACRANICA CON PERDITA DI COSCIENZA SUPERIORE A 24 ORE SENZA RITORNO ALLO STATO DI COSCIENZA PREESISTENTE
803.36,ALTRA FRATTURA CHIUSA DEL CRANIO CON ALTRA E NON SPECIFICATA EMORRAGIA INTRACRANICA CON PERDITA DI COSCIENZA DI DURATA NON SPECIFICATA
803.39,"ALTRA FRATTURA CHIUSA DEL CRANIO CON ALTRA E NON SPECIFICATA EMORRAGIA INTRACRANICA,CON COMMOZIONE CEREBRALE,NON SPECIFICATA"
803.4,FRATTURA CHIUSA DEL CRANIO CON TRAUMATISMO INTRACRANICO DI ALTRA E NON SPECIFICATA NATURA
803.40,"ALTRA FRATTURA CHIUSA DEL CRANIO CON TRAUMATISMO INTRACRANICO DI ALTRA E NON SPECIFICATA NATURA,STATO DI COSCIENZA NON SPECIFICATO"
803.41,ALTRA FRATTURA CHIUSA DEL CRANIO CON TRAUMATISMO INTRACRANICO DI ALTRA E NON SPECIFICATA NATURA SENZA PERDITA DI COSCIENZA
803.42,ALTRA FRATTURA CHIUSA DEL CRANIO CON TRAUMATISMO INTRACRANICO DI ALTRA E NON SPECIFICATA NATURA CON PERDITA DI COSCIENZA DI DURATA INFERIORE A 1 ORA
803.43,ALTRA FRATTURA CHIUSA DEL CRANIO CON TRAUMATISMO INTRACRANICO DI ALTRA E NON SPECIFICATA NATURA CON PERDITA DI COSCIENZA DI DURATA COMPRESA TRA 1 E 24 ORE
803.44,ALTRA FRATTURA CHIUSA DEL CRANIO CON TRAUMATISMO INTRACRANICO DI ALTRA E NON SPECIFICATA NATURA CON PERDITA DI COSCIENZA DI DURATA SUPERIORE A 24 ORE E RITORNO ALLO STATO DI COSCIENZA PREESISTENTE
803.45,FRATTURA CHIUSA DI ALTRA PARTE DEL CRANIO CON TRAUMATISMO INTRACRANICO DI ALTRA E NON SPECIFICATA NATURA CON PERDITA DI COSCIENZA DI DURATA SUPERIORE A 24 ORE SENZA RITORNO ALLO STATO DI COSCIENZA PREESISTENTE
803.46,FRATTURA CHIUSA DI ALTRA PARTE DEL CRANIO CON TRAUMATISMO INTRACRANICO DI ALTRA E NON SPECIFICATA NATURA CON PERDITA DI COSCIENZA DI DURATA NON SPECIFICATA
803.49,"FRATTURA CHIUSA DI ALTRA PARTE DEL CRANIO CON TRAUMATISMO INTRACRANICO DI ALTRA E NON SPECIFICATA NATURA,CON COMMOZIONE CEREBRALE,NON SPECIFICATA"
803.5,ALTRA FRATTURA ESPOSTA DEL CRANIO SENZA MENZIONE DI TRAUMATISMO INTRACRANICO
803.50,"ALTRA FRATTURA ESPOSTA DEL CRANIO SENZA MENZIONE DI TRAUMATISMO INTRACRANICO,STATO DI COSCIENZA NON SPECIFICATO"
803.51,ALTRA FRATTURA ESPOSTA DEL CRANIO SENZA MENZIONE DI TRAUMATISMO INTRACRANICO SENZA PERDITA DI COSCIENZA
803.52,ALTRA FRATTURA ESPOSTA DEL CRANIO SENZA MENZIONE DI TRAUMATISMO INTRACRANICO CON PERDITA DI COSCIENZA DI DURATA INFERIORE A 1 ORA
803.53,ALTRA FRATTURA ESPOSTA DEL CRANIO SENZA MENZIONE DI TRAUMATISMO INTRACRANICO CON PERDITA DI COSCIENZA DI DURATA COMPRESA TRA 1 E 24 ORE
803.54,ALTRA FRATTURA ESPOSTA DEL CRANIO SENZA MENZIONE DI TRAUMATISMO INTRACRANICO CON PERDITA DI COSCIENZA DI DURATA SUPERIORE A 24 ORE E RITORNO ALLO STATO DI COSCIENZA PREESISTENTE
803.55,ALTRA FRATTURA ESPOSTA DEL CRANIO SENZA MENZIONE DI TRAUMATISMO INTRACRANICO CON PERDITA DI COSCIENZA DI DURATA SUPERIORE A 24 ORE SENZA RITORNO ALLO STATO DI COSCIENZA PREESISTENTE
803.56,ALTRA FRATTURA ESPOSTA DEL CRANIO SENZA MENZIONE DI TRAUMATISMO INTRACRANICO CON PERDITA DI COSCIENZA DI DURATA NON SPECIFICATA
803.59,"ALTRA FRATTURA ESPOSTA DEL CRANIO SENZA MENZIONE DI TRAUMATISMO INTRACRANICO,CON COMMOZIONE CEREBRALE,NON SPECIFICATA"
803.6,ALTRA FRATTURA ESPOSTA DEL CRANIO CON LACERAZIONE E CONTUSIONE CEREBRALE
803.60,"ALTRA FRATTURA ESPOSTA DEL CRANIO CON LACERAZIONE E CONTUSIONE CEREBRALE,STATO DI COSCIENZA NON SPECIFICATO"
803.61,ALTRA FRATTURA ESPOSTA DEL CRANIO CON LACERAZIONE E CONTUSIONE CEREBRALE SENZA PERDITA DI COSCIENZA
803.62,ALTRA FRATTURA ESPOSTA DEL CRANIO CON LACERAZIONE E CONTUSIONE CEREBRALE CON PERDITA DI COSCIENZA DI DURATA INFERIORE A 1 ORA
803.63,ALTRA FRATTURA ESPOSTA DEL CRANIO CON LACERAZIONE E CONTUSIONE CEREBRALE CON PERDITA DI COSCIENZA DI DURATA COMPRESA TRA 1 E 24 ORE
803.64,ALTRA FRATTURA ESPOSTA DEL CRANIO CON LACERAZIONE E CONTUSIONE CEREBRALE CON PERDITA DI COSCIENZA DI DURATA SUPERIORE A 24 ORE E RITORNO ALLO STATO DI COSCIENZA PREESISTENTE
803.65,ALTRA FRATTURA ESPOSTA DEL CRANIO CON LACERAZIONE E CONTUSIONE CEREBRALE CON PERDITA DI COSCIENZA DI DURATA SUPERIORE A 24 ORE SENZA RITORNO ALLO STATO DI COSCIENZA PREESISTENTE
803.66,ALTRA FRATTURA ESPOSTA DEL CRANIO CON LACERAZIONE E CONTUSIONE CEREBRALE CON PERDITA DI COSCIENZA DI DURATA NON SPECIFICATA
803.69,"ALTRA FRATTURA ESPOSTA DEL CRANIO CON LACERAZIONE E CONTUSIONE CEREBRALE,CON COMMOZIONE CEREBRALE,NON SPECIFICATA"
803.7,"ALTRA FRATTURA ESPOSTA DEL CRANIO CON EMORRAGIA SUBARACNOIDEA, SUBDURALE ED EXTRADURALE"
803.70,"ALTRA FRATTURA ESPOSTA DEL CRANIO CON EMORRAGIA SUBARACNOIDEA,SUBDURALE ED EXTRADURALE,STATO DI COSCIENZA NON SPECIFICATO"
803.71,"ALTRA FRATTURA ESPOSTA DEL CRANIO CON EMORRAGIA SUBARACNOIDEA,SUBDURALE ED EXTRADURALE SENZA PERDITA DI COSCIENZA"
803.72,"ALTRA FRATTURA ESPOSTA DEL CRANIO CON EMORRAGIA SUBARACNOIDEA,SUBDURALE ED EXTRADURALE CON PERDITA DI COSCIENZA DI DURATA INFERIORE A 1 ORA"
803.73,"ALTRA FRATTURA ESPOSTA DEL CRANIO CON EMORRAGIA SUBARACNOIDEA,SUBDURALE ED EXTRADURALE CON PERDITA DI COSCIENZA DI DURATA COMPRESA TRA 1 E 24 ORE"
803.74,"ALTRA FRATTURA ESPOSTA DEL CRANIO CON EMORRAGIA SUBARACNOIDEA,SUBDURALE ED EXTRADURALE CON PERDITA DI COSCIENZA DI DURATA SUPERIORE A 24 ORE E RITORNO ALLO STATO DI COSCIENZA PREESISTENTE"
803.75,"ALTRA FRATTURA ESPOSTA DEL CRANIO CON EMORRAGIA SUBARACNOIDEA,SUBDURALE ED EXTRADURALE CON PERDITA DI COSCIENZA DI DURATA SUPERIORE A 24 ORE SENZA RITORNO ALLO STATO DI COSCIENZA PREESISTENTE"
803.76,"ALTRA FRATTURA ESPOSTA DEL CRANIO CON EMORRAGIA SUBARACNOIDEA,SUBDURALE ED EXTRADURALE CON PERDITA DI COSCIENZA DI DURATA NON SPECIFICATA"
803.79,"ALTRA FRATTURA ESPOSTA DEL CRANIO CON EMORRAGIA SUBARACNOIDEA,SUBDURALE ED EXTRADURALE,CON COMMOZIONE CEREBRALE,NON SPECIFICATA"
803.8,ALTRA FRATTURA ESPOSTA DEL CRANIO CON ALTRA E NON SPECIFICATA EMORRAGIA INTRACRANICA
803.80,"ALTRA FRATTURA ESPOSTA DEL CRANIO CON ALTRA E NON SPECIFICATA EMORRAGIA INTRACRANICA,STATO DI COSCIENZA NON SPECIFICATO"
803.81,ALTRA FRATTURA ESPOSTA DEL CRANIO CON ALTRA E NON SPECIFICATA EMORRAGIA INTRACRANICA SENZA PERDITA DI COSCIENZA
803.82,ALTRA FRATTURA ESPOSTA DEL CRANIO CON ALTRA E NON SPECIFICATA EMORRAGIA INTRACRANICA CON PERDITA DI COSCIENZA DI DURATA INFERIORE A 1 ORA
803.83,ALTRA FRATTURA ESPOSTA DEL CRANIO CON ALTRA E NON SPECIFICATA EMORRAGIA INTRACRANICA CON PERDITA DI COSCIENZA DI DURATA COMPRESA TRA 1 E 24 ORE
803.84,ALTRA FRATTURA ESPOSTA DEL CRANIO CON ALTRA E NON SPECIFICATA EMORRAGIA INTRACRANICA CON PERDITA DI COSCIENZA DI DURATA SUPERIORE A 24 ORE E RITORNO ALLO STATO DI COSCIENZA PREESISTENTE
803.85,ALTRA FRATTURA ESPOSTA DEL CRANIO CON ALTRA E NON SPECIFICATA EMORRAGIA INTRACRANICA CON PERDITA DI COSCIENZA DI DURATA SUPERIORE A 24 ORE SENZA RITORNO ALLO STATO DI COSCIENZA PREESISTENTE
803.86,ALTRA FRATTURA ESPOSTA DEL CRANIO CON ALTRA E NON SPECIFICATA EMORRAGIA INTRACRANICA CON PERDITA DI COSCIENZA DI DURATA NON SPECIFICATA
803.89,"ALTRA FRATTURA ESPOSTA DEL CRANIO CON ALTRA E NON SPECIFICATA EMORRAGIA INTRACRANICA,CON COMMOZIONE CEREBRALE,NON SPECIFICATA"
803.9,ALTRA FRATTURA ESPOSTA DEL CRANIO CON TRAUMATISMO INTRACRANICO DI ALTRA E NON SPECIFICATA NATURA
803.90,"ALTRA FRATTURA ESPOSTA DEL CRANIO CON TRAUMATISMO INTRACRANICO DI ALTRA E NON SPECIFICATA NATURA,STATO DI COSCIENZA NON SPECIFICATO"
803.91,ALTRA FRATTURA ESPOSTA DEL CRANIO CON TRAUMATISMO INTRACRANICO DI ALTRA E NON SPECIFICATA NATURA SENZA PERDITA DI COSCIENZA
803.92,ALTRA FRATTURA ESPOSTA DEL CRANIO CON TRAUMATISMO INTRACRANICO DI ALTRA E NON SPECIFICATA NATURA CON PERDITA DI COSCIENZA DI DURATA INFERIORE A 1 ORA
803.93,ALTRA FRATTURA ESPOSTA DEL CRANIO CON TRAUMATISMO INTRACRANICO DI ALTRA E NON SPECIFICATA NATURA CON PERDITA DI COSCIENZA DI DURATA COMPRESA TRA 1 E 24 ORE
803.94,ALTRA FRATTURA ESPOSTA DEL CRANIO CON TRAUMATISMO INTRACRANICO DI ALTRA E NON SPECIFICATA NATURA CON PERDITA DI COSCIENZA DI DURATA SUPERIORE A 24 ORE E RITORNO ALLO STATO DI COSCIENZA PREESISTENTE
803.95,ALTRA FRATTURA ESPOSTA DEL CRANIO CON TRAUMATISMO INTRACRANICO DI ALTRA E NON SPECIFICATA NATURA CON PERDITA DI COSCIENZA DI DURATA SUPERIORE A 24 ORE SENZA RITORNO ALLO STATO DI COSCIENZA PREESISTENTE
803.96,ALTRA FRATTURA ESPOSTA DEL CRANIO CON TRAUMATISMO INTRACRANICO DI ALTRA E NON SPECIFICATA NATURA CON PERDITA DI COSCIENZA DI DURATA NON SPECIFICATA
803.99,"ALTRA FRATTURA ESPOSTA DEL CRANIO CON TRAUMATISMO INTRACRANICO DI ALTRA E NON SPECIFICATA NATURA,CON COMMOZIONE CEREBRALE,NON SPECIFICATA"
804,FRATTURE MULTIPLE RELATIVE AL CRANIO O ALLA FACCIA UNITAMENTE CON ALTRE OSSA
804.0,"FRATTURE CHIUSE RELATIVE AL CRANIO O ALLA FACCIA UNITAMENTE CON ALTRE OSSA, SENZA MENZIONE DI TRAUMATISMO INTRACRANICO"
804.00,"FRATTURE CHIUSE RELATIVE AL CRANIO O ALLA FACCIA UNITAMENTE CON ALTRE OSSA,SENZA MENZIONE DI TRAUMATISMO INTRACRANICO,STATO DI COSCIENZA NON SPECIFICATO"
804.01,"FRATTURE CHIUSE RELATIVE AL CRANIO O ALLA FACCIA UNITAMENTE CON ALTRE OSSA,SENZA MENZIONE DI TRAUMATISMO INTRACRANICO,SENZA PERDITA DI COSCIENZA"
804.02,"FRATTURE CHIUSE RELATIVE AL CRANIO O ALLA FACCIA UNITAMENTE CON ALTRE OSSA,SENZA MENZIONE DI TRAUMATISMO INTRACRANICO,CON PERDITA DI COSCIENZA DI DURATA INFERIORE A 1 ORA"
804.03,"FRATTURE CHIUSE RELATIVE AL CRANIO O ALLA FACCIA UNITAMENTE CON ALTRE OSSA,SENZA MENZIONE DI TRAUMATISMO INTRACRANICO,CON PERDITA DI COSCIENZA DI DURATA COMPRESA TRA 1 E 24 ORE"
804.04,"FRATTURE CHIUSE RELATIVE AL CRANIO O ALLA FACCIA UNITAMENTE CON ALTRE OSSA,SENZA MENZIONE DI TRAUMATISMO INTRACRANICO,CON PERDITA DI COSCIENZA DI DURATA SUPERIORE A 24 ORE E RITORNO ALLO STATO DI COSCIENZA PREESISTENTE"
804.05,"FRATTURE CHIUSE RELATIVE AL CRANIO O ALLA FACCIA UNITAMENTE CON ALTRE OSSA,SENZA MENZIONE DI TRAUMATISMO INTRACRANICO,CON PERDITA DI COSCIENZA DI DURATA SUPERIORE A 24 ORE SENZA RITORNO ALLO STATO DI COSCIENZA PREESISTENTE"
804.06,"FRATTURE CHIUSE RELATIVE AL CRANIO O ALLA FACCIA UNITAMENTE CON ALTRE OSSA,SENZA MENZIONE DI TRAUMATISMO INTRACRANICO,CON PERDITA DI COSCIENZA DI DURATA NON SPECIFICATA"
804.09,"FRATTURE CHIUSE RELATIVE AL CRANIO O ALLA FACCIA UNITAMENTE CON ALTRE OSSA,SENZA MENZIONE DI TRAUMATISMO INTRACRANICO,CON COMMOZIONE CEREBRALE,NON SPECIFICATA"
804.1,"FRATTURE CHIUSE RELATIVE AL CRANIO O ALLA FACCIA UNITAMENTE CON ALTRE OSSA, CON LACERAZIONE E CONTUSIONE CEREBRALE"
804.10,"FRATTURE CHIUSE RELATIVE AL CRANIO O ALLA FACCIA UNITAMENTE CON ALTRE OSSA,CON LACERAZIONE E CONTUSIONE CEREBRALE,STATO DI COSCIENZA NON SPECIFICATO"
804.11,"FRATTURE CHIUSE RELATIVE AL CRANIO O ALLA FACCIA UNITAMENTE CON ALTRE OSSA,CON LACERAZIONE E CONTUSIONE CEREBRALE,SENZA PERDITA DI COSCIENZA"
804.12,"FRATTURE CHIUSE RELATIVE AL CRANIO O ALLA FACCIA UNITAMENTE CON ALTRE OSSA,CON LACERAZIONE E CONTUSIONE CEREBRALE,CON PERDITA DI COSCIENZA DI DURATA INFERIORE A 1 ORA"
804.13,"FRATTURE CHIUSE RELATIVE AL CRANIO O ALLA FACCIA UNITAMENTE CON ALTRE OSSA,CON LACERAZIONE E CONTUSIONE CEREBRALE,CON PERDITA DI COSCIENZA DI DURATA COMPRESA TRA 1 E 24 ORE"
804.14,"FRATTURE CHIUSE RELATIVE AL CRANIO O ALLA FACCIA UNITAMENTE CON ALTRE OSSA,CON LACERAZIONE E CONTUSIONE CEREBRALE,CON PERDITA DI COSCIENZA DI DURATA SUPERIORE A 24 ORE E RITORNO ALLO STATO DI COSCIENZA PREESISTENTE"
804.15,"FRATTURE CHIUSE RELATIVE AL CRANIO O ALLA FACCIA UNITAMENTE CON ALTRE OSSA,CON LACERAZIONE E CONTUSIONE CEREBRALE,CON PERDITA DI COSCIENZA DI DURATA SUPERIORE A 24 ORE SENZA RITORNO ALLO STATO DI COSCIENZA PREESISTENTE"
804.16,"FRATTURE CHIUSE RELATIVE AL CRANIO O ALLA FACCIA UNITAMENTE CON ALTRE OSSA,CON LACERAZIONE E CONTUSIONE CEREBRALE,CON PERDITA DI COSCIENZA DI DURATA NON SPECIFICATA"
804.19,"FRATTURE CHIUSE RELATIVE AL CRANIO O ALLA FACCIA UNITAMENTE CON ALTRE OSSA,CON LACERAZIONE E CONTUSIONE CEREBRALE,CON COMMOZIONE CEREBRALE,NON SPECIFICATA"
804.2,"FRATTURE CHIUSE RELATIVE AL CRANIO O ALLA FACCIA UNITAMENTE CON ALTRE OSSA, CON EMORRAGIA SUBARACNOIDEA, SUBDURALE E EXTRADURALE"
804.20,"FRATTURE CHIUSE RELATIVE AL CRANIO O ALLA FACCIA UNITAMENTE CON ALTRE OSSA,CON EMORRAGIA SUBARACNOIDEA,SUBDURALE E EXTRADURALE,STATO DI COSCIENZA NON SPECIFICATO"
804.21,"FRATTURE CHIUSE RELATIVE AL CRANIO O ALLA FACCIA UNITAMENTE CON ALTRE OSSA,CON EMORRAGIA SUBARACNOIDEA,SUBDURALE E EXTRADURALE,SENZA PERDITA DI COSCIENZA"
804.22,"FRATTURE CHIUSE RELATIVE AL CRANIO O ALLA FACCIA UNITAMENTE CON ALTRE OSSA,CON EMORRAGIA SUBARACNOIDEA,SUBDURALE E EXTRADURALE,CON PERDITA DI COSCIENZA DI DURATA INFERIORE A 1 ORA"
804.23,"FRATTURE CHIUSE RELATIVE AL CRANIO O ALLA FACCIA UNITAMENTE CON ALTRE OSSA,CON EMORRAGIA SUBARACNOIDEA,SUBDURALE E EXTRADURALE,CON PERDITA DI COSCIENZA DI DURATA COMPRESA TRA 1 E 24 ORE"
804.24,"FRATTURE CHIUSE RELATIVE AL CRANIO O ALLA FACCIA UNITAMENTE CON ALTRE OSSA,CON EMORRAGIA SUBARACNOIDEA,SUBDURALE E EXTRADURALE,CON PERDITA DI COSCIENZA DI DURATA SUPERIORE A 24 ORE E RITORNO ALLO STATO DI COSCIENZA PREESISTENTE"
804.25,"FRATTURE CHIUSE RELATIVE AL CRANIO O ALLA FACCIA UNITAMENTE CON ALTRE OSSA,CON EMORRAGIA SUBARACNOIDEA,SUBDURALE E EXTRADURALE,CON PERDITA DI COSCIENZA DI DURATA SUPERIORE A 24 ORE SENZA RITORNO ALLO STATO DI COSCIENZA PREESISTENTE"
804.26,"FRATTURE CHIUSE RELATIVE AL CRANIO O ALLA FACCIA UNITAMENTE CON ALTRE OSSA,CON EMORRAGIA SUBARACNOIDEA,SUBDURALE E EXTRADURALE,CON PERDITA DI COSCIENZA DI DURATA NON SPECIFICATA"
804.29,"FRATTURE CHIUSE RELATIVE AL CRANIO O ALLA FACCIA UNITAMENTE CON ALTRE OSSA,CON EMORRAGIA SUBARACNOIDEA,SUBDURALE E EXTRADURALE,CON COMMOZIONE CEREBRALE,NON SPECIFICATA"
804.3,"FRATTURE CHIUSE RELATIVE AL CRANIO O ALLA FACCIA UNITAMENTE CON ALTRE OSSA, CON ALTRA E NON SPECIFICATA EMORRAGIA INTRACRANICA"
804.30,"FRATTURE CHIUSE RELATIVE AL CRANIO O ALLA FACCIA UNITAMENTE CON ALTRE OSSA,CON ALTRA E NON SPECIFICATA EMORRAGIA INTRACRANICA,STATO DI COSCIENZA NON SPECIFICATO"
804.31,"FRATTURE CHIUSE RELATIVE AL CRANIO O ALLA FACCIA UNITAMENTE CON ALTRE OSSA,CON ALTRA E NON SPECIFICATA EMORRAGIA INTRACRANICA,SENZA PERDITA DI COSCIENZA"
804.32,"FRATTURE CHIUSE RELATIVE AL CRANIO O ALLA FACCIA UNITAMENTE CON ALTRE OSSA,CON ALTRA E NON SPECIFICATA EMORRAGIA INTRACRANICA,CON PERDITA DI COSCIENZA DI DURATA INFERIORE A 1 ORA"
804.33,"FRATTURE CHIUSE RELATIVE AL CRANIO O ALLA FACCIA UNITAMENTE CON ALTRE OSSA,CON ALTRA E NON SPECIFICATA EMORRAGIA INTRACRANICA,CON PERDITA DI COSCIENZA DI DURATA COMPRESA TRA 1 E 24 ORE"
804.34,"FRATTURE CHIUSE RELATIVE AL CRANIO O ALLA FACCIA UNITAMENTE CON ALTRE OSSA,CON ALTRA E NON SPECIFICATA EMORRAGIA INTRACRANICA,CON PERDITA DI COSCIENZA DI DURATA SUPERIORE A 24 ORE E RITORNO ALLO STATO DI COSCIENZA PREESISTENTE"
804.35,"FRATTURE CHIUSE RELATIVE AL CRANIO O ALLA FACCIA UNITAMENTE CON ALTRE OSSA,CON ALTRA E NON SPECIFICATA EMORRAGIA INTRACRANICA,CON PERDITA DI COSCIENZA DI DURATA SUPERIORE A 24 ORE SENZA RITORNO ALLO STATO DI COSCIENZA PREESISTENTE"
804.36,"FRATTURE CHIUSE RELATIVE AL CRANIO O ALLA FACCIA UNITAMENTE CON ALTRE OSSA,CON ALTRA E NON SPECIFICATA EMORRAGIA INTRACRANICA,CON PERDITA DI COSCIENZA DI DURATA NON SPECIFICATA"
804.39,"FRATTURE CHIUSE RELATIVE AL CRANIO O ALLA FACCIA UNITAMENTE CON ALTRE OSSA,CON ALTRA E NON SPECIFICATA EMORRAGIA INTRACRANICA,CON COMMOZIONE CEREBRALE,NON SPECIFICATA"
804.4,"FRATTURE CHIUSE RELATIVE AL CRANIO O ALLA FACCIA UNITAMENTE CON ALTRE OSSA, CON TRAUMATISMO INTRACRANICO DI ALTRA E NON SPECIFICATA NATURA"
804.40,"FRATTURE CHIUSE RELATIVE AL CRANIO O ALLA FACCIA UNITAMENTE CON ALTRE OSSA,CON TRAUMATISMO INTRACRANICO DI ALTRA E NON SPECIFICATA NATURA,STATO DI COSCIENZA NON SPECIFICATO"
804.41,"FRATTURE CHIUSE RELATIVE AL CRANIO O ALLA FACCIA UNITAMENTE CON ALTRE OSSA,CON TRAUMATISMO INTRACRANICO DI ALTRA E NON SPECIFICATA NATURA,SENZA PERDITA DI COSCIENZA"
804.42,"FRATTURE CHIUSE RELATIVE AL CRANIO O ALLA FACCIA UNITAMENTE CON ALTRE OSSA,CON TRAUMATISMO INTRACRANICO DI ALTRA E NON SPECIFICATA NATURA,CON PERDITA DI COSCIENZA DI DURATA INFERIORE A 1 ORA"
804.43,"FRATTURE CHIUSE RELATIVE AL CRANIO O ALLA FACCIA UNITAMENTE CON ALTRE OSSA,CON TRAUMATISMO INTRACRANICO DI ALTRA E NON SPECIFICATA NATURA,CON PERDITA DI COSCIENZA DI DURATA COMPRESA TRA 1 E 24 ORE"
804.44,"FRATTURE CHIUSE RELATIVE AL CRANIO O ALLA FACCIA UNITAMENTE CON ALTRE OSSA,CON TRAUMATISMO INTRACRANICO DI ALTRA E NON SPECIFICATA NATURA,CON PERDITA DI COSCIENZA DI DURATA SUPERIORE A 24 ORE E RITORNO ALLO STATO DI COSCIENZA PREESISTENTE"
804.45,"FRATTURE CHIUSE RELATIVE AL CRANIO O ALLA FACCIA UNITAMENTE CON ALTRE OSSA,CON TRAUMATISMO INTRACRANICO DI ALTRA E NON SPECIFICATA NATURA,CON PERDITA DI COSCIENZA DI DURATA SUPERIORE A 24 ORE SENZA RITORNO ALLO STATO DI COSCIENZA PREESISTENTE"
804.46,"FRATTURE CHIUSE RELATIVE AL CRANIO O ALLA FACCIA UNITAMENTE CON ALTRE OSSA,CON TRAUMATISMO INTRACRANICO DI ALTRA E NON SPECIFICATA NATURA,CON PERDITA DI COSCIENZA DI DURATA NON SPECIFICATA"
804.49,"FRATTURE CHIUSE RELATIVE AL CRANIO O ALLA FACCIA UNITAMENTE CON ALTRE OSSA,CON TRAUMATISMO INTRACRANICO DI ALTRA E NON SPECIFICATA NATURA,CON COMMOZIONE CEREBRALE,NON SPECIFICATA"
804.5,"FRATTURE ESPOSTE RELATIVE AL CRANIO O ALLA FACCIA UNITAMENTE CON ALTRE OSSA, SENZA MENZIONE DI TRAUMATISMO INTRACRANICO"
804.50,"FRATTURE ESPOSTE RELATIVE AL CRANIO O ALLA FACCIA UNITAMENTE CON ALTRE OSSA,SENZA MENZIONE DI TRAUMATISMO INTRACRANICO,STATO DI COSCIENZA NON SPECIFICATO"
804.51,"FRATTURE ESPOSTE RELATIVE AL CRANIO O ALLA FACCIA UNITAMENTE CON ALTRE OSSA,SENZA MENZIONE DI TRAUMATISMO INTRACRANICO,SENZA PERDITA DI COSCIENZA"
804.52,"FRATTURE ESPOSTE RELATIVE AL CRANIO O ALLA FACCIA UNITAMENTE CON ALTRE OSSA,SENZA MENZIONE DI TRAUMATISMO INTRACRANICO,CON PERDITA DI COSCIENZA DI DURATA INFERIORE A 1 ORA"
804.53,"FRATTURE ESPOSTE RELATIVE AL CRANIO O ALLA FACCIA UNITAMENTE CON ALTRE OSSA,SENZA MENZIONE DI TRAUMATISMO INTRACRANICO,CON PERDITA DI COSCIENZA DI DURATA COMPRESA TRA 1 E 24 ORE"
804.54,"FRATTURE ESPOSTE RELATIVE AL CRANIO O ALLA FACCIA UNITAMENTE CON ALTRE OSSA,SENZA MENZIONE DI TRAUMATISMO INTRACRANICO,CON PERDITA DI COSCIENZA DI DURATA SUPERIORE A 24 ORE E RITORNO ALLO STATO DI COSCIENZA PREESISTENTE"
804.55,"FRATTURE ESPOSTE RELATIVE AL CRANIO O ALLA FACCIA UNITAMENTE CON ALTRE OSSA,SENZA MENZIONE DI TRAUMATISMO INTRACRANICO,CON PERDITA DI COSCIENZA DI DURATA SUPERIORE A 24 ORE SENZA RITORNO ALLO STATO DI COSCIENZA PREESISTENTE"
804.56,"FRATTURE ESPOSTE RELATIVE AL CRANIO O ALLA FACCIA UNITAMENTE CON ALTRE OSSA,SENZA MENZIONE DI TRAUMATISMO INTRACRANICO,CON PERDITA DI COSCIENZA DI DURATA NON SPECIFICATA"
804.59,"FRATTURE ESPOSTE RELATIVE AL CRANIO O ALLA FACCIA UNITAMENTE CON ALTRE OSSA,SENZA MENZIONE DI TRAUMATISMO INTRACRANICO,CON COMMOZIONE CEREBRALE,NON SPECIFICATA"
804.6,"FRATTURE ESPOSTE RELATIVE AL CRANIO O ALLA FACCIA UNITAMENTE CON ALTRE OSSA, CON LACERAZIONE E CONTUSIONE CEREBRALE"
804.60,"FRATTURE ESPOSTE RELATIVE AL CRANIO O ALLA FACCIA UNITAMENTE CON ALTRE OSSA,CON LACERAZIONE E CONTUSIONE CEREBRALE,STATO DI COSCIENZA NON SPECIFICATO"
804.61,"FRATTURE ESPOSTE RELATIVE AL CRANIO O ALLA FACCIA UNITAMENTE CON ALTRE OSSA,CON LACERAZIONE E CONTUSIONE CEREBRALE,SENZA PERDITA DI COSCIENZA"
804.62,"FRATTURE ESPOSTE RELATIVE AL CRANIO O ALLA FACCIA UNITAMENTE CON ALTRE OSSA,CON LACERAZIONE E CONTUSIONE CEREBRALE,CON PERDITA DI COSCIENZA DI DURATA INFERIORE A 1 ORA"
804.63,"FRATTURE ESPOSTE RELATIVE AL CRANIO O ALLA FACCIA UNITAMENTE CON ALTRE OSSA,CON LACERAZIONE E CONTUSIONE CEREBRALE,CON PERDITA DI COSCIENZA DI DURATA COMPRESA TRA 1 E 24 ORE"
804.64,"FRATTURE ESPOSTE RELATIVE AL CRANIO O ALLA FACCIA UNITAMENTE CON ALTRE OSSA,CON LACERAZIONE E CONTUSIONE CEREBRALE,CON PERDITA DI COSCIENZA DI DURATA SUPERIORE A 24 ORE E RITORNO ALLO STATO DI COSCIENZA PREESISTENTE"
804.65,"FRATTURE ESPOSTE RELATIVE AL CRANIO O ALLA FACCIA UNITAMENTE CON ALTRE OSSA,CON LACERAZIONE E CONTUSIONE CEREBRALE,CON PERDITA DI COSCIENZA DI DURATA SUPERIORE A 24 ORE SENZA RITORNO ALLO STATO DI COSCIENZA PREESISTENTE"
804.66,"FRATTURE ESPOSTE RELATIVE AL CRANIO O ALLA FACCIA UNITAMENTE CON ALTRE OSSA,CON LACERAZIONE E CONTUSIONE CEREBRALE,CON PERDITA DI COSCIENZA DI DURATA NON SPECIFICATA"
804.69,"FRATTURE ESPOSTE RELATIVE AL CRANIO O ALLA FACCIA UNITAMENTE CON ALTRE OSSA,CON LACERAZIONE E CONTUSIONE CEREBRALE,CON COMMOZIONE CEREBRALE,NON SPECIFICATA"
804.7,"FRATTURE ESPOSTE RELATIVE AL CRANIO O ALLA FACCIA UNITAMENTE CON ALTRE OSSA, CON EMORRAGIA SUBARACNOIDEA, SUBDURALE ED EXTRADURALE"
804.70,"FRATTURE ESPOSTE RELATIVE AL CRANIO O ALLA FACCIA UNITAMENTE CON ALTRE OSSA,CON EMORRAGIA SUBARACNOIDEA,SUBDURALE ED EXTRADURALE,STATO DI COSCIENZA NON SPECIFICATO"
804.71,"FRATTURE ESPOSTE RELATIVE AL CRANIO O ALLA FACCIA UNITAMENTE CON ALTRE OSSA,CON EMORRAGIA SUBARACNOIDEA,SUBDURALE ED EXTRADURALE,SENZA PERDITA DI COSCIENZA"
804.72,"FRATTURE ESPOSTE RELATIVE AL CRANIO O ALLA FACCIA UNITAMENTE CON ALTRE OSSA,CON EMORRAGIA SUBARACNOIDEA,SUBDURALE ED EXTRADURALE,CON PERDITA DI COSCIENZA DI DURATA INFERIORE A 1 ORA"
804.73,"FRATTURE ESPOSTE RELATIVE AL CRANIO O ALLA FACCIA UNITAMENTE CON ALTRE OSSA,CON EMORRAGIA SUBARACNOIDEA,SUBDURALE ED EXTRADURALE,CON PERDITA DI COSCIENZA DI DURATA COMPRESA TRA 1 E 24 ORE"
804.74,"FRATTURE ESPOSTE RELATIVE AL CRANIO O ALLA FACCIA UNITAMENTE CON ALTRE OSSA,CON EMORRAGIA SUBARACNOIDEA,SUBDURALE ED EXTRADURALE,CON PERDITA DI COSCIENZA DI DURATA SUPERIORE A 24 ORE E RITORNO ALLO STATO DI COSCIENZA PREESISTENTE"
804.75,"FRATTURE ESPOSTE RELATIVE AL CRANIO O ALLA FACCIA UNITAMENTE CON ALTRE OSSA,CON EMORRAGIA SUBARACNOIDEA,SUBDURALE ED EXTRADURALE,CON PERDITA DI COSCIENZA DI DURATA SUPERIORE A 24 ORE SENZA RITORNO ALLO STATO DI COSCIENZA PREESISTENTE"
804.76,"FRATTURE ESPOSTE RELATIVE AL CRANIO O ALLA FACCIA UNITAMENTE CON ALTRE OSSA,CON EMORRAGIA SUBARACNOIDEA,SUBDURALE ED EXTRADURALE,CON PERDITA DI COSCIENZA DI DURATA NON SPECIFICATA"
804.79,"FRATTURE ESPOSTE RELATIVE AL CRANIO O ALLA FACCIA UNITAMENTE CON ALTRE OSSA,CON EMORRAGIA SUBARACNOIDEA,SUBDURALE ED EXTRADURALE,CON COMMOZIONE CEREBRALE,NON SPECIFICATA"
804.8,"FRATTURE ESPOSTE RELATIVE AL CRANIO O ALLA FACCIA UNITAMENTE CON ALTRE OSSA, CON ALTRA E NON SPECIFICATA EMORRAGIA INTRACRANICA"
804.80,"FRATTURE ESPOSTE RELATIVE AL CRANIO O ALLA FACCIA UNITAMENTE CON ALTRE OSSA,CON ALTRA E NON SPECIFICATA EMORRAGIA INTRACRANICA,STATO DI COSCIENZA NON SPECIFICATO"
804.81,"FRATTURE ESPOSTE RELATIVE AL CRANIO O ALLA FACCIA UNITAMENTE CON ALTRE OSSA,CON ALTRA E NON SPECIFICATA EMORRAGIA INTRACRANICA,SENZA PERDITA DI COSCIENZA"
804.82,"FRATTURE ESPOSTE RELATIVE AL CRANIO O ALLA FACCIA UNITAMENTE CON ALTRE OSSA,CON ALTRA E NON SPECIFICATA EMORRAGIA INTRACRANICA,CON PERDITA DI COSCIENZA DI DURATA INFERIORE A 1 ORA"
804.83,"FRATTURE ESPOSTE RELATIVE AL CRANIO O ALLA FACCIA UNITAMENTE CON ALTRE OSSA,CON ALTRA E NON SPECIFICATA EMORRAGIA INTRACRANICA,CON PERDITA DI COSCIENZA DI DURATA COMPRESA TRA 1 E 24 ORE"
804.84,"FRATTURE ESPOSTE RELATIVE AL CRANIO O ALLA FACCIA UNITAMENTE CON ALTRE OSSA,CON ALTRA E NON SPECIFICATA EMORRAGIA INTRACRANICA,CON PERDITA DI COSCIENZA DI DURATA SUPERIORE A 24 ORE E RITORNO ALLO STATO DI COSCIENZA PREESISTENTE"
804.85,"FRATTURE ESPOSTE RELATIVE AL CRANIO O ALLA FACCIA UNITAMENTE CON ALTRE OSSA,CON ALTRA E NON SPECIFICATA EMORRAGIA INTRACRANICA,CON PERDITA DI COSCIENZA DI DURATA SUPERIORE A 24 ORE SENZA RITORNO ALLO STATO DI COSCIENZA PREESISTENTE"
804.86,"FRATTURE ESPOSTE RELATIVE AL CRANIO O ALLA FACCIA UNITAMENTE CON ALTRE OSSA,CON ALTRA E NON SPECIFICATA EMORRAGIA INTRACRANICA,CON PERDITA DI COSCIENZA DI DURATA NON SPECIFICATA"
804.89,"FRATTURE ESPOSTE RELATIVE AL CRANIO O ALLA FACCIA UNITAMENTE CON ALTRE OSSA,CON ALTRA E NON SPECIFICATA EMORRAGIA INTRACRANICA,CON COMMOZIONE CEREBRALE,NON SPECIFICATA"
804.9,"FRATTURE ESPOSTE RELATIVE AL CRANIO O ALLA FACCIA UNITAMENTE CON ALTRE OSSA, CON TRAUMATISMO INTRACRANICO DI ALTRA E NON SPECIFICATA NATURA"
804.90,"FRATTURE ESPOSTE RELATIVE AL CRANIO O ALLA FACCIA UNITAMENTE CON ALTRE OSSA,CON TRAUMATISMO INTRACRANICO DI ALTRA E NON SPECIFICATA NATURA,STATO DI COSCIENZA NON SPECIFICATO"
804.91,"FRATTURE ESPOSTE RELATIVE AL CRANIO O ALLA FACCIA UNITAMENTE CON ALTRE OSSA,CON TRAUMATISMO INTRACRANICO DI ALTRA E NON SPECIFICATA NATURA,SENZA PERDITA DI COSCIENZA"
804.92,"FRATTURE ESPOSTE RELATIVE AL CRANIO O ALLA FACCIA UNITAMENTE CON ALTRE OSSA,CON TRAUMATISMO INTRACRANICO DI ALTRA E NON SPECIFICATA NATURA,CON PERDITA DI COSCIENZA DI DURATA INFERIORE A 1 ORA"
804.93,"FRATTURE ESPOSTE RELATIVE AL CRANIO O ALLA FACCIA UNITAMENTE CON ALTRE OSSA,CON TRAUMATISMO INTRACRANICO DI ALTRA E NON SPECIFICATA NATURA,CON PERDITA DI COSCIENZA DI DURATA COMPRESA TRA 1 E 24 ORE"
804.94,"FRATTURE ESPOSTE RELATIVE AL CRANIO O ALLA FACCIA UNITAMENTE CON ALTRE OSSA,CON TRAUMATISMO INTRACRANICO DI ALTRA E NON SPECIFICATA NATURA,CON PERDITA DI COSCIENZA DI DURATA SUPERIORE A 24 ORE E RITORNO ALLO STATO DI COSCIENZA PREESISTENTE"
804.95,"FRATTURE ESPOSTE RELATIVE AL CRANIO O ALLA FACCIA UNITAMENTE CON ALTRE OSSA,CON TRAUMATISMO INTRACRANICO DI ALTRA E NON SPECIFICATA NATURA,CON PERDITA DI COSCIENZA DI DURATA SUPERIORE A 24 ORE SENZA RITORNO ALLO STATO DI COSCIENZA PREESISTENTE"
804.96,"FRATTURE ESPOSTE RELATIVE AL CRANIO O ALLA FACCIA UNITAMENTE CON ALTRE OSSA,CON TRAUMATISMO INTRACRANICO DI ALTRA E NON SPECIFICATA NATURA,CON PERDITA DI COSCIENZA DI DURATA NON SPECIFICATA"
804.99,"FRATTURE ESPOSTE RELATIVE AL CRANIO O ALLA FACCIA UNITAMENTE CON ALTRE OSSA,CON TRAUMATISMO INTRACRANICO DI ALTRA E NON SPECIFICATA NATURA,CON COMMOZIONE CEREBRALE,NON SPECIFICATA"
805,FRATTURA DELLA COLONNA VERTEBRALE SENZA MENZIONE DI LESIONE DEL MIDOLLO SPINALE
805.0,FRATTURA CHIUSA DELLE VERTEBRE CERVICALI SENZA MENZIONE DI LESIONE DEL MIDOLLO SPINALE
805.00,"FRATTURA CHIUSA DELLE VERTEBRE CERVICALI,SEDE NON SPECIFICATA"
805.01,FRATTURA CHIUSA DELLA PRIMA VERTEBRA CERVICALE
805.02,FRATTURA CHIUSA DELLA SECONDA VERTEBRA CERVICALE
805.03,FRATTURA CHIUSA DELLA TERZA VERTEBRA CERVICALE
805.04,FRATTURA CHIUSA DELLA QUARTA VERTEBRA CERVICALE
805.05,FRATTURA CHIUSA DELLA QUINTA VERTEBRA CERVICALE
805.06,FRATTURA CHIUSA DELLA SESTA VERTEBRA CERVICALE
805.07,FRATTURA CHIUSA DELLA SETTIMA VERTEBRA CERVICALE
805.08,FRATTURA CHIUSA DI PIY VERTEBRE CERVICALI
805.1,FRATTURA ESPOSTA DI VERTEBRE CERVICALI SENZA MENZIONE DI LESIONE DEL MIDOLLO SPINALE
805.10,"FRATTURA ESPOSTA DELLE VERTEBRE CERVICALI,SEDE NON SPECIFICATA"
805.11,FRATTURA ESPOSTA DELLA PRIMA VERTEBRA CERVICALE
805.12,FRATTURA ESPOSTA DELLA SECONDA VERTEBRA CERVICALE
805.13,FRATTURA ESPOSTA DELLA TERZA VERTEBRA CERVICALE
805.14,FRATTURA ESPOSTA DELLA QUARTA VERTEBRA CERVICALE
805.15,FRATTURA ESPOSTA DELLA QUINTA VERTEBRA CERVICALE
805.16,FRATTURA ESPOSTA DELLA SESTA VERTEBRA CERVICALE
805.17,FRATTURA ESPOSTA DELLA SETTIMA VERTEBRA CERVICALE
805.18,FRATTURA ESPOSTA DI PIY VERTEBRE CERVICALI
805.2,FRATTURA CHIUSA DELLA COLONNA DORSALE (TORACICA) SENZA MENZIONE DI LESIONE DEL MIDOLLO SPINALE
805.3,FRATTURA ESPOSTA DELLA COLONNA DORSALE (TORACICA) SENZA MENZIONE DI LESIONE DEL MIDOLLO SPINALE
805.4,FRATTURA CHIUSA DELLE VERTEBRE LOMBARI SENZA MENZIONE DI LESIONE DEL MIDOLLO
805.5,FRATTURA ESPOSTA DELLE VERTEBRE LOMBARI SENZA MENZIONE DI LESIONE DEL MIDOLLO
805.6,FRATTURA CHIUSA DI SACRO E COCCIGE SENZA MENZIONE DI LESIONE DEL MIDOLLO
805.7,FRATTURA ESPOSTA DI SACRO E COCCIGE SENZA MENZIONE DI LESIONE DEL MIDOLLO
805.8,"FRATTURA CHIUSA DELLA COLONNA VERTEBRALE SENZA MENZIONE DI LESIONE DEL MIDOLLO,SEDE NON SPECIFICATA"
805.9,"FRATTURA ESPOSTA DELLA COLONNA VERTEBRALE SENZA MENZIONE DI LESIONE DEL MIDOLLO,SEDE NON SPECIFICATA"
806,FRATTURA DELLA COLONNA VERTEBRALE CON LESIONE DEL MIDOLLO SPINALE
806.0,FRATTURA CHIUSA DELLA COLONNA VERTEBRALE CON LESIONE DEL MIDOLLO SPINALE
806.00,FRATTURA CHIUSA DEL TRATTO C1-C4 CON LESIONE NON SPECIFICATA DEL MIDOLLO SPINALE
806.01,FRATTURA CHIUSA DEL TRATTO C1-C4 CON LESIONE COMPLETA DEL MIDOLLO
806.02,FRATTURA CHIUSA DEL TRATTO C1-C4 CON SINDROME MIDOLLARE ANTERIORE
806.03,FRATTURA CHIUSA DEL TRATTO C1-C4 CON SINDROME MIDOLLARE CENTRALE
806.04,FRATTURA CHIUSA DEL TRATTO C1-C4 CON ALTRA LESIONE SPECIFICATA DEL MIDOLLO
806.05,FRATTURA CHIUSA DEL TRATTO C5-C7 CON LESIONE NON SPECIFICATA DEL MIDOLLO SPINALE
806.06,FRATTURA CHIUSA DEL TRATTO C5-C7 CON LESIONE COMPLETA DEL MIDOLLO
806.07,FRATTURA CHIUSA DEL TRATTO C5-C7 CON SINDROME MIDOLLARE ANTERIORE
806.08,FRATTURA CHIUSA DEL TRATTO C5-C7 CON SINDROME MIDOLLARE CENTRALE
806.09,FRATTURA CHIUSA DEL TRATTO C5-C7 CON ALTRA LESIONE SPECIFICATA DEL MIDOLLO SPINALE
806.1,FRATTURA ESPOSTA DELLE VERTEBRE CERVICALI CON LESIONE DEL MIDOLLO SPINALE
806.10,FRATTURA ESPOSTA DEL TRATTO C1-C4 CON LESIONE NON SPECIFICATA DEL MIDOLLO SPINALE
806.11,FRATTURA ESPOSTA DEL TRATTO C1-C4 CON LESIONE COMPLETA DEL MIDOLLO SPINALE
806.12,FRATTURA ESPOSTA DEL TRATTO C1-C4 CON SINDROME MIDOLLARE ANTERIORE
806.13,FRATTURA ESPOSTA DEL TRATTO C1-C4 CON SINDROME MIDOLLARE CENTRALE
806.14,FRATTURA ESPOSTA DEL TRATTO C1-C4 CON ALTRA LESIONE SPECIFICATA DEL MIDOLLO
806.15,FRATTURA ESPOSTA DEL TRATTO C5-C7 CON LESIONE NON SPECIFICATA DEL MIDOLLO SPINALE
806.16,FRATTURA ESPOSTA DEL TRATTO C5-C7 CON LESIONE COMPLETA DEL MIDOLLO
806.17,FRATTURA ESPOSTA DEL TRATTO C5-C7 CON SINDROME MIDOLLARE ANTERIORE
806.18,FRATTURA ESPOSTA DEL TRATTO C5-C7 CON SINDROME MIDOLLARE CENTRALE
806.19,FRATTURA ESPOSTA DEL TRATTO C5-C7 CON ALTRA LESIONE SPECIFICATA DEL MIDOLLO SPINALE
806.2,FRATTURA CHIUSA DEL TRATTO DORSALE (TORACICO) DELLA COLONNA CON LESIONE DEL MIDOLLO SPINALE
806.20,FRATTURA CHIUSA DEL TRATTO T1-T6 CON LESIONE NON SPECIFICATA DEL MIDOLLO SPINALE
806.21,FRATTURA CHIUSA DEL TRATTO T1-T6 CON LESIONE COMPLETA DEL MIDOLLO
806.22,FRATTURA CHIUSA DEL TRATTO T1-T6 CON SINDROME MIDOLLARE ANTERIORE
806.23,FRATTURA CHIUSA DEL TRATTO T1-T6 CON SINDROME MIDOLLARE CENTRALE
806.24,FRATTURA CHIUSA DEL TRATTO T1-T6 CON ALTRA LESIONE SPECIFICATA DEL MIDOLLO
806.25,FRATTURA CHIUSA DEL TRATTO T7-T12 CON LESIONE NON SPECIFICATA DEL MIDOLLO SPINALE
806.26,FRATTURA CHIUSA DEL TRATTO T7-T12 CON LESIONE COMPLETA DEL MIDOLLO
806.27,FRATTURA CHIUSA DEL TRATTO T7-T12 CON SINDROME MIDOLLARE ANTERIORE
806.28,FRATTURA CHIUSA DEL TRATTO T7-T12 CON SINDROME MIDOLLARE CENTRALE
806.29,FRATTURA CHIUSA DEL TRATTO T7-T12 CON ALTRA LESIONE SPECIFICATA DEL MIDOLLO
806.3,FRATTURA ESPOSTA DEL TRATTO DORSALE (TORACICO) DELLA COLONNA VERTEBRALE CON LESIONE DEL MIDOLLO SPINALE
806.30,FRATTURA ESPOSTA DI T1-T6 CON LESIONE NON SPECIFICATA DEL MIDOLLO SPINALE
806.31,FRATTURA ESPOSTA DI T1-T6 CON LESIONE COMPLETA DEL MIDOLLO SPINALE
806.32,FRATTURA ESPOSTA DI T1-T6 CON SINDROME MIDOLLARE ANTERIORE
806.33,FRATTURA ESPOSTA DI T1-T6 CON SINDROME MIDOLLARE CENTRALE
806.34,FRATTURA ESPOSTA DI T1-T6 CON ALTRA LESIONE NON SPECIFICATA DEL MIDOLLO SPINALE
806.35,FRATTURA ESPOSTA DEL TRATTO T7- T12 CON LESIONE NON SPECIFICATA DEL MIDOLLO SPINALE
806.36,FRATTURA ESPOSTA DEL TRATTO T7- T12 CON LESIONE COMPLETA DEL MIDOLLO
806.37,FRATTURA ESPOSTA DEL TRATTO T7- T12 CON SINDROME MIDOLLARE ANTERIORE
806.38,FRATTURA ESPOSTA DEL TRATTO T7- T12 CON SINDROME MIDOLLARE CENTRALE
806.39,FRATTURA ESPOSTA DEL TRATTO T7- T12 CON ALTRA LESIONE SPECIFICATA DEL MIDOLLO SPINALE
806.4,FRATTURA CHIUSA DEL TRATTO LOMBARE DELLA COLONNA VERTEBRALE CON LESIONE DEL MIDOLLO SPINALE
806.5,FRATTURA ESPOSTA DEL TRATTO LOMBARE DELLA COLONNA VERTEBRALE CON LESIONE DEL MIDOLLO SPINALE
806.6,FRATTURA CHIUSA DI SACRO E COCCIGE CON LESIONE DEL MIDOLLO SPINALE
806.60,FRATTURA CHIUSA DI SACRO E COCCIGE CON LESIONE NON SPECIFICATA DEL MIDOLLO SPINALE
806.61,FRATTURA CHIUSA DI SACRO E COCCIGE CON LESIONE COMPLETA DELLA CAUDA EQUINA
806.62,FRATTURA CHIUSA DI SACRO E COCCIGE CON ALTRA LESIONE DELLA CAUDA EQUINA
806.69,FRATTURA CHIUSA DI SACRO E COCCIGE CON ALTRA LESIONE DEL MIDOLLO SPINALE
806.7,FRATTURA ESPOSTA DI SACRO E COCCIGE CON LESIONE DEL MIDOLLO SPINALE
806.70,FRATTURA ESPOSTA DI SACRO E COCCIGE CON LESIONE NON SPECIFICATA DEL MIDOLLO
806.71,FRATTURA ESPOSTA DI SACRO E COCCIGE CON LESIONE COMPLETA DELLA CAUDA EQUINA
806.72,FRATTURA ESPOSTA DI SACRO E COCCIGE CON ALTRA LESIONE DELLA CAUDA EQUINA
806.79,FRATTURA ESPOSTA DI SACRO E COCCIGE CON ALTRA LESIONE DEL MIDOLLO SPINALE
806.8,FRATTURA CHIUSA DI VERTEBRA NON SPECIFICATA CON LESIONE DEL MIDOLLO SPINALE
806.9,FRATTURA ESPOSTA DI VERTEBRA NON SPECIFICATA CON LESIONE DEL MIDOLLO SPINALE
807,"FRATTURA DELLE COSTOLA(E), DELLO STERNO, DELLA LARINGE E DELLA TRACHEA"
807.0,FRATTURA CHIUSA DELLE COSTOLA(E)
807.00,"FRATTURA CHIUSA DI COSTOLA(E),NUMERO NON SPECIFICATO"
807.01,FRATTURA CHIUSA DI UNA COSTOLA
807.02,FRATTURA CHIUSA DI DUE COSTOLE
807.03,FRATTURA CHIUSA DI TRE COSTOLE
807.04,FRATTURA CHIUSA DI QUATTRO COSTOLE
807.05,FRATTURA CHIUSA DI CINQUE COSTOLE
807.06,FRATTURA CHIUSA DI SEI COSTOLE
807.07,FRATTURA CHIUSA DI SETTE COSTOLE
807.08,FRATTURA CHIUSA DI OTTO O PIY COSTOLE
807.09,"FRATTURA CHIUSA DI PIY COSTOLE,NUMERO NON SPECIFICATO"
807.1,FRATTURA ESPOSTA DELLE COSTOLA(E)
807.10,"FRATTURA ESPOSTA DI COSTOLA(E),NUMERO NON SPECIFICATO"
807.11,FRATTURA ESPOSTA DI UNA COSTOLA
807.12,FRATTURA ESPOSTA DI DUE COSTOLE
807.13,FRATTURA ESPOSTA DI TRE COSTOLE
807.14,FRATTURA ESPOSTA DI QUATTRO COSTOLE
807.15,FRATTURA ESPOSTA DI CINQUE COSTOLE
807.16,FRATTURA ESPOSTA DI SEI COSTOLE
807.17,FRATTURA ESPOSTA DI SETTE COSTOLE
807.18,FRATTURA ESPOSTA DI OTTO O PIY COSTOLE
807.19,"FRATTURA ESPOSTA DI PIY COSTOLE,NUMERO NON SPECIFICATO"
807.2,FRATTURA CHIUSA DELLO STERNO
807.3,FRATTURA ESPOSTA DELLO STERNO
807.4,TORACE CON RESPIRAZIONE PARADOSSA
807.5,FRATTURA CHIUSA DI LARINGE E TRACHEA
807.6,FRATTURA ESPOSTA DI LARINGE E TRACHEA
808,FRATTURA DEL BACINO
808.0,FRATTURA CHIUSA DELL'ACETABOLO
808.1,FRATTURA ESPOSTA DELL'ACETABOLO
808.2,FRATTURA CHIUSA DEL PUBE
808.3,FRATTURA ESPOSTA DEL PUBE
808.4,FRATTURA CHIUSA DI ALTRA PARTE SPECIFICATA DELLA PELVI
808.41,FRATTURA CHIUSA DELL'ILEO
808.42,FRATTURA CHIUSA DELL'ISCHIO
808.43,FRATTURE CHIUSE MULTIPLE DELLA PELVI CON INTERRUZIONE DEL CINGOLO PELVICO
808.49,FRATTURA CHIUSA DI ALTRA PARTA SPECIFICATA DELLA PELVI
808.5,FRATTURA ESPOSTA DI ALTRA PARTE SPECIFICATA DELLA PELVI
808.51,FRATTURA ESPOSTA DELL'ILEO
808.52,FRATTURA ESPOSTA DELL'ISCHIO
808.53,FRATTURE ESPOSTE MULTIPLE DELLA PELVI CON INTERRUZIONE DEL CINGOLO PELVICO
808.59,FRATTURE ESPOSTE DI ALTRE PARTI SPECIFICATE DELLA PELVI
808.8,FRATTURE CHIUSE NON SPECIFICATA DELLA PELVI
808.9,FRATTURE ESPOSTE NON SPECIFICATE DELLA PELVI
809,FRATTURE MAL DEFINITE DEL TRONCO
809.0,FRATTURE CHIUSA DEL TRONCO
809.1,FRATTURA ESPOSTA DEL TRONCO
810,FRATTURA DELLA CLAVICOLA
810.0,FRATTURA CHIUSA DELLA CLAVICOLA
810.00,"FRATTURA CHIUSA DELLA CLAVICOLA,PARTE NON SPECIFICATA"
810.01,FRATTURA CHIUSA DELL'ESTREMIT@ STERNALE DELLA CLAVICOLA
810.02,FRATTURA CHIUSA DEL CORPO DELLA CLAVICOLA
810.03,FRATTURA CHIUSA DELL'ESTREMIT@ ACROMIALE DELLA CLAVICOLA
810.1,FRATTURA ESPOSTA DELLA CLAVICOLA
810.10,"FRATTURA ESPOSTA DELLA CLAVICOLA,PARTE NON SPECIFICATA"
810.11,FRATTURA ESPOSTA DELL'ESTREMIT@ STERNALE DELLA CLAVICOLA
810.12,FRATTURA ESPOSTA DEL CORPO DELLA CLAVICOLA
810.13,FRATTURA DELL'ESTREMIT@ ACROMIALE DELLA CLAVICOLA
811,FRATTURA DELLA SCAPOLA
811.0,FRATTURA CHIUSA DELLA SCAPOLA
811.00,"FRATTURA CHIUSA DELLA SCAPOLA,PARTE NON SPECIFICATA"
811.01,FRATTURA CHIUSA DELL'ACROMION DELLA SCAPOLA
811.02,FRATTURA CHIUSA DEL PROCESSO CORACOIDEO DELLA SCAPOLA
811.03,FRATTURA CHIUSA DELLA CAVIT@ GLENOIDEA E DEL COLLO DELLA SCAPOLA
811.09,FRATTURA CHIUSA DI ALTRA PARTE DELLA SCAPOLA
811.1,FRATTURA ESPOSTA DELLA SCAPOLA
811.10,"FRATTURA ESPOSTA DELLA SCAPOLA,PARTE NON SPECIFICATA"
811.11,FRATTURA ESPOSTA DELL'ACROMION DELLA SCAPOLA
811.12,FRATTURA ESPOSTA DEL PROCESSO CORACOIDEO DELLA SCAPOLA
811.13,FRATTURA ESPOSTA DELLA CAVIT@ GLENOIDEA E DEL COLLO DELLA SCAPOLA
811.19,FRATTURA ESPOSTA DI ALTRA PARTE DELLA SCAPOLA
812,FRATTURA DELL'OMERO
812.0,FRATTURA CHIUSA DELL'ESTREMIT@ PROSSIMALE DELL'OMERO
812.00,FRATTURA CHIUSA DI PARTE NON SPECIFICATA DELL'ESTREMIT@ PROSSIMALE DELL'OMERO
812.01,FRATTURA CHIUSA DEL COLLO CHIRURGICO DELL'OMERO
812.02,FRATTURA CHIUSA DEL COLLO ANATOMICO DELL'OMERO
812.03,FRATTURA CHIUSA DELLA GRANDE TUBEROSIT@ DELL'OMERO
812.09,ALTRE FRATTURE CHIUSE DELL'ESTREMIT@ PROSSIMALE DELL'OMERO
812.1,FRATTURA ESPOSTA DELL'ESTREMIT@ PROSSIMALE DELL'OMERO
812.10,FRATTURA ESPOSTA DI PARTE NON SPECIFICATA DELL'ESTREMIT@ PROSSIMALE DELL'OMERO
812.11,FRATTURA ESPOSTA DEL COLLO CHIRURGICO DELL'OMERO
812.12,FRATTURA ESPOSTA DEL COLLO ANATOMICO DELL'OMERO
812.13,FRATTURA ESPOSTA DELLA GRANDE TUBEROSIT@ DELL'OMERO
812.19,ALTRE FRATTURE ESPOSTE DELL'ESTREMIT@ PROSSIMALE DELL'OMERO
812.2,FRATTURA CHIUSA DEL CORPO O DI PARTE NON SPECIFICATA DELL'OMERO
812.20,FRATTURA CHIUSA DI PARTE NON SPECIFICATA DELL'OMERO
812.21,FRATTURA CHIUSA DEL CORPO DELL'OMERO
812.3,FRATTURA ESPOSTA DEL CORPO O DI PARTE NON SPECIFICATA DELL'OMERO
812.30,FRATTURA ESPOSTA DI PARTE NON SPECIFICATA DELL'OMERO
812.31,FRATTURA ESPOSTA DEL CORPO DELL'OMERO
812.4,FRATTURA CHIUSA DELL'ESTREMIT@ DISTALE DELL'OMERO
812.40,FRATTURA CHIUSA DI PARTE NON SPECIFICATA DELL'ESTREMIT@ DISTALE DELL'OMERO
812.41,FRATTURA CHIUSA SOPRACONDILARE DELL'OMERO
812.42,FRATTURA CHIUSA DELL'EPICONDILO DELL'OMERO
812.43,FRATTURA CHIUSA DELL'EPITROCLEA DELL'OMERO
812.44,FRATTURA CHIUSA DI CONDILO OMERALE NON SPECIFICATO
812.49,ALTRE FRATTURE CHIUSE DELL'ESTREMIT@ DISTALE DELL'OMERO
812.5,FRATTURA ESPOSTA DELL'ESTREMIT@ DISTALE DELL'OMERO
812.50,FRATTURA ESPOSTA DI PARTE NON SPECIFICATA DELL'ESTREMIT@ DISTALE DELL'OMERO
812.51,FRATTURA ESPOSTA SOPRACONDILARE DELL'OMERO
812.52,FRATTURA ESPOSTA DELL'EPICONDILO DELL'OMERO
812.53,FRATTURA ESPOSTA DELL'EPITROCLEA DELL'OMERO
812.54,FRATTURA ESPOSTA DI CONDILO OMERALE NON SPECIFICATO
812.59,ALTRA FRATTURA ESPOSTA DELL'ESTREMIT@ DISTALE DELL'OMERO
813,FRATTURA DEL RADIO E DELL'ULNA
813.0,FRATTURA CHIUSA DELL'ESTREMIT@ PROSSIMALE DI RADIO E ULNA
813.00,"FRATTURA CHIUSA DELL'ESTREMIT@ PROSSIMALE DI RADIO E ULNA,NON SPECIFICATA"
813.01,FRATTURA CHIUSA DELL'OLECRANO
813.02,FRATTURA CHIUSA DEL PROCESSO CORONOIDEO DELL'ULNA
813.03,FRATTURA CHIUSA DI MONTEGGIA
813.04,ALTRE E NON SPECIFICATE FRATTURE CHIUSE SOLTANTO DELL'ESTREMIT@ PROSSIMALE DELL'ULNA
813.05,FRATTURA CHIUSA DEL CAPITELLO DEL RADIO
813.06,FRATTURA CHIUSA DEL COLLO DEL RADIO
813.07,ALTRE E NON SPECIFICATE FRATTURE CHIUSE SOLTANTO DELL'ESTREMIT@ PROSSIMALE DEL RADIO
813.08,FRATTURA CHIUSA DI PARTE DELL'ESTREMIT@ PROSSIMALE DI RADIO E ULNA
813.1,FRATTURA ESPOSTA DELL'ESTREMIT@ PROSSIMALE DI RADIO E ULNA
813.10,"FRATTURA ESPOSTA DELL'ESTREMIT@ PROSSIMALE DI RADIO E ULNA,NON SPECIFICATA"
813.11,FRATTURA ESPOSTA DELL'OLECRANO
813.12,FRATTURA ESPOSTA DEL PROCESSO CORONOIDEO DELL'ULNA
813.13,FRATTURA ESPOSTA DI MONTEGGIA
813.14,ALTRE E NON SPECIFICATE FRATTURE ESPOSTE SOLTANTO DELL'ESTREMIT@ PROSSIMALE DELL'ULNA
813.15,FRATTURA ESPOSTA DEL CAPITELLO DEL RADIO
813.16,FRATTURA ESPOSTA DEL COLLO DEL RADIO
813.17,ALTRE E NON SPECIFICATE FRATTURE SOLTANTO DELL'ESTREMIT@ PROSSIMALE DEL RADIO
813.18,FRATTURA ESPOSTA DI PARTE DELL'ESTREMIT@ PROSSIMALE DI RADIO E ULNA
813.2,FRATTURA CHIUSA DEL CORPO DI RADIO E ULNA
813.20,"FRATTURA CHIUSA DEL CORPO DI RADIO O ULNA,NON SPECIFICATA"
813.21,FRATTURA CHIUSA SOLTANTO DEL CORPO DEL RADIO
813.22,FRATTURA CHIUSA SOLTANTO DEL CORPO DELL'ULNA
813.23,FRATTURA CHIUSA DEL CORPO DI RADIO E ULNA
813.3,FRATTURA ESPOSTA DEL CORPO DI RADIO E ULNA
813.30,"FRATTURA ESPOSTA DEL CORPO DI RADIO O ULNA,NON SPECIFICATA"
813.31,FRATTURA ESPOSTA SOLTANTO DEL CORPO DEL RADIO
813.32,FRATTURA ESPOSTA SOLTANTO DEL CORPO DELL'ULNA
813.33,FRATTURA ESPOSTA DEL CORPO DI RADIO E ULNA
813.4,FRATTURA CHIUSA DELL'ESTREMIT@ DISTALE DI RADIO E ULNA
813.40,"FRATTURA CHIUSA DELL'ESTREMIT@ DISTALE DI RADIO E ULNA,NON SPECIFICATA"
813.41,FRATTURA DI COLLES
813.42,ALTRE FRATTURE DELL'ESTREMIT@ DISTALE DEL RADIO (SOLTANTO)
813.43,FRATTURA CHIUSA DELL'ESTREMIT@ DISTALE DELL'ULNA (SOLTANTO)
813.44,"FRATTURA CHIUSA DI RADIO E ULNA,EPIFISI DISTALE"
813.45,FRATTURA DEL TORUS RADIALE
813.5,FRATTURA ESPOSTA DELL'ESTREMIT@ DISTALE DI RADIO E ULNA
813.50,"FRATTURA ESPOSTA DELL'ESTREMIT@ DISTALE DI RADIO E ULNA,NON SPECIFICATA"
813.51,FRATTURA DI COLLES
813.52,ALTRE FRATTURE DELL'ESTREMIT@ DISTALE DEL RADIO (SOLTANTO)
813.53,FRATTURA ESPOSTA DELL'ESTREMIT@ DISTALE DELL'ULNA (SOLTANTO)
813.54,FRATTURA ESPOSTA DELL'ESTREMIT@ DISTALE DEL RADIO E ULNA
813.8,"FRATTURA CHIUSA DI PARTE, NON SPECIFICATA"
813.80,"FRATTURA CHIUSA DELL'AVAMBRACCIO,NON SPECIFICATA"
813.81,"FRATTURA CHIUSA DEL RADIO,NON SPECIFICATA"
813.82,"FRATTURA CHIUSA DELL'ULNA,NON SPECIFICATA"
813.83,"FRATTURA CHIUSA RADIO E ULNA,NON SPECIFICATA"
813.9,"FRATTURA ESPOSTA DI PARTE, NON SPECIFICATA"
813.90,"FRATTURA CHIUSA DELL'AVAMBRACCIO,NON SPECIFICATA"
813.91,FRATTURA CHIUSA DEL RADIO (SOLTANTO)
813.92,FRATTURA CHIUSA DELL'ULNA (SOLTANTO)
813.93,FRATTURA CHIUSA DI RADIO E ULNA
814,FRATTURA DELLE OSSA DEL CARPO
814.0,FRATTURA CHIUSA
814.00,"FRATTURA CHIUSA,OSSA DEL CARPO,NON SPECIFICATE"
814.01,"FRATTURA CHIUSA,NAVICOLARE DEL POLSO [SCAFOIDE]"
814.02,"FRATTURA CHIUSA,OSSO SEMILUNARE DEL POLSO"
814.03,"FRATTURA CHIUSA,OSSO CUNEIFORME DEL POLSO"
814.04,"FRATTURA CHIUSA,OSSO PISIFORME"
814.05,"FRATTURA CHIUSA,OSSO A TRAPEZIO [MULTIANGOLARE PIY LARGO]"
814.06,"FRATTURA CHIUSA,OSSO TRAPEZOIDE [MULTIANGOLARE PIY PICCOLO]"
814.07,"FRATTURA CHIUSA,OSSO CAPITATO [GRANDE OSSO]"
814.08,"FRATTURA CHIUSA,OSSO UNCINATO[UNCIFORME]"
814.09,"FRATTURA CHIUSA,ALTRO"
814.1,FRATTURA ESPOSTA
814.10,"FRATTURA ESPOSTA,OSSA DEL CARPO,NON SPECIFICATE"
814.11,"FRATTURA ESPOSTA,NAVICOLARE DEL POLSO [SCAFOIDE]"
814.12,"FRATTURA ESPOSTA,OSSO SEMILUNARE DEL POLSO"
814.13,"FRATTURA ESPOSTA,OSSO CUNEIFORME DEL POLSO"
814.14,"FRATTURA ESPOSTA,OSSO PISIFORME"
814.15,"FRATTURA ESPOSTA,OSSO A TRAPEZIO [MULTIANGOLARE PIY LARGO]"
814.16,"FRATTURA ESPOSTA,OSSO TRAPEZOIDE [MULTIANGOLARE PIY PICCOLO]"
814.17,"FRATTURA ESPOSTA,OSSO CAPITATO [GRANDE OSSO]"
814.18,"FRATTURA ESPOSTA,OSSO UNCINATO[UNCIFORME]"
814.19,"FRATTURA ESPOSTA,ALTRO"
815,FRATTURA DELLE OSSA DEL METACARPO
815.0,FRATTURA CHIUSA
815.00,"FRATTURA CHIUSA,OSSA DEL METACARPO,SITO NON SPECIFICATO"
815.01,"FRATTURA CHIUSA,BASE DEL METACARPO DEL POLLICE"
815.02,"FRATTURA CHIUSA,BASE DI ALTRO OSSO"
815.03,"FRATTURA CHIUSA,CORPO DEL METACARPO"
815.04,"FRATTURA CHIUSA,COLLO DEL METACARPO"
815.09,"FRATTURA CHIUSA,SITI MULTIPLI DEL METACARPO"
815.1,FRATTURA ESPOSTA
815.10,"FRATTURA ESPOSTA,OSSA DEL METACARPO,SITO NON SPECIFICATO"
815.11,"FRATTURA ESPOSTA,BASE DEL METACARPO DEL POLLICE"
815.12,"FRATTURA ESPOSTA,BASE DI ALTRO OSSO"
815.13,"FRATTURA ESPOSTA,CORPO DEL METACARPO"
815.14,"FRATTURA ESPOSTA,COLLO DEL METACARPO"
815.19,"FRATTURA ESPOSTA,SITI MULTIPLI DEL METACARPO"
816,FRATTURA DI UNA O PIY FALANGI DELLA MANO
816.0,FRATTURA CHIUSA
816.00,"FRATTURA CHIUSA,UNA O PIY FALANGI,NON SPECIFICATA"
816.01,"FRATTURA CHIUSA,UNA O PIY FALANGI MEDIE O PROSSIMALI"
816.02,"FRATTURA CHIUSA,UNA O PIY FALANGI DISTALI"
816.03,"FRATTURA CHIUSA,SITI MULTIPLI"
816.1,FRATTURA ESPOSTA
816.10,"FRATTURA ESPOSTA,UNA O PIY FALANGI,NON SPECIFICATA"
816.11,"FRATTURA ESPOSTA,UNA O PIY FALANGI MEDIE O PROSSIMALI"
816.12,"FRATTURA ESPOSTA,UNA O PIY FALANGI DISTALI"
816.13,"FRATTURA ESPOSTA,SITI MULTIPLI"
817,FRATTURE MULTIPLE DELLE OSSA DELLA MANO
817.0,FRATTURE MULTIPLE CHIUSE DELLE OSSA DELLA MANO
817.1,FRATTURE MULTIPLE ESPOSTE DELLE OSSA DELLA MANO
818,FRATTURE MAL DEFINITE DELL'ARTO SUPERIORE
818.0,FRATTURE CHIUSE MAL DEFINITE DELL'ARTO SUPERIORE
818.1,FRATTURE ESPOSTE MAL DEFINITE DELL'ARTO SUPERIORE
819,FRATTURE MULTIPLE DI AMBEDUE GLI ARTI SUPERIORI E DELL'ARTO SUPERIORE CON LE COSTOLE E LO STERNO
819.0,FRATTURE MULTIPLE CHIUSE DI AMBEDUE GLI ARTI SUPERIORI E DELL'ARTO SUPERIORE CON LE COSTOLE E LO STERNO
819.1,FRATTURE MULTIPLE ESPOSTE DI AMBEDUE GLI ARTI SUPERIORI E DELL'ARTO SUPERIORE CON LE COSTOLE E LO STERNO
820,FRATTURA DEL COLLO DEL FEMORE
820.0,"FRATTURA TRANSCERVICALE, CHIUSA"
820.00,"FRATTURA TRANSCERVICALE,CHIUSA,DELLA SEZIONE INTRACAPSULARE,NON SPECIFICATA"
820.01,EPIFISI (SEPARAZIONE) (SUPERIORE)
820.02,"FRATTURA TRANSCERVICALE,CHIUSA,DELLA SEZIONE MEDIOCERVICALE"
820.03,FRATTURA DELLA BASE DEL COLLO
820.09,"ALTRA FRATTURA TRANSCERVICALE,CHIUSA"
820.1,"FRATTURA TRANSCERVICALE, ESPOSTA"
820.10,"SEZIONE INTRACAPSULARE,NON SPECIFICATA"
820.11,EPIFISI (SEPARAZIONE) (SUPERIORE)
820.12,SEZIONE MEDIOCERVICALE
820.13,BASE DEL COLLO
820.19,"ALTRO DI FRATTURA TRANSCERVICALE,ESPOSTA"
820.2,"FRATTURA PERTROCANTERICA, CHIUSA"
820.20,"SEZIONE TROCANTERICA,NON SPECIFICATA"
820.21,SEZIONE INTERTROCANTERICA
820.22,SEZIONE SUBTROCANTERICA
820.3,"FRATTURA PERTROCANTERICA, ESPOSTA"
820.30,"SEZIONE TROCANTERICA,NON SPECIFICATA"
820.31,SEZIONE INTERTROCANTERICA
820.32,SEZIONE SUBTROCANTERICA
820.8,"PARTE NON SPECIFICATA DEL COLLO DEL FEMORE,CHIUSA"
820.9,"PARTE NON SPECIFICATA DEL COLLO DEL FEMORE,ESPOSTA"
821,FRATTURA DI ALTRE E NON SPECIFICATE PARTI DEL FEMORE
821.0,"FRATTURA DI DIAFISI O DI PARTE NON SPECIFICATA, CHIUSA"
821.00,FRATTURA DI PARTE NON SPECIFICATA DEL FEMORE
821.01,FRATTURA DI DIAFISI
821.1,"FRATTURA DI PARTE NON SPECIFICATA DEL COLLO DEL FEMORE, ESPOSTA"
821.10,FRATTURA DI PARTE NON SPECIFICATA DEL FEMORE
821.11,FRATTURA DI DIAFISI
821.2,"FRATTURA DI EPIFISI DISTALE, CHIUSA"
821.20,"FRATTURA DI EPIFISI DISTALE,PARTE NON SPECIFICATA"
821.21,"FRATTURA DI CONDILO,FEMORALE"
821.22,FRATTURA DI EPIFISI INFERIORE (SEPARAZIONE)
821.23,FRATTURA DEL FEMORE SOPRACONDILARE
821.29,ALTRA FRATTURA DEL CONDILO FEMORALE
821.3,"FRATTURA DI EPIFISI DISTALE, ESPOSTA"
821.30,"FRATTURA DI EPIFISI DISTALE,PARTE NON SPECIFICATA"
821.31,"FRATTURA DI CONDILO,FEMORALE"
821.32,FRATTURA DI EPIFISI INFERIORE (SEPARAZIONE)
821.33,FRATTURA DI FRATTURA DEL FEMORE SOPRACONDILARE
821.39,ALTRA FRATTURA DELL'EPIFISI DISTALE
822,FRATTURA DELLA ROTULA
822.0,"FRATTURA DELLA ROTULA,CHIUSA"
822.1,"FRATTURA DELLA ROTULA,ESPOSTA"
823,FRATTURA DELLA TIBIA E DEL PERONE
823.0,"FRATTURA DI EPIFISI PROSSIMALE, CHIUSA"
823.00,"FRATTURA DI EPIFISI PROSSIMALE,CHIUSA SOLTANTO TIBIA"
823.01,"FRATTURA DI EPIFISI PROSSIMALE,CHIUSA SOLTANTO PERONE"
823.02,"FRATTURA DI EPIFISI PROSSIMALE,CHIUSA PERONE E TIBIA"
823.1,"FRATTURA DI EPIFISI PROSSIMALE, ESPOSTA"
823.10,"FRATTURA DI EPIFISI PROSSIMALE,ESPOSTA SOLTANTO TIBIA"
823.11,"FRATTURA DI EPIFISI PROSSIMALE,ESPOSTA SOLTANTO PERONE"
823.12,"FRATTURA DI EPIFISI PROSSIMALE,ESPOSTA PERONE E TIBIA"
823.2,"FRATTURA DI DIAFISI, CHIUSA"
823.20,"FRATTURA DI DIAFISI,CHIUSA SOLTANTO TIBIA"
823.21,"FRATTURA DI DIAFISI,CHIUSA SOLTANTO PERONE"
823.22,"FRATTURA DI DIAFISI,CHIUSA PERONE E TIBIA"
823.3,"FRATTURA DI DIAFISI, ESPOSTA"
823.30,"FRATTURA DI DIAFISI,ESPOSTA SOLTANTO TIBIA"
823.31,"FRATTURA DI DIAFISI,ESPOSTA SOLTANTO PERONE"
823.32,"FRATTURA DI DIAFISI,ESPOSTA PERONE E TIBIA"
823.4,FRATTURA DEL TORUS
823.40,FRATTURA DEL TORUS SOLTANTO TIBIA
823.41,FRATTURA DEL TORUS SOLTANTO FIBIA
823.42,FRATTURA DEL TORUS DI TIBIA E FIBULA
823.8,"FRATTURA DI PARTE NON SPECIFICATA, CHIUSA"
823.80,"FRATTURA DI PARTE NON SPECIFICATA,CHIUSA SOLTANTO TIBIA"
823.81,"FRATTURA DI PARTE NON SPECIFICATA,CHIUSA SOLTANTO PERONE"
823.82,"FRATTURA DI PARTE NON SPECIFICATA,CHIUSA PERONE E TIBIA"
823.9,"FRATTURA DI PARTE NON SPECIFICATA, ESPOSTA"
823.90,"FRATTURA DI PARTE NON SPECIFICATA,ESPOSTA SOLTANTO TIBIA"
823.91,"FRATTURA DI PARTE NON SPECIFICATA,ESPOSTA SOLTANTO PERONE"
823.92,"FRATTURA DI PARTE NON SPECIFICATA,ESPOSTA PERONE E TIBIA"
824,FRATTURA DELLA CAVIGLIA
824.0,"FRATTURA DEL MALLEOLO INTERNO,CHIUSA"
824.1,"FRATTURA DEL MALLEOLO INTERNO,ESPOSTA"
824.2,"FRATTURA DEL MALLEOLO ESTERNO,CHIUSA"
824.3,"FRATTURA DEL MALLEOLO ESTERNO,ESPOSTA"
824.4,"FRATTURA BIMALLEOLARE,CHIUSA"
824.5,"FRATTURA BIMALLEOLARE,ESPOSTA"
824.6,"FRATTURA TRIMALLEOLARE,CHIUSA"
824.7,"FRATTURA TRIMALLEOLARE,ESPOSTA"
824.8,"FRATTURA DELLA CAVIGLIA NON SPECIFICATA,CHIUSA"
824.9,"FRATTURA DELLA CAVIGLIA NON SPECIFICATA,ESPOSTA"
825,FRATTURA DI UNA O PIY OSSA DEL TARSO E METATARSO
825.0,"FRATTURA DEL CALCAGNO,CHIUSA"
825.1,"FRATTURA DEL CALCAGNO,ESPOSTA"
825.2,"FRATTURA DI ALTRE OSSA DEL TARSO E DEL METATARSO, CHIUSA"
825.20,FRATTURA CHIUSA DI OSSO NON SPECIFICATO DEL PIEDE [ECCETTO DITA DEL PIEDE]
825.21,FRATTURA CHIUSA DI ASTRAGALO
825.22,FRATTURA CHIUSA DELLO SCAFOIDE [NAVICOLARE]
825.23,FRATTURA CHIUSA DELL'OSSO CUBOIDE
825.24,"FRATTURA CHIUSA CUNEIFORME,PIEDE"
825.25,FRATTURA CHIUSA DI OSSA DEL METATARSO
825.29,ALTRA FRATTURA CHIUSA DEL PIEDE
825.3,"FRATTURA DI ALTRE OSSA DEL TARSO E DEL METATARSO, ESPOSTA"
825.30,FRATTURA ESPOSTA DI OSSO NON SPECIFICATO DEL PIEDE [ECCETTO DITA DEL PIEDE]
825.31,FRATTURA ESPOSTA DI ASTRAGALO
825.32,FRATTURA ESPOSTA DELLO SCAFOIDE [NAVICOLARE]
825.33,FRATTURA ESPOSTA DI FRATTURA ESPOSTA DELL'OSSO CUBOIDE
825.34,"FRATTURA ESPOSTA CUNEIFORME,PIEDE"
825.35,FRATTURA ESPOSTA DELLE OSSA DEL METATARSO
825.39,ALTRA FRATTURA ESPOSTA DEL PIEDE
826,FRATTURA DI UNA O PIY FALANGI DEL PIEDE
826.0,"FRATTURA DI UNA O PIY FALANGI DEL PIEDE,CHIUSA"
826.1,"FRATTURA DI UNA O PIY FALANGI DEL PIEDE,ESPOSTA"
827,"ALTRE, MULTIPLE E MAL DEFINITE FRATTURE DELL'ARTO INFERIORE"
827.0,"ALTRE,MULTIPLE E MAL DEFINITE FRATTURE DELL'ARTO INFERIORE,CHIUSA"
827.1,"ALTRE,MULTIPLE E MAL DEFINITE FRATTURE DELL'ARTO INFERIORE,ESPOSTA"
828,"FRATTURE MULTIPLE INTERESSANTI AMBEDUE GLI ARTI INFERIORI, L'ARTO INFERIORE CON QUELLO SUPERIORE E L'ARTO INFERIORE CON LE COSTOLE E LO STERNO"
828.0,"FRATTURE MULTIPLE INTERESSANTI AMBEDUE GLI ARTI INFERIORI,L'ARTO INFERIORE CON QUELLO SUPERIORE E L'ARTO INFERIORE CON LE COSTOLE E LO STERNO,CHIUSA"
828.1,"FRATTURE MULTIPLE INTERESSANTI AMBEDUE GLI ARTI INFERIORI,L'ARTO INFERIORE CON QUELLO SUPERIORE E L'ARTO INFERIORE CON LE COSTOLE E LO STERNO,ESPOSTA"
829,FRATTURE DI OSSA NON SPECIFICATE
829.0,"FRATTURE DI OSSO NON SPECIFICATO,CHIUSA"
829.1,"FRATTURE DI OSSO NON SPECIFICATO,ESPOSTA"
830,LUSSAZIONE DELLA MANDIBOLA
830.0,LUSSAZIONE CHIUSA DELLA MANDIBOLA
830.1,LUSSAZIONE ESPOSTA DELLA MANDIBOLA
831,LUSSAZIONE DELLA SPALLA
831.0,LUSSAZIONE DELLA SPALLA CHIUSA
831.00,"LUSSAZIONE CHIUSA DELLA SPALLA,NON SPECIFICATA"
831.01,"LUSSAZIONE CHIUSA,ANTERIORE DELL'OMERO"
831.02,"LUSSAZIONE CHIUSA,POSTERIORE DELL'OMERO"
831.03,"LUSSAZIONE CHIUSA,INFERIORE DELL'OMERO"
831.04,"LUSSAZIONE CHIUSA,ACROMIOCLAVICOLARE (ARTICOLAZIONE)"
831.09,"LUSSAZIONE CHIUSA DELLA SPALLA,ALTRO"
831.1,LUSSAZIONE DELLA SPALLA ESPOSTA
831.10,"LUSSAZIONE ESPOSTA DELLA SPALLA,NON SPECIFICATA"
831.11,"LUSSAZIONE ESPOSTA,ANTERIORE DELL'OMERO"
831.12,"LUSSAZIONE ESPOSTA,POSTERIORE DELL'OMERO"
831.13,"LUSSAZIONE ESPOSTA,INFERIORE DELL'OMERO"
831.14,"LUSSAZIONE ESPOSTA,ACROMIOCLAVICOLARE (ARTICOLAZIONE)"
831.19,"LUSSAZIONE ESPOSTA DELLA SPALLA,ALTRO"
832,LUSSAZIONE DEL GOMITO
832.0,LUSSAZIONE CHIUSA DEL GOMITO
832.00,"LUSSAZIONE CHIUSA,DEL GOMITO NON SPECIFICATO"
832.01,"LUSSAZIONE CHIUSA,DEL GOMITO ANTERIORE"
832.02,"LUSSAZIONE CHIUSA,DEL GOMITO POSTERIORE"
832.03,"LUSSAZIONE CHIUSA,DEL GOMITO MEDIALE"
832.04,"LUSSAZIONE CHIUSA,DEL GOMITO LATERALE"
832.09,"LUSSAZIONE CHIUSA,DEL GOMITO ALTRO"
832.1,LUSSAZIONE ESPOSTA DEL GOMITO
832.10,"LUSSAZIONE ESPOSTA,DEL GOMITO NON SPECIFICATO"
832.11,"LUSSAZIONE ESPOSTA,DEL GOMITO ANTERIORE"
832.12,"LUSSAZIONE ESPOSTA,DEL GOMITO POSTERIORE"
832.13,"LUSSAZIONE ESPOSTA,DEL GOMITO MEDIALE"
832.14,"LUSSAZIONE ESPOSTA,DEL GOMITO LATERALE"
832.19,"LUSSAZIONE ESPOSTA DEL GOMITO,ALTRO"
833,LUSSAZIONE DEL POLSO
833.0,LUSSAZIONE CHIUSA DEL POLSO
833.00,"LUSSAZIONE CHIUSA,POLSO,PARTE NON SPECIFICATA"
833.01,"LUSSAZIONE CHIUSA,RADIOULNARE (ARTICOLAZIONE),DISTALE"
833.02,"LUSSAZIONE CHIUSA,RADIOCARPALE (ARTICOLAZIONE)"
833.03,"LUSSAZIONE CHIUSA,MEDIOCARPALE (ARTICOLAZIONE)"
833.04,"LUSSAZIONE CHIUSA,CARPOMETACARPALE (ARTICOLAZIONE)"
833.05,"LUSSAZIONE CHIUSA,METACARPALE (OSSO),ESTREMIT@ PROSSIMALE"
833.09,"LUSSAZIONE CHIUSA,ALTRO"
833.1,LUSSAZIONE ESPOSTA DEL POLSO
833.10,"LUSSAZIONE ESPOSTA,POLSO,PARTE NON SPECIFICATA"
833.11,"LUSSAZIONE ESPOSTA,RADIOULNARE (ARTICOLAZIONE),DISTALE"
833.12,"LUSSAZIONE ESPOSTA,RADIOCARPALE (ARTICOLAZIONE)"
833.13,"LUSSAZIONE ESPOSTA,MEDIOCARPALE (ARTICOLAZIONE)"
833.14,"LUSSAZIONE ESPOSTA,CARPOMETACARPALE (ARTICOLAZIONE)"
833.15,"LUSSAZIONE ESPOSTA,METACARPALE (OSSO),ESTREMIT@ PROSSIMALE"
833.19,"LUSSAZIONE ESPOSTA DEL POLSO,ALTRO"
834,LUSSAZIONE DELLE DITA DELLA MANO
834.0,LUSSAZIONE CHIUSA DELLE DITA DELLA MANO
834.00,"LUSSAZIONE CHIUSA,DITO,PARTE NON SPECIFICATA"
834.01,"LUSSAZIONE CHIUSA,METACARPOFALANGEO (ARTICOLAZIONE)"
834.02,"LUSSAZIONE CHIUSA,INTERFALANGEO (ARTICOLAZIONE),MANO"
834.1,LUSSAZIONE ESPOSTA
834.10,"LUSSAZIONE ESPOSTA,DITO,PARTE NON SPECIFICATA"
834.11,"LUSSAZIONE ESPOSTA,METACARPOFALANGEO (ARTICOLAZIONE)"
834.12,"LUSSAZIONE ESPOSTA,INTERFALANGEO (ARTICOLAZIONE),MANO"
835,LUSSAZIONE DELL'ANCA
835.0,LUSSAZIONE CHIUSA DELL'ANCA
835.00,"LUSSAZIONE CHIUSA DELL'ANCA,NON SPECIFICATA"
835.01,LUSSAZIONE CHIUSA POSTERIORE
835.02,LUSSAZIONE CHIUSA DELL'OTTURATORE
835.03,ALTRA LUSSAZIONE CHIUSA ANTERIORE
835.1,LUSSAZIONE ESPOSTA DELL'ANCA
835.10,"LUSSAZIONE ESPOSTA DELL'ANCA,NON SPECIFICATA"
835.11,LUSSAZIONE ESPOSTA POSTERIORE
835.12,LUSSAZIONE ESPOSTA DELL'OTTURATORE
835.13,ALTRA LUSSAZIONE ESPOSTA ANTERIORE
836,LUSSAZIONE DEL GINOCCHIO
836.0,"LACERAZIONE DELLA CARTILAGINE O DEL MENISCO MEDIALE DEL GINOCCHIO,RECENTE"
836.1,"LACERAZIONE DELLA CARTILAGINE O DEL MENISCO LATERALE DEL GINOCCHIO,RECENTE"
836.2,"ALTRE LACERAZIONE DELLA CARTILAGINE O DEL MENISCO DEL GINOCCHIO,RECENTE"
836.3,"LUSSAZIONE DELLA ROTULA,CHIUSA"
836.4,"LUSSAZIONE DELLA ROTULA,ESPOSTA"
836.5,"ALTRE LUSSAZIONI DEL GINOCCHIO, CHIUSA"
836.50,"LUSSAZIONE DEL GINOCCHIO,NON SPECIFICATA"
836.51,"LUSSAZIONE DELLA TIBIA ANTERIORE,ESTREMIT@ PROSSIMALE"
836.52,"LUSSAZIONE DELLA TIBIA POSTERIORE,ESTREMIT@ PROSSIMALE"
836.53,"LUSSAZIONE DELLA TIBIA MEDIALE,ESTREMIT@ PROSSIMALE"
836.54,"LUSSAZIONE DELLA TIBIA LATERALE,ESTREMIT@ PROSSIMALE"
836.59,"ALTRE LUSSAZIONI DEL GINOCCHIO,CHIUSA"
836.6,"ALTRE LUSSAZIONI DEL GINOCCHIO, ESPOSTE"
836.60,"LUSSAZIONE DEL GINOCCHIO,NON SPECIFICATA"
836.61,"LUSSAZIONE DELLA TIBIA ANTERIORE,ESTREMIT@ PROSSIMALE"
836.62,"LUSSAZIONE DELLA TIBIA POSTERIORE,ESTREMIT@ PROSSIMALE"
836.63,"LUSSAZIONE DELLA TIBIA MEDIALE,ESTREMIT@ PROSSIMALE"
836.64,"LUSSAZIONE DELLA TIBIA LATERALE,ESTREMIT@ PROSSIMALE"
836.69,"ALTRE LUSSAZIONI DEL GINOCCHIO,ESPOSTE"
837,LUSSAZIONE DELLA CAVIGLIA
837.0,LUSSAZIONE DELLA CAVIGLIA CHIUSA
837.1,"LUSSAZIONE DELLA CAVIGLIA,ESPOSTA"
838,LUSSAZIONE DEL PIEDE
838.0,LUSSAZIONE CHIUSA
838.00,"LUSSAZIONE CHIUSA DEL PIEDE,NON SPECIFICATO"
838.01,"LUSSAZIONE CHIUSA TARSALE (OSSO),ARTICOLAZIONE NON SPECIFICATA"
838.02,LUSSAZIONE CHIUSA MEDIOTARSALE (ARTICOLAZIONE)
838.03,LUSSAZIONE CHIUSA TARSOMETATARSALE (ARTICOLAZIONE)
838.04,"LUSSAZIONE CHIUSA METATARSALE (OSSO),ARTICOLAZIONE NON SPECIFICATA"
838.05,LUSSAZIONE CHIUSA METATARSOFALANGEO (ARTICOLAZIONE)
838.06,"LUSSAZIONE CHIUSA INTERFALANGEO (ARTICOLAZIONE),PIEDE"
838.09,LUSSAZIONE CHIUSA ALTRO
838.1,LUSSAZIONE ESPOSTA DEL PIEDE
838.10,"LUSSAZIONE ESPOSTA DEL PIEDE,NON SPECIFICATO"
838.11,"LUSSAZIONE ESPOSTA TARSALE (OSSO),ARTICOLAZIONE NON SPECIFICATA"
838.12,LUSSAZIONE ESPOSTA MEDIOTARSALE (ARTICOLAZIONE)
838.13,LUSSAZIONE ESPOSTA TARSOMETATARSALE (ARTICOLAZIONE)
838.14,"LUSSAZIONE ESPOSTA METATARSALE (OSSO),ARTICOLAZIONE NON SPECIFICATA"
838.15,LUSSAZIONE ESPOSTA METATARSOFALANGEO (ARTICOLAZIONE)
838.16,"LUSSAZIONE ESPOSTA INTERFALANGEO (ARTICOLAZIONE),PIEDE"
838.19,LUSSAZIONE ESPOSTA ALTRO
839,"ALTRE, MULTIPLE E MAL DEFINITE LUSSAZIONI"
839.0,"LUSSAZIONE DI VERTEBRA CERVICALE, CHIUSA"
839.00,"LUSSAZIONE CHIUSA DI VERTEBRA CERVICALE,NON SPECIFICATA"
839.01,LUSSAZIONE CHIUSA DELLA PRIMA VERTEBRA CERVICALE
839.02,LUSSAZIONE CHIUSA DELLA SECONDA VERTEBRA CERVICALE
839.03,LUSSAZIONE CHIUSA DELLA TERZA VERTEBRA CERVICALE
839.04,LUSSAZIONE CHIUSA DELLA QUARTA VERTEBRA CERVICALE
839.05,LUSSAZIONE CHIUSA DELLA QUINTA VERTEBRA CERVICALE
839.06,LUSSAZIONE CHIUSA DELLA SESTA VERTEBRA CERVICALE
839.07,LUSSAZIONE CHIUSA DELLA SETTIMA VERTEBRA CERVICALE
839.08,LUSSAZIONE CHIUSA DI MULTIPLE VERTEBRE CERVICALI
839.1,"LUSSAZIONE DI VERTEBRA CERVICALE, ESPOSTA"
839.10,"LUSSAZIONE ESPOSTA DELLA VERTEBRA CERVICALE,NON SPECIFICATA"
839.11,LUSSAZIONE ESPOSTA DELLA PRIMA VERTEBRA CERVICALE
839.12,LUSSAZIONE ESPOSTA DELLA SECONDA VERTEBRA CERVICALE
839.13,LUSSAZIONE ESPOSTA DELLA TERZA VERTEBRA CERVICALE
839.14,LUSSAZIONE ESPOSTA DELLA QUARTA VERTEBRA CERVICALE
839.15,LUSSAZIONE ESPOSTA DELLA QUINTA VERTEBRA CERVICALE
839.16,LUSSAZIONE ESPOSTA DELLA SESTA VERTEBRA CERVICALE
839.17,LUSSAZIONE ESPOSTA DELLA SETTIMA VERTEBRA CERVICALE
839.18,LUSSAZIONE ESPOSTA DI MULTIPLE VERTEBRE CERVICALI
839.2,LUSSAZIONE CHIUSA DI VERTEBRE TORACICHE E LOMBARI CHIUSE
839.20,LUSSAZIONE CHIUSA DELLE VERTEBRE LOMBARI
839.21,LUSSAZIONE CHIUSA DELLE VERTEBRE TORACICHE
839.3,"LUSSAZIONE DELLE VERTEBRE TORACICHE E LOMBARI, ESPOSTE"
839.30,LUSSAZIONE ESPOSTA DELLE VERTEBRE LOMBARI
839.31,LUSSAZIONE ESPOSTA DELLE VERTEBRE TORACICHE
839.4,"LUSSAZIONE DI ALTRE VERTEBRE, CHIUSE"
839.40,"LUSSAZIONE CHIUSA DI VERTEBRA,SITO NON SPECIFICATO"
839.41,LUSSAZIONE CHIUSA DEL COCCIGE
839.42,LUSSAZIONE CHIUSA DEL SACRO
839.49,"ALTRA LUSSAZIONE DI ALTRE VERTEBRE,CHIUSE"
839.5,"LUSSAZIONE DI ALTRE VERTEBRE, ESPOSTE"
839.50,"LUSSAZIONE ESPOSTA DI VERTEBRA,SITO NON SPECIFICATO"
839.51,LUSSAZIONE ESPOSTA DEL COCCIGE
839.52,LUSSAZIONE ESPOSTA DEL SACRO
839.59,"ALTRA LUSSAZIONE DI ALTRE VERTEBRE,ESPOSTE"
839.6,"LUSSAZIONE ALTRE LOCALIZZAZIONI, CHIUSE"
839.61,LUSSAZIONE CHIUSA DELLO STERNO
839.69,"LUSSAZIONE ALTRE LOCALIZZAZIONI,CHIUSE,ALTRO"
839.7,"LUSSAZIONE, ALTRE LOCALIZZAZIONI, ESPOSTE"
839.71,LUSSAZIONE ESPOSTA DELLO STERNO
839.79,"LUSSAZIONE ALTRE LOCALIZZAZIONI,ESPOSTE,ALTRO"
839.8,"LUSSAZIONI MULTIPLE E MAL DEFINITE,CHIUSE"
839.9,"LUSSAZIONI MULTIPLE E MAL DEFINITE,ESPOSTE"
840,DISTORSIONE E DISTRAZIONE DELLA SPALLA E DEL BRACCIO
840.0,DISTORSIONE E DISTRAZIONE ACROMIOCLAVICOLARE (ARTICOLAZIONE) (LEGAMENTO)
840.1,DISTORSIONE E DISTRAZIONE CORACOCLAVICOLARE (LEGAMENTO)
840.2,DISTORSIONE E DISTRAZIONE CORACO-OMERALE (LEGAMENTO)
840.3,DISTORSIONE E DISTRAZIONE SOTTOSPINOSO (MUSCOLO) (LEGAMENTO)
840.4,DISTORSIONE E DISTRAZIONE CUFFIA DEI ROTATORI (CAPSULA)
840.5,DISTORSIONE E DISTRAZIONE SOTTOSCAPOLARE (MUSCOLO)
840.6,DISTORSIONE E DISTRAZIONE SOPRASPINOSO (MUSCOLO) (TENDINE)
840.7,LESIONE DEL LABRUM GLENOIDE SUPERIORE
840.8,DISTORSIONE E DISTRAZIONE DI ALTRI SITI SPECIFICATI DELLA SPALLA E DEL BRACCIO
840.9,DISTORSIONE E DISTRAZIONE DI SITO NON SPECIFICATO DELLA SPALLA E DEL BRACCIO
841,DISTORSIONE E DISTRAZIONE DEL GOMITO E DELL'AVAMBRACCIO
841.0,DISTORSIONE E DISTRAZIONE DEL LEGAMENTO LATERALE ESTERNO
841.1,DISTORSIONE E DISTRAZIONE DEL LEGAMENTO LATERALE INTERNO
841.2,DISTORSIONE E DISTRAZIONE RADIO-OMERALE (ARTICOLAZIONE)
841.3,DISTORSIONE E DISTRAZIONE OMEROCUBITALE (ARTICOLAZIONE)
841.8,DISTORSIONE E DISTRAZIONE DI ALTRI SITI SPECIFICATI DEL GOMITO E DELL'AVAMBRACCIO
841.9,DISTORSIONE E DISTRAZIONE DI SITO NON SPECIFICATO DEL GOMITO E DELL'AVAMBRACCIO
842,DISTORSIONE E DISTRAZIONE DEL POLSO E DELLA MANO
842.0,DISTORSIONE E DISTRAZIONE DEL POLSO
842.00,DISTORSIONE E DISTRAZIONE DI SITO NON SPECIFICATO DEL POLSO E DELLA MANO
842.01,DISTORSIONE E DISTRAZIONE CARPALE (ARTICOLAZIONE)
842.02,DISTORSIONE E DISTRAZIONE RADIOCARPALE (ARTICOLAZIONE) (LEGAMENTO)
842.09,DISTORSIONE E DISTRAZIONE DI ALTRO SITO DEL POLSO
842.1,DISTORSIONE E DISTRAZIONE DELLA MANO
842.10,DISTORSIONE E DISTRAZIONE DI SITO NON SPECIFICATO DELLA MANO
842.11,DISTORSIONE E DISTRAZIONE CARPOMETACARPALE (ARTICOLAZIONE)
842.12,DISTORSIONE E DISTRAZIONE METACARPOFALANGEA (ARTICOLAZIONE)
842.13,DISTORSIONE E DISTRAZIONE INTERFALANGEA (ARTICOLAZIONE)
842.19,DISTORSIONE E DISTRAZIONE DI ALTRO SITO DELLA MANO
843,DISTORSIONE E DISTRAZIONE DELL'ANCA E DELLA COSCIA
843.0,DISTORSIONE E DISTRAZIONE ILIOFEMORALE (LEGAMENTO)
843.1,DISTORSIONE E DISTRAZIONE ISCHIOCAPSULARE (LEGAMENTO)
843.8,DISTORSIONE E DISTRAZIONE DI ALTRI SITI SPECIFICATI DELL'ANCA E DELLA COSCIA
843.9,DISTORSIONE E DISTRAZIONE DI SITO NON SPECIFICATO DELL'ANCA E DELLA COSCIA
844,DISTORSIONE E DISTRAZIONE DEL GINOCCHIO E DELLA GAMBA
844.0,DISTORSIONE E DISTRAZIONE LEGAMENTO COLLATERALE ESTERNO DEL GINOCCHIO
844.1,DISTORSIONE E DISTRAZIONE LEGAMENTO COLLATERALE MEDIALE DEL GINOCCHIO
844.2,DISTORSIONE E DISTRAZIONE LEGAMENTO CROCIATO DEL GINOCCHIO
844.3,DISTORSIONE E DISTRAZIONE TIBIOPERONEALE SUPERIORE (ARTICOLAZIONE) (LEGAMENTO)
844.8,DISTORSIONE E DISTRAZIONE DI ALTRI SITI SPECIFICATI DEL GINOCCHIO E DELLA GAMBA
844.9,DISTORSIONE E DISTRAZIONE DI SITO NON SPECIFICATO DEL GINOCCHIO E DELLA GAMBA
845,DISTORSIONE E DISTRAZIONE DELLA CAVIGLIA E DEL PIEDE
845.0,DISTORSIONE E DISTRAZIONE DELLA CAVIGLIA
845.00,DISTORSIONE E DISTRAZIONE DI SITO NON SPECIFICATO DELLA CAVIGLIA
845.01,"DISTORSIONE E DISTRAZIONE DEL DELTOIDE (LEGAMENTO),CAVIGLIA"
845.02,DISTORSIONE E DISTRAZIONE CALCANEOPERONEALE (LEGAMENTO)
845.03,"DISTORSIONE E DISTRAZIONE TIBIOPERONEALE (LEGAMENTO),DISTALE"
845.09,DISTORSIONE E DISTRAZIONE DI ALTRO SITO DELLA CAVIGLIA
845.1,DISTORSIONE E DISTRAZIONE DEL PIEDE
845.10,DISTORSIONE E DISTRAZIONE DI SITO NON SPECIFICATO DEL PIEDE
845.11,DISTORSIONE E DISTRAZIONE TARSOMETATARSALE (ARTICOLAZIONE) (LEGAMENTO)
845.12,DISTORSIONE E DISTRAZIONE METATARSOFALANGEA (ARTICOLAZIONE)
845.13,"DISTORSIONE E DISTRAZIONE INTERFALANGEA (ARTICOLAZIONE),DITO DEL PIEDE"
845.19,DISTORSIONE E DISTRAZIONE DI ALTRO SITO DEL PIEDE
846,DISTORSIONE E DISTRAZIONE DELLA REGIONE SACROILIACA
846.0,DISTORSIONE E DISTRAZIONE LOMBOSACRALE (ARTICOLAZIONE) (LEGAMENTO)
846.1,DISTORSIONE E DISTRAZIONE LEGAMENTO SACROILIACO
846.2,DISTORSIONE E DISTRAZIONE SACROSPINOSO (LEGAMENTO)
846.3,DISTORSIONE E DISTRAZIONE SACROTUBEROSO (LEGAMENTO)
846.8,DISTORSIONE E DISTRAZIONE DI ALTRI SITI SPECIFICATI DELLA REGIONE SACROILIACA
846.9,DISTORSIONE E DISTRAZIONE DI SITO NON SPECIFICATO DELLA REGIONE SACROILIACA
847,DISTORSIONE E DISTRAZIONE DI ALTRE E NON SPECIFICATE PARTI DEL DORSO
847.0,DISTORSIONE E DISTRAZIONE DEL COLLO
847.1,DISTORSIONE E DISTRAZIONE TORACICA
847.2,DISTORSIONE E DISTRAZIONE LOMBARE
847.3,DISTORSIONE E DISTRAZIONE DEL SACRO
847.4,DISTORSIONE E DISTRAZIONE DEL COCCIGE
847.9,DISTORSIONE E DISTRAZIONE DI SITO NON SPECIFICATO DEL DORSO
848,ALTRE E MAL DEFINITE DISTORSIONI E DISTRAZIONI
848.0,ALTRA E MAL DEFINITA DISTORSIONE E DISTRAZIONE DI CARTILAGINE DEL SETTO NASALE
848.1,ALTRA E MAL DEFINITE DISTORSIONE E DISTRAZIONE MASCELLARE
848.2,ALTRA E MAL DEFINITA DISTORSIONE E DISTRAZIONE DELLA REGIONE TIROIDEA
848.3,ALTRA E MAL DEFINITA DISTORSIONE E DISTRAZIONE DELLE COSTOLE
848.4,ALTRA E MAL DEFINITE DISTORSIONE E DISTRAZIONE DELLO STERNO
848.40,ALTRA E MAL DEFINITA DISTORSIONE E DISTRAZIONE DI SITO NON SPECIFICATO
848.41,ALTRA E MAL DEFINITA DISTORSIONE E DISTRAZIONE STERNOCLAVICOLARE (ARTICOLAZIONE) (LEGAMENTO)
848.42,ALTRA E MAL DEFINITA DISTORSIONE E DISTRAZIONE CONDROSTERNALE (ARTICOLAZIONE)
848.49,ALTRA E MAL DEFINITA DISTORSIONE E DISTRAZIONE DELLO STERNO
848.5,ALTRA E MAL DEFINITA DISTORSIONE E DISTRAZIONE DEL BACINO
848.8,ALTRI SITI SPECIFICATI DI DISTORSIONI E DISTRAZIONI
848.9,SITO NON SPECIFICATO DI DISTORSIONI E DISTRAZIONI
850,CONCUSSIONE
850.0,CONCUSSIONE CON NESSUNA PERDITA DI COSCIENZA
850.1,CONCUSSIONE CON BREVE PERDITA DI COSCIENZA
850.11,CON PERDITA DI COSCIENZA DI DURATA INFERIORE O UGUALE A 30 MINUTI
850.12,CON PERDITA DI COSCIENZA DI DURATA COMPRESA TRA 31 E 59 MINUTI
850.2,CONCUSSIONE CON MODERATA PERDITA DI COSCIENZA
850.3,CONCUSSIONE CON PROLUNGATA PERDITA DI COSCIENZA E RITORNO AL LIVELLO DI COSCIENZA PREESISTENTE
850.4,"CONCUSSIONE CON PROLUNGATA PERDITA DI COSCIENZA,SENZA RITORNO AL LIVELLO DI COSCIENZA PREESISTENTE"
850.5,CONCUSSIONE CON PERDITA DI COSCIENZA DI DURATA NON SPECIFICATA
850.9,"CON CONCUSSIONE,NON SPECIFICATA"
851,LACERAZIONE E CONTUSIONE CEREBRALI
851.0,CONTUSIONE DELLA CORTECCIA (CEREBRALE) SENZA MENZIONE DI FERITA INTRACRANICA ESPOSTA
851.00,"CONTUSIONE DELLA CORTECCIA (CEREBRALE) SENZA MENZIONE DI FERITA INTRACRANICA ESPOSTA,STATO DI COSCIENZA NON SPECIFICATO"
851.01,"CONTUSIONE DELLA CORTECCIA (CEREBRALE) SENZA MENZIONE DI FERITA INTRACRANICA ESPOSTA,SENZA PERDITA DI COSCIENZA"
851.02,"CONTUSIONE DELLA CORTECCIA (CEREBRALE) SENZA MENZIONE DI FERITA INTRACRANICA ESPOSTA,CON BREVE [MENO DI UN'ORA] PERDITA DI COSCIENZA"
851.03,CONTUSIONE DELLA CORTECCIA (CEREBRALE) SENZA MENZIONE DI FERITA INTRACRANICA ESPOSTA CON MODERATA [1-24 ORE] PERDITA DI COSCIENZA
851.04,CONTUSIONE DELLA CORTECCIA (CEREBRALE) SENZA MENZIONE DI FERITA INTRACRANICA ESPOSTA CON PROLUNGATA [PIY DI 24 ORE] PERDITA DI COSCIENZA E RITORNO AL LIVELLO DI COSCIENZA PREESISTENTE
851.05,"CONTUSIONE DELLA CORTECCIA (CEREBRALE) SENZA MENZIONE DI FERITA INTRACRANICA ESPOSTA,CON PROLUNGATA [PIY DI 24 ORE] PERDITA DI COSCIENZA SENZA RITORNO AL LIVELLO DI COSCIENZA PREESISTENTE"
851.06,"CONTUSIONE DELLA CORTECCIA (CEREBRALE) SENZA MENZIONE DI FERITA INTRACRANICA ESPOSTA,CON PERDITA DI COSCIENZA DI DURATA NON SPECIFICATA"
851.09,"CONTUSIONE DELLA CORTECCIA (CEREBRALE) SENZA MENZIONE DI FERITA INTRACRANICA ESPOSTA,CON CONCUSSIONE,NON SPECIFICATA"
851.1,CONTUSIONE DELLA CORTECCIA (CEREBRALE) CON FERITA INTRACRANICA ESPOSTA
851.10,"CONTUSIONE DELLA CORTECCIA (CEREBRALE) CON FERITA INTRACRANICA ESPOSTA,STATO DI COSCIENZA NON SPECIFICATO"
851.11,"CONTUSIONE DELLA CORTECCIA (CEREBRALE) CON FERITA INTRACRANICA ESPOSTA,SENZA PERDITA DI COSCIENZA"
851.12,"CONTUSIONE DELLA CORTECCIA (CEREBRALE) CON FERITA INTRACRANICA ESPOSTA,CON BREVE [MENO DI UN'ORA] PERDITA DI COSCIENZA"
851.13,"CONTUSIONE DELLA CORTECCIA (CEREBRALE) CON FERITA INTRACRANICA ESPOSTA,CON MODERATA [1-24 ORE] PERDITA DI COSCIENZA"
851.14,"CONTUSIONE DELLA CORTECCIA (CEREBRALE) CON FERITA INTRACRANICA ESPOSTA,CON PROLUNGATA [PIY DI 24 ORE] PERDITA DI COSCIENZA E RITORNO AL LIVELLO DI COSCIENZA PREESISTENTE"
851.15,"CONTUSIONE DELLA CORTECCIA (CEREBRALE) CON FERITA INTRACRANICA ESPOSTA,CON PROLUNGATA [PIY DI 24 ORE] PERDITA DI COSCIENZA SENZA RITORNO AL LIVELLO DI COSCIENZA PREESISTENTE"
851.16,"CONTUSIONE DELLA CORTECCIA (CEREBRALE) CON FERITA INTRACRANICA ESPOSTA,CON PERDITA DI COSCIENZA DI DURATA NON SPECIFICATA"
851.19,"CONTUSIONE DELLA CORTECCIA (CEREBRALE) CON FERITA INTRACRANICA ESPOSTA,CON CONCUSSIONE,NON SPECIFICATA"
851.2,LACERAZIONE DELLA CORTECCIA (CEREBRALE) SENZA MENZIONE DI FERITA INTRACRANICA ESPOSTA
851.20,"LACERAZIONE DELLA CORTECCIA (CEREBRALE) SENZA MENZIONE DI FERITA INTRACRANICA ESPOSTA,STATO DI COSCIENZA NON SPECIFICATO"
851.21,"LACERAZIONE DELLA CORTECCIA (CEREBRALE) SENZA MENZIONE DI FERITA INTRACRANICA ESPOSTA,SENZA PERDITA DI COSCIENZA"
851.22,"LACERAZIONE DELLA CORTECCIA (CEREBRALE) SENZA MENZIONE DI FERITA INTRACRANICA ESPOSTA,CON BREVE [MENO DI UN'ORA] PERDITA DI COSCIENZA"
851.23,"LACERAZIONE DELLA CORTECCIA (CEREBRALE) SENZA MENZIONE DI FERITA INTRACRANICA ESPOSTA,CON MODERATA [1-24 ORE] PERDITA DI COSCIENZA"
851.24,"LACERAZIONE DELLA CORTECCIA (CEREBRALE) SENZA MENZIONE DI FERITA INTRACRANICA ESPOSTA,CON PROLUNGATA [PIY DI 24 ORE] PERDITA DI COSCIENZA E RITORNO AL LIVELLO DI COSCIENZA PREESISTENTE"
851.25,"LACERAZIONE DELLA CORTECCIA (CEREBRALE) SENZA MENZIONE DI FERITA INTRACRANICA ESPOSTA,CON PROLUNGATA [PIY DI 24 ORE] PERDITA DI COSCIENZA SENZA RITORNO AL LIVELLO DI COSCIENZA PREESISTENTE"
851.26,"LACERAZIONE DELLA CORTECCIA (CEREBRALE) SENZA MENZIONE DI FERITA INTRACRANICA ESPOSTA,CON PERDITA DI COSCIENZA DI DURATA NON SPECIFICATA"
851.29,"LACERAZIONE DELLA CORTECCIA (CEREBRALE) SENZA MENZIONE DI FERITA INTRACRANICA ESPOSTA,CON CONCUSSIONE,NON SPECIFICATA"
851.3,LACERAZIONE DELLA CORTECCIA (CEREBRALE) CON FERITA INTRACRANICA ESPOSTA
851.30,"LACERAZIONE DELLA CORTECCIA (CEREBRALE) CON FERITA INTRACRANICA ESPOSTA,STATO DI COSCIENZA NON SPECIFICATO"
851.31,"LACERAZIONE DELLA CORTECCIA (CEREBRALE) CON FERITA INTRACRANICA ESPOSTA,SENZA PERDITA DI COSCIENZA"
851.32,"LACERAZIONE DELLA CORTECCIA (CEREBRALE) CON FERITA INTRACRANICA ESPOSTA,CON BREVE [MENO DI UN'ORA] PERDITA DI COSCIENZA"
851.33,"LACERAZIONE DELLA CORTECCIA (CEREBRALE) CON FERITA INTRACRANICA ESPOSTA,CON MODERATA [1-24 ORE] PERDITA DI COSCIENZA"
851.34,"LACERAZIONE DELLA CORTECCIA (CEREBRALE) CON FERITA INTRACRANICA ESPOSTA,CON PROLUNGATA [PIY DI 24 ORE] PERDITA DI COSCIENZA E RITORNO AL LIVELLO DI COSCIENZA PREESISTENTE"
851.35,"LACERAZIONE DELLA CORTECCIA (CEREBRALE) CON FERITA INTRACRANICA ESPOSTA,CON PROLUNGATA [PIY DI 24 ORE] PERDITA DI COSCIENZA SENZA RITORNO AL LIVELLO DI COSCIENZA PREESISTENTE"
851.36,"LACERAZIONE DELLA CORTECCIA (CEREBRALE) CON FERITA INTRACRANICA ESPOSTA,CON PERDITA DI COSCIENZA DI DURATA NON SPECIFICATA"
851.39,"LACERAZIONE DELLA CORTECCIA (CEREBRALE) CON FERITA INTRACRANICA ESPOSTA,CON CONCUSSIONE,NON SPECIFICATA"
851.4,CONTUSIONE CEREBELLARE O DEL TRONCO CEREBRALE SENZA MENZIONE DI FERITA INTRACRANICA ESPOSTA
851.40,"CONTUSIONE CEREBELLARE O DEL TRONCO CEREBRALE SENZA MENZIONE DI FERITA INTRACRANICA ESPOSTA,STATO DI COSCIENZA NON SPECIFICATO"
851.41,"CONTUSIONE CEREBELLARE O DEL TRONCO CEREBRALE SENZA MENZIONE DI FERITA INTRACRANICA ESPOSTA,SENZA PERDITA DI COSCIENZA"
851.42,"CONTUSIONE CEREBELLARE O DEL TRONCO CEREBRALE SENZA MENZIONE DI FERITA INTRACRANICA ESPOSTA,CON BREVE [MENO DI UN'ORA] PERDITA DI COSCIENZA"
851.43,"CONTUSIONE CEREBELLARE O DEL TRONCO CEREBRALE SENZA MENZIONE DI FERITA INTRACRANICA ESPOSTA,CON MODERATA [1-24 ORE] PERDITA DI COSCIENZA"
851.44,"CONTUSIONE CEREBELLARE O DEL TRONCO CEREBRALE SENZA MENZIONE DI FERITA INTRACRANICA ESPOSTA,CON PROLUNGATA [PIY DI 24 ORE] PERDITA DI COSCIENZA E RITORNO AL LIVELLO DI COSCIENZA PREESISTENTE"
851.45,"CONTUSIONE CEREBELLARE O DEL TRONCO CEREBRALE SENZA MENZIONE DI FERITA INTRACRANICA ESPOSTA,CON PROLUNGATA [PIY DI 24 ORE] PERDITA DI COSCIENZA SENZA RITORNO AL LIVELLO DI COSCIENZA PREESISTENTE"
851.46,"CONTUSIONE CEREBELLARE O DEL TRONCO CEREBRALE SENZA MENZIONE DI FERITA INTRACRANICA ESPOSTA,CON PERDITA DI COSCIENZA DI DURATA NON SPECIFICATA"
851.49,"CONTUSIONE CEREBELLARE O DEL TRONCO CEREBRALE SENZA MENZIONE DI FERITA INTRACRANICA ESPOSTA,CON CONCUSSIONE,NON SPECIFICATA"
851.5,CONTUSIONE CEREBELLARE O DEL TRONCO CEREBRALE CON FERITA INTRACRANICA ESPOSTA
851.50,"CONTUSIONE CEREBELLARE O DEL TRONCO CEREBRALE CON FERITA INTRACRANICA ESPOSTA,STATO DI COSCIENZA NON SPECIFICATO"
851.51,"CONTUSIONE CEREBELLARE O DEL TRONCO CEREBRALE CON FERITA INTRACRANICA ESPOSTA,SENZA PERDITA DI COSCIENZA"
851.52,"CONTUSIONE CEREBELLARE O DEL TRONCO CEREBRALE CON FERITA INTRACRANICA ESPOSTA,CON BREVE [MENO DI UN'ORA] PERDITA DI COSCIENZA"
851.53,"CONTUSIONE CEREBELLARE O DEL TRONCO CEREBRALE CON FERITA INTRACRANICA ESPOSTA,CON MODERATA [1-24 ORE] PERDITA DI COSCIENZA"
851.54,"CONTUSIONE CEREBELLARE O DEL TRONCO CEREBRALE CON FERITA INTRACRANICA ESPOSTA,CON PROLUNGATA [PIY DI 24 ORE] PERDITA DI COSCIENZA E RITORNO AL LIVELLO DI COSCIENZA PREESISTENTE"
851.55,"CONTUSIONE CEREBELLARE O DEL TRONCO CEREBRALE CON FERITA INTRACRANICA ESPOSTA,CON PROLUNGATA [PIY DI 24 ORE] PERDITA DI COSCIENZA SENZA RITORNO AL LIVELLO DI COSCIENZA PREESISTENTE"
851.56,"CONTUSIONE CEREBELLARE O DEL TRONCO CEREBRALE CON FERITA INTRACRANICA ESPOSTA,CON PERDITA DI COSCIENZA DI DURATA NON SPECIFICATA"
851.59,"CONTUSIONE CEREBELLARE O DEL TRONCO CEREBRALE CON FERITA INTRACRANICA ESPOSTA,CON CONCUSSIONE,NON SPECIFICATA"
851.6,LACERAZIONE CEREBELLARE O DEL TRONCO CEREBRALE SENZA MENZIONE DI FERITA INTRACRANICA ESPOSTA
851.60,"LACERAZIONE CEREBELLARE O DEL TRONCO CEREBRALE SENZA MENZIONE DI FERITA INTRACRANICA ESPOSTA,STATO DI COSCIENZA NON SPECIFICATO"
851.61,"LACERAZIONE CEREBELLARE O DEL TRONCO CEREBRALE SENZA MENZIONE DI FERITA INTRACRANICA ESPOSTA,SENZA PERDITA DI COSCIENZA"
851.62,"LACERAZIONE CEREBELLARE O DEL TRONCO CEREBRALE SENZA MENZIONE DI FERITA INTRACRANICA ESPOSTA,CON BREVE [MENO DI UN'ORA] PERDITA DI COSCIENZA"
851.63,"LACERAZIONE CEREBELLARE O DEL TRONCO CEREBRALE SENZA MENZIONE DI FERITA INTRACRANICA ESPOSTA,CON MODERATA [1-24 ORE] PERDITA DI COSCIENZA"
851.64,"LACERAZIONE CEREBELLARE O DEL TRONCO CEREBRALE SENZA MENZIONE DI FERITA INTRACRANICA ESPOSTA,CON PROLUNGATA [PIY DI 24 ORE] PERDITA DI COSCIENZA E RITORNO AL LIVELLO DI COSCIENZA PREESISTENTE"
851.65,"LACERAZIONE CEREBELLARE O DEL TRONCO CEREBRALE SENZA MENZIONE DI FERITA INTRACRANICA ESPOSTA,CON PROLUNGATA [PIY DI 24 ORE] PERDITA DI COSCIENZA SENZA RITORNO AL LIVELLO DI COSCIENZA PREESISTENTE"
851.66,"LACERAZIONE CEREBELLARE O DEL TRONCO CEREBRALE SENZA MENZIONE DI FERITA INTRACRANICA ESPOSTA,CON PERDITA DI COSCIENZA DI DURATA NON SPECIFICATA"
851.69,"LACERAZIONE CEREBELLARE O DEL TRONCO CEREBRALE SENZA MENZIONE DI FERITA INTRACRANICA ESPOSTA,CON CONCUSSIONE,NON SPECIFICATA"
851.7,LACERAZIONE CEREBELLARE O DEL TRONCO CEREBRALE CON FERITA INTRACRANICA ESPOSTA
851.70,"LACERAZIONE CEREBELLARE O DEL TRONCO CEREBRALE CON FERITA INTRACRANICA ESPOSTA,STATO DI COSCIENZA NON SPECIFICATO"
851.71,"LACERAZIONE CEREBELLARE O DEL TRONCO CEREBRALE CON FERITA INTRACRANICA ESPOSTA,SENZA PERDITA DI COSCIENZA"
851.72,"LACERAZIONE CEREBELLARE O DEL TRONCO CEREBRALE CON FERITA INTRACRANICA ESPOSTA,CON BREVE [MENO DI UN'ORA] PERDITA DI COSCIENZA"
851.73,"LACERAZIONE CEREBELLARE O DEL TRONCO CEREBRALE CON FERITA INTRACRANICA ESPOSTA,CON MODERATA [1-24 ORE] PERDITA DI COSCIENZA"
851.74,"LACERAZIONE CEREBELLARE O DEL TRONCO CEREBRALE CON FERITA INTRACRANICA ESPOSTA,CON PROLUNGATA [PIY DI 24 ORE] PERDITA DI COSCIENZA E RITORNO AL LIVELLO DI COSCIENZA PREESISTENTE"
851.75,"LACERAZIONE CEREBELLARE O DEL TRONCO CEREBRALE CON FERITA INTRACRANICA ESPOSTA,CON PROLUNGATA [PIY DI 24 ORE] PERDITA DI COSCIENZA SENZA RITORNO AL LIVELLO DI COSCIENZA PREESISTENTE"
851.76,"LACERAZIONE CEREBELLARE O DEL TRONCO CEREBRALE CON FERITA INTRACRANICA ESPOSTA,CON PERDITA DI COSCIENZA DI DURATA NON SPECIFICATA"
851.79,"LACERAZIONE CEREBELLARE O DEL TRONCO CEREBRALE CON FERITA INTRACRANICA ESPOSTA,CON CONCUSSIONE,NON SPECIFICATA"
851.8,ALTRA E NON SPECIFICATA LACERAZIONE CEREBRALE E CONTUSIONE SENZA FERITA INTRACRANICA ESPOSTA
851.80,"ALTRA E NON SPECIFICATA LACERAZIONE CEREBRALE E CONTUSIONE SENZA FERITA INTRACRANICA ESPOSTA,STATO DI COSCIENZA NON SPECIFICATO"
851.81,"ALTRA E NON SPECIFICATA LACERAZIONE CEREBRALE E CONTUSIONE SENZA FERITA INTRACRANICA ESPOSTA,SENZA PERDITA DI COSCIENZA"
851.82,"ALTRA E NON SPECIFICATA LACERAZIONE CEREBRALE E CONTUSIONE SENZA FERITA INTRACRANICA ESPOSTA,CON BREVE [MENO DI UN'ORA] PERDITA DI COSCIENZA"
851.83,"ALTRA E NON SPECIFICATA LACERAZIONE CEREBRALE E CONTUSIONE SENZA FERITA INTRACRANICA ESPOSTA,CON MODERATA [1-24 ORE] PERDITA DI COSCIENZA"
851.84,"ALTRA E NON SPECIFICATA LACERAZIONE CEREBRALE E CONTUSIONE SENZA FERITA INTRACRANICA ESPOSTA,CON PROLUNGATA [PIY DI 24 ORE] PERDITA DI COSCIENZA E RITORNO AL LIVELLO DI COSCIENZA PREESISTENTE"
851.85,"ALTRA E NON SPECIFICATA LACERAZIONE CEREBRALE E CONTUSIONE SENZA FERITA INTRACRANICA ESPOSTA,CON PROLUNGATA [PIY DI 24 ORE] PERDITA DI COSCIENZA SENZA RITORNO AL LIVELLO DI COSCIENZA PREESISTENTE"
851.86,"ALTRA E NON SPECIFICATA LACERAZIONE CEREBRALE E CONTUSIONE SENZA FERITA INTRACRANICA ESPOSTA,CON PERDITA DI COSCIENZA DI DURATA NON SPECIFICATA"
851.89,"ALTRA E NON SPECIFICATA LACERAZIONE CEREBRALE E CONTUSIONE SENZA FERITA INTRACRANICA ESPOSTA,CON CONCUSSIONE,NON SPECIFICATA"
851.9,ALTRA E NON SPECIFICATA LACERAZIONE CEREBRALE E CONTUSIONE CON FERITA INTRACRANICA ESPOSTA
851.90,"ALTRA E NON SPECIFICATA LACERAZIONE CEREBRALE E CONTUSIONE SENZA FERITA INTRACRANICA ESPOSTA,STATO DI COSCIENZA NON SPECIFICATO"
851.91,"ALTRA E NON SPECIFICATA LACERAZIONE CEREBRALE E CONTUSIONE SENZA FERITA INTRACRANICA ESPOSTA,SENZA PERDITA DI COSCIENZA"
851.92,"ALTRA E NON SPECIFICATA LACERAZIONE CEREBRALE E CONTUSIONE SENZA FERITA INTRACRANICA ESPOSTA,CON BREVE [MENO DI UN'ORA] PERDITA DI COSCIENZA"
851.93,"ALTRA E NON SPECIFICATA LACERAZIONE CEREBRALE E CONTUSIONE SENZA FERITA INTRACRANICA ESPOSTA,CON MODERATA [1-24 ORE] PERDITA DI COSCIENZA"
851.94,"ALTRA E NON SPECIFICATA LACERAZIONE CEREBRALE E CONTUSIONE SENZA FERITA INTRACRANICA ESPOSTA,CON PROLUNGATA [PIY DI 24 ORE] PERDITA DI COSCIENZA E RITORNO AL LIVELLO DI COSCIENZA PREESISTENTE"
851.95,"ALTRA E NON SPECIFICATA LACERAZIONE CEREBRALE E CONTUSIONE SENZA FERITA INTRACRANICA ESPOSTA,CON PROLUNGATA [PIY DI 24 ORE] PERDITA DI COSCIENZA SENZA RITORNO AL LIVELLO DI COSCIENZA PREESISTENTE"
851.96,"ALTRA E NON SPECIFICATA LACERAZIONE CEREBRALE E CONTUSIONE SENZA FERITA INTRACRANICA ESPOSTA,CON PERDITA DI COSCIENZA DI DURATA NON SPECIFICATA"
851.99,"ALTRA E NON SPECIFICATA LACERAZIONE CEREBRALE E CONTUSIONE SENZA FERITA INTRACRANICA ESPOSTA,CON CONCUSSIONE,NON SPECIFICATA"
852,"EMORRAGIA SUBARACNOIDEA, SUBDURALE ED EXTRADURALE CONSECUTIVE A TRAUMATISMO"
852.0,EMORRAGIA SUBARACNOIDEA CONSECUTIVA A TRAUMATISMO SENZA MENZIONE DI FERITA INTRACRANICA ESPOSTA
852.00,"EMORRAGIA SUBARACNOIDEA CONSECUTIVA A TRAUMATISMO SENZA MENZIONE DI FERITA INTRACRANICA ESPOSTA,STATO DI COSCIENZA NON SPECIFICATO"
852.01,"EMORRAGIA SUBARACNOIDEA CONSECUTIVA A TRAUMATISMO SENZA MENZIONE DI FERITA INTRACRANICA ESPOSTA,SENZA PERDITA DI COSCIENZA"
852.02,"EMORRAGIA SUBARACNOIDEA CONSECUTIVA A TRAUMATISMO SENZA MENZIONE DI FERITA INTRACRANICA ESPOSTA,CON BREVE [MENO DI UN'ORA] PERDITA DI COSCIENZA"
852.03,"EMORRAGIA SUBARACNOIDEA CONSECUTIVA A TRAUMATISMO SENZA MENZIONE DI FERITA INTRACRANICA ESPOSTA,CON MODERATA [1-24 ORE] PERDITA DI COSCIENZA"
852.04,"EMORRAGIA SUBARACNOIDEA CONSECUTIVA A TRAUMATISMO SENZA MENZIONE DI FERITA INTRACRANICA ESPOSTA,CON PROLUNGATA [PIY DI 24 ORE] PERDITA DI COSCIENZA E RITORNO AL LIVELLO DI COSCIENZA PREESISTENTE"
852.05,"EMORRAGIA SUBARACNOIDEA CONSECUTIVA A TRAUMATISMO SENZA MENZIONE DI FERITA INTRACRANICA ESPOSTA,CON PROLUNGATA [PIY DI 24 ORE] PERDITA DI COSCIENZA SENZA RITORNO AL LIVELLO DI COSCIENZA PREESISTENTE"
852.06,"EMORRAGIA SUBARACNOIDEA CONSECUTIVA A TRAUMATISMO SENZA MENZIONE DI FERITA INTRACRANICA ESPOSTA,CON PERDITA DI COSCIENZA DI DURATA NON SPECIFICATA"
852.09,"EMORRAGIA SUBARACNOIDEA CONSECUTIVA A TRAUMATISMO SENZA MENZIONE DI FERITA INTRACRANICA ESPOSTA,CON CONCUSSIONE,NON SPECIFICATA"
852.1,EMORRAGIA SUBARACNOIDEA CONSECUTIVA A TRAUMATISMO CON FERITA INTRACRANICA ESPOSTA
852.10,"EMORRAGIA SUBARACNOIDEA CONSECUTIVA A TRAUMATISMO CON FERITA INTRACRANICA ESPOSTA,STATO DI COSCIENZA NON SPECIFICATO"
852.11,"EMORRAGIA SUBARACNOIDEA CONSECUTIVA A TRAUMATISMO CON FERITA INTRACRANICA ESPOSTA,SENZA PERDITA DI COSCIENZA"
852.12,"EMORRAGIA SUBARACNOIDEA CONSECUTIVA A TRAUMATISMO CON FERITA INTRACRANICA ESPOSTA,CON BREVE [MENO DI UN'ORA] PERDITA DI COSCIENZA"
852.13,"EMORRAGIA SUBARACNOIDEA CONSECUTIVA A TRAUMATISMO CON FERITA INTRACRANICA ESPOSTA,CON MODERATA [1-24 ORE] PERDITA DI COSCIENZA"
852.14,"EMORRAGIA SUBARACNOIDEA CONSECUTIVA A TRAUMATISMO CON FERITA INTRACRANICA ESPOSTA,CON PROLUNGATA [PIY DI 24 ORE] PERDITA DI COSCIENZA E RITORNO AL LIVELLO DI COSCIENZA PREESISTENTE"
852.15,"EMORRAGIA SUBARACNOIDEA CONSECUTIVA A TRAUMATISMO CON FERITA INTRACRANICA ESPOSTA,CON PROLUNGATA [PIY DI 24 ORE] PERDITA DI COSCIENZA SENZA RITORNO AL LIVELLO DI COSCIENZA PREESISTENTE"
852.16,"EMORRAGIA SUBARACNOIDEA CONSECUTIVA A TRAUMATISMO CON FERITA INTRACRANICA ESPOSTA,CON PERDITA DI COSCIENZA DI DURATA NON SPECIFICATA"
852.19,"EMORRAGIA SUBARACNOIDEA CONSECUTIVA A TRAUMATISMO CON FERITA INTRACRANICA ESPOSTA,CON CONCUSSIONE,NON SPECIFICATA"
852.2,EMORRAGIA SUBDURALE CONSECUTIVA A TRAUMATISMO SENZA MENZIONE DI FERITA INTRACRANICA ESPOSTA
852.20,"EMORRAGIA SUBDURALE CONSECUTIVA A TRAUMATISMO SENZA MENZIONE DI FERITA INTRACRANICA ESPOSTA,STATO DI COSCIENZA NON SPECIFICATO"
852.21,"EMORRAGIA SUBDURALE CONSECUTIVA A TRAUMATISMO SENZA MENZIONE DI FERITA INTRACRANICA ESPOSTA,SENZA PERDITA DI COSCIENZA"
852.22,"EMORRAGIA SUBDURALE CONSECUTIVA A TRAUMATISMO SENZA MENZIONE DI FERITA INTRACRANICA ESPOSTA,CON BREVE [MENO DI UN'ORA] PERDITA DI COSCIENZA"
852.23,"EMORRAGIA SUBDURALE CONSECUTIVA A TRAUMATISMO SENZA MENZIONE DI FERITA INTRACRANICA ESPOSTA,CON MODERATA [1-24 ORE] PERDITA DI COSCIENZA"
852.24,"EMORRAGIA SUBDURALE CONSECUTIVA A TRAUMATISMO SENZA MENZIONE DI FERITA INTRACRANICA ESPOSTA,CON PROLUNGATA [PIY DI 24 ORE] PERDITA DI COSCIENZA E RITORNO AL LIVELLO DI COSCIENZA PREESISTENTE"
852.25,"EMORRAGIA SUBDURALE CONSECUTIVA A TRAUMATISMO SENZA MENZIONE DI FERITA INTRACRANICA ESPOSTA,CON PROLUNGATA [PIY DI 24 ORE] PERDITA DI COSCIENZA SENZA RITORNO AL LIVELLO DI COSCIENZA PREESISTENTE"
852.26,"EMORRAGIA SUBDURALE CONSECUTIVA A TRAUMATISMO SENZA MENZIONE DI FERITA INTRACRANICA ESPOSTA,CON PERDITA DI COSCIENZA DI DURATA NON SPECIFICATA"
852.29,"EMORRAGIA SUBDURALE CONSECUTIVA A TRAUMATISMO SENZA MENZIONE DI FERITA INTRACRANICA ESPOSTA,CON CONCUSSIONE,NON SPECIFICATA"
852.3,EMORRAGIA SUBDURALE CONSECUTIVA A TRAUMATISMO CON FERITA INTRACRANICA ESPOSTA
852.30,"EMORRAGIA SUBDURALE CONSECUTIVA A TRAUMATISMO CON FERITA INTRACRANICA ESPOSTA,STATO DI COSCIENZA NON SPECIFICATO"
852.31,"EMORRAGIA SUBDURALE CONSECUTIVA A TRAUMATISMO CON FERITA INTRACRANICA ESPOSTA,SENZA PERDITA DI COSCIENZA"
852.32,"EMORRAGIA SUBDURALE CONSECUTIVA A TRAUMATISMO CON FERITA INTRACRANICA ESPOSTA,CON BREVE [MENO DI UN'ORA] PERDITA DI COSCIENZA"
852.33,"EMORRAGIA SUBDURALE CONSECUTIVA A TRAUMATISMO CON FERITA INTRACRANICA ESPOSTA,CON MODERATA [1-24 ORE] PERDITA DI COSCIENZA"
852.34,"EMORRAGIA SUBDURALE CONSECUTIVA A TRAUMATISMO CON FERITA INTRACRANICA ESPOSTA,CON PROLUNGATA [PIY DI 24 ORE] PERDITA DI COSCIENZA E RITORNO AL LIVELLO DI COSCIENZA PREESISTENTE"
852.35,"EMORRAGIA SUBDURALE CONSECUTIVA A TRAUMATISMO CON FERITA INTRACRANICA ESPOSTA,CON PROLUNGATA [PIY DI 24 ORE] PERDITA DI COSCIENZA SENZA RITORNO AL LIVELLO DI COSCIENZA PREESISTENTE"
852.36,"EMORRAGIA SUBDURALE CONSECUTIVA A TRAUMATISMO CON FERITA INTRACRANICA ESPOSTA,CON PERDITA DI COSCIENZA DI DURATA NON SPECIFICATA"
852.39,"EMORRAGIA SUBDURALE CONSECUTIVA A TRAUMATISMO CON FERITA INTRACRANICA ESPOSTA,CON CONCUSSIONE,NON SPECIFICATA"
852.4,EMORRAGIA EXTRADURALE CONSECUTIVA A TRAUMATISMO SENZA MENZIONE DI FERITA INTRACRANICA ESPOSTA
852.40,"EMORRAGIA EXTRADURALE CONSECUTIVA A TRAUMATISMO SENZA MENZIONE DI FERITA INTRACRANICA ESPOSTA,STATO DI COSCIENZA NON SPECIFICATO"
852.41,"EMORRAGIA EXTRADURALE CONSECUTIVA A TRAUMATISMO SENZA MENZIONE DI FERITA INTRACRANICA ESPOSTA,SENZA PERDITA DI COSCIENZA"
852.42,"EMORRAGIA EXTRADURALE CONSECUTIVA A TRAUMATISMO SENZA MENZIONE DI FERITA INTRACRANICA ESPOSTA,CON BREVE [MENO DI UN'ORA] PERDITA DI COSCIENZA"
852.43,"EMORRAGIA EXTRADURALE CONSECUTIVA A TRAUMATISMO SENZA MENZIONE DI FERITA INTRACRANICA ESPOSTA,CON MODERATA [1-24 ORE] PERDITA DI COSCIENZA"
852.44,"EMORRAGIA EXTRADURALE CONSECUTIVA A TRAUMATISMO SENZA MENZIONE DI FERITA INTRACRANICA ESPOSTA,CON PROLUNGATA [PIY DI 24 ORE] PERDITA DI COSCIENZA E RITORNO AL LIVELLO DI COSCIENZA PREESISTENTE"
852.45,"EMORRAGIA EXTRADURALE CONSECUTIVA A TRAUMATISMO SENZA MENZIONE DI FERITA INTRACRANICA ESPOSTA,CON PROLUNGATA [PIY DI 24 ORE] PERDITA DI COSCIENZA SENZA RITORNO AL LIVELLO DI COSCIENZA PREESISTENTE"
852.46,"EMORRAGIA EXTRADURALE CONSECUTIVA A TRAUMATISMO SENZA MENZIONE DI FERITA INTRACRANICA ESPOSTA,CON PERDITA DI COSCIENZA DI DURATA NON SPECIFICATA"
852.49,"EMORRAGIA EXTRADURALE CONSECUTIVA A TRAUMATISMO SENZA MENZIONE DI FERITA INTRACRANICA ESPOSTA,CON CONCUSSIONE,NON SPECIFICATA"
852.5,EMORRAGIA EXTRADURALE CONSECUTIVA A TRAUMATISMO CON FERITA INTRACRANICA ESPOSTA
852.50,"EMORRAGIA EXTRADURALE CONSECUTIVA A TRAUMATISMO CON FERITA INTRACRANICA ESPOSTA,STATO DI COSCIENZA NON SPECIFICATO"
852.51,"EMORRAGIA EXTRADURALE CONSECUTIVA A TRAUMATISMO CON FERITA INTRACRANICA ESPOSTA,SENZA PERDITA DI COSCIENZA"
852.52,"EMORRAGIA EXTRADURALE CONSECUTIVA A TRAUMATISMO CON FERITA INTRACRANICA ESPOSTA,CON BREVE [MENO DI UN'ORA] PERDITA DI COSCIENZA"
852.53,"EMORRAGIA EXTRADURALE CONSECUTIVA A TRAUMATISMO CON FERITA INTRACRANICA ESPOSTA,CON MODERATA [1-24 ORE] PERDITA DI COSCIENZA"
852.54,"EMORRAGIA EXTRADURALE CONSECUTIVA A TRAUMATISMO CON FERITA INTRACRANICA ESPOSTA,CON PROLUNGATA [PIY DI 24 ORE] PERDITA DI COSCIENZA E RITORNO AL LIVELLO DI COSCIENZA PREESISTENTE"
852.55,"EMORRAGIA EXTRADURALE CONSECUTIVA A TRAUMATISMO CON FERITA INTRACRANICA ESPOSTA,CON PROLUNGATA [PIY DI 24 ORE] PERDITA DI COSCIENZA SENZA RITORNO AL LIVELLO DI COSCIENZA PREESISTENTE"
852.56,"EMORRAGIA EXTRADURALE CONSECUTIVA A TRAUMATISMO CON FERITA INTRACRANICA ESPOSTA,CON PERDITA DI COSCIENZA DI DURATA NON SPECIFICATA"
852.59,"EMORRAGIA EXTRADURALE CONSECUTIVA A TRAUMATISMO CON FERITA INTRACRANICA ESPOSTA,CON CONCUSSIONE,NON SPECIFICATA"
853,ALTRE E NON SPECIFICATE EMORRAGIE INTRACRANICHE CONSECUTIVE A TRAUMATISMO
853.0,"ALTRE E NON SPECIFICATE EMORRAGIE INTRACRANICHE CONSECUTIVE A TRAUMATISMO, SENZA MENZIONE DI FERITA INTRACRANICA ESPOSTA"
853.00,"ALTRE E NON SPECIFICATE EMORRAGIE INTRACRANICHE CONSECUTIVE A TRAUMATISMO,SENZA MENZIONE DI FERITA INTRACRANICA ESPOSTA,STATO DI COSCIENZA NON SPECIFICATO"
853.01,"ALTRE E NON SPECIFICATE EMORRAGIE INTRACRANICHE CONSECUTIVE A TRAUMATISMO,SENZA MENZIONE DI FERITA INTRACRANICA ESPOSTA,SENZA PERDITA DI COSCIENZA"
853.02,"ALTRE E NON SPECIFICATE EMORRAGIE INTRACRANICHE CONSECUTIVE A TRAUMATISMO,SENZA MENZIONE DI FERITA INTRACRANICA ESPOSTA,CON BREVE [MENO DI UN'ORA] PERDITA DI COSCIENZA"
853.03,"ALTRE E NON SPECIFICATE EMORRAGIE INTRACRANICHE CONSECUTIVE A TRAUMATISMO,SENZA MENZIONE DI FERITA INTRACRANICA ESPOSTA,CON MODERATA [1-24 ORE] PERDITA DI COSCIENZA"
853.04,"ALTRE E NON SPECIFICATE EMORRAGIE INTRACRANICHE CONSECUTIVE A TRAUMATISMO,SENZA MENZIONE DI FERITA INTRACRANICA ESPOSTA,CON PROLUNGATA [PIY DI 24 ORE] PERDITA DI COSCIENZA E RITORNO AL LIVELLO DI COSCIENZA PREESISTENTE"
853.05,"ALTRE E NON SPECIFICATE EMORRAGIE INTRACRANICHE CONSECUTIVE A TRAUMATISMO,SENZA MENZIONE DI FERITA INTRACRANICA ESPOSTA,CON PROLUNGATA [PIY DI 24 ORE] PERDITA DI COSCIENZA SENZA RITORNO AL LIVELLO DI COSCIENZA PREESISTENTE"
853.06,"ALTRE E NON SPECIFICATE EMORRAGIE INTRACRANICHE CONSECUTIVE A TRAUMATISMO,SENZA MENZIONE DI FERITA INTRACRANICA ESPOSTA,CON PERDITA DI COSCIENZA DI DURATA NON SPECIFICATA"
853.09,"ALTRE E NON SPECIFICATE EMORRAGIE INTRACRANICHE CONSECUTIVE A TRAUMATISMO,SENZA MENZIONE DI FERITA INTRACRANICA ESPOSTA,CON CONCUSSIONE,NON SPECIFICATA"
853.1,"ALTRE E NON SPECIFICATE EMORRAGIE INTRACRANICHE CONSECUTIVE A TRAUMATISMO, CON FERITA INTRACRANICA ESPOSTA"
853.10,"ALTRE E NON SPECIFICATE EMORRAGIE INTRACRANICHE CONSECUTIVE A TRAUMATISMO,CON FERITA INTRACRANICA ESPOSTA,STATO DI COSCIENZA NON SPECIFICATO"
853.11,"ALTRE E NON SPECIFICATE EMORRAGIE INTRACRANICHE CONSECUTIVE A TRAUMATISMO,CON FERITA INTRACRANICA ESPOSTA,SENZA PERDITA DI COSCIENZA"
853.12,"ALTRE E NON SPECIFICATE EMORRAGIE INTRACRANICHE CONSECUTIVE A TRAUMATISMO,CON FERITA INTRACRANICA ESPOSTA,CON BREVE [MENO DI UN'ORA] PERDITA DI COSCIENZA"
853.13,"ALTRE E NON SPECIFICATE EMORRAGIE INTRACRANICHE CONSECUTIVE A TRAUMATISMO,CON FERITA INTRACRANICA ESPOSTA,CON MODERATA [1-24 ORE] PERDITA DI COSCIENZA"
853.14,"ALTRE E NON SPECIFICATE EMORRAGIE INTRACRANICHE CONSECUTIVE A TRAUMATISMO,CON FERITA INTRACRANICA ESPOSTA,CON PROLUNGATA [PIY DI 24 ORE] PERDITA DI COSCIENZA E RITORNO AL LIVELLO DI COSCIENZA PREESISTENTE"
853.15,"ALTRE E NON SPECIFICATE EMORRAGIE INTRACRANICHE CONSECUTIVE A TRAUMATISMO,CON FERITA INTRACRANICA ESPOSTA,CON PROLUNGATA [PIY DI 24 ORE] PERDITA DI COSCIENZA SENZA RITORNO AL LIVELLO DI COSCIENZA PREESISTENTE"
853.16,"ALTRE E NON SPECIFICATE EMORRAGIE INTRACRANICHE CONSECUTIVE A TRAUMATISMO,CON FERITA INTRACRANICA ESPOSTA,CON PERDITA DI COSCIENZA DI DURATA NON SPECIFICATA"
853.19,"ALTRE E NON SPECIFICATE EMORRAGIE INTRACRANICHE CONSECUTIVE A TRAUMATISMO,CON FERITA INTRACRANICA ESPOSTA,CON CONCUSSIONE,NON SPECIFICATA"
854,TRAUMATISMI INTRACRANICI DI ALTRA E NON SPECIFICATA NATURA
854.0,"TRAUMATISMI INTRACRANICI DI ALTRA E NON SPECIFICATA NATURA, SENZA MENZIONE DI FERITA INTRACRANICA ESPOSTA"
854.00,"TRAUMATISMI INTRACRANICI DI ALTRA E NON SPECIFICATA NATURA,SENZA MENZIONE DI FERITA INTRACRANICA ESPOSTA,STATO DI COSCIENZA NON SPECIFICATO"
854.01,"TRAUMATISMI INTRACRANICI DI ALTRA E NON SPECIFICATA NATURA,SENZA MENZIONE DI FERITA INTRACRANICA ESPOSTA,SENZA PERDITA DI COSCIENZA"
854.02,"TRAUMATISMI INTRACRANICI DI ALTRA E NON SPECIFICATA NATURA,SENZA MENZIONE DI FERITA INTRACRANICA ESPOSTA,CON BREVE [MENO DI UN'ORA] PERDITA DI COSCIENZA"
854.03,"TRAUMATISMI INTRACRANICI DI ALTRA E NON SPECIFICATA NATURA,SENZA MENZIONE DI FERITA INTRACRANICA ESPOSTA,CON MODERATA [1-24 ORE] PERDITA DI COSCIENZA"
854.04,"TRAUMATISMI INTRACRANICI DI ALTRA E NON SPECIFICATA NATURA,SENZA MENZIONE DI FERITA INTRACRANICA ESPOSTA,CON PROLUNGATA [PIY DI 24 ORE] PERDITA DI COSCIENZA E RITORNO AL LIVELLO DI COSCIENZA PREESISTENTE"
854.05,"TRAUMATISMI INTRACRANICI DI ALTRA E NON SPECIFICATA NATURA,SENZA MENZIONE DI FERITA INTRACRANICA ESPOSTA,CON PROLUNGATA [PIY DI 24 ORE] PERDITA DI COSCIENZA SENZA RITORNO AL LIVELLO DI COSCIENZA PREESISTENTE"
854.06,"TRAUMATISMI INTRACRANICI DI ALTRA E NON SPECIFICATA NATURA,SENZA MENZIONE DI FERITA INTRACRANICA ESPOSTA,CON PERDITA DI COSCIENZA DI DURATA NON SPECIFICATA"
854.09,"TRAUMATISMI INTRACRANICI DI ALTRA E NON SPECIFICATA NATURA,SENZA MENZIONE DI FERITA INTRACRANICA ESPOSTA,CON CONCUSSIONE,NON SPECIFICATA"
854.1,"TRAUMATISMI INTRACRANICI DI ALTRA E NON SPECIFICATA NATURA, CON FERITA INTRACRANICA ESPOSTA"
854.10,"TRAUMATISMI INTRACRANICI DI ALTRA E NON SPECIFICATA NATURA,CON FERITA INTRACRANICA ESPOSTA,STATO DI COSCIENZA NON SPECIFICATO"
854.11,"TRAUMATISMI INTRACRANICI DI ALTRA E NON SPECIFICATA NATURA,CON FERITA INTRACRANICA ESPOSTA,SENZA PERDITA DI COSCIENZA"
854.12,"TRAUMATISMI INTRACRANICI DI ALTRA E NON SPECIFICATA NATURA,CON FERITA INTRACRANICA ESPOSTA,CON BREVE [MENO DI UN'ORA] PERDITA DI COSCIENZA"
854.13,"TRAUMATISMI INTRACRANICI DI ALTRA E NON SPECIFICATA NATURA,CON FERITA INTRACRANICA ESPOSTA,CON MODERATA [1-24 ORE] PERDITA DI COSCIENZA"
854.14,"TRAUMATISMI INTRACRANICI DI ALTRA E NON SPECIFICATA NATURA,CON FERITA INTRACRANICA ESPOSTA,CON PROLUNGATA [PIY DI 24 ORE] PERDITA DI COSCIENZA E RITORNO AL LIVELLO DI COSCIENZA PREESISTENTE"
854.15,"TRAUMATISMI INTRACRANICI DI ALTRA E NON SPECIFICATA NATURA,CON FERITA INTRACRANICA ESPOSTA,CON PROLUNGATA [PIY DI 24 ORE] PERDITA DI COSCIENZA SENZA RITORNO AL LIVELLO DI COSCIENZA PREESISTENTE"
854.16,"TRAUMATISMI INTRACRANICI DI ALTRA E NON SPECIFICATA NATURA,CON FERITA INTRACRANICA ESPOSTA,CON PERDITA DI COSCIENZA DI DURATA NON SPECIFICATA"
854.19,"TRAUMATISMI INTRACRANICI DI ALTRA E NON SPECIFICATA NATURA,CON FERITA INTRACRANICA ESPOSTA,CON CONCUSSIONE,NON SPECIFICATA"
860,PNEUMOTORACE ED EMOTORACE TRAUMATICI
860.0,PNEUMOTORACE SENZA MENZIONE DI FERITA APERTA NEL TORACE
860.1,PNEUMOTORACE CON FERITA APERTA NEL TORACE
860.2,EMOTORACE SENZA MENZIONE DI FERITA APERTA NEL TORACE
860.3,EMOTORACE CON FERITA APERTA NEL TORACE
860.4,PNEUMOEMOTORACE SENZA MENZIONE DI FERITA APERTA NEL TORACE
860.5,PNEUMOEMOTORACE CON FERITA APERTA NEL TORACE
861,TRAUMATISMO DEL CUORE E DEL POLMONE
861.0,"CUORE, SENZA MENZIONE DI FERITA APERTA NEL TORACE"
861.00,"TRAUMATISMO NON SPECIFICATO DEL CUORE,SENZA MENZIONE DI FERITA APERTA NEL TORACE"
861.01,"CONTUSIONE DEL CUORE,SENZA MENZIONE DI FERITA APERTA NEL TORACE"
861.02,LACERAZIONE DEL CUORE SENZA PENETRAZIONE DELLE CAVIT@ CARDIACHE
861.03,LACERAZIONE DEL CUORE CON PENETRAZIONE DELLE CAVIT@ CARDIACHE
861.1,"TRAUMATISMO DEL CUORE, CON FERITA APERTA NEL TORACE"
861.10,"TRAUMATISMO NON SPECIFICATO DEL CUORE,CON FERITA APERTA NEL TORACE"
861.11,"CONTUSIONE DEL CUORE,CON FERITA APERTA NEL TORACE"
861.12,"LACERAZIONE DEL CUORE,CON FERITA APERTA NEL TORACE SENZA PENETRAZIONE DELLE CAVIT@ CARDIACHE"
861.13,"LACERAZIONE DEL CUORE,CON FERITA APERTA NEL TORACE CON PENETRAZIONE DELLE CAVIT@ CARDIACHE"
861.2,"TRAUMATISMO DEL POLMONE, SENZA MENZIONE DI FERITA APERTA NEL TORACE"
861.20,"TRAUMATISMO NON SPECIFICATO DEL POLMONE,SENZA MENZIONE DI FERITA APERTA NEL TORACE"
861.21,"CONTUSIONE DEL POLMONE,SENZA MENZIONE DI FERITA APERTA NEL TORACE"
861.22,"LACERAZIONE DEL POLMONE,SENZA MENZIONE DI FERITA APERTA NEL TORACE"
861.3,"TRAUMATISMO DEL POLMONE, CON FERITA APERTA NEL TORACE"
861.30,"TRAUMATISMO NON SPECIFICATO DEL POLMONE,CON FERITA APERTA NEL TORACE"
861.31,"CONTUSIONE DEL POLMONE,CON FERITA APERTA NEL TORACE"
861.32,"LACERAZIONE DEL POLMONE,CON FERITA APERTA NEL TORACE"
862,TRAUMATISMO DI ALTRI E NON SPECIFICATI ORGANI INTRATORACICI
862.0,"TRAUMATISMO DEL DIAFRAMMA,SENZA MENZIONE DI FERITA APERTA NEL TORACE"
862.1,"TRAUMATISMO DEL DIAFRAMMA,CON FERITA APERTA NEL TORACE"
862.2,"TRAUMATISMO DI ALTRI ORGANI INTRATORACICI SPECIFICATI, SENZA MENZIONE DI FERITA APERTA IN CAVIT@"
862.21,"TRAUMATISMO DEI BRONCHI,SENZA MENZIONE DI FERITA APERTA IN CAVIT@"
862.22,"TRAUMATISMO DELL'ESOFAGO,SENZA MENZIONE DI FERITA APERTA IN CAVIT@"
862.29,"ALTRO TRAUMATISMO DI ALTRI E NON SPECIFICATI ORGANI INTRATORACICI,SENZA MENZIONE DI FERITA APERTA IN CAVIT@"
862.3,"TRAUMATISMO DI ALTRI ORGANI INTRATORACICI SPECIFICATI, CON FERITA APERTA IN CAVIT@"
862.31,"TRAUMATISMO DEI BRONCHI,CON FERITA APERTA IN CAVIT@"
862.32,"TRAUMATISMO DELL'ESOFAGO,CON FERITA APERTA IN CAVIT@"
862.39,"ALTRO TRAUMATISMO DI ALTRI ORGANI INTRATORACICI SPECIFICATI,CON FERITA APERTA IN CAVIT@"
862.8,TRAUMATISMO DI ORGANI INTRATORACICI MULTIPLI E NON SPECIFICATI SENZA MENZIONE DI FERITA APERTA IN CAVIT@
862.9,TRAUMATISMO DI ORGANI INTRATORACICI MULTIPLI E NON SPECIFICATI CON FERITA APERTA IN CAVIT@
863,TRAUMATISMO DELL'APPARATO GASTROINTESTINALE
863.0,TRAUMATISMO DELLO STOMACO SENZA MENZIONE DI FERITA APERTA IN CAVIT@
863.1,TRAUMATISMO DELLO STOMACO CON FERITA APERTA IN CAVIT@
863.2,TRAUMATISMO DELL'INTESTINO TENUE SENZA MENZIONE DI FERITA APERTA IN CAVIT@
863.20,TRAUMATISMO DELL'INTESTINO TENUE SITO NON SPECIFICATO
863.21,TRAUMATISMO DEL DUODENO
863.29,ALTRO TRAUMATISMO DELL'INTESTINO TENUE SENZA MENZIONE DI FERITA APERTA IN CAVIT@
863.3,TRAUMATISMO DELL'INTESTINO TENUE CON FERITA APERTA IN CAVIT@
863.30,TRAUMATISMO DELL'INTESTINO TENUE SITO NON SPECIFICATO
863.31,TRAUMATISMO DEL DUODENO
863.39,ALTRO TRAUMATISMO DELL'INTESTINO TENUE CON FERITA APERTA IN CAVIT@
863.4,TRAUMATISMO DEL COLON O RETTO SENZA MENZIONE DI FERITA APERTA IN CAVIT@
863.40,"TRAUMATISMO DEL COLON,SITO NON SPECIFICATO"
863.41,TRAUMATISMO DEL COLON ASCENDENTE [DESTRO]
863.42,TRAUMATISMO DEL COLON TRASVERSO
863.43,TRAUMATISMO DEL COLON DISCENDENTE [SINISTRO]
863.44,TRAUMATISMO DEL COLON SIGMOIDE
863.45,TRAUMATISMO DEL RETTO
863.46,TRAUMATISMO DI SITI MULTIPLI NEL COLON E RETTO
863.49,ALTRO TRAUMATISMO DEL COLON O RETTO SENZA MENZIONE DI FERITA APERTA IN CAVIT@
863.5,TRAUMATISMO DEL COLON O RETTO CON FERITA APERTA IN CAVIT@
863.50,"TRAUMATISMO DEL COLON,SITO NON SPECIFICATO"
863.51,TRAUMATISMO DEL COLON ASCENDENTE [DESTRO]
863.52,TRAUMATISMO DEL COLON TRASVERSO
863.53,TRAUMATISMO DEL COLON DISCENDENTE [SINISTRO]
863.54,TRAUMATISMO DEL COLON SIGMOIDE
863.55,TRAUMATISMO DEL RETTO
863.56,TRAUMATISMO DI SITI MULTIPLI NEL COLON E RETTO
863.59,ALTRO TRAUMATISMO DEL COLON O RETTO CON FERITA APERTA IN CAVIT@
863.8,TRAUMATISMO DI ALTRE E NON SPECIFICATE SEDI GASTROINTESTINALI SENZA MENZIONE DI FERITA APERTA IN CAVIT@
863.80,"TRAUMATISMO DEL TRATTO GASTROINTESTINALE,SITO NON SPECIFICATO"
863.81,"TRAUMATISMO DEL PANCREAS,TESTA"
863.82,"TRAUMATISMO DEL PANCREAS,CORPO"
863.83,"TRAUMATISMO DEL PANCREAS,CODA"
863.84,"TRAUMATISMO DEL PANCREAS,MULTIPLI E SITI NON SPECIFICATI"
863.85,TRAUMATISMO DELL'APPENDICE
863.89,ALTRO TRAUMATISMO DI ALTRE E NON SPECIFICATE SEDI GASTROINTESTINALI SENZA MENZIONE DI FERITA APERTA IN CAVIT@
863.9,TRAUMATISMO DI ALTRE E NON SPECIFICATE SEDI CON FERITA APERTA IN CAVIT@
863.90,"TRAUMATISMO TRATTO GASTROINTESTINALE,SITO NON SPECIFICATO"
863.91,"TRAUMATISMO DEL PANCREAS,TESTA"
863.92,"TRAUMATISMO DEL PANCREAS,CORPO"
863.93,"TRAUMATISMO DEL PANCREAS,CODA"
863.94,"TRAUMATISMO DEL PANCREAS,MULTIPLI E SITI NON SPECIFICATI"
863.95,TRAUMATISMO DELL'APPENDICE
863.99,ALTRO TRAUMATISMO DI ALTRE E NON SPECIFICATE SEDI CON FERITA APERTA IN CAVIT@
864,TRAUMATISMO DEL FEGATO
864.0,"TRAUMATISMO DEL FEGATO, SENZA MENZIONE DI FERITA APERTA IN CAVIT@"
864.00,"TRAUMATISMO DEL FEGATO,SENZA MENZIONE DI FERITA APERTA IN CAVIT@,TRAUMATISMO NON SPECIFICATO"
864.01,"TRAUMATISMO DEL FEGATO,SENZA MENZIONE DI FERITA APERTA IN CAVIT@,EMATOMA E CONTUSIONE"
864.02,"TRAUMATISMO DEL FEGATO,SENZA MENZIONE DI FERITA APERTA IN CAVIT@,LACERAZIONE,MINORE"
864.03,"TRAUMATISMO DEL FEGATO,SENZA MENZIONE DI FERITA APERTA IN CAVIT@,LACERAZIONE,MODERATA"
864.04,"TRAUMATISMO DEL FEGATO,SENZA MENZIONE DI FERITA APERTA IN CAVIT@,LACERAZIONE,MAGGIORE"
864.05,"TRAUMATISMO DEL FEGATO,SENZA MENZIONE DI FERITA APERTA IN CAVIT@,LACERAZIONE,NON SPECIFICATA"
864.09,"TRAUMATISMO DEL FEGATO,SENZA MENZIONE DI FERITA APERTA IN CAVIT@,ALTRO"
864.1,"TRAUMATISMO DEL FEGATO, CON FERITA APERTA IN CAVIT@"
864.10,"TRAUMATISMO DEL FEGATO,CON FERITA APERTA IN CAVIT@,TRAUMATISMO NON SPECIFICATO"
864.11,"TRAUMATISMO DEL FEGATO,CON FERITA APERTA IN CAVIT@,EMATOMA E CONTUSIONE"
864.12,"TRAUMATISMO DEL FEGATO,CON FERITA APERTA IN CAVIT@,LACERAZIONE,MINORE"
864.13,"TRAUMATISMO DEL FEGATO,CON FERITA APERTA IN CAVIT@,LACERAZIONE,MODERATA"
864.14,"TRAUMATISMO DEL FEGATO,CON FERITA APERTA IN CAVIT@,LACERAZIONE,MAGGIORE"
864.15,"TRAUMATISMO DEL FEGATO,CON FERITA APERTA IN CAVIT@,LACERAZIONE,NON SPECIFICATA"
864.19,"TRAUMATISMO DEL FEGATO,CON FERITA APERTA IN CAVIT@,ALTRO"
865,TRAUMATISMO DELLA MILZA
865.0,"TRAUMATISMO DELLA MILZA, SENZA MENZIONE DI FERITA APERTA IN CAVIT@"
865.00,"TRAUMATISMO DELLA MILZA,SENZA MENZIONE DI FERITA APERTA IN CAVIT@,TRAUMATISMO NON SPECIFICATO"
865.01,"TRAUMATISMO DELLA MILZA,SENZA MENZIONE DI FERITA APERTA IN CAVIT@,EMATOMA SENZA ROTTURA DELLA CAPSULA"
865.02,"TRAUMATISMO DELLA MILZA,SENZA MENZIONE DI FERITA APERTA IN CAVIT@,LACERAZIONE CAPSULARE,SENZA MAGGIORE DISTRUZIONE DEL PARENCHIMA"
865.03,"TRAUMATISMO DELLA MILZA,SENZA MENZIONE DI FERITA APERTA IN CAVIT@,LACERAZIONE ESTESA AL PARENCHIMA"
865.04,"TRAUMATISMO DELLA MILZA,SENZA MENZIONE DI FERITA APERTA IN CAVIT@,MASSIVA DISTRUZIONE PARENCHIMALE"
865.09,"TRAUMATISMO DELLA MILZA,SENZA MENZIONE DI FERITA APERTA IN CAVIT@,ALTRO"
865.1,"TRAUMATISMO DELLA MILZA, CON FERITA APERTA IN CAVIT@"
865.10,"TRAUMATISMO DELLA MILZA,CON FERITA APERTA IN CAVIT@,TRAUMATISMO NON SPECIFICATO"
865.11,"TRAUMATISMO DELLA MILZA,CON FERITA APERTA IN CAVIT@,EMATOMA SENZA ROTTURA DELLA CAPSULA"
865.12,"TRAUMATISMO DELLA MILZA,CON FERITA APERTA IN CAVIT@,LACERAZIONE CAPSULARE,SENZA MAGGIORE DISTRUZIONE DEL PARENCHIMA"
865.13,"TRAUMATISMO DELLA MILZA,CON FERITA APERTA IN CAVIT@,LACERAZIONE ESTESA AL PARENCHIMA"
865.14,"TRAUMATISMO DELLA MILZA,CON FERITA APERTA IN CAVIT@,MASSIVA DISTRUZIONE PARENCHIMALE"
865.19,"TRAUMATISMO DELLA MILZA,CON FERITA APERTA IN CAVIT@,ALTRO"
866,TRAUMATISMO DEL RENE
866.0,"TRAUMATISMO DEL RENE, SENZA MENZIONE DI FERITA APERTA IN CAVIT@"
866.00,"TRAUMATISMO DEL RENE,SENZA MENZIONE DI FERITA APERTA IN CAVIT@,TRAUMATISMO NON SPECIFICATO"
866.01,"TRAUMATISMO DEL RENE,SENZA MENZIONE DI FERITA APERTA IN CAVIT@,EMATOMA SENZA ROTTURA DELLA CAPSULA"
866.02,"TRAUMATISMO DEL RENE,SENZA MENZIONE DI FERITA APERTA IN CAVIT@,LACERAZIONE"
866.03,"TRAUMATISMO DEL RENE,SENZA MENZIONE DI FERITA APERTA IN CAVIT@,COMPLETA DISTRUZIONE DEL PARENCHIMA DEL RENE"
866.1,"TRAUMATISMO DEL RENE, CON FERITA APERTA IN CAVIT@"
866.10,"TRAUMATISMO DEL RENE,CON FERITA APERTA IN CAVIT@,TRAUMATISMO NON SPECIFICATO"
866.11,"TRAUMATISMO DEL RENE,CON FERITA APERTA IN CAVIT@,EMATOMA SENZA ROTTURA DELLA CAPSULA"
866.12,"TRAUMATISMO DEL RENE,CON FERITA APERTA IN CAVIT@,LACERAZIONE"
866.13,"TRAUMATISMO DEL RENE,CON FERITA APERTA IN CAVIT@,COMPLETA DISTRUZIONE DEL PARENCHIMA DEL RENE"
867,TRAUMATISMO DEGLI ORGANI PELVICI
867.0,"TRAUMATISMO DI VESCICA E URETRA,SENZA MENZIONE DI FERITA APERTA IN CAVIT@"
867.1,"TRAUMATISMO DI VESCICA E URETRA,CON FERITA APERTA IN CAVIT@"
867.2,"TRAUMATISMO DELL'URETERE,SENZA MENZIONE DI FERITA APERTA IN CAVIT@"
867.3,"TRAUMATISMO DELL'URETERE,CON FERITA APERTA IN CAVIT@"
867.4,"TRAUMATISMO DELL'UTERO,SENZA MENZIONE DI FERITA APERTA IN CAVIT@"
867.5,"TRAUMATISMO DELL'UTERO,CON FERITA APERTA IN CAVIT@"
867.6,"TRAUMATISMO DI ALTRI ORGANI PELVICI,SENZA MENZIONE DI FERITA APERTA IN CAVIT@"
867.7,"TRAUMATISMO DI ALTRI ORGANI PELVICI,CON FERITA APERTA IN CAVIT@"
867.8,TRAUMATISMO DI PARTE NON SPECIFICATA SENZA MENZIONE DI FERITA APERTA IN CAVIT@
867.9,TRAUMATISMO DI PARTE NON SPECIFICATA CON FERITA APERTA IN CAVIT@
868,TRAUMATISMO DI ALTRI ORGANI INTRADDOMINALI
868.0,"TRAUMATISMO DI ALTRI ORGANI INTRADDOMINALI, SENZA MENZIONE DI FERITA APERTA IN CAVIT@"
868.00,"TRAUMATISMO DI ALTRI ORGANI INTRADDOMINALI,SENZA MENZIONE DI FERITA APERTA IN CAVIT@,ORGANO INTRADDOMINALE NON SPECIFICATO"
868.01,"TRAUMATISMO DI ALTRI ORGANI INTRADDOMINALI,SENZA MENZIONE DI FERITA APERTA IN CAVIT@,GHIANDOLA SURRENALE"
868.02,"TRAUMATISMO DI ALTRI ORGANI INTRADDOMINALI,SENZA MENZIONE DI FERITA APERTA IN CAVIT@,DOTTI BILIARI E CISTIFELLEA"
868.03,"TRAUMATISMO DI ALTRI ORGANI INTRADDOMINALI,SENZA MENZIONE DI FERITA APERTA IN CAVIT@,PERITONEO"
868.04,"TRAUMATISMO DI ALTRI ORGANI INTRADDOMINALI,SENZA MENZIONE DI FERITA APERTA IN CAVIT@,RETRO PERITONEO"
868.09,"TRAUMATISMO DI ALTRI ORGANI INTRADDOMINALI,SENZA MENZIONE DI FERITA APERTA IN CAVIT@,ALTRO E ORGANI INTRADDOMINALI MULTIPLI"
868.1,"TRAUMATISMO DI ALTRI ORGANI INTRADDOMINALI, CON FERITA APERTA IN CAVIT@"
868.10,"TRAUMATISMO DI ALTRI ORGANI INTRADDOMINALI,CON FERITA APERTA IN CAVIT@,ORGANO INTRADDOMINALE NON SPECIFICATO"
868.11,"TRAUMATISMO DI ALTRI ORGANI INTRADDOMINALI,CON FERITA APERTA IN CAVIT@,GHIANDOLA SURRENALE"
868.12,"TRAUMATISMO DI ALTRI ORGANI INTRADDOMINALI,CON FERITA APERTA IN CAVIT@,DOTTI BILIARI E CISTIFELLEA"
868.13,"TRAUMATISMO DI ALTRI ORGANI INTRADDOMINALI,CON FERITA APERTA IN CAVIT@,PERITONEO"
868.14,"TRAUMATISMO DI ALTRI ORGANI INTRADDOMINALI,CON FERITA APERTA IN CAVIT@,RETRO PERITONEO"
868.19,"TRAUMATISMO DI ALTRI ORGANI INTRADDOMINALI,CON FERITA APERTA IN CAVIT@,ALTRO E ORGANI INTRADDOMINALI MULTIPLI"
869,TRAUMATISMO INTERNO DI ORGANI NON SPECIFICATI O MAL DEFINITI
869.0,TRAUMATISMO INTERNO DI ORGANI NON SPECIFICATI O MAL DEFINITI SENZA MENZIONE DI FERITA APERTA IN CAVIT@
869.1,TRAUMATISMO INTERNO DI ORGANI NON SPECIFICATI O MAL DEFINITI CON FERITA APERTA IN CAVIT@
870,FERITA DEGLI ANNESSI OCULARI
870.0,LACERAZIONE DELLA PELLE DELLE PALPEBRE E DELLA REGIONE PERIOCULARE
870.1,LACERAZIONE COMPLETA DELLE PALPEBRE SENZA LESIONE DELLE VIE LACRIMALI
870.2,LACERAZIONE DELLE PALPEBRE CON LESIONE DELLE VIE LACRIMALI
870.3,FERITA PENETRANTE DELL'ORBITA SENZA MENZIONE DI CORPO ESTRANEO
870.4,FERITA PENETRANTE DELL'ORBITA CON CORPO ESTRANEO
870.8,ALTRE FERITE DEGLI ANNESSI OCULARI
870.9,FERITA NON SPECIFICATA DEGLI ANNESSI OCULARI
871,FERITA DEL GLOBO OCULARE
871.0,LACERAZIONE OCULARE SENZA PROLASSO DEL TESSUTO INTRAOCULARE
871.1,LACERAZIONE OCULARE CON PROLASSO O ESPOSIZIONE DEL TESSUTO INTRAOCULARE
871.2,ROTTURA DELL'OCCHIO CON PERDITA PARZIALE DEL TESSUTO INTRAOCULARE
871.3,AVULSIONE DELL'OCCHIO
871.4,LACERAZIONE DELL'OCCHIO NON SPECIFICATA
871.5,PENETRAZIONE DEL GLOBO OCULARE CON CORPO ESTRANEO MAGNETICO
871.6,PENETRAZIONE DEL GLOBO OCULARE CON CORPO ESTRANEO (NON MAGNETICO)
871.7,PENETRAZIONE OCULARE NON SPECIFICATA
871.9,FERITA NON SPECIFICATA DEL GLOBO OCULARE
872,FERITA DELL'ORECCHIO
872.0,"FERITA DELL'ORECCHIO ESTERNO, SENZA MENZIONE DI COMPLICAZIONI"
872.00,"FERITA DELL'ORECCHIO ESTERNO,SITO NON SPECIFICATO,SENZA MENZIONE DI COMPLICAZIONI"
872.01,"FERITA DI ORECCHIETTA,ORECCHIO,SENZA MENZIONE DI COMPLICAZIONI"
872.02,"FERITA DEL CONDOTTO UDITIVO,SENZA MENZIONE DI COMPLICAZIONI"
872.1,FERITA DELL'ORECCHIO ESTERNO CON COMPLICAZIONI
872.10,"FERITA DELL'ORECCHIO ESTERNO,SITO NON SPECIFICATO,CON COMPLICAZIONI"
872.11,"FERITA DI ORECCHIETTA,ORECCHIO,CON COMPLICAZIONI"
872.12,"FERITA DEL CONDOTTO UDITIVO,CON COMPLICAZIONI"
872.6,"FERITA DI ALTRE PARTI SPECIFICATE DELL'ORECCHIO, SENZA MENZIONE DI COMPLICAZIONI"
872.61,"FERITA DELL'ORECCHIO MEDIO,SENZA MENZIONE DI COMPLICAZIONI"
872.62,"FERITA DEGLI OSSICINI,SENZA MENZIONE DI COMPLICAZIONI"
872.63,"FERITA DELLE TUBE DI EUSTACHIO,SENZA MENZIONE DI COMPLICAZIONI"
872.64,"FERITA DELLA CHIOCCIOLA,SENZA MENZIONE DI COMPLICAZIONI"
872.69,"FERITA DI ALTRE PARTI SPECIFICATE DELL'ORECCHIO,ALTRO E SITI MULTIPLI,SENZA MENZIONE DI COMPLICAZIONI"
872.7,"FERITA DI ALTRE PARTI SPECIFICATE DELL'ORECCHIO, CON COMPLICAZIONI"
872.71,FERITA DELL'ORECCHIO MEDIO CON COMPLICAZIONI
872.72,"FERITA DEGLI OSSICINI,CON COMPLICAZIONI"
872.73,"FERITA DELLE TUBE DI EUSTACHIO,CON COMPLICAZIONI"
872.74,"FERITA DELLA CHIOCCIOLA,CON COMPLICAZIONI"
872.79,"FERITA DI ALTRE PARTI SPECIFICATE DELL'ORECCHIO,ALTRO E SITI MULTIPLI,CON COMPLICAZIONI"
872.8,"FERITA DELL'ORECCHIO,PARTE NON SPECIFICATA,SENZA MENZIONE DI COMPLICAZIONI"
872.9,"FERITA DELL'ORECCHIO,PARTE NON SPECIFICATA,CON COMPLICAZIONI"
873,ALTRE FERITE DELLA TESTA
873.0,ALTRE FERITE DEL CUOIO CAPELLUTO SENZA MENZIONE DI COMPLICAZIONI
873.1,"ALTRE FERITE DEL CUOIO CAPELLUTO,CON COMPLICAZIONI"
873.2,"ALTRE FERITE DEL NASO, SENZA MENZIONE DI COMPLICAZIONI"
873.20,"ALTRE FERITE DEL NASO,SITO NON SPECIFICATO,SENZA MENZIONE DI COMPLICAZIONI"
873.21,"ALTRE FERITE DEL SETTO NASALE,SENZA MENZIONE DI COMPLICAZIONI"
873.22,"ALTRE FERITE DEL CAVIT@ NASALE,SENZA MENZIONE DI COMPLICAZIONI"
873.23,"ALTRE FERITE DEL SENO NASALE,SENZA MENZIONE DI COMPLICAZIONI"
873.29,"ALTRE FERITE DI SITI MULTIPLI,SENZA MENZIONE DI COMPLICAZIONI"
873.3,"ALTRE FERITE DEL NASO, CON COMPLICAZIONI"
873.30,"ALTRE FERITE DEL NASO,SITO NON SPECIFICATO,CON COMPLICAZIONI"
873.31,"ALTRE FERITE DEL SETTO NASALE,CON COMPLICAZIONI"
873.32,"ALTRE FERITE DEL CAVIT@ NASALE,CON COMPLICAZIONI"
873.33,"ALTRE FERITE DEL SENO NASALE,CON COMPLICAZIONI"
873.39,"ALTRE FERITE DI SITI MULTIPLI DEL NASO,CON COMPLICAZIONI"
873.4,ALTRE FERITE DELLA FACCIA SENZA MENZIONE DI COMPLICAZIONI
873.40,"ALTRE FERITE DELLA FACCIA,SITO NON SPECIFICATO,SENZA MENZIONE DI COMPLICAZIONI"
873.41,"ALTRE FERITE DELLA GUANCIA,SENZA MENZIONE DI COMPLICAZIONI"
873.42,"ALTRE FERITE DELLA FRONTE,SENZA MENZIONE DI COMPLICAZIONI"
873.43,"ALTRE FERITE DEL LABBRO,SENZA MENZIONE DI COMPLICAZIONI"
873.44,"ALTRE FERITE DELLA MANDIBOLA,SENZA MENZIONE DI COMPLICAZIONI"
873.49,"ALTRE FERITE DELLA FACCIA,ALTRO E SITI MULTIPLI,SENZA MENZIONE DI COMPLICAZIONI"
873.5,ALTRE FERITE DELLA FACCIA CON COMPLICAZIONI
873.50,"ALTRE FERITE DELLA FACCIA,SITO NON SPECIFICATO,CON COMPLICAZIONI"
873.51,ALTRE FERITE DELLA GUANCIA CON COMPLICAZIONI
873.52,ALTRE FERITE DELLA FRONTE CON COMPLICAZIONI
873.53,ALTRE FERITE DEL LABBRO CON COMPLICAZIONI
873.54,ALTRE FERITE DELLA MANDIBOLA CON COMPLICAZIONI
873.59,"ALTRE FERITE DELLA FACCIA,ALTRO E SITI MULTIPLI CON COMPLICAZIONI"
873.6,"ALTRE FERITE DI PARTI INTERNE DELLA BOCCA, SENZA MENZIONE DI COMPLICAZIONI"
873.60,"ALTRE FERITE DI PARTI INTERNE DELLA BOCCA,SITO NON SPECIFICATO,SENZA MENZIONE DI COMPLICAZIONI"
873.61,"ALTRE FERITE DELLA MUCOSA BOCCALE,SENZA MENZIONE DI COMPLICAZIONI"
873.62,"ALTRE FERITE DELLA GENGIVA (PROCESSO ALVEOLARE) ,SENZA MENZIONE DI COMPLICAZIONI"
873.63,ALTRE FERITE DEL DENTE (ROTTO) (FRATTURATO) (DOVUTO AD EVENTO TRAUMATICO)
873.64,"ALTRE FERITE DI LINGUA E PAVIMENTO DELLA BOCCA,SENZA MENZIONE DI COMPLICAZIONI"
873.65,"ALTRE FERITE DEL PALATO,SENZA MENZIONE DI COMPLICAZIONI"
873.69,"ALTRE FERITE DI PARTI INTERNE DELLA BOCCA,ALTRO E SITI MULTIPLI,SENZA MENZIONE DI COMPLICAZIONI"
873.7,"ALTRE FERITE DI PARTI INTERNE DELLA BOCCA, CON COMPLICAZIONI"
873.70,"ALTRE FERITE DI PARTI INTERNE DELLA BOCCA,SITO NON SPECIFICATO,CON COMPLICAZIONI"
873.71,"ALTRE FERITE DELLA MUCOSA BOCCALE,CON COMPLICAZIONI"
873.72,"ALTRE FERITE DELLA GENGIVA (PROCESSO ALVEOLARE) ,CON COMPLICAZIONI"
873.73,"ALTRE FERITE DEL DENTE (ROTTO),CON COMPLICAZIONI"
873.74,"ALTRE FERITE DELLA LINGUA E PAVIMENTO DELLA BOCCA,CON COMPLICAZIONI"
873.75,"ALTRE FERITE DEL PALATO,CON COMPLICAZIONI"
873.79,"ALTRE FERITE DI PARTI INTERNE DELLA BOCCA,ALTRO E SITI MULTIPLI,CON COMPLICAZIONI"
873.8,"ALTRE E NON SPECIFICATE FERITE DELLA TESTA,SENZA MENZIONE DI COMPLICAZIONI"
873.9,"ALTRE E NON SPECIFICATE FERITE DELLA TESTA,CON COMPLICAZIONI"
874,FERITA DEL COLLO
874.0,"FERITA DI LARINGE E TRACHEA, SENZA MENZIONE DI COMPLICAZIONI"
874.00,"FERITA DI LARINGE E TRACHEA,SENZA MENZIONE DI COMPLICAZIONI"
874.01,"FERITA DI LARINGE,SENZA MENZIONE DI COMPLICAZIONI"
874.02,"FERITA DI TRACHEA,SENZA MENZIONE DI COMPLICAZIONI"
874.1,"FERITA DI LARINGE E TRACHEA, CON COMPLICAZIONI"
874.10,"FERITA DI LARINGE E TRACHEA,CON COMPLICAZIONI"
874.11,"FERITA DI LARINGE,CON COMPLICAZIONI"
874.12,"FERITA DI TRACHEA,CON COMPLICAZIONI"
874.2,"FERITA DELLA GHIANDOLA TIROIDE,SENZA MENZIONE DI COMPLICAZIONI"
874.3,"FERITA DELLA GHIANDOLA TIROIDE,CON COMPLICAZIONI"
874.4,"FERITA DELLA FARINGE,SENZA MENZIONE DI COMPLICAZIONI"
874.5,"FERITA DELLA FARINGE,CON COMPLICAZIONI"
874.8,"FERITA DEL COLLO,ALTRE E NON SPECIFICATE PARTI,SENZA MENZIONE DI COMPLICAZIONI"
874.9,"FERITA DEL COLLO,ALTRE E NON SPECIFICATE PARTI,CON COMPLICAZIONI"
875,FERITA DEL TORACE (PARETE)
875.0,FERITA DEL TORACE (PARETE) SENZA MENZIONE DI COMPLICAZIONI
875.1,FERITA DEL TORACE (PARETE) CON COMPLICAZIONI
876,FERITA DEL DORSO
876.0,FERITA DEL DORSO SENZA MENZIONE DI COMPLICAZIONI
876.1,FERITA DEL DORSO CON COMPLICAZIONI
877,FERITA DELLA NATICA
877.0,FERITA DELLA NATICA SENZA MENZIONE DI COMPLICAZIONI
877.1,FERITA DELLA NATICA CON COMPLICAZIONI
878,"FERITA DEGLI ORGANI GENITALI (ESTERNI), COMPRESA L'AMPUTAZIONE TRAUMATICA"
878.0,"FERITA DEGLI ORGANI GENITALI PENE,SENZA MENZIONE DI COMPLICAZIONI"
878.1,"FERITA DEGLI ORGANI GENITALI PENE,CON COMPLICAZIONI"
878.2,"FERITA DEGLI ORGANI GENITALI SCROTO E TESTICOLI,SENZA MENZIONE DI COMPLICAZIONI"
878.3,"FERITA DEGLI ORGANI GENITALI SCROTO E TESTICOLI,CON COMPLICAZIONI"
878.4,"FERITA DEGLI ORGANI GENITALI VULVA,SENZA MENZIONE DI COMPLICAZIONI"
878.5,"FERITA DEGLI ORGANI GENITALI VULVA,CON COMPLICAZIONI"
878.6,"FERITA DEGLI ORGANI GENITALI VAGINA,SENZA MENZIONE DI COMPLICAZIONI"
878.7,"FERITA DEGLI ORGANI GENITALI VAGINA,CON COMPLICAZIONI"
878.8,"FERITA DEGLI ORGANI GENITALI ALTRE E NON SPECIFICATE PARTI,SENZA MENZIONE DI COMPLICAZIONI"
878.9,"FERITA DEGLI ORGANI GENITALI ALTRE E NON SPECIFICATE PARTI,CON COMPLICAZIONI"
879,"FERITE DI ALTRE E NON SPECIFICATE SEDI, ESCLUSI GLI ARTI"
879.0,"FERITE DI MAMMELLA,SENZA MENZIONE DI COMPLICAZIONI"
879.1,"FERITE DI MAMMELLA,CON COMPLICAZIONI"
879.2,"FERITE DI PARETE ADDOMINALE ANTERIORE,SENZA MENZIONE DI COMPLICAZIONI"
879.3,"FERITE DI PARETE ADDOMINALE ANTERIORE,CON COMPLICAZIONI"
879.4,"FERITE DI PARETE ADDOMINALE LATERALE,SENZA MENZIONE DI COMPLICAZIONI"
879.5,"FERITE DI PARETE ADDOMINALE LATERALE,CON COMPLICAZIONI"
879.6,"FERITE DI ALTRE E NON SPECIFICATE PARTI DEL TRONCO,SENZA MENZIONE DI COMPLICAZIONI"
879.7,"FERITE DI ALTRE E NON SPECIFICATE PARTI DEL TRONCO,CON COMPLICAZIONI"
879.8,"FERITE (MULTIPLE) DI SEDE NON SPECIFICATA,SENZA MENZIONE DI COMPLICAZIONI"
879.9,"FERITE (MULTIPLE) DI SEDE NON SPECIFICATA,CON COMPLICAZIONI"
880,FERITA DELLA SPALLA E DEL BRACCIO
880.0,"FERITA DELLA SPALLA E DEL BRACCIO, SENZA MENZIONE DI COMPLICAZIONE"
880.00,"FERITA DELLA REGIONE DELLA SPALLA,SENZA MENZIONE DI COMPLICAZIONE"
880.01,"FERITA DELLA REGIONE DELLA SCAPOLA,SENZA MENZIONE DI COMPLICAZIONE"
880.02,"FERITA DELLA REGIONE ASCELLARE,SENZA MENZIONE DI COMPLICAZIONE"
880.03,"FERITA DEL BRACCIO SUPERIORE,SENZA MENZIONE DI COMPLICAZIONE"
880.09,"FERITA DELLA SITI MULTIPLI DELLA SPALLA E DEL BRACCIO,SENZA MENZIONE DI COMPLICAZIONE"
880.1,"FERITA DELLA SPALLA E DEL BRACCIO, CON COMPLICAZIONE"
880.10,"FERITA DELLA REGIONE DELLA SPALLA,CON COMPLICAZIONE"
880.11,"FERITA DELLA REGIONE DELLA SCAPOLA,CON COMPLICAZIONE"
880.12,"FERITA DELLA REGIONE ASCELLARE,CON COMPLICAZIONE"
880.13,"FERITA DEL BRACCIO SUPERIORE,CON COMPLICAZIONE"
880.19,"FERITA DI SITI MULTIPLI DELLA SPALLA E DEL BRACCIO,CON COMPLICAZIONE"
880.2,"FERITA DELLA SPALLA E DEL BRACCIO, CON INTERESSAMENTO DEI TENDINI"
880.20,"FERITA DELLA REGIONE DELLA SPALLA,CON INTERESSAMENTO DEI TENDINI"
880.21,"FERITA DELLA REGIONE DELLA SCAPOLA,CON INTERESSAMENTO DEI TENDINI"
880.22,"FERITA DELLA REGIONE ASCELLARE,CON INTERESSAMENTO DEI TENDINI"
880.23,"FERITA DEL BRACCIO SUPERIORE,CON INTERESSAMENTO DEI TENDINI"
880.29,"FERITA DI SITI MULTIPLI,CON INTERESSAMENTO DEI TENDINI"
881,"FERITA DEL GOMITO, DELL'AVAMBRACCIO E DEL POLSO"
881.0,"FERITA DEL GOMITO, DELL'AVAMBRACCIO E DEL POLSO, SENZA MENZIONE DI COMPLICAZIONI"
881.00,"FERITA DELL'AVAMBRACCIO,SENZA MENZIONE DI COMPLICAZIONE"
881.01,"FERITA DEL GOMITO,SENZA MENZIONE DI COMPLICAZIONE"
881.02,"FERITA DEL POLSO,SENZA MENZIONE DI COMPLICAZIONE"
881.1,"FERITA DEL GOMITO, DELL'AVAMBRACCIO E DEL POLSO CON COMPLICAZIONI"
881.10,"FERITA DELL'AVAMBRACCIO,CON COMPLICAZIONI"
881.11,"FERITA DEL GOMITO,CON COMPLICAZIONI"
881.12,"FERITA DEL POLSO,CON COMPLICAZIONI"
881.2,"FERITA DEL GOMITO, DELL'AVAMBRACCIO E DEL POLSO CON INTERESSAMENTO DEI TENDINI"
881.20,"FERITA DELL'AVAMBRACCIO,CON INTERESSAMENTO DEI TENDINI"
881.21,"FERITA DEL GOMITO,CON INTERESSAMENTO DEI TENDINI"
881.22,"FERITA DEL POLSO,CON INTERESSAMENTO DEI TENDINI"
882,"FERITA DELLA MANO, ESCLUSE LE DITA DA SOLE"
882.0,"FERITA DELLA MANO,ESCLUSE LE DITA DA SOLE,SENZA MENZIONE DI COMPLICAZIONI"
882.1,"FERITA DELLA MANO,ESCLUSE LE DITA DA SOLE,CON COMPLICAZIONI"
882.2,"FERITA DELLA MANO,ESCLUSE LE DITA DA SOLE,CON INTERESSAMENTO DEI TENDINI"
883,FERITA DELLE DITA DELLA MANO
883.0,FERITA DELLE DITA DELLA MANO SENZA MENZIONE DI COMPLICAZIONI
883.1,FERITA DELLE DITA DELLA MANO CON COMPLICAZIONI
883.2,FERITA DELLE DITA DELLA MANO CON INTERESSAMENTO DEI TENDINI
884,FERITE MULTIPLE E NON SPECIFICATE DELL'ARTO SUPERIORE
884.0,FERITE MULTIPLE E NON SPECIFICATE DELL'ARTO SUPERIORE SENZA MENZIONE DI COMPLICAZIONI
884.1,FERITE MULTIPLE E NON SPECIFICATE DELL'ARTO SUPERIORE CON COMPLICAZIONI
884.2,FERITE MULTIPLE E NON SPECIFICATE DELL'ARTO SUPERIORE CON INTERESSAMENTO DEI TENDINI
885,AMPUTAZIONE TRAUMATICA DEL POLLICE (COMPLETA) (PARZIALE)
885.0,AMPUTAZIONE TRAUMATICA DEL POLLICE (COMPLETA) (PARZIALE) SENZA MENZIONE DI COMPLICAZIONI
885.1,AMPUTAZIONE TRAUMATICA DEL POLLICE (COMPLETA) (PARZIALE) CON COMPLICAZIONI
886,AMPUTAZIONE TRAUMATICA DELLE ALTRE DITA DELLA MANO (COMPLETA) (PARZIALE)
886.0,AMPUTAZIONE TRAUMATICA DELLE ALTRE DITA DELLA MANO (COMPLETA) (PARZIALE SENZA MENZIONE DI COMPLICAZIONI
886.1,AMPUTAZIONE TRAUMATICA DELLE ALTRE DITA DELLA MANO (COMPLETA) (PARZIALE CON COMPLICAZIONI
887,AMPUTAZIONE TRAUMATICA DEL BRACCIO E DELLA MANO (COMPLETA) (PARZIALE)
887.0,"AMPUTAZIONE TRAUMATICA DEL BRACCIO UNILATERALE,SOTTO IL GOMITO,SENZA MENZIONE DI COMPLICAZIONI"
887.1,"AMPUTAZIONE TRAUMATICA DEL BRACCIO UNILATERALE,SOTTO IL GOMITO,CON COMPLICAZIONI"
887.2,"AMPUTAZIONE TRAUMATICA DEL BRACCIO UNILATERALE,AL GOMITO O SOPRA,SENZA MENZIONE DI COMPLICAZIONI"
887.3,"AMPUTAZIONE TRAUMATICA DEL BRACCIO UNILATERALE,AL GOMITO O SOPRA,CON COMPLICAZIONI"
887.4,"AMPUTAZIONE TRAUMATICA DEL BRACCIO UNILATERALE,ALTEZZA NON SPECIFICATA,SENZA MENZIONE DI COMPLICAZIONI"
887.5,"AMPUTAZIONE TRAUMATICA DEL BRACCIO UNILATERALE,ALTEZZA NON SPECIFICATA,CON COMPLICAZIONI"
887.6,AMPUTAZIONE TRAUMATICA DEL BRACCIO BILATERALE [OGNI ALTEZZA] SENZA MENZIONE DI COMPLICAZIONI
887.7,AMPUTAZIONE TRAUMATICA DEL BRACCIO BILATERALE [OGNI ALTEZZA] CON COMPLICAZIONI
890,FERITA DELL'ANCA E DELLA COSCIA
890.0,FERITA DELL'ANCA E DELLA COSCIA SENZA MENZIONE DI COMPLICAZIONI
890.1,FERITA DELL'ANCA E DELLA COSCIA CON COMPLICAZIONI
890.2,FERITA DELL'ANCA E DELLA COSCIA CON INTERESSAMENTO DEI TENDINI
891,"FERITA DEL GINOCCHIO, DELLA GAMBA [ESCLUSA LA COSCIA] E DELLA CAVIGLIA"
891.0,"FERITA DEL GINOCCHIO,DELLA GAMBA [ESCLUSA LA COSCIA] E DELLA CAVIGLIA SENZA MENZIONE DI COMPLICAZIONI"
891.1,"FERITA DEL GINOCCHIO,DELLA GAMBA [ESCLUSA LA COSCIA] E DELLA CAVIGLIA CON COMPLICAZIONI"
891.2,"FERITA DEL GINOCCHIO,DELLA GAMBA [ESCLUSA LA COSCIA] E DELLA CAVIGLIA CON INTERESSAMENTO DEI TENDINI"
892,"FERITA DEL PIEDE, ESCLUSE LE DITA DA SOLE"
892.0,"FERITA DEL PIEDE,ESCLUSE LE DITA DA SOLE,SENZA MENZIONE DI COMPLICAZIONI"
892.1,"FERITA DEL PIEDE,ESCLUSE LE DITA DA SOLE,CON COMPLICAZIONI"
892.2,"FERITA DEL PIEDE,ESCLUSE LE DITA DA SOLE,CON INTERESSAMENTO DEI TENDINI"
893,FERITA DELLE DITA DEL PIEDE
893.0,FERITA DELLE DITA DEL PIEDE SENZA MENZIONE DI COMPLICAZIONI
893.1,FERITA DELLE DITA DEL PIEDE CON COMPLICAZIONI
893.2,FERITA DELLE DITA DEL PIEDE CON INTERESSAMENTO DEI TENDINI
894,FERITE MULTIPLE E NON SPECIFICATE DELL'ARTO INFERIORE
894.0,FERITE MULTIPLE E NON SPECIFICATE DELL'ARTO INFERIORE SENZA MENZIONE DI COMPLICAZIONI
894.1,FERITE MULTIPLE E NON SPECIFICATE DELL'ARTO INFERIORE CON COMPLICAZIONI
894.2,FERITE MULTIPLE E NON SPECIFICATE DELL'ARTO INFERIORE CON INTERESSAMENTO DEI TENDINI
895,AMPUTAZIONE TRAUMATICA DELLE DITA DEL PIEDE (COMPLETA) (PARZIALE)
895.0,AMPUTAZIONE TRAUMATICA DELLE DITA DEL PIEDE (COMPLETA) (PARZIALE)SENZA MENZIONE DI COMPLICAZIONI
895.1,AMPUTAZIONE TRAUMATICA DELLE DITA DEL PIEDE (COMPLETA) (PARZIALE)CON COMPLICAZIONI
896,AMPUTAZIONE TRAUMATICA DEL PIEDE (COMPLETA) (PARZIALE)
896.0,"AMPUTAZIONE TRAUMATICA DEL PIEDE (COMPLETA) (PARZIALE) UNILATERALE,SENZA MENZIONE DI COMPLICAZIONI"
896.1,"AMPUTAZIONE TRAUMATICA DEL PIEDE (COMPLETA) (PARZIALE) UNILATERALE,CON COMPLICAZIONI"
896.2,"AMPUTAZIONE TRAUMATICA DEL PIEDE (COMPLETA) (PARZIALE) BILATERALE,SENZA MENZIONE DI COMPLICAZIONI"
896.3,"AMPUTAZIONE TRAUMATICA DEL PIEDE (COMPLETA) (PARZIALE) BILATERALE,CON COMPLICAZIONI"
897,AMPUTAZIONE TRAUMATICA DELLA GAMBA (COMPLETA) (PARZIALE)
897.0,"AMPUTAZIONE TRAUMATICA DELLA GAMBA (COMPLETA) (PARZIALE) UNILATERALE,SOTTO IL GINOCCHIO,SENZA MENZIONE DI COMPLICAZIONI"
897.1,"AMPUTAZIONE TRAUMATICA DELLA GAMBA (COMPLETA) (PARZIALE) UNILATERALE,SOTTO IL GINOCCHIO,CON COMPLICAZIONI"
897.2,"AMPUTAZIONE TRAUMATICA DELLA GAMBA (COMPLETA) (PARZIALE) UNILATERALE,AL GINOCCHIO O SOPRA,SENZA MENZIONE DI COMPLICAZIONI"
897.3,"AMPUTAZIONE TRAUMATICA DELLA GAMBA (COMPLETA) (PARZIALE) UNILATERALE,AL GINOCCHIO O SOPRA,CON COMPLICAZIONI"
897.4,"AMPUTAZIONE TRAUMATICA DELLA GAMBA (COMPLETA) (PARZIALE) UNILATERALE,ALTEZZA NON SPECIFICATA,SENZA MENZIONE DI COMPLICAZIONI"
897.5,"AMPUTAZIONE TRAUMATICA DELLA GAMBA (COMPLETA) (PARZIALE) UNILATERALE,ALTEZZA NON SPECIFICATA,CON COMPLICAZIONI"
897.6,"AMPUTAZIONE TRAUMATICA DELLA GAMBA (COMPLETA) (PARZIALE) BILATERALE,[OGNI ALTEZZA],SENZA MENZIONE DI COMPLICAZIONI"
897.7,"AMPUTAZIONE TRAUMATICA DELLA GAMBA (COMPLETA) (PARZIALE) BILATERALE,[OGNI ALTEZZA],CON COMPLICAZIONI"
900,TRAUMATISMO DEI VASI SANGUIGNI DELLA TESTA E DEL COLLO
900.0,TRAUMATISMO DEI VASI SANGUIGNI DELL'ARTERIA CAROTIDE
900.00,"TRAUMATISMO DEI VASI SANGUIGNI DELL'ARTERIA CAROTIDE,NON SPECIFICATA"
900.01,TRAUMATISMO DEI VASI SANGUIGNI DELL'ARTERIA CAROTIDE COMUNE
900.02,TRAUMATISMO DEI VASI SANGUIGNI DELL'ARTERIA CAROTIDE ESTERNA
900.03,TRAUMATISMO DEI VASI SANGUIGNI DELL'ARTERIA CAROTIDE INTERNA
900.1,TRAUMATISMO DEI VASI SANGUIGNI DELLA VENA GIUGULARE INTERNA
900.8,TRAUMATISMO DEI VASI SANGUIGNI DI ALTRI SPECIFICATI VASI SANGUIGNI DELLA TESTA E DEL COLLO
900.81,TRAUMATISMO DEI VASI SANGUIGNI DELLA VENA GIUGULARE ESTERNA
900.82,TRAUMATISMO DEI VASI SANGUIGNI DI MULTIPLI VASI SANGUIGNI DELLA TESTA E DEL COLLO
900.89,ALTRO TRAUMATISMO DEI VASI SANGUIGNI DELLA
900.9,TRAUMATISMI NON SPECIFICATI VASI SANGUIGNI DELLA TESTA E DEL COLLO
901,TRAUMATISMO DEI VASI SANGUIGNI DEL TORACE
901.0,TRAUMATISMO DELL'AORTA TORACICA
901.1,TRAUMATISMO DI INNOMINATA E ARTERIA SUCCLAVIA
901.2,TRAUMATISMO DELLA VENA CAVA SUPERIORE
901.3,TRAUMATISMO DI INNOMINATA E VENA SUCCLAVIA
901.4,TRAUMATISMO DEI VASI SANGUIGNI POLMONARI
901.40,"TRAUMATISMO DEI VASI SANGUIGNI POLMONARI,NON SPECIFICATI"
901.41,TRAUMATISMO DELL'ARTERIA POLMONARE
901.42,TRAUMATISMO DELLA VENA POLMONARE
901.8,TRAUMATISMO DI ALTRI SPECIFICATI VASI SANGUIGNI DEL TORACE
901.81,TRAUMATISMO DELL'ARTERIA INTERCOSTALE O VENA
901.82,TRAUMATISMO DELL'ARTERIA MAMMARIA INTERNA O VENA
901.83,TRAUMATISMO DEI VASI SANGUIGNI MULTIPLI DEL TORACE
901.89,ALTRO TRAUMATISMO DEI VASI SANGUIGNI DEL TORACE
901.9,TRAUMATISMO DI VASI SANGUIGNI NON SPECIFICATI DEL TORACE
902,TRAUMATISMO DEI VASI SANGUIGNI DELL'ADDOME E DEL BACINO
902.0,TRAUMATISMO DELL'AORTA ADDOMINALE
902.1,TRAUMATISMO DELLA VENA CAVA INFERIORE
902.10,"TRAUMATISMO DELLA VENA CAVA INFERIORE,NON SPECIFICATA"
902.11,TRAUMATISMO DELLE VENE EPATICHE
902.19,ALTRO TRAUMATISMO DEI VASI SANGUIGNI DELL'ADDOME E DEL BACINO
902.2,TRAUMATISMO DEL TRONCO CELIACO E ARTERIA MESENTERICA
902.20,"TRAUMATISMO DEL TRONCO CELIACO E ARTERIA MESENTERICA,NON SPECIFICATA"
902.21,TRAUMATISMO DELL'ARTERIA GASTRICA
902.22,TRAUMATISMO DELL'ARTERIA EPATICA
902.23,TRAUMATISMO DELL'ARTERIA SPLENICA
902.24,TRAUMATISMO DI ALTRE BRANCHE SPECIFICATE DEL TRONCO CELIACO
902.25,TRAUMATISMO DELL'ARTERIA MESENTERICA SUPERIORE (TRONCO)
902.26,TRAUMATISMO DELLE BRANCHE PRIMARIE DELL'ARTERIA MESENTERICA SUPERIORE
902.27,TRAUMATISMO DELL'ARTERIA MESENTERICA INFERIORE
902.29,ALTRO TRAUMATISMO DI TRONCO CELIACO E ARTERIA MESENTERICA
902.3,TRAUMATISMO DELLA VENA PORTA E SPLENICA
902.31,TRAUMATISMO DELLA VENA MESENTERICA SUPERIORE E SUDDIVISIONE PRIMARIA
902.32,TRAUMATISMO DELLA VENA MESENTERICA INFERIORE
902.33,TRAUMATISMO DELLA VENA PORTALE
902.34,TRAUMATISMO DELLA VENA SPLENICA
902.39,ALTRO TRAUMATISMO DI VENA PORTA E SPLENICA
902.4,TRAUMATISMO DEI VASI SANGUIGNI RENALI
902.40,"TRAUMATISMO DEI VASI SANGUIGNI RENALI,NON SPECIFICATI"
902.41,TRAUMATISMO DELL'ARTERIA RENALE
902.42,TRAUMATISMO DELLA VENA RENALE
902.49,TRAUMATISMO DI ALTRO VASO SANGUIGNO RENALE
902.5,TRAUMATISMO DEI VASI SANGUIGNI ILIACI
902.50,"TRAUMATISMO DI VASI SANGUIGNI ILIACI,NON SPECIFICATI"
902.51,TRAUMATISMO DELL'ARTERIA IPOGASTRICA
902.52,TRAUMATISMO DELLA VENA IPOGASTRICA
902.53,TRAUMATISMO DELL'ARTERIA ILIACA
902.54,TRAUMATISMO DELLA VENA ILIACA
902.55,TRAUMATISMO DELL'ARTERIA UTERINA
902.56,TRAUMATISMO DELLA VENA UTERINA
902.59,TRAUMATISMO DI ALTRO VASO SANGUIGNO ILIACO
902.8,TRAUMATISMO DI ALTRI SPECIFICATI VASI SANGUIGNI DELL'ADDOME E DEL BACINO
902.81,TRAUMATISMO DELL'ARTERIA OVARICA
902.82,TRAUMATISMO DELLA VENA OVARICA
902.87,TRAUMATISMO DI VASI SANGUIGNI MULTIPLI DELL'ADDOME E DEL BACINO
902.89,TRAUMATISMO DI ALTRI SPECIFICATI VASI SANGUIGNI DELL'ADDOME E DEL BACINO
902.9,TRAUMATISMO DI VASI SANGUIGNI DELL'ADDOME E DEL BACINO NON SPECIFICATI
903,TRAUMATISMO DEI VASI SANGUIGNI DELL'ARTO SUPERIORE
903.0,TRAUMATISMO DEI VASI SANGUIGNI ASCELLARI
903.00,"TRAUMATISMO DEI VASI ASCELLARI,NON SPECIFICATI"
903.01,TRAUMATISMO DELL'ARTERIA ASCELLARE
903.02,TRAUMATISMO DEI VENA ASCELLARE
903.1,TRAUMATISMO DEI VASI SANGUIGNI BRANCHIALI
903.2,TRAUMATISMO DEI VASI SANGUIGNI RADIALI
903.3,TRAUMATISMO DEI VASI SANGUIGNI ULNARI
903.4,TRAUMATISMO DELL'ARTERIA PALMARE
903.5,TRAUMATISMO DEI VASI SANGUIGNI DIGITALI
903.8,TRAUMATISMO DI ALTRI SPECIFICATI VASI SANGUIGNI DELL'ARTO SUPERIORE
903.9,TRAUMATISMO DI VASI SANGUIGNI DELL'ARTO SUPERIORE NON SPECIFICATI
904,TRAUMATISMO DEI VASI SANGUIGNI DELL'ARTO INFERIORE E DI SEDE NON SPECIFICATA
904.0,TRAUMATISMO DELL'ARTERIA FEMORALE COMUNE
904.1,TRAUMATISMO DELL'ARTERIA FEMORALE SUPERFICIALE
904.2,TRAUMATISMO DELLA VENA FEMORALE
904.3,TRAUMATISMO DELLA VENA SAFENA
904.4,TRAUMATISMO DEI VASI SANGUIGNI POPLITEI
904.40,"TRAUMATISMO DEI VASI POPLITEI,NON SPECIFICATI"
904.41,TRAUMATISMO DEI ARTERIA POPLITEA
904.42,TRAUMATISMO DELLA VENA POPLITEA
904.5,TRAUMATISMO DEI VASI SANGUIGNI TIBIALI
904.50,"TRAUMATISMO DEI VASI TIBIALI,NON SPECIFICATI"
904.51,TRAUMATISMO DELL'ARTERIA TIBIALE ANTERIORE
904.52,TRAUMATISMO DELLA VENA TIBIALE ANTERIORE
904.53,TRAUMATISMO DELL'ARTERIA TIBIALE POSTERIORE
904.54,TRAUMATISMO DELLA VENA TIBIALE POSTERIORE
904.6,TRAUMATISMO DEI VASI SANGUIGNI PLANTARI PROFONDI
904.7,TRAUMATISMO DI ALTRI VASI SANGUIGNI DELL'ARTO INFERIORE
904.8,TRAUMATISMO DEI VASI SANGUIGNI NON SPECIFICATI DELL'ARTO INFERIORE
904.9,"TRAUMATISMO DEI VASI SANGUIGNI DELL'ARTO INFERIORE E DI SEDE NON SPECIFICATA,SITO NON SPECIFICATO"
905,POSTUMI DI TRAUMATISMI DEL SISTEMA OSTEOMUSCOLARE E DEL TESSUTO CONNETTIVO
905.0,POSTUMI DI FRATTURE DEL CRANIO E DELLE OSSA DELLA FACCIA
905.1,POSTUMI DI FRATTURE DELLA COLONNA VERTEBRALE E DEL TRONCO SENZA MENZIONE DI LESIONI DEL MIDOLLO SPINALE
905.2,POSTUMI DI FRATTURE DEGLI ARTI SUPERIORI
905.3,POSTUMI DI FRATTURE DEL COLLO DEL FEMORE
905.4,POSTUMI DI FRATTURE DEGLI ARTI INFERIORI
905.5,POSTUMI DI FRATTURE DI OSSA MULTIPLE E NON SPECIFICATE
905.6,POSTUMI DI LUSSAZIONI
905.7,POSTUMI DI DISTORSIONI E DISTRAZIONI SENZA MENZIONE DI TRAUMATISMO DEI TENDINI
905.8,POSTUMI DI TRAUMATISMI DEI TENDINI
905.9,POSTUMI DI AMPUTAZIONE TRAUMATICA
906,POSTUMI DI TRAUMATISMI DELLA PELLE E DEL TESSUTO SOTTOCUTANEO
906.0,"POSTUMI DI FERITE DELLA TESTA,DEL COLLO E DEL TRONCO"
906.1,POSTUMI DI FERITE DEGLI ARTI SENZA MENZIONE DI TRAUMATISMO DEI TENDINI
906.2,POSTUMI DI TRAUMATISMI SUPERFICIALI
906.3,POSTUMI DI CONTUSIONI
906.4,POSTUMI DI SCHIACCIAMENTO
906.5,"POSTUMI DI USTIONI DELL'OCCHIO,DELLA FACCIA,DELLA TESTA E DEL COLLO"
906.6,POSTUMI DI USTIONI DEL POLSO E DELLA MANO
906.7,POSTUMI DI USTIONI DEGLI ARTI
906.8,POSTUMI DI USTIONI DI ALTRE SEDI SPECIFICATE
906.9,POSTUMI DI USTIONI DI SEDE NON SPECIFICATE
907,POSTUMI DI TRAUMATISMI DEL SISTEMA NERVOSO
907.0,POSTUMI DI TRAUMATISMI INTRACRANICI SENZA MENZIONE DI FRATTURA DEL CRANIO
907.1,POSTUMI DI TRAUMATISMI DEI NERVI CRANICI
907.2,POSTUMI DI TRAUMATISMI DEL MIDOLLO SPINALE
907.3,"POSTUMI DI TRAUMATISMI DELLE RADICI DEI NERVI,DEI PLESSI SPINALI E DI ALTRI NERVI DEL TRONCO"
907.4,POSTUMI DI TRAUMATISMI DEI NERVI PERIFERICI DEL CINGOLO SCAPOLARE E DELL'ARTO SUPERIORE
907.5,POSTUMI DI TRAUMATISMI DEI NERVI PERIFERICI DEL CINGOLO PELVICO E DELL'ARTO INFERIORE
907.9,POSTUMI DI TRAUMATISMI DI ALTRI E NON SPECIFICATI NERVI
908,POSTUMI DI ALTRI E NON SPECIFICATI TRAUMATISMI
908.0,POSTUMI DI TRAUMATISMI INTERNI DEL TORACE
908.1,POSTUMI DI TRAUMATISMI INTERNI DEGLI ORGANI INTRA-ADDOMINALI
908.2,POSTUMI DI TRAUMATISMI INTERNI DI ALTRI ORGANI INTERNI
908.3,"POSTUMI DI TRAUMATISMI DEI VASI SANGUIGNI DELLA TESTA,DEL COLLO E DEGLI ARTI"
908.4,"POSTUMI DI TRAUMATISMI DEI VASI SANGUIGNI DEL TORACE,DELL'ADDOME E DEL BACINO"
908.5,POSTUMI DI CORPO ESTRANEO IN ORIFIZIO NATURALE
908.6,POSTUMI DI ALCUNE COMPLICAZIONI DEI TRAUMATISMI
908.9,POSTUMI DI TRAUMATISMO NON SPECIFICATO
909,POSTUMI DI ALTRE E NON SPECIFICATE CAUSE ESTERNE
909.0,"POSTUMI DI AVVELENAMENTI DA FARMACI,MEDICINALI O ALTRI PRODOTTI BIOLOGICI"
909.1,POSTUMI DI EFFETTI TOSSICI DI SOSTANZE NON MEDICAMENTOSE
909.2,POSTUMI DI RADIAZIONI
909.3,POSTUMI DI COMPLICAZIONI DI CURE MEDICHE E CHIRURGICHE
909.4,POSTUMI DI CERTE ALTRE CAUSE ESTERNE
909.5,"POSTUMI DI EFFETTI SFAVOREVOLI DA FARMACI,MEDICINALI O ALTRI PRODOTTI BIOLOGICI"
909.9,POSTUMI DI ALTRE E NON SPECIFICATE CAUSE ESTERNE
910,"TRAUMATISMO SUPERFICIALE DELLA FACCIA, DEL COLLO E DEL CUOIO CAPELLUTO, ESCLUSO L'OCCHIO"
910.0,ABRASIONE O USTIONE DA ATTRITO SENZA MENZIONE DI INFEZIONE
910.1,ABRASIONE O USTIONE DA ATTRITO CON INFEZIONE
910.2,VESCICOLA SENZA MENZIONE DI INFEZIONE
910.3,VESCICOLA CON INFEZIONE
910.4,"PUNTURA D'INSETTO,NON VELENOSO,SENZA MENZIONE DI INFEZIONE"
910.5,"PUNTURA D'INSETTO,NON VELENOSO,CON INFEZIONE"
910.6,CORPO ESTRANEO SUPERFICIALE (SCHEGGIA) SENZA FERITA GRAVE E SENZA MENZIONE DI INFEZIONE
910.7,"CORPO ESTRANEO SUPERFICIALE (SCHEGGIA) SENZA FERITA GRAVE,CON INFEZIONE"
910.8,"ALTRO E NON SPECIFICATO TRAUMATISMO SUPERFICIALE DELLA FACCIA,DEL COLLO E DEL CUOIO CAPELLUTO SENZA MENZIONE DI INFEZIONE"
910.9,"ALTRO E NON SPECIFICATO TRAUMATISMO SUPERFICIALE DELLA FACCIA,DEL COLLO E DEL CUOIO CAPELLUTO,CON INFEZIONE"
911,TRAUMATISMO SUPERFICIALE DEL TRONCO
911.0,ABRASIONE O USTIONE DA ATTRITO SENZA MENZIONE DI INFEZIONE
911.1,ABRASIONE O USTIONE DA ATTRITO CON INFEZIONE
911.2,VESCICOLA SENZA MENZIONE DI INFEZIONE
911.3,VESCICOLA CON INFEZIONE
911.4,"PUNTURA D'INSETTO,NON VELENOSO,SENZA MENZIONE DI INFEZIONE"
911.5,"PUNTURA D'INSETTO,NON VELENOSO,CON INFEZIONE"
911.6,CORPO ESTRANEO SUPERFICIALE (SCHEGGIA) SENZA FERITA GRAVE E SENZA MENZIONE DI INFEZIONE
911.7,"CORPO ESTRANEO SUPERFICIALE (SCHEGGIA) SENZA FERITA GRAVE,CON INFEZIONE"
911.8,ALTRO E NON SPECIFICATO TRAUMATISMO SUPERFICIALE DEL TRONCO SENZA MENZIONE DI INFEZIONE
911.9,"ALTRO E NON SPECIFICATO TRAUMATISMO SUPERFICIALE DEL TRONCO,CON INFEZIONE"
912,TRAUMATISMO SUPERFICIALE DELLA SPALLA E DEL BRACCIO
912.0,ABRASIONE O USTIONE DA ATTRITO SENZA MENZIONE DI INFEZIONE
912.1,ABRASIONE O USTIONE DA ATTRITO CON INFEZIONE
912.2,VESCICOLA SENZA MENZIONE DI INFEZIONE
912.3,VESCICOLA CON INFEZIONE
912.4,"PUNTURA D'INSETTO,NON VELENOSO,SENZA MENZIONE DI INFEZIONE"
912.5,"PUNTURA D'INSETTO,NON VELENOSO,CON INFEZIONE"
912.6,CORPO ESTRANEO SUPERFICIALE (SCHEGGIA) SENZA FERITA GRAVE E SENZA MENZIONE DI INFEZIONE
912.7,"CORPO ESTRANEO SUPERFICIALE (SCHEGGIA) SENZA FERITA GRAVE,CON INFEZIONE"
912.8,ALTRO E NON SPECIFICATO TRAUMATISMO SUPERFICIALE DELLA SPALLA E DEL BRACCIO SENZA MENZIONE DI INFEZIONE
912.9,"ALTRO E NON SPECIFICATO TRAUMATISMO SUPERFICIALE DELLA SPALLA E DEL BRACCIO,CON INFEZIONE"
913,"TRAUMATISMO SUPERFICIALE DEL GOMITO, DELL'AVAMBRACCIO E DEL POLSO"
913.0,ABRASIONE O USTIONE DA ATTRITO SENZA MENZIONE DI INFEZIONE
913.1,ABRASIONE O USTIONE DA ATTRITO CON INFEZIONE
913.2,VESCICOLA SENZA MENZIONE DI INFEZIONE
913.3,VESCICOLA CON INFEZIONE
913.4,"PUNTURA D'INSETTO,NON VELENOSO,SENZA MENZIONE DI INFEZIONE"
913.5,"PUNTURA D'INSETTO,NON VELENOSO,CON INFEZIONE"
913.6,CORPO ESTRANEO SUPERFICIALE (SCHEGGIA) SENZA FERITA GRAVE E SENZA MENZIONE DI INFEZIONE
913.7,"CORPO ESTRANEO SUPERFICIALE (SCHEGGIA) SENZA FERITA GRAVE,CON INFEZIONE"
913.8,"ALTRO E NON SPECIFICATO TRAUMATISMO SUPERFICIALE DEL GOMITO,DELL'AVAMBRACCIO E DEL POLSO SENZA MENZIONE DI INFEZIONE"
913.9,"ALTRO E NON SPECIFICATO TRAUMATISMO SUPERFICIALE DEL GOMITO,DELL'AVAMBRACCIO E DEL POLSO,CON INFEZIONE"
914,"TRAUMATISMO SUPERFICIALE DELLA MANO, ESCLUSE LE DITA DA SOLE"
914.0,ABRASIONE O USTIONE DA ATTRITO SENZA MENZIONE DI INFEZIONE
914.1,ABRASIONE O USTIONE DA ATTRITO CON INFEZIONE
914.2,VESCICOLA SENZA MENZIONE DI INFEZIONE
914.3,VESCICOLA CON INFEZIONE
914.4,"PUNTURA D'INSETTO,NON VELENOSO,SENZA MENZIONE DI INFEZIONE"
914.5,"PUNTURA D'INSETTO,NON VELENOSO,CON INFEZIONE"
914.6,CORPO ESTRANEO SUPERFICIALE (SCHEGGIA) SENZA FERITA GRAVE E SENZA MENZIONE DI INFEZIONE
914.7,"CORPO ESTRANEO SUPERFICIALE (SCHEGGIA) SENZA FERITA GRAVE,CON INFEZIONE"
914.8,ALTRO E NON SPECIFICATO TRAUMATISMO SUPERFICIALE DELLA MANO SENZA MENZIONE DI INFEZIONE
914.9,"ALTRO E NON SPECIFICATO TRAUMATISMO SUPERFICIALE DELLA MANO,CON INFEZIONE"
915,TRAUMATISMO SUPERFICIALE DELLE DITA DELLA MANO
915.0,ABRASIONE O USTIONE DA ATTRITO SENZA MENZIONE DI INFEZIONE
915.1,ABRASIONE O USTIONE DA ATTRITO CON INFEZIONE
915.2,VESCICOLA SENZA MENZIONE DI INFEZIONE
915.3,VESCICOLA CON INFEZIONE
915.4,"PUNTURA D'INSETTO,NON VELENOSO,SENZA MENZIONE DI INFEZIONE"
915.5,"PUNTURA D'INSETTO,NON VELENOSO,CON INFEZIONE"
915.6,CORPO ESTRANEO SUPERFICIALE (SCHEGGIA) SENZA FERITA GRAVE E SENZA MENZIONE DI INFEZIONE
915.7,"CORPO ESTRANEO SUPERFICIALE (SCHEGGIA) SENZA FERITA GRAVE,CON INFEZIONE"
915.8,ALTRO E NON SPECIFICATO TRAUMATISMO SUPERFICIALE DELLE DITA DELLA MANO SENZA MENZIONE DI INFEZIONE
915.9,"ALTRO E NON SPECIFICATO TRAUMATISMO SUPERFICIALE DELLE DITA DELLA MANO,CON INFEZIONE"
916,"TRAUMATISMO SUPERFICIALE DELL'ANCA, DELLA COSCIA, DELLA GAMBA E DELLA CAVIGLIA"
916.0,ABRASIONE O USTIONE DA ATTRITO SENZA MENZIONE DI INFEZIONE
916.1,ABRASIONE O USTIONE DA ATTRITO CON INFEZIONE
916.2,VESCICOLA SENZA MENZIONE DI INFEZIONE
916.3,VESCICOLA CON INFEZIONE
916.4,"PUNTURA D'INSETTO,NON VELENOSO,SENZA MENZIONE DI INFEZIONE"
916.5,"PUNTURA D'INSETTO,NON VELENOSO,CON INFEZIONE"
916.6,CORPO ESTRANEO SUPERFICIALE (SCHEGGIA) SENZA FERITA GRAVE E SENZA MENZIONE DI INFEZIONE
916.7,"CORPO ESTRANEO SUPERFICIALE (SCHEGGIA) SENZA FERITA GRAVE,CON INFEZIONE"
916.8,"ALTRO E NON SPECIFICATO TRAUMATISMO SUPERFICIALE DELL'ANCA,DELLA COSCIA,DELLA GAMBA E DELLA CAVIGLIA SENZA MENZIONE DI INFEZIONE"
916.9,"ALTRO E NON SPECIFICATO TRAUMATISMO SUPERFICIALE DELL'ANCA,DELLA COSCIA,DELLA GAMBA E DELLA CAVIGLIA,CON INFEZIONE"
917,TRAUMATISMO SUPERFICIALE DEL PIEDE E DELLE DITA DEL PIEDE
917.0,ABRASIONE O USTIONE DA ATTRITO SENZA MENZIONE DI INFEZIONE
917.1,ABRASIONE O USTIONE DA ATTRITO CON INFEZIONE
917.2,VESCICOLA SENZA MENZIONE DI INFEZIONE
917.3,VESCICOLA CON INFEZIONE
917.4,"PUNTURA D'INSETTO,NON VELENOSO,SENZA MENZIONE DI INFEZIONE"
917.5,"PUNTURA D'INSETTO,NON VELENOSO,CON INFEZIONE"
917.6,CORPO ESTRANEO SUPERFICIALE (SCHEGGIA) SENZA FERITA GRAVE E SENZA MENZIONE DI INFEZIONE
917.7,"CORPO ESTRANEO SUPERFICIALE (SCHEGGIA) SENZA FERITA GRAVE,CON INFEZIONE"
917.8,"ALTRO E NON SPECIFICATO TRAUMATISMO SUPERFICIALE DEL PIEDE E DELLE DITA DEL PIEDE,SENZA MENZIONE DI INFEZIONE"
917.9,"ALTRO E NON SPECIFICATO TRAUMATISMO SUPERFICIALE DEL PIEDE E DELLE DITA DEL PIEDE,CON INFEZIONE"
918,TRAUMATISMO SUPERFICIALE DELL'OCCHIO E DEI SUOI ANNESSI
918.0,TRAUMATISMO SUPERFICIALE DELL'OCCHIO E DEI SUOI ANNESSI PALPEBRA E REGIONE PERIOCULARE
918.1,TRAUMATISMO SUPERFICIALE DELL'OCCHIO E DEI SUOI ANNESSI CORNEA
918.2,TRAUMATISMO SUPERFICIALE DELL'OCCHIO E DEI SUOI ANNESSI CONGIUNTIVA
918.9,ALTRO E NON SPECIFICATO TRAUMATISMO SUPERFICIALE DELL'OCCHIO
919,"TRAUMATISMO SUPERFICIALE DI ALTRE, MULTIPLE E NON SPECIFICATE SEDI"
919.0,ABRASIONE O USTIONE DA ATTRITO SENZA MENZIONE DI INFEZIONE
919.1,ABRASIONE O USTIONE DA ATTRITO CON INFEZIONE
919.2,VESCICOLA SENZA MENZIONE DI INFEZIONE
919.3,VESCICOLA CON INFEZIONE
919.4,"PUNTURA D'INSETTO,NON VELENOSO,SENZA MENZIONE DI INFEZIONE"
919.5,"PUNTURA D'INSETTO,NON VELENOSO,CON INFEZIONE"
919.6,CORPO ESTRANEO SUPERFICIALE (SCHEGGIA) SENZA FERITA GRAVE E SENZA MENZIONE DI INFEZIONE
919.7,"CORPO ESTRANEO SUPERFICIALE (SCHEGGIA) SENZA FERITA GRAVE,CON INFEZIONE"
919.8,"ALTRO E NON SPECIFICATO TRAUMATISMO SUPERFICIALE DI ALTRE,MULTIPLE E NON SPECIFICATE SEDI,SENZA MENZIONE DI INFEZIONE"
919.9,"ALTRO E NON SPECIFICATO TRAUMATISMO SUPERFICIALE DI ALTRE,MULTIPLE E NON SPECIFICATE SEDI,CON INFEZIONE"
920,"CONTUSIONE DELLA FACCIA,DEL CUOIO CAPELLUTO E DEL COLLO ESCLUSO L'OCCHIO"
921,CONTUSIONE DELL'OCCHIO E DEI SUOI ANNESSI
921.0,"ECCHIMOSI OCULARE,NON ALTRIMENTI SPECIFICATA"
921.1,CONTUSIONE DELLA PALPEBRA E DELLA REGIONE PERIOCULARE
921.2,CONTUSIONE DEI TESSUTI ORBITALI
921.3,CONTUSIONE DEL GLOBO OCULARE
921.9,CONTUSIONE NON SPECIFICATA DELL'OCCHIO
922,CONTUSIONE DEL TRONCO
922.0,CONTUSIONE DELLA MAMMELLA
922.1,CONTUSIONE DELLA PARTE TORACICA
922.2,CONTUSIONE DELLA PARETE ADDOMINALE
922.3,CONTUSIONE DEL DORSO
922.31,CONTUSIONE DEL DORSO
922.32,CONTUSIONE DELLA NATICA
922.33,CONTUSIONE DELLA REGIONE INTERSCAPOLARE
922.4,CONTUSIONE DEGLI ORGANI GENITALI
922.8,CONTUSIONE DI SEDI MULTIPLE DEL TRONCO
922.9,CONTUSIONE DI PARTE NON SPECIFICATA
923,CONTUSIONE DELL'ARTO SUPERIORE
923.0,CONTUSIONE DI SPALLA E BRACCIO
923.00,CONTUSIONE DELLA REGIONE DELLA SPALLA
923.01,CONTUSIONE DELLA REGIONE SCAPOLARE
923.02,CONTUSIONE DELLA REGIONE ASCELLARE
923.03,CONTUSIONE DEL BRACCIO SUPERIORE
923.09,CONTUSIONE DIA SEDI MULTIPLE
923.1,CONTUSIONE DI GOMITO E AVAMBRACCIO
923.10,CONTUSIONE DELL'AVAMBRACCIO
923.11,CONTUSIONE DEL GOMITO
923.2,"CONTUSIONE DI POLSO E MANO, ESCLUSE LE DITA DELLA MANO DA SOLE"
923.20,"CONTUSIONE DELLA MANO,ESCLUSE LE DITA DA SOLE"
923.21,CONTUSIONE DEL POLSO
923.3,CONTUSIONE DELLE DITA DELLA MANO
923.8,CONTUSIONE DI SEDI MULTIPLE DELL'ARTO SUPERIORE
923.9,CONTUSIONE DI PARTE NON SPECIFICATA DELL'ARTO SUPERIORE
924,CONTUSIONE DELL'ARTO INFERIORE E DI ALTRE E NON SPECIFICATE SEDI
924.0,CONTUSIONE DELL'ANCA E COSCIA
924.00,CONTUSIONE DELLA COSCIA
924.01,CONTUSIONE DELL'ANCA
924.1,CONTUSIONE DI GINOCCHIO E GAMBA
924.10,CONTUSIONE DELLA GAMBA
924.11,CONTUSIONE DEL GINOCCHIO
924.2,"CONTUSIONE DI CAVIGLIA E PIEDE, ESCLUSE LE DITA DEL PIEDE"
924.20,"CONTUSIONE DEL PIEDE,ESCLUSE LE DITA DEL PIEDE"
924.21,CONTUSIONE DELLA CAVIGLIA
924.3,CONTUSIONE DELLE DITA DEL PIEDE
924.4,CONTUSIONE DI SEDI MULTIPLE DELL'ARTO INFERIORE
924.5,CONTUSIONE DI PARTE NON SPECIFICATA DELL'ARTO INFERIORE
924.8,CONTUSIONE DI SEDI MULTIPLE NON CLASSIFICATE ALTROVE
924.9,CONTUSIONE DI SEDE NON SPECIFICATA
925,"SCHIACCIAMENTO DELLA FACCIA, DEL CUOIO CAPELLUTO E DEL COLLO"
925.1,"SCHIACCIAMENTO DELLA FACCIA,DEL CUOIO CAPELLUTO"
925.2,SCHIACCIAMENTO DEL COLLO
926,SCHIACCIAMENTO DEL TRONCO
926.0,SCHIACCIAMENTO DEGLI ORGANI GENITALI
926.1,SCHIACCIAMENTO DI ALTRE SEDI SPECIFICATE
926.11,SCHIACCIAMENTO DEL DORSO
926.12,SCHIACCIAMENTO DELLA NATICA
926.19,SCHIACCIAMENTO DI ALTRE SEDI SPECIFICATE
926.8,SCHIACCIAMENTO DI SEDI MULTIPLE DEL TRONCO
926.9,SCHIACCIAMENTO DI PARTE NON SPECIFICATA DEL TRONCO
927,SCHIACCIAMENTO DELL'ARTO SUPERIORE
927.0,SCHIACCIAMENTO DI SPALLA E BRACCIO
927.00,SCHIACCIAMENTO DELLA REGIONE DELLA SPALLA
927.01,SCHIACCIAMENTO DELLA REGIONE SCAPOLARE
927.02,SCHIACCIAMENTO DELLA REGIONE ASCELLARE
927.03,SCHIACCIAMENTO DI BRACCIO SUPERIORE
927.09,SCHIACCIAMENTO DI SEDI MULTIPLE DELL'ARTO SUPERIORE
927.1,SCHIACCIAMENTO DI GOMITO E AVAMBRACCIO
927.10,SCHIACCIAMENTO DELL'AVAMBRACCIO
927.11,SCHIACCIAMENTO DEL GOMITO
927.2,"SCHIACCIAMENTO DI POLSO E MANO, ESCLUSE LE DITA DELLA MANO DA SOLE"
927.20,SCHIACCIAMENTO DELLA MANO
927.21,SCHIACCIAMENTO DEL POLSO
927.3,SCHIACCIAMENTO DELLE DITA DELLA MANO
927.8,SCHIACCIAMENTO DI SEDI MULTIPLE DELL'ARTO SUPERIORE
927.9,SCHIACCIAMENTO DI PARTE NON SPECIFICATA DELL'ARTO SUPERIORE
928,SCHIACCIAMENTO DELL'ARTO INFERIORE
928.0,SCHIACCIAMENTO DI ANCA E COSCIA
928.00,SCHIACCIAMENTO DELLA COSCIA
928.01,SCHIACCIAMENTO DELL'ANCA
928.1,SCHIACCIAMENTO DI GINOCCHIO E GAMBA
928.10,SCHIACCIAMENTO DELLA GAMBA
928.11,SCHIACCIAMENTO DEL GINOCCHIO
928.2,"SCHIACCIAMENTO DI CAVIGLIA E PIEDE, ESCLUSE LE DITA DEL PIEDE DA SOLE"
928.20,SCHIACCIAMENTO DEL PIEDE
928.21,SCHIACCIAMENTO DELLA CAVIGLIA
928.3,SCHIACCIAMENTO DELLE DITA DEL PIEDE
928.8,SCHIACCIAMENTO DI SEDI MULTIPLE DELL'ARTO INFERIORE
928.9,SCHIACCIAMENTO DI SEDE NON SPECIFICATA DELL'ARTO INFERIORE
929,SCHIACCIAMENTO DI SEDI MULTIPLE E NON SPECIFICATE
929.0,"SCHIACCIAMENTO DI SEDI MULTIPLE,NON CLASSIFICATE ALTROVE"
929.9,SCHIACCIAMENTO DI SEDI MULTIPLE E NON SPECIFICATE
930,CORPO ESTRANEO NELLA PARTE ESTERNA DELL'OCCHIO
930.0,CORPO ESTRANEO DELLA CORNEA
930.1,CORPO ESTRANEO DEL SACCO CONGIUNTIVALE
930.2,CORPO ESTRANEO DEL PUNTO LACRIMALE
930.8,CORPO ESTRANEO DI ALTRE SEDI E SEDI COMBINATE
930.9,CORPO ESTRANEO IN PARTE ESTERNA DELL'OCCHIO NON SPECIFICATA
931,CORPO ESTRANEO NELL'ORECCHIO
932,CORPO ESTRANEO NEL NASO
933,CORPO ESTRANEO NELLA FARINGE E LARINGE
933.0,FARINGE
933.1,LARINGE
934,"CORPO ESTRANEO NELLA TRACHEA, NEI BRONCHI E NEI POLMONI"
934.0,CORPO ESTRANEO NELLA TRACHEA
934.1,CORPO ESTRANEO NEL BRONCO PRINCIPALE
934.8,"CORPO ESTRANEO IN ALTRA PARTE SPECIFICATA DI TRACHEA,NEI BRONCHI E NEI POLMONI"
934.9,CORPO ESTRANEO NELL'ALBERO RESPIRATORIO NON SPECIFICATO
935,"CORPO ESTRANEO NELLA BOCCA, NELL'ESOFAGO E NELLO STOMACO"
935.0,CORPO ESTRANEO NELLA BOCCA
935.1,CORPO ESTRANEO NELL'ESOFAGO
935.2,CORPO ESTRANEO NELLO STOMACO
936,CORPO ESTRANEO NELL'INTESTINO TENUE E NEL COLON
937,CORPO ESTRANEO NELL'ANO E NEL RETTO
938,"CORPO ESTRANEO NELL'APPARATO DIGERENTE,SEDE NON SPECIFICATA"
939,CORPO ESTRANEO NELLE VIE GENITOURINARIE
939.0,CORPO ESTRANEO IN VESCICA E URETRA
939.1,"CORPO ESTRANEO NELL'UTERO,OGNI PARTE"
939.2,CORPO ESTRANEO IN VULVA E VAGINA
939.3,CORPO ESTRANEO NEL PENE
939.9,CORPO ESTRANEO IN SITO NON SPECIFICATO
940,USTIONE LIMITATA ALL'OCCHIO E AI SUOI ANNESSI
940.0,USTIONE CHIMICA DELLE PALPEBRE E DELLA REGIONE PERIOCULARE
940.1,ALTRE USTIONI DELLE PALPEBRE E DELLA REGIONE PERIOCULARE
940.2,USTIONE CHIMICA DELLA CORNEA E DEL SACCO CONGIUNTIVALE DA ALCALI
940.3,USTIONE CHIMICA DELLA CORNEA E DEL SACCO CONGIUNTIVALE DA ACIDI
940.4,ALTRE USTIONI DELLA CORNEA E DEL SACCO CONGIUNTIVALE
940.5,USTIONI CON CONSEGUENTE ROTTURA E DISTRUZIONE DEL GLOBO OCULARE
940.9,USTIONE NON SPECIFICATA DELL'OCCHIO E DEI SUOI ANNESSI
941,"USTIONE DELLA FACCIA, DELLA TESTA E DEL COLLO"
941.0,"USTIONE DELLA FACCIA, DELLA TESTA E DEL COLLO GRADO NON SPECIFICATO"
941.00,"GRADO NON SPECIFICATO,FACCIA E TESTA,SEDE NON SPECIFICATA"
941.01,"GRADO NON SPECIFICATO,ORECCHIO [ALCUNE PARTI]"
941.02,"GRADO NON SPECIFICATO,OCCHIO (CON ALTRE REGIONI DELLA FACCIA,DELLA TESTA E DEL COLLO)"
941.03,"GRADO NON SPECIFICATO,LABBRO"
941.04,"GRADO NON SPECIFICATO,MENTO"
941.05,"GRADO NON SPECIFICATO,NASO (SETTO)"
941.06,"GRADO NON SPECIFICATO,CUOIO CAPELLUTO [ALCUNE PARTI]"
941.07,"GRADO NON SPECIFICATO,FRONTE E GUANCIA"
941.08,"GRADO NON SPECIFICATO,COLLO"
941.09,"GRADO NON SPECIFICATO,SEDI MULTIPLE [ECCETTO OCCHIO] DELLA FACCIA,DELLA TESTA E DEL COLLO"
941.1,ERITEMA [PRIMO GRADO]
941.10,"ERITEMA [PRIMO GRADO],FACCIA E TESTA,SEDE NON SPECIFICATA"
941.11,"ERITEMA [PRIMO GRADO],ORECCHIO [ALCUNE PARTI]"
941.12,"ERITEMA [PRIMO GRADO],OCCHIO (CON ALTRE REGIONI DELLA FACCIA,DELLA TESTA E DEL COLLO)"
941.13,"ERITEMA [PRIMO GRADO],LABBRO"
941.14,"ERITEMA [PRIMO GRADO],MENTO"
941.15,"ERITEMA [PRIMO GRADO],NASO (SETTO)"
941.16,"ERITEMA [PRIMO GRADO],CUOIO CAPELLUTO [ALCUNE PARTI]"
941.17,"ERITEMA [PRIMO GRADO],FRONTE E GUANCIA"
941.18,"ERITEMA [PRIMO GRADO],COLLO"
941.19,"ERITEMA [PRIMO GRADO],SEDI MULTIPLE [ECCETTO OCCHIO] DELLA FACCIA,DELLA TESTA E DEL COLLO"
941.2,"VESCICOLE, PERDITA DELL'EPIDERMIDE [SECONDO GRADO]"
941.20,"VESCICOLE,PERDITA DELL'EPIDERMIDE [SECONDO GRADO],FACCIA E TESTA,SEDE NON SPECIFICATA"
941.21,"VESCICOLE,PERDITA DELL'EPIDERMIDE [SECONDO GRADO],ORECCHIO [ALCUNE PARTI]"
941.22,"VESCICOLE,PERDITA DELL'EPIDERMIDE [SECONDO GRADO],OCCHIO (CON ALTRE REGIONI DELLA FACCIA,DELLA TESTA E DEL COLLO)"
941.23,"VESCICOLE,PERDITA DELL'EPIDERMIDE [SECONDO GRADO],LABBRO"
941.24,"VESCICOLE,PERDITA DELL'EPIDERMIDE [SECONDO GRADO],MENTO"
941.25,"VESCICOLE,PERDITA DELL'EPIDERMIDE [SECONDO GRADO],NASO (SETTO)"
941.26,"VESCICOLE,PERDITA DELL'EPIDERMIDE [SECONDO GRADO],CUOIO CAPELLUTO [ALCUNE PARTI]"
941.27,"VESCICOLE,PERDITA DELL'EPIDERMIDE [SECONDO GRADO],FRONTE E GUANCIA"
941.28,"VESCICOLE,PERDITA DELL'EPIDERMIDE [SECONDO GRADO],COLLO"
941.29,"VESCICOLE,PERDITA DELL'EPIDERMIDE [SECONDO GRADO],SEDI MULTIPLE [ECCETTO OCCHIO] DELLA FACCIA,DELLA TESTA E DEL COLLO"
941.3,PERDITA DELL'EPIDERMIDE E DEL DERMA [TERZO GRADO SAI]
941.30,"PERDITA DELL'EPIDERMIDE E DEL DERMA [TERZO GRADO SAI],FACCIA E TESTA,SEDE NON SPECIFICATA"
941.31,"PERDITA DELL'EPIDERMIDE E DEL DERMA [TERZO GRADO SAI],ORECCHIO [ALCUNE PARTI]"
941.32,"PERDITA DELL'EPIDERMIDE E DEL DERMA [TERZO GRADO SAI],OCCHIO (CON ALTRE REGIONI DELLA FACCIA,DELLA TESTA E DEL COLLO)"
941.33,"PERDITA DELL'EPIDERMIDE E DEL DERMA [TERZO GRADO SAI],LABBRO"
941.34,"PERDITA DELL'EPIDERMIDE E DEL DERMA [TERZO GRADO SAI],MENTO"
941.35,"PERDITA DELL'EPIDERMIDE E DEL DERMA [TERZO GRADO SAI],NASO (SETTO)"
941.36,"PERDITA DELL'EPIDERMIDE E DEL DERMA [TERZO GRADO SAI],CUOIO CAPELLUTO [ALCUNE PARTI]"
941.37,"PERDITA DELL'EPIDERMIDE E DEL DERMA [TERZO GRADO SAI],FRONTE E GUANCIA"
941.38,"PERDITA DELL'EPIDERMIDE E DEL DERMA [TERZO GRADO SAI],COLLO"
941.39,"PERDITA DELL'EPIDERMIDE E DEL DERMA [TERZO GRADO SAI],SEDI MULTIPLE [ECCETTO OCCHIO] DELLA FACCIA,DELLA TESTA E DEL COLLO"
941.4,"NECROSI PROFONDA DEI TESSUTI SOTTOSTANTI [TERZO GRADO PROFONDO], SENZA MENZIONE DI PERDITA DI UNA PARTE DEL CORPO"
941.40,"NECROSI PROFONDA DEI TESSUTI SOTTOSTANTI [TERZO GRADO PROFONDO],SENZA MENZIONE DI PERDITA DI UNA PARTE DEL CORPO,FACCIA E TESTA,SEDE NON SPECIFICATA"
941.41,"NECROSI PROFONDA DEI TESSUTI SOTTOSTANTI [TERZO GRADO PROFONDO],SENZA MENZIONE DI PERDITA DI UNA PARTE DEL CORPO,ORECCHIO [ALCUNE PARTI]"
941.42,"NECROSI PROFONDA DEI TESSUTI SOTTOSTANTI [TERZO GRADO PROFONDO],SENZA MENZIONE DI PERDITA DI UNA PARTE DEL CORPO,OCCHIO (CON ALTRE REGIONI DELLA FACCIA,DELLA TESTA E DEL COLLO)"
941.43,"NECROSI PROFONDA DEI TESSUTI SOTTOSTANTI [TERZO GRADO PROFONDO],SENZA MENZIONE DI PERDITA DI UNA PARTE DEL CORPO,LABBRO"
941.44,"NECROSI PROFONDA DEI TESSUTI SOTTOSTANTI [TERZO GRADO PROFONDO],SENZA MENZIONE DI PERDITA DI UNA PARTE DEL CORPO,MENTO"
941.45,"NECROSI PROFONDA DEI TESSUTI SOTTOSTANTI [TERZO GRADO PROFONDO],SENZA MENZIONE DI PERDITA DI UNA PARTE DEL CORPO,NASO (SETTO)"
941.46,"NECROSI PROFONDA DEI TESSUTI SOTTOSTANTI [TERZO GRADO PROFONDO],SENZA MENZIONE DI PERDITA DI UNA PARTE DEL CORPO,CUOIO CAPELLUTO [ALCUNE PARTI]"
941.47,"NECROSI PROFONDA DEI TESSUTI SOTTOSTANTI [TERZO GRADO PROFONDO],SENZA MENZIONE DI PERDITA DI UNA PARTE DEL CORPO,FRONTE E GUANCIA"
941.48,"NECROSI PROFONDA DEI TESSUTI SOTTOSTANTI [TERZO GRADO PROFONDO],SENZA MENZIONE DI PERDITA DI UNA PARTE DEL CORPO,COLLO"
941.49,"NECROSI PROFONDA DEI TESSUTI SOTTOSTANTI [TERZO GRADO PROFONDO],SENZA MENZIONE DI PERDITA DI UNA PARTE DEL CORPO,SEDI MULTIPLE [ECCETTO OCCHIO] DELLA FACCIA,DELLA TESTA E DEL COLLO"
941.5,"NECROSI PROFONDA DEI TESSUTI SOTTOSTANTI [TERZO GRADO PROFONDO], CON PERDITA DI UNA PARTE DEL CORPO"
941.50,"NECROSI PROFONDA DEI TESSUTI SOTTOSTANTI [TERZO GRADO PROFONDO],CON PERDITA DI UNA PARTE DEL CORPO,FACCIA E TESTA,SEDE NON SPECIFICATA"
941.51,"NECROSI PROFONDA DEI TESSUTI SOTTOSTANTI [TERZO GRADO PROFONDO],CON PERDITA DI UNA PARTE DEL CORPO,ORECCHIO [ALCUNE PARTI]"
941.52,"NECROSI PROFONDA DEI TESSUTI SOTTOSTANTI [TERZO GRADO PROFONDO],CON PERDITA DI UNA PARTE DEL CORPO,OCCHIO (CON ALTRE REGIONI DELLA FACCIA,DELLA TESTA E DEL COLLO)"
941.53,"NECROSI PROFONDA DEI TESSUTI SOTTOSTANTI [TERZO GRADO PROFONDO],CON PERDITA DI UNA PARTE DEL CORPO,LABBRO"
941.54,"NECROSI PROFONDA DEI TESSUTI SOTTOSTANTI [TERZO GRADO PROFONDO],CON PERDITA DI UNA PARTE DEL CORPO,MENTO"
941.55,"NECROSI PROFONDA DEI TESSUTI SOTTOSTANTI [TERZO GRADO PROFONDO],CON PERDITA DI UNA PARTE DEL CORPO,NASO (SETTO)"
941.56,"NECROSI PROFONDA DEI TESSUTI SOTTOSTANTI [TERZO GRADO PROFONDO],CON PERDITA DI UNA PARTE DEL CORPO,CUOIO CAPELLUTO [ALCUNE PARTI]"
941.57,"NECROSI PROFONDA DEI TESSUTI SOTTOSTANTI [TERZO GRADO PROFONDO],CON PERDITA DI UNA PARTE DEL CORPO,FRONTE E GUANCIA"
941.58,"NECROSI PROFONDA DEI TESSUTI SOTTOSTANTI [TERZO GRADO PROFONDO],CON PERDITA DI UNA PARTE DEL CORPO,COLLO"
941.59,"NECROSI PROFONDA DEI TESSUTI SOTTOSTANTI [TERZO GRADO PROFONDO],CON PERDITA DI UNA PARTE DEL CORPO,SEDI MULTIPLE [ECCETTO OCCHIO] DELLA FACCIA,DELLA TESTA E DEL COLLO"
942,USTIONE DEL TRONCO
942.0,USTIONE DEL TRONCO GRADO NON SPECIFICATO
942.00,"GRADO NON SPECIFICATO,TRONCO,SEDE NON SPECIFICATA"
942.01,"GRADO NON SPECIFICATO,MAMMELLA"
942.02,"GRADO NON SPECIFICATO,PARETE TORACICA,ESCLUSO MAMMELLA E CAPEZZOLO"
942.03,"GRADO NON SPECIFICATO,PARETE ADDOMINALE"
942.04,"GRADO NON SPECIFICATO,DORSO [ALCUNE PARTI]"
942.05,"GRADO NON SPECIFICATO,ORGANI GENITALI"
942.09,"GRADO NON SPECIFICATO,ALTRO E SEDI MULTIPLE DEL TRONCO"
942.1,ERITEMA [PRIMO GRADO]
942.10,"ERITEMA [PRIMO GRADO],TRONCO,SEDE NON SPECIFICATA"
942.11,"ERITEMA [PRIMO GRADO],MAMMELLA"
942.12,"ERITEMA [PRIMO GRADO],PARETE TORACICA,ESCLUSO MAMMELLA E CAPEZZOLO"
942.13,"ERITEMA [PRIMO GRADO],PARETE ADDOMINALE"
942.14,"ERITEMA [PRIMO GRADO],DORSO [ALCUNE PARTI]"
942.15,"ERITEMA [PRIMO GRADO],ORGANI GENITALI"
942.19,"ERITEMA [PRIMO GRADO],ALTRO E SEDI MULTIPLE DEL TRONCO"
942.2,"VESCICOLE, PERDITA DELL'EPIDERMIDE [SECONDO GRADO]"
942.20,"VESCICOLE,PERDITA DELL'EPIDERMIDE [SECONDO GRADO],TRONCO,SEDE NON SPECIFICATA"
942.21,"VESCICOLE,PERDITA DELL'EPIDERMIDE [SECONDO GRADO],MAMMELLA"
942.22,"VESCICOLE,PERDITA DELL'EPIDERMIDE [SECONDO GRADO],PARETE TORACICA,ESCLUSO MAMMELLA E CAPEZZOLO"
942.23,"VESCICOLE,PERDITA DELL'EPIDERMIDE [SECONDO GRADO],PARETE ADDOMINALE"
942.24,"VESCICOLE,PERDITA DELL'EPIDERMIDE [SECONDO GRADO],DORSO [ALCUNE PARTI]"
942.25,"VESCICOLE,PERDITA DELL'EPIDERMIDE [SECONDO GRADO],ORGANI GENITALI"
942.29,"VESCICOLE,PERDITA DELL'EPIDERMIDE [SECONDO GRADO],ALTRO E SEDI MULTIPLE DEL TRONCO"
942.3,PERDITA DELL'EPIDERMIDE E DEL DERMA [TERZO GRADO SAI]
942.30,"PERDITA DELL'EPIDERMIDE E DEL DERMA [TERZO GRADO SAI],TRONCO,SEDE NON SPECIFICATA"
942.31,"PERDITA DELL'EPIDERMIDE E DEL DERMA [TERZO GRADO SAI],MAMMELLA"
942.32,"PERDITA DELL'EPIDERMIDE E DEL DERMA [TERZO GRADO SAI],PARETE TORACICA,ESCLUSO MAMMELLA E CAPEZZOLO"
942.33,"PERDITA DELL'EPIDERMIDE E DEL DERMA [TERZO GRADO SAI],PARETE ADDOMINALE"
942.34,"PERDITA DELL'EPIDERMIDE E DEL DERMA [TERZO GRADO SAI],DORSO [ALCUNE PARTI]"
942.35,"PERDITA DELL'EPIDERMIDE E DEL DERMA [TERZO GRADO SAI],ORGANI GENITALI"
942.39,"PERDITA DELL'EPIDERMIDE E DEL DERMA [TERZO GRADO SAI],ALTRO E SEDI MULTIPLE DEL TRONCO"
942.4,"NECROSI PROFONDA DEI TESSUTI SOTTOSTANTI [TERZO GRADO PROFONDO], SENZA MENZIONE DI PERDITA DI UNA PARTE DEL CORPO"
942.40,"NECROSI PROFONDA DEI TESSUTI SOTTOSTANTI [TERZO GRADO PROFONDO],SENZA MENZIONE DI PERDITA DI UNA PARTE DEL CORPO,TRONCO,SEDE NON SPECIFICATA"
942.41,"NECROSI PROFONDA DEI TESSUTI SOTTOSTANTI [TERZO GRADO PROFONDO],SENZA MENZIONE DI PERDITA DI UNA PARTE DEL CORPO,MAMMELLA"
942.42,"NECROSI PROFONDA DEI TESSUTI SOTTOSTANTI [TERZO GRADO PROFONDO],SENZA MENZIONE DI PERDITA DI UNA PARTE DEL CORPO,PARETE TORACICA,ESCLUSO MAMMELLA E CAPEZZOLO"
942.43,"NECROSI PROFONDA DEI TESSUTI SOTTOSTANTI [TERZO GRADO PROFONDO],SENZA MENZIONE DI PERDITA DI UNA PARTE DEL CORPO,PARETE ADDOMINALE"
942.44,"NECROSI PROFONDA DEI TESSUTI SOTTOSTANTI [TERZO GRADO PROFONDO],SENZA MENZIONE DI PERDITA DI UNA PARTE DEL CORPO,DORSO [ALCUNE PARTI]"
942.45,"NECROSI PROFONDA DEI TESSUTI SOTTOSTANTI [TERZO GRADO PROFONDO],SENZA MENZIONE DI PERDITA DI UNA PARTE DEL CORPO,ORGANI GENITALI"
942.49,"NECROSI PROFONDA DEI TESSUTI SOTTOSTANTI [TERZO GRADO PROFONDO],SENZA MENZIONE DI PERDITA DI UNA PARTE DEL CORPO,ALTRO E SEDI MULTIPLE DEL TRONCO"
942.5,"NECROSI PROFONDA DEI TESSUTI SOTTOSTANTI [TERZO GRADO PROFONDO], CON PERDITA DI UNA PARTE DEL CORPO"
942.50,"NECROSI PROFONDA DEI TESSUTI SOTTOSTANTI [TERZO GRADO PROFONDO],CON PERDITA DI UNA PARTE DEL CORPO,TRONCO,SEDE NON SPECIFICATA"
942.51,"NECROSI PROFONDA DEI TESSUTI SOTTOSTANTI [TERZO GRADO PROFONDO CON PERDITA DI UNA PARTE DEL CORPO,MAMMELLA"
942.52,"NECROSI PROFONDA DEI TESSUTI SOTTOSTANTI [TERZO GRADO PROFONDO],CON PERDITA DI UNA PARTE DEL CORPO,PARETE TORACICA,ESCLUSO MAMMELLA E CAPEZZOLO"
942.53,"NECROSI PROFONDA DEI TESSUTI SOTTOSTANTI [TERZO GRADO PROFONDO],CON PERDITA DI UNA PARTE DEL CORPO,PARETE ADDOMINALE"
942.54,"NECROSI PROFONDA DEI TESSUTI SOTTOSTANTI [TERZO GRADO PROFONDO],CON PERDITA DI UNA PARTE DEL CORPO,DORSO [ALCUNE PARTI]"
942.55,"NECROSI PROFONDA DEI TESSUTI SOTTOSTANTI [TERZO GRADO PROFONDO],CON PERDITA DI UNA PARTE DEL CORPO,ORGANI GENITALI"
942.59,"NECROSI PROFONDA DEI TESSUTI SOTTOSTANTI [TERZO GRADO PROFONDO],CON PERDITA DI UNA PARTE DEL CORPO,ALTRO E SEDI MULTIPLE DEL TRONCO"
943,"USTIONE DELL'ARTO SUPERIORE, ESCLUSI IL POLSO E LA MANO"
943.0,"USTIONE DELL'ARTO SUPERIORE, ESCLUSI IL POLSO E LA MANO GRADO NON SPECIFICATO"
943.00,"GRADO NON SPECIFICATO,ARTO SUPERIORE SEDE NON SPECIFICATA"
943.01,"GRADO NON SPECIFICATO,AVAMBRACCIO"
943.02,"GRADO NON SPECIFICATO,GOMITO"
943.03,"GRADO NON SPECIFICATO,BRACCIO SUPERIORE"
943.04,"GRADO NON SPECIFICATO,ASCELLA"
943.05,"GRADO NON SPECIFICATO,SPALLA"
943.06,"GRADO NON SPECIFICATO,REGIONE SCAPOLARE"
943.09,"GRADO NON SPECIFICATO,SEDI MULTIPLE DELL'ARTO SUPERIORE,ESCLUSI IL POLSO E LA MANO"
943.1,ERITEMA [PRIMO GRADO]
943.10,"ERITEMA [PRIMO GRADO],ARTO SUPERIORE SEDE NON SPECIFICATA"
943.11,"ERITEMA [PRIMO GRADO],AVAMBRACCIO"
943.12,"ERITEMA [PRIMO GRADO],GOMITO"
943.13,"ERITEMA [PRIMO GRADO],BRACCIO SUPERIORE"
943.14,"ERITEMA [PRIMO GRADO],ASCELLA"
943.15,"ERITEMA [PRIMO GRADO],SPALLA"
943.16,"ERITEMA [PRIMO GRADO],REGIONE SCAPOLARE"
943.19,"ERITEMA [PRIMO GRADO],SEDI MULTIPLE DELL'ARTO SUPERIORE,ESCLUSI IL POLSO E LA MANO"
943.2,"VESCICOLE, PERDITA DELL'EPIDERMIDE [SECONDO GRADO]"
943.20,"VESCICOLE,PERDITA DELL'EPIDERMIDE [SECONDO GRADO],ARTO SUPERIORE SEDE NON SPECIFICATA"
943.21,"VESCICOLE,PERDITA DELL'EPIDERMIDE [SECONDO GRADO],AVAMBRACCIO"
943.22,"VESCICOLE,PERDITA DELL'EPIDERMIDE [SECONDO GRADO],GOMITO"
943.23,"VESCICOLE,PERDITA DELL'EPIDERMIDE [SECONDO GRADO],BRACCIO SUPERIORE"
943.24,"VESCICOLE,PERDITA DELL'EPIDERMIDE [SECONDO GRADO],ASCELLA"
943.25,"VESCICOLE,PERDITA DELL'EPIDERMIDE [SECONDO GRADO],SPALLA"
943.26,"VESCICOLE,PERDITA DELL'EPIDERMIDE [SECONDO GRADO],REGIONE SCAPOLARE"
943.29,"VESCICOLE,PERDITA DELL'EPIDERMIDE [SECONDO GRADO],SEDI MULTIPLE DELL'ARTO SUPERIORE,ESCLUSI IL POLSO E LA MANO"
943.3,PERDITA DELL'EPIDERMIDE E DEL DERMA [TERZO GRADO SAI]
943.30,"PERDITA DELL'EPIDERMIDE E DEL DERMA [TERZO GRADO SAI],ARTO SUPERIORE SEDE NON SPECIFICATA"
943.31,"PERDITA DELL'EPIDERMIDE E DEL DERMA [TERZO GRADO SAI],AVAMBRACCIO"
943.32,"PERDITA DELL'EPIDERMIDE E DEL DERMA [TERZO GRADO SAI],GOMITO"
943.33,"PERDITA DELL'EPIDERMIDE E DEL DERMA [TERZO GRADO SAI],BRACCIO SUPERIORE"
943.34,"PERDITA DELL'EPIDERMIDE E DEL DERMA [TERZO GRADO SAI],ASCELLA"
943.35,"PERDITA DELL'EPIDERMIDE E DEL DERMA [TERZO GRADO SAI],SPALLA"
943.36,"PERDITA DELL'EPIDERMIDE E DEL DERMA [TERZO GRADO SAI],REGIONE SCAPOLARE"
943.39,"PERDITA DELL'EPIDERMIDE E DEL DERMA [TERZO GRADO SAI],SEDI MULTIPLE DELL'ARTO SUPERIORE,ESCLUSI IL POLSO E LA MANO"
943.4,"NECROSI PROFONDA DEI TESSUTI SOTTOSTANTI [TERZO GRADO PROFONDO], SENZA MENZIONE DI PERDITA DI UNA PARTE DEL CORPO"
943.40,"NECROSI PROFONDA DEI TESSUTI SOTTOSTANTI [TERZO GRADO PROFONDO],SENZA MENZIONE DI PERDITA DI UNA PARTE DEL CORPO,ARTO SUPERIORE SEDE NON SPECIFICATA"
943.41,"NECROSI PROFONDA DEI TESSUTI SOTTOSTANTI [TERZO GRADO PROFONDO],SENZA MENZIONE DI PERDITA DI UNA PARTE DEL CORPO,AVAMBRACCIO"
943.42,"NECROSI PROFONDA DEI TESSUTI SOTTOSTANTI [TERZO GRADO PROFONDO],SENZA MENZIONE DI PERDITA DI UNA PARTE DEL CORPO,GOMITO"
943.43,"NECROSI PROFONDA DEI TESSUTI SOTTOSTANTI [TERZO GRADO PROFONDO],SENZA MENZIONE DI PERDITA DI UNA PARTE DEL CORPO,BRACCIO SUPERIORE"
943.44,"NECROSI PROFONDA DEI TESSUTI SOTTOSTANTI [TERZO GRADO PROFONDO],SENZA MENZIONE DI PERDITA DI UNA PARTE DEL CORPO,ASCELLA"
943.45,"NECROSI PROFONDA DEI TESSUTI SOTTOSTANTI [TERZO GRADO PROFONDO],SENZA MENZIONE DI PERDITA DI UNA PARTE DEL CORPO,SPALLA"
943.46,"NECROSI PROFONDA DEI TESSUTI SOTTOSTANTI [TERZO GRADO PROFONDO],SENZA MENZIONE DI PERDITA DI UNA PARTE DEL CORPO,REGIONE SCAPOLARE"
943.49,"NECROSI PROFONDA DEI TESSUTI SOTTOSTANTI [TERZO GRADO PROFONDO],SENZA MENZIONE DI PERDITA DI UNA PARTE DEL CORPO,SEDI MULTIPLE DELL'ARTO SUPERIORE,ESCLUSI IL POLSO E LA MANO"
943.5,"NECROSI PROFONDA DEI TESSUTI SOTTOSTANTI [TERZO GRADO PROFONDO], CON PERDITA DI UNA PARTE DEL CORPO"
943.50,"PERDITA DELL'EPIDERMIDE E DEL DERMA [TERZO GRADO SAI],ARTO SUPERIORE SEDE NON SPECIFICATA"
943.51,"NECROSI PROFONDA DEI TESSUTI SOTTOSTANTI [TERZO GRADO PROFONDO],CON PERDITA DI UNA PARTE DEL CORPO,AVAMBRACCIO"
943.52,"NECROSI PROFONDA DEI TESSUTI SOTTOSTANTI [TERZO GRADO PROFONDO],CON PERDITA DI UNA PARTE DEL CORPO,GOMITO"
943.53,"NECROSI PROFONDA DEI TESSUTI SOTTOSTANTI [TERZO GRADO PROFONDO],CON PERDITA DI UNA PARTE DEL CORPO,BRACCIO SUPERIORE"
943.54,"NECROSI PROFONDA DEI TESSUTI SOTTOSTANTI [TERZO GRADO PROFONDO],CON PERDITA DI UNA PARTE DEL CORPO,ASCELLA"
943.55,"NECROSI PROFONDA DEI TESSUTI SOTTOSTANTI [TERZO GRADO PROFONDO],CON PERDITA DI UNA PARTE DEL CORPO,SPALLA"
943.56,"NECROSI PROFONDA DEI TESSUTI SOTTOSTANTI [TERZO GRADO PROFONDO],CON PERDITA DI UNA PARTE DEL CORPO,REGIONE SCAPOLARE"
943.59,"NECROSI PROFONDA DEI TESSUTI SOTTOSTANTI [TERZO GRADO PROFONDO],CON PERDITA DI UNA PARTE DEL CORPO,SEDI MULTIPLE DELL'ARTO SUPERIORE,ESCLUSI IL POLSO E LA MANO"
944,USTIONI DEL POLSO E DELLA MANO
944.0,USTIONI DEL POLSO E DELLA MANO GRADO NON SPECIFICATO
944.00,"GRADO NON SPECIFICATO,MANO,SEDE NON SPECIFICATA"
944.01,"GRADO NON SPECIFICATO,DITO SINGOLO [DITO (UNGHIA)] OLTRE CHE IL POLLICE"
944.02,"GRADO NON SPECIFICATO,POLLICE (UNGHIA)"
944.03,"GRADO NON SPECIFICATO,DUE O PIY DITA ESCLUSO IL POLLICE"
944.04,"GRADO NON SPECIFICATO,DUE O PIY DITA INCLUSO IL POLLICE"
944.05,"GRADO NON SPECIFICATO,PALMO DELLA MANO"
944.06,"GRADO NON SPECIFICATO,DORSO DELLA MANO"
944.07,"GRADO NON SPECIFICATO,POLSO"
944.08,"GRADO NON SPECIFICATO,SEDI MULTIPLE DEL POLSO E DELLA MANO"
944.1,ERITEMA [PRIMO GRADO]
944.10,"ERITEMA [PRIMO GRADO],MANO,SEDE NON SPECIFICATA"
944.11,"ERITEMA [PRIMO GRADO],DITO SINGOLO [DITO (UNGHIA)] OLTRE CHE IL POLLICE"
944.12,"ERITEMA [PRIMO GRADO],POLLICE (UNGHIA)"
944.13,"ERITEMA [PRIMO GRADO],DUE O PIY DITA ESCLUSO IL POLLICE"
944.14,"ERITEMA [PRIMO GRADO],DUE O PIY DITA INCLUSO IL POLLICE"
944.15,"ERITEMA [PRIMO GRADO],PALMO DELLA MANO"
944.16,"ERITEMA [PRIMO GRADO],DORSO DELLA MANO"
944.17,"ERITEMA [PRIMO GRADO],POLSO"
944.18,"ERITEMA [PRIMO GRADO],SEDI MULTIPLE DEL POLSO E DELLA MANO"
944.2,"VESCICOLE, PERDITA DELL'EPIDERMIDE [SECONDO GRADO]"
944.20,"VESCICOLE,PERDITA DELL'EPIDERMIDE [SECONDO GRADO],MANO,SEDE NON SPECIFICATA"
944.21,"VESCICOLE,PERDITA DELL'EPIDERMIDE [SECONDO GRADO],DITO SINGOLO [DITO (UNGHIA)] OLTRE CHE IL POLLICE"
944.22,"VESCICOLE,PERDITA DELL'EPIDERMIDE [SECONDO GRADO],POLLICE (UNGHIA)"
944.23,"VESCICOLE,PERDITA DELL'EPIDERMIDE [SECONDO GRADO],DUE O PIY DITA ESCLUSO IL POLLICE"
944.24,"VESCICOLE,PERDITA DELL'EPIDERMIDE [SECONDO GRADO],DUE O PIY DITA INCLUSO IL POLLICE"
944.25,"VESCICOLE,PERDITA DELL'EPIDERMIDE [SECONDO GRADO],PALMO DELLA MANO"
944.26,"VESCICOLE,PERDITA DELL'EPIDERMIDE [SECONDO GRADO],DORSO DELLA MANO"
944.27,"VESCICOLE,PERDITA DELL'EPIDERMIDE [SECONDO GRADO],POLSO"
944.28,"VESCICOLE,PERDITA DELL'EPIDERMIDE [SECONDO GRADO],SEDI MULTIPLE DEL POLSO E DELLA MANO"
944.3,PERDITA DELL'EPIDERMIDE E DEL DERMA [TERZO GRADO SAI]
944.30,"PERDITA DELL'EPIDERMIDE E DEL DERMA [TERZO GRADO SAI],MANO,SEDE NON SPECIFICATA"
944.31,"PERDITA DELL'EPIDERMIDE E DEL DERMA [TERZO GRADO SAI],DITO SINGOLO [DITO (UNGHIA)] OLTRE CHE IL POLLICE"
944.32,"PERDITA DELL'EPIDERMIDE E DEL DERMA [TERZO GRADO SAI],POLLICE (UNGHIA)"
944.33,"PERDITA DELL'EPIDERMIDE E DEL DERMA [TERZO GRADO SAI],DUE O PIY DITA ESCLUSO IL POLLICE"
944.34,"PERDITA DELL'EPIDERMIDE E DEL DERMA [TERZO GRADO SAI],DUE O PIY DITA INCLUSO IL POLLICE"
944.35,"PERDITA DELL'EPIDERMIDE E DEL DERMA [TERZO GRADO SAI],PALMO DELLA MANO"
944.36,"PERDITA DELL'EPIDERMIDE E DEL DERMA [TERZO GRADO SAI],DORSO DELLA MANO"
944.37,"PERDITA DELL'EPIDERMIDE E DEL DERMA [TERZO GRADO SAI],POLSO"
944.38,"PERDITA DELL'EPIDERMIDE E DEL DERMA [TERZO GRADO SAI],SEDI MULTIPLE DEL POLSO E DELLA MANO"
944.4,"NECROSI PROFONDA DEI TESSUTI SOTTOSTANTI [TERZO GRADO PROFONDO], SENZA MENZIONE DI PERDITA DI UNA PARTE DEL CORPO"
944.40,"NECROSI PROFONDA DEI TESSUTI SOTTOSTANTI [TERZO GRADO PROFONDO],SENZA MENZIONE DI PERDITA DI UNA PARTE DEL CORPO,MANO,SEDE NON SPECIFICATA"
944.41,"NECROSI PROFONDA DEI TESSUTI SOTTOSTANTI [TERZO GRADO PROFONDO],SENZA MENZIONE DI PERDITA DI UNA PARTE DEL CORPO,DITO SINGOLO [DITO (UNGHIA)] OLTRE CHE IL POLLICE"
944.42,"NECROSI PROFONDA DEI TESSUTI SOTTOSTANTI [TERZO GRADO PROFONDO],SENZA MENZIONE DI PERDITA DI UNA PARTE DEL CORPO,POLLICE (UNGHIA)"
944.43,"NECROSI PROFONDA DEI TESSUTI SOTTOSTANTI [TERZO GRADO PROFONDO],SENZA MENZIONE DI PERDITA DI UNA PARTE DEL CORPO,DUE O PIY DITA ESCLUSO IL POLLICE"
944.44,"NECROSI PROFONDA DEI TESSUTI SOTTOSTANTI [TERZO GRADO PROFONDO],DUE O PIY DITA INCLUSO IL POLLICE"
944.45,"NECROSI PROFONDA DEI TESSUTI SOTTOSTANTI [TERZO GRADO PROFONDO],SENZA MENZIONE DI PERDITA DI UNA PARTE DEL CORPO,PALMO DELLA MANO"
944.46,"NECROSI PROFONDA DEI TESSUTI SOTTOSTANTI [TERZO GRADO PROFONDO],SENZA MENZIONE DI PERDITA DI UNA PARTE DEL CORPO,DORSO DELLA MANO"
944.47,"NECROSI PROFONDA DEI TESSUTI SOTTOSTANTI [TERZO GRADO PROFONDO],SENZA MENZIONE DI PERDITA DI UNA PARTE DEL CORPO,POLSO"
944.48,"NECROSI PROFONDA DEI TESSUTI SOTTOSTANTI [TERZO GRADO PROFONDO],SENZA MENZIONE DI PERDITA DI UNA PARTE DEL CORPO,SEDI MULTIPLE DEL POLSO E DELLA MANO"
944.5,"NECROSI PROFONDA DEI TESSUTI SOTTOSTANTI [TERZO GRADO PROFONDO], CON PERDITA DI UNA PARTE DEL CORPO"
944.50,"NECROSI PROFONDA DEI TESSUTI SOTTOSTANTI [TERZO GRADO PROFONDO],CON PERDITA DI UNA PARTE DEL CORPO,MANO,SEDE NON SPECIFICATA"
944.51,"NECROSI PROFONDA DEI TESSUTI SOTTOSTANTI [TERZO GRADO PROFONDO],CON PERDITA DI UNA PARTE DEL CORPO,DITO SINGOLO [DITO (UNGHIA)] OLTRE CHE IL POLLICE"
944.52,"NECROSI PROFONDA DEI TESSUTI SOTTOSTANTI [TERZO GRADO PROFONDO],CON PERDITA DI UNA PARTE DEL CORPO,POLLICE (UNGHIA)"
944.53,"NECROSI PROFONDA DEI TESSUTI SOTTOSTANTI [TERZO GRADO PROFONDO],CON PERDITA DI UNA PARTE DEL CORPO,DUE O PIY DITA ESCLUSO IL POLLICE"
944.54,"NECROSI PROFONDA DEI TESSUTI SOTTOSTANTI [TERZO GRADO PROFONDO],DUE O PIY DITA INCLUSO IL POLLICE"
944.55,"NECROSI PROFONDA DEI TESSUTI SOTTOSTANTI [TERZO GRADO PROFONDO],CON PERDITA DI UNA PARTE DEL CORPO,PALMO DELLA MANO"
944.56,"NECROSI PROFONDA DEI TESSUTI SOTTOSTANTI [TERZO GRADO PROFONDO],CON PERDITA DI UNA PARTE DEL CORPO,DORSO DELLA MANO"
944.57,"NECROSI PROFONDA DEI TESSUTI SOTTOSTANTI [TERZO GRADO PROFONDO],CON PERDITA DI UNA PARTE DEL CORPO,POLSO"
944.58,"NECROSI PROFONDA DEI TESSUTI SOTTOSTANTI [TERZO GRADO PROFONDO],CON PERDITA DI UNA PARTE DEL CORPO,SEDI MULTIPLE DEL POLSO E DELLA MANO"
945,USTIONE DELL'ARTO INFERIORE
945.0,USTIONE DELL'ARTO INFERIORE GRADO NON SPECIFICATO
945.00,"USTIONE DI GRADO NON SPECIFICATO,ARTO INFERIORE [GAMBA],SEDE NON SPECIFICATA"
945.01,"USTIONE DI GRADO NON SPECIFICATO,DITO DEL PIEDE(UNGHIA)"
945.02,"USTIONE DI GRADO NON SPECIFICATO,PIEDE"
945.03,"USTIONE DI GRADO NON SPECIFICATO,CAVIGLIA"
945.04,"USTIONE DI GRADO NON SPECIFICATO,GAMBA"
945.05,"USTIONE DI GRADO NON SPECIFICATO,GINOCCHIO"
945.06,"USTIONE DI GRADO NON SPECIFICATO,COSCIA [ALCUNE PARTI]"
945.09,"USTIONE DI GRADO NON SPECIFICATO,SEDI MULTIPLE DELL'ARTO INFERIORE"
945.1,ERITEMA [PRIMO GRADO]
945.10,"ERITEMA [PRIMO GRADO],ARTO INFERIORE [GAMBA],SEDE NON SPECIFICATA"
945.11,"ERITEMA [PRIMO GRADO],DITO DEL PIEDE(UNGHIA)"
945.12,"ERITEMA [PRIMO GRADO],PIEDE"
945.13,"ERITEMA [PRIMO GRADO],CAVIGLIA"
945.14,"ERITEMA [PRIMO GRADO],GAMBA"
945.15,"ERITEMA [PRIMO GRADO],GINOCCHIO"
945.16,"ERITEMA [PRIMO GRADO],COSCIA [ALCUNE PARTI]"
945.19,"ERITEMA [PRIMO GRADO],SEDI MULTIPLE DELL'ARTO INFERIORE"
945.2,"VESCICOLE, PERDITA DELL'EPIDERMIDE [SECONDO GRADO]"
945.20,"VESCICOLE,PERDITA DELL'EPIDERMIDE [SECONDO GRADO],ARTO INFERIORE [GAMBA],SEDE NON SPECIFICATA"
945.21,"VESCICOLE,PERDITA DELL'EPIDERMIDE [SECONDO GRADO],DITO DEL PIEDE (UNGHIA)"
945.22,"VESCICOLE,PERDITA DELL'EPIDERMIDE [SECONDO GRADO],PIEDE"
945.23,"VESCICOLE,PERDITA DELL'EPIDERMIDE [SECONDO GRADO],CAVIGLIA"
945.24,"VESCICOLE,PERDITA DELL'EPIDERMIDE [SECONDO GRADO],GAMBA"
945.25,"VESCICOLE,PERDITA DELL'EPIDERMIDE [SECONDO GRADO],GINOCCHIO"
945.26,"VESCICOLE,PERDITA DELL'EPIDERMIDE [SECONDO GRADO],COSCIA [ALCUNE PARTI]"
945.29,"VESCICOLE,PERDITA DELL'EPIDERMIDE [SECONDO GRADO],SEDI MULTIPLE DELL'ARTO INFERIORE"
945.3,"USTIONE, PERDITA DELL'EPIDERMIDE E DEL DERMA [TERZO GRADO SAI]"
945.30,"VESCICOLE,PERDITA DELL'EPIDERMIDE E DEL DERMA [TERZO GRADO SAI],ARTO INFERIORE [GAMBA],SEDE NON SPECIFICATA"
945.31,"VESCICOLE,PERDITA DELL'EPIDERMIDE E DEL DERMA [TERZO GRADO SAI],DITO DEL PIEDE (UNGHIA)"
945.32,"VESCICOLE,PERDITA DELL'EPIDERMIDE E DEL DERMA [TERZO GRADO SAI],PIEDE"
945.33,"VESCICOLE,PERDITA DELL'EPIDERMIDE E DEL DERMA [TERZO GRADO SAI],CAVIGLIA"
945.34,"VESCICOLE,PERDITA DELL'EPIDERMIDE E DEL DERMA [TERZO GRADO SAI],GAMBA"
945.35,"VESCICOLE,PERDITA DELL'EPIDERMIDE E DEL DERMA [TERZO GRADO SAI],GINOCCHIO"
945.36,"VESCICOLE,PERDITA DELL'EPIDERMIDE E DEL DERMA [TERZO GRADO SAI],COSCIA [ALCUNE PARTI]"
945.39,"VESCICOLE,PERDITA DELL'EPIDERMIDE E DEL DERMA [TERZO GRADO SAI],SEDI MULTIPLE DELL'ARTO INFERIORE"
945.4,"NECROSI PROFONDA DEI TESSUTI SOTTOSTANTI [TERZO GRADO PROFONDO], SENZA MENZIONE DI PERDITA DI UNA PARTE DEL CORPO"
945.40,"NECROSI PROFONDA DEI TESSUTI SOTTOSTANTI [TERZO GRADO PROFONDO],SENZA MENZIONE DI PERDITA DI UNA PARTE DEL CORPO,ARTO INFERIORE [GAMBA],SEDE NON SPECIFICATA"
945.41,"NECROSI PROFONDA DEI TESSUTI SOTTOSTANTI [TERZO GRADO PROFONDO],SENZA MENZIONE DI PERDITA DI UNA PARTE DEL CORPO,DITO DEL PIEDE(UNGHIA)"
945.42,"NECROSI PROFONDA DEI TESSUTI SOTTOSTANTI [TERZO GRADO PROFONDO],SENZA MENZIONE DI PERDITA DI UNA PARTE DEL CORPO,PIEDE"
945.43,"NECROSI PROFONDA DEI TESSUTI SOTTOSTANTI [TERZO GRADO PROFONDO],SENZA MENZIONE DI PERDITA DI UNA PARTE DEL CORPO,CAVIGLIA"
945.44,"NECROSI PROFONDA DEI TESSUTI SOTTOSTANTI [TERZO GRADO PROFONDO],SENZA MENZIONE DI PERDITA DI UNA PARTE DEL CORPO,GAMBA"
945.45,"NECROSI PROFONDA DEI TESSUTI SOTTOSTANTI [TERZO GRADO PROFONDO],SENZA MENZIONE DI PERDITA DI UNA PARTE DEL CORPO,GINOCCHIO"
945.46,"NECROSI PROFONDA DEI TESSUTI SOTTOSTANTI [TERZO GRADO PROFONDO],SENZA MENZIONE DI PERDITA DI UNA PARTE DEL CORPO,COSCIA [ALCUNE PARTI]"
945.49,"NECROSI PROFONDA DEI TESSUTI SOTTOSTANTI [TERZO GRADO PROFONDO],SENZA MENZIONE DI PERDITA DI UNA PARTE DEL CORPO,SEDI MULTIPLE DELL'ARTO INFERIORE"
945.5,"NECROSI PROFONDA DEI TESSUTI SOTTOSTANTI [TERZO GRADO PROFONDO], CON PERDITA DI UNA PARTE DEL CORPO"
945.50,"NECROSI PROFONDA DEI TESSUTI SOTTOSTANTI [TERZO GRADO PROFONDO],CON PERDITA DI UNA PARTE DEL CORPO,ARTO INFERIORE [GAMBA],SEDE NON SPECIFICATA"
945.51,"NECROSI PROFONDA DEI TESSUTI SOTTOSTANTI [TERZO GRADO PROFONDO],CON PERDITA DI UNA PARTE DEL CORPO],DITO DEL PIEDE(UNGHIA)"
945.52,"NECROSI PROFONDA DEI TESSUTI SOTTOSTANTI [TERZO GRADO PROFONDO],CON PERDITA DI UNA PARTE DEL CORPO,PIEDE"
945.53,"NECROSI PROFONDA DEI TESSUTI SOTTOSTANTI [TERZO GRADO PROFONDO],CON PERDITA DI UNA PARTE DEL CORPO,CAVIGLIA"
945.54,"NECROSI PROFONDA DEI TESSUTI SOTTOSTANTI [TERZO GRADO PROFONDO],CON PERDITA DI UNA PARTE DEL CORPO,GAMBA"
945.55,"NECROSI PROFONDA DEI TESSUTI SOTTOSTANTI [TERZO GRADO PROFONDO],CON PERDITA DI UNA PARTE DEL CORPO,GINOCCHIO"
945.56,"NECROSI PROFONDA DEI TESSUTI SOTTOSTANTI [TERZO GRADO PROFONDO],CON PERDITA DI UNA PARTE DEL CORPO,COSCIA [ALCUNE PARTI]"
945.59,"NECROSI PROFONDA DEI TESSUTI SOTTOSTANTI [TERZO GRADO PROFONDO],CON PERDITA DI UNA PARTE DEL CORPO,SEDI MULTIPLE DELL'ARTO INFERIORE"
946,USTIONE DI SEDI MULTIPLE SPECIFICATE
946.0,USTIONE DI SEDI MULTIPLE SPECIFICATE GRADO NON SPECIFICATO
946.1,ERITEMA [PRIMO GRADO]
946.2,"VESCICOLE,PERDITA DELL'EPIDERMIDE [SECONDO GRADO]"
946.3,PERDITA DELL'EPIDERMIDE E DEL DERMA [TERZO GRADO SAI]
946.4,"NECROSI PROFONDA DEI TESSUTI SOTTOSTANTI [TERZO GRADO PROFONDO],SENZA MENZIONE DI PERDITA DI UNA PARTE DEL CORPO"
946.5,"NECROSI PROFONDA DEI TESSUTI SOTTOSTANTI [TERZO GRADO PROFONDO],CON PERDITA DI UNA PARTE DEL CORPO"
947,USTIONE DI ORGANI INTERNI
947.0,USTIONE DI BOCCA E FARINGE
947.1,"USTIONE DI LARINGE,TRACHEA E POLMONI"
947.2,USTIONE DELL'ESOFAGO
947.3,USTIONE DELL'APPARATO GASTROINTESTINALE
947.4,USTIONE DI VAGINA E UTERO
947.8,USTIONE DI ALTRE SEDI SPECIFICATE
947.9,USTIONE DI SEDE NON SPECIFICATA
948,USTIONI CLASSIFICATE SECONDO L'ESTENSIONE DELLA SUPERFICIE CORPOREA INTERESSATA
948.0,USTIONE [OGNI GRADO] COINVOLGENTE MENO DEL 10% DELLA SUPERFICIE CORPOREA
948.00,"USTIONE [OGNI GRADO] COINVOLGENTE MENO DEL 10% DELLA SUPERFICIE CORPOREA,USTIONI DI TERZO GRADO COINVOLGENTI MENO DEL 10% DELLA SUPERFICIE CORPOREA"
948.1,USTIONE COINVOLGENTE IL 10% - 19% DELLA SUPERFICIE CORPOREA
948.10,"USTIONE COINVOLGENTE IL 10% - 19% DELLA SUPERFICIE CORPOREA,USTIONI DI TERZO GRADO COINVOLGENTI MENO DEL 10% DELLA SUPERFICIE CORPOREA"
948.11,"USTIONE COINVOLGENTE IL 10% - 19% DELLA SUPERFICIE CORPOREA,USTIONI DI TERZO GRADO COINVOLGENTI IL 10% - 19% DELLA SUPERFICIE CORPOREA"
948.2,USTIONE COINVOLGENTE IL 20% - 29% DELLA SUPERFICIE CORPOREA
948.20,"USTIONE COINVOLGENTE IL 20% - 29% DELLA SUPERFICIE CORPOREA,USTIONI DI TERZO GRADO COINVOLGENTI MENO DEL 10% DELLA SUPERFICIE CORPOREA"
948.21,"USTIONE COINVOLGENTE IL 20% - 29% DELLA SUPERFICIE CORPOREA,USTIONI DI TERZO GRADO COINVOLGENTI IL 10% - 19% DELLA SUPERFICIE CORPOREA"
948.22,"USTIONE COINVOLGENTE IL 20% - 29% DELLA SUPERFICIE CORPOREA,USTIONI DI TERZO GRADO COINVOLGENTI IL 20% - 29% DELLA SUPERFICIE CORPOREA"
948.3,USTIONE COINVOLGENTE IL 30% - 39% DELLA SUPERFICIE CORPOREA
948.30,"USTIONE COINVOLGENTE IL 30% - 39% DELLA SUPERFICIE CORPOREA,USTIONI DI TERZO GRADO COINVOLGENTI MENO DEL 10% DELLA SUPERFICIE CORPOREA"
948.31,"USTIONE COINVOLGENTE IL 30% - 39% DELLA SUPERFICIE CORPOREA,USTIONI DI TERZO GRADO COINVOLGENTI IL 10% - 19% DELLA SUPERFICIE CORPOREA"
948.32,"USTIONE COINVOLGENTE IL 30% - 39% DELLA SUPERFICIE CORPOREA,USTIONI DI TERZO GRADO COINVOLGENTI IL 20% - 29% DELLA SUPERFICIE CORPOREA"
948.33,"USTIONE COINVOLGENTE IL 30% - 39% DELLA SUPERFICIE CORPOREA,USTIONI DI TERZO GRADO COINVOLGENTI IL 30% - 39% DELLA SUPERFICIE CORPOREA"
948.4,USTIONE COINVOLGENTE IL 40% - 49% DELLA SUPERFICIE CORPOREA
948.40,"USTIONE COINVOLGENTE IL 40% - 49% DELLA SUPERFICIE CORPOREA,USTIONI DI TERZO GRADO COINVOLGENTI MENO DEL 10% DELLA SUPERFICIE CORPOREA"
948.41,"USTIONE COINVOLGENTE IL 40% - 49% DELLA SUPERFICIE CORPOREA,USTIONI DI TERZO GRADO COINVOLGENTI IL 10% - 19% DELLA SUPERFICIE CORPOREA"
948.42,"USTIONE COINVOLGENTE IL 40% - 49% DELLA SUPERFICIE CORPOREA,USTIONI DI TERZO GRADO COINVOLGENTI IL 20% - 29% DELLA SUPERFICIE CORPOREA"
948.43,"USTIONE COINVOLGENTE IL 40% - 49% DELLA SUPERFICIE CORPOREA,USTIONI DI TERZO GRADO COINVOLGENTI IL 30% - 39% DELLA SUPERFICIE CORPOREA"
948.44,"USTIONE COINVOLGENTE IL 40% - 49% DELLA SUPERFICIE CORPOREA,USTIONI DI TERZO GRADO COINVOLGENTI IL 40% - 49% DELLA SUPERFICIE CORPOREA"
948.5,USTIONE COINVOLGENTE IL 50% - 59% DELLA SUPERFICIE CORPOREA
948.50,"USTIONE COINVOLGENTE IL 50% - 59% DELLA SUPERFICIE CORPOREA,USTIONI DI TERZO GRADO COINVOLGENTI MENO DEL 10% DELLA SUPERFICIE CORPOREA"
948.51,"USTIONE COINVOLGENTE IL 50% - 59% DELLA SUPERFICIE CORPOREA,USTIONI DI TERZO GRADO COINVOLGENTI IL 10% - 19% DELLA SUPERFICIE CORPOREA"
948.52,"USTIONE COINVOLGENTE IL 50% - 59% DELLA SUPERFICIE CORPOREA,USTIONI DI TERZO GRADO COINVOLGENTI IL 20% - 29% DELLA SUPERFICIE CORPOREA"
948.53,"USTIONE COINVOLGENTE IL 50% - 59% DELLA SUPERFICIE CORPOREA,USTIONI DI TERZO GRADO COINVOLGENTI IL 30% - 39% DELLA SUPERFICIE CORPOREA"
948.54,"USTIONE COINVOLGENTE IL 50% - 59% DELLA SUPERFICIE CORPOREA,USTIONI DI TERZO GRADO COINVOLGENTI IL 40% - 49% DELLA SUPERFICIE CORPOREA"
948.55,"USTIONE COINVOLGENTE IL 50% - 59% DELLA SUPERFICIE CORPOREA,USTIONI DI TERZO GRADO COINVOLGENTI IL 50% - 59% DELLA SUPERFICIE CORPOREA"
948.6,USTIONE COINVOLGENTE IL 60% - 69% DELLA SUPERFICIE CORPOREA
948.60,"USTIONE COINVOLGENTE IL 60% - 69% DELLA SUPERFICIE CORPOREA,USTIONI DI TERZO GRADO COINVOLGENTI MENO DEL 10% DELLA SUPERFICIE CORPOREA"
948.61,"USTIONE COINVOLGENTE IL 60% - 69% DELLA SUPERFICIE CORPOREA,USTIONI DI TERZO GRADO COINVOLGENTI IL 10% - 19% DELLA SUPERFICIE CORPOREA"
948.62,"USTIONE COINVOLGENTE IL 60% - 69% DELLA SUPERFICIE CORPOREA,USTIONI DI TERZO GRADO COINVOLGENTI IL 20% - 29% DELLA SUPERFICIE CORPOREA"
948.63,"USTIONE COINVOLGENTE IL 60% - 69% DELLA SUPERFICIE CORPOREA,USTIONI DI TERZO GRADO COINVOLGENTI IL 30% - 39% DELLA SUPERFICIE CORPOREA"
948.64,"USTIONE COINVOLGENTE IL 60% - 69% DELLA SUPERFICIE CORPOREA,USTIONI DI TERZO GRADO COINVOLGENTI IL 40% - 49% DELLA SUPERFICIE CORPOREA"
948.65,"USTIONE COINVOLGENTE IL 60% - 69% DELLA SUPERFICIE CORPOREA,USTIONI DI TERZO GRADO COINVOLGENTI IL 50% - 59% DELLA SUPERFICIE CORPOREA"
948.66,"USTIONE COINVOLGENTE IL 60% - 69% DELLA SUPERFICIE CORPOREA,USTIONI DI TERZO GRADO COINVOLGENTI IL 60% - 69% DELLA SUPERFICIE CORPOREA"
948.7,USTIONE COINVOLGENTE IL 70% - 79% DELLA SUPERFICIE CORPOREA
948.70,"USTIONE COINVOLGENTE IL 70% - 79% DELLA SUPERFICIE CORPOREA,USTIONI DI TERZO GRADO COINVOLGENTI MENO DEL 10% DELLA SUPERFICIE CORPOREA"
948.71,"USTIONE COINVOLGENTE IL 70% - 79% DELLA SUPERFICIE CORPOREA,USTIONI DI TERZO GRADO COINVOLGENTI IL 10% - 19% DELLA SUPERFICIE CORPOREA"
948.72,"USTIONE COINVOLGENTE IL 70% - 79% DELLA SUPERFICIE CORPOREA,USTIONI DI TERZO GRADO COINVOLGENTI IL 20% - 29% DELLA SUPERFICIE CORPOREA"
948.73,"USTIONE COINVOLGENTE IL 70% - 79% DELLA SUPERFICIE CORPOREA,USTIONI DI TERZO GRADO COINVOLGENTI IL 30% - 39% DELLA SUPERFICIE CORPOREA"
948.74,"USTIONE COINVOLGENTE IL 70% - 79% DELLA SUPERFICIE CORPOREA,USTIONI DI TERZO GRADO COINVOLGENTI IL 40% - 49% DELLA SUPERFICIE CORPOREA"
948.75,"USTIONE COINVOLGENTE IL 70% - 79% DELLA SUPERFICIE CORPOREA,USTIONI DI TERZO GRADO COINVOLGENTI IL 50% - 59% DELLA SUPERFICIE CORPOREA"
948.76,"USTIONE COINVOLGENTE IL 70% - 79% DELLA SUPERFICIE CORPOREA,USTIONI DI TERZO GRADO COINVOLGENTI IL 60% - 69% DELLA SUPERFICIE CORPOREA"
948.77,"USTIONE COINVOLGENTE IL 70% - 79% DELLA SUPERFICIE CORPOREA,USTIONI DI TERZO GRADO COINVOLGENTI IL 70% - 79% DELLA SUPERFICIE CORPOREA"
948.8,USTIONE COINVOLGENTE IL 80% - 89% DELLA SUPERFICIE CORPOREA
948.80,"USTIONE COINVOLGENTE IL 80% - 89% DELLA SUPERFICIE CORPOREA,USTIONI DI TERZO GRADO COINVOLGENTI MENO DEL 10% DELLA SUPERFICIE CORPOREA"
948.81,"USTIONE COINVOLGENTE IL 80% - 89% DELLA SUPERFICIE CORPOREA,USTIONI DI TERZO GRADO COINVOLGENTI IL 10% - 19% DELLA SUPERFICIE CORPOREA"
948.82,"USTIONE COINVOLGENTE IL 80% - 89% DELLA SUPERFICIE CORPOREA,USTIONI DI TERZO GRADO COINVOLGENTI IL 20% - 29% DELLA SUPERFICIE CORPOREA"
948.83,"USTIONE COINVOLGENTE IL 80% - 89% DELLA SUPERFICIE CORPOREA,USTIONI DI TERZO GRADO COINVOLGENTI IL 30% - 39% DELLA SUPERFICIE CORPOREA"
948.84,"USTIONE COINVOLGENTE IL 80% - 89% DELLA SUPERFICIE CORPOREA,USTIONI DI TERZO GRADO COINVOLGENTI IL 40% - 49% DELLA SUPERFICIE CORPOREA"
948.85,"USTIONE COINVOLGENTE IL 80% - 89% DELLA SUPERFICIE CORPOREA,USTIONI DI TERZO GRADO COINVOLGENTI IL 50% - 59% DELLA SUPERFICIE CORPOREA"
948.86,"USTIONE COINVOLGENTE IL 80% - 89% DELLA SUPERFICIE CORPOREA,USTIONI DI TERZO GRADO COINVOLGENTI IL 60% - 69% DELLA SUPERFICIE CORPOREA"
948.87,"USTIONE COINVOLGENTE IL 80% - 89% DELLA SUPERFICIE CORPOREA,USTIONI DI TERZO GRADO COINVOLGENTI IL 70% - 79% DELLA SUPERFICIE CORPOREA"
948.88,"USTIONE COINVOLGENTE IL 80% - 89% DELLA SUPERFICIE CORPOREA,USTIONI DI TERZO GRADO COINVOLGENTI IL 80% - 89% DELLA SUPERFICIE CORPOREA"
948.9,USTIONE COINVOLGENTE IL 90% O PIY DELLA SUPERFICIE CORPOREA
948.90,"USTIONE COINVOLGENTE IL 90% O PIY DELLA SUPERFICIE CORPOREA,USTIONI DI TERZO GRADO COINVOLGENTI MENO DEL 10% DELLA SUPERFICIE CORPOREA"
948.91,"USTIONE COINVOLGENTE IL 90% O PIY DELLA SUPERFICIE CORPOREA,USTIONI DI TERZO GRADO COINVOLGENTI IL 10% - 19% DELLA SUPERFICIE CORPOREA"
948.92,"USTIONE COINVOLGENTE IL 90% O PIY DELLA SUPERFICIE CORPOREA,USTIONI DI TERZO GRADO COINVOLGENTI IL 20% - 29% DELLA SUPERFICIE CORPOREA"
948.93,"USTIONE COINVOLGENTE IL 90% O PIY DELLA SUPERFICIE CORPOREA,USTIONI DI TERZO GRADO COINVOLGENTI IL 30% - 39% DELLA SUPERFICIE CORPOREA"
948.94,"USTIONE COINVOLGENTE IL 90% O PIY DELLA SUPERFICIE CORPOREA,USTIONI DI TERZO GRADO COINVOLGENTI IL 40% - 49% DELLA SUPERFICIE CORPOREA"
948.95,"USTIONE COINVOLGENTE IL 90% O PIY DELLA SUPERFICIE CORPOREA,USTIONI DI TERZO GRADO COINVOLGENTI IL 50% - 59% DELLA SUPERFICIE CORPOREA"
948.96,"USTIONE COINVOLGENTE IL 90% O PIY DELLA SUPERFICIE CORPOREA,USTIONI DI TERZO GRADO COINVOLGENTI IL 60% - 69% DELLA SUPERFICIE CORPOREA"
948.97,"USTIONE COINVOLGENTE IL 90% O PIY DELLA SUPERFICIE CORPOREA,USTIONI DI TERZO GRADO COINVOLGENTI IL 70% - 79% DELLA SUPERFICIE CORPOREA"
948.98,"USTIONE COINVOLGENTE IL 90% O PIY DELLA SUPERFICIE CORPOREA,USTIONI DI TERZO GRADO COINVOLGENTI IL 80% - 89% DELLA SUPERFICIE CORPOREA"
948.99,"USTIONE COINVOLGENTE IL 90% O PIY DELLA SUPERFICIE CORPOREA,USTIONI DI TERZO GRADO COINVOLGENTI IL 90% O PIY DELLA SUPERFICIE CORPOREA"
949,USTIONE NON SPECIFICATA
949.0,USTIONE GRADO NON SPECIFICATO
949.1,ERITEMA [PRIMO GRADO]
949.2,"VESCICOLE,PERDITA DELL'EPIDERMIDE [SECONDO GRADO]"
949.3,PERDITA DELL'EPIDERMIDE E DEL DERMA [TERZO GRADO SAI]
949.4,"NECROSI PROFONDA DEI TESSUTI SOTTOSTANTI [TERZO GRADO PROFONDO],SENZA MENZIONE DI PERDITA DI UNA PARTE DEL CORPO"
949.5,"NECROSI PROFONDA DEI TESSUTI SOTTOSTANTI [TERZO GRADO PROFONDO],CON PERDITA DI UNA PARTE DEL CORPO"
950,TRAUMATISMO DEL NERVO OTTICO E DELLE VIE OTTICHE
950.0,TRAUMATISMO DEL NERVO OTTICO
950.1,TRAUMATISMO DEL CHIASMA OTTICO
950.2,TRAUMATISMO DELLE VIE OTTICHE
950.3,TRAUMATISMO DELLA CORTECCIA VISIVA
950.9,TRAUMATISMO NON SPECIFICATO DEL NERVO OTTICO E DELLE VIE OTTICHE
951,TRAUMATISMO DI ALTRI NERVI CRANICI
951.0,TRAUMATISMO DEL NERVO OCULOMOTORE
951.1,TRAUMATISMO DEL NERVO TROCLEARE
951.2,TRAUMATISMO DEL NERVO TRIGEMINO
951.3,TRAUMATISMO DEL NERVO ABDUCENTE
951.4,TRAUMATISMO DEL NERVO FACCIALE
951.5,TRAUMATISMO DEL NERVO ACUSTICO
951.6,TRAUMATISMO DEL NERVO ACCESSORIO
951.7,TRAUMATISMO DEL NERVO IPOGLOSSO
951.8,TRAUMATISMO DI ALTRI NERVI CRANICI SPECIFICATI
951.9,TRAUMATISMO DI NERVO CRANICO NON SPECIFICATO
952,TRAUMATISMO DEL MIDOLLO SPINALE SENZA SEGNI DI LESIONE VERTEBRALE
952.0,CERVICALE
952.00,TRAUMATISMO DEL SEGMENTO C1-C4 CON TRAUMATISMO DEL MIDOLLO SPINALE NON SPECIFICATO
952.01,TRAUMATISMO DEL SEGMENTO C1-C4 CON LESIONE COMPLETA DEL MIDOLLO SPINALE
952.02,TRAUMATISMO DEL SEGMENTO C1-C4 CON SINDROME DEL CORDONE ANTERIORE
952.03,TRAUMATISMO DEL SEGMENTO C1-C4 CON SINDROME DEL CORDONE CENTRALE
952.04,TRAUMATISMO DEL SEGMENTO C1-C4 CON ALTRO TRAUMATISMO DEL MIDOLLO SPINALE SPECIFICATO
952.05,TRAUMATISMO DEL SEGMENTO C5-C7 CON ALTRO TRAUMATISMO DEL MIDOLLO SPINALE NON SPECIFICATO
952.06,TRAUMATISMO DEL SEGMENTO C5-C7 CON LESIONE COMPLETA DEL MIDOLLO SPINALE
952.07,TRAUMATISMO DEL SEGMENTO C5-C7 CON SINDROME DEL CORDONE ANTERIORE
952.08,TRAUMATISMO DEL SEGMENTO C5-C7 CON SINDROME DEL CORDONE CENTRALE
952.09,TRAUMATISMO DEL SEGMENTO C5-C7 CON ALTRO TRAUMATISMO DEL MIDOLLO SPINALE SPECIFICATO
952.1,TRAUMATISMO DORSALE [TORACICO]
952.10,TRAUMATISMO DEL SEGMENTO T1-T6 CON TRAUMATISMO DEL MIDOLLO SPINALE NON SPECIFICATO
952.11,TRAUMATISMO DEL SEGMENTO T1-T6 CON LESIONE COMPLETA DEL MIDOLLO SPINALE
952.12,TRAUMATISMO DEL TRAUMATISMO DEL SEGMENTO T1-T6 CON SINDROME DEL CORDONE ANTERIORE
952.13,SEGMENTO T1-T6 CON SINDROME DEL CORDONE CENTRALE
952.14,TRAUMATISMO DEL SEGMENTO T1-T6 CON ALTRO TRAUMATISMO DEL MIDOLLO SPINALE SPECIFICATO
952.15,TRAUMATISMO DEL SEGMENTO T7-T12 CON ALTRO TRAUMATISMO DEL MIDOLLO SPINALE NON SPECIFICATO
952.16,TRAUMATISMO DEL SEGMENTO T7-T12 CON LESIONE COMPLETA DEL MIDOLLO SPINALE
952.17,TRAUMATISMO DEL SEGMENTO T7-T12 CON SINDROME DEL CORDONE ANTERIORE
952.18,TRAUMATISMO DEL SEGMENTO T7-T12 CON SINDROME DEL CORDONE CENTRALE
952.19,TRAUMATISMO DEL SEGMENTO T7-T12 CON ALTRO TRAUMATISMO DEL MIDOLLO SPINALE SPECIFICATO
952.2,TRAUMATISMO LOMBARE
952.3,TRAUMATISMO SACRALE
952.4,TRAUMATISMO DELLA CODA EQUINA
952.8,TRAUMATISMO DI SEDI MULTIPLE DEL MIDOLLO SPINALE
952.9,TRAUMATISMO DI SEDE NON SPECIFICATA DEL MIDOLLO SPINALE
953,TRAUMATISMO DELLE RADICI DEI NERVI E DEI PLESSI RACHIDEI
953.0,TRAUMATISMO DELLA RADICE CERVICALE
953.1,TRAUMATISMO DELLA RADICE DORSALE
953.2,TRAUMATISMO DELLA RADICE LOMBARE
953.3,TRAUMATISMO DELLA RADICE SACRALE
953.4,TRAUMATISMO DEL PLESSO BRACHIALE
953.5,TRAUMATISMO DEL PLESSO LOMBOSACRALE
953.8,TRAUMATISMO DI SEDI MULTIPLE
953.9,"TRAUMATISMO DELLE RADICI DEI NERVI E DEI PLESSI RACHIDEI,SEDE NON SPECIFICATA"
954,"TRAUMATISMO DI ALTRI NERVI DEL TRONCO, ESCLUSI I CINGOLI SCAPOLARE E PELVICO"
954.0,TRAUMATISMO DEL SIMPATICO CERVICALE
954.1,TRAUMATISMO DI ALTRE PARTI DEL SIMPATICO
954.8,TRAUMATISMO DI ALTRI NERVI DEL TRONCO SPECIFICATI
954.9,TRAUMATISMO DI NON SPECIFICATI NERVI DEL TRONCO
955,TRAUMATISMO DEI NERVI PERIFERICI DEL CINGOLO SCAPOLARE E DELL'ARTO SUPERIORE
955.0,TRAUMATISMO DEL NERVO ASCELLARE
955.1,TRAUMATISMO DEL NERVO MEDIANO
955.2,TRAUMATISMO DEL NERVO ULNARE
955.3,TRAUMATISMO DEL NERVO RADIALE
955.4,TRAUMATISMO DEL NERVO MUSCOLOCUTANEO
955.5,TRAUMATISMO DEL NERVO SENSORIALE CUTANEO DELL'ARTO SUPERIORE
955.6,TRAUMATISMO DEL NERVO DIGITALE DELLA MANO
955.7,TRAUMATISMO DI ALTRI NERVI SPECIFICATI DEL CINGOLO SCAPOLARE E DELL'ARTO SUPERIORE
955.8,TRAUMATISMO DI NERVI MULTIPLI DEL CINGOLO SCAPOLARE E DELL'ARTO SUPERIORE
955.9,TRAUMATISMO DI NON SPECIFICATI NERVI DEL CINGOLO SCAPOLARE E DELL'ARTO SUPERIORE
956,TRAUMATISMO DEI NERVI PERIFERICI DEL CINGOLO PELVICO E DELL'ARTO INFERIORE
956.0,TRAUMATISMO DEL NERVO SCIATICO
956.1,TRAUMATISMO DEL NERVO FEMORALE
956.2,TRAUMATISMO DEL NERVO TIBIALE POSTERIORE
956.3,TRAUMATISMO DEL NERVO PERONEALE
956.4,TRAUMATISMO DEL NERVO SENSORIALE CUTANEO DELL'ARTO INFERIORE
956.5,TRAUMATISMO DI ALTRI NERVI SPECIFICATI DEL CINGOLO PELVICO E DELL'ARTO INFERIORE
956.8,TRAUMATISMO DI NERVI MULTIPLI DEL CINGOLO PELVICO E DELL'ARTO INFERIORE
956.9,TRAUMATISMO DI NERVO NON SPECIFICATO DEL CINGOLO PELVICO E DELL'ARTO INFERIORE
957,TRAUMATISMO DI ALTRI E NON SPECIFICATI NERVI
957.0,TRAUMATISMO DI NERVI SUPERFICIALI DELLA TESTA E DEL COLLO
957.1,TRAUMATISMO DI ALTRI NERVI SPECIFICATI
957.8,TRAUMATISMO DI NERVI MULTIPLI DI PARTI MULTIPLE
957.9,"TRAUMATISMO DI ALTRI E NON SPECIFICATI NERVI,SEDE NON SPECIFICATA"
958,ALCUNE COMPLICAZIONI PRECOCI DI TRAUMATISMI
958.0,EMBOLIA GASSOSA
958.1,EMBOLIA GRASSOSA
958.2,EMORRAGIA SECONDARIA E RECIDIVANTE
958.3,"INFEZIONE POST-TRAUMATICA,NON CLASSIFICATA ALTROVE"
958.4,SHOCK TRAUMATICO
958.5,ANURIA TRAUMATICA
958.6,CONTRATTURA ISCHEMICA DI VOLKMANN
958.7,ENFISEMA SOTTOCUTANEO TRAUMATICO
958.8,ALTRE COMPLICAZIONI PRECOCI DI TRAUMATISMI
958.9,SINDROME COMPARTIMENTALE TRAUMATICA
958.90,"SINDROME COMPARTIMENTALE, NON SPECIFICATA"
958.91,SINDROME COMPARTIMENTALE TRAUMATICA DELL'ARTO SUPERIORE
958.92,SINDROME COMPARTIMENTALE TRAUMATICA DELL'ARTO INFERIORE
958.93,SINDROME COMPARTIMENTALE TRAUMATICA DELL'ADDOME
958.99,SINDROME COMPARTIMENTALE TRAUMATICA DI ALTRE REGIONI
959,ALTRI E NON SPECIFICATI TRAUMATISMI
959.0,"ALTRI E NON SPECIFICATI TRAUMATISMI DI TESTA, FACCIA E COLLO"
959.01,"TRAUMATISMO DELLA TESTA,NON SPECIFICATO"
959.09,TRAUMATISMO DI FACCIA E NASO
959.1,ALTRI E NON SPECIFICATI TRAUMATISMI DEL TRONCO
959.11,ALTRA TIPOLOGIA DI SCHIACCIAMENTO DELLA PARETE TORACICA
959.12,ALTRA TIPOLOGIA DI SCHIACCIAMENTO DELL'ADDOME
959.13,ROTTURA DEL CORPO CAVERNOSO DEL PENE
959.14,ALTRA TIPOLOGIA DI TRAUMATISMO DEGLI ORGANI GENITALI ESTERNI
959.19,ALTRA TIPOLOGIA DI TRAUMATISMO DEL TORACE
959.2,ALTRI E NON SPECIFICATI TRAUMATISMI DI SPALLA E BRACCIO
959.3,"ALTRI E NON SPECIFICATI TRAUMATISMI DI GOMITO,AVAMBRACCIO E POLSO"
959.4,"ALTRI E NON SPECIFICATI TRAUMATISMI DELLA MANO,ESCLUSE LE DITA"
959.5,ALTRI E NON SPECIFICATI TRAUMATISMI DELLE DITA DELLA MANO
959.6,ALTRI E NON SPECIFICATI TRAUMATISMI DI ANCA E COSCIA
959.7,"ALTRI E NON SPECIFICATI TRAUMATISMI DI GINOCCHIO,GAMBA,CAVIGLIA E PIEDE"
959.8,"ALTRI E NON SPECIFICATI TRAUMATISMI DI ALTRE SEDI SPECIFICATE,COMPRESE LE SEDI MULTIPLE"
959.9,ALTRI E NON SPECIFICATI TRAUMATISMI DI SEDI NON SPECIFICATE
960,AVVELENAMENTO DA ANTIBIOTICI
960.0,AVVELENAMENTO DA PENICILLINE
960.1,AVVELENAMENTO DA ANTIBIOTICI ANTIFUNGINI
960.2,AVVELENAMENTO DAL GRUPPO DEL CLORAMFENICOLO
960.3,AVVELENAMENTO DA ERITROMICINA E ALTRI MACROLIDI
960.4,AVVELENAMENTO DAL GRUPPO DELLE TETRACICLINE
960.5,AVVELENAMENTO DAL GRUPPO DELLE CEFALOSPORINE
960.6,AVVELENAMENTO DA ANTIBIOTICI ANTIMICOBATTERICI
960.7,AVVELENAMENTO DA ANTIBIOTICI ANTINEOPLASTICI
960.8,AVVELENAMENTO DA ALTRI ANTIBIOTICI SPECIFICATI
960.9,AVVELENAMENTO DA ANTIBIOTICI NON SPECIFICATI
961,AVVELENAMENTO DA ALTRI FARMACI ANTI-INFETTIVI
961.0,AVVELENAMENTO DA SULFONAMIDI
961.1,AVVELENAMENTO DA ANTI-INFETTIVI ARSENICALI
961.2,AVVELENAMENTO DA METALLI PESANTI ANTI-INFETTIVI
961.3,AVVELENAMENTO DA DERIVATI DELLA CHINOLINA E IDROSSICHINOLINA
961.4,AVVELENAMENTO DA ANTIMALARICI E FARMACI ATTIVI CONTRO GLI ALTRI PROTOZOI DEL SANGUE
961.5,AVVELENAMENTO DA ALTRI FARMACI ANTIPROTOZOI
961.6,AVVELENAMENTO DA ANTIELMINTICI
961.7,AVVELENAMENTO DA FARMACI ANTIVIRALI
961.8,AVVELENAMENTO DA ALTRI FARMACI ANTIMICOBATTERICI
961.9,AVVELENAMENTO DA ALTRI E NON SPECIFICATI FARMACI ANTI-INFETTIVI
962,AVVELENAMENTO DA ORMONI E SOSTITUTIVI SINTETICI
962.0,AVVELENAMENTO DA ADRENOCORTICOSTEROIDI
962.1,AVVELENAMENTO DA ANDROGENI E ANABOLIZZANTI
962.2,AVVELENAMENTO DA ORMONI OVARICI E SOSTITUTIVI SINTETICI
962.3,AVVELENAMENTO DA INSULINE E FARMACI ANTIDIABETICI
962.4,AVVELENAMENTO DA ORMONI IPOFISARI ANTERIORI
962.5,AVVELENAMENTO DA ORMONI IPOFISARI POSTERIORI
962.6,AVVELENAMENTO DA PARATIROIDE E DERIVATI PARATIROIDEI
962.7,AVVELENAMENTO DA TIROIDE E DERIVATI TIROIDEI
962.8,AVVELENAMENTO DA FARMACI ANTITIROIDEI
962.9,AVVELENAMENTO DA ALTRI E NON SPECIFICATI ORMONI E SOSTITUTI SINTETICI
963,AVVELENAMENTO DA SOSTANZE ESSENZIALMENTE SISTEMICHE
963.0,AVVELENAMENTO DA FARMACI ANTIALLERGICI E ANTIEMETICI
963.1,AVVELENAMENTO DA FARMACI ANTINEOPLASTICI E IMMUNOSOPPRESSORI
963.2,AVVELENAMENTO DA AGENTI ACIDIFICANTI
963.3,AVVELENAMENTO DA AGENTI ALCALINIZZANTI
963.4,AVVELENAMENTO DA ENZIMI NON CLASSIFICATI ALTROVE
963.5,AVVELENAMENTO DA VITAMINE NON CLASSIFICATE ALTROVE
963.8,AVVELENAMENTO DA ALTRI AGENTI SISTEMICI SPECIFICATI
963.9,AVVELENAMENTO DA AGENTI SISTEMICI NON SPECIFICATI
964,AVVELENAMENTO DA SOSTANZE AGENTI PRINCIPALMENTE SUI COSTITUENTI DEL SANGUE
964.0,AVVELENAMENTO DA FERRO E SUOI COMPOSTI
964.1,AVVELENAMENTO DA PREPARATI DI FEGATO E ALTRI AGENTI ANTIANEMICI
964.2,AVVELENAMENTO DA ANTICOAGULANTI
964.3,AVVELENAMENTO DA VITAMINA K (FITOMENADIONE)
964.4,AVVELENAMENTO DA FARMACI AGENTI SULLA FIBRINOLISI
964.5,AVVELENAMENTO DA ANTAGONISTI DEGLI ANTICOAGULANTI E ALTRI COAGULANTI
964.6,AVVELENAMENTO DA GAMMAGLOBULINE
964.7,AVVELENAMENTO DA SANGUE NATURALE E SUOI DERIVATI
964.8,AVVELENAMENTO DA ALTRE SOSTANZE SPECIFICATE AGENTI SUI COSTITUENTI DEL SANGUE
964.9,AVVELENAMENTO DA SOSTANZE NON SPECIFICATE AGENTI SUI COSTITUENTI DEL SANGUE
965,"AVVELENAMENTO DA ANALGESICI, ANTIPIRETICI E ANTIREUMATICI"
965.0,AVVELENAMENTO DA OPPIACEI E NARCOTICI CORRELATI
965.00,"AVVELENAMENTO DA OPPIO (ALCALOIDI),NON SPECIFICATI"
965.01,AVVELENAMENTO DA EROINA
965.02,AVVELENAMENTO DA METADONE
965.09,AVVELENAMENTO DA ALTRI OPPIACEI E NARCOTICI CORRELATI
965.1,AVVELENAMENTO DA SALICILATI
965.4,AVVELENAMENTO DA ANALGESICI AROMATICI NON CLASSIFICATI ALTROVE
965.5,AVVELENAMENTO DA DERIVATI DEL PIRAZOLO
965.6,AVVELENAMENTO DA ANTIREUMATICI (ANTIFLOGISTICI)
965.61,AVVELENAMNETO DA DERIVATI DALL'ACIDO PROPIONICO
965.69,AVVELENAMENTO DA ALTRI ANTIREUMATICI
965.7,AVVELENAMENTO DA ALTRI ANALGESICI NON NARCOTICI
965.8,AVVELENAMENTO DA ALTRI ANALGESICI E ANTIPIRETICI SPECIFICATI
965.9,AVVELENAMENTO DA ANALGESICI E ANTIPIRETICI NON SPECIFICATI
966,AVVELENAMENTO DA ANTICONVULSIVANTI E DA FARMACI ANTI-PARKINSONISMO
966.0,AVVELENAMENTO DA DERIVATI DELL'OSSAZOLINA
966.1,AVVELENAMENTO DA DERIVATI DELL'IDANTOINA
966.2,AVVELENAMENTO DA SUCCINIMIDE
966.3,AVVELENAMENTO DA ALTRI E NON SPECIFICATI FARMACI ANTICONVULSIVANTI
966.4,AVVELENAMENTO DA FARMACI ANTI-PARKINSONISMO
967,AVVELENAMENTO DA SEDATIVI E IPNOTICI
967.0,AVVELENAMENTO DA BARBITURICI
967.1,AVVELENAMENTO DAL GRUPPO DELL'IDRATO DI CLORALIO
967.2,AVVELENAMENTO DA PARALDEIDE
967.3,AVVELENAMENTO DA COMPOSTI DEL BROMO
967.4,AVVELENAMENTO DA COMPOSTI DEL METAQUALONE
967.5,AVVELENAMENTO DAL GRUPPO DELLA GLUTETIMIDE
967.6,"AVVELENAMENTO DA SEDATIVI MISTI,NON CLASSIFICATI ALTROVE"
967.8,AVVELENAMENTO DA ALTRI SEDATIVI E IPNOTICI
967.9,AVVELENAMENTO DA SEDATIVI O IPNOTICI NON SPECIFICATI
968,AVVELENAMENTO DA ALTRI DEPRESSORI DEL SISTEMA NERVOSO CENTRALE E ANESTETICI
968.0,AVVELENAMENTO DA DEPRESSORI DEL TONO MUSCOLARE PER AZIONE SUL SISTEMA NERVOSO CENTRALE
968.1,AVVELENAMENTO DA ALOTANO
968.2,AVVELENAMENTO DA ALTRI ANESTETICI GASSOSI
968.3,AVVELENAMENTO DA ANESTETICI INTRAVENOSI
968.4,AVVELENAMENTO DA ALTRI E NON SPECIFICATI ANESTETICI GENERALI
968.5,AVVELENAMENTO DA ANESTETICI DI SUPERFICIE (TOPICI) E DA INFILTRAZIONE
968.6,AVVELENAMENTO DA ANESTETICI CHE AGISCONO SUI PLESSI NERVOSI E SUI NERVI PERIFERICI
968.7,AVVELENAMENTO DA ANESTETICI SPINALI
968.9,AVVELENAMENTO DA ALTRI E NON SPECIFICATI ANESTETICI LOCALI
969,AVVELENAMENTO DA SOSTANZE PSICOTROPE
969.0,AVVELENAMENTO DA ANTIDEPRESSIVI
969.1,AVVELENAMENTO DA TRANQUILLANTI A BASE DI FENOTIAZINA
969.2,AVVELENAMENTO DA TRANQUILLANTI A BASE DI BUTIRROFENONE
969.3,"AVVELENAMENTO DA ALTRI ANTIPSICOTICI,NEUROLETTICI E TRANQUILLANTI MAGGIORI"
969.4,AVVELENAMENTO DA TRANQUILLANTI A BASE DI BENZODIAZEPINA
969.5,AVVELENAMENTO DA ALTRI TRANQUILLANTI
969.6,AVVELENAMENTO DA PSICODISLEPTICI (ALLUCINOGENI)
969.7,AVVELENAMENTO DA PSICOSTIMOLANTI
969.8,AVVELENAMENTO DA ALTRE SOSTANZE PSICOTROPE SPECIFICATE
969.9,AVVELENAMENTO DA SOSTANZE PSICOTROPE NON SPECIFICATE
970,AVVELENAMENTO DA STIMOLANTI DEL SISTEMA NERVOSO CENTRALE
970.0,AVVELENAMENTO DA ANALETTICI
970.1,AVVELENAMENTO DA ANTAGONISTI DEGLI OPPIACEI
970.8,AVVELENAMENTO DA ALTRI STIMOLANTI SPECIFICATI DEL SISTEMA NERVOSO CENTRALE
970.9,AVVELENAMENTO DA STIMOLANTI NON SPECIFICATI DEL SISTEMA NERVOSO CENTRALE
971,AVVELENAMENTO DA FARMACI AGENTI PRINCIPALMENTE SUL SISTEMA NERVOSO AUTONOMO
971.0,AVVELENAMENTO DA PARASIMPATICOMIMETICI (COLINERGICI)
971.1,AVVELENAMENTO DA PARASIMPATICOLITICI (ANTICOLINERGICI E ANTIMUSCARINICI) E SPASMOLITICI
971.2,AVVELENAMENTO DA SIMPATICOMIMETICI (ADRENERGICI)
971.3,AVVELENAMENTO DA SIMPATICOLITICI (ANTIADRENERGICI)
971.9,AVVELENAMENTO DA FARMACI NON SPECIFICATI AGENTI PRINCIPALMENTE SUL SISTEMA NERVOSO AUTONOMO
972,AVVELENAMENTO DA FARMACI AGENTI PRINCIPALMENTE SUL SISTEMA CARDIOVASCOLARE
972.0,AVVELENAMENTO DA REGOLATORI DEL RITMO CARDIACO
972.1,AVVELENAMENTO DA GLUCOSIDI CARDIOTONICI E FARMACI AD AZIONE SIMILARE
972.2,AVVELENAMENTO DA FARMACI ANTILIPEMICI E ANTIARTERIOSCLEROTICI
972.3,AVVELENAMENTO DA GANGLIOPLEGICI
972.4,AVVELENAMENTO DA VASODILATATORI CORONARICI
972.5,AVVELENAMENTO DAL ALTRI VASODILATATORI
972.6,AVVELENAMENTO DA ALTRE SOSTANZE ANTIPERTENSIVE
972.7,"AVVELENAMENTO DA FARMACI ANTIVARICI,COMPRESE LE SOSTANZE SCLEROSANTI"
972.8,AVVELENAMENTO DA FARMACI CAPILLARO-ATTIVI
972.9,AVVELENAMENTO DA ALTRI E NON SPECIFICATI FARMACI AGENTI PRINCIPALMENTE SUL SISTEMA CARDIOVASCOLARE
973,AVVELENAMENTO DA FARMACI AGENTI PRINCIPALMENTE SULL'APPARATO GASTROINTESTINALE
973.0,AVVELENAMENTO DA FARMACI ANTIACIDI E INIBITORI DELLA SECREZIONE GASTRICA
973.1,AVVELENAMENTO DA CATARTICI IRRITANTI
973.2,AVVELENAMENTO DA CATARTICI EMOLLIENTI
973.3,"AVVELENAMENTO DA ALTRI CATARTICI,COMPRESI I FARMACI CONTRO L'ATONIA INTESTINALE"
973.4,AVVELENAMENTO DA DIGESTIVI
973.5,AVVELENAMENTO DA FARMACI ANTIDIARROICI
973.6,AVVELENAMENTO DA EMETICI
973.8,AVVELENAMENTO DA ALTRI FARMACI SPECIFICATI AGENTI PRINCIPALMENTE SULL'APPARATO GASTROINTESTINALE
973.9,AVVELENAMENTO DA FARMACI NON SPECIFICATI AGENTI PRINCIPALMENTE SULL'APPARATO GASTROINTESTINALE
974,"AVVELENAMENTO DA FARMACI AGENTI SUL METABOLISMO DELL'ACQUA, DEI MINERALI E DELL'ACIDO URICO"
974.0,AVVELENAMENTO DA DIURETICI MERCURIALI
974.1,AVVELENAMENTO DA DIURETICI DERIVATI DALLA PURINA
974.2,AVVELENAMENTO DA INIBITORI DELL'ANIDRASI DELL'ACIDO CARBONICO
974.3,AVVELENAMENTO DA SALURETICI
974.4,AVVELENAMENTO DA ALTRI DIURETICI
974.5,"AVVELENAMENTO DA FARMACI AGENTI SULL'EQUILIBRIO ELETTROLITICO,CALORICO ED IDRICO"
974.6,AVVELENAMENTO DA ALTRI SALI MINERALI NON CLASSIFICATI ALTROVE
974.7,AVVELENAMENTO DA FARMACI AGENTI SUL METABOLISMO DELL'ACIDO URICO
975,AVVELENAMENTO DA FARMACI AGENTI PRINCIPALMENTE SULLA MUSCOLATURA LISCIA E STRIATA E SULL'APPARATO RESPIRATORIO
975.0,AVVELENAMENTO DA OSSITOCICI
975.1,AVVELENAMENTO DA RILASSANTI DELLA MUSCOLATURA LISCIA
975.2,AVVELENAMENTO DA RILASSANTI DELLA MUSCOLATURA STRIATA
975.3,AVVELENAMENTO DA ALTRI E NON SPECIFICATI FARMACI AGENTI SUI MUSCOLI
975.4,AVVELENAMENTO DA FARMACI ANTITOSSE
975.5,AVVELENAMENTO DA ESPETTORANTI
975.6,AVVELENAMENTO DA FARMACI CONTRO IL RAFFREDDORE COMUNE
975.7,AVVELENAMENTO DA ANTIASMATICI
975.8,AVVELENAMENTO DA ALTRI E NON SPECIFICATI FARMACI DELL'APPARATO RESPIRATORIO
976,"AVVELENAMENTO DA SOSTANZE AGENTI PRINCIPALMENTE SULLA PELLE E SULLE MUCOSE E DA FARMACI DI USO IN OFTALMOLOGIA, OTORINOLARINGOIATRIA E ODONTOIATRIA"
976.0,AVVELENAMENTO DA FARMACI ANTI-INFETTIVI E ANTI-INFIAMMATORI LOCALI
976.1,AVVELENAMENTO DA ANTIPRURIGINOSI
976.2,AVVELENAMENTO DA ASTRINGENTI E DETERGENTI LOCALI
976.3,"AVVELENAMENTO DA EMOLLIENTI,LENITIVI E PROTETTIVI"
976.4,"AVVELENAMENTO DA CHERATOLITICI,CHERATOPLASTICI ED ALTRI FARMACI E PREPARATI PER IL TRATTAMENTO DEI CAPELLI"
976.5,AVVELENAMENTO DA ANTI-INFETTIVI ED ALTRI FARMACI PER GLI OCCHI
976.6,"AVVELENAMENTO DA ANTI-INFETTIVI ED ALTRI FARMACI E PREPARATI PER ORECCHIO,NASO E GOLA"
976.7,AVVELENAMENTO DA FARMACI DI APPLICAZIONE TOPICA SUI DENTI
976.8,AVVELENAMENTO DA ALTRE SOSTANZE AGENTI PRINCIPALMENTE SULLA PELLE E SULLE MUCOSE
976.9,AVVELENAMENTO DA SOSTANZE NON SPECIFICATE AGENTI PRINCIPALMENTE SULLA PELLE E SULLE MUCOSE
977,AVVELENAMENTO DA ALTRI E NON SPECIFICATI FARMACI E MEDICAMENTI
977.0,AVVELENAMENTO DA DIETETICI
977.1,AVVELENAMENTO DA FARMACI LIPOTROPI
977.2,AVVELENAMENTO DA ANTIDOTI E AGENTI CHELANTI NON CLASSIFICATI ALTROVE
977.3,AVVELENAMENTO DA ANTAGONISTI DELL'ALCOOL
977.4,AVVELENAMENTO DA ECCIPIENTI FARMACEUTICI
977.8,AVVELENAMENTO DA ALTRI FARMACI E MEDICAMENTI SPECIFICATI
977.9,AVVELENAMENTO DA FARMACO O MEDICAMENTO NON SPECIFICATO
978,AVVELENAMENTO DA VACCINI BATTERICI
978.0,AVVELENAMENTO DA VACCINO CONTRO IL BCG
978.1,AVVELENAMENTO DA VACCINO CONTRO IL TIFO E PARATIFO
978.2,AVVELENAMENTO DA VACCINO CONTRO IL COLERA
978.3,AVVELENAMENTO DA VACCINO CONTO LA PESTE
978.4,AVVELENAMENTO DA VACCINO CONTRO IL TETANO
978.5,AVVELENAMENTO DA VACCINO CONTRO LA DIFTERITE
978.6,"AVVELENAMENTO DA VACCINO CONTRO LA PERTOSSE,COMPRESI I VACCINI MISTI CON COMPONENTE ANTIPERTOSSE"
978.8,AVVELENAMENTO DA ALTRI E NON SPECIFICATI VACCINI BATTERICI
978.9,"AVVELENAMENTO DA VACCINI BATTERICI MISTI,ESCLUSI QUELLI CON COMPONENTE ANTIPERTOSSE"
979,AVVELENAMENTO DA ALTRI VACCINI E PRODOTTI BIOLOGICI
979.0,AVVELENAMENTO DA VACCINO ANTIVAIOLOSO
979.1,AVVELENAMENTO DA VACCINO ANTIRABBICO
979.2,AVVELENAMENTO DA VACCINO CONTRO IL TIFO ESANTEMATICO
979.3,AVVELENAMENTO DA VACCINO CONTRO LA FEBBRE GIALLA
979.4,AVVELENAMENTO DA VACCINO ANTIMORBILLOSO
979.5,AVVELENAMENTO DA VACCINO ANTIPOLIOMIELITICO
979.6,AVVELENAMENTO DA ALTRI E NON SPECIFICATI VACCINI CONTRO VIRUS E RICKETTSIE
979.7,"AVVELENAMENTO DA VACCINI MISTI CONTRO VIRUS,RICKETTSIE E BATTERI,ESCLUSI QUELLI CON COMPONENTE ANTIPERTOSSE"
979.9,AVVELENAMENTO DA ALTRI E NON SPECIFICATI VACCINI E PRODOTTI BIOLOGICI
980,EFFETTI TOSSICI DELL'ALCOOL
980.0,EFFETTI TOSSICI DELL'ALCOOL ETILICO
980.1,EFFETTI TOSSICI DELL'ALCOOL METILICO
980.2,EFFETTI TOSSICI DELL'ALCOOL ISOPROPILICO
980.3,EFFETTI TOSSICI DEL FUSELOLO
980.8,EFFETTI TOSSICI DI ALTRI ALCOOLI SPECIFICATI
980.9,EFFETTI TOSSICI DI ALCOOL NON SPECIFICATO
981,EFFETTI TOSSICI DEI DERIVATI DEL PETROLIO
982,EFFETTI TOSSICI DI ALTRI SOLVENTI DERIVATI DAL PETROLIO
982.0,EFFETTI TOSSICI DI BENZENE ED OMOLOGHI
982.1,EFFETTI TOSSICI DEL TETRACLORURO DI CARBONIO
982.2,EFFETTI TOSSICI DEL SOLFURO DI CARBONIO
982.3,EFFETTI TOSSICI DI ALTRI IDROCARBURI CLORATI UTILIZZATI COME SOLVENTI
982.4,EFFETTI TOSSICI DI NITROGLICOLE
982.8,EFFETTI TOSSICI DI ALTRI SOLVENTI NON DERIVATI DAL PETROLIO
983,"EFFETTI TOSSICI DI SOSTANZE CORROSIVE AROMATICHE, ACIDI E ALCALI CAUSTICI"
983.0,"EFFETTI TOSSICI DI SOSTANZE CORROSIVE AROMATICHE,ACIDI E ALCALI CAUSTICI"
983.1,EFFETTI TOSSICI DI ACIDI
983.2,EFFETTI TOSSICI DI ALCALI CAUSTICI
983.9,EFFETTI TOSSICI DI ALCALI NON SPECIFICATI
984,EFFETTI TOSSICI DEL PIOMBO E DEI SUOI COMPOSTI (COMPRESI I VAPORI)
984.0,EFFETTI TOSSICI DEI COMPOSTI INORGANICI DEL PIOMBO
984.1,EFFETTI TOSSICI DEI COMPOSTI ORGANICI DEL PIOMBO
984.8,EFFETTI TOSSICI DI ALTRI COMPOSTI DEL PIOMBO
984.9,EFFETTI TOSSICI DEI COMPOSTI DEL PIOMBO NON SPECIFICATI
985,EFFETTI TOSSICI DI ALTRI METALLI
985.0,EFFETTI TOSSICI DEL MERCURIO E SUOI COMPOSTI
985.1,EFFETTI TOSSICI DELL'ARSENICO E SUOI COMPOSTI
985.2,EFFETTI TOSSICI DEL MANGANESE E SUOI COMPOSTI
985.3,EFFETTI TOSSICI DEL BERILLIO E SUOI COMPOSTI
985.4,EFFETTI TOSSICI DELL'ANTIMONIO E SUOI COMPOSTI
985.5,EFFETTI TOSSICI DEL CADMIO E SUOI COMPOSTI
985.6,EFFETTI TOSSICI DEL CROMO
985.8,EFFETTI TOSSICI DI ALTRI METALLI SPECIFICATI
985.9,EFFETTI TOSSICI DI METALLI NON SPECIFICATI
986,EFFETTI TOSSICI DELL'OSSIDO DI CARBONIO
987,"EFFETTI TOSSICI DI ALTRI GAS, FUMI O VAPORI"
987.0,EFFETTI TOSSICI DI GAS LIQUIDI DI PETROLIO
987.1,EFFETTI TOSSICI DI ALTRI IDROCARBURI GASSOSI
987.2,EFFETTI TOSSICI DI OSSIDI NITROSI
987.3,EFFETTI TOSSICI DI ANIDRIDE SOLFOROSA
987.4,EFFETTI TOSSICI DI FREON
987.5,EFFETTI TOSSICI DI GAS LACRIMOGENI
987.6,EFFETTI TOSSICI DI CLORO GASSOSO
987.7,EFFETTI TOSSICI DI ACIDO CIANIDRICO GASSOSO
987.8,"EFFETTI TOSSICI DI ALTRI GAS,FUMI O VAPORI SPECIFICATI"
987.9,"EFFETTI TOSSICI DI GAS,FUMI O VAPORI NON SPECIFICATI"
988,EFFETTI TOSSICI DI SOSTANZE NOCIVE INGERITE COME ALIMENTI
988.0,EFFETTI TOSSICI DI PESCE E MOLLUSCHI INGERITI COME ALIMENTI
988.1,EFFETTI TOSSICI DI FUNGHI INGERITI COME ALIMENTI
988.2,EFFETTI TOSSICI DI BACCHE E ALTRI VEGETALI INGERITI COME ALIMENTI
988.8,EFFETTI TOSSICI DI ALTRE SOSTANZE NOCIVE SPECIFICATE INGERITE COME ALIMENTI
988.9,EFFETTI TOSSICI DI SOSTANZE NOCIVE NON SPECIFICATE INGERITE COME ALIMENTI
989,EFFETTI TOSSICI DI ALTRE SOSTANZE DI ORIGINE PRINCIPALMENTE NON MEDICAMENTOSA
989.0,EFFETTI TOSSICI DI ACIDO CIANIDRICO E CIANURI
989.1,EFFETTI TOSSICI DI STRICNINA E SUOI SALI
989.2,EFFETTI TOSSICI DI IDROCARBURI CLORATI
989.3,EFFETTI TOSSICI DI COMPOSTI ORGANOFOSFORICI E CARBAMATI
989.4,EFFETTI TOSSICI DI ALTRI PESTICIDI NON CLASSIFICATI ALTROVE
989.5,EFFETTI TOSSICI DI VELENO DI ORIGINE ANIMALE
989.6,EFFETTI TOSSICI DI SAPONI E DETERGENTI
989.7,EFFETTI TOSSICI DI AFLATOSSINE E ALTRE MICOTOSSINE (CONTAMINANTI GLI ALIMENTI)
989.8,EFFETTI TOSSICI DI ALTRE SOSTANZE DI ORIGINE PRINCIPALMENTE NON MEDICAMENTOSA
989.81,EFFETTI TOSSICI DELL'ASBESTO
989.82,EFFETTI TOSSICI DEL LATTICE
989.83,EFFETTI TOSSICI DEL SILICONE
989.84,EFFETTI TOSSICI DEL TABACCO
989.89,"EFFETTI TOSSICI DI ALTRE SOSTANZE DI ORIGINE PRINCIPALMENTE NON MEDICAMENTOSA,NON CLASSIFICATE ALTROVE"
989.9,EFFETTI TOSSICI DI SOSTANZE NON SPECIFICATE DI ORIGINE PRINCIPALMENTE NON MEDICAMENTOSA
990,"EFFETTI DELLE RADIAZIONI,NON SPECIFICATI"
991,EFFETTI DEL FREDDO
991.0,CONGELAMENTO DELLA FACCIA
991.1,CONGELAMENTO DELLA MANO
991.2,CONGELAMENTO DEL PIEDE
991.3,CONGELAMENTO DI ALTRE E NON SPECIFICATE SEDI
991.4,PIEDE DA IMMERSIONE
991.5,GELONI
991.6,IPOTERMIA
991.8,ALTRI SPECIFICATI EFFETTI DEL FREDDO
991.9,EFFETTI DEL FREDDO NON SPECIFICATI
992,EFFETTI DEL CALORE E DELLA LUCE
992.0,COLPO DI CALORE E COLPO DI SOLE
992.1,SINCOPE DA CALORE
992.2,CRAMPI DA CALORE
992.3,"ESAURIMENTO DA CALORE,ANIDROTICO"
992.4,ESAURIMENTO DA CALORE PER PERDITA DI SALI
992.5,ESAURIMENTO DA CALORE NON SPECIFICATO
992.6,"AFFATICAMENTO DA CALORE,TRANSITORIO"
992.7,EDEMA DA CALORE
992.8,ALTRI SPECIFICATI EFFETTI DA CALORE
992.9,EFFETTI NON SPECIFICATI DEL CALDO E DELLA LUCE
993,EFFETTI DELLA PRESSIONE ATMOSFERICA
993.0,BAROTRAUMA OTITICO
993.1,BAROTRAUMA SINUSALE
993.2,ALTRI E NON SPECIFICATI EFFETTI DELL'ALTITUDINE
993.3,MALATTIA DEI CASSONI
993.4,EFFETTI DELLA PRESSIONE DELL'ARIA CAUSATI DA ESPLOSIONE
993.8,ALTRI EFFETTI SPECIFICATI DELLA PRESSIONE ATMOSFERICA
993.9,EFFETTI NON SPECIFICATI DELLA PRESSIONE ATMOSFERICA
994,EFFETTI DI ALTRE CAUSE ESTERNE
994.0,EFFETTI DEL FULMINE
994.1,ANNEGAMENTO E SOMMERSIONE NON MORTALI
994.2,EFFETTI DELLA FAME
994.3,EFFETTI DELLA SETE
994.4,ESAURIMENTO DA ESPOSIZIONE ALL'AMBIENTE
994.5,ESAURIMENTO DA SFORZO ECCESSIVO
994.6,CINETOSI
994.7,ASFISSIA E STRANGOLAMENTO
994.8,ELETTROCUZIONE E EFFETTI NON MORTALI DELLA CORRENTE ELETTRICA
994.9,ALTRI EFFETTI DI CAUSE ESTERNE
995,ALCUNI EFFETTI AVVERSI NON CLASSIFICATI ALTROVE
995.0,ALTRO SHOCK ANAFILATTICO NON CLASSIFICATO ALTROVE
995.1,EDEMA ANGIONEUROTICO NON CLASSIFICATO ALTROVE
995.2,"EFFETTI AVVERSI NON SPECIFICATI DI FARMACI, MEDICAMENTI E PRODOTTI BIOLOGICI NON CLASSIFICATI ALTROVE"
995.20,"ALTRI E NON SPECIFICATI EFFETTI AVVERSI DI FARMACI, MEDICAMENTI E PRODOTTI BIOLOGICI NON SPECIFICATI"
995.21,FENOMENO DI ARTHUS
995.22,EFFETTI AVVERSI DELL'ANESTESIA NON SPECIFICATI
995.23,EFFETTI AVVERSI DELL'INSULINA NON SPECIFICATI
995.27,ALTRA ALLERGIA AI FARMACI
995.29,"ALTRI EFFETTI AVVERSI NON SPECIFICATI DI ALTRI FARMACI, MEDICAMENTI E PRODOTTI BIOLOGICI"
995.3,"ALLERGIA,NON SPECIFICATA,NON CLASSIFICATA ALTROVE"
995.4,SHOCK DA ANESTESIA NON SPECIFICATO ALTROVE
995.5,SINDROME DEL BAMBINO MALTRATTATO
995.50,ABUSO DI MINORE NON SPECIFICATO
995.51,ABUSO DI MINORE EMOTIVO/PSICOLOGICO
995.52,TRASCURATEZZA DI MINORE (NUTRIZIONALE)
995.53,ABUSO SESSUALE SU MINORE
995.54,ABUSO FISICO DI MINORE
995.55,SINDROME DEL BAMBINO AGITATO
995.59,ALTRI ABUSI E TRASCURATEZZE DI MINORI
995.6,SHOCK ANAFILATTICO DA REAZIONI AVVERSE ALL'ALIMENTO
995.60,SHOCK ANAFILATTICO DA ALIMENTO NON SPECIFICATO
995.61,SHOCK ANAFILATTICO DA ARACHIDI
995.62,SHOCK ANAFILATTICO DA CROSTACEI
995.63,SHOCK ANAFILATTICO DA FRUTTI E VEGETALI
995.64,SHOCK ANAFILATTICO DA NOCI (O NOCCIOLE) E DA SEMI
995.65,SHOCK ANAFILATTICO DA PESCE
995.66,SHOCK ANAFILATTICO DA ADDITIVI ALIMENTARI
995.67,SHOCK ANAFILATTICO DA DERIVATI DEL LATTE
995.68,SHOCK ANAFILATTICO DA UOVA
995.69,SHOCK ANAFILATTICO DA ALTRO ALIMENTO SPECIFICATO
995.7,"ALTRE REAZIONI AVVERSE ALL'ALIMENTO,NON CLASSIFICATE ALTROVE"
995.8,EFFETTI AVVERSI SPECIFICATI NON CLASSIFICATI ALTROVE
995.80,"MALTRATTAMENTO DI ADULTO,NON SPECIFICATO"
995.81,SINDROME DELL'ADULTO MALTRATTATO
995.82,ABUSO EMOTIVO/PSICOLOGICO DI ADULTO
995.83,ABUSO SESSUALE DI ADULTO
995.84,TRASCURATEZZA DI ADULTO (NUTRIZIONALE)
995.85,ALTRI ABUSI E TRASCURATEZZE DI ADULTO
995.86,IPERTERMIA MALIGNA
995.89,ALTRI EFFETTI AVVERSI SPECIFICATI NON CLASSIFICATI ALTROVE
995.9,SINDROME DA RISPOSTA INFIAMMATORIA SISTEMICA (SIRS)
995.90,"SINDROME DA RISPOSTA INFIAMMATORIA SISTEMICA, NON SPECIFICATA"
995.91,SEPSI
995.92,SEPSI SEVERA
995.93,SINDROME DA RISPOSTA INFIAMMATORIA SISTEMICA DOVUTA A PROCESSO NON INFETTIVO SENZA DISFUNZIONE D'ORGANO ACUTA
995.94,SINDROME DA RISPOSTA INFIAMMATORIA SISTEMICA DOVUTA A PROCESSO NON INFETTIVO CON DISFUNZIONE D'ORGANO ACUTA
996,COMPLICAZIONI PECULIARI DI ALCUNI INTERVENTI SPECIFICATI
996.0,"COMPLICAZIONI MECCANICHE DI DISPOSITIVI, IMPIANTI E INNESTI CARDIACI"
996.00,"COMPLICAZIONI MECCANICHE DI DISPOSITIVI,IMPIANTI E INNESTI CARDIACI NON SPECIFICATI"
996.01,COMPLICAZIONI MECCANICHE DA PACE-MAKER CARDIACO (ELETTRODO)
996.02,COMPLICAZIONI MECCANICHE DA PROTESI VALVOLARE CARDIACA
996.03,COMPLICAZIONI MECCANICHE DA INNESTO DI BY-PASS CORONARICO
996.04,COMPLICAZIONI MECCANICHE DEL DEFIBRILLATORE CARDIACO AUTOMATICO IMPIANTABILE
996.09,"ALTRE COMPLICAZIONI MECCANICHE DI DISPOSITIVI,IMPIANTI E INNESTI CARDIACI"
996.1,"COMPLICAZIONI MECCANICHE DI ALTRI DISPOSITIVI,IMPIANTI E INNESTI VASCOLARI"
996.2,"COMPLICAZIONI MECCANICHE DI DISPOSITIVI,IMPIANTI E INNESTI DEL SISTEMA NERVOSO"
996.3,"COMPLICAZIONI MECCANICHE DI DISPOSITIVI, IMPIANTI E INNESTI DELL'APPARATO GENITOURINARIO"
996.30,"COMPLICAZIONI MECCANICHE DI DISPOSITIVI,IMPIANTI E INNESTI DELL'APPARATO GENITOURINARIO NON SPECIFICATI"
996.31,COMPLICAZIONI MECCANICHE DA CATETERE URETRALE (PERMANENTE)
996.32,COMPLICAZIONI MECCANICHE DA DISPOSITIVO CONTRACCETTIVO INTRAUTERINO
996.39,"ALTRE COMPLICAZIONI MECCANICHE DI DISPOSITIVI,IMPIANTI E INNESTI DELL'APPARATO GENITOURINARIO"
996.4,"COMPLICAZIONI MECCANICHE DI DISPOSITIVI, IMPIANTI E INNESTI ORTOPEDICI INTERNI"
996.40,"COMPLICAZIONI MECCANICHE NON SPECIFICATE DI DISPOSITIVI, IMPIANTI E INNESTI ORTOPEDICI INTERNI"
996.41,ALLENTAMENTO MECCANICO DELLA PROTESI ARTICOLARE
996.42,DISLOCAZIONE DELLA PROTESI ARTICOLARE
996.43,FALLIMENTO DELL'IMPIANTO DELLA PROTESI ARTICOLARE
996.44,FRATTURA PERI-PROTESICA INTORNO ALLA PROTESI ARTICOLARE
996.45,OSTEOLISI PERI-PROTESICA
996.46,USURA DELLA SUPERFICIE ARTICOLARE DELLA PROTESI
996.47,ALTRE COMPLICAZIONI MECCANICHE DELL'IMPIANTO DELLA PROTESI ARTICOLARE
996.49,"ALTRE COMPLICAZIONI MECCANICHE DI ALTRI DISPOSITIVI ORTOPEDICI INTERNI, IMPIANTI E INNESTI"
996.5,"COMPLICAZIONI MECCANICHE DI ALTRI IMPIANTI, PROTESI E INNESTI SPECIFICATI"
996.51,COMPLICAZIONI MECCANICHE DI INNESTI PROTESICI CORNEALI
996.52,COMPLICAZIONI MECCANICHE DI INNESTI PROTESICI DI ALTRI TESSUTI NON CLASSIFICATI ALTROVE
996.53,COMPLICAZIONI MECCANICHE DI LENTI OCULARI PROTESICHE
996.54,COMPLICAZIONI MECCANICHE DI PROTESI MAMMARIE
996.55,COMPLICAZIONI MECCANICHE DA INNESTO CUTANEO ARTIFICIALE E DA ALLODERMA DECELLULARIZZATO
996.56,COMPLICAZIONI MECCANICHE DA CATETERE PER DIALISI PERITONEALE
996.57,COMPLICAZIONI MECCANICHE DOVUTE ALLA POMPA INSULINICA
996.59,COMPLICAZIONI MECCANICHE DI ALTRI IMPIANTI E DISPOSITIVI INTERNI NON CLASSIFICATI ALTROVE
996.6,"INFEZIONE E REAZIONE INFIAMMATORIA DA PROTESI, IMPIANTI E INNESTI INTERNI"
996.60,"INFEZIONE E REAZIONE INFIAMMATORIA DA PROTESI,IMPIANTI E INNESTI NON SPECIFICATI"
996.61,"INFEZIONE E REAZIONE INFIAMMATORIA DA PROTESI,IMPIANTI E INNESTI CARDIACI"
996.62,"INFEZIONE E REAZIONE INFIAMMATORIA DA ALTRE PROTESI,IMPIANTI E INNESTI VASCOLARI"
996.63,"INFEZIONE E REAZIONE INFIAMMATORIA DA PROTESI,IMPIANTI E INNESTI DEL SISTEMA NERVOSO"
996.64,INFEZIONE E REAZIONE INFIAMMATORIA DA CATETERE URINARIO A PERMANENZA
996.65,"INFEZIONE E REAZIONE INFIAMMATORIA DA ALTRE PROTESI,IMPIANTI E INNESTI DELL'APPARATO GENITOURINARIO"
996.66,INFEZIONE E REAZIONE INFIAMMATORIA DA PROTESI ARTICOLARI INTERNE
996.67,"INFEZIONE E REAZIONE INFIAMMATORIA DA ALTRE PROTESI,IMPIANTI E INNESTI ORTOPEDICI INTERNI"
996.68,INFEZIONE E REAZIONE INFIAMMATORIA DA CATETERE PER DIALISI PERITONEALE
996.69,"INFEZIONE E REAZIONE INFIAMMATORIA DA ALTRE PROTESI,IMPIANTI E INNESTI INTERNI"
996.7,"ALTRE COMPLICAZIONI DI PROTESI, IMPIANTI E INNESTI INTERNI (BIOLOGICI) (SINTETICI)"
996.70,"ALTRE COMPLICAZIONI DA PROTESI,IMPIANTI E INNESTI NON SPECIFICATI"
996.71,ALTRE COMPLICAZIONI DA PROTESI VALVOLARI CARDIACHE
996.72,"ALTRE COMPLICAZIONI DA ALTRE PROTESI,IMPIANTI E INNESTI CARDIACI"
996.73,"ALTRE COMPLICAZIONI DA PROTESI,IMPIANTI E INNESTI PER DIALISI RENALE"
996.74,"ALTRE COMPLICAZIONI DA ALTRE PROTESI,IMPIANTI E INNESTI VASCOLARI"
996.75,"ALTRE COMPLICAZIONI DA PROTESI,IMPIANTI E INNESTI DEL SISTEMA NERVOSO"
996.76,"ALTRE COMPLICAZIONI DA PROTESI,IMPIANTI E INNESTI DELL'APPARATO GENITOURINARIO"
996.77,ALTRE COMPLICAZIONI DA PROTESI ARTICOLARI INTERNE
996.78,"ALTRE COMPLICAZIONI DA ALTRE PROTESI,IMPIANTI E INNESTI INTERNI ORTOPEDICI"
996.79,"ALTRE COMPLICAZIONI DA ALTRE PROTESI,IMPIANTI E INNESTI INTERNI"
996.8,COMPLICAZIONI DI TRAPIANTO DI ORGANO
996.80,COMPLICAZIONI DI TRAPIANTO D'ORGANO NON SPECIFICATE
996.81,COMPLICAZIONI DI TRAPIANTO DI RENE
996.82,COMPLICAZIONI DI TRAPIANTO DI FEGATO
996.83,COMPLICAZIONI DI TRAPIANTO DI CUORE
996.84,COMPLICAZIONI DI TRAPIANTO DI POLMONE
996.85,COMPLICAZIONI DI TRAPIANTO DI MIDOLLO OSSEO
996.86,COMPLICAZIONI DI TRAPIANTO DI PANCREAS
996.87,COMPLICAZIONI DI TRAPIANTO DI INTESTINO
996.89,COMPLICAZIONI DI ALTRI TRAPIANTI D'ORGANO SPECIFICATI
996.9,COMPLICAZIONI DI RIATTACCAMENTO DI ESTREMIT@ O PARTI DEL CORPO AMPUTATE
996.90,COMPLICAZIONI DI RIATTACCAMENTO DI ESTREMIT@ NON SPECIFICATE
996.91,COMPLICAZIONI DI RIATTACCAMENTO DELL'AVAMBRACCIO
996.92,COMPLICAZIONI DI RIATTACCAMENTO DELLA MANO
996.93,COMPLICAZIONI DI RIATTACCAMENTO DI UN DITO (O PIY DITA)
996.94,"COMPLICAZIONI DI RIATTACCAMENTO DI ESTREMIT@ SUPERIORI,ALTRE E NON SPECIFICATE"
996.95,COMPLICAZIONI DI RIATTACCAMENTO DEL PIEDE E DELLE DITA DEL PIEDE
996.96,"COMPLICAZIONI DI RIATTACCAMENTO DI ESTREMIT@ INFERIORI,ALTRE E NON SPECIFICATE"
996.99,COMPLICAZIONI DI RIATTACCAMENTO DI ALTRE SPECIFICATE PARTI DEL CORPO
997,ALTRE COMPLICAZIONI INTERESSANTI SISTEMI SPECIFICI DELL'ORGANISMO NON CLASSIFICATE ALTROVE
997.0,COMPLICAZIONI DEL SISTEMA NERVOSO CENTRALE NON CLASSIFICATE ALTROVE
997.00,"COMPLICAZIONI DEL SISTEMA NERVOSO,NON SPECIFICATE"
997.01,COMPLICAZIONI DEL SISTEMA NERVOSO CENTRALE
997.02,INFARTO O EMORRAGIA CEREBROVASCOLARE IATROGENA
997.09,ALTRE COMPLICAZIONI DEL SISTEMA NERVOSO
997.1,"COMPLICAZIONI CARDIACHE,NON CLASSIFICATE ALTROVE"
997.2,"COMPLICAZIONI VASCOLARI PERIFERICHE,NON CLASSIFICATE ALTROVE"
997.3,"COMPLICAZIONI RESPIRATORIE,NON CLASSIFICATE ALTROVE"
997.4,"COMPLICAZIONI GASTROINTESTINALI,NON CLASSIFICATE ALTROVE"
997.5,"COMPLICAZIONI URINARIE,NON CLASSIFICATE ALTROVE"
997.6,COMPLICAZIONI TARDIVE SU TRONCONE DI AMPUTAZIONE
997.60,COMPLICAZIONI TARDIVE NON SPECIFICATE SU TRONCONE DI AMPUTAZIONE
997.61,NEUROMA SU TRONCONE DI AMPUTAZIONE
997.62,INFEZIONE (CRONICA) SU TRONCONE DI AMPUTAZIONE
997.69,ALTRE COMPLICAZIONI TARDIVE SU TRONCONE DI AMPUTAZIONE
997.7,COMPLICAZIONI VASCOLARI DI ALTRI VASI SANGUIGNI
997.71,COMPLICAZIONI VASCOLARI DELL'ARTERIA MESENTERICA
997.72,COMPLICAZIONI VASCOLARI DELL'ARTERIA RENALE
997.79,COMPLICAZIONI VASCOLARI DI ALTRI VASI SANGUIGNI
997.9,"COMPLICAZIONI INTERESSANTI ALTRI SISTEMI SPECIFICATI DELL'ORGANISMO, NON CLASSIFICATE ALTROVE"
997.91,IPERTENSIONE
997.99,"ALTRE COMPLICAZIONI INTERESSANTI ALTRI SISTEMI SPECIFICATI DELL'ORGANISMO,NON CLASSIFICATE ALTROVE"
998,"ALTRE COMPLICAZIONI DI INTERVENTI, NON CLASSIFICATI ALTROVE"
998.0,"SHOCK POSTOPERATORIO,NON CLASSIFICATO ALTROVE"
998.1,"EMORRAGIA O EMATOMA COMPLICANTE UN INTERVENTO, NON CLASSIFICATI ALTROVE"
998.11,EMORRAGIA COMPLICANTE UN INTERVENTO
998.12,EMATOMA COMPLICANTE UN INTERVENTO
998.13,SIEROMA COMPLICANTE UN INTERVENTO
998.2,"PUNTURA O LACERAZIONE ACCIDENTALE DURANTE UN INTERVENTO,NON CLASSIFICATE ALTROVE"
998.3,"ROTTURA DI FERITA CHIRURGICA, NON CLASSIFICATA ALTROVE"
998.31,ROTTURA DI FERITA CHIRURGICA INTERNA
998.32,ROTTURA DI FERITA CHIRURGICA ESTERNA
998.4,"CORPO ESTRANEO LASCIATO ACCIDENTALMENTE DURANTE UN INTERVENTO,NON CLASSIFICATO ALTROVE"
998.5,"INFEZIONE POSTOPERATORIA, NON CLASSIFICATA ALTROVE"
998.51,SIEROMA INFETTO POSTOPERATORIO
998.59,ALTRA INFEZIONE POSTOPERATORIA
998.6,"FISTOLA POSTOPERATORIA PERSISTENTE,NON CLASSIFICATA ALTROVE"
998.7,"REAZIONE ACUTA A SOSTANZA ESTRANEA LASCIATA ACCIDENTALMENTE DURANTE UN INTERVENTO,NON CLASSIFICATA ALTROVE"
998.8,"ALTRE COMPLICAZIONI SPECIFICATE DI INTERVENTI, NON CLASSIFICATE ALTROVE"
998.81,ENFISEMA (SOTTOCUTANEO) (CHIRURGICO) DOVUTO AD INTERVENTO
998.82,FRAMMENTI INTRAOCULARI DI CATERATTA DURANTE UN INTERVENTO CHIRURGICO DI CATERATTA
998.83,FERITA CHIRURGICA NON CICATRIZZATA
998.89,ALTRE COMPLICAZIONI SPECIFICATE DI INTERVENTI NON CLASSIFICATE ALTROVE
998.9,"COMPLICAZIONI NON SPECIFICATE DI INTERVENTI,NON CLASSIFICATE ALTROVE"
999,COMPLICAZIONI DI CURE MEDICHE NON CLASSIFICATE ALTROVE
999.0,"VACCINO GENERALIZZATO COME COMPLICAZIONE DI CURE MEDICHE,NON CLASSIFICATE ALTROVE"
999.1,"EMBOLIA GASSOSA COME COMPLICAZIONE DI CURE MEDICHE,NON CLASSIFICATA ALTROVE"
999.2,"ALTRE COMPLICAZIONI VASCOLARI DI CURE MEDICHE,NON CLASSIFICATE ALTROVE"
999.3,"ALTRE INFEZIONI DA CURE MEDICHE,NON CLASSIFICATE ALTROVE"
999.4,"SHOCK ANAFILATTICO DA SIERO,NON CLASSIFICATO ALTROVE"
999.5,"ALTRE REAZIONI DA SIERO,NON CLASSIFICATE ALTROVE"
999.6,"REAZIONE DI INCOMPATIBILIT@ ABO,NON CLASSIFICATA ALTROVE"
999.7,"REAZIONE DI INCOMPATIBILIT@ RH,NON CLASSIFICATA ALTROVE"
999.8,"ALTRE REAZIONI TRASFUSIONALI,NON CLASSIFICATE ALTROVE"
999.9,"ALTRE E NON SPECIFICATE COMPLICAZIONI DI CURE MEDICHE,NON CLASSIFICATE ALTROVE"
V01,CONTATTO CON O ESPOSIZIONE A MALATTIE TRASMISSIBILI
V01.0,CONTATTO CON O ESPOSIZIONE A COLERA
V01.1,CONTATTO CON O ESPOSIZIONE A TUBERCOLOSI
V01.2,CONTATTO CON O ESPOSIZIONE A POLIOMIELITE
V01.3,CONTATTO CON O ESPOSIZIONE A VAIOLO
V01.4,CONTATTO CON O ESPOSIZIONE A ROSOLIA
V01.5,CONTATTO CON O ESPOSIZIONE A RABBIA
V01.6,CONTATTO CON O ESPOSIZIONE A MALATTIE VENEREE
V01.7,CONTATTO CON O ESPOSIZIONE AD ALTRE MALATTIE VIRALI
V01.71,CONTATTO CON O ESPOSIZIONE A VARICELLA
V01.79,CONTATTO CON O ESPOSIZIONE AD ALTRE MALATTIE VIRALI
V01.8,CONTATTO CON O ESPOSIZIONE AD ALTRE MALATTIE TRASMISSIBILI
V01.81,CONTATTO CON O ESPOSIZIONE AD ANTRACE
V01.82,ESPOSIZIONE A SARS-CORONAVIRUS ASSOCIATO
V01.83,CONTATTO CON O ESPOSIZIONE AD ESCHERICHIA COLI (E. COLI)
V01.84,CONTATTO CON O ESPOSIZIONE A MENINGOCOCCO
V01.89,CONTATTO CON O ESPOSIZIONE AD ALTRE MALATTIE TRASMISSIBILI
V01.9,CONTATTO CON O ESPOSIZIONE A MALATTIA TRASMISSIBILE NON SPECIFICATA
V02,PORTATORE O PORTATORE SOSPETTO DI MALATTIE INFETTIVE
V02.0,PORTATORE O PORTATORE SOSPETTO DI COLERA
V02.1,PORTATORE O PORTATORE SOSPETTO DI FEBBRE TIFOIDE
V02.2,PORTATORE O PORTATORE SOSPETTO DI AMEBIASI
V02.3,PORTATORE O PORTATORE SOSPETTO DI ALTRI PATOGENI GASTROINTESTINALI
V02.4,PORTATORE O PORTATORE SOSPETTO DI DIFTERITE
V02.5,PORTATORE O PORTATORE SOSPETTO DI ALTRE MALATTIE BATTERICHE SPECIFICATE
V02.51,PORTATORE O PORTATORE SOSPETTO DI STREPTOCOCCO GRUPPO B
V02.52,PORTATORE O PORTATORE SOSPETTO DI ALTRI STREPTOCOCCHI
V02.59,PORTATORE O PORTATORE SOSPETTO DI ALTRE MALATTIE BATTERICHE SPECIFICATE
V02.6,PORTATORE DI EPATITE VIRALE
V02.60,"PORTATORE DI EPATITE VIRALE,NON SPECIFICATA"
V02.61,PORTATORE DI EPATITE B
V02.62,PORTATORE DI EPATITE C
V02.69,PORTATORE DI ALTRE EPATITI VIRALI
V02.7,PORTATORE O PORTATORE SOSPETTO DI GONORREA
V02.8,PORTATORE O PORTATORE SOSPETTO DI ALTRE MALATTIE VENEREE
V02.9,PORTATORE O PORTATORE SOSPETTO DI ALTRO ORGANISMO INFETTIVO SPECIFICATO
V03,NECESSIT@ DI VACCINAZIONE CONTRO MALATTIE BATTERICHE
V03.0,NECESSIT@ DI VACCINAZIONE E INOCULAZIONI PROFILATTICHE CONTRO IL SOLO COLERA
V03.1,NECESSIT@ DI VACCINAZIONE PROFILATTICA CON VACCINO TIFOIDE-PARATIFOIDE (TAB)
V03.2,NECESSIT@ DI VACCINAZIONE PROFILATTICA CON VACCINO TUBERCOLARE (BCG)
V03.3,NECESSIT@ DI VACCINAZIONE E INOCULAZIONI PROFILATTICHE CONTRO LA PESTE
V03.4,NECESSIT@ DI VACCINAZIONE E INOCULAZIONI PROFILATTICHE CONTRO LA TULAREMIA
V03.5,NECESSIT@ DI VACCINAZIONE E INOCULAZIONI PROFILATTICHE CONTRO LA SOLA DIFTERITE
V03.6,NECESSIT@ DI VACCINAZIONE E INOCULAZIONI PROFILATTICHE CONTRO LA SOLA PERTOSSE
V03.7,NECESSIT@ DI VACCINAZIONE PROFILATTICA CON IL SOLO TOSSOIDE TETANICO
V03.8,ALTRE VACCINAZIONI SPECIFICATE CONTRO SINGOLE MALATTIE BATTERICHE
V03.81,"NECESSIT@ DI VACCINAZIONE E INOCULAZIONI PROFILATTICHE CONTRO HEMOPHILUS INFLUENZA,TIPO B [HIB]"
V03.82,NECESSIT@ DI VACCINAZIONE E INOCULAZIONI PROFILATTICHE CONTRO STREPTOCOCCUS PNEUMONIAE [PNEUMOCOCCO]
V03.89,NECESSIT@ DI VACCINAZIONE E INOCULAZIONI PROFILATTICHE CONTRO ALTRA MALATTIA DA BATTERIO SINGOLO SPECIFICATO
V03.9,NECESSIT@ DI VACCINAZIONE E INOCULAZIONI PROFILATTICHE CONTRO MALATTIA DA BATTERIO SINGOLO NON SPECIFICATO
V04,NECESSIT@ DI VACCINAZIONE E INOCULAZIONI PROFILATTICHE CONTRO ALCUNE MALATTIE VIRALI
V04.0,NECESSIT@ DI VACCINAZIONE E INOCULAZIONI PROFILATTICHE CONTRO LA POLIOMIELITE
V04.1,NECESSIT@ DI VACCINAZIONE E INOCULAZIONI PROFILATTICHE CONTRO IL VAIOLO
V04.2,NECESSIT@ DI VACCINAZIONE E INOCULAZIONI PROFILATTICHE CONTRO IL SOLO MORBILLO
V04.3,NECESSIT@ DI VACCINAZIONE E INOCULAZIONI PROFILATTICHE CONTRO LA SOLA ROSOLIA
V04.4,NECESSIT@ DI VACCINAZIONE E INOCULAZIONI PROFILATTICHE CONTRO LA FEBBRE GIALLA
V04.5,NECESSIT@ DI VACCINAZIONE E INOCULAZIONI PROFILATTICHE CONTRO LA RABBIA
V04.6,NECESSIT@ DI VACCINAZIONE E INOCULAZIONI PROFILATTICHE CONTRO I SOLI ORECCHIONI
V04.7,NECESSIT@ DI VACCINAZIONE E INOCULAZIONI PROFILATTICHE CONTRO IL RAFFREDDORE COMUNE
V04.8,NECESSIT@ DI VACCINAZIONE E INOCULAZIONI PROFILATTICHE CONTRO L'INFLUENZA
V04.81,NECESSIT@ DI VACCINAZIONE E INOCULAZIONI PROFILATTICHE CONTRO L'INFLUENZA
V04.82,NECESSIT@ DI VACCINAZIONE E INOCULAZIONI PROFILATTICHE CONTRO IL VIRUS RESPIRATORIO SINCIZIALE (RSV)
V04.89,NECESSIT@ DI VACCINAZIONE E INOCULAZIONI PROFILATTICHE CONTRO ALTRE PATOLOGIE VIRALI
V05,NECESSIT@ DI ALTRA VACCINAZIONE E INOCULAZIONI PROFILATTICHE CONTRO SINGOLE MALATTIE
V05.0,NECESSIT@ DI VACCINAZIONE E INOCULAZIONI PROFILATTICHE CONTRO L'ENCEFALITE VIRALE TRASMESSA DA ARTROPODI
V05.1,NECESSIT@ DI VACCINAZIONE E INOCULAZIONI PROFILATTICHE CONTRO ALTRE MALATTIE VIRALI TRASMESSE DA ARTROPODI
V05.2,NECESSIT@ DI VACCINAZIONE E INOCULAZIONI PROFILATTICHE CONTRO LA LEISHMANIOSI
V05.3,NECESSIT@ DI VACCINAZIONE E INOCULAZIONI PROFILATTICHE CONTRO L'EPATITE VIRALE
V05.4,NECESSIT@ DI VACCINAZIONE E INOCULAZIONI PROFILATTICHE CONTRO LA VARICELLA
V05.8,NECESSIT@ DI VACCINAZIONE E INOCULAZIONI PROFILATTICHE CONTRO ALTRA MALATTIA SPECIFICATA
V05.9,NECESSIT@ DI VACCINAZIONE E INOCULAZIONI PROFILATTICHE CONTRO UNA SINGOLA MALATTIA NON SPECIFICATA
V06,NECESSIT@ DI VACCINAZIONE CON VACCINI COMBINATI CONTRO PIY MALATTIE
V06.0,NECESSIT@ DI VACCINAZIONE PROFILATTICA CONTRO IL COLERA CON VACCINO PER LA FEBBRE TIFOIDE-PARATIFOIDE [COLERA + TAB]
V06.1,NECESSIT@ DI VACCINAZIONE PROFILATTICA CON VACCINO MISTO DIFTERITE-TETANO-PERTOSSE (DTP) (DTAP)
V06.2,NECESSIT@ DI VACCINAZIONE PROFILATTICA CON DIFTERITE-TETANO-PERTOSSE E CON VACCINO PER LA FEBBRE TIFOIDE-PARATIFOIDE [DTP + TAB]
V06.3,NECESSIT@ DI VACCINAZIONE PROFILATTICA CON DIFTERITE-TETANO-PERTOSSE E CON VACCINO PER LA POLIOMIELITE [DTP + POLIO]
V06.4,NECESSIT@ DI VACCINAZIONE PROFILATTICA CON VACCINO MORBILLO-PAROTITE-ROSOLIA (MPR)
V06.5,NECESSIT@ DI VACCINAZIONE E INOCULAZIONI PROFILATTICHE CONTRO TETANO E DIFTERITE (TD) (DT)
V06.6,NECESSIT@ DI VACCINAZIONE E INOCULAZIONI PROFILATTICHE CONTRO STREPTOCOCCUS PNEUMONIAE ED INFLUENZA
V06.8,NECESSIT@ DI VACCINAZIONE E INOCULAZIONI PROFILATTICHE CONTRO ALTRE COMBINAZIONI DI MALATTIE
V06.9,NECESSIT@ DI VACCINAZIONE PROFILATTICA CON VACCINO MISTO NON SPECIFICATO
V07,NECESSITA' DI ISOLAMENTO E DI ALTRE MISURE PROFILATTICHE
V07.1,NECESSITA' DI DESENSIBILIZZAZIONE AD ALLERGENI
V07.2,NECESSITA' DI IMMUNOTERAPIA PROFILATTICA
V07.3,NECESSITA' DI ALTRA CHEMIOTERAPIA PROFILATTICA
V07.31,NECESSITA' DI SOMMINISTRAZIONE PROFILATTICA DI FLUORURO
V07.39,NECESSITA' DI ALTRA CHEMIOTERAPIA PROFILATTICA
V07.4,TERAPIA ORMONALE SOSTITUTIVA (POSTMENOPAUSA)
V07.8,NECESSITA' DI ALTRA MISURA PROFILATTICA SPECIFICATA
V07.9,NECESSITA' DI MISURA PROFILATTICA NON SPECIFICATA
V07.0,NECESSITA' DI ISOLAMENTO PER RISCHIO COLLEGATO A INFEZIONE DA SARS-COV-2
V07.00,NECESSITA' DI ISOLAMENTO PER RISCHIO COLLEGATO A INFEZIONE DA SARS-COV-2
V07.08,ALTRE NECESSITA' DI ISOLAMENTO
V08,STATO INFETTIVO ASINTOMATICO DA VIRUS DA IMMUNODEFICIENZA UMANA (HIV)
V09,INFEZIONE DA MICRORGANISMI RESISTENTI AI FARMACI
V09.0,INFEZIONE DA MICRORGANISMI RESISTENTI ALLA PENICILLINA
V09.1,INFEZIONE DA MICRORGANISMI RESISTENTI ALLE CEFALOSPORINE E AD ALTRI ANTIBIOTICI
V09.2,INFEZIONE DA MICRORGANISMI RESISTENTI AI MACROLIDI
V09.3,INFEZIONE DA MICRORGANISMI RESISTENTI ALLE TETRACICLINE
V09.4,INFEZIONE DA MICRORGANISMI RESISTENTI AGLI AMINOGLICOSIDI
V09.5,INFEZIONE DA MICROORGANISMI RESISTENTI A CHINOLONI E FLUOROCHINOLONI
V09.50,SENZA MENZIONE DI RESISTENZA A CHINOLONI E FLUOROCHINOLONI MULTIPLI
V09.51,CON RESISTENZA A CHINOLONI E FLUOROCHINOLONI MULTIPLI
V09.6,INFEZIONE DA MICROORGANISMI RESISTENTI A SULFAMIDICI
V09.7,INFEZIONE DA MICROORGANISMI RESISTENTI AD ALTRI AGENTI ANTIMICOBATTERICI SPECIFICI
V09.70,INFEZIONE DA MICROORGANISMI RESISTENTI AD ALTRI AGENTI ANTIMICOBATTERICI SPECIFICI SENZA MENZIONE DI RESISTENZA AD AGENTI ANTIMICOBATTERICI MULTIPLI
V09.71,INFEZIONE DA MICROORGANISMI RESISTENTI AD ALTRI AGENTI ANTIMICOBATTERICI SPECIFICI CON RESISTENZA AD AGENTI ANTIMICOBATTERICI MULTIPLI
V09.8,INFEZIONE DA MICROORGANISMI RESISTENTI AD ALTRI FARMACI SPECIFICATI
V09.80,INFEZIONE DA MICROORGANISMI RESISTENTI AD ALTRI FARMACI SPECIFICATI SENZA MENZIONE DI RESISTENZA A FARMACI MULTIPLI
V09.81,INFEZIONE DA MICROORGANISMI RESISTENTI AD ALTRI FARMACI SPECIFICATI CON RESISTENZA A FARMACI MULTIPLI
V09.9,"INFEZIONE DA MICROORGANISMI RESISTENTI AI FARMACI, NON SPECIFICATA"
V09.90,"INFEZIONE DA MICROORGANISMI RESISTENTI AI FARMACI,NON SPECIFICATA,SENZA MENZIONE DI RESISTENZA A FARMACI MULTIPLI"
V09.91,"INFEZIONE DA MICROORGANISMI RESISTENTI AI FARMACI,NON SPECIFICATA,CON RESISTENZA A FARMACI MULTIPLI"
V10,ANAMNESI PERSONALE DI TUMORE MALIGNO
V10.0,ANAMNESI PERSONALE DI TUMORE MALIGNO DEL TRATTO GASTROINTESTINALE
V10.00,ANAMNESI PERSONALE DI TUMORE MALIGNO DI SEDE NON SPECIFICATA DEL TRATTO GASTROINTESTINALE
V10.01,ANAMNESI PERSONALE DI TUMORE MALIGNO DELLA LINGUA
V10.02,ANAMNESI PERSONALE DI TUMORE MALIGNO DI ALTRE E NON SPECIFICATE SEDI DELLA CAVIT@ ORALE E DELLA FARINGE
V10.03,ANAMNESI PERSONALE DI TUMORE MALIGNO DELL'ESOFAGO
V10.04,ANAMNESI PERSONALE DI TUMORE MALIGNO DELLO STOMACO
V10.05,ANAMNESI PERSONALE DI TUMORE MALIGNO DELL'INTESTINO CRASSO
V10.06,"ANAMNESI PERSONALE DI TUMORE MALIGNO DI RETTO,GIUNZIONE RETTOSIGMOIDEA E ANO"
V10.07,ANAMNESI PERSONALE DI TUMORE MALIGNO DEL FEGATO
V10.09,ANAMNESI PERSONALE DI TUMORE MALIGNO DI ALTRE SEDI DEL TRATTO GASTROINTESTINALE
V10.1,"ANAMNESI PERSONALE DI TUMORE MALIGNO DI TRACHEA, BRONCHI E POLMONI"
V10.11,ANAMNESI PERSONALE DI TUMORE MALIGNO DI BRONCHI E POLMONI
V10.12,ANAMNESI PERSONALE DI TUMORE MALIGNO DELLA TRACHEA
V10.2,ANAMNESI PERSONALE DI TUMORE MALIGNO DI ALTRI ORGANI RESPIRATORI E INTRATORACICI
V10.20,ANAMNESI PERSONALE DI TUMORE MALIGNO DI ORGANO RESPIRATORIO NON SPECIFICATO
V10.21,ANAMNESI PERSONALE DI TUMORE MALIGNO DELLA LARINGE
V10.22,"ANAMNESI PERSONALE DI TUMORE MALIGNO DELLA CAVIT@ NASALE,DELL'ORECCHIO MEDIO E DEI SENI PARANASALI"
V10.29,ANAMNESI PERSONALE DI TUMORE MALIGNO DI ALTRI ORGANI RESPIRATORI E INTRATORACICI
V10.3,ANAMNESI PERSONALE DI TUMORE MALIGNO DELLA MAMMELLA
V10.4,ANAMNESI PERSONALE DI TUMORE MALIGNO DEGLI ORGANI GENITALI
V10.40,ANAMNESI PERSONALE DI TUMORE MALIGNO DI ORGANO GENITALE FEMMINILE NON SPECIFICATO
V10.41,ANAMNESI PERSONALE DI TUMORE MALIGNO DELLA CERVICE UTERINA
V10.42,ANAMNESI PERSONALE DI TUMORE MALIGNO DI ALTRE PARTI DELL'UTERO
V10.43,ANAMNESI PERSONALE DI TUMORE MALIGNO DELL'OVAIO
V10.44,ANAMNESI PERSONALE DI TUMORE MALIGNO DI ALTRI ORGANI GENITALI FEMMINILI
V10.45,ANAMNESI PERSONALE DI TUMORE MALIGNO DI ORGANO GENITALE MASCHILE NON SPECIFICATO
V10.46,ANAMNESI PERSONALE DI TUMORE MALIGNO DELLA PROSTATA
V10.47,ANAMNESI PERSONALE DI TUMORE MALIGNO DEL TESTICOLO
V10.48,ANAMNESI PERSONALE DI TUMORE MALIGNO DELL'EPIDIDIMO
V10.49,ANAMNESI PERSONALE DI TUMORE MALIGNO DI ALTRI ORGANI GENITALI MASCHILI
V10.5,ANAMNESI PERSONALE DI TUMORE MALIGNO DEGLI ORGANI URINARI
V10.50,ANAMNESI PERSONALE DI TUMORE MALIGNO DI ORGANO URINARIO NON SPECIFICATO
V10.51,ANAMNESI PERSONALE DI TUMORE MALIGNO DELLA VESCICA
V10.52,ANAMNESI PERSONALE DI TUMORE MALIGNO DEL RENE
V10.53,ANAMNESI PERSONALE DI TUMORE MALIGNO DELLA PELVI RENALE
V10.59,ANAMNESI PERSONALE DI TUMORE MALIGNO DI ALTRI ORGANI URINARI
V10.6,ANAMNESI PERSONALE DI LEUCEMIA
V10.60,ANAMNESI PERSONALE DI LEUCEMIA NON SPECIFICATA
V10.61,ANAMNESI PERSONALE DI LEUCEMIA LINFOIDE
V10.62,ANAMNESI PERSONALE DI LEUCEMIA MIELOIDE
V10.63,ANAMNESI PERSONALE DI LEUCEMIA MONOCITICA
V10.69,ANAMNESI PERSONALE DI ALTRA LEUCEMIA
V10.7,ANAMNESI PERSONALE DI ALTRI TUMORI LINFATICI E DEGLI ORGANI EMATOPOIETICI
V10.71,ANAMNESI PERSONALE DI LINFOSARCOMA E RETICOLOSARCOMA
V10.72,ANAMNESI PERSONALE DI MALATTIA DI HODGKIN
V10.79,ANAMNESI PERSONALE DI ALTRI TUMORI LINFATICI E DEGLI ORGANI EMATOPOIETICI
V10.8,ANAMNESI PERSONALE DI TUMORE MALIGNO DI ALTRE SEDI
V10.81,ANAMNESI PERSONALE DI TUMORE MALIGNO DELL'OSSO
V10.82,ANAMNESI PERSONALE DI MELANOMA MALIGNO DELLA PELLE
V10.83,ANAMNESI PERSONALE DI ALTRI TUMORI MALIGNI DELLA PELLE
V10.84,ANAMNESI PERSONALE DI TUMORE MALIGNO DELL'OCCHIO
V10.85,ANAMNESI PERSONALE DI TUMORE MALIGNO DEL CERVELLO
V10.86,ANAMNESI PERSONALE DI TUMORE MALIGNO DI ALTRE PARTI DEL SISTEMA NERVOSO
V10.87,ANAMNESI PERSONALE DI TUMORE MALIGNO DELLA TIROIDE
V10.88,ANAMNESI PERSONALE DI TUMORE MALIGNO DI ALTRE GHIANDOLE ENDOCRINE E DELLE STRUTTURE CORRELATE
V10.89,ANAMNESI PERSONALE DI TUMORE MALIGNO DI ALTRE SEDI
V10.9,ANAMNESI PERSONALE DI TUMORE MALIGNO NON SPECIFICATO
V11,ANAMNESI PERSONALE DI DISTURBO PSICHICO
V11.0,ANAMNESI PERSONALE DI SCHIZOFRENIA
V11.1,ANAMNESI PERSONALE DI DISTURBI AFFETTIVI
V11.2,ANAMNESI PERSONALE DI NEUROSI
V11.3,ANAMNESI PERSONALE DI ALCOOLISMO
V11.8,ANAMNESI PERSONALE DI ALTRI DISTURBI PSICHICI
V11.9,ANAMNESI PERSONALE DI DISTURBO PSICHICO NON SPECIFICATO
V12,ANAMNESI PERSONALE DI ALCUNE ALTRE MALATTIE
V12.0,ANAMNESI PERSONALE DI MALATTIA INFETTIVA E PARASSITARIA
V12.00,ANAMNESI PERSONALE DI MALATTIA INFETTIVA E PARASSITARIA NON SPECIFICATA
V12.01,ANAMNESI PERSONALE DI TUBERCOLOSI
V12.02,ANAMNESI PERSONALE DI POLIOMIELITE
V12.03,ANAMNESI PERSONALE DI MALARIA
V12.09,ANAMNESI PERSONALE DI ALTRA MALATTIA INFETTIVA E PARASSITARIA SPECIFICATA
V12.1,ANAMNESI PERSONALE DI CARENZA NUTRITIVA
V12.2,"ANAMNESI PERSONALE DI DISTURBI ENDOCRINI,METABOLICI E IMMUNITARI"
V12.3,ANAMNESI PERSONALE DI MALATTIE DEL SANGUE E DEGLI ORGANI EMATOPOIETICI
V12.4,ANAMNESI PERSONALE DI DISTURBI DEL SISTEMA NERVOSO E DEGLI ORGANI DI SENSO
V12.40,"ANAMNESI PERSONALE DI DISTURBI,NON SPECIFICATI,DEL SISTEMA NERVOSO E DEGLI ORGANI DI SENSO"
V12.41,ANAMNESI PERSONALE DI NEOPLASIA BENIGNA DEL CERVELLO
V12.42,ANAMNESI PERSONALE DI INFEZIONI DEL SISTEMA NERVOSO CENTRALE
V12.49,ANAMNESI PERSONALE DI ALTRI DISTURBI DEL SISTEMA NERVOSO E DEGLI ORGANI DI SENSO
V12.5,ANAMNESI PERSONALE DI MALATTIE DELL'APPARATO CIRCOLATORIO
V12.50,ANAMNESI PERSONALE DI MALATTIA DELL'APPARATO CIRCOLATORIO NON SPECIFICATA
V12.51,ANAMNESI PERSONALE DI TROMBOSI VENOSA ED EMBOLIA
V12.52,ANAMNESI PERSONALE DI TROMBOFLEBITE
V12.59,"ANAMNESI PERSONALE DI ALTRE MALATTIE DELL'APPARATO CIRCOLATORIO,NON CLASSIFICATE ALTROVE"
V12.6,ANAMNESI PERSONALE DI MALATTIE DELL'APPARATO RESPIRATORIO
V12.60,ANAMNESI PERSONALE DI MALATTIA NON SPECIFICATA DEL SISTEMA RESPIRATORIO
V12.61,ANAMNESI PERSONALE DI POLMONITE (RICORRENTE)
V12.69,ANAMNESI PERSONALE DI ALTRE PATOLOGIE DEL SISTEMA RESPIRATORIO
V12.7,ANAMNESI PERSONALE DI MALATTIE DELL'APPARATO DIGERENTE
V12.70,ANAMNESI PERSONALE DI MALATTIA NON SPECIFICATA DELL'APPARATO DIGERENTE
V12.71,ANAMNESI PERSONALE DI ULCERA PEPTICA
V12.72,ANAMNESI PERSONALE DI POLIPI DEL COLON
V12.79,ANAMNESI PERSONALE DI ALTRE MALATTIE SPECIFICATE DELL'APPARATO DIGERENTE
V13,ANAMNESI PERSONALE DI ALTRE MALATTIE
V13.0,ANAMNESI PERSONALE DI DISTURBI DELL'APPARATO URINARIO
V13.00,ANAMNESI PERSONALE DI DISTURBO NON SPECIFICATO DELL'APPARATO URINARIO
V13.01,ANAMNESI PERSONALE DI CALCOLI URINARI
V13.02,ANAMNESI PERSONALE DI INFEZIONE URINARIA (DEL TRATTO)
V13.03,ANAMNESI PERSONALE DI SINDROME NEFROSICA
V13.09,ANAMNESI PERSONALE DI ALTRI DISTURBI SPECIFICATI DELL'APPARATO URINARIO
V13.1,ANAMNESI PERSONALE DI MALATTIA TROFOBLASTICA
V13.2,ANAMNESI PERSONALE DI ALTRI DISTURBI OSTETRICI E DELL'APPARATO GENITALE
V13.21,ANAMNESI PERSONALE DI TRAVAGLIO PRE-TERMINE
V13.29,ANAMNESI PERSONALE DI ALTRI DISTURBI OSTETRICI E DELL'APPARATO GENITALE
V13.3,ANAMNESI PERSONALE DI MALATTIE DELLA PELLE E DEL TESSUTO SOTTOCUTANEO
V13.4,ANAMNESI PERSONALE DI ARTRITE
V13.5,ANAMNESI PERSONALE DI ALTRI DISTURBI OSTEOMUSCOLARI
V13.6,ANAMNESI PERSONALE DI MALFORMAZIONI CONGENITE
V13.61,ANAMNESI PERSONALE DI IPOSPADIA
V13.69,ANAMNESI PERSONALE DI ALTRE MALFORMAZIONI CONGENITE
V13.7,ANAMNESI PERSONALE DI PROBLEMI PERINATALI
V13.8,ANAMNESI PERSONALE DI ALTRE MALATTIE SPECIFICATE
V13.9,ANAMNESI PERSONALE DI MALATTIA NON SPECIFICATA
V14,ANAMNESI PERSONALE DI ALLERGIA A SOSTANZE MEDICINALI
V14.0,ANAMNESI PERSONALE DI ALLERGIA ALLA PENICILLINA
V14.1,ANAMNESI PERSONALE DI ALLERGIA AD ALTRA SOSTANZA ANTIBIOTICA
V14.2,ANAMNESI PERSONALE DI ALLERGIA A SULFAMIDICI
V14.3,ANAMNESI PERSONALE DI ALLERGIA AD ALTRA SOSTANZA ANTI-INFETTIVA
V14.4,ANAMNESI PERSONALE DI ALLERGIA A SOSTANZA ANESTETICA
V14.5,ANAMNESI PERSONALE DI ALLERGIA A SOSTANZA NARCOTICA
V14.6,ANAMNESI PERSONALE DI ALLERGIA A SOSTANZA ANALGESICA
V14.7,ANAMNESI PERSONALE DI ALLERGIA A SIERO O VACCINO
V14.8,ANAMNESI PERSONALE DI ALLERGIA AD ALTRE SOSTANZE MEDICINALI SPECIFICATE
V14.9,ANAMNESI PERSONALE DI ALLERGIA A SOSTANZA MEDICINALE NON SPECIFICATA
V15,ALTRA ANAMNESI PERSONALE CON RISCHIO DI MALATTIA
V15.0,"ANAMNESI PERSONALE DI ALLERGIA DIVERSA DA QUELLA PROVOCATA DA SOSTANZE MEDICINALI, CON RISCHIO DI MALATTIA"
V15.01,ANAMNESI PERSONALE DI ALLERGIA ALLE ARACHIDI
V15.02,ANAMNESI PERSONALE DI ALLERGIA AI LATTICINI
V15.03,ANAMNESI PERSONALE DI ALLERGIA ALLE UOVA
V15.04,ANAMNESI PERSONALE DI ALLERGIA AI FRUTTI DI MARE
V15.05,ANAMNESI PERSONALE DI ALLERGIA AD ALTRI ALIMENTI
V15.06,ANAMNESI PERSONALE DI ALLERGIA AGLI INSETTI
V15.07,ANAMNESI PERSONALE DI ALLERGIA AL LATTICE
V15.08,ANAMNESI PERSONALE DI ALLERGIA AI MEZZI DI CONTRASTO RADIOGRAFICI
V15.09,ANAMNESI PERSONALE DI ALTRA ALLERGIA DIVERSA DA QUELLA PROVOCATA DA SOSTANZE MEDICINALI
V15.1,"ANAMNESI PERSONALE DI CHIRURGIA DEL CUORE E DEI GRANDI VASI,CON RISCHIO DI MALATTIA"
V15.2,"ANAMNESI PERSONALE DI CHIRURGIA DI ALTRI ORGANI PRINCIPALI,CON RISCHIO DI MALATTIA"
V15.3,"ANAMNESI PERSONALE DI IRRADIAZIONE,CON RISCHIO DI MALATTIA"
V15.4,"ANAMNESI PERSONALE DI TRAUMA PSICHICO, CON RISCHIO DI MALATTIA"
V15.41,ANAMNESI PERSONALE DI TRAUMA PSICHICO DA VIOLENZA FISICA
V15.42,ANAMNESI PERSONALE DI TRAUMA PSICHICO DA VIOLENZA EMOTIVA
V15.49,ANAMNESI PERSONALE DI ALTRO TRAUMA PSICHICO
V15.5,"ANAMNESI PERSONALE DI TRAUMATISMO,CON RISCHIO DI MALATTIA"
V15.6,"ANAMNESI PERSONALE DI AVVELENAMENTO,CON RISCHIO DI MALATTIA"
V15.7,"ANAMNESI PERSONALE DI CONTRACCEZIONE,CON RISCHIO DI MALATTIA"
V15.8,ALTRA ANAMNESI PERSONALE SPECIFICATA CON RISCHIO DI MALATTIA
V15.81,"ANAMNESI PERSONALE DI INADEMPIMENTO DELLA CURA MEDICA,CON RISCHIO DI MALATTIA"
V15.82,ANAMNESI PERSONALE DI USO DI TABACCO
V15.84,ANAMNESI PERSONALE DI ESPOSIZIONE AD ASBESTO
V15.85,ANAMNESI PERSONALE DI ESPOSIZIONE A FLUIDI DEL CORPO POTENZIALMENTE A RISCHIO
V15.86,ANAMNESI PERSONALE DI ESPOSIZIONE A PIOMBO
V15.87,ANAMNESI PERSONALE DI OSSIGENAZIONE EXTRACORPOREA A MEMBRANA (ECMO)
V15.88,ANAMNESI PERSONALE DI CADUTA
V15.89,ALTRA ANAMNESI PERSONALE SPECIFICATA CON RISCHIO DI MALATTIA
V15.9,ANAMNESI PERSONALE NON SPECIFICATA CON RISCHIO DI MALATTIA
V16,ANAMNESI FAMILIARE DI TUMORE MALIGNO
V16.0,ANAMNESI FAMILIARE DI TUMORE MALIGNO DEL TRATTO GASTROINTESTINALE
V16.1,"ANAMNESI FAMILIARE DI TUMORE MALIGNO DI TRACHEA,BRONCHI E POLMONI"
V16.2,ANAMNESI FAMILIARE DI TUMORE MALIGNO DI ALTRI ORGANI RESPIRATORI E INTRATORACICI
V16.3,ANAMNESI FAMILIARE DI TUMORE MALIGNO DELLA MAMMELLA
V16.4,ANAMNESI FAMILIARE DI TUMORE MALIGNO DEGLI ORGANI GENITALI
V16.40,"ANAMNESI FAMILIARE DI TUMORE MALIGNO DI ORGANO GENITALE,NON SPECIFICATO"
V16.41,ANAMNESI FAMILIARE DI TUMORE MALIGNO DELL'OVAIO
V16.42,ANAMNESI FAMILIARE DI TUMORE MALIGNO DELLA PROSTATA
V16.43,ANAMNESI FAMILIARE DI TUMORE MALIGNO DEI TESTICOLI
V16.49,ANAMNESI FAMILIARE DI ALTRO TUMORE MALIGNO DEGLI ORGANI GENITALI
V16.5,ANAMNESI FAMILIARE DI TUMORE MALIGNO DEGLI ORGANI URINARI
V16.51,ANAMNESI FAMILIARE DI TUMORE MALIGNO DEL RENE
V16.59,ANAMNESI FAMILIARE DI ALTRO TUMORE MALIGNO DEGLI ORGANI URINARI
V16.6,ANAMNESI FAMILIARE DI LEUCEMIA
V16.7,ANAMNESI FAMILIARE DI ALTRI TUMORI LINFATICI E DEGLI ORGANI EMATOPOIETICI
V16.8,ANAMNESI FAMILIARE DI ALTRO TUMORE MALIGNO SPECIFICATO
V16.9,ANAMNESI FAMILIARE DI TUMORE MALIGNO NON SPECIFICATO
V17,ANAMNESI FAMILIARE DI ALCUNE MALATTIE CRONICHE INVALIDANTI
V17.0,ANAMNESI FAMILIARE DI AFFEZIONI PSICHIATRICHE
V17.1,ANAMNESI FAMILIARE DI ATTACCO CEREBROVASCOLARE
V17.2,ANAMNESI FAMILIARE DI ALTRE MALATTIE NEUROLOGICHE
V17.3,ANAMNESI FAMILIARE DI MALATTIA ISCHEMICA DEL CUORE
V17.4,ANAMNESI FAMILIARE DI ALTRE MALATTIE CARDIOVASCOLARI
V17.5,ANAMNESI FAMILIARE DI ASMA
V17.6,ANAMNESI FAMILIARE DI ALTRE MANIFESTAZIONI MORBOSE RESPIRATORIE CRONICHE
V17.7,ANAMNESI FAMILIARE DI ARTRITE
V17.8,ANAMNESI FAMILIARE DI ALTRE MALATTIE OSTEOMUSCOLARI
V17.81,ANAMNESI FAMILIARE DI OSTEOPOROSI
V17.89,ANAMNESI FAMILIARE DI ALTRE MALATTIE OSTEOMUSCOLARI
V18,ANAMNESI FAMILIARE DI ALCUNE ALTRE CONDIZIONI MORBOSE DEFINITE
V18.0,ANAMNESI FAMILIARE DI DIABETE MELLITO
V18.1,ANAMNESI FAMILIARE DI ALTRE MALATTIE ENDOCRINE E METABOLICHE
V18.2,ANAMNESI FAMILIARE DI ANEMIA
V18.3,ANAMNESI FAMILIARE DI ALTRI DISTURBI EMATICI
V18.4,ANAMNESI FAMILIARE DI OLIGOFRENIA
V18.5,ANAMNESI FAMILIARE DI DISTURBI DIGESTIVI
V18.51,ANAMNESI FAMILIARE DI POLIPI DEL COLON
V18.59,ANAMNESI FAMILIARE DI ALTRI DISTURBI DIGESTIVI
V18.6,ANAMNESI FAMILIARE DI MALATTIE RENALI
V18.61,ANAMNESI FAMILIARE DI RENE POLICISTICO
V18.69,ANAMNESI FAMILIARE DI ALTRE MALATTIE RENALI
V18.7,ANAMNESI FAMILIARE DI ALTRE MALATTIE GENITOURINARIE
V18.8,ANAMNESI FAMILIARE DI MALATTIE INFETTIVE E PARASSITARIE
V18.9,ANAMNESI FAMILIARE DI PORTATORE DI MALATTIA GENETICA
V19,ANAMNESI FAMILIARE DI ALTRE CONDIZIONI MORBOSE
V19.0,ANAMNESI FAMILIARE DI CECIT@ O ABBASSAMENTO DELLA VISTA
V19.1,ANAMNESI FAMILIARE DI ALTRI DISTURBI DELL'OCCHIO
V19.2,ANAMNESI FAMILIARE DI SORDIT@ O ABBASSAMENTO DELL'UDITO
V19.3,ANAMNESI FAMILIARE DI ALTRI DISTURBI DELL'ORECCHIO
V19.4,ANAMNESI FAMILIARE DI AFFEZIONI CUTANEE
V19.5,ANAMNESI FAMILIARE DI MALFORMAZIONI CONGENITE
V19.6,ANAMNESI FAMILIARE DI DISTURBI ALLERGICI
V19.7,ANAMNESI FAMILIARE DI CONSANGUINEIT@
V19.8,ANAMNESI FAMILIARE DI ALTRA CONDIZIONE MORBOSA
V20,CONTROLLO DELLA SALUTE DEL NEONATO O DEL BAMBINO
V20.0,CONTROLLO DELLA SALUTE DEL NEONATO O DEL BAMBINO ABBANDONATO
V20.1,CURE AD ALTRO NEONATO O BAMBINO SANO
V20.2,CONTROLLO PERIODICO DELLA SALUTE DEL NEONATO O DEL BAMBINO
V21,STATI COSTITUZIONALI DELLO SVILUPPO
V21.0,PERIODO DI ACCELERAZIONE DELLA CRESCITA NELL'INFANZIA
V21.1,PUBERT@
V21.2,ALTRO PERIODO DELL'ADOLESCENZA
V21.3,STATO DI BASSO PESO ALLA NASCITA
V21.30,"STATO DI BASSO PESO ALLA NASCITA,NON SPECIFICATO"
V21.31,"STATO DI BASSO PESO ALLA NASCITA,500 GRAMMI"
V21.32,"STATO DI BASSO PESO ALLA NASCITA,500-999 GRAMMI"
V21.33,"STATO DI BASSO PESO ALLA NASCITA,1000-1499 GRAMMI"
V21.34,"STATO DI BASSO PESO ALLA NASCITA,1500-1999 GRAMMI"
V21.35,"STATO DI BASSO PESO ALLA NASCITA,2000-2500 GRAMMI"
V21.8,ALTRI SPECIFICATI MOMENTI CRITICI DELLA CRESCITA
V21.9,MOMENTI CRITICI NON SPECIFICATI DELLA CRESCITA
V22,GRAVIDANZA NORMALE
V22.0,CONTROLLO DI PRIMA GRAVIDANZA NORMALE
V22.1,CONTROLLO DI ALTRA GRAVIDANZA NORMALE
V22.2,REPERTO ACCIDENTALE DI GRAVIDANZA
V23,CONTROLLO DI GRAVIDANZA AD ALTO RISCHIO
V23.0,CONTROLLO DI GRAVIDANZA AD ALTO RISCHIO CON ANAMNESI DI INFERTILIT@
V23.1,CONTROLLO DI GRAVIDANZA AD ALTO RISCHIO CON ANAMNESI DI MALATTIA TROFOBLASTICA
V23.2,CONTROLLO DI GRAVIDANZA AD ALTO RISCHIO CON ANAMNESI DI ABORTO
V23.3,CONTROLLO DI GRAVIDANZA AD ALTO RISCHIO CON GRANDE MULTIPARIT@
V23.4,CONTROLLO DI GRAVIDANZA AD ALTO RISCHIO CON ALTRA ANAMNESI OSTETRICA PATOLOGICA
V23.41,GRAVIDANZA CON STORIA DI TRAVAGLIO PRETERMINE
V23.49,GRAVIDANZA CON ALTRA ANAMNESI OSTETRICA PATOLOGICA
V23.5,CONTROLLO DI GRAVIDANZA AD ALTO RISCHIO CON ALTRA ANAMNESI PATOLOGICA RELATIVA ALLA RIPRODUZIONE
V23.7,CONTROLLO DI GRAVIDANZA AD ALTO RISCHIO CON INSUFFICIENTE CURA PRENATALE
V23.8,CONTROLLO DI ALTRA GRAVIDANZA AD ALTO RISCHIO
V23.81,PRIMIPARA ATTEMPATA
V23.82,MULTIGRAVIDA IN ET@ MATERNA AVANZATA
V23.83,PRIMIPARA GIOVANE
V23.84,MULTIGRAVIDA GIOVANE
V23.89,ALTRE GRAVIDANZE AD ALTO RISCHIO
V23.9,CONTROLLO DI GRAVIDANZA AD ALTO RISCHIO NON SPECIFICATO
V24,CURE ED ESAMI POSTPARTUM
V24.0,CURE ED ESAMI POSTPARTUM SUBITO DOPO IL PARTO
V24.1,CURE ED ESAMI POSTPARTUM DI MADRE CHE ALLATTA
V24.2,CONTROLLI USUALI POSTPARTUM
V25,MISURE CONTRACCETTIVE
V25.0,CONSIGLI E INFORMAZIONI GENERALI SULLE MISURE CONTRACCETTIVE
V25.01,CONSIGLI GENERALI SULLA PRESCRIZIONE DI CONTRACCETTIVI ORALI
V25.02,CONSIGLI GENERALI SULL'INIZIO DI ALTRE MISURE CONTRACCETTIVE
V25.03,CONSIGLI E PRESCRIZIONE DI CONTRACCETTIVI IN EMERGENZA
V25.09,ALTRI CONSIGLI E INFORMAZIONI GENERALI SULLE MISURE CONTRACCETTIVE
V25.1,INSERZIONE DI DISPOSITIVO CONTRACCETTIVO INTRAUTERINO
V25.2,STERILIZZAZIONE
V25.3,ESTRAZIONE MESTRUALE
V25.4,CONTROLLO DI METODI CONTRACCETTIVI PRESCRITTI IN PRECEDENZA
V25.40,CONTROLLO DELLA CONTRACCEZIONE NON SPECIFICATO
V25.41,CONTROLLO PILLOLA CONTRACCETTIVA
V25.42,CONTROLLO DI DISPOSITIVO CONTRACCETTIVO INTRAUTERINO
V25.43,CONTROLLO DI CONTRACCETTIVO IMPIANTABILE SOTTO IL DERMA
V25.49,CONTROLLO DI ALTRI METODI CONTRACCETTIVI
V25.5,INSERZIONE DI CONTRACCETTIVO IMPIANTABILE SOTTO IL DERMA
V25.8,ALTRA MISURA CONTRACCETTIVA SPECIFICATA
V25.9,MISURA CONTRACCETTIVA NON SPECIFICATA
V26,MISURE PROCREATIVE
V26.0,PLASTICA DEGLI OVIDUTTI O DEI CONDOTTI DEFERENTI DOPO STERILIZZAZIONE PRECEDENTE
V26.1,FECONDAZIONE ARTIFICIALE
V26.2,INDAGINI ED ANALISI
V26.21,TEST DI FERTILIT@
V26.22,"CURE SUCCESSIVE AL RIPRISTINO DELLA FERTILIT@ ,A SEGUITO DI STERILIZZAZIONE PREGRESSA ()"
V26.29,ALTRE INDAGINI ED ANALISI
V26.3,CONSIGLI E TEST DI GENETICA
V26.31,TEST NELLA DONNA PER LA VERIFICA DELLA CONDIZIONE DI PORTATORE DI MALATTIA GENETICA
V26.32,ALTRI TEST GENETICI NELLA DONNA
V26.33,COUNSELING GENETICO
V26.34,TEST NELL'UOMO PER LA VERIFICA DELLA CONDIZIONE DI PORTATORE DI MALATTIA GENETICA
V26.35,TEST NEL PARTNER MASCHILE CHE RENDONO CONTO DI ABORTI RICORRENTI
V26.39,ALTRI TEST GENETICI NELL'UOMO
V26.4,CONSIGLI E INFORMAZIONI GENERALI
V26.5,STATO DI STERILIZZAZIONE
V26.51,STATO DI LEGATURA DELLE TUBE ()
V26.52,STATO DI VASECTOMIA
V26.8,ALTRA MISURA PROCREATIVA SPECIFICATA
V26.9,MISURA PROCREATIVA NON SPECIFICATA
V27,ESITO DEL PARTO
V27.0,PARTO SEMPLICE: NATO VIVO
V27.1,PARTO SEMPLICE: NATO MORTO
V27.2,PARTO GEMELLARE: ENTRAMBI NATI VIVI
V27.3,PARTO GEMELLARE: UN NATO VIVO E UN NATO MORTO
V27.4,PARTO GEMELLARE: ENTRAMBI NATI MORTI
V27.5,ALTRO PARTO MULTIPLO: TUTTI NATI VIVI
V27.6,ALTRO PARTO MULTIPLO: ALCUNI NATI VIVI
V27.7,ALTRO PARTO MULTIPLO: TUTTI NATI MORTI
V27.9,"PARTO,ESITO NON SPECIFICATO"
V28,RICERCHE PRENATALI
V28.0,RICERCA PRENATALE DI ANOMALIE CROMOSOMICHE MEDIANTE AMNIOCENTESI
V28.1,RICERCA PRENATALE DI AUMENTO DEL LIVELLO DELLE ALFAFETOPROTEINE NEL LIQUIDO AMNIOTICO
V28.2,ALTRA RICERCA PRENATALE BASATA SULL'AMNIOCENTESI
V28.3,RICERCA PRENATALE DI MALFORMAZIONI PER MEZZO DEGLI ULTRASUONI
V28.4,RICERCA PRENATALE DEL RITARDO DELLA CRESCITA FETALE PER MEZZO DEGLI ULTRASUONI
V28.5,RICERCA PRENATALE DI ISOIMMUNIZZAZIONI
V28.6,RICERCA PRENATALE DI STREPTOCOCCO B
V28.8,ALTRA RICERCA PRENATALE SPECIFICATA
V28.9,RICERCA PRENATALE NON SPECIFICATA
V29,OSSERVAZIONE E VALUTAZIONE DI NEONATI PER SOSPETTO DI CONDIZIONI MORBOSE NON RISCONTRATE
V29.0,OSSERVAZIONE PER SOSPETTO DI CONDIZIONE MORBOSA INFETTIVA
V29.1,OSSERVAZIONE PER SOSPETTO DI CONDIZIONE MORBOSA NEUROLOGICA
V29.2,OSSERVAZIONE PER SOSPETTO DI CONDIZIONE MORBOSA RESPIRATORIA
V29.3,OSSERVAZIONE PER SOSPETTO DI CONDIZIONE MORBOSA GENETICA O METABOLICA
V29.8,OSSERVAZIONE PER SOSPETTO DI ALTRE MANIFESTAZIONI MORBOSE SPECIFICATE
V29.9,OSSERVAZIONE PER SOSPETTO DI MANIFESTAZIONI MORBOSE NON SPECIFICATE
V30,NATO SINGOLO
V30.0,"NATO SINGOLO, NATO IN OSPEDALE"
V30.00,"NATO SINGOLO,NATO IN OSPEDALE SENZA MENZIONE DI TAGLIO CESAREO"
V30.01,"NATO SINGOLO,NATO IN OSPEDALE CON TAGLIO CESAREO"
V30.1,"NATO SINGOLO,NATO PRIMA DELL'AMMISSIONE IN OSPEDALE"
V30.2,"NATO SINGOLO,NATO FUORI DALL'OSPEDALE E NON RICOVERATO"
V31,GEMELLO DI GEMELLO NATO VIVO
V31.0,"GEMELLO DI GEMELLO NATO VIVO, NATO IN OSPEDALE"
V31.00,"GEMELLO DI GEMELLO NATO VIVO,NATO IN OSPEDALE,SENZA MENZIONE DI TAGLIO CESAREO"
V31.01,"GEMELLO DI GEMELLO NATO VIVO,NATO IN OSPEDALE,CON TAGLIO CESAREO"
V31.1,"GEMELLO DI GEMELLO NATO VIVO,NATO PRIMA DELL'AMMISSIONE IN OSPEDALE"
V31.2,"GEMELLO DI GEMELLO NATO VIVO,NATO FUORI DALL'OSPEDALE E NON RICOVERATO"
V32,GEMELLO DI GEMELLO NATO MORTO
V32.0,"GEMELLO DI GEMELLO NATO MORTO, NATO IN OSPEDALE"
V32.00,"GEMELLO DI GEMELLO NATO MORTO,NATO IN OSPEDALE,NATO SENZA MENZIONE DI PARTO CESAREO"
V32.01,"GEMELLO DI GEMELLO NATO MORTO,NATO IN OSPEDALE,CON TAGLIO CESAREO"
V32.1,"GEMELLO DI GEMELLO NATO MORTO,NATO PRIMA DELL'AMMISSIONE IN OSPEDALE"
V32.2,"GEMELLO DI GEMELLO NATO MORTO,NATO FUORI DALL'OSPEDALE E NON RICOVERATO"
V33,GEMELLO NON SPECIFICATO SE DI GEMELLO NATO VIVO O MORTO
V33.0,"GEMELLO NON SPECIFICATO SE DI GEMELLO NATO VIVO O MORTO, NATO IN OSPEDALE"
V33.00,"GEMELLO NON SPECIFICATO SE DI GEMELLO NATO VIVO O MORTO,NATO IN OSPEDALE,NATO SENZA MENZIONE DI TAGLIO CESAREO"
V33.01,"GEMELLO NON SPECIFICATO SE DI GEMELLO NATO VIVO O MORTO,NATO IN OSPEDALE,CON TAGLIO CESAREO"
V33.1,"GEMELLO NON SPECIFICATO SE DI GEMELLO NATO VIVO O MORTO,NATO PRIMA DELL'AMMISSIONE IN OSPEDALE"
V33.2,"GEMELLO NON SPECIFICATO SE DI GEMELLO NATO VIVO O MORTO,NATO FUORI DALL'OSPEDALE E NON RICOVERATO"
V34,"ALTRO PARTO MULTIPLO (TRE O PIY), TUTTI NATI VIVI"
V34.0,"ALTRO PARTO MULTIPLO (TRE O PIY), TUTTI NATI VIVI, NATI IN OSPEDALE"
V34.00,"ALTRO PARTO MULTIPLO (TRE O PIY ),TUTTI NATI VIVI,NATI IN OSPEDALE,NATI SENZA MENZIONE DI TAGLIO CESAREO"
V34.01,"ALTRO PARTO MULTIPLO (TRE O PIY ),TUTTI NATI VIVI,NATI IN OSPEDALE,NATI CON TAGLIO CESAREO"
V34.1,"ALTRO PARTO MULTIPLO (TRE O PIY ),TUTTI NATI VIVI,NATI PRIMA DELL'AMMISSIONE IN OSPEDALE"
V34.2,"ALTRO PARTO MULTIPLO (TRE O PIY ),TUTTI NATI VIVI,NATI FUORI DALL'OSPEDALE E NON RICOVERATI"
V35,"ALTRO PARTO MULTIPLO (TRE O PIY), TUTTI NATI MORTI"
V35.0,"ALTRO PARTO MULTIPLO (TRE O PIY), TUTTI NATI MORTI, NATI IN OSPEDALE"
V35.00,"ALTRO PARTO MULTIPLO (TRE O PIY ),TUTTI NATI MORTI,NATI IN OSPEDALE,SENZA MENZIONE DI TAGLIO CESAREO"
V35.01,"ALTRO PARTO MULTIPLO (TRE O PIY ),TUTTI NATI MORTI,NATI IN OSPEDALE,CON TAGLIO CESAREO"
V35.1,"ALTRO PARTO MULTIPLO (TRE O PIY ),TUTTI NATI MORTI,NATI PRIMA DELL'AMMISSIONE IN OSPEDALE"
V35.2,"ALTRO PARTO MULTIPLO (TRE O PIY ),TUTTI NATI MORTI,NATI FUORI DALL'OSPEDALE E NON RICOVERATI"
V36,"ALTRO PARTO MULTIPLO (TRE O PIY), ALCUNI NATI VIVI E ALTRI NATI MORTI"
V36.0,"ALTRO PARTO MULTIPLO (TRE O PIY), ALCUNI NATI VIVI E ALTRI NATI MORTI, NATI IN OSPEDALE"
V36.00,"ALTRO PARTO MULTIPLO (TRE O PIY ),ALCUNI NATI VIVI E ALTRI NATI MORTI,NATI IN OSPEDALE,SENZA MENZIONE DI TAGLIO CESAREO"
V36.01,"ALTRO PARTO MULTIPLO (TRE O PIY ),ALCUNI NATI VIVI E ALTRI NATI MORTI,NATI IN OSPEDALE,CON TAGLIO CESAREO"
V36.1,"ALTRO PARTO MULTIPLO (TRE O PIY ),ALCUNI NATI VIVI E ALTRI NATI MORTI,NATI PRIMA DELL'AMMISSIONE IN OSPEDALE"
V36.2,"ALTRO PARTO MULTIPLO (TRE O PIY ),ALCUNI NATI VIVI E ALTRI NATI MORTI,NATI FUORI DALL'OSPEDALE E NON RICOVERATI"
V37,"ALTRO PARTO MULTIPLO (TRE O PIY), NON SPECIFICATO SE DI GEMELLI NATI VIVI O MORTI"
V37.0,"ALTRO PARTO MULTIPLO (TRE O PIY), NON SPECIFICATO SE DI GEMELLI NATI VIVI O MORTI, NATI IN OSPEDALE"
V37.00,"ALTRO PARTO MULTIPLO (TRE O PIY ),NON SPECIFICATO SE DI GEMELLI NATI VIVI O MORTI,NATI IN OSPEDALE,SENZA MENZIONE DI TAGLIO CESAREO"
V37.01,"ALTRO PARTO MULTIPLO (TRE O PIY ),NON SPECIFICATO SE DI GEMELLI NATI VIVI O MORTI,NATI IN OSPEDALE,CON TAGLIO CESAREO"
V37.1,"ALTRO PARTO MULTIPLO (TRE O PIY ),NON SPECIFICATO SE DI GEMELLI NATI VIVI O MORTI,NATI PRIMA DELL'AMMISSIONE IN OSPEDALE"
V37.2,"ALTRO PARTO MULTIPLO (TRE O PIY ),NON SPECIFICATO SE DI GEMELLI NATI VIVI O MORTI,NATI FUORI DALL'OSPEDALE"
V39,"NATO VIVO, NON SPECIFICATO SE SINGOLO O GEMELLO DI UNO O DI PIY GEMELLI"
V39.0,"NATO VIVO, NON SPECIFICATO SE SINGOLO O GEMELLO DI UNO O DI PIY GEMELLI, NATO IN OSPEDALE"
V39.00,"NATO VIVO,NON SPECIFICATO SE SINGOLO O GEMELLO DI UNO O DI PIY GEMELLI,NATO IN OSPEDALE SENZA MENZIONE DI TAGLIO CESAREO"
V39.01,"NATO VIVO,NON SPECIFICATO SE SINGOLO O GEMELLO DI UNO O DI PIY GEMELLI,NATO IN OSPEDALE CON TAGLIO CESAREO"
V39.1,"NATO VIVO,NON SPECIFICATO SE SINGOLO O GEMELLO DI UNO O DI PIY GEMELLI,NATO PRIMA DELL'AMMISSIONE IN OSPEDALE"
V39.2,"NATO VIVO,NON SPECIFICATO SE SINGOLO O GEMELLO DI UNO O DI PIY GEMELLI,NATO FUORI DELL'OSPEDALE E NON RICOVERATO"
V40,PROBLEMI PSICHICI E DI COMPORTAMENTO
V40.0,PROBLEMI DI APPRENDIMENTO
V40.1,PROBLEMI DI COMUNICAZIONE (COMPRESO IL LINGUAGGIO)
V40.2,ALTRI PROBLEMI PSICHICI
V40.3,ALTRI PROBLEMI DI COMPORTAMENTO
V40.9,PROBLEMA PSICHICO O DI COMPORTAMENTO NON SPECIFICATO
V41,PROBLEMI DEGLI ORGANI DEI SENSI E DI ALTRE FUNZIONI SPECIALI
V41.0,PROBLEMI DELLA VISTA
V41.1,ALTRI PROBLEMI DEGLI OCCHI
V41.2,PROBLEMI DELL'UDITO
V41.3,ALTRI PROBLEMI DELL'ORECCHIO
V41.4,PROBLEMI DELLA FONAZIONE
V41.5,PROBLEMI DELL'OLFATTO E DEL GUSTO
V41.6,PROBLEMI DELLA MASTICAZIONE E DELLA DEGLUTIZIONE
V41.7,PROBLEMI DELLA FUNZIONE SESSUALE
V41.8,ALTRI PROBLEMI DI FUNZIONI SPECIALI
V41.9,PROBLEMA NON SPECIFICATO DI FUNZIONI SPECIALI
V42,ORGANO O TESSUTO SOSTITUITO DA TRAPIANTO
V42.0,RENE SOSTITUITO DA TRAPIANTO
V42.1,CUORE SOSTITUITO DA TRAPIANTO
V42.2,VALVOLA CARDIACA SOSTITUITA DA TRAPIANTO
V42.3,PELLE SOSTITUITA DA TRAPIANTO
V42.4,OSSO SOSTITUITO DA TRAPIANTO
V42.5,CORNEA SOSTITUITA DA TRAPIANTO
V42.6,POLMONE SOSTITUITO DA TRAPIANTO
V42.7,FEGATO SOSTITUITO DA TRAPIANTO
V42.8,ALTRO ORGANO O TESSUTO SPECIFICATO SOSTITUITO DA TRAPIANTO
V42.81,MIDOLLO OSSEO SOSTITUITO DA TRAPIANTO
V42.82,CELLULE STAMINALI PERIFERICHE SOSTITUITE DA TRAPIANTO
V42.83,PANCREAS SOSTITUITO DA TRAPIANTO
V42.84,INTESTINO SOSTITUITO DA TRAPIANTO
V42.89,ALTRO DI ALTRO ORGANO O TESSUTO SPECIFICATO SOSTITUITO DA TRAPIANTO
V42.9,ORGANO O TESSUTO NON SPECIFICATO SOSTITUITO DA TRAPIANTO
V43,ORGANO O TESSUTO SOSTITUITO CON ALTRI MEZZI
V43.0,GLOBO OCULARE SOSTITUITO CON ALTRI MEZZI
V43.1,CRISTALLINO SOSTITUITO CON ALTRI MEZZI
V43.2,CUORE SOSTITUITO CON ALTRI MEZZI
V43.21,DISPOSITIVO DI ASSISTENZA CARDIACA
V43.22,CUORE ARTIFICIALE COMPLETAMENTE IMPIANTABILE
V43.3,VALVOLA CARDIACA SOSTITUITA CON ALTRI MEZZI
V43.4,VASO SANGUIGNO SOSTITUITO CON ALTRI MEZZI
V43.5,VESCICA SOSTITUITA CON ALTRI MEZZI
V43.6,ARTICOLAZIONE SOSTITUITA CON ALTRI MEZZI
V43.60,SOSTITUZIONE DI ARTICOLAZIONE NON SPECIFICATA
V43.61,SOSTITUZIONE DI ARTICOLAZIONE DELLA SPALLA
V43.62,SOSTITUZIONE DI ARTICOLAZIONE DEL GOMITO
V43.63,SOSTITUZIONE DI ARTICOLAZIONE DEL POLSO
V43.64,SOSTITUZIONE DI ARTICOLAZIONE DELL'ANCA
V43.65,SOSTITUZIONE DI ARTICOLAZIONE DEL GINOCCHIO
V43.66,SOSTITUZIONE DI ARTICOLAZIONE DELLA CAVIGLIA
V43.69,ALTRA SOSTITUZIONE DI ARTICOLAZIONE
V43.7,ARTO SOSTITUITO CON ALTRI MEZZI
V43.8,ALTRO ORGANO O TESSUTO SOSTITUITO CON ALTRI MEZZI
V43.81,PRESENZA DI SOSTITUZIONE DI LARINGE
V43.82,PRESENZA DI SOSTITUZIONE DI MAMMELLA
V43.83,PRESENZA DI SOSTITUZIONE DI PELLE ARTIFICIALE
V43.89,"PRESENZA DI SOSTITUZIONE DI ALTRO ORGANO O TESSUTO,NON CLASSIFICATO ALTROVE"
V44,PRESENZA DI APERTURE ARTIFICIALI
V44.0,PRESENZA DI TRACHEOSTOMIA
V44.1,PRESENZA DI GASTROSTOMIA
V44.2,PRESENZA DI ILEOSTOMIA
V44.3,PRESENZA DI COLOSTOMIA
V44.4,PRESENZA DI ALTRA APERTURA ARTIFICIALE DELL'APPARATO DIGERENTE
V44.5,PRESENZA DI CISTOSTOMIA
V44.50,"CISTOSTOMIA,NON SPECIFICATA"
V44.51,CUTANEO-VESCICOSTOMIA
V44.52,APPENDICO-VESCICOSTOMIA
V44.59,ALTRE CISTOSTOMIE
V44.6,PRESENZA DI ALTRA APERTURA ARTIFICIALE DELL'APPARATO URINARIO
V44.7,PRESENZA DI VAGINA ARTIFICIALE
V44.8,PRESENZA DI ALTRA APERTURA ARTIFICIALE
V44.9,PRESENZA DI APERTURA ARTIFICIALE NON SPECIFICATA
V45,ALTRE CONDIZIONI SUCCESSIVE A INTERVENTI CHIRURGICI
V45.0,DISPOSITIVO CARDIACO POSTCHIRURGICO IN SITU
V45.00,DISPOSITIVO CARDIACO NON SPECIFICATO IN SITU
V45.01,STIMOLATORE CARDIACO IN SITU
V45.02,DEFIBRILLATORE CARDIACO AUTOMATICO IMPIANTABILE IN SITU
V45.09,ALTRO DISPOSITIVO CARDIACO SPECIFICATO IN SITU
V45.1,STATO POSTCHIRURGICO DI DIALISI RENALE
V45.2,PRESENZA POSTCHIRURGICA DI DISPOSITIVO PER IL DRENAGGIO DEL LIQUIDO CEFALORACHIDEO
V45.3,PRESENZA POSTCHIRURGICA DI ANASTOMOSI O DERIVAZIONE INTESTINALE
V45.4,PRESENZA POSTCHIRURGICA DI ARTRODESI
V45.5,PRESENZA DI DISPOSITIVO CONTRACCETTIVO
V45.51,PRESENZA DI DISPOSITIVO CONTRACCETTIVO INTRAUTERINO
V45.52,PRESENZA DI IMPIANTO CONTRACCETTIVO SOTTO IL DERMA
V45.59,PRESENZA DI ALTRO DISPOSITIVO CONTRACCETTIVO
V45.6,STATI POSTCHIRURGICI SUCCESSIVI ALLA CHIRURGIA DELL'OCCHIO E DEI SUOI ANNESSI
V45.61,STATO POSTCHIRURGICO SUCCESSIVO AD ESTRAZIONE DI CATARATTA
V45.69,ALTRI STATI POSTCHIRURGICI SUCCESSIVI A CHIRURGIA DELL'OCCHIO E SUOI ANNESSI
V45.7,ASSENZA ACQUISITA DI ORGANI
V45.71,ASSENZA ACQUISITA DI ORGANI MAMMELLA
V45.72,ASSENZA ACQUISITA DI ORGANI INTESTINO (CRASSO) (TENUE)
V45.73,ASSENZA ACQUISITA DI ORGANI RENE
V45.74,ASSENZA ACQUISITA DI ORGANI ALTRE PARTI DEL TRATTO URINARIO
V45.75,ASSENZA ACQUISITA DI ORGANI STOMACO
V45.76,ASSENZA ACQUISITA DI ORGANI POLMONE
V45.77,ASSENZA ACQUISITA DI ORGANI ORGANI GENITALI
V45.78,ASSENZA ACQUISITA DI ORGANI OCCHIO
V45.79,ASSENZA ACQUISITA DI ALTRI ORGANI
V45.8,ALTRA CONDIZIONE POSTCHIRURGICA
V45.81,"ALTRE PATOLOGIE SUCCESSIVE A INTERVENTI CHIRURGICI O PROCEDURE, STATO POSTCHIRURGICO DI BYPASS AORTOCORONARICO"
V45.82,"ALTRE PATOLOGIE SUCCESSIVE A INTERVENTI CHIRURGICI O PROCEDURE,PRESENZA DI ANGIOPLASTICA CORONARICA PERCUTANEA TRANSLUMINALE"
V45.83,"ALTRE PATOLOGIE SUCCESSIVE A INTERVENTI CHIRURGICI O PROCEDURE,PRESENZA DI IMPIANTO RIMOVIBILE DI MAMMELLA"
V45.84,"ALTRE PATOLOGIE SUCCESSIVE A INTERVENTI CHIRURGICI O PROCEDURE,PRESENZA DI RIPARAZIONE ODONTOIATRICA"
V45.85,PRESENZA DI POMPA D'INSULINA
V45.86,CONDIZIONE SUCCESSIVA A CHIRURGIA BARIATRICA
V45.89,"ALTRE PATOLOGIE SUCCESSIVE A INTERVENTI CHIRURGICI O PROCEDURE,ALTRO STATO POSTCHIRURGICO"
V46,DIPENDENZA DA APPARECCHIATURE MECCANICHE
V46.0,DIPENDENZA DA ASPIRATORE
V46.1,DIPENDENZA DA RESPIRATORE
V46.11,STATO DI DIPENDENZA DA RESPIRATORE
V46.12,INSUFFICIENTE FUNZIONAMENTO DI RESPIRATORE
V46.13,DISTACCO DI RESPIRATORE[VENTILATORE]
V46.14,PROBLEMI MECCANICI DEL RESPIRATORE [VENTILATORE]
V46.2,OSSIGENO SUPPLEMENTARE
V46.8,DIPENDENZA DA ALTRI APPARECCHI
V46.9,DIPENDENZA DA APPARECCHIO NON SPECIFICATO
V47,ALTRI PROBLEMI DEGLI ORGANI INTERNI
V47.0,DEFICIENZE DI ORGANI INTERNI
V47.1,PROBLEMI MECCANICI E MOTORI DEGLI ORGANI INTERNI
V47.2,ALTRI PROBLEMI CARDIORESPIRATORI
V47.3,ALTRI PROBLEMI DIGESTIVI
V47.4,ALTRI PROBLEMI URINARI
V47.5,ALTRI PROBLEMI GENITALI
V47.9,PROBLEMI NON SPECIFICATI DEGLI ORGANI INTERNI
V48,"PROBLEMI RELATIVI ALLA TESTA, AL COLLO E AL TRONCO"
V48.0,DEFICIENZE RELATIVE ALLA TESTA
V48.1,DISFUNZIONI RELATIVE AL COLLO E AL TRONCO
V48.2,PROBLEMI MECCANICI E MOTORI DELLA TESTA
V48.3,PROBLEMI MECCANICI E MOTORI DEL COLLO E DEL TRONCO
V48.4,PROBLEMA SENSORIALE DELLA TESTA
V48.5,PROBLEMA SENSORIALE DEL COLLO E DEL TRONCO
V48.6,SFIGURAMENTI DELLA TESTA
V48.7,SFIGURAMENTI DEL COLLO E DEL TRONCO
V48.8,"ALTRI PROBLEMI RELATIVI ALLA TESTA,AL COLLO E AL TRONCO"
V48.9,"PROBLEMA NON SPECIFICATO RELATIVO ALLA TESTA,AL COLLO O AL TRONCO"
V49,PROBLEMI RELATIVI AGLI ARTI E ALTRI PROBLEMI
V49.0,DEFICIENZE RELATIVE AGLI ARTI
V49.1,PROBLEMI MECCANICI DEGLI ARTI
V49.2,PROBLEMI MOTORI DEGLI ARTI
V49.3,PROBLEMI SENSORIALI DEGLI ARTI
V49.4,SFIGURAMENTI DEGLI ARTI
V49.5,ALTRI PROBLEMI DEGLI ARTI
V49.6,AMPUTAZIONE DI ARTO SUPERIORE
V49.60,LIVELLO NON SPECIFICATO DI AMPUTAZIONE DI ARTO SUPERIORE
V49.61,AMPUTAZIONE DEL POLLICE
V49.62,AMPUTAZIONE DI ALTRO(E) DITO(A) DELLA MANO
V49.63,AMPUTAZIONE DELLA MANO
V49.64,AMPUTAZIONE DEL POLSO
V49.65,AMPUTAZIONE SOTTO IL GOMITO
V49.66,AMPUTAZIONE SOPRA IL GOMITO
V49.67,AMPUTAZIONE DELLA SPALLA
V49.7,AMPUTAZIONE DI ARTO INFERIORE
V49.70,LIVELLO NON SPECIFICATO DI AMPUTAZIONE DI ARTO INFERIORE
V49.71,AMPUTAZIONE DELL'ALLUCE
V49.72,AMPUTAZIONE DI ALTRO(E) DITO(A) DEL PIEDE
V49.73,AMPUTAZIONE DEL PIEDE
V49.74,AMPUTAZIONE DELLA CAVIGLIA
V49.75,AMPUTAZIONE SOTTO IL GINOCCHIO
V49.76,AMPUTAZIONE SOPRA IL GINOCCHIO
V49.77,AMPUTAZIONE DELL'ANCA
V49.8,ALTRI PROBLEMI SPECIFICATI CHE INFLUENZANO LO STATO DI SALUTE
V49.81,STATO POSTMENOPAUSALE ASINTOMATICO (CORRELATO ALL'ET@ ) (NATURALE)
V49.82,PRESENZA DI AMALGAMA DENTALE DI PIOMBO NELLE OTTURAZIONI
V49.83,ATTESA DI TRAPIANTO DI ORGANO
V49.84,CONDIZIONE DI ALLETTAMENTO
V49.89,ALTRI PROBLEMI SPECIFICATI CHE INFLUENZANO LO STATO DI SALUTE
V49.9,PROBLEMI NON SPECIFICATI AGLI ARTI ED ALTRI PROBLEMI
V50,INTERVENTI CHIRURGICI SENZA RAGIONI MEDICHE
V50.0,TRAPIANTO DI CAPELLI
V50.1,ALTRO INTERVENTO DI CHIRURGIA PLASTICA PER RAGIONI ESTETICHE
V50.2,CIRCONCISIONE RITUALE O DI ROUTINE
V50.3,PERFORAZIONE DEL LOBO DELL'ORECCHIO
V50.4,RIMOZIONE PROFILATTICA DI ORGANO
V50.41,RIMOZIONE PROFILATTICA DELLA MAMMELLA
V50.42,RIMOZIONE PROFILATTICA DELL'OVAIO
V50.49,RIMOZIONE PROFILATTICA DI ALTRO ORGANO
V50.8,ALTRO INTERVENTO CHIRURGICO SENZA RAGIONI MEDICHE
V50.9,INTERVENTO CHIRURGICO NON SPECIFICATO SENZA RAGIONI MEDICHE
V51,TRATTAMENTO DOPO INTERVENTO CHE RICHIEDE L'IMPIEGO DI CHIRURGIA PLASTICA
V52,COLLOCAZIONE E SISTEMAZIONE DI PROTESI
V52.0,COLLOCAZIONE E SISTEMAZIONE DI BRACCIO ARTIFICIALE (COMPLETO)(PARZIALE)
V52.1,COLLOCAZIONE E SISTEMAZIONE DI GAMBA ARTIFICIALE (COMPLETA)(PARZIALE)
V52.2,COLLOCAZIONE E SISTEMAZIONE DI OCCHIO ARTIFICIALE
V52.3,COLLOCAZIONE E SISTEMAZIONE DI PROTESI DENTARIA
V52.4,COLLOCAZIONE E SISTEMAZIONE DI PROTESI E IMPIANTO MAMMARIO
V52.8,COLLOCAZIONE E SISTEMAZIONE DI ALTRA PROTESI SPECIFICATA
V52.9,COLLOCAZIONE E SISTEMAZIONE DI PROTESI NON SPECIFICATA
V53,COLLOCAZIONE E SISTEMAZIONE DI ALTRI DISPOSITIVI
V53.0,COLLOCAZIONE E SISTEMAZIONE DI DISPOSITIVI RELATIVI AL SISTEMA NERVOSO E AGLI ORGANI DI SENSO
V53.01,COLLOCAZIONE E SISTEMAZIONE DI SHUNT (COMUNICAZIONE) VENTRICOLARE CEREBRALE
V53.02,NEUROPACEMAKER (CERVELLO) (SISTEMA NERVOSO PERIFERICO) (MIDOLLO SPINALE)
V53.09,COLLOCAZIONE E SISTEMAZIONE DI ALTRI DISPOSITIVI RELATIVI AL SISTEMA NERVOSO E AGLI ORGANI DI SENSO
V53.1,COLLOCAZIONE E SISTEMAZIONE DI OCCHIALI E LENTI A CONTATTO
V53.2,COLLOCAZIONE E SISTEMAZIONE DI APPARECCHIO UDITIVO
V53.3,COLLOCAZIONE E SISTEMAZIONE DI DISPOSITIVO CARDIACO
V53.31,COLLOCAZIONE E SISTEMAZIONE DI STIMOLATORE CARDIACO
V53.32,COLLOCAZIONE E SISTEMAZIONE DI DEFIBRILLATORE CARDIACO AUTOMATICO IMPIANTABILE
V53.39,COLLOCAZIONE E SISTEMAZIONE DI ALTRO DISPOSITIVO CARDIACO
V53.4,COLLOCAZIONE E SISTEMAZIONE DI APPARECCHI ORTODONTICI
V53.5,COLLOCAZIONE E SISTEMAZIONE DI ILEOSTOMIA O ALTRO DISPOSITIVO INTESTINALE
V53.6,COLLOCAZIONE E SISTEMAZIONE DI DISPOSITIVI URINARI
V53.7,COLLOCAZIONE E SISTEMAZIONE DI APPARECCHI ORTOPEDICI
V53.8,COLLOCAZIONE E SISTEMAZIONE DI SEDIA A ROTELLE
V53.9,COLLOCAZIONE E SISTEMAZIONE DI ALTRO E NON SPECIFICATO DISPOSITIVO
V53.90,DISPOSITIVO NON SPECIFICATO
V53.91,COLLOCAZIONE E SISTEMAZIONE DI POMPA D'INSULINA
V53.99,ALTRO DISPOSITIVO
V54,ALTRO TRATTAMENTO ORTOPEDICO ULTERIORE
V54.0,TRATTAMENTO ULTERIORE PER L'ESTRAZIONE DI UNA PLACCA O DI ALTRO DISPOSITIVO DI FISSAZIONE INTERNA
V54.01,TRATTAMENTO PER RIMOZIONE DI DISPOSITIVO DI FISSAZIONE INTERNA
V54.02,TRATTAMENTO PER L ALLUNGAMENTO/SISTEMAZIONE DI BARRA DI HARRINGTON
V54.09,ALTRO TRATTAMENTO ULTERIORE RELATIVO A DISPOSITIVO DI FISSAZIONE INTERNA
V54.1,TRATTAMENTO ULTERIORE PER LA CURA DI FRATTURA TRAUMATICA
V54.10,"TRATTAMENTO ULTERIORE PER LA CURA DI FRATTURA TRAUMATICA DELL ARTO SUPERIORE,NON SPECIFICATO"
V54.11,TRATTAMENTO ULTERIORE PER LA CURA DI FRATTURA TRAUMATICA DELLA PARTE SUPERIORE DELL ARTO SUPERIORE
V54.12,TRATTAMENTO ULTERIORE PER LA CURA DI FRATTURA TRAUMATICA DELLA PARTE INFERIORE DELL ARTO SUPERIORE
V54.13,TRATTAMENTO ULTERIORE PER LA CURA DI FRATTURA TRAUMATICA DELL ANCA
V54.14,"TRATTAMENTO ULTERIORE PER LA CURA DI FRATTURA TRAUMATICA DELL ARTO INFERIORE, NON SPECIFICATO"
V54.15,TRATTAMENTO ULTERIORE PER LA CURA DI FRATTURA TRAUMATICA DELLA PARTE SUPERIORE DELL ARTO INFERIORE
V54.16,TRATTAMENTO ULTERIORE PER LA CURA DI FRATTURA TRAUMATICA DELLA PARTE INFERIORE DELL ARTO INFERIORE
V54.17,TRATTAMENTO ULTERIORE PER LA CURA DI FRATTURA TRAUMATICA DI VERTEBRA
V54.19,TRATTAMENTO ULTERIORE PER LA CURA DI FRATTURA TRAUMATICA DI ALTRE OSSA
V54.2,TRATTAMENTO ULTERIORE PER LA CURA DI FRATTURA PATOLOGICA
V54.20,"TRATTAMENTO ULTERIORE PER LA CURA DI FRATTURA PATOLOGICA DELL ARTO SUPERIORE, NON SPECIFICATO"
V54.21,TRATTAMENTO ULTERIORE PER LA CURA DI FRATTURA PATOLOGICA DELLA PARTE SUPERIORE DELL ARTO SUPERIORE
V54.22,TRATTAMENTO ULTERIORE PER LA CURA DI FRATTURA PATOLOGICA DELLA PARTE INFERIORE DELL ARTO SUPERIORE
V54.23,TRATTAMENTO ULTERIORE PER LA CURA DI FRATTURA PATOLOGICA DELL ANCA
V54.24,"TRATTAMENTO ULTERIORE PER LA CURA DI FRATTURA PATOLOGICA DELL ARTO INFERIORE, NON SPECIFICATO"
V54.25,TRATTAMENTO ULTERIORE PER LA CURA DI FRATTURA PATOLOGICA DELLA PARTE SUPERIORE DELL ARTO INFERIORE
V54.26,TRATTAMENTO ULTERIORE PER LA CURA DI FRATTURA PATOLOGICA DELLA PARTE INFERIORE DELL ARTO INFERIORE
V54.27,TRATTAMENTO ULTERIORE PER LA CURA DI FRATTURA PATOLOGICA DI VERTEBRA
V54.29,TRATTAMENTO ULTERIORE PER LA CURA DI FRATTURA PATOLOGICA DI ALTRE OSSA
V54.8,ALTRO TRATTAMENTO ORTOPEDICO ULTERIORE
V54.81,TRATTAMENTO ULTERIORE SUCCESSIVO A SOSTITUZIONE ARTICOLARE
V54.89,ALTRI TRATTAMENTI ORTOPEDICI ULTERIORI
V54.9,TRATTAMENTO ORTOPEDICO ULTERIORE NON SPECIFICATO
V55,CONTROLLO DI APERTURE ARTIFICIALI
V55.0,CONTROLLO DI TRACHEOSTOMIA
V55.1,CONTROLLO DI GASTROSTOMIA
V55.2,CONTROLLO DI ILEOSTOMIA
V55.3,CONTROLLO DI COLOSTOMIA
V55.4,CONTROLLO DI ALTRA APERTURA ARTIFICIALE DELL'APPARATO DIGERENTE
V55.5,CONTROLLO DI CISTOSTOMIA
V55.6,CONTROLLO DI ALTRA APERTURA ARTIFICIALE DELL'APPARATO URINARIO
V55.7,CONTROLLO DI VAGINA ARTIFICIALE
V55.8,CONTROLLO DI ALTRA APERTURA ARTIFICIALE SPECIFICATA
V55.9,CONTROLLO DI APERTURA ARTIFICIALE NON SPECIFICATA
V56,TRATTAMENTO ULTERIORE CHE RICHIEDE DIALISI INTERMITTENTE
V56.0,TRATTAMENTO ULTERIORE CHE RICHIEDE DIALISI EXTRACORPOREA
V56.1,COLLOCAZIONE E SISTEMAZIONE DI CATETERE EXTRACORPOREO PER DIALISI
V56.2,COLLOCAZIONE E SISTEMAZIONE DI CATETERE PERITONEALE PER DIALISI
V56.3,VALUTAZIONE DELL'ADEGUATEZZA DELLA DIALISI
V56.31,EMODIALISI
V56.32,DIALISI PERITONEALE
V56.8,TRATTAMENTO ULTERIORE CHE RICHIEDE ALTRA DIALISI
V57,CURE RIABILITATIVE
V57.0,FISIOTERAPIA RESPIRATORIA
V57.1,ALTRA FISIOTERAPIA
V57.2,CURA CHE RICHIEDE L'IMPIEGO DI TERAPIA OCCUPAZIONALE E RIEDUCAZIONE PROFESSIONALE
V57.21,CURA CHE RICHIEDE L'IMPIEGO DI TERAPIA OCCUPAZIONALE
V57.22,CURA CHE RICHIEDE L'IMPIEGO DI TERAPIA PROFESSIONALE
V57.3,LOGOTERAPIA
V57.4,ESERCIZI ORTOTTICI
V57.8,CURA CHE RICHIEDE L'IMPIEGO DI ALTRO PROCEDIMENTO SPECIFICO DI RIABILITAZIONE
V57.81,CURA CHE RICHIEDE L'IMPIEGO DI ADDESTRAMENTO ORTOSICO
V57.89,CURA CHE RICHIEDE L'IMPIEGO DI ALTRO PROCEDIMENTO SPECIFICO DI RIABILITAZIONE
V57.9,CURA CHE RICHIEDE L'IMPIEGO DI PROCEDIMENTO DI RIABILITAZIONE NON SPECIFICATO
V58,ALTRI E NON SPECIFICATI PROCEDIMENTI E TRATTAMENTI ULTERIORI
V58.0,SESSIONE DI RADIOTERAPIA
V58.1,CHEMIOTERAPIA
V58.11,CHEMIOTERAPIA ANTINEOPLASTICA
V58.12,IMMUNOTERAPIA ANTINEOPLASTICA
V58.2,TRASFUSIONE DI SANGUE SENZA INDICAZIONE DELLA DIAGNOSI
V58.3,CONTROLLO DI FASCIATURE CHIRURGICHE E SUTURE
V58.30,SOSTITUZIONE O RIMOZIONE DI FERITA NON CHIRURGICA
V58.31,SOSTITUZIONE O RIMOZIONE DI FASCIATURA DI FERITA CHIRURGICA
V58.32,RIMOZIONE DI SUTURE
V58.4,ALTRO TRATTAMENTO POSTOPERATORIO
V58.41,CHIUSURA PROGRAMMATA DI FERITA POST-OPERATORIA
V58.42,TRATTAMENTO ULTERIORE SUCCESSIVO A CHIRURGIA PER NEOPLASIA
V58.43,TRATTAMENTO ULTERIORE SUCCESSIVO A CHIRURGIA PER TRAUMA O INCIDENTE
V58.44,TRATTAMENTO ULTERIORE SUCCESSIVO A TRAPIANTO D'ORGANO
V58.49,ALTRO TRATTAMENTO ULTERIORE POSTOPERATORIO SPECIFICATO
V58.5,TRATTAMENTO ULTERIORE DI ORTODONZIA
V58.6,USO A LUNGO TERMINE (IN CORSO) DI FARMACI
V58.61,USO A LUNGO TERMINE (IN CORSO) DI ANTICOAUGULANTI
V58.62,USO A LUNGO TERMINE (IN CORSO) DI ANTIBIOTICI
V58.63,USO A LUNGO TERMINE (IN CORSO) DI ANTITROMBOTICI/ANTIPIASTRINICI
V58.64,USO A LUNGO TERMINE (IN CORSO) DI ANTINFIAMMATORI NON STEROIDEI (NSAID)
V58.65,USO A LUNGO TERMINE (IN CORSO) DI STEROIDI
V58.66,USO A LUNGO TERMINE (IN CORSO) DI ASPIRINA
V58.67,USO A LUNGO TERMINE (IN CORSO) DI INSULINA
V58.69,USO A LUNGO TERMINE (IN CORSO) DI ALTRE CURE
V58.7,TRATTAMENTO ULTERIORE NON CLASSIFICATO ALTROVE SUCCESSIVO A CHIRURGIA DI SPECIFICI APPARATI
V58.71,TRATTAMENTO ULTERIORE SUCCESSIVO A CHIRURGIA DEGLI ORGANI DI SENSO NIA
V58.72,TRATTAMENTO ULTERIORE SUCCESSIVO A CHIRURGIA DEL SISTEMA NERVOSO NIA
V58.73,TRATTAMENTO ULTERIORE SUCCESSIVO A CHIRURGIA DEL SISTEMA CIRCOLATORIO NIA
V58.74,TRATTAMENTO ULTERIORE SUCCESSIVO A CHIRURGIA DEL SISTEMA RESPIRATORIO NIA
V58.75,"TRATTAMENTO ULTERIORE SUCCESSIVO A CHIRURGIA DEI DENTI, DELLA CAVIT@ ORALE E DEL SISTEMA DIGERENTE NIA"
V58.76,TRATTAMENTO ULTERIORE SUCCESSIVO A CHIRURGIA DEL SISTEMA GENITOURINARIO NIA
V58.77,TRATTAMENTO ULTERIORE SUCCESSIVO A CHIRURGIA DELLA CUTE E DEL TESSUTO SOTTOCUTANEO NIA
V58.78,TRATTAMENTO ULTERIORE SUCCESSIVO A CHIRURGIA DEL SISTEMA MUSCOLOSCHELETRICO NIA
V58.8,ALTRO TRATTAMENTO ULTERIORE SPECIFICATO
V58.81,COLLOCAZIONE E SISTEMAZIONE DI CATETERE VASCOLARE
V58.82,"COLLOCAZIONE E SISTEMAZIONE DI CATETERE NON VASCOLARE,NON CLASSIFICATO ALTROVE"
V58.83,TRATTAMENTO PER IL MONITORAGGIO DI FARMACI TERAPEUTICI
V58.89,ALTRO TRATTAMENTO ULTERIORE SPECIFICATO
V58.9,TRATTAMENTO ULTERIORE NON SPECIFICATO
V59,DONATORI
V59.0,DONATORI DI SANGUE
V59.01,"DONATORI DI SANGUE,IN TOTO"
V59.02,"DONATORI DI SANGUE,CELLULE STAMINALI"
V59.09,ALTRI DONATORI DI SANGUE
V59.1,DONATORI DI PELLE
V59.2,DONATORI DI OSSA
V59.3,DONATORI DI MIDOLLO OSSEO
V59.4,DONATORI DI RENE
V59.5,DONATORI DI CORNEA
V59.6,DONATORI DI FEGATO
V59.7,DONATORI DI OVOCITI
V59.70,DONATORE NON SPECIFICATO DI OVOCITI
V59.71,"DONATORE DI OVOCITI DI ET@ INFERIORE AI 35 ANNI, RICEVENTE ANONIMO"
V59.72,"DONATORE DI OVOCITI DI ET@ INFERIORE AI 35 ANNI, RICEVENTE DESIGNATO"
V59.73,"DONATORE DI OVOCITI DI ET@ PARI O SUPERIORE A 35 ANNI, RICEVENTE ANONIMO"
V59.74,"DONATORE DI OVOCITI DI ET@ PARI O SUPERIORE A 35 ANNI, RICEVENTE DESIGNATO"
V59.8,DONATORI DI ALTRO ORGANO O TESSUTO SPECIFICATO
V59.9,DONATORI DI ORGANO O TESSUTO NON SPECIFICATO
V60,"ABITAZIONE, PROBLEMI FAMILIARI ED ECONOMICI"
V60.0,MANCANZA DI ABITAZIONE
V60.1,ABITAZIONE INADEGUATA
V60.2,RISORSE MATERIALI INADEGUATE
V60.3,PERSONA CHE VIVE SOLA
V60.4,MANCANZA DI UN FAMILIARE CAPACE DI PRESTARE CURE
V60.5,CURE PER PERMETTERE LE VACANZE DI FAMILIARI
V60.6,PERSONA CHE VIVE IN ISTITUTI
V60.8,ALTRI PROBLEMI ECONOMICI O RELATIVI ALL'ABITAZIONE SPECIFICATI
V60.9,PROBLEMA ECONOMICO O RELATIVO ALL'ABITAZIONE NON SPECIFICATO
V61,ALTRI PROBLEMI FAMILIARI
V61.0,ROTTURA DEL NUCLEO FAMILIARE
V61.1,PROBLEMI CONIUGALI
V61.10,PROBLEMI CONIUGALI NON SPECIFICATI
V61.11,ABUSO DA PARTE DEL CONIUGE O DEL PARTNER
V61.12,ABUSO SUL CONIUGE O SUL PARTNER
V61.2,PROBLEMI NEL RAPPORTO GENITORI-FIGLI
V61.20,"PROBLEMA NEL RAPPORTO GENITORI-FIGLI,NON SPECIFICATO"
V61.21,MALTRATTAMENTO DEL BAMBINO
V61.22,ABUSO SUL BAMBINO DA PARTE DEL GENITORE
V61.29,ALTRI PROBLEMI NEL RAPPORTO GENITORI-FIGLI
V61.3,PROBLEMI CON I GENITORI ANZIANI O CON I SUOCERI
V61.4,PROBLEMI DI SALUTE IN FAMIGLIA
V61.41,ALCOOLISMO IN FAMIGLIA
V61.49,ALTRI PROBLEMI DI SALUTE IN FAMIGLIA
V61.5,MULTIPARIT@
V61.6,ILLEGITTIMIT@ O GRAVIDANZA ILLEGITTIMA
V61.7,ALTRA GRAVIDANZA NON DESIDERATA
V61.8,ALTRI PROBLEMI FAMILIARI SPECIFICATI
V61.9,PROBLEMA FAMILIARE NON SPECIFICATO
V62,ALTRI PROBLEMI PSICOSOCIALI
V62.0,MANCANZA DI OCCUPAZIONE
V62.1,CONSEGUENZE NEGATIVE DELL'AMBIENTE DI LAVORO
V62.2,ALTRI PROBLEMI O DISADATTAMENTO PROFESSIONALI
V62.3,PROBLEMI DELL'EDUCAZIONE
V62.4,DISADATTAMENTO SOCIALE
V62.5,PROBLEMI LEGALI
V62.6,RIFIUTO DI TRATTAMENTO PER MOTIVI RELIGIOSI O DI COSCIENZA
V62.8,"ALTRO AFFATICAMENTO PSICHICO O FISICO, NON CLASSIFICATO ALTROVE"
V62.81,"PROBLEMI INTERPERSONALI,NON CLASSIFICATI ALTROVE"
V62.82,LUTTO
V62.83,PERSONA RESPONSABILE DI ABUSO FISICO / SESSUALE
V62.84,IDEAZIONE SUICIDA
V62.89,"ALTRO AFFATICAMENTO PSICHICO O FISICO,NON CLASSIFICATO ALTROVE"
V62.9,PROBLEMA PSICOSOCIALE NON SPECIFICATO
V63,INDISPONIBILIT@ DI ALTRI SERVIZI MEDICI
V63.0,ABITAZIONE DISTANTE DA OSPEDALI O ALTRI SERVIZI MEDICI
V63.1,SERVIZI MEDICI A DOMICILIO NON DISPONIBILI
V63.2,PERSONA IN ATTESA DI RICOVERO IN ALTRO ISTITUTO PIY ADEGUATO
V63.8,ALTRI MOTIVI SPECIFICATI DI INDISPONIBILIT@ DI SERVIZI MEDICI
V63.9,MOTIVO NON SPECIFICATO DI INDISPONIBILIT@ DI SERVIZI MEDICI
V64,PERSONE CHE RICORRONO AI SERVIZI SANITARI PER INTERVENTI SPECIFICI NON ESEGUITI
V64.0,VACCINAZIONE NON ESEGUITA PER CONTROINDICAZIONE
V64.00,VACCINAZIONE NON ESEGUITA PER MOTIVI NON SPECIFICATI
V64.01,VACCINAZIONE NON ESEGUITA PER MALATTIA ACUTA
V64.02,VACCINAZIONE NON ESEGUITA PER MALATTIA O CONDIZIONE CRONICA
V64.03,VACCINAZIONE NON ESEGUITA PER LA PRESENZA DI SISTEMA IMMUNITARIO COMPROMESSO
V64.04,VACCINAZIONE NON ESEGUITA PER ALLERGIA AL VACCINO O AI SUOI COMPONENTI
V64.05,VACCINAZIONE NON ESEGUITA PER RIFIUTO DELLA PERSONA CHE SI PRENDE CURA DEL PAZIENTE
V64.06,VACCINAZIONE NON ESEGUITA PER RIFIUTO DEL PAZIENTE
V64.07,VACCINAZIONE NON ESEGUITA PER MOTIVI RELIGIOSI
V64.08,VACCINAZIONE NON ESEGUITA PER LA CONTEMPORANEA PRESENZA DELLA MALATTIA CUI H RIVOLTA LA VACCINAZIONE
V64.09,VACCINAZIONE NON ESEGUITA PER ALTRI MOTIVI
V64.1,INTERVENTO CHIRURGICO O ALTRA PROCEDURA NON ESEGUITI PER CONTROINDICAZIONE
V64.2,INTERVENTO CHIRURGICO O ALTRA PROCEDURA NON ESEGUITI PER DECISIONE DEL PAZIENTE
V64.3,PROCEDURA NON ESEGUITA PER ALTRE RAGIONI
V64.4,INTERVENTO CHIRURGICO PER VIA LAPAROSCOPICA CONVERTITO IN INTERVENTO A CIELO APERTO
V64.41,INTERVENTO CHIRURGICO PER VIA LAPAROSCOPICA CONVERTITO IN INTERVENTO A CIELO APERTO
V64.42,INTERVENTO CHIRURGICO PER VIA TORACOSCOPIA CONVERTITO IN INTERVENTO A CIELO APERTO
V64.43,INTERVENTO CHIRURGICO PER VIA ARTROSCOPICA CONVERTITO IN INTERVENTO A CIELO APERTO
V65,ALTRE PERSONE CHE ENTRANO IN CONTATTO CON I SERVIZI SANITARI SENZA MALATTIA O SOFFERENZA
V65.0,PERSONA SANA CHE ACCOMPAGNA UNA PERSONA MALATA
V65.1,PERSONA CHE ENTRA IN CONTATTO CON I SERVIZI SANITARI PER CONTO DI UN'ALTRA PERSONA
V65.11,VISITA PEDIATRICA PRENATALE PER MAMMA IN ATTESA
V65.19,ALTRA PERSONA CHE ENTRA IN CONTATTO CON I SERVIZI SANITARI PER CONTO DI UN'ALTRA PERSONA
V65.2,PERSONA CHE SIMULA MALATTIA
V65.3,CONSIGLI E CONTROLLO DELLA DIETA
V65.4,"ALTRI CONSIGLI, NON CLASSIFICATI ALTROVE"
V65.40,ALTRI CONSIGLI SPECIFICATI
V65.41,CONSIGLI SULL'ESERCIZIO FISICO
V65.42,CONSIGLI SULL'USO E ABUSO DI SOSTANZE
V65.43,CONSIGLI SULLA PREVENZIONE TRAUMATOLOGICA
V65.44,CONSIGLI SUL VIRUS DELLA IMMUNODEFICIENZA UMANA (HIV)
V65.45,CONSIGLI SU ALTRE MALATTIE TRASMESSE SESSUALMENTE
V65.46,ADDESTRAMENTO ALL'USO DI POMPA INSULINICA
V65.49,ALTRI CONSIGLI SPECIFICATI
V65.5,PERSONA CHE TEME DI ESSERE INFERMA SENZA CHE SIA STATA FATTA ALCUNA DIAGNOSI
V65.8,ALTRE RAGIONI PER ENTRARE IN CONTATTO CON I SERVIZI SANITARI
V65.9,RAGIONE NON SPECIFICATA PER ENTRARE IN CONTATTO CON I SERVIZI SANITARI
V66,CONVALESCENZA E CURE PALLIATIVE
V66.0,CONVALESCENZA SUCCESSIVA A CHIRURGIA
V66.1,CONVALESCENZA SUCCESSIVA A RADIOTERAPIA
V66.2,CONVALESCENZA SUCCESSIVA A CHEMIOTERAPIA
V66.3,CONVALESCENZA SUCCESSIVA A PSICOTERAPIA E AD ALTRO TRATTAMENTO PER DISTURBO PSICHICO
V66.4,CONVALESCENZA SUCCESSIVA A TRATTAMENTO DI FRATTURA
V66.5,CONVALESCENZA SUCCESSIVA AD ALTRO TRATTAMENTO
V66.6,CONVALESCENZA SUCCESSIVA A TRATTAMENTO MISTO
V66.7,CURE PALLIATIVE
V66.9,CONVALESCENZA NON SPECIFICATA
V67,VISITA DI CONTROLLO E DI FOLLOW UP
V67.0,VISITA DI CONTROLLO SUCCESSIVA A CHIRURGIA
V67.00,"VISITA DI CONTROLLO,SUCCESSIVA A CHIRURGIA,NON SPECIFICATA"
V67.01,FOLLOW-UP PAP-TEST VAGINALE
V67.09,VISITA DI CONTROLLO SUCCESSIVA AD ALTRA CHIRURGIA
V67.1,VISITA DI CONTROLLO SUCCESSIVA A RADIOTERAPIA
V67.2,VISITA DI CONTROLLO SUCCESSIVA A CHEMIOTERAPIA
V67.3,VISITA DI CONTROLLO SUCCESSIVA A PSICOTERAPIA E AD ALTRO TRATTAMENTO PER DISTURBO PSICHICO
V67.4,VISITA DI CONTROLLO SUCCESSIVA A TRATTAMENTO DI FRATTURA
V67.5,VISITA DI CONTROLLO SUCCESSIVA AD ALTRO TRATTAMENTO
V67.51,"VISITA DI CONTROLLO SUCCESSIVA A TRATTAMENTO CON MEDICAZIONE AD ALTO RISCHIO,NON CLASSIFICATA ALTROVE"
V67.59,ALTRA VISITA DI CONTROLLO
V67.6,TRATTAMENTO PLURIDISCIPLINARE
V67.9,VISITA DI CONTROLLO NON SPECIFICATA
V68,CONTATTI PER SCOPI AMMINISTRATIVI
V68.0,RILASCIO DI CERTIFICATI MEDICI
V68.1,RIPETIZIONE DI RICETTE
V68.2,RICHIESTA DI PERIZIA
V68.8,ALTRI CONTATTI PER SCOPI AMMINISTRATIVI SPECIFICATI
V68.81,TRASFERIMENTO DEL PAZIENTE SENZA ESAME NH TRATTAMENTO
V68.89,ALTRI CONTATTI PER SCOPI AMMINISTRATIVI SPECIFICATI
V68.9,CONTATTI PER SCOPO AMMINISTRATIVO NON SPECIFICATO
V69,PROBLEMI LEGATI ALLO STILE DI VITA
V69.0,MANCANZA DI ESERCIZIO FISICO
V69.1,DIETA E ABITUDINI ALIMENTARI INAPPROPRIATE
V69.2,COMPORTAMENTO SESSUALE AD ALTO RISCHIO
V69.3,GIOCO D'AZZARDO E SCOMMESSE
V69.4,MANCANZA DI SONNO
V69.5,INSONNIA COMPORTAMENTALE DELL'INFANZIA
V69.8,ALTRI PROBLEMI LEGATI ALLO STILE DI VITA
V69.9,PROBLEMA NON SPECIFICATO LEGATO ALLO STILE DI VITA
V70,ESAME MEDICO GENERALE
V70.0,ESAME MEDICO GENERALE DI ROUTINE IN UN SERVIZIO DI CURA
V70.1,"ESAME PSICHIATRICO GENERALE,RICHIESTO DALLE AUTORIT@"
V70.2,"ESAME PSICHIATRICO GENERALE,ALTRO E NON SPECIFICATO"
V70.3,ALTRO ESAME MEDICO GENERALE PER SCOPI AMMINISTRATIVI
V70.4,ESAME PER RAGIONI MEDICO-LEGALI
V70.5,ESAME DELLA SALUTE DI DEFINITI GRUPPI DI POPOLAZIONE
V70.6,ESAME DELLA SALUTE NEL CORSO DI INDAGINI SULLA POPOLAZIONE
V70.7,ESAME SU GRUPPI DI CONTROLLO PER RICERCHE CLINICHE
V70.8,ALTRI ESAMI MEDICI GENERALI SPECIFICATI
V70.9,ESAME MEDICO GENERALE NON SPECIFICATO
V71,OSSERVAZIONE E VALUTAZIONE PER SOSPETTO DI CONDIZIONI MORBOSE
V71.0,OSSERVAZIONE E VALUTAZIONE PER SOSPETTO DI MALATTIA MENTALE
V71.01,OSSERVAZIONE DI CONDOTTA ADULTA ANTISOCIALE
V71.02,OSSERVAZIONE DI CONDOTTA INFANTILE O ADOLESCENTE ANTISOCIALE
V71.09,OSSERVAZIONE DI ALTRA MALATTIA MENTALE SOSPETTA
V71.1,OSSERVAZIONE PER SOSPETTO DI TUMORE MALIGNO
V71.2,OSSERVAZIONE PER SOSPETTO DI TUBERCOLOSI
V71.3,OSSERVAZIONE SUCCESSIVA A INCIDENTE SUL LAVORO
V71.4,OSSERVAZIONE SUCCESSIVA AD ALTRO INCIDENTE
V71.5,OSSERVAZIONE SUCCESSIVA AD ASSERITA VIOLENZA CARNALE O SEDUZIONE
V71.6,OSSERVAZIONE SUCCESSIVA AD ALTRA LESIONE VOLONTARIA
V71.7,OSSERVAZIONE PER SOSPETTO DI MALATTIA CARDIOVASCOLARE
V71.8,OSSERVAZIONE PER SOSPETTO DI ALTRE CONDIZIONI MORBOSE SPECIFICATE
V71.81,OSSERVAZIONE PER SOSPETTO DI ABUSO E TRASCURATEZZA
V71.82,OSSERVAZIONE E VALUTAZIONE PER SOSPETTA ESPOSIZIONE AD ANTRACE
V71.83,OSSERVAZIONE E VALUTAZIONE PER SOSPETTA ESPOSIZIONE AD ALTRI AGENTI BIOLOGICI
V71.89,OSSERVAZIONE PER SOSPETTO DI ALTRE MANIFESTAZIONI MORBOSE SPECIFICATE
V71.9,OSSERVAZIONE PER SOSPETTO DI CONDIZIONE MORBOSA NON SPECIFICATA
V72,VISITE ED ESAMI SPECIALI
V72.0,ESAME DEGLI OCCHI E DELLA VISTA
V72.1,ESAME DELL'ORECCHIO E DELL'UDITO
V72.11,VALUTAZIONE DELLA FUNZIONE UDITIVA SUCCESSIVA AD ESAME ELL'UDITO ALTERATO
V72.19,ALTRO ESAME DELL'ORECCHIO E DELL'UDITO
V72.2,VISITA ODONTOIATRICA
V72.3,VISITA GINECOLOGICA
V72.31,VISITA GINECOLOGICA DI ROUTINE
V72.32,COLLOQUIO CON PAZIENTE PER IL RILIEVO DI UNO STRISCIO CERVICALE DI PAPANICOLAU NORMALE CHE FA SEGUITO A PRECEDENTE TEST ANORMALE
V72.4,"VISITA O PROVA PER LA DIAGNOSI DI GRAVIDANZA, GRAVIDANZA NON CONFERMATA"
V72.40,"VISITA O PROVA PER LA DIAGNOSI DI GRAVIDANZA, GRAVIDANZA NON CONFERMATA"
V72.41,"VISITA O PROVA PER LA DIAGNOSI DI GRAVIDANZA, RISULTATO NEGATIVO"
V72.42,"VISITA O PROVA PER LA DIAGNOSI DI GRAVIDANZA, RISULTATO POSITIVO"
V72.5,"ESAME RADIOLOGICO,NON CLASSIFICATO ALTROVE"
V72.6,ESAME DI LABORATORIO
V72.7,PROVE DIAGNOSTICHE CUTANEE E DI SENSIBILIZZAZIONE
V72.8,ALTRI ESAMI SPECIFICATI
V72.81,ESAME CARDIOVASCOLARE PREOPERATORIO
V72.82,ESAME RESPIRATORIO PREOPERATORIO
V72.83,ALTRO ESAME PREOPERATORIO SPECIFICATO
V72.84,"ESAME PREOPERATORIO,NON SPECIFICATO"
V72.85,ALTRO ESAME SPECIFICATO
V72.86,ESAME PER LA DETERMINAZIONE DEL GRUPPO SANGUIGNO
V72.9,ESAME NON SPECIFICATO
V73,ESAME SPECIALE PER L'INDIVIDUAZIONE DI MALATTIE VIRALI E DA CHLAMIDIE
V73.0,ESAME PER L'INDIVIDUAZIONE DELLA POLIOMIELITE
V73.1,ESAME PER L'INDIVIDUAZIONE DEL VAIOLO
V73.2,ESAME PER L'INDIVIDUAZIONE DEL MORBILLO
V73.3,ESAME PER L'INDIVIDUAZIONE DELLA ROSOLIA
V73.4,ESAME PER L'INDIVIDUAZIONE DELLA FEBBRE GIALLA
V73.5,ESAME PER L'INDIVIDUAZIONE DI ALTRE MALATTIE VIRALI TRASMESSE DA ARTROPODI
V73.6,ESAME PER L'INDIVIDUAZIONE DEL TRACOMA
V73.8,"ESAME PER L'INDIVIDUAZIONE DI ALTRE MALATTIE VIRALI E DA CHLAMIDIE, SPECIFICATE"
V73.88,"ALTRE MALATTIE DA CHLAMIDIE,SPECIFICATE"
V73.89,"ALTRE MALATTIE VIRALI,SPECIFICATE"
V73.9,"ESAME PER L'INDIVIDUAZIONE DI MALATTIA VIRALE E DA CHLAMIDIA, NON SPECIFICATA"
V73.98,"ESAME PER L'INDIVIDUAZIONE DI MALATTIA DA CHLAMIDIA,NON SPECIFICATA"
V73.99,"ESAME PER L'INDIVIDUAZIONE DI MALATTIA VIRALE,NON SPECIFICATA"
V74,ESAME SPECIALE PER L'INDIVIDUAZIONE DI MALATTIE BATTERICHE E DA SPIROCHETE
V74.0,ESAME PER L'INDIVIDUAZIONE DI COLERA
V74.1,ESAME PER L'INDIVIDUAZIONE DI TUBERCOLOSI POLMONARE
V74.2,ESAME PER L'INDIVIDUAZIONE DI LEBBRA (MALATTIA DI HANSEN)
V74.3,ESAME PER L'INDIVIDUAZIONE DI DIFTERITE
V74.4,ESAME PER L'INDIVIDUAZIONE DI CONGIUNTIVITE BATTERICA
V74.5,ESAME PER L'INDIVIDUAZIONE DI MALATTIA VENEREA
V74.6,ESAME PER L'INDIVIDUAZIONE DI FRAMBOESIA
V74.8,ESAME PER L'INDIVIDUAZIONE DI ALTRE MALATTIE BATTERICHE E DA SPIROCHETE SPECIFICATE
V74.9,ESAME PER L'INDIVIDUAZIONE DI MALATTIE BATTERICHE E DA SPIROCHETE NON SPECIFICATE
V75,ESAME SPECIALE PER L'INDIVIDUAZIONE DI ALTRE MALATTIE INFETTIVE
V75.0,ESAME PER L'INDIVIDUAZIONE DI RICKETTSIOSI
V75.1,ESAME PER L'INDIVIDUAZIONE DI MALARIA
V75.2,ESAME PER L'INDIVIDUAZIONE DI LEISHMANIOSI
V75.3,ESAME PER L'INDIVIDUAZIONE DI TRIPANOSOMIASI
V75.4,ESAME PER L'INDIVIDUAZIONE DI INFEZIONI MICOTICHE
V75.5,ESAME PER L'INDIVIDUAZIONE DI SCHISTOSOMIASI
V75.6,ESAME PER L'INDIVIDUAZIONE DI FILARIASI
V75.7,ESAME PER L'INDIVIDUAZIONE DI ELMINTIASI INTESTINALE
V75.8,ESAME PER L'INDIVIDUAZIONE DI ALTRE INFEZIONI PARASSITARIE SPECIFICATE
V75.9,ESAME PER L'INDIVIDUAZIONE DI MALATTIA INFETTIVA NON SPECIFICATA
V76,ESAME SPECIALE (SCREENING) PER L'INDIVIDUAZIONE DI TUMORI MALIGNI
V76.0,SCREENING PER L'INDIVIDUAZIONE DI TUMORI MALIGNI DELL'APPARATO RESPIRATORIO
V76.1,SCREENING PER L'INDIVIDUAZIONE DI TUMORI MALIGNI DELLA MAMMELLA
V76.10,"SCREENING DELLA MAMMELLA,NON SPECIFICATO"
V76.11,SCREENING MAMMOGRAFICO PER PAZIENTI AD ALTO RISCHIO
V76.12,ALTRI SCREENING MAMMOGRAFICI
V76.19,ALTRI SCREENING PER L'ESAME DELLA MAMMELLA
V76.2,SCREENING PER L'INDIVIDUAZIONE DI TUMORI MALIGNI DEL COLLO DELL'UTERO
V76.3,SCREENING PER L'INDIVIDUAZIONE DI TUMORI MALIGNI DELLA VESCICA
V76.4,SCREENING PER L'INDIVIDUAZIONE DI TUMORI MALIGNI DI ALTRE SEDI
V76.41,SCREENING PER L'INDIVIDUAZIONE DI TUMORI MALIGNI DEL RETTO
V76.42,SCREENING PER L'INDIVIDUAZIONE DI TUMORI MALIGNI DELLA CAVIT@ ORALE
V76.43,SCREENING PER L'INDIVIDUAZIONE DI TUMORI MALIGNI DELLA PELLE
V76.44,SCREENING PER L'INDIVIDUAZIONE DI TUMORE MALIGNO DELLA PROSTATA
V76.45,SCREENING PER L'INDIVIDUAZIONE DI TUMORE MALIGNO DEI TESTICOLI
V76.46,SCREENING PER L'INDIVIDUAZIONE DI TUMORE MALIGNO DELL'OVAIO
V76.47,SCREENING PER L'INDIVIDUAZIONE DI TUMORE MALIGNO DELLA VAGINA
V76.49,SCREENING PER L'INDIVIDUAZIONE DI TUMORI MALIGNI DI ALTRE SEDI
V76.5,SCREENING PER L'INDIVIDUAZIONE DI TUMORI MALIGNI DELL'INTESTINO
V76.50,"SCREENING PER L'INDIVIDUAZIONE DI TUMORI MALIGNI DELL'INTESTINO,NON SPECIFICATO"
V76.51,SCREENING PER L'INDIVIDUAZIONE DI TUMORE MALIGNO DEL COLON
V76.52,SCREENING PER L'INDIVIDUAZIONE DI TUMORE MALIGNO DELL'INTESTINO TENUE
V76.8,SCREENING PER L'INDIVIDUAZIONE DI ALTRI TUMORI MALIGNI
V76.81,SCREENING PER L'INDIVIDUAZIONE DI TUMORI MALIGNI DEL SISTEMA NERVOSO
V76.89,SCREENING PER L'INDIVIDUAZIONE DI ALTRI TUMORI MALIGNI
V76.9,SCREENING PER L'INDIVIDUAZIONE DI TUMORI MALIGNI NON SPECIFICATI
V77,"SCREENING PER L'INDIVIDUAZIONE DI DISTURBI ENDOCRINI, NUTRITIVI, METABOLICI E IMMUNITARI"
V77.0,SCREENING PER L'INDIVIDUAZIONE DI DISTURBI DELLA TIROIDE
V77.1,SCREENING PER L'INDIVIDUAZIONE DEL DIABETE MELLITO
V77.2,SCREENING PER L'INDIVIDUAZIONE DI MALNUTRIZIONE
V77.3,SCREENING PER L'INDIVIDUAZIONE DI FENILCHETONURIA
V77.4,SCREENING PER L'INDIVIDUAZIONE DI GALATTOSEMIA
V77.5,SCREENING PER L'INDIVIDUAZIONE DI GOTTA
V77.6,SCREENING PER L'INDIVIDUAZIONE DI FIBROSI CISTICA
V77.7,SCREENING PER L'INDIVIDUAZIONE DI ALTRI DISTURBI CONGENITI DEL METABOLISMO
V77.8,SCREENING PER L'INDIVIDUAZIONE DELL'OBESIT@
V77.9,"SCREENING PER L'INDIVIDUAZIONE DI ALTRI E NON SPECIFICATI DISTURBI ENDOCRINI, NUTRITIVI, METABOLICI E IMMUNITARI"
V77.91,SCREENING PER ALTERAZIONE DEI VALORI () DEI LIPIDI
V77.99,"SCREENING PER ALTRI E NON SPECIFICATI DISTURBI ENDOCRINI,NUTRITIVI,METABOLICI E IMMUNITARI"
V78,SCREENING PER L'INDIVIDUAZIONE DI DISTURBI DEL SANGUE E DEGLI ORGANI EMATOPOIETICI
V78.0,SCREENING PER L'INDIVIDUAZIONE DI ANEMIA DA CARENZA DI FERRO
V78.1,SCREENING PER L'INDIVIDUAZIONE DI ALTRA E NON SPECIFICATA ANEMIA DA CARENZA
V78.2,SCREENING PER L'INDIVIDUAZIONE DI ANEMIA A CELLULE FALCIFORMI O TRAIT FALCEMICO
V78.3,SCREENING PER L'INDIVIDUAZIONE DI ALTRE EMOGLOBINOPATIE
V78.8,SCREENING PER L'INDIVIDUAZIONE DI ALTRI DISTURBI DEL SANGUE E DEGLI ORGANI EMATOPOIETICI
V78.9,SCREENING PER L'INDIVIDUAZIONE DI DISTURBO DEL SANGUE E DEGLI ORGANI EMATOPOIETICI NON SPECIFICATO
V79,SCREENING PER L'INDIVIDUAZIONE DI DISTURBI PSICHICI E DIFETTI DELLO SVILUPPO
V79.0,SCREENING PER L'INDIVIDUAZIONE DI DEPRESSIONE
V79.1,SCREENING PER L'INDIVIDUAZIONE DI ALCOOLISMO
V79.2,SCREENING PER L'INDIVIDUAZIONE DI OLIGOFRENIA
V79.3,SCREENING PER L'INDIVIDUAZIONE DI DIFETTI DELLO SVILUPPO NELLA PRIMA FANCIULLEZZA
V79.8,SCREENING PER L'INDIVIDUAZIONE DI ALTRI DISTURBI PSICHICI E DIFETTI DELLO SVILUPPO
V79.9,SCREENING PER L'INDIVIDUAZIONE DI DISTURBO PSICHICO E DIFETTO DELLO SVILUPPO NON SPECIFICATI
V80,"SCREENING PER L'INDIVIDUAZIONE DI MALATTIE NEUROLOGICHE, DELL'OCCHIO E DELL'ORECCHIO"
V80.0,SCREENING PER L'INDIVIDUAZIONE DI MANIFESTAZIONI MORBOSE NEUROLOGICHE
V80.1,SCREENING PER L'INDIVIDUAZIONE DI GLAUCOMA
V80.2,SCREENING PER L'INDIVIDUAZIONE DI ALTRE MANIFESTAZIONI MORBOSE DELL'OCCHIO
V80.3,SCREENING PER L'INDIVIDUAZIONE DI MALATTIE DELL'ORECCHIO
V81,"SCREENING PER L'INDIVIDUAZIONE DI MALATTIE CARDIOVASCOLARI, RESPIRATORIE E GENITOURINARIE"
V81.0,SCREENING PER L'INDIVIDUAZIONE DI MALATTIA ISCHEMICA DEL CUORE
V81.1,SCREENING PER L'INDIVIDUAZIONE DI IPERTENSIONE
V81.2,SCREENING PER L'INDIVIDUAZIONE DI ALTRE E NON SPECIFICATE MANIFESTAZIONI MORBOSE CARDIOVASCOLARI
V81.3,SCREENING PER L'INDIVIDUAZIONE DI BRONCHITE CRONICA ED ENFISEMA
V81.4,SCREENING PER L'INDIVIDUAZIONE DI ALTRE E NON SPECIFICATE MANIFESTAZIONI MORBOSE DELL'APPARATO RESPIRATORIO
V81.5,SCREENING PER L'INDIVIDUAZIONE DI NEFROPATIA
V81.6,SCREENING PER L'INDIVIDUAZIONE DI ALTRE E NON SPECIFICATE MANIFESTAZIONI MORBOSE DELL'APPARATO GENITOURINARIO
V82,SCREENING PER L'INDIVIDUAZIONE DI ALTRE CONDIZIONI MORBOSE
V82.0,SCREENING PER L'INDIVIDUAZIONE DI AFFEZIONI CUTANEE
V82.1,SCREENING PER L'INDIVIDUAZIONE DI ARTRITE REUMATOIDE
V82.2,SCREENING PER L'INDIVIDUAZIONE DI ALTRI DISTURBI REUMATICI
V82.3,SCREENING PER L'INDIVIDUAZIONE DI LUSSAZIONE CONGENITA DELL'ANCA
V82.4,SCREENING MATERNO POSTNATALE PER L'INDIVIDUAZIONE DI ABERRAZIONI CROMOSOMICHE
V82.5,SCREENING PER L'INDIVIDUAZIONE DI AVVELENAMENTO CHIMICO E ALTRA CONTAMINAZIONE
V82.6,INDAGINE MULTIFASICA
V82.7,SCREENING GENETICO
V82.71,SCREENING PER L'INDIVIDUAZIONE DI PORTATORE DI MALATTIA GENETICA
V82.79,ALTRO SCREENING GENETICO
V82.8,SCREENING PER L'INDIVIDUAZIONE DI ALTRE CONDIZIONI MORBOSE SPECIFICATE
V82.81,SCREENING PER L'INDIVIDUAZIONE DI OSTEOPOROSI
V82.89,SCREENING PER L'INDIVIDUAZIONE DI ALTRE MANIFESTAZIONI MORBOSE SPECIFICATE
V82.9,SCREENING PER L'INDIVIDUAZIONE DI CONDIZIONE MORBOSA NON SPECIFICATA
V83,STATO DI PORTATORE GENETICO
V83.0,PORTATORE DI EMOFILIA A
V83.01,PORTATORE ASINTOMATICO DI EMOFILIA A
V83.02,PORTATORE SINTOMATICO DI EMOFILIA A
V83.8,PORTATORE DI ALTRA MALATTIA GENETICA
V83.81,PORTATORE DEL GENE DELLA FIBROSI CISTICA
V83.89,PORTATORE DI ALTRA MALATTIA GENETICA
V84,SUSCETTIBILITA' GENETICA ALLE MALATTIE
V84.0,SUSCETTIBILITA' GENETICA AI TUMORI MALIGNI
V84.01,SUSCETTIBILIT@ GENETICA AL TUMORE MALIGNO DELLA MAMMELLA
V84.02,SUSCETTIBILIT@ GENETICA AL TUMORE MALIGNO DELL'OVAIO
V84.03,SUSCETTIBILIT@ GENETICA AL TUMORE MALIGNO DELLA PROSTATA
V84.04,SUSCETTIBILIT@ GENETICA AL TUMORE MALIGNO DELL'ENDOMETRIO
V84.09,SUSCETTIBILIT@ GENETICA AL TUMORE MALIGNO IN ALTRE SEDI
V84.8,SUSCETTIBILIT@ GENETICA AD ALTRE MALATTIE
V85,INDICE DI MASSA CORPOREA [BMI]
V85.0,"INDICE DI MASSA CORPOREA INFERIORE A 19, ADULTI"
V85.1,"INDICE DI MASSA CORPOREA TRA 19 E 24, ADULTI"
V85.2,"INDICE DI MASSA CORPOREA TRA 25 E 29, ADULTI"
V85.21,"INDICE DI MASSA CORPOREA TRA 25.0 E 25.9, ADULTI"
V85.22,"INDICE DI MASSA CORPOREA TRA 26.0 E 26.9, ADULTI"
V85.23,"INDICE DI MASSA CORPOREA TRA 27 E 27.9, ADULTI"
V85.24,"INDICE DI MASSA CORPOREA TRA 28 E 28.9, ADULTI"
V85.25,"INDICE DI MASSA CORPOREA TRA 29 E 29.9, ADULTI"
V85.3,"INDICE DI MASSA CORPOREA TRA 30 E 39, ADULTI"
V85.30,"INDICE DI MASSA CORPOREA TRA 30.0 E 30.9, ADULTI"
V85.31,"INDICE DI MASSA CORPOREA TRA 31.0 E 31.9, ADULTI"
V85.32,"INDICE DI MASSA CORPOREA TRA 32.0 E 32.9, ADULTI"
V85.33,"INDICE DI MASSA CORPOREA TRA 33.0 E 33.9, ADULTI"
V85.34,"INDICE DI MASSA CORPOREA TRA 34.0 E 34.9, ADULTI"
V85.35,"INDICE DI MASSA CORPOREA TRA 35.0 E 35.9, ADULTI"
V85.36,"INDICE DI MASSA CORPOREA TRA 36.0 E 36.9, ADULTI"
V85.37,"INDICE DI MASSA CORPOREA TRA 37.0 E 37.9, ADULTI"
V85.38,"INDICE DI MASSA CORPOREA TRA 38.0 E 38.9, ADULTI"
V85.39,"INDICE DI MASSA CORPOREA TRA 39.0 E 39.9, ADULTI"
V85.4,"INDICE DI MASSA CORPOREA PARI O SUPERIORE A 40, ADULTI"
V85.5,"INDICE DI MASSA CORPOREA, PEDIATRICO"
V85.51,"INDICE DI MASSA CORPOREA, PEDIATRICO, INFERIORE AL 50 PERCENTILE PER ET@"
V85.52,"INDICE DI MASSA CORPOREA, PEDIATRICO, DAL 50 PERCENTILE ALL'840 PERCENTILE PER ET@"
V85.53,"INDICE DI MASSA CORPOREA, PEDIATRICO, DALL'850 PERCENTILE AL 940 PERCENTILE PER ET@"
V85.54,"INDICE DI MASSA CORPOREA, PEDIATRICO, UGUALE O SUPERIORE AL 950 PERCENTILE PER ET@"
V86,STATO DEI RECETTORI DEGLI ESTROGENI
V86.0,POSITIVIT@ DEI RECETTORI DEGLI ESTROGENI [ER+]
V86.1,NEGATIVIT@ DEI RECETTORI DEGLI ESTROGENI [ER-]
E,CLASSIFICAZIONE SUPPLEMENTARE DELLE CAUSE ESTERNE DI TRAUMATISMO E AVVELENAMENTO (E800-E999)
E800.0,INCIDENTE FERROVIARIO RIGUARDANTE LA COLLISIONE CON MATERIALE ROTABILE IMPIEGATO FERROVIARIO
E800.1,INCIDENTE FERROVIARIO RIGUARDANTE LA COLLISIONE CON MATERIALE ROTABILE PASSEGGERO SUL TRENO
E800.2,INCIDENTE FERROVIARIO RIGUARDANTE LA COLLISIONE CON MATERIALE ROTABILE PEDONE
E800.3,INCIDENTE FERROVIARIO RIGUARDANTE LA COLLISIONE CON MATERIALE ROTABILE CICLISTA
E800.8,INCIDENTE FERROVIARIO RIGUARDANTE LA COLLISIONE CON MATERIALE ROTABILE ALTRA PERSONA SPECIFICATA
E800.9,INCIDENTE FERROVIARIO RIGUARDANTE LA COLLISIONE CON MATERIALE ROTABILE PERSONA NON SPECIFICATA
E801.0,INCIDENTE FERROVIARIO RIGUARDANTE LA COLLISIONE CON ALTRI OGGETTI IMPIEGATO FERROVIARIO
E801.1,INCIDENTE FERROVIARIO RIGUARDANTE LA COLLISIONE CON ALTRI OGGETTI PASSEGGERO SUL TRENO
E801.2,INCIDENTE FERROVIARIO RIGUARDANTE LA COLLISIONE CON ALTRI OGGETTI PEDONE
E801.3,INCIDENTE FERROVIARIO RIGUARDANTE LA COLLISIONE CON ALTRI OGGETTI CICLISTA
E801.8,INCIDENTE FERROVIARIO RIGUARDANTE LA COLLISIONE CON ALTRI OGGETTI ALTRA PERSONA SPECIFICATA
E801.9,INCIDENTE FERROVIARIO RIGUARDANTE LA COLLISIONE CON ALTRI OGGETTI PERSONA NON SPECIFICATA
E802.0,INCIDENTE FERROVIARIO RIGUARDANTE DERAGLIAMENTO SENZA COLLISIONE ANTECEDENTE IMPIEGATO FERROVIARIO
E802.1,INCIDENTE FERROVIARIO RIGUARDANTE DERAGLIAMENTO SENZA COLLISIONE ANTECEDENTE PASSEGGERO SUL TRENO
E802.2,INCIDENTE FERROVIARIO RIGUARDANTE DERAGLIAMENTO SENZA COLLISIONE ANTECEDENTE PEDONE
E802.3,INCIDENTE FERROVIARIO RIGUARDANTE DERAGLIAMENTO SENZA COLLISIONE ANTECEDENTE CICLISTA
E802.8,INCIDENTE FERROVIARIO RIGUARDANTE DERAGLIAMENTO SENZA COLLISIONE ANTECEDENTE ALTRA PERSONA SPECIFICATA
E802.9,INCIDENTE FERROVIARIO RIGUARDANTE DERAGLIAMENTO SENZA COLLISIONE ANTECEDENTE PERSONA NON SPECIFICATA
E803.0,"INCIDENTE FERROVIARIO RIGUARDANTE ESPLOSIONE, FUOCO, O INCENDIO IMPIEGATO FERROVIARIO"
E803.1,"INCIDENTE FERROVIARIO RIGUARDANTE ESPLOSIONE, FUOCO, O INCENDIO PASSEGGERO SUL TRENO"
E803.2,"INCIDENTE FERROVIARIO RIGUARDANTE ESPLOSIONE, FUOCO, O INCENDIO PEDONE"
E803.3,"INCIDENTE FERROVIARIO RIGUARDANTE ESPLOSIONE, FUOCO, O INCENDIO CICLISTA"
E803.8,"INCIDENTE FERROVIARIO RIGUARDANTE ESPLOSIONE, FUOCO, O INCENDIO ALTRA PERSONA SPECIFICATA"
E803.9,"INCIDENTE FERROVIARIO RIGUARDANTE ESPLOSIONE, FUOCO, O INCENDIO PERSONA NON SPECIFICATA"
E804.0,"CADUTA IN, SU, O DA CONVOGLIO FERROVIARIO IMPIEGATO FERROVIARIO"
E804.1,"CADUTA IN, SU, O DA CONVOGLIO FERROVIARIO PASSEGGERO SUL TRENO"
E804.2,"CADUTA IN, SU, O DA CONVOGLIO FERROVIARIO PEDONE"
E804.3,"CADUTA IN, SU, O DA CONVOGLIO FERROVIARIO CICLISTA"
E804.8,"CADUTA IN, SU, O DA CONVOGLIO FERROVIARIO ALTRA PERSONA SPECIFICATA"
E804.9,"CADUTA IN, SU, O DA CONVOGLIO FERROVIARIO PERSONA NON SPECIFICATA"
E805.0,URTO CON MATERIALE ROTABILE IMPIEGATO FERROVIARIO
E805.1,URTO CON MATERIALE ROTABILE PASSEGGERO SUL TRENO
E805.2,URTO CON MATERIALE ROTABILE PEDONE
E805.3,URTO CON MATERIALE ROTABILE CICLISTA
E805.8,URTO CON MATERIALE ROTABILE ALTRA PERSONA SPECIFICATA
E805.9,URTO CON MATERIALE ROTABILE PERSONA NON SPECIFICATA
E806.0,ALTRO INCIDENTE FERROVIARIO SPECIFICATO IMPIEGATO FERROVIARIO
E806.1,ALTRO INCIDENTE FERROVIARIO SPECIFICATO PASSEGGERO SUL TRENO
E806.2,ALTRO INCIDENTE FERROVIARIO SPECIFICATO PEDONE
E806.3,ALTRO INCIDENTE FERROVIARIO SPECIFICATO CICLISTA
E806.8,ALTRO INCIDENTE FERROVIARIO SPECIFICATO ALTRA PERSONA SPECIFICATA
E806.9,ALTRO INCIDENTE FERROVIARIO SPECIFICATO PERSONA NON SPECIFICATA
E807.0,INCIDENTE FERROVIARIO DI NATURA NON SPECIFICATA IMPIEGATO FERROVIARIO
E807.1,INCIDENTE FERROVIARIO DI NATURA NON SPECIFICATA PASSEGGERO SUL TRENO
E807.2,INCIDENTE FERROVIARIO DI NATURA NON SPECIFICATA PEDONE
E807.3,INCIDENTE FERROVIARIO DI NATURA NON SPECIFICATA CICLISTA
E807.8,INCIDENTE FERROVIARIO DI NATURA NON SPECIFICATA ALTRA PERSONA SPECIFICATA
E807.9,INCIDENTE FERROVIARIO DI NATURA NON SPECIFICATA PERSONA NON SPECIFICATA
E810.0,INCIDENTE DA TRAFFICO DI VEICOLO A MOTORE RIGUARDANTE COLLISIONE CON IL TRENO CONDUCENTE DI VEICOLO A MOTORE DIVERSO DA MOTOCICLO
E810.1,INCIDENTE DA TRAFFICO DI VEICOLO A MOTORE RIGUARDANTE COLLISIONE CON IL TRENO PASSEGGERO SU VEICOLO A MOTORE DIVERSO DA MOTOCICLO
E810.2,INCIDENTE DA TRAFFICO DI VEICOLO A MOTORE RIGUARDANTE COLLISIONE CON IL TRENO MOTOCICLISTA
E810.3,INCIDENTE DA TRAFFICO DI VEICOLO A MOTORE RIGUARDANTE COLLISIONE CON IL TRENO PASSEGGERO SU  MOTOCICLO
E810.4,INCIDENTE DA TRAFFICO DI VEICOLO A MOTORE RIGUARDANTE COLLISIONE CON IL TRENO OCCUPANTE DI TRAM
E810.5,INCIDENTE DA TRAFFICO DI VEICOLO A MOTORE RIGUARDANTE COLLISIONE CON IL TRENO CONDUCENTE DI ANIMALI O OCCUPANTI DI VEICOLI GUIDATI DA ANIMALI
E810.6,INCIDENTE DA TRAFFICO DI VEICOLO A MOTORE RIGUARDANTE COLLISIONE CON IL TRENO CICLISTA
E810.7,INCIDENTE DA TRAFFICO DI VEICOLO A MOTORE RIGUARDANTE COLLISIONE CON IL TRENO PEDONE
E810.8,INCIDENTE DA TRAFFICO DI VEICOLO A MOTORE RIGUARDANTE COLLISIONE CON IL TRENO ALTRE PERSONE SPECIFICATE
E810.9,INCIDENTE DA TRAFFICO DI VEICOLO A MOTORE RIGUARDANTE COLLISIONE CON IL TRENO PERSONE NON SPECIFICATE
E811.0,INCIDENTE DA TRAFFICO DI VEICOLO A MOTORE RIENTRANTE CHE RIGUARDA LA COLLISIONE CON UN ALTRO VEICOLO A MOTORE CONDUCENTE DI VEICOLO A MOTORE DIVERSO DA MOTOCICLO
E811.1,INCIDENTE DA TRAFFICO DI VEICOLO A MOTORE RIENTRANTE CHE RIGUARDA LA COLLISIONE CON UN ALTRO VEICOLO A MOTORE PASSEGGERO SU VEICOLO A MOTORE DIVERSO DA MOTOCICLO
E811.2,INCIDENTE DA TRAFFICO DI VEICOLO A MOTORE RIENTRANTE CHE RIGUARDA LA COLLISIONE CON UN ALTRO VEICOLO A MOTORE MOTOCICLISTA
E811.3,INCIDENTE DA TRAFFICO DI VEICOLO A MOTORE RIENTRANTE CHE RIGUARDA LA COLLISIONE CON UN ALTRO VEICOLO A MOTORE PASSEGGERO SU  MOTOCICLO
E811.4,INCIDENTE DA TRAFFICO DI VEICOLO A MOTORE RIENTRANTE CHE RIGUARDA LA COLLISIONE CON UN ALTRO VEICOLO A MOTORE OCCUPANTE DI TRAM
E811.5,INCIDENTE DA TRAFFICO DI VEICOLO A MOTORE RIENTRANTE CHE RIGUARDA LA COLLISIONE CON UN ALTRO VEICOLO A MOTORE CONDUCENTE DI ANIMALI O OCCUPANTI DI VEICOLI GUIDATI DA ANIMALI
E811.6,INCIDENTE DA TRAFFICO DI VEICOLO A MOTORE RIENTRANTE CHE RIGUARDA LA COLLISIONE CON UN ALTRO VEICOLO A MOTORE CICLISTA
E811.7,INCIDENTE DA TRAFFICO DI VEICOLO A MOTORE RIENTRANTE CHE RIGUARDA LA COLLISIONE CON UN ALTRO VEICOLO A MOTORE PEDONE
E811.8,INCIDENTE DA TRAFFICO DI VEICOLO A MOTORE RIENTRANTE CHE RIGUARDA LA COLLISIONE CON UN ALTRO VEICOLO A MOTORE ALTRE PERSONE SPECIFICATE
E811.9,INCIDENTE DA TRAFFICO DI VEICOLO A MOTORE RIENTRANTE CHE RIGUARDA LA COLLISIONE CON UN ALTRO VEICOLO A MOTORE PERSONE NON SPECIFICATE
E812.0,ALTRO INCIDENTE DA TRAFFICO DI VEICOLO A MOTORE RIGUARDANTE LA COLLISIONE CON VEICOLO A MOTORE CONDUCENTE DI VEICOLO A MOTORE DIVERSO DA MOTOCICLO
E812.1,ALTRO INCIDENTE DA TRAFFICO DI VEICOLO A MOTORE RIGUARDANTE LA COLLISIONE CON VEICOLO A MOTORE PASSEGGERO SU VEICOLO A MOTORE DIVERSO DA MOTOCICLO
E812.2,ALTRO INCIDENTE DA TRAFFICO DI VEICOLO A MOTORE RIGUARDANTE LA COLLISIONE CON VEICOLO A MOTORE MOTOCICLISTA
E812.3,ALTRO INCIDENTE DA TRAFFICO DI VEICOLO A MOTORE RIGUARDANTE LA COLLISIONE CON VEICOLO A MOTORE PASSEGGERO SU  MOTOCICLO
E812.4,ALTRO INCIDENTE DA TRAFFICO DI VEICOLO A MOTORE RIGUARDANTE LA COLLISIONE CON VEICOLO A MOTORE OCCUPANTE DI TRAM
E812.5,ALTRO INCIDENTE DA TRAFFICO DI VEICOLO A MOTORE RIGUARDANTE LA COLLISIONE CON VEICOLO A MOTORE CONDUCENTE DI ANIMALI O OCCUPANTI DI VEICOLI GUIDATI DA ANIMALI
E812.6,ALTRO INCIDENTE DA TRAFFICO DI VEICOLO A MOTORE RIGUARDANTE LA COLLISIONE CON VEICOLO A MOTORE CICLISTA
E812.7,ALTRO INCIDENTE DA TRAFFICO DI VEICOLO A MOTORE RIGUARDANTE LA COLLISIONE CON VEICOLO A MOTORE PEDONE
E812.8,ALTRO INCIDENTE DA TRAFFICO DI VEICOLO A MOTORE RIGUARDANTE LA COLLISIONE CON VEICOLO A MOTORE ALTRE PERSONE SPECIFICATE
E812.9,ALTRO INCIDENTE DA TRAFFICO DI VEICOLO A MOTORE RIGUARDANTE LA COLLISIONE CON VEICOLO A MOTORE PERSONE NON SPECIFICATE
E813.0,INCIDENTE DA TRAFFICO DI VEICOLO A MOTORE RIGUARDANTE COLLISIONE CON ALTRO VEICOLO CONDUCENTE DI VEICOLO A MOTORE DIVERSO DA MOTOCICLO
E813.1,INCIDENTE DA TRAFFICO DI VEICOLO A MOTORE RIGUARDANTE COLLISIONE CON ALTRO VEICOLO PASSEGGERO SU VEICOLO A MOTORE DIVERSO DA MOTOCICLO
E813.2,INCIDENTE DA TRAFFICO DI VEICOLO A MOTORE RIGUARDANTE COLLISIONE CON ALTRO VEICOLO MOTOCICLISTA
E813.3,INCIDENTE DA TRAFFICO DI VEICOLO A MOTORE RIGUARDANTE COLLISIONE CON ALTRO VEICOLO PASSEGGERO SU  MOTOCICLO
E813.4,INCIDENTE DA TRAFFICO DI VEICOLO A MOTORE RIGUARDANTE COLLISIONE CON ALTRO VEICOLO OCCUPANTE DI TRAM
E813.5,INCIDENTE DA TRAFFICO DI VEICOLO A MOTORE RIGUARDANTE COLLISIONE CON ALTRO VEICOLO CONDUCENTE DI ANIMALI O OCCUPANTI DI VEICOLI GUIDATI DA ANIMALI
E813.6,INCIDENTE DA TRAFFICO DI VEICOLO A MOTORE RIGUARDANTE COLLISIONE CON ALTRO VEICOLO CICLISTA
E813.7,INCIDENTE DA TRAFFICO DI VEICOLO A MOTORE RIGUARDANTE COLLISIONE CON ALTRO VEICOLO PEDONE
E813.8,INCIDENTE DA TRAFFICO DI VEICOLO A MOTORE RIGUARDANTE COLLISIONE CON ALTRO VEICOLO ALTRE PERSONE SPECIFICATE
E813.9,INCIDENTE DA TRAFFICO DI VEICOLO A MOTORE RIGUARDANTE COLLISIONE CON ALTRO VEICOLO PERSONE NON SPECIFICATE
E814.0,INCIDENTE DA TRAFFICO DI VEICOLO A MOTORE RIGUARDANTE COLLISIONE CON PEDONE CONDUCENTE DI VEICOLO A MOTORE DIVERSO DA MOTOCICLO
E814.1,INCIDENTE DA TRAFFICO DI VEICOLO A MOTORE RIGUARDANTE COLLISIONE CON PEDONE PASSEGGERO SU VEICOLO A MOTORE DIVERSO DA MOTOCICLO
E814.2,INCIDENTE DA TRAFFICO DI VEICOLO A MOTORE RIGUARDANTE COLLISIONE CON PEDONE MOTOCICLISTA
E814.3,INCIDENTE DA TRAFFICO DI VEICOLO A MOTORE RIGUARDANTE COLLISIONE CON PEDONE PASSEGGERO SU  MOTOCICLO
E814.4,INCIDENTE DA TRAFFICO DI VEICOLO A MOTORE RIGUARDANTE COLLISIONE CON PEDONE OCCUPANTE DI TRAM
E814.5,INCIDENTE DA TRAFFICO DI VEICOLO A MOTORE RIGUARDANTE COLLISIONE CON PEDONE CONDUCENTE DI ANIMALI O OCCUPANTI DI VEICOLI GUIDATI DA ANIMALI
E814.6,INCIDENTE DA TRAFFICO DI VEICOLO A MOTORE RIGUARDANTE COLLISIONE CON PEDONE CICLISTA
E814.7,INCIDENTE DA TRAFFICO DI VEICOLO A MOTORE RIGUARDANTE COLLISIONE CON PEDONE PEDONE
E814.8,INCIDENTE DA TRAFFICO DI VEICOLO A MOTORE RIGUARDANTE COLLISIONE CON PEDONE ALTRE PERSONE SPECIFICATE
E814.9,INCIDENTE DA TRAFFICO DI VEICOLO A MOTORE RIGUARDANTE COLLISIONE CON PEDONE PERSONE NON SPECIFICATE
E815.0,ALTRO INCIDENTE DA TRAFFICO DI VEICOLO A MOTORE RIGUARDANTE COLLISIONE SU STRADA PUBBLICA CONDUCENTE DI VEICOLO A MOTORE DIVERSO DA MOTOCICLO
E815.1,ALTRO INCIDENTE DA TRAFFICO DI VEICOLO A MOTORE RIGUARDANTE COLLISIONE SU STRADA PUBBLICA PASSEGGERO SU VEICOLO A MOTORE DIVERSO DA MOTOCICLO
E815.2,ALTRO INCIDENTE DA TRAFFICO DI VEICOLO A MOTORE RIGUARDANTE COLLISIONE SU STRADA PUBBLICA MOTOCICLISTA
E815.3,ALTRO INCIDENTE DA TRAFFICO DI VEICOLO A MOTORE RIGUARDANTE COLLISIONE SU STRADA PUBBLICA PASSEGGERO SU  MOTOCICLO
E815.4,ALTRO INCIDENTE DA TRAFFICO DI VEICOLO A MOTORE RIGUARDANTE COLLISIONE SU STRADA PUBBLICA OCCUPANTE DI TRAM
E815.5,ALTRO INCIDENTE DA TRAFFICO DI VEICOLO A MOTORE RIGUARDANTE COLLISIONE SU STRADA PUBBLICA CONDUCENTE DI ANIMALI O OCCUPANTI DI VEICOLI GUIDATI DA ANIMALI
E815.6,ALTRO INCIDENTE DA TRAFFICO DI VEICOLO A MOTORE RIGUARDANTE COLLISIONE SU STRADA PUBBLICA CICLISTA
E815.7,ALTRO INCIDENTE DA TRAFFICO DI VEICOLO A MOTORE RIGUARDANTE COLLISIONE SU STRADA PUBBLICA PEDONE
E815.8,ALTRO INCIDENTE DA TRAFFICO DI VEICOLO A MOTORE RIGUARDANTE COLLISIONE SU STRADA PUBBLICA ALTRE PERSONE SPECIFICATE
E815.9,ALTRO INCIDENTE DA TRAFFICO DI VEICOLO A MOTORE RIGUARDANTE COLLISIONE SU STRADA PUBBLICA PERSONE NON SPECIFICATE
E816.0,"INCIDENTE DI VEICOLO A MOTORE DA TRAFFICO DOVUTO ALLA PERDITA DI CONTROLLO, SENZA COLLISIONE SULLA STRADA PUBBLICA CONDUCENTE DI VEICOLO A MOTORE DIVERSO DA MOTOCICLO"
E816.1,"INCIDENTE DI VEICOLO A MOTORE DA TRAFFICO DOVUTO ALLA PERDITA DI CONTROLLO, SENZA COLLISIONE SULLA STRADA PUBBLICA PASSEGGERO SU VEICOLO A MOTORE DIVERSO DA MOTOCICLO"
E816.2,"INCIDENTE DI VEICOLO A MOTORE DA TRAFFICO DOVUTO ALLA PERDITA DI CONTROLLO, SENZA COLLISIONE SULLA STRADA PUBBLICA MOTOCICLISTA"
E816.3,"INCIDENTE DI VEICOLO A MOTORE DA TRAFFICO DOVUTO ALLA PERDITA DI CONTROLLO, SENZA COLLISIONE SULLA STRADA PUBBLICA PASSEGGERO SU  MOTOCICLO"
E816.4,"INCIDENTE DI VEICOLO A MOTORE DA TRAFFICO DOVUTO ALLA PERDITA DI CONTROLLO, SENZA COLLISIONE SULLA STRADA PUBBLICA OCCUPANTE DI TRAM"
E816.5,"INCIDENTE DI VEICOLO A MOTORE DA TRAFFICO DOVUTO ALLA PERDITA DI CONTROLLO, SENZA COLLISIONE SULLA STRADA PUBBLICA CONDUCENTE DI ANIMALI O OCCUPANTI DI VEICOLI GUIDATI DA ANIMALI"
E816.6,"INCIDENTE DI VEICOLO A MOTORE DA TRAFFICO DOVUTO ALLA PERDITA DI CONTROLLO, SENZA COLLISIONE SULLA STRADA PUBBLICA CICLISTA"
E816.7,"INCIDENTE DI VEICOLO A MOTORE DA TRAFFICO DOVUTO ALLA PERDITA DI CONTROLLO, SENZA COLLISIONE SULLA STRADA PUBBLICA PEDONE"
E816.8,"INCIDENTE DI VEICOLO A MOTORE DA TRAFFICO DOVUTO ALLA PERDITA DI CONTROLLO, SENZA COLLISIONE SULLA STRADA PUBBLICA ALTRE PERSONE SPECIFICATE"
E816.9,"INCIDENTE DI VEICOLO A MOTORE DA TRAFFICO DOVUTO ALLA PERDITA DI CONTROLLO, SENZA COLLISIONE SULLA STRADA PUBBLICA PERSONE NON SPECIFICATE"
E817.0,INCIDENTE SENZA COLLISIONE DI VEICOLO A MOTORE DA TRAFFICO MENTRE SI SALE A BORDO O SI SCENDE CONDUCENTE DI VEICOLO A MOTORE DIVERSO DA MOTOCICLO
E817.1,INCIDENTE SENZA COLLISIONE DI VEICOLO A MOTORE DA TRAFFICO MENTRE SI SALE A BORDO O SI SCENDE PASSEGGERO SU VEICOLO A MOTORE DIVERSO DA MOTOCICLO
E817.2,INCIDENTE SENZA COLLISIONE DI VEICOLO A MOTORE DA TRAFFICO MENTRE SI SALE A BORDO O SI SCENDE MOTOCICLISTA
E817.3,INCIDENTE SENZA COLLISIONE DI VEICOLO A MOTORE DA TRAFFICO MENTRE SI SALE A BORDO O SI SCENDE PASSEGGERO SU  MOTOCICLO
E817.4,INCIDENTE SENZA COLLISIONE DI VEICOLO A MOTORE DA TRAFFICO MENTRE SI SALE A BORDO O SI SCENDE OCCUPANTE DI TRAM
E817.5,INCIDENTE SENZA COLLISIONE DI VEICOLO A MOTORE DA TRAFFICO MENTRE SI SALE A BORDO O SI SCENDE CONDUCENTE DI ANIMALI O OCCUPANTI DI VEICOLI GUIDATI DA ANIMALI
E817.6,INCIDENTE SENZA COLLISIONE DI VEICOLO A MOTORE DA TRAFFICO MENTRE SI SALE A BORDO O SI SCENDE CICLISTA
E817.7,INCIDENTE SENZA COLLISIONE DI VEICOLO A MOTORE DA TRAFFICO MENTRE SI SALE A BORDO O SI SCENDE PEDONE
E817.8,INCIDENTE SENZA COLLISIONE DI VEICOLO A MOTORE DA TRAFFICO MENTRE SI SALE A BORDO O SI SCENDE ALTRE PERSONE SPECIFICATE
E817.9,INCIDENTE SENZA COLLISIONE DI VEICOLO A MOTORE DA TRAFFICO MENTRE SI SALE A BORDO O SI SCENDE PERSONE NON SPECIFICATE
E818.0,ALTRO INCIDENTE SENZA COLLISIONE DI VEICOLO A MOTORE DA TRAFFICO CONDUCENTE DI VEICOLO A MOTORE DIVERSO DA MOTOCICLO
E818.1,ALTRO INCIDENTE SENZA COLLISIONE DI VEICOLO A MOTORE DA TRAFFICO PASSEGGERO SU VEICOLO A MOTORE DIVERSO DA MOTOCICLO
E818.2,ALTRO INCIDENTE SENZA COLLISIONE DI VEICOLO A MOTORE DA TRAFFICO MOTOCICLISTA
E818.3,ALTRO INCIDENTE SENZA COLLISIONE DI VEICOLO A MOTORE DA TRAFFICO PASSEGGERO SU  MOTOCICLO
E818.4,ALTRO INCIDENTE SENZA COLLISIONE DI VEICOLO A MOTORE DA TRAFFICO OCCUPANTE DI TRAM
E818.5,ALTRO INCIDENTE SENZA COLLISIONE DI VEICOLO A MOTORE DA TRAFFICO CONDUCENTE DI ANIMALI O OCCUPANTI DI VEICOLI GUIDATI DA ANIMALI
E818.6,ALTRO INCIDENTE SENZA COLLISIONE DI VEICOLO A MOTORE DA TRAFFICO CICLISTA
E818.7,ALTRO INCIDENTE SENZA COLLISIONE DI VEICOLO A MOTORE DA TRAFFICO PEDONE
E818.8,ALTRO INCIDENTE SENZA COLLISIONE DI VEICOLO A MOTORE DA TRAFFICO ALTRE PERSONE SPECIFICATE
E818.9,ALTRO INCIDENTE SENZA COLLISIONE DI VEICOLO A MOTORE DA TRAFFICO PERSONE NON SPECIFICATE
E819.0,INCIDENTE DA VEICOLO A MOTORE DA TRAFFICO DI NATURA NON SPECIFICATA CONDUCENTE DI VEICOLO A MOTORE DIVERSO DA MOTOCICLO
E819.1,INCIDENTE DA VEICOLO A MOTORE DA TRAFFICO DI NATURA NON SPECIFICATA PASSEGGERO SU VEICOLO A MOTORE DIVERSO DA MOTOCICLO
E819.2,INCIDENTE DA VEICOLO A MOTORE DA TRAFFICO DI NATURA NON SPECIFICATA MOTOCICLISTA
E819.3,INCIDENTE DA VEICOLO A MOTORE DA TRAFFICO DI NATURA NON SPECIFICATA PASSEGGERO SU  MOTOCICLO
E819.4,INCIDENTE DA VEICOLO A MOTORE DA TRAFFICO DI NATURA NON SPECIFICATA OCCUPANTE DI TRAM
E819.5,INCIDENTE DA VEICOLO A MOTORE DA TRAFFICO DI NATURA NON SPECIFICATA CONDUCENTE DI ANIMALI O OCCUPANTI DI VEICOLI GUIDATI DA ANIMALI
E819.6,INCIDENTE DA VEICOLO A MOTORE DA TRAFFICO DI NATURA NON SPECIFICATA CICLISTA
E819.7,INCIDENTE DA VEICOLO A MOTORE DA TRAFFICO DI NATURA NON SPECIFICATA PEDONE
E819.8,INCIDENTE DA VEICOLO A MOTORE DA TRAFFICO DI NATURA NON SPECIFICATA ALTRE PERSONE SPECIFICATE
E819.9,INCIDENTE DA VEICOLO A MOTORE DA TRAFFICO DI NATURA NON SPECIFICATA PERSONE NON SPECIFICATE
E820.0,INCIDENTE NON DA TRAFFICO RIGUARDANTE VEICOLO A MOTORE DA NEVE CONDUCENTE DI VEICOLO A MOTORE DIVERSO DA MOTOCICLO
E820.1,INCIDENTE NON DA TRAFFICO RIGUARDANTE VEICOLO A MOTORE DA NEVE PASSEGGERO SU VEICOLO A MOTORE DIVERSO DA MOTOCICLO
E820.2,INCIDENTE NON DA TRAFFICO RIGUARDANTE VEICOLO A MOTORE DA NEVE MOTOCICLISTA
E820.3,INCIDENTE NON DA TRAFFICO RIGUARDANTE VEICOLO A MOTORE DA NEVE PASSEGGERO SU  MOTOCICLO
E820.4,INCIDENTE NON DA TRAFFICO RIGUARDANTE VEICOLO A MOTORE DA NEVE OCCUPANTE DI TRAM
E820.5,INCIDENTE NON DA TRAFFICO RIGUARDANTE VEICOLO A MOTORE DA NEVE CONDUCENTE DI ANIMALI O OCCUPANTI DI VEICOLI GUIDATI DA ANIMALI
E820.6,INCIDENTE NON DA TRAFFICO RIGUARDANTE VEICOLO A MOTORE DA NEVE CICLISTA
E820.7,INCIDENTE NON DA TRAFFICO RIGUARDANTE VEICOLO A MOTORE DA NEVE PEDONE
E820.8,INCIDENTE NON DA TRAFFICO RIGUARDANTE VEICOLO A MOTORE DA NEVE ALTRE PERSONE SPECIFICATE
E820.9,INCIDENTE NON DA TRAFFICO RIGUARDANTE VEICOLO A MOTORE DA NEVE PERSONE NON SPECIFICATE
E821.0,INCIDENTE NON DA TRAFFICO RIGUARDANTE ALTRO VEICOLO A MOTORE FUORISTRADA CONDUCENTE DI VEICOLO A MOTORE DIVERSO DA MOTOCICLO
E821.1,INCIDENTE NON DA TRAFFICO RIGUARDANTE ALTRO VEICOLO A MOTORE FUORISTRADA PASSEGGERO SU VEICOLO A MOTORE DIVERSO DA MOTOCICLO
E821.2,INCIDENTE NON DA TRAFFICO RIGUARDANTE ALTRO VEICOLO A MOTORE FUORISTRADA MOTOCICLISTA
E821.3,INCIDENTE NON DA TRAFFICO RIGUARDANTE ALTRO VEICOLO A MOTORE FUORISTRADA PASSEGGERO SU  MOTOCICLO
E821.4,INCIDENTE NON DA TRAFFICO RIGUARDANTE ALTRO VEICOLO A MOTORE FUORISTRADA OCCUPANTE DI TRAM
E821.5,INCIDENTE NON DA TRAFFICO RIGUARDANTE ALTRO VEICOLO A MOTORE FUORISTRADA CONDUCENTE DI ANIMALI O OCCUPANTI DI VEICOLI GUIDATI DA ANIMALI
E821.6,INCIDENTE NON DA TRAFFICO RIGUARDANTE ALTRO VEICOLO A MOTORE FUORISTRADA CICLISTA
E821.7,INCIDENTE NON DA TRAFFICO RIGUARDANTE ALTRO VEICOLO A MOTORE FUORISTRADA PEDONE
E821.8,INCIDENTE NON DA TRAFFICO RIGUARDANTE ALTRO VEICOLO A MOTORE FUORISTRADA ALTRE PERSONE SPECIFICATE
E821.9,INCIDENTE NON DA TRAFFICO RIGUARDANTE ALTRO VEICOLO A MOTORE FUORISTRADA PERSONE NON SPECIFICATE
E822.0,ALTRO VEICOLO A MOTORE NON ADIBITO AL TRAFFICO COINVOLTO IN INCIDENTE DA COLLISIONE CON OGGETTO IN MOVIMENTO CONDUCENTE DI VEICOLO A MOTORE DIVERSO DA MOTOCICLO
E822.1,ALTRO VEICOLO A MOTORE NON ADIBITO AL TRAFFICO COINVOLTO IN INCIDENTE DA COLLISIONE CON OGGETTO IN MOVIMENTO PASSEGGERO SU VEICOLO A MOTORE DIVERSO DA MOTOCICLO
E822.2,ALTRO VEICOLO A MOTORE NON ADIBITO AL TRAFFICO COINVOLTO IN INCIDENTE DA COLLISIONE CON OGGETTO IN MOVIMENTO MOTOCICLISTA
E822.3,ALTRO VEICOLO A MOTORE NON ADIBITO AL TRAFFICO COINVOLTO IN INCIDENTE DA COLLISIONE CON OGGETTO IN MOVIMENTO PASSEGGERO SU  MOTOCICLO
E822.4,ALTRO VEICOLO A MOTORE NON ADIBITO AL TRAFFICO COINVOLTO IN INCIDENTE DA COLLISIONE CON OGGETTO IN MOVIMENTO OCCUPANTE DI TRAM
E822.5,ALTRO VEICOLO A MOTORE NON ADIBITO AL TRAFFICO COINVOLTO IN INCIDENTE DA COLLISIONE CON OGGETTO IN MOVIMENTO CONDUCENTE DI ANIMALI O OCCUPANTI DI VEICOLI GUIDATI DA ANIMALI
E822.6,ALTRO VEICOLO A MOTORE NON ADIBITO AL TRAFFICO COINVOLTO IN INCIDENTE DA COLLISIONE CON OGGETTO IN MOVIMENTO CICLISTA
E822.7,ALTRO VEICOLO A MOTORE NON ADIBITO AL TRAFFICO COINVOLTO IN INCIDENTE DA COLLISIONE CON OGGETTO IN MOVIMENTO PEDONE
E822.8,ALTRO VEICOLO A MOTORE NON ADIBITO AL TRAFFICO COINVOLTO IN INCIDENTE DA COLLISIONE CON OGGETTO IN MOVIMENTO ALTRE PERSONE SPECIFICATE
E822.9,ALTRO VEICOLO A MOTORE NON ADIBITO AL TRAFFICO COINVOLTO IN INCIDENTE DA COLLISIONE CON OGGETTO IN MOVIMENTO PERSONE NON SPECIFICATE
E823.0,ALTRO VEICOLO A MOTORE COINVOLTO IN INCIDENTE NON DA TRAFFICO IN COLLISIONE CON OGGETTO FERMO CONDUCENTE DI VEICOLO A MOTORE DIVERSO DA MOTOCICLO
E823.1,ALTRO VEICOLO A MOTORE COINVOLTO IN INCIDENTE NON DA TRAFFICO IN COLLISIONE CON OGGETTO FERMO PASSEGGERO SU VEICOLO A MOTORE DIVERSO DA MOTOCICLO
E823.2,ALTRO VEICOLO A MOTORE COINVOLTO IN INCIDENTE NON DA TRAFFICO IN COLLISIONE CON OGGETTO FERMO MOTOCICLISTA
E823.3,ALTRO VEICOLO A MOTORE COINVOLTO IN INCIDENTE NON DA TRAFFICO IN COLLISIONE CON OGGETTO FERMO PASSEGGERO SU  MOTOCICLO
E823.4,ALTRO VEICOLO A MOTORE COINVOLTO IN INCIDENTE NON DA TRAFFICO IN COLLISIONE CON OGGETTO FERMO OCCUPANTE DI TRAM
E823.5,ALTRO VEICOLO A MOTORE COINVOLTO IN INCIDENTE NON DA TRAFFICO IN COLLISIONE CON OGGETTO FERMO CONDUCENTE DI ANIMALI O OCCUPANTI DI VEICOLI GUIDATI DA ANIMALI
E823.6,ALTRO VEICOLO A MOTORE COINVOLTO IN INCIDENTE NON DA TRAFFICO IN COLLISIONE CON OGGETTO FERMO CICLISTA
E823.7,ALTRO VEICOLO A MOTORE COINVOLTO IN INCIDENTE NON DA TRAFFICO IN COLLISIONE CON OGGETTO FERMO PEDONE
E823.8,ALTRO VEICOLO A MOTORE COINVOLTO IN INCIDENTE NON DA TRAFFICO IN COLLISIONE CON OGGETTO FERMO ALTRE PERSONE SPECIFICATE
E823.9,ALTRO VEICOLO A MOTORE COINVOLTO IN INCIDENTE NON DA TRAFFICO IN COLLISIONE CON OGGETTO FERMO PERSONE NON SPECIFICATE
E824.0,INCIDENTE NON DA TRAFFICO DI ALTRO VEICOLO A MOTORE MENTRE SI SALE A BORDO O SI SCENDE CONDUCENTE DI VEICOLO A MOTORE DIVERSO DA MOTOCICLO
E824.1,INCIDENTE NON DA TRAFFICO DI ALTRO VEICOLO A MOTORE MENTRE SI SALE A BORDO O SI SCENDE PASSEGGERO SU VEICOLO A MOTORE DIVERSO DA MOTOCICLO
E824.2,INCIDENTE NON DA TRAFFICO DI ALTRO VEICOLO A MOTORE MENTRE SI SALE A BORDO O SI SCENDE MOTOCICLISTA
E824.3,INCIDENTE NON DA TRAFFICO DI ALTRO VEICOLO A MOTORE MENTRE SI SALE A BORDO O SI SCENDE PASSEGGERO SU  MOTOCICLO
E824.4,INCIDENTE NON DA TRAFFICO DI ALTRO VEICOLO A MOTORE MENTRE SI SALE A BORDO O SI SCENDE OCCUPANTE DI TRAM
E824.5,INCIDENTE NON DA TRAFFICO DI ALTRO VEICOLO A MOTORE MENTRE SI SALE A BORDO O SI SCENDE CONDUCENTE DI ANIMALI O OCCUPANTI DI VEICOLI GUIDATI DA ANIMALI
E824.6,INCIDENTE NON DA TRAFFICO DI ALTRO VEICOLO A MOTORE MENTRE SI SALE A BORDO O SI SCENDE CICLISTA
E824.7,INCIDENTE NON DA TRAFFICO DI ALTRO VEICOLO A MOTORE MENTRE SI SALE A BORDO O SI SCENDE PEDONE
E824.8,INCIDENTE NON DA TRAFFICO DI ALTRO VEICOLO A MOTORE MENTRE SI SALE A BORDO O SI SCENDE ALTRE PERSONE SPECIFICATE
E824.9,INCIDENTE NON DA TRAFFICO DI ALTRO VEICOLO A MOTORE MENTRE SI SALE A BORDO O SI SCENDE PERSONE NON SPECIFICATE
E825.0,ALTRO INCIDENTE NON DA TRAFFICO DI VEICOLO A MOTORE DI ALTRA NON SPECIFICATA CONDUCENTE DI VEICOLO A MOTORE DIVERSO DA MOTOCICLO
E825.1,ALTRO INCIDENTE NON DA TRAFFICO DI VEICOLO A MOTORE DI ALTRA NON SPECIFICATA PASSEGGERO SU VEICOLO A MOTORE DIVERSO DA MOTOCICLO
E825.2,ALTRO INCIDENTE NON DA TRAFFICO DI VEICOLO A MOTORE DI ALTRA NON SPECIFICATA MOTOCICLISTA
E825.3,ALTRO INCIDENTE NON DA TRAFFICO DI VEICOLO A MOTORE DI ALTRA NON SPECIFICATA PASSEGGERO SU  MOTOCICLO
E825.4,ALTRO INCIDENTE NON DA TRAFFICO DI VEICOLO A MOTORE DI ALTRA NON SPECIFICATA OCCUPANTE DI TRAM
E825.5,ALTRO INCIDENTE NON DA TRAFFICO DI VEICOLO A MOTORE DI ALTRA NON SPECIFICATA CONDUCENTE DI ANIMALI O OCCUPANTI DI VEICOLI GUIDATI DA ANIMALI
E825.6,ALTRO INCIDENTE NON DA TRAFFICO DI VEICOLO A MOTORE DI ALTRA NON SPECIFICATA CICLISTA
E825.7,ALTRO INCIDENTE NON DA TRAFFICO DI VEICOLO A MOTORE DI ALTRA NON SPECIFICATA PEDONE
E825.8,ALTRO INCIDENTE NON DA TRAFFICO DI VEICOLO A MOTORE DI ALTRA NON SPECIFICATA ALTRE PERSONE SPECIFICATE
E825.9,ALTRO INCIDENTE NON DA TRAFFICO DI VEICOLO A MOTORE DI ALTRA NON SPECIFICATA PERSONE NON SPECIFICATE
E826.0,INCIDENTE CON CICLI A PEDALI DI PEDONE
E826.1,INCIDENTE CON CICLI A PEDALI DI CICLISTA
E826.2,INCIDENTE CON CICLI A PEDALI DI PERSONA A CAVALLO DI ANIMALE
E826.3,INCIDENTE CON CICLI A PEDALI DI OCCUPANTE DI VEICOLO GUIDATO DA ANIMALE
E826.4,INCIDENTE CON CICLI A PEDALI DI OCCUPANTE DI TRAM
E826.8,INCIDENTE CON CICLI A PEDALI DI ALTRA PERSONA SPECIFICATA
E826.9,INCIDENTE CON CICLI A PEDALI DI PERSONA NON SPECIFICATA
E827.0,INCIDENTE DI VEICOLO A TRAZIONE ANIMALE CON PEDONE
E827.2,INCIDENTE DI VEICOLO A TRAZIONE ANIMALE CON PERSONA A CAVALLO DI ANIMALE
E827.3,INCIDENTE DI VEICOLO A TRAZIONE ANIMALE CON OCCUPANTE DI VEICOLO GUIDATO DA ANIMALE
E827.4,INCIDENTE DI VEICOLO A TRAZIONE ANIMALE CON OCCUPANTE DI TRAM
E827.8,INCIDENTE DI VEICOLO A TRAZIONE ANIMALE CON ALTRA PERSONA SPECIFICATA
E827.9,INCIDENTE DI VEICOLO A TRAZIONE ANIMALE CON PERSONA NON SPECIFICATA
E828.0,INCIDENTE DI ANIMALI CAVALCATI CON PEDONE
E828.2,INCIDENTE DI ANIMALI CAVALCATI CON PERSONA A CAVALLO DI ANIMALE
E828.4,INCIDENTE DI ANIMALI CAVALCATI CON OCCUPANTE DI TRAM
E828.8,INCIDENTE DI ANIMALI CAVALCATI CON ALTRA PERSONA SPECIFICATA
E828.9,INCIDENTE DI ANIMALI CAVALCATI CON PERSONA NON SPECIFICATA
E829.0,ALTRI INCIDENTI DI VEICOLI STRADALI CON PEDONE
E829.4,ALTRI INCIDENTI DI VEICOLI STRADALI CON OCCUPANTE DI TRAM
E829.8,ALTRI INCIDENTI DI VEICOLI STRADALI CON ALTRA PERSONA SPECIFICATA
E829.9,ALTRI INCIDENTI DI VEICOLI STRADALI CON PERSONA NON SPECIFICATA
E830.0,"INCIDENTE DI IMBARCAZIONE CAUSANTE IMMERSIONE OCCUPANTE DI PICCOLE BARCHE, DEPOTENZIATE"
E830.1,"INCIDENTE DI IMBARCAZIONE CAUSANTE IMMERSIONE OCCUPANTE DI PICCOLE BARCHE, POTENZIATE"
E830.2,INCIDENTE DI IMBARCAZIONE CAUSANTE IMMERSIONE OCCUPANTE DI ALTRA IMBARCAZIONE-EQUIPAGGIO
E830.3,INCIDENTE DI IMBARCAZIONE CAUSANTE IMMERSIONE OCCUPANTE DI ALTRA IMBARCAZIONE-DIVERSO DALL'EQUIPAGGIO
E830.4,INCIDENTE DI IMBARCAZIONE CAUSANTE IMMERSIONE IDROSCIATORE
E830.5,INCIDENTE DI IMBARCAZIONE CAUSANTE IMMERSIONE NUOTATORE
E830.6,"INCIDENTE DI IMBARCAZIONE CAUSANTE IMMERSIONE SCARICATORI DI PORTO, STIVATORI"
E830.8,INCIDENTE DI IMBARCAZIONE CAUSANTE IMMERSIONE ALTRA PERSONA SPECIFICA
E830.9,INCIDENTE DI IMBARCAZIONE CAUSANTE IMMERSIONE PERSONA NON SPECIFICATA
E831.0,"INCIDENTE ALL IMBARCAZIONE CAUSA DI ALTRO TRAUMATISMO OCCUPANTE DI PICCOLE BARCHE, DEPOTENZIATE"
E831.1,"INCIDENTE ALL IMBARCAZIONE CAUSA DI ALTRO TRAUMATISMO OCCUPANTE DI PICCOLE BARCHE, POTENZIATE"
E831.2,INCIDENTE ALL IMBARCAZIONE CAUSA DI ALTRO TRAUMATISMO OCCUPANTE DI ALTRA IMBARCAZIONE-EQUIPAGGIO
E831.3,INCIDENTE ALL IMBARCAZIONE CAUSA DI ALTRO TRAUMATISMO OCCUPANTE DI ALTRA IMBARCAZIONE-DIVERSO DALL'EQUIPAGGIO
E831.4,INCIDENTE ALL IMBARCAZIONE CAUSA DI ALTRO TRAUMATISMO IDROSCIATORE
E831.5,INCIDENTE ALL IMBARCAZIONE CAUSA DI ALTRO TRAUMATISMO NUOTATORE
E831.6,"INCIDENTE ALL IMBARCAZIONE CAUSA DI ALTRO TRAUMATISMO SCARICATORI DI PORTO, STIVATORI"
E831.8,INCIDENTE ALL IMBARCAZIONE CAUSA DI ALTRO TRAUMATISMO ALTRA PERSONA SPECIFICA
E831.9,INCIDENTE ALL IMBARCAZIONE CAUSA DI ALTRO TRAUMATISMO PERSONA NON SPECIFICATA
E832.0,"ALTRO INCIDENTE DA IMMERSIONE O DA ANNEGAMENTO IN UN INCIDENTE DI TRASPORTO SU ACQUA OCCUPANTE DI PICCOLE BARCHE, DEPOTENZIATE"
E832.1,"ALTRO INCIDENTE DA IMMERSIONE O DA ANNEGAMENTO IN UN INCIDENTE DI TRASPORTO SU ACQUA OCCUPANTE DI PICCOLE BARCHE, POTENZIATE"
E832.2,ALTRO INCIDENTE DA IMMERSIONE O DA ANNEGAMENTO IN UN INCIDENTE DI TRASPORTO SU ACQUA OCCUPANTE DI ALTRA IMBARCAZIONE-EQUIPAGGIO
E832.3,ALTRO INCIDENTE DA IMMERSIONE O DA ANNEGAMENTO IN UN INCIDENTE DI TRASPORTO SU ACQUA OCCUPANTE DI ALTRA IMBARCAZIONE-DIVERSO DALL'EQUIPAGGIO
E832.4,ALTRO INCIDENTE DA IMMERSIONE O DA ANNEGAMENTO IN UN INCIDENTE DI TRASPORTO SU ACQUA IDROSCIATORE
E832.5,ALTRO INCIDENTE DA IMMERSIONE O DA ANNEGAMENTO IN UN INCIDENTE DI TRASPORTO SU ACQUA NUOTATORE
E832.6,"ALTRO INCIDENTE DA IMMERSIONE O DA ANNEGAMENTO IN UN INCIDENTE DI TRASPORTO SU ACQUA SCARICATORI DI PORTO, STIVATORI"
E832.8,ALTRO INCIDENTE DA IMMERSIONE O DA ANNEGAMENTO IN UN INCIDENTE DI TRASPORTO SU ACQUA ALTRA PERSONA SPECIFICA
E832.9,ALTRO INCIDENTE DA IMMERSIONE O DA ANNEGAMENTO IN UN INCIDENTE DI TRASPORTO SU ACQUA PERSONA NON SPECIFICATA
E833.0,"CADUTA DALLA GRADINATA O DALLA SCALA NEL TRASPORTO SU ACQUA OCCUPANTE DI PICCOLE BARCHE, DEPOTENZIATE"
E833.1,"CADUTA DALLA GRADINATA O DALLA SCALA NEL TRASPORTO SU ACQUA OCCUPANTE DI PICCOLE BARCHE, POTENZIATE"
E833.2,CADUTA DALLA GRADINATA O DALLA SCALA NEL TRASPORTO SU ACQUA OCCUPANTE DI ALTRA IMBARCAZIONE-EQUIPAGGIO
E833.3,CADUTA DALLA GRADINATA O DALLA SCALA NEL TRASPORTO SU ACQUA OCCUPANTE DI ALTRA IMBARCAZIONE-DIVERSO DALL'EQUIPAGGIO
E833.4,CADUTA DALLA GRADINATA O DALLA SCALA NEL TRASPORTO SU ACQUA IDROSCIATORE
E833.5,CADUTA DALLA GRADINATA O DALLA SCALA NEL TRASPORTO SU ACQUA NUOTATORE
E833.6,"CADUTA DALLA GRADINATA O DALLA SCALA NEL TRASPORTO SU ACQUA SCARICATORI DI PORTO, STIVATORI"
E833.8,CADUTA DALLA GRADINATA O DALLA SCALA NEL TRASPORTO SU ACQUA ALTRA PERSONA SPECIFICA
E833.9,CADUTA DALLA GRADINATA O DALLA SCALA NEL TRASPORTO SU ACQUA PERSONA NON SPECIFICATA
E834.0,"ALTRA CADUTA DA UN LIVELLO ALL ALTRO NEL TRASPORTO D ACQUA OCCUPANTE DI PICCOLE BARCHE, DEPOTENZIATE"
E834.1,"ALTRA CADUTA DA UN LIVELLO ALL ALTRO NEL TRASPORTO D ACQUA OCCUPANTE DI PICCOLE BARCHE, POTENZIATE"
E834.2,ALTRA CADUTA DA UN LIVELLO ALL ALTRO NEL TRASPORTO D ACQUA OCCUPANTE DI ALTRA IMBARCAZIONE-EQUIPAGGIO
E834.3,ALTRA CADUTA DA UN LIVELLO ALL ALTRO NEL TRASPORTO D ACQUA OCCUPANTE DI ALTRA IMBARCAZIONE-DIVERSO DALL'EQUIPAGGIO
E834.4,ALTRA CADUTA DA UN LIVELLO ALL ALTRO NEL TRASPORTO D ACQUA IDROSCIATORE
E834.5,ALTRA CADUTA DA UN LIVELLO ALL ALTRO NEL TRASPORTO D ACQUA NUOTATORE
E834.6,"ALTRA CADUTA DA UN LIVELLO ALL ALTRO NEL TRASPORTO D ACQUA SCARICATORI DI PORTO, STIVATORI"
E834.8,ALTRA CADUTA DA UN LIVELLO ALL ALTRO NEL TRASPORTO D ACQUA ALTRA PERSONA SPECIFICA
E834.9,ALTRA CADUTA DA UN LIVELLO ALL ALTRO NEL TRASPORTO D ACQUA PERSONA NON SPECIFICATA
E835.0,"ALTRO E CADUTA NON SPECIFICATA NEL TRASPORTO SU ACQUA OCCUPANTE DI PICCOLE BARCHE, DEPOTENZIATE"
E835.1,"ALTRO E CADUTA NON SPECIFICATA NEL TRASPORTO SU ACQUA OCCUPANTE DI PICCOLE BARCHE, POTENZIATE"
E835.2,ALTRO E CADUTA NON SPECIFICATA NEL TRASPORTO SU ACQUA OCCUPANTE DI ALTRA IMBARCAZIONE-EQUIPAGGIO
E835.3,ALTRO E CADUTA NON SPECIFICATA NEL TRASPORTO SU ACQUA OCCUPANTE DI ALTRA IMBARCAZIONE-DIVERSO DALL'EQUIPAGGIO
E835.4,ALTRO E CADUTA NON SPECIFICATA NEL TRASPORTO SU ACQUA IDROSCIATORE
E835.5,ALTRO E CADUTA NON SPECIFICATA NEL TRASPORTO SU ACQUA NUOTATORE
E835.6,"ALTRO E CADUTA NON SPECIFICATA NEL TRASPORTO SU ACQUA SCARICATORI DI PORTO, STIVATORI"
E835.8,ALTRO E CADUTA NON SPECIFICATA NEL TRASPORTO SU ACQUA ALTRA PERSONA SPECIFICA
E835.9,ALTRO E CADUTA NON SPECIFICATA NEL TRASPORTO SU ACQUA PERSONA NON SPECIFICATA
E836.0,"INCIDENTE AL MACCHINARIO NEL TRASPORTO SU ACQUA OCCUPANTE DI PICCOLE BARCHE, DEPOTENZIATE"
E836.1,"INCIDENTE AL MACCHINARIO NEL TRASPORTO SU ACQUA OCCUPANTE DI PICCOLE BARCHE, POTENZIATE"
E836.2,INCIDENTE AL MACCHINARIO NEL TRASPORTO SU ACQUA OCCUPANTE DI ALTRA IMBARCAZIONE-EQUIPAGGIO
E836.3,INCIDENTE AL MACCHINARIO NEL TRASPORTO SU ACQUA OCCUPANTE DI ALTRA IMBARCAZIONE-DIVERSO DALL'EQUIPAGGIO
E836.4,INCIDENTE AL MACCHINARIO NEL TRASPORTO SU ACQUA IDROSCIATORE
E836.5,INCIDENTE AL MACCHINARIO NEL TRASPORTO SU ACQUA NUOTATORE
E836.6,"INCIDENTE AL MACCHINARIO NEL TRASPORTO SU ACQUA SCARICATORI DI PORTO, STIVATORI"
E836.8,INCIDENTE AL MACCHINARIO NEL TRASPORTO SU ACQUA ALTRA PERSONA SPECIFICA
E836.9,INCIDENTE AL MACCHINARIO NEL TRASPORTO SU ACQUA PERSONA NON SPECIFICATA
E837.0,"ESPLOSIONE, FUOCO, O INCENDIO, ALL IMBARCAZIONE OCCUPANTE DI PICCOLE BARCHE, DEPOTENZIATE"
E837.1,"ESPLOSIONE, FUOCO, O INCENDIO, ALL IMBARCAZIONE OCCUPANTE DI PICCOLE BARCHE, POTENZIATE"
E837.2,"ESPLOSIONE, FUOCO, O INCENDIO, ALL IMBARCAZIONE OCCUPANTE DI ALTRA IMBARCAZIONE-EQUIPAGGIO"
E837.3,"ESPLOSIONE, FUOCO, O INCENDIO, ALL IMBARCAZIONE OCCUPANTE DI ALTRA IMBARCAZIONE-DIVERSO DALL'EQUIPAGGIO"
E837.4,"ESPLOSIONE, FUOCO, O INCENDIO, ALL IMBARCAZIONE IDROSCIATORE"
E837.5,"ESPLOSIONE, FUOCO, O INCENDIO, ALL IMBARCAZIONE NUOTATORE"
E837.6,"ESPLOSIONE, FUOCO, O INCENDIO, ALL IMBARCAZIONE SCARICATORI DI PORTO, STIVATORI"
E837.8,"ESPLOSIONE, FUOCO, O INCENDIO, ALL IMBARCAZIONE ALTRA PERSONA SPECIFICA"
E837.9,"ESPLOSIONE, FUOCO, O INCENDIO, ALL IMBARCAZIONE PERSONA NON SPECIFICATA"
E838.0,"ALTRO E NON SPECIFICATO INCIDENTE DEL TRASPORTO SU ACQUA OCCUPANTE DI PICCOLE BARCHE, DEPOTENZIATE"
E838.1,"ALTRO E NON SPECIFICATO INCIDENTE DEL TRASPORTO SU ACQUA OCCUPANTE DI PICCOLE BARCHE, POTENZIATE"
E838.2,ALTRO E NON SPECIFICATO INCIDENTE DEL TRASPORTO SU ACQUA OCCUPANTE DI ALTRA IMBARCAZIONE-EQUIPAGGIO
E838.3,ALTRO E NON SPECIFICATO INCIDENTE DEL TRASPORTO SU ACQUA OCCUPANTE DI ALTRA IMBARCAZIONE-DIVERSO DALL'EQUIPAGGIO
E838.4,ALTRO E NON SPECIFICATO INCIDENTE DEL TRASPORTO SU ACQUA IDROSCIATORE
E838.5,ALTRO E NON SPECIFICATO INCIDENTE DEL TRASPORTO SU ACQUA NUOTATORE
E838.6,"ALTRO E NON SPECIFICATO INCIDENTE DEL TRASPORTO SU ACQUA SCARICATORI DI PORTO, STIVATORI"
E838.8,ALTRO E NON SPECIFICATO INCIDENTE DEL TRASPORTO SU ACQUA ALTRA PERSONA SPECIFICA
E838.9,ALTRO E NON SPECIFICATO INCIDENTE DEL TRASPORTO SU ACQUA PERSONA NON SPECIFICATA
E840.0,INCIDENTE DI MEZZO AEREO A MOTORE AL DECOLLO O ALL ATTERRAGGIO OCCUPANTE DI VEICOLO SPAZIALE
E840.1,"INCIDENTE DI MEZZO AEREO A MOTORE AL DECOLLO O ALL ATTERRAGGIO OCCUPANTE DI MEZZO AEREO MILITARE, QUALSIASI"
E840.2,INCIDENTE DI MEZZO AEREO A MOTORE AL DECOLLO O ALL ATTERRAGGIO EQUIPAGGIO DI MEZZO AEREO COMMERCIALE (A MOTORE) IN SUPERFICIE PER TRASPORTO DI SUPERFICIE
E840.3,INCIDENTE DI MEZZO AEREO A MOTORE AL DECOLLO O ALL ATTERRAGGIO ALTRO OCCUPANTE DI MEZZO AEREO COMMERCIALE (A MOTORE) IN SUPERFICIE PER TRASPORTO DI SUPERFICIE
E840.4,INCIDENTE DI MEZZO AEREO A MOTORE AL DECOLLO O ALL ATTERRAGGIO OCCUPANTE DI MEZZO AEREO COMMERCIALE (A MOTORE) IN SUPERFICIE PER TRASPORTO AEREO
E840.5,INCIDENTE DI MEZZO AEREO A MOTORE AL DECOLLO O ALL ATTERRAGGIO OCCUPANTE DI ALTRO MEZZO AEREO A MOTORE
E840.6,"INCIDENTE DI MEZZO AEREO A MOTORE AL DECOLLO O ALL ATTERRAGGIO OCCUPANTE DI MEZZO AEREO NON A MOTORE, ECCETTO PARACADUTISTA"
E840.7,INCIDENTE DI MEZZO AEREO A MOTORE AL DECOLLO O ALL ATTERRAGGIO PARACADUTISTA (MILITARE) (ALTRO)
E840.8,"INCIDENTE DI MEZZO AEREO A MOTORE AL DECOLLO O ALL ATTERRAGGIO EQUIPAGGIO DI TERRA, IMPIEGATO AEROPORTUALE"
E840.9,INCIDENTE DI MEZZO AEREO A MOTORE AL DECOLLO O ALL ATTERRAGGIO ALTRA PERSONA
E841.0,"INCIDENTE DI MEZZO AEREO A MOTORE, ALTRO O NON SPECIFICATO OCCUPANTE DI VEICOLO SPAZIALE"
E841.1,"INCIDENTE DI MEZZO AEREO A MOTORE, ALTRO O NON SPECIFICATO OCCUPANTE DI MEZZO AEREO MILITARE, QUALSIASI"
E841.2,"INCIDENTE DI MEZZO AEREO A MOTORE, ALTRO O NON SPECIFICATO EQUIPAGGIO DI MEZZO AEREO COMMERCIALE (A MOTORE) IN SUPERFICIE PER TRASPORTO DI SUPERFICIE"
E841.3,"INCIDENTE DI MEZZO AEREO A MOTORE, ALTRO O NON SPECIFICATO ALTRO OCCUPANTE DI MEZZO AEREO COMMERCIALE (A MOTORE) IN SUPERFICIE PER TRASPORTO DI SUPERFICIE"
E841.4,"INCIDENTE DI MEZZO AEREO A MOTORE, ALTRO O NON SPECIFICATO OCCUPANTE DI MEZZO AEREO COMMERCIALE (A MOTORE) IN SUPERFICIE PER TRASPORTO AEREO"
E841.5,"INCIDENTE DI MEZZO AEREO A MOTORE, ALTRO O NON SPECIFICATO OCCUPANTE DI ALTRO MEZZO AEREO A MOTORE"
E841.6,"INCIDENTE DI MEZZO AEREO A MOTORE, ALTRO O NON SPECIFICATO OCCUPANTE DI MEZZO AEREO NON A MOTORE, ECCETTO PARACADUTISTA"
E841.7,"INCIDENTE DI MEZZO AEREO A MOTORE, ALTRO O NON SPECIFICATO PARACADUTISTA (MILITARE) (ALTRO)"
E841.8,"INCIDENTE DI MEZZO AEREO A MOTORE, ALTRO O NON SPECIFICATO EQUIPAGGIO DI TERRA, IMPIEGATO AEROPORTUALE"
E841.9,"INCIDENTE DI MEZZO AEREO A MOTORE, ALTRO O NON SPECIFICATO ALTRA PERSONA"
E842.6,"INCIDENTE DI OCCUPANTE DI MEZZO AEREO NON A MOTORE, ECCETTO PARACADUTISTA"
E842.7,INCIDENTE DI MEZZO AEREO NON A MOTORE DI PARACADUTISTA (MILITARE) (ALTRO)
E842.8,"INCIDENTE DI MEZZO AEREO NON A MOTORE DI EQUIPAGGIO DI TERRA, IMPIEGATO AEROPORTUALE"
E842.9,INCIDENTE DI MEZZO AEREO NON A MOTORE DI ALTRA PERSONA
E843.0,"CADUTA IN, SU O DA MEZZO AEREO DI OCCUPANTE DI VEICOLO SPAZIALE"
E843.1,"CADUTA IN, SU O DA MEZZO AEREO DI OCCUPANTE DI MEZZO AEREO MILITARE, QUALSIASI"
E843.2,"CADUTA IN, SU O DA MEZZO AEREO DI EQUIPAGGIO DI MEZZO AEREO COMMERCIALE (A MOTORE) IN SUPERFICIE PER TRASPORTO DI SUPERFICIE"
E843.3,"CADUTA IN, SU O DA MEZZO AEREO DI ALTRO OCCUPANTE DI MEZZO AEREO COMMERCIALE (A MOTORE) IN SUPERFICIE PER TRASPORTO DI SUPERFICIE PERSONALE DI VOLO: NON APPARTENENTE ALL EQUIPAGGIO SU VOLI DI ADDESTRAMENTO PASSEGGERO SU MEZZO AEREO (A MOTORE)"
E843.4,"CADUTA IN, SU O DA MEZZO AEREO DI ALTRO OCCUPANTE DI MEZZO AEREO COMMERCIALE (A MOTORE) IN SUPERFICIE PER TRASPORTO AEREO"
E843.5,"CADUTA IN, SU O DA MEZZO AEREO DI OCCUPANTE DI ALTRO MEZZO AEREO A MOTORE"
E843.6,"CADUTA IN, SU O DA MEZZO AEREO DI OCCUPANTE DI MEZZO AEREO NON A MOTORE, ECCETTO PARACADUTISTA"
E843.7,"CADUTA IN, SU O DA MEZZO AEREO DI PARACADUTISTA (MILITARE) (ALTRO)"
E843.8,"CADUTA IN, SU O DA MEZZO AEREO DI EQUIPAGGIO DI TERRA, IMPIEGATO AEROPORTUALE"
E843.9,"CADUTA IN, SU O DA MEZZO AEREO DI ALTRA PERSONA"
E844.0,ALTRI INCIDENTI SPECIFICATI LEGATI AL TRASPORTO AEREO DI OCCUPANTE DI VEICOLO SPAZIALE
E844.1,"ALTRI INCIDENTI SPECIFICATI LEGATI AL TRASPORTO AEREO DI OCCUPANTE DI MEZZO AEREO MILITARE, QUALSIASI"
E844.2,ALTRI INCIDENTI SPECIFICATI LEGATI AL TRASPORTO AEREO DI EQUIPAGGIO DI MEZZO AEREO COMMERCIALE (A MOTORE) IN SUPERFICIE PER TRASPORTO DI SUPERFICIE
E844.3,ALTRI INCIDENTI SPECIFICATI LEGATI AL TRASPORTO AEREO DI ALTRO OCCUPANTE DI MEZZO AEREO COMMERCIALE (A MOTORE) IN SUPERFICIE PER TRASPORTO DI SUPERFICIE
E844.4,ALTRI INCIDENTI SPECIFICATI LEGATI AL TRASPORTO AEREO DI OCCUPANTE DI MEZZO AEREO COMMERCIALE (A MOTORE) IN SUPERFICIE PER TRASPORTO AEREO
E844.5,ALTRI INCIDENTI SPECIFICATI LEGATI AL TRASPORTO AEREO DI OCCUPANTE DI ALTRO MEZZO AEREO A MOTORE
E844.6,"ALTRI INCIDENTI SPECIFICATI LEGATI AL TRASPORTO AEREO DI OCCUPANTE DI MEZZO AEREO NON A MOTORE, ECCETTO PARACADUTISTA"
E844.7,ALTRI INCIDENTI SPECIFICATI LEGATI AL TRASPORTO AEREO DI PARACADUTISTA (MILITARE) (ALTRO)
E844.8,"ALTRI INCIDENTI SPECIFICATI LEGATI AL TRASPORTO AEREO DI EQUIPAGGIO DI TERRA, IMPIEGATO AEROPORTUALE"
E844.9,ALTRI INCIDENTI SPECIFICATI LEGATI AL TRASPORTO AEREO DI ALTRA PERSONA
E845.0,INCIDENTE RIGUARDANTE VEICOLO SPAZIALE DI OCCUPANTE DI VEICOLO SPAZIALE
E845.8,"INCIDENTE RIGUARDANTE VEICOLO SPAZIALE DI EQUIPAGGIO DI TERRA, IMPIEGATO AEROPORTUALE"
E845.9,INCIDENTE RIGUARDANTE VEICOLO SPAZIALE DI ALTRA PERSONA
E846,INCIDENTE RIGUARDANTI VEICOLI A MOTORE USATI UNICAMENTE ALL INTERNO DI STRUTTURE E LOCALI DI STABILIMENTI INDUSTRIALI E COMMERCIALI
E847,INCIDENTE RIGUARDANTE FUNIVIA CHE NON CORRE SUI BINARI
E848,"INCIDENTE RIGUARDANTE ALTRI VEICOLI, NON CLASSIFICABILE ALTROVE"
E849.0,ABITAZIONE APPARTAMENTO PENSIONE CASA DI CAMPAGNA LOCALI ANNESSI ALL ABITAZIONE CASA (RESIDENZIALE) LUOGO NON ISTITUZIONALE DI RESIDENZA PRIVATA: STRADA PRIVATA GARAGE GIARDINO ABITAZIONE VIALE PISCINA IN CASA O GIARDINO PRIVATO CORTILE DI ABITAZIONE
E849.1,FATTORIA
E849.2,MINIERA E SCAVO CAVA DI GHIAIA DAVA DI SABBIA TUNNEL IN COSTRUZIONE
E849.3,"LUOGO E LOCALI INDUSTRIALI EDIFICIO IN COSTRUZIONE COSTRUZIONE CANTIERE BACINO DI CARENAGGIO FABBRICA EDIFICIO LOCALI GARAGE (POSTO DI LAVORO) CANTIERE INDUSTRIALE PIANO CARICATORE (FABBRICA) (DEPOSITO) STABILIMENTO, INDUSTRIALE SCALO FERROVIARIO NEGOZIO (POSTO DI LAVORO) MAGAZZINO CASA DI LAVORO"
E849.4,"LUOGO DEDICATO AD ATTIVITA' SPORTIVE E RICREATIVE PARCO DIVERTIMENTI CAMPO DI BASEBALL CAMPO DI BASKET LUOGO DI SOGGIORNO SULLA SPIAGGIA CAMPO DI CRICKET CAMPO DA PALLAMURO CAMPO DI CALCIO CAMPO DI GOLF PALESTRA CAMPO DI HOCKEY VILLAGGIO TURISTICO PALAGHIACCIO LUOGO DI VILLEGGIATURA SUL LAGO LUOGO DI VILLEGGIATURA DI MONTAGNA PARCO GIOCHI, CHE INCLUDE IL CORTILE PER LA RICREAZIONE NELLA SCUOLA PARCO PUBBLICO IPPODROMO LUOGO DI SOGGIORNO SAI SCUOLA DI EQUITAZIONE POLIGONO DI TIRO LUOGO DI VILLEGGIATURA SUL LITORALE PISTA DI PATTINAGGIO PALAZZETTO DELLO SPORT CAMPO SPORTIVO STADIO PISCINA, PUBBLICA CAMPO DI TENNIS LUOGO DI VILLEGGIATURA"
E849.5,STRADA E VIA
E849.6,EDIFICIO PUBBLICO
E849.7,ISTITUZIONE RESIDENZIALE
E849.8,ALTRI LUOGHI SPECIFICATI SPIAGGIA SAI CANALE POSTEGGIO DI CARAVAN SAI CASA ABBANDONATA DESERTO BACINO FORESTA PORTO COLLINA LAGO SAI MONTAGNA PARCHEGGIO AREA DI PARCHEGGIO STAGNO O POZZA (NATURALE) PRATERIA LUOGO PUBBLICO SAI LINEA FERROVIARIA SERBATOIO D ACQUA FIUME MARE LITORALE SAI CORSO D ACQUA BOSCHI TERRENO PER ROULOTTES PALUDE
E849.9,LUOGHI NON SPECIFICATI
E850.0,EROINA
E850.1,METADONE
E850.2,ALTRI OPPIACEI E NARCOTICI CORRELATI
E850.3,SALICILATI
E850.4,"ANALGESICI AROMATICI, NON CLASSIFICATI ALTROVE"
E850.5,DERIVATI DEL PIRAZOLO
E850.6,ANTIREUMATICI (ANTIFLOGISTICI)
E850.7,ALTRI ANALGESICI NON-NARCOTICI
E850.8,ALTRI ANALGESICI ED ANTIPIRETICI SPECIFICI
E850.9,ANALGESICI O ANTIPIRETICI NON SPECIFICATI
E851,INTOSSICAZIONE ACCIDENTALE DA BARBITURICI
E852.0,DAL GRUPPO DELL IDRATO DI CLORALIO
E852.1,PARALDEIDE
E852.2,COMPOSTI DEL BROMO
E852.3,COMPOSTI DEL METAQUALONE
E852.4,DAL GRUPPO DELLA GLUTETIMIDE
E852.5,"DA SEDATIVI MISTI, NON CLASSIFICATI ALTROVE"
E852.8,DA ALTRI SEDATIVI E IPNOTICI
E852.9,DA SEDATIVI O IPNOTICI NON SPECIFICATI
E853.0,DA TRANQUILLANTI A BASE DI FENOTIAZINA
E853.1,DA TRANQUILLANTI A BASE DI BUTIRROFENONE
E853.2,DA TRANQUILLANTI A BASE DI BENZODIAZEPINA
E853.8,DA ALTRI TRANQUILLANTI
E853.9,DA TRANQUILLANTI NON SPECIFICATI
E854.0,ANTIDEPRESSIVI
E854.1,DA PSICODISLEPTICI (ALLUCINOGENI)
E854.2,DA PSICOSTIMOLANTI
E854.3,DA STIMOLANTI DEL SISTEMA NERVOSO CENTRALE
E854.8,DA ALTRI AGENTI PSICOTROPI
E855.0,DA FARMACI ANTI-PARKINSONISMO
E855.1,DA ALTRI DEPRESSIVI DEL SISTEMA NERVOSO
E855.2,DA ANESTETICI LOCALI
E855.3,DA PARASIMPATICOMIMETICI (COLINERGICI)
E855.4,DA PARASIMPATICOLITICI (ANTICOLINERGICI E ANTIMUSCARINICI) E SPASMOLITICI
E855.5,DA SIMPATICOMIMETICI (ADRENERGICI)
E855.6,DA SIMPATICOLITICI (ANTIADRENERGICI)
E855.8,ALTRI FARMACI SPECIFICATI CHE AGISCONO SUL
E855.9,ALTRI FARMACI SPECIFICATI CHE AGISCONO SUL
E856,INTOSSICAZIONE ACCIDENTALE DA ANTIBIOTICI
E857,INTOSSICAZIONE ACCIDENTALE DA FARMACI ANTI-INFETTIVI
E858.0,DA ORMONI E SOSTITUTIVI SINTETICI
E858.1,DA SOSTANZE ESSENZIALMENTE SISTEMICHE
E858.2,DA SOSTANZE AGENTI PRINCIPALMENTE SUI COSTITUENTI DEL SANGUE
E858.3,DA SOSTANZE AGENTI PRINCIPALMENTE SUL SISTEMA CARDIOVASCOLARE
E858.4,DA SOSTANZE AGENTI PRINCIPALMENTE SUL SISTEMA GASTROINTESTINALE
E858.5,"DA SOSTANZE AGENTI PRINCIPALMENTE SUL METABOLISMO DELL ACQUA, DEI MINERALI E DELL ACIDO URICO"
E858.6,DA SOSTANZE AGENTI PRINCIPALMENTE SULLA MUSCOLATURA LISCIA E STRIATA E SULL APPARATO RESPIRATORIO
E858.7,"DA SOSTANZE AGENTI PRINCIPALMENTE SULLA PELLE E SULLE MUCOSE E DA FARMACI DI USO IN OFTALMOLOGIA, OTORINOLARINGOIATRIA E ODONTOIATRIA"
E858.8,DA ALTRI FARMACI SPECIFICI
E858.9,DA ALTRI FARMACI NON SPECIFICI
E860.0,BEVANDE ALCOLICHE
E860.1,ALTRO E NON SPECIFICATO ALCOOL ETILICO E SUOI PRODOTTI
E860.2,ALCOOL METILICO
E860.3,ALCOOL ISOPROPILICO
E860.4,FUSELOLO
E860.8,ALTRI ALCOOL SPECIFICATI
E860.9,ALCOOL NON SPECIFICATI
E861.0,DETERGENTI SINTETICI E SHAMPOO
E861.1,PRODOTTI DEL SAPONE
E861.2,LUCIDANTI
E861.3,ALTRI DETERGENTI E LUCIDANTI
E861.4,DISINFETTANTI
E861.5,PITTURE A BASE DI PIOMBO
E861.6,ALTRE PITTURE E VERNICI
E861.9,NON SPECIFICATI
E862.0,SOLVENTI DEL PETROLIO
E862.1,COMBUSTIBILI E DETERGENTI DERIVATI DAL PETROLIO
E862.2,OLI LUBRIFICANTI
E862.3,SOLIDI DEL PETROLIO
E862.4,ALTRI SOLVENTI SPECIFICATI
E862.9,SOLVENTI NON SPECIFICATI
E863.0,INSETTICIDI DI MISCELE A BASE D ORGANOCLORO
E863.1,INSETTICIDI DI MISCELE A BASE D ORGANOFOSFORO
E863.2,CARBAMATI
E863.3,MISCELE DI INSETTICIDI
E863.4,ALTRI E NON SPECIFICATI INSETTICIDI
E863.5,ERBICIDI
E863.6,FUNGICIDI
E863.7,RODENTICIDI
E863.8,FUMIGANTI
E863.9,ALTRI E NON SPECIFICATI
E864.0,CORROSIVI AROMATICI
E864.1,ACIDI
E864.2,CAUSTICI ALCALINI SOLUZIONE ALCALINA
E864.3,ALTRI CORROSIVI E CAUSTICI SPECIFICATI
E864.4,CORROSIVI E CAUSTICI NON SPECIFICATI
E865.0,CARNE
E865.1,CROSTACEI
E865.2,ALTRI PESCI
E865.3,BACCHE E SEMI
E865.4,ALTRE PIANTE SPECIFICATE
E865.5,FUNGHI COMMESTIBILI ED ALTRI FUNGHI
E865.8,ALTRI CIBI SPECIFICATI
E865.9,GENERI ALIMENTARI NON SPECIFICATI O PIANTE VELENOSE
E866.0,PIOMBO E SUOI COMPOSTI E VAPORI
E866.1,MERCURIO E SUOI COMPOSTI E VAPORI
E866.2,ANTIMONIO E SUOI COMPOSTI E VAPORI
E866.3,ARSENICO E SUOI COMPOSTI E VAPORI
E866.4,ALTRI COMPOSTI DI METALLI E LORO FUMI
E866.5,SOSTANZE VEGETALI E FERTILIZZANTI
E866.6,COLLE ED ADESIVI
E866.7,COSMETICI
E866.8,ALTRE SOSTANZE SOLIDE O LIQUIDE SPECIFICATE
E866.9,SOSTANZE SOLIDE O LIQUIDE NON SPECIFICATE
E867,AVVELENAMENTO ACCIDENTALE DA GAS DISTRIBUITO DA CONDUTTURA
E868.0,GAS PETROLIO LIQUEFATTO DISTRIBUITO IN CONTENITORI MOBILI
E868.1,ALTRI E NON SPECIFICATI GAS DI UTILITA'
E868.2,GAS DI SCARICO DELL AUTOVEICOLO
E868.3,MONOSSIDO DI CARBONIO DA INCOMPLETA COMBUSTIONE DI ALTRI COMBUSTIBILI DOMESTICI
E868.8,MONOSSIDO DI CARBONIO DA ALTRE FONTI
E868.9,MONOSSIDO DI CARBONIO NON SPECIFICATO
E869.0,OSSIDI DI AZOTO
E869.1,ANIDRIDE SOLFOROSA
E869.2,FREON
E869.3,GAS LACRIMOGENI =GAS LACRIMOGENO_
E869.4,FUMO DI TABACCO UTILIZZATO
E869.8,ALTRI GAS E VAPORI SPECIFICATI
E869.9,GAS E VAPORI NON SPECIFICATI
E870.0,INTERVENTO CHIRURGICO
E870.1,INFUSIONE O TRASFUSIONE
E870.2,DIALISI RENALE O ALTRA PERFUSIONE
E870.3,INIEZIONE O VACCINAZIONE
E870.4,ESAME ENDOSCOPICO
E870.5,"ASPIRAZIONE DI FLUIDO O TESSUTO, PUNTURA E CATETERISMO"
E870.6,CATETERISMO CARDIACO
E870.7,EFFETTUAZIONE DI UN CLISTERE
E870.8,ALTRE CURE MEDICHE SPECIFICATE
E870.9,CURE MEDICHE NON SPECIFICATE
E871.0,INTERVENTO CHIRURGICO
E871.1,INFUSIONE O TRASFUSIONE
E871.2,DIALISI RENALE O ALTRA PERFUSIONE
E871.3,INIEZIONE O VACCINAZIONE
E871.4,ESAME ENDOSCOPICO
E871.5,"ASPIRAZIONE DI FLUIDO O TESSUTO, PUNTURA E CATETERISMO"
E871.6,CATETERISMO CARDIACO
E871.7,RIMOZIONE DI CATETERE O DI TAMPONE
E871.8,ALTRE PROCEDURE SPECIFICATE
E871.9,PROCEDURA NON SPECIFICATA
E872.0,INTERVENTO CHIRURGICO
E872.1,INFUSIONE O TRASFUSIONE
E872.2,DIALISI RENALE O ALTRA PERFUSIONE
E872.3,INIEZIONE O VACCINAZIONE
E872.4,ESAME ENDOSCOPICO
E872.5,"ASPIRAZIONE DI FLUIDO O TESSUTO, PUNTURA E CATETERISMO"
E872.6,CATETERISMO CARDIACO
E872.8,ALTRE PROCEDURE SPECIFICATE
E872.9,PROCEDURA NON SPECIFICATA
E873.0,QUANTITA' ECCESSIVA DI SANGUE O ALTRO FLUIDO DURANTE TRASFUSIONE O INFUSIONE
E873.1,DILUIZIONE NON CORRETTA DI FLUIDO DURANTE INFUSIONE
E873.2,SOVRADOSAGGIO DI RADIAZIONI DURANTE TERAPIA
E873.3,ESPOSIZIONE INVOLONTARIA DI UN PAZIENTE A RADIAZIONI DURANTE CURE MEDICHE
E873.4,ERRORE NEL DOSAGGIO IN TERAPIA CON ELETTROSHOCK O SHOCK INSULINICO
E873.5,TEMPERATURA INAPPROPRIATA [TROPPO CALDA O TROPPO FREDDA] IN UN APPLICAZIONE LOCALE E DURANTE TAMPONAMENTO
E873.6,MANCANZA DI SOMMINISTRAZIONE DI FARMACO O SOSTANZA MEDICINALE NECESSARIA
E873.8,ALTRO ERRORE SPECIFICATO NEL DOSAGGIO
E873.9,ERRORE NON SPECIFICATO NEL DOSAGGIO
E874.0,INTERVENTO CHIRURGICO
E874.1,INFUSIONE O TRASFUSIONE
E874.2,DIALISI RENALE O ALTRA PERFUSIONE
E874.3,ESAME ENDOSCOPICO
E874.4,"ASPIRAZIONE DI FLUIDO O TESSUTO, PUNTURA E CATETERISMO"
E874.5,CATETERISMO CARDIACO
E874.8,ALTRE PROCEDURE SPECIFICATE
E874.9,PROCEDURA NON SPECIFICATA
E875.0,SOSTANZA CONTAMINATA TRASFUSA O INFUSA
E875.1,SOSTANZA CONTAMINATA INIETTATA O USATA PER VACCINAZIONE
E875.2,FARMACO O SOSTANZA BIOLOGICA CONTAMINATI SOMMINISTRATI IN ALTRO MODO
E875.8,ALTRO
E875.9,NON SPECIFICATO
E876.0,SANGUE NON COMPATIBILE USATO PER UNA TRASFUSIONE
E876.1,FLUIDO SBAGLIATO USATO IN UN INFUSIONE
E876.2,ERRORE NELL EFFETTUARE UNA SUTURA O UNA LEGATURA DURANTE UN INTERVENTO CHIRURGICO
E876.3,TUBO ENDOTRACHEALE ERRONEAMENTE POSIZIONATO DURANTE PROCEDURA ANESTETICA
E876.4,ERRORE NELL INTRODURRE O RIMUOVERE ALTRO TUBO O STRUMENTO
E876.5,ESECUZIONE DI OPERAZIONE NON APPROPRIATA
E876.8,ALTRI INCIDENTI SPECIFICATI DURANTE CURE MEDICHE
E876.9,INCIDENTE NON SPECIFICATO DURANTE CURE MEDICHE
E878.0,INTERVENTO CHIRURGICO CON TRAPIANTO DI UN ORGANO INTERO
E878.1,INTERVENTO CHIRURGICO CON IMPIANTO DI DISPOSITIVO INTERNO ARTIFICIALE
E878.2,"INTERVENTO CHIRURGICO CON ANASTOMOSI, BYPASS O INNESTO, CON TESSUTO NATURALE O ARTIFICIALE USATO PER L IMPIANTO"
E878.3,INTERVENTO CHIRURGICO CON FORMAZIONE DI STOMA ESTERNO
E878.4,ALTRA CHIRURGIA RICOSTRUTTIVA
E878.5,AMPUTAZIONE DI ARTO (ARTI)
E878.6,RIMOZIONE DI ALTRO ORGANO (PARZIALE) (TOTALE)
E878.8,ALTRI INTERVENTI E PROCEDURE CHIRURGICHE SPECIFICATE
E878.9,INTERVENTI O PROCEDURE CHIRURGICHE NON SPECIFICATI
E879.0,CATETERISMO CARDIACO
E879.1,DIALISI RENALE
E879.2,PROCEDURA RADIOLOGICA E RADIOTERAPIA
E879.3,SHOCK-TERAPIA
E879.4,ASPIRAZIONE DI FLUIDO
E879.5,INSERZIONE DI SONDA GASTRICA O DUODENALE
E879.6,CATETERISMO URINARIO
E879.7,PRELIEVO EMATICO
E879.8,ALTRE PROCEDURE SPECIFICATE
E879.9,PROCEDURA NON SPECIFICATA
E880.0,SCALA MOBILE
E880.1,CADUTA SUL O DAL CORDOLO DEL MARCIAPIEDE
E880.9,ALTRE SCALE O GRADINI
E881.0,CADUTA DA SCALA A PIOLI
E881.1,CADUTA DA IMPALCATURA
E882,CADUTA DA O FUORI DALL EDIFICIO O ALTRA STRUTTURA
E883.0,INCIDENTE DA IMMERSIONE O TUFFO IN ACQUA (PISCINA) COLPO O URTO: CONTRO IL FONDO QUANDO SI SALTA O CI SI TUFFA IN ACQUA PARETE O BORDO DELLA PISCINA SUPERFICIE DELL ACQUA
E883.1,INCIDENTE DA CADUTA NEL POZZO
E883.2,INCIDENTE DA CADUTA NEL CANALE DI SCOLO DELLE ACQUE O POZZETTO STRADALE
E883.9,CADUTA IN ALTRA BUCA O ALTRA APERTURA IN SUPERFICIE
E884.0,CADUTA DA ATTREZZATURA DI TERRENO DI GIOCHI
E884.1,CADUTA DA SCOGLIERA
E884.2,CADUTA DA SEDIA
E884.3,CADUTA DA SEDIA A ROTELLE
E884.4,CADUTA DAL LETTO
E884.5,CADUTA DA ALTRA ATTREZZATURA MOBILE
E884.6,CADUTA DA CASSETTONE
E884.9,ALTRA CADUTA DA UN LIVELLO AD UN ALTRO
E885.0,CADUTA DA MONOPATTINO
E885.1,CADUTA DA PATTINO A ROTELLE
E885.2,CADUTA DA SKATEBOARD
E885.3,CADUTA DA SCI
E885.4,CADUTA DA SNOWBOARD
E885.9,"CADUTA DA ALTRO SCIVOLAMENTO, DA INCIAMPO O INTOPPO"
E886.0,NELLO SPORT
E886.9,ALTRO E NON SPECIFICATO
E887,"FRATTURA, CAUSA NON SPECIFICATA"
E888.0,CADUTA RISULTANTE NELL URTO CONTRO OGGETTO APPUNTITO
E888.1,CADUTA RISULTANTE NELL URTO CONTRO ALTRO OGGETTO
E888.8,ALTRA CADUTA
E888.9,CADUTA NON SPECIFICATA
E890.0,ESPLOSIONE CAUSATA DA CONFLAGRAZIONE
E890.1,VAPORI DA COMBUSTIONE DI CLORURO DI POLIVINILE (PVC) E MATERIALE SIMILE IN CONFLAGRAZIONE
E890.2,ALTRO FUMO E VAPORI DA CONFLAGRAZIONE
E890.3,INCENDIO CAUSATO DA CONFLAGRAZIONE
E890.8,ALTRO INCENDIO DA CONFLAGRAZIONE
E890.9,INCIDENTE NON SPECIFICATO RISULTANTE DA CONFLAGRAZIONE IN ABITAZIONE PRIVATA
E891.0,ESPLOSIONE CAUSATA DA CONFLAGRAZIONE
E891.1,VAPORI DA COMBUSTIONE DI CLORURO DI POLIVINILE (PVC) E MATERIALE SIMILE IN CONFLAGRAZIONE
E891.2,ALTRO FUMO E VAPORE DA CONFLAGRAZIONE
E891.3,INCENDIO CAUSATO DA CONFLAGRAZIONE
E891.8,ALTRO INCIDENTE RISULTANTE DA CONFLAGRAZIONE
E891.9,INCIDENTE NON SPECIFICATO RISULTANTE DA CONFLAGRAZIONE DI ALTRO ED EDIFICIO O STRUTTURA NON SPECIFICATA
E892,CONFLAGRAZIONE NON IN EDIFICIO O STRUTTURA
E893.0,DA FUOCO CONTROLLATO IN ABITAZIONE PRIVATA
E893.1,DA FUOCO CONTROLLATO IN ALTRO EDIFICIO O STRUTTURA:
E893.2,DA FUOCO CONTROLLATO NON IN EDIFICIO O STRUTTURA
E893.8,DA ALTRE FONTI NON SPECIFICATE
E893.9,FONTE NON SPECIFICATA
E894,ACCENSIONE DI MATERIALE ALTAMENTE INFIAMMABILE
E895,INCIDENTE CAUSATO DA FUOCO CONTROLLATO IN ABITAZIONE PRIVATA
E896,INCIDENTE CAUSATO DA FUOCO NON CONTROLLATO IN ALTRO E NON SPECIFICATO EDIFICIO O STRUTTURA
E897,INCIDENTE CAUSATO DA FUOCO CONTROLLATO NON IN EDIFICIO O STRUTTURA
E898.0,INCENDIO DI BIANCHERIA E COPERTE DA LETTO
E898.1,ALTRO
E899,INCIDENTE CAUSATO DA FUOCO NON SPECIFICATO
E900.0,DOVUTO A CONDIZIONI CLIMATICHE
E900.1,DI ORIGINE DOLOSA
E900.9,DI ORIGINE NON SPECIFICATA
E901.0,DOVUTO A CONDIZIONI CLIMATICHE
E901.1,DI ORIGINE DOLOSA
E901.8,ALTRA ORIGINE SPECIFICATA
E901.9,DI ORIGINE NON SPECIFICATA
E902.0,SOGGIORNO O PROLUNGATA VISITA AD ELEVATA ALTITUDINE
E902.1,NEL VELIVOLO
E902.2,DOVUTO AD IMMERSIONE
E902.8,DOVUTO A ALTRE SPECIFICHE CAUSE
E902.9,CAUSA NON SPECIFICATA
E903,VIAGGIO E MOVIMENTO
E904.0,ABBANDONO O NEGLIGENZA DI INFANTI E PERSONE INDIFESE
E904.1,MANCANZA DI CIBO
E904.2,MANCANZA DI ACQUA
E904.3,"ESPOSIZIONE (A CONDIZIONI CLIMATICHE), NON CLASSIFICABILE ALTROVE"
E904.9,"PRIVAZIONE, NON QUALIFICATA"
E905.0,SERPENTI E LUCERTOLE VELENOSE COBRA MAMBA SERPENTE A TESTA DI RAME SERPENTE A SONAGLI SERPENTE CORALLO SERPENTE MARINO SERPENTE (VELENOSO) ELODERMA VIPERA BUNGARO CERULEO MOCASSINO ACQUATICO
E905.1,RAGNI VELENOSI VEDOVA NERA TARANTOLA (VELENOSA) RAGNO MARRONE
E905.2,SCORPIONE
E905.3,"CALABRONI, VESPE, E API"
E905.4,CENTOPIEDI E MILLEPIEDI VELENOSO (TROPICALE)
E905.5,ALTRO ARTROPODE VELENOSO
E905.6,ANIMALI MARINI E PIANTE VELENOSI
E905.7,AVVELENAMENTO E REAZIONI TOSSICHE CAUSATE DA ALTRE PIANTE
E905.8,ALTRO SPECIFICATO
E905.9,NON SPECIFICATO
E906.0,MORSO DI CANE
E906.1,MORSO DI RATTO
E906.2,MORSO DI SERPENTI O LUCERTOLE NON VELENOSE
E906.3,MORSO DI ALTRO ANIMALE ECCETTO ARTROPODE
E906.4,MORSO DI ARTROPODE NON VELENOSO
E906.5,MORSO DI ANIMALE NON SPECIFICATO
E906.8,ALTRO TRAUMATISMO SPECIFICO CAUSATO DA ANIMALE
E906.9,TRAUMATISMO NON SPECIFICATO CAUSATO DA ANIMALE
E907,FULMINE
E908.0,URAGANO BURRASCA
E908.1,TORNADO CICLONE TROMBA D ARIA
E908.2,ALLUVIONI PRECIPITAZIONI TORRENZIALI ALLUVIONE IMPROVVISA
E908.3,BUFERA (NEVE) (GHIACCIO)
E908.4,TEMPESTA DI POLVERE
E908.8,ALTRE TEMPESTE CATACLISMICHE
E908.9,"TEMPESTE CATACLISMICHE NON SPECIFICATE, E ALLUVIONI RISULTANTI DA TEMPESTE TEMPESTA SAI"
E909.0,TERREMOTI
E909.1,ERUZIONI VULCANICHE USTIONI DA LAVA INALAZIONE DI CENERE
E909.2,"VALANGA, FRANA, O COLATA DI FANGO"
E909.3,CROLLO DI DIGA O STRUTTURA ARTIFICIALE
E909.4,ONDATA DI MAREMOTO CAUSATA DA TERREMOTO ONDATA DI MAREMOTO SAI TSUNAMI
E909.8,ALTRI MOVIMENTI DELLA SUPERFICIE TERRESTRE E ERUZIONI CATACLISMICHE
E909.9,MOVIMENTI DELLA SUPERFICIE TERRESTRE E ERUZIONI CATACLISMICHE NON SPECIFICATI
E910.0,MENTRE SI FA SCI D ACQUA
E910.1,MENTRE SI E' IMPEGNATI IN ALTRO SPORT O ATTIVITA' RICREATIVA CON EQUIPAGGIAMENTO DA IMMERSIONE IMMERSIONE SUBACQUEA SAI NUOTO SUBACQUEO SAI PESCA SUBACQUEA A FIOCINA
E910.2,"MENTRE SI E' IMPEGNATI IN ALTRO SPORT O ATTIVITA' RICREATIVA SENZA EQUIPAGGIAMENTO DA IMMERSIONE PESCANDO O CACCIANDO, ECCETTO DA UNA BARCA O CON EQUIPAGGIAMENTO DA IMMERSIONE PATTINAGGIO SU GHIACCIO GIOCARE NELL ACQUA SURF NUOTO SAI SALTO VOLONTARIO DALLA BARCA, NON RIGUARDANTE UN INCIDENTE, PER NUOTO SAI CHE GUADA IN ACQUA"
E910.3,MENTRE SI NUOTA O CI SI IMMERGE PER UN FINE CHE NON SIA DIVERTIMENTO O SPORT SALVATAGGIO MARINO (CON EQUIPAGGIAMENTO DA IMMERSIONE) IMMERSIONE PER LA PESCA DELLE PERLE (CON EQUIPAGGIAMENTO DA IMMERSIONE) SISTEMAZIONE RETI DA PESCA (CON EQUIPAGGIAMENTO DA IMMERSIONE) SALVATAGGIO (TENTATIVO) DI UN ALTRA PERSONA (CON EQUIPAGGIAMENTO DA IMMERSIONE) COSTRUZIONE O RIFUGIO SUBACQUEO (CON EQUIPAGGIAMENTO DA IMMERSIONE)
E910.4,NELLA VASCA DA BAGNO
E910.8,ALTRA IMMERSIONE O IMMERSIONE ACCIDENTALE
E910.9,IMMERSIONE O IMMERSIONE ACCIDENTALE NON SPECIFICATA CADUTA ACCIDENTALE IN ACQUA SAI IMMERSIONE SAI
E911,"INALAZIONE E INGESTIONE DI CIBO CHE CAUSA OSTRUZIONE DEL TRATTO RESPIRATORIO O SOFFOCAMENTO ASPIRAZIONE E INALAZIONE DI CIBO (QUALSIASI) (NEL TRATTO RESPIRATORIO) SAI ASFISSIA DA CIBO (CHE INCL. OSSA, SEME NEL CIBO, CIBO RIGURGITATO) STROZZAMENTO DA CIBO (CHE INCL. OSSA, SEME NEL CIBO, CIBO RIGURGITATO) SOFFOCAMENTO DA CIBO (CHE INCL. OSSA, SEME NEL CIBO, CIBO RIGURGITATO) COMPRESSIONE DELLA TRACHEA DA CIBO DEPOSITATO NELL ESOFAGO INTERRUZIONE DELLA RESPIRAZIONE DA CIBO DEPOSITATO NELL ESOFAGO OSTRUZIONE DELLA RESPIRAZIONE DA CIBO DEPOSITATO NELL ESOFAGO OSTRUZIONE DA CIBO (BOLO) DELLA FARINGE"
E912,INALAZIONE E INGESTIONE DI ALTRO OGGETTO CHE CAUSA OSTRUZIONE DEL TRATTO RESPIRATORIO O SOFFOCAMENTO ASPIRAZIONE E INALAZIONE DI CORPO ESTRANEO ECCETTO CIBO (NEL TRATTO RESPIRATORIO) SAI OGGETTO ESTRANEO (CHICCO) (PALLINA) NEL NASO OSTRUZIONE DELLA FARINGE DA CORPO ESTRANEO COMPRESSIONE NELL ESOFAGO DA CORPO ESTRANEO INTERRUZIONE DELLA RESPIRAZIONE DA CORPO ESTRANEO NELL ESOFAGO OSTACOLO ALLA RESPIRAZIONE DA CORPO ESTRANEO NELL ESOFAGO
E913.0,NEL LETTO O CULLA
E913.1,DA BUSTA DI PLASTICA
E913.2,DOVUTO AD INSUFFICIENZA D ARIA (IN POSTO CHIUSO) ACCIDENTALMENTE CHIUSO NEL FRIGORIFERO O ALTRO SPAZIO ERMETICO CHIUSO IMMERSIONE CON INSUFFICIENTE PRESA D ARIA
E913.3,DA TERRENO CHE CEDE O ALTRA SOSTANZA SPROFONDAMENTO SAI
E913.8,"ALTRE SITUAZIONI SPECIFICATE IMPICCAGIONE ACCIDENTALE, ECCETTO NEL LETTO E NELLA CULLA"
E913.9,"SITUAZIONI NON SPECIFICATE ASFISSIA, MECCANICA SAI STRANGOLAMENTO SAI SOFFOCAMENTO SAI"
E914,CORPO ESTRANEO CHE ACCIDENTALMENTE ENTRA NELL OCCHIO E ANNESSI
E915,CORPO ESTRANEO CHE ENTRA ACCIDENTALMENTE IN UN ALTRO ORIFIZIO
E916,COLPITO ACCIDENTALMENTE DA OGGETTO CADENTE
E917.0,IN SPORT SENZA CONSEGUENTE CADUTA CALCIO O CALPESTAMENTO DURANTE IL GIOCO (FOOTBALL) (RUGBY) COLPO DA PALLA COLPITA O LANCIATA COLPO DA MAZZA O DISCO DA HOCKEY
E917.1,"CAUSATO DA FOLLA, DA PAURA COLLETTIVA, O PANICO, SENZA CADUTA CONSEGUENTE SCHIACCIATO DA FOLLA O DA FUGA DISORDINATA DI PERSONE SPINTO DA FOLLA O DA FUGA DISORDINATA DI PERSONE CALPESTATO DA FOLLA O DA FUGA DISORDINATA DI PERSONE"
E917.2,"IN ACQUA CORRENTE, SENZA CONSEGUENTE CADUTA"
E917.3,"MOBILIO, SENZA CONSEGUENTE CADUTA"
E917.4,"ALTRO OGGETTO STAZIONARIO, SENZA CONSEGUENTE CADUTA VASCA DA BAGNO RECINZIONE PALO DELLA LUCE"
E917.5,IN SPORT CON CONSEGUENTE CADUTA COLPO BASSO MENTRE SI PRATICA LA BOX
E917.6,"CAUSATO DA FOLLA, DA PAURA COLLETTIVA, O PANICO, CON CADUTA CONSEGUENTE"
E917.7,"MOBILE, CON CONSEGUENTE CADUTA"
E917.8,"ALTRO OGGETTO STAZIONARIO, SENZA CONSEGUENTE CADUTA VASCA DA BAGNO RECINZIONE PALO DELLA LUCE"
E917.9,"ALTRO URTO, CON O SENZA CONSEGUENTE CADUTA"
E918,INTRAPPOLATO ACCIDENTALMENTE IN O TRA OGGETTI
E919.0,"MACCHINE AGRICOLE MACCHINA AGRICOLA A TRAZIONE ANIMALE MIETITREBBIA DERRICK, FIENO MACCHINA AGRICOLA (SAI) TRATTORE AGRICOLO MIETITRICE TREBBIATRICE MACCHINA PER MUOVERE E SETACCIARE IL FIENO"
E919.1,MACCHINARI PER ATTIVITA' MINERARIA E PERFORAZIONE DELLA TERRA
E919.2,MACCHINE E APPARECCHI DI SOLLEVAMENTO
E919.3,MACCHINE PER LA LAVORAZIONE DI OGGETTI METALLICI
E919.4,MACCHINE PER FORMAZIONE E FALEGNAMERIA
E919.5,"MACCHINE MOTRICI, ECCETTO MOTORI ELETTRICI"
E919.6,MACCHINARIO DI TRASMISSIONE
E919.7,MACCHINE PER MOVIMENTO O RASCHIATURA DELLA TERRA E ALTRE MACCHINE ESCAVATRICI
E919.8,MACCHINARI ALTRIMENTI SPECIFICATI
E919.9,MACCHINARI NON SPECIFICATI
E920.0,TAGLIA PRATO MOTORIZZATO
E920.1,ALTRI ARNESI MANUALI
E920.2,CONGEGNI E APPARECCHI DOMESTICI MOTORIZZATI
E920.3,"COLTELLI, SPADE E PUGNALI"
E920.4,ALTRI STRUMENTI E UTENSILI MANUALI
E920.5,AGO IPODERMICO
E920.8,ALTRI STRUMENTI O OGGETTI TAGLIENTI E PUNGENTI SPECIFICATI
E920.9,STRUMENTI O AGGETTI TAGLIENTI E PUNGENTI NON SPECIFICATI
E921.0,CALDAIA
E921.1,BOMBOLA DI GAS
E921.8,ALTRI RECIPIENTI SOTTO PRESSIONE SPECIFICATI
E921.9,RECIPIENTI SOTTO PRESSIONE NON SPECIFICATI
E922.0,ARMA DA FUOCO CHE SI IMPUGNA CON UNA MANO SOLA
E922.1,FUCILE DA CACCIA (AUTOMATICO)
E922.2,FUCILE DA CACCIA
E922.3,ARMI DA FUOCO MILITARI
E922.4,FUCILE AD ARIA COMPRESSA FUCILE BB FUCILE A PIOMBINI
E922.5,PISTOLA A PROIETTILI COLORANTI
E922.8,MISSILE DA ARMA DA FUOCO ALTRIMENTI SPECIFICATA
E922.9,MISSILE DA ARMA DA FUOCO NON SPECIFICATA
E923.0,FUOCHI D ARTIFICIO
E923.1,MATERIALI ESPLOSIVI
E923.2,GAS ESPLOSIVI
E923.8,ALTRI MATERIALI ESPLOSIVI
E923.9,MATERIALI ESPLOSIVI NON SPECIFICATI
E924.0,"LIQUIDI E FUMI CALDI, INCLUSO VAPORE"
E924.1,SOSTANZE CAUSTICHE E CORROSIVE
E924.2,ACQUA DI RUBINETTO CALDA (BOLLENTE)
E924.8,ALTRI
E924.9,NON SPECIFICATI
E925.0,IMPIANTI E APPARECCHI DOMESTICI
E925.1,"CENTRALE ELETTRICA, STAZIONI DI DISTRIBUZIONE, LINEE DI TRASMISSIONE"
E925.2,"IMPIANTI, APPARECCHI, E MACCHINARI ELETTRICI, INDUSTRIALI"
E925.8,ALTRA CORRENTE ELETTRICA
E925.9,CORRENTE ELETTRICA NON SPECIFICATA
E926.0,RADIAZIONI DA RADIOFREQUENZA
E926.1,RISCALDATORE E LAMPADA INFRAROSSI
E926.2,FONTI DI LUCE VISIBILI E ULTRAVIOLETTE
E926.3,RAGGI-X E ALTRE RADIAZIONI ELETTROMAGNETICHE IONIZZANTI
E926.4,LASER
E926.5,ISOTOPI RADIOATTIVI
E926.8,RADIAZIONI ALTRIMENTI SPECIFICATE
E926.9,RADIAZIONI NON SPECIFICATE
E927,AFFATICAMENTO E MOVIMENTI STRENUI
E928.0,PERMANENZA PROLUNGATA IN AMBIENTE PRIVO DI GRAVITA'
E928.1,ESPOSIZIONE A RUMORE
E928.2,VIBRAZIONE
E928.3,MORSO UMANO
E928.4,COSTRIZIONE ESTERNA CAUSATA DA CAPELLI
E928.5,COSTRIZIONE ESTERNA CAUSATA DA ALTRI OGGETTI
E928.8,ALTRE
E928.9,INCIDENTE NON SPECIFICATO
E929.0,POSTUMI DI INCIDENTE DA VEICOLO A MOTORE
E929.1,POSTUMI DI ALTRI INCIDENTE DA TRASPORTO
E929.2,POSTUMI DI AVVELENAMENTO ACCIDENTALE
E929.3,POSTUMI DI CADUTA ACCIDENTALE
E929.4,POSTUMI DI INCIDENTE CAUSATI DAL FUOCO
E929.5,POSTUMI DI INCIDENTE DOVUTI A FATTORI NATURALI E AMBIENTALI
E929.8,POSTUMI DI ALTRI INCIDENTE
E929.9,POSTUMI DI INCIDENTE NON SPECIFICATI
E930.0,PENICILLINE
E930.1,ANTIBIOTICI ANTIFUNGINI
E930.2,GRUPPO DEI CLORAMFENICOLI
E930.3,ERITROMICINA E ALTRI MACROLIDI
E930.4,GRUPPO DELLE TETRACICLINE
E930.5,GRUPPO DELLE CEFALOSPORINE
E930.6,ANTIBIOTICI ANTIMICOBATTERICI
E930.7,ANTIBIOTICI ANTINEOPLASTICI
E930.8,ALTRI ANTIBIOTICI SPECIFICATI
E930.9,ANTIBIOTICI NON SPECIFICATI
E931.0,SULFONAMIDI
E931.1,ANTI-INFETTIVI ARSENICALI
E931.2,METALLI PESANTI ANTI-INFETTIVI
E931.3,DERIVATI DELLA CHINOLINA E IDROSSICHINOLINA
E931.4,ANTIMALARICI E FARMACI ATTIVI NEI CONFRONTI DI ALTRI PROTOZOI EMATICI
E931.5,ALTRI FARMACI ANTIPROTOZOARI
E931.6,ANTIELMINTICI
E931.7,FARMACI ANTIVIRALI
E931.8,ALTRI FARMACI ANTIMICOBATTERICI
E931.9,ALTRI E NON SPECIFICATI ANTI-INFETTIVI
E932.0,ADRENOCORTICOSTEROIDI
E932.1,ANDROGENI E CONGENERI ANABOLIZZANTI
E932.2,ORMONI OVARICI E SOSTITUTI BIOLOGICI
E932.3,INSULINE E FARMACI ANTIDIABETICI
E932.4,ORMONI IPOFISARI ANTERIORI
E932.5,ORMONI IPOFISARI POSTERIORI
E932.6,PARATIROIDE E DERIVATI DELLA PARATIROIDE
E932.7,TIROIDE E DERIVATI DELLA TIROIDE
E932.8,AGENTI ANTITIROIDEI
E932.9,ALTRI E NON SPECIFICATI ORMONI E SOSTITUTI BIOLOGICI
E933.0,FARMACI ANTIALLERGICI E ANTIEMETICI
E933.1,FARMACI ANTINEOPLASTICI E IMMUNOSOPPRESSORI
E933.2,AGENTI ACIDIFICANTI
E933.3,AGENTI ALCALINIZZANTI
E933.4,"ENZIMI, NON CLASSIFICATI ALTROVE"
E933.5,"VITAMINE, NON CLASSIFICATE ALTROVE"
E933.8,"ALTRI AGENTI SISTEMICI, NON CLASSIFICATI ALTROVE"
E933.9,AGENTI SISTEMICI NON SPECIFICATI
E934.0,FERRO E SUOI COMPOSTI
E934.1,PREPARATI DI FEGATO E ALTRI AGENTI ANTIANEMICI
E934.2,ANTICOAGULANTI
E934.3,VITAMINA K [FITONADIONE]
E934.4,FARMACI AGENTI SULLA FIBRINOLISI
E934.5,ANTAGONISTI DELLA COAGULAZIONE E ALTRI COAGULANTI
E934.6,GAMMAGLOBULINE
E934.7,SANGUE NATURALE E PRODOTTI EMATICI
E934.8,ALTRI AGENTI ATTIVI SUI COSTITUENTI EMATICI
E934.9,"AGENTI ATTIVI SUI COSTITUENTI EMATICI, NON SPECIFICATI"
E935.0,EROINA
E935.1,METADONE
E935.2,ALTRI OPPIACEI E NARCOTICI CORRELATI
E935.3,SALICILATI
E935.4,"ANALGESICI AROMATICI, NON CLASSIFICATI ALTROVE"
E935.5,DERIVATI DEL PIRAZOLO
E935.6,ANTIREUMATICI [ANTIFLOGISTICI]
E935.7,ALTRI ANALGESICI NON NARCOTICI
E935.8,ALTRI ANALGESICI SPECIFICATI E ANTIPIRETICI
E935.9,ANALGESICI E ANTIPIRETICI NON SPECIFICATI
E936.0,DERIVATI DELL OSSAZOLINA
E936.1,DERIVATI DELL IDANTOINA
E936.2,SUCCINIMIDI
E936.3,ALTRI E NON SPECIFICATI ANTICONVULSIVANTI
E936.4,FARMACI ANTI-PARKINSONISMO
E937.0,BARBITURICI
E937.1,GRUPPO DEL CLORALIO IDRATO
E937.2,PARALDEIDE
E937.3,COMPOSTI DEL BROMO
E937.4,COMPOSTI DEL METAQUALONE
E937.5,GRUPPO DELLA GLUTETIMIDE
E937.6,"SEDATIVI MISTI, NON CLASSIFICATI ALTROVE"
E937.8,ALTRI SEDATIVI E IPNOTICI
E937.9,NON SPECIFICATI
E938.0,FARMACI DEPRESSORI DEL TONO MUSCOLARE PER AZIONE SUL SISTEMA NERVOSO CENTRALE
E938.1,ALOTANO
E938.2,ALTRI ANESTETICI GASSOSI
E938.3,ANESTETICI INTRAVENOSI
E938.4,ALTRI E NON SPECIFICATI ANESTETICI GENERALI
E938.5,ANESTETICI DI SUPERFICIE (TOPICI) E DA INFILTRAZIONE
E938.6,ANESTETICI CHE AGISCONO SUI PLESSI NERVOSI E SUI NERVI PERIFERICI
E938.7,ANESTETICI SPINALI
E938.9,ALTRI E NON SPECIFICATI ANESTETICI LOCALI
E939.0,ANTIDEPRESSIVI
E939.1,TRANQUILLANTI A BASE DI FENOTIAZINA
E939.2,TRANQUILLANTI A BASE DI BUTIRROFENONE
E939.3,"ALTRI ANTIPSICOTICI, NEUROLETTICI E TRANQUILLANTI MAGGIORI"
E939.4,TRANQUILLANTI A BASE DI BENZODIAZEPINE
E939.5,ALTRI TRANQUILLANTI
E939.6,PSICODISLEPTICI (ALLUCINOGENI)
E939.7,PSICOSTIMOLANTI
E939.8,ALTRE SOSTANZE PSICOTROPE
E939.9,SOSTANZE PSICOTROPE NON SPECIFICATE
E940.0,ANALETTICI
E940.1,ANTAGONISTI DEGLI OPPIACEI
E940.8,ALTRI STIMOLANTI SPECIFICATI DEL SISTEMA NERVOSO CENTRALE
E940.9,STIMOLANTI NON SPECIFICATI DEL SISTEMA NERVOSO CENTRALE
E941.0,PARASIMPATICOMIMETICI (COLINERGICI)
E941.1,PARASIMPATICOLITICI (ANTICOLINERGICI E ANTIMUSCARINICI) E SPASMOLITICI
E941.2,SIMPATICOMIMETICI (ADRENERGICI)
E941.3,SIMPATICOLITICI (ANTIADRENERGICI)
E941.9,FARMACI NON SPECIFICATI CHE AGISCONO PRINCIPALMENTE SUL SISTEMA NERVOSO AUTONOMO
E942.0,FARMACI REGOLATORI DEL RITMO CARDIACO
E942.1,GLICOSIDI CARDIOTONICI E FARMACI AD AZIONE SIMILARE
E942.2,FARMACI ANTILIPEMICI E ANTIATEROSCLEROTICI
E942.3,GANGLIOPLEGICI
E942.4,VASODILATATORI CORONARICI
E942.5,ALTRI VASODILATATORI
E942.6,ALTRE SOSTANZE ANTIPERTENSIVE
E942.7,"FARMACI ANTIVARICI, COMPRESE LE SOSTANZE SCLEROSANTI"
E942.8,FARMACI CAPILLARO-ATTIVI
E942.9,ALTRI E NON SPECIFICATI FARMACI CHE AGISCONO PRINCIPALMENTE SUL SISTEMA CARDIOVASCOLARE
E943.0,FARMACI ANTIACIDI E INIBITORI DELLA SECREZIONE GASTRICA
E943.1,CATARTICI IRRITANTI
E943.2,CATARTICI EMOLLIENTI
E943.3,"ALTRI CATARTICI, COMPRESI I FARMACI CONTRO L ATONIA INTESTINALE"
E943.4,DIGESTIVI
E943.5,FARMACI ANTIDIARROICI
E943.6,EMETICI
E943.8,ALTRI FARMACI SPECIFICATI CHE AGISCONO PRINCIPALMENTE SULL APPARATO GASTROINTESTINALE
E943.9,DA FARMACI NON SPECIFICATI CHE AGISCONO PRINCIPALMENTE SULL APPARATO GASTROINTESTINALE
E944.0,DIURETICI MERCURIALI
E944.1,DIURETICI PURINICI
E944.2,INIBITORI DELL ANIDRASI CARBONICA
E944.3,SALURETICI
E944.4,ALTRI DIURETICI
E944.5,"FARMACI CHE AGISCONO SULL EQUILIBRIO ELETTROLITICO, CALORICO ED IDRICO"
E944.6,ALTRI SALI MINERALI NON CLASSIFICATI ALTROVE
E944.7,FARMACI CHE AGISCONO SUL METABOLISMO DELL ACIDO URICO
E945.0,FARMACI OSSITOCICI
E945.1,FARMACI RILASSANTI DELLA MUSCOLATURA LISCIA
E945.2,FARMACI RILASSANTI DELLA MUSCOLATURA STRIATA
E945.3,ALTRI E NON SPECIFICATI FARMACI CHE AGISCONO SUI MUSCOLI
E945.4,FARMACI ANTITOSSE
E945.5,FARMACI ESPETTORANTI
E945.6,FARMACI CONTRO IL RAFFREDDORE COMUNE
E945.7,FARMACI ANTIASMATICI
E945.8,ALTRI E NON SPECIFICATI FARMACI DELL APPARATO RESPIRATORIO
E946.0,FARMACI ANTIBIOTICI E ANTI-INFIAMMATORI LOCALI
E946.1,ANTIPRURIGINOSI
E946.2,ASTRINGENTI E DETERGENTI LOCALI
E946.3,"EMOLLIENTI, LENITIVI E PROTETTIVI"
E946.4,"CHERATOLITICI, CHERATOPLASTICI ED ALTRI FARMACI E PREPARATI PER IL TRATTAMENTO DEI CAPELLI"
E946.5,ANTIBIOTICI ED ALTRI FARMACI PER GLI OCCHI
E946.6,"ANTIBIOTICI ED ALTRI FARMACI E PREPARATI PER ORECCHIO, NASO E GOLA"
E946.7,FARMACI PER I DENTI APPLICATI PER VIA TOPICA
E946.8,ALTRE SOSTANZE AGENTI PRINCIPALMENTE SULLA PELLE E SULLE MUCOSE
E946.9,SOSTANZE NON SPECIFICATE AGENTI PRINCIPALMENTE SULLA PELLE E SULLE MUCOSE
E947.0,DIETETICI
E947.1,FARMACI LIPOTROPI
E947.2,ANTIDOTI E AGENTI CHELANTI NON CLASSIFICATI ALTROVE
E947.3,ANTAGONISTI DELL ALCOOL
E947.4,ECCIPIENTI FARMACEUTICI
E947.8,ALTRI FARMACI E MEDICAMENTI SPECIFICATI
E947.9,FARMACO O MEDICAMENTO NON SPECIFICATO
E948.0,VACCINI BCG (BACILLO CALMETTE-GUERIN)
E948.1,VACCINO CONTRO IL TIFO E PARATIFO
E948.2,VACCINO CONTRO IL COLERA
E948.3,VACCINO CONTO LA PESTE
E948.4,VACCINO CONTRO IL TETANO
E948.5,VACCINO CONTRO LA DIFTERITE
E948.6,"VACCINO CONTRO LA PERTOSSE, COMPRESI I VACCINI MISTI CON COMPONENTE ANTIPERTOSSE"
E948.8,ALTRI E NON SPECIFICATI VACCINI ANTI-BATTERICI
E948.9,"VACCINI ANTI-BATTERICI MISTI, ESCLUSI QUELLI CON COMPONENTE ANTIPERTOSSE"
E949.0,VACCINO ANTIVAIOLOSO
E949.1,VACCINO ANTIRABBICO
E949.2,VACCINO CONTRO IL TIFO ESANTEMATICO
E949.3,VACCINO CONTRO LA FEBBRE GIALLA
E949.4,VACCINO ANTIMORBILLOSO
E949.5,VACCINO ANTIPOLIOMIELITICO
E949.6,ALTRI E NON SPECIFICATI VACCINI CONTRO VIRUS E RICKETTSIE
E949.7,"VACCINI MISTI CONTRO VIRUS, RICKETTSIE E BATTERI, ESCLUSI QUELLI CON COMPONENTE ANTIPERTOSSE"
E949.9,ALTRI E NON SPECIFICATI VACCINI E PRODOTTI BIOLOGICI
E950.0,"ANALGESICI,ANTIPIRETICI ED ANTIREUMATICI"
E950.1,BARBITURICI
E950.2,ALTRI SEDATIVI O IPNOTICI
E950.3,TRANQUILLANTI ED ALTRI AGENTI PSICOTROPI
E950.4,ALTRE DROGHE SPECIFICHE E SOSTANZE MEDICINALI
E950.5,DROGA NON SPECIFICA E SOSTANZE MEDICINALI
E950.6,PRODOTTO CHIMICO AGRICOLO E DELL ORTICULTURA E PREPARAZIONI PARAFARMACEUTICHE DIVERSE DA PIANTINE DA ALIMENTO E FERTILIZZANTI
E950.7,SOSTANZE CORROSIVE E CAUSTICHE
E950.8,ARSENICO E SUOI COMPOSTI
E950.9,ALTRE E NON SPECIFICATE SOSTANZE LIQUIDE E SOLIDE
E951.0,GAS DISTRIBUITO DA CONDUTTURA
E951.1,GAS PETROLIFERO LIQUEFATTO DISTRIBUITO IN CONTAINERS MOBILI
E951.8,ALTRO GAS UTILE
E952.0,GAS DI SCARICO DEL VEICOLO A MOTORE
E952.1,ALTRO MONOSSIDO DI CARBONIO
E952.8,ALTRI GAS E VAPORI SPECIFICI
E952.9,GAS E VAPORI NON SPECIFICI
E953.0,IMPICCAGIONE
E953.1,SOFFOCAMENTO DA SACCHETTO DI PLASTICA
E953.8,ALTRO SPECIFICATO MEZZO
E953.9,NON SPECIFICATO MEZZO
E954,SUICIDIO E LESIONI AUTOINFLITTE DA IMMERSIONE O ANNEGAMENTO
E955.0,RIVOLTELLA
E955.1,FUCILE DA CACCIA
E955.2,CARABINA DA CACCIA
E955.3,ARMI DA FUOCO MILITARI
E955.4,ALTRA E NON SPECIFICATA ARMA DA FUOCO COLPO DI ARMA DA FUOCO SAI SPARO SAI
E955.5,ESPLOSIVI
E955.6,ARMA DA FUOCO CHE SI IMPUGNA CON UNA SOLA MANO FUCILE BB FUCILE A PIOMBINI
E955.7,PISTOLA A PROIETTILI COLORANTI
E955.9,NON SPECIFICATA
E956,SUICIDIO E LESIONI AUTOINFLITTE DA TAGLIO E DA STRUMENTO PERFORANTE
E957.0,EDIFICIO RESIDENZIALE
E957.1,ALTRE STRUTTURE FATTE DALL UOMO
E957.2,SITI NATURALI
E957.9,NON SPECIFICATO
E958.0,SALTO O SCIVOLO DA OGGETTO IN MOVIMENTO
E958.1,"INCENDIO, FUOCO"
E958.2,SCOTTATURA
E958.3,ESTREMO FREDDO
E958.4,ELETTROCUZIONE
E958.5,ROTTURA DI VEICOLO A MOTORE
E958.6,ROTTURA DI AEREO
E958.7,"SOSTANZE CAUSTICHE, ECCETTO AVVELENAMENTO"
E958.8,ALTRI MEZZI SPECIFICI
E958.9,MEZZI NON SPECIFICI
E959,POSTUMI DI LESIONI AUTOINFLITTE
E960.0,COMBATTIMENTO NON ARMATO O RISSA
E960.1,STUPRO
E961,"AGGRESSIONE CON SOSTANZA CAUSTICA O CORROSIVA, ECCETTO AVVELENAMENTO"
E962.0,DROGHE E SOSTANZE MEDICINALI
E962.1,ALTRE SOSTANZE LIQUIDE O SOLIDE
E962.2,ALTRI GAS O VAPORI
E962.9,AVVELENAMENTO NON SPECIFICATO
E963,AGGRESSIONE CON IMPICCAGIONE E STRANGOLAMENTO
E964,AGGRESSIONE CON IMMERSIONE (AFFOGAMENTO)
E965.0,ARMA DA FUOCO
E965.1,FUCILE DA CACCIA
E965.2,CARABINA DA CACCIA
E965.3,ARMI DA FUOCO MILITARI
E965.4,ALTRA E NON SPECIFICATA ARMA DA FUOCO
E965.5,MINA ANTIUOMO
E965.6,BOMBA A BENZINA
E965.7,LETTERA ESPLOSIVA
E965.8,ALTRO ESPLOSIVO SPECIFICATO
E965.9,ESPLOSIVO NON SPECIFICATO
E966,AGGRESSIONE CON STRUMENTO TAGLIENTE E PUNGENTE
E967.0,"DA PADRE, PATRIGNO O FIDANZATO"
E967.1,DA ALTRA PERSONA SPECIFICATA
E967.2,"DA MADRE, MATRIGNA O FIDANZATA"
E967.3,DA CONSORTE O PARTNER
E967.4,DA FIGLIO
E967.5,DA FRATELLO
E967.6,DA NONNO
E967.7,DA ALTRO PARENTE
E967.8,DA BADANTE NON PARENTE
E967.9,DA PERSONA NON SPECIFICATA
E968.0,INCENDIO
E968.1,SPINTA DA UN LUOGO ELEVATO
E968.2,COLPO CON OGGETTO CONTUNDENTE O LANCIATO
E968.3,LIQUIDO BOLLENTE
E968.4,NEGLIGENZA CRIMINALE
E968.5,VEICOLO DA TRASPORTO
E968.6,FUCILE AD ARIA COMPRESSA
E968.7,MORSO UMANO
E968.8,ALTRO MEZZO SPECIFICATO
E968.9,MEZZO NON SPECIFICATO
E969,POSTUMI DI LESIONI VOLUTAMENTE INFLITTE DA ALTRA PERSONA
E970,TRAUMATISMI DOVUTI AD INTERVENTI LEGALI DA ARMA DA FUOCO
E971,TRAUMATISMI DOVUTI AD INTERVENTI LEGALI DA ESPLOSIVI
E972,TRAUMATISMI DOVUTI AD INTERVENTI LEGALI DA GAS
E973,TRAUMATISMI DOVUTI AD INTERVENTI LEGALI DA OGGETTO CONTUNDENTE
E974,TRAUMATISMI DOVUTI AD INTERVENTI LEGALI DA OGGETTI TAGLIENTI E PUNGENTI
E975,TRAUMATISMI DOVUTI AD INTERVENTI LEGALI DA ALTRI MEZZI SPECIFICATI
E976,TRAUMATISMI DOVUTI AD INTERVENTI LEGALI DA MEZZI NON SPECIFICATI
E977,POSTUMI DI TRAUMATISMI DOVUTI AD INTERVENTI LEGALI
E978,ESECUZIONE LEGALE
E979.0,"TERRORISMO RIGUARDANTE ESPLOSIONE DI TRUPPE MARINE CARICA DI PROFONDITA' MINA MARINA MINA SAI, A MARE O IN PORTO ARTIGLIERIA CORAZZATA SU BASE MARINA TORPEDINE ESPLOSIONE SUBACQUEA"
E979.1,TERRORISMO RIGUARDANTE DISTRUZIONE DI MEZZO AEREO MEZZO AEREO UTILIZZATO COME ARMAMENTO MEZZO AEREO: BRUCIATO ESPLOSO ABBATTUTO SCHIACCIAMENTO DA MEZZO AEREO CHE PRECIPITA
E979.2,TERRORISMO RIGUARDANTE ALTRE ESPLOSIONI E FRAMMENTI
E979.3,"TERRORISMO RIGUARDANTE INCENDI, CONFLAGRAZIONE E SOSTANZE ROVENTI"
E979.4,TERRORISMO RIGUARDANTE ARMI DA FUOCO
E979.5,TERRORISMO RIGUARDANTE ARMI NUCLEARI EFFETTI DA ESPLOSIONE ESPOSIZIONE A RADIAZIONI IONIZZANTI DA ARMI NUCLEARI EFFETTI DI GLOBO IGNEO CALORE DA ARMA NUCLEARE ALTRI EFFETTI DIRETTI E SECONDARI DI ARMI NUCLEARI
E979.6,TERRORISMO RIGUARDANTE ARMI BIOLOGICHE ANTRACE COLERA VAIOLO
E979.7,"TERRORISMO RIGUARDANTE ARMI CHIMICHE GAS, FUMI, PRODOTTI CHIMICI CIANURO DI IDROGENO FOSFORO GAS NERVINO"
E979.8,TERRORISMO RIGUARDANTE ALTRE SITUAZIONI ANNEGAMENTO E IMMERSIONE LASERS STRUMENTI PENETRANTI O LANCINANTI TERRORISMO SAI
E979.9,"TERRORISMO, EFFETTI SECONDARI"
E980.0,"ANALGESICI, ANTIPIRETICI, ANTIREUMATICI"
E980.1,BARBITURICI
E980.2,ALTRI SEDATIVI E IPNOTICI
E980.3,TRANQUILLANTI E ALTRI AGENTI PSICOTROPI
E980.4,ALTRI FARMACI SPECIFICATI E SOSTANZE MEDICINALI
E980.5,FARMACO O SOSTANZA MEDICINALE NON SPECIFICATA
E980.6,SOSTANZE CORROSIVE E CAUSTICHE
E980.7,PRODOTTO CHIMICO DELL AGRICOLTURA E DELL ORTICOLTURA E PREPARAZIONI FARMACEUTICHE TRANNE GLI ALIMENTI VEGETALI ED I FERTILIZZANTI
E980.8,ARSENICO E SUOI COMPOSTI
E980.9,ALTRE E NON SPECIFICATE SOSTANZE SOLIDE E LIQUIDE
E981.0,GAS DISTRIBUITO DALLA CONDUTTURA
E981.1,GAS DI PETROLIO LIQUEFATTO DISTRIBUITO IN CONTENITORI MOBILI
E981.8,ALTRO GAS UTILITARIO
E982.0,GAS DI SCARICO DI VEICOLO A MOTORE
E982.1,ALTRO MONOSSIDO DI CARBONIO
E982.8,ALTRI GAS E VAPORI SPECIFICATI
E982.9,GAS E VAPORI NON SPECIFICATI
E983.0,IMPICCAGIONE
E983.1,SOFFOCAMENTO DA SACCHETTO DI PLASTICA
E983.8,ALTRI SPECIFICATI MEZZI
E983.9,NON SPECIFICATI MEZZI
E984,"IMMERSIONE (ANNEGAMENTO), NON SPECIFICATO SE ACCIDENTALMENTE O INFLITTO DI PROPOSITO"
E985.0,ARMA DA FUOCO CHE SI IMPUGNA CON UNA SOLA MANO
E985.1,FUCILE DA CACCIA
E985.2,CARABINA DA CACCIA
E985.3,ARMI DA FUOCO MILITARI
E985.4,ALTRA E NON SPECIFICATA ARMA DA FUOCO
E985.5,ESPLOSIVI
E985.6,FUCILE AD ARIA COMPRESSA FUCILE BB FUCILE A PIOMBINI
E985.7,PISTOLA A PROIETTILI COLORANTI
E986,"TRAUMA DA STRUMENTI TAGLIENTI E PUNGENTI, NON SPECIFICATO SE ACCIDENTALMENTE O INFLITTO DI PROPOSITO"
E987.0,LOCALI RESIDENZIALI
E987.1,ALTRE STRUTTURE ARTIFICIALI
E987.2,LUOGHI NATURALI
E987.9,LUOGHI NON SPECIFICATI
E988.0,SALTO O POSIZIONAMENTO DAVANTI A UN OGGETTO IN MOVIMENTO
E988.1,"USTIONI, FUOCO"
E988.2,SCOTTATURA
E988.3,FREDDO ESTREMO
E988.4,ELETTROCUZIONE
E988.5,ARRESTO DEL VEICOLO A MOTORE
E988.6,SCONTRO DI MEZZO AEREO
E988.7,"SOSTANZE CAUSTICHE, ECCETTO AVVELENAMENTO"
E988.8,ALTRI MEZZI SPECIFICATI
E988.9,MEZZI NON SPECIFICATI
E989,"POSTUMI DEL TRAUMA, NON SPECIFICATO SE ACCIDENTALMENTE O INFLITTO DI PROPOSITO"
E990.0,DA BOMBA A BENZINA
E990.9,DA ALTRA E NON SPECIFICATA FONTE
E991.0,PALLOTTOLE DI GOMMA (FUCILE)
E991.1,PIOMBINI (FUCILE)
E991.2,ALTRE PALLOTTOLE
E991.3,BOMBA ANTI UOMO (FRAMMENTI)
E991.9,ALTRI E NON SPECIFICATI FRAMMENTI
E992,FERITA DOVUTA AD OPERAZIONI DI GUERRA DALL ESPLOSIONE DELLE ARMI MARINE
E993,TRAUMATISMO DOVUTO AD OPERAZIONI DI GUERRA DA ALTRE ESPLOSIONI
E994,TRAUMATISMO DOVUTO AD OPERAZIONI DI GUERRA DA DISTRUZIONE DI MEZZO AEREO
E995,TRAUMATISMO DOVUTO AD OPERAZIONI DI GUERRA DA ALTRE E NON SPECIFICATE FORME DI GUERRA CONVENZIONALE
E996,TRAUMATISMO DA ARMI NUCLEARI DOVUTO AD OPERAZIONI DI GUERRA
E997.0,LASER
E997.1,GUERRA BIOLOGICA
E997.2,"GAS, VAPORI, E PRODOTTI CHIMICI"
E997.8,ALTRE FORME SPECIFICATE DI GUERRA NON CONVENZIONALE
E997.9,FORME NON SPECIFICATE DI GUERRA NON CONVENZIONALE
E998,TRAUMATISMO DOVUTO AD OPERAZIONI DI GUERRA MA ACCADUTO DOPO LA CESSAZIONE DELLE OSTILITA'
E999.0,EFFETTI RITARDATI DI TRAUMATISMO DOVUTO AD OPERAZIONI DI GUERRA
E999.1,EFFETTI RITARDATI DI TRAUMATISMO DOVUTO A TERRORISMO
043,MALATTIA DA SARS-COV-2 (COVID-19)
043.1,MALATTIA DA SARS-COV-2 (COVID-19) CONCLAMATA
043.11,"COVID-19 CONCLAMATA, VIRUS IDENTIFICATO"
043.12,"COVID-19 CONCLAMATA, VIRUS NON IDENTIFICATO"
043.2,MALATTIA DA SARS-COV-2 (COVID-19) PAUCISINTOMATICA
043.21,"COVID-19 PAUCISINTOMATICA, VIRUS IDENTIFICATO"
043.22,"COVID-19 PAUCISINTOMATICA, VIRUS NON IDENTIFICATO"
043.3,MALATTIA DA SARS-COV-2 (COVID-19) ASINTOMATICA
043.31,"COVID-19 ASINTOMATICA, VIRUS IDENTIFICATO"
043.32,"COVID-19 ASINTOMATICA, VIRUS NON IDENTIFICATO"
480.4,POLMONITE IN COVID-19
480.41,"POLMONITE IN COVID-19, VIRUS IDENTIFICATO"
480.42,"POLMONITE IN COVID-19, VIRUS NON IDENTIFICATO"
518.9,SINDROME DA DISTRESS RESPIRATORIO (ARDS) IN COVID-19
518.91,"SINDROME DA DISTRESS RESPIRATORIO (ARDS) IN COVID-19, VIRUS IDENTIFICATO"
518.92,"SINDROME DA DISTRESS RESPIRATORIO (ARDS) IN COVID-19, VIRUS NON IDENTIFICATO"
519.7,ALTRA INFEZIONE DELLE VIE RESPIRATORIE IN COVID-19
519.71,"ALTRA INFEZIONE DELLE VIE RESPIRATORIE IN COVID-19, VIRUS IDENTIFICATO"
519.72,"ALTRA INFEZIONE DELLE VIE RESPIRATORIE IN COVID-19, VIRUS NON IDENTIFICATO"
V01.85,ESPOSIZIONE A SARS-COV-2
V12.04,ANAMNESI PERSONALE DA MALATTIA DA SARS-COV-2 (COVID-19)
V71.84,OSSERVAZIONE E VALUTAZIONE PER SOSPETTA ESPOSIZIONE A SARS-COV-2
E991,FERITA DOVUTA A OPERAZIONI DI GUERRA DA PALLOTTOLE E FRAMMENTI
E997,TRAUMATISMO DOVUTO AD OPERAZIONI DI GUERRA DA ALTRE FORME DI GUERRA NON CONVENZIONALE
E999,POSTUMO DI TRAMAUTISMO DOVUTO AD OPERAZIONI DI GUERRA E TERRORISMO
E826,INCIDENTE CON CICLI A PEDALI
E827,INCIDENTE DI VEICOLO A TRAZIONE ANIMALE
E828,INCIDENTE DI ANIMALI CAVALCATI
E829,ALTRI INCIDENTI DI VEICOLI STRADALI
E842,INCIDENTE DI MEZZO AEREO NON A MOTORE
E843,"CADUTA IN, SU O DA MEZZO AEREO"
E844,ALTRI INCIDENTI SPECIFICATI LEGATI AL TRASPORTO AEREO
E845,INCIDENTE RIGUARDANTE VEICOLO SPAZIALE
E849,LUOGO DELL ACCADIMENTO
E850,"INTOSSICAZIONE ACCIDENTALE DA ANALGESICI, ANTIPIRETICI ED ANTIREUMATICI"
E852,INTOSSICAZIONE ACCIDENTALE DA ALTRI SEDATIVI ED IPNOTICI
E853,INTOSSICAZIONE ACCIDENTALE DA TRANQUILLANTI
E854,INTOSSICAZIONE ACCIDENTALE DA ALTRI AGENTI PSICOTROPI
E855,INTOSSICAZIONE ACCIDENTALE DA ALTRI FARMACI CHE AGISCONO SUL SISTEMA NERVOSO CENTRALE E AUTONOMO
E858,INTOSSICAZIONE ACCIDENTALE DA ALTRI FARMACI
E860,"AVVELENAMENTO ACCIDENTALE DA ALCOOL, NON CLASSIFICATO ALTROVE"
E861,"AVVELENAMENTO ACCIDENTALE DA DETERGENTI E LUCIDANTI, DISINFETTANTI, SMALTI E VERNICI"
E862,"AVVELENAMENTO ACCIDENTALE DA PRODOTTI DEL PETROLIO, ALTRI SOLVENTI E LORO VAPORI, NON CLASSIFICATI ALTROVE"
E863,AVVELENAMENTO ACCIDENTALE DA PREPARATI CHIMICI E FARMACEUTICI DELL AGRICOLTURA E DELL ORTICOLTURA TRANNE SOSTANZE VEGETALI E FERTILIZZANTI
E864,"AVVELENAMENTO ACCIDENTALE DA CORROSIVI E CAUSTICI, NON CLASSIFICATI ALTROVE"
E865,AVVELENAMENTO ACCIDENTALE DA CIBO E PIANTE AVVELENATE
E866,AVVELENAMENTO ACCIDENTALE DA ALTRE SOSTANZE SOLIDE E LIQUIDE NON SPECIFICATE
E868,AVVELENAMENTO ACCIDENTALE DA ALTRI GAS DI UTILITA' E ALTRO MONOSSIDO DI CARBONIO
E869,AVVELENAMENTO ACCIDENTALE DA ALTRI GAS E VAPORI
E870,"TAGLIO, PUNTURA, PERFORAZIONE O EMORRAGIA ACCIDENTALI DURANTE CURE MEDICHE"
E871,CORPO ESTRANEO LASCIATO NEL CORPO DURANTE UNA PROCEDURA
E872,FALLIMENTO DELLE PRECAUZIONI PER GARANTIRE LA STERILITA' DURANTE UNA PROCEDURA
E873,ERRORE NEL DOSAGGIO
E874,GUASTO MECCANICO DI STRUMENTO O APPARECCHIATURA DURANTE UNA PROCEDURA
E875,"SANGUE, ALTRO FLUIDO, FARMACO O SOSTANZA BIOLOGICA CONTAMINATI O INFETTI"
E876,ALTRI E NON SPECIFICATI INCIDENTI DURANTE CURE MEDICHE
E878,"INTERVENTO CHIRURGICO E ALTRE PROCEDURE CHIRURGICHE COME CAUSA DI REAZIONE ANOMALA NEL PAZIENTE, O DI INCIDENTE, SUCCESSIVA, SENZA EVIDENZA DI INCIDENTE AL MOMENTO DELL INTERVENTO"
E879,"ALTRE PROCEDURE, SENZA EVIDENZA DI INCIDENTE AL MOMENTO DELLA PROCEDURA, COME CAUSA DI REAZIONE ANOMALA NEL PAZIENTE, O DI SUCCESSIVO INCIDENTE"
E880,CADUTA SULLE O DALLE SCALE O GRADINI
E881,CADUTA SU O DA SCALA A PIOLI O IMPALCATURA
E883,CADUTA IN BUCHE O ALTRE APERTURE IN SUPERFICIE
E884,ALTRA CADUTA DA UN LIVELLO AD UN ALTRO
E885,"CADUTA DA UNO STESSO LIVELLO DA SCIVOLAMENTO, DA INCIAMPO O INTOPPO"
E886,"CADUTA DA UNO STESSO LIVELLO DA COLLISIONE, SPINTA O URTO DA O CON UN ALTRA PERSONA"
E888,ALTRA E NON SPECIFICATA CADUTA
E890,CONFLAGRAZIONE IN ABITAZIONE PRIVATA
E891,CONFLAGRAZIONE IN ALTRO E NON SPECIFICATO EDIFICIO O STRUTTURA
E893,INCIDENTE CAUSATO DA ACCENSIONE DI INDUMENTO
E898,INCIDENTE CAUSATO DA ALTRO SPECIFICO FUOCO E VAPORI
E900,CALORE ECCESSIVO
E901,FREDDO ECCESSIVO
E902,ALTA E BASSA PRESSIONE AEREA E VARIAZIONI DELLA PRESSIONE AEREA
E904,"FAME, SETE, ESPOSIZIONE, NEGLIGENZA"
E905,ANIMALI VELENOSI E PIANTE COME CAUSE DI AVVELENAMENTO E REAZIONI TOSSICHE
E906,ALTRO TRAUMATISMO CAUSATO DA ANIMALI
E908,TEMPESTE E ALLUVIONI RISULTANTI DA TEMPESTE
E909,MOVIMENTI DELLA SUPERFICIE TERRESTRE E ERUZIONI CATACLISMICHE
E910,INCIDENTE DA ANNEGAMENTO E IMMERSIONE
E913,SOFFOCAMENTO MECCANICO ACCIDENTALE
E917,BATTENTE CONTRO O COLPITO ACCIDENTALMENTE DA OGGETTI O PERSONE
E919,INCIDENTE CAUSATO DA MACCHINARIO
E920,INCIDENTE CAUSATI DA STRUMENTI O OGGETTI TAGLIENTI E PUNGENTI
E921,INCIDENTI CAUSATI DA ESPLOSIONE DI RECIPIENTE SOTTO PRESSIONE
E922,INCIDENTE CAUSATO DA ARMA DA FUOCO E PROIETTILE DA ARMA AD ARIA COMPRESSA
E923,INCIDENTE CAUSATO MA MATERIALE ESPLOSIVO
E924,"INCIDENTI CAUSATI DA OGGETTI O SOSTANZE CALDE, MATERIALI CAUSTICI O CORROSIVI, E VAPORE"
E925,INCIDENTI CAUSATI DA CORRENTE ELETTRICA
E926,ESPOSIZIONE A RADIAZIONI
E928,ALTRE E NON SPECIFICATE CAUSE AMBIENTALI E ACCIDENTALI
E929,POSTUMI DI TRAUMATISMI ACCIDENTALI
E930,ANTIBIOTICI
E931,ALTRI ANTI-INFETTIVI
E932,ORMONI E SOSTITUTI SINTETICI
E933,SOSTANZE ESSENZIALMENTE SISTEMICHE
E934,AGENTI CHE INTERVENGONO ESSENZIALMENTE SUI COSTITUENTI EMATICI
E935,"ANALGESICI, ANTIPIRETICI E ANTIREUMATICI"
E936,ANTICONVULSIVANTI E FARMACI ANTI-PARKINSONISMO
E937,SEDATIVI E IPNOTICI
E938,EFFETTI AVVERSI DA ALTRI FARMACI DEPRESSORI DEL SISTEMA NERVOSO CENTRALE E ANESTETICI
E939,SOSTANZE PSICOTROPE
E940,STIMOLANTI DEL SISTEMA NERVOSO CENTRALE
E941,FARMACI CHE AGISCONO PRINCIPALMENTE SUL SISTEMA NERVOSO AUTONOMO
E942,FARMACI CHE AGISCONO PRINCIPALMENTE SUL SISTEMA CARDIOVASCOLARE
E943,FARMACI CHE AGISCONO PRINCIPALMENTE SULL APPARATO GASTROINTESTINALE
E944,"FARMACI CHE AGISCONO SUL METABOLISMO DELL ACQUA, DEI MINERALI E DELL ACIDO URICO"
E945,FARMACI CHE AGISCONO PRINCIPALMENTE SULLA MUSCOLATURA LISCIA E STRIATA E SULL APPARATO RESPIRATORIO
E946,"SOSTANZE AGENTI PRINCIPALMENTE SULLA PELLE E SULLE MUCOSE E FARMACI DI USO IN OFTALMOLOGIA, OTORINOLARINGOIATRIA E ODONTOIATRIA"
E947,ALTRI E NON SPECIFICATI FARMACI E MEDICAMENTI
E948,VACCINI ANTI-BATTERICI
E949,ALTRI VACCINI E PRODOTTI BIOLOGICI
E950,SUICIDIO ED AUTOAVVELENAMENTO DA SOSTANZE LIQUIDE O SOLIDE
E951,SUICIDIO ED AUTOAVVELENAMENTO DA GAS DI USO DOMESTICO
E952,SUICIDIO ED AUTOAVVELENAMENTO DA ALTRI GAS E VAPORI
E953,"SUICIDIO E LESIONI AUTOINFLITTE DA IMPICCAGIONE, STRANGOLAMENTO E SOFFOCAMENTO"
E955,"SUICIDIO E LESIONI AUTOINFLITTE DA ARMI DA FUOCO, PISTOLE ED ESPLOSIVI"
E957,SUICIDIO E LESIONI AUTOINFLITTE DA SALTO DA POSTO ALTO
E958,SUICIDO E LESIONI AUTOINFLITTE DA ALTRI E NON SPECIFICATI MEZZI
E960,"COMBATTIMENTO, RISSA, STUPRO"
E962,AGGRESSIONE CON AVVELENAMENTO
E965,AGGRESSIONE CON ARMI DA FUOCO E ESPLOSIVI
E967,ESECUTORE DI ABUSO SU BAMBINO E DI ADULTO
E968,AGGRESSIONE CON ALTRI MEZZI NON SPECIFICATI
E979,TERRORISMO
E980,"AVVELENAMENTO DA SOSTANZE SOLIDE O LIQUIDE, NON SPECIFICATO SE INFLITTO ACCIDENTALMENTE O DI PROPOSITO"
E981,"AVVELENAMENTO DA GAS PER USO DOMESTICO, NON SPECIFICATO SE ACCIDENTALMENTE O INFLITTO DI PROPOSITO"
E982,"AVVELENAMENTO DA ALTRI GAS, NON SPECIFICATO SE ACCIDENTALMENTE O INFLITTO DI PROPOSITO"
E983,"IMPICCAGIONE, STRANGOLAMENTO E SOFFOCAMENTO, NON SPECIFICATO SE ACCIDENTALMENTE O INFLITTO DI PROPOSITO"
E985,"FERITA DA ARMI DA FUOCO, FUCILI AD ARIA COMPRESSA ED ESPLOSIVI, NON SPECIFICATO SE ACCIDENTALMENTE O INFLITTO DI PROPOSITO"
E987,"CADUTA DA UN LUOGO ELEVATO, NON SPECIFICATO SE ACCIDENTALMENTE O INFLITTO DI PROPOSITO"
E988,"TRAUMA DA ALTRI E NON SPECIFICATI MEZZI, NON SPECIFICATO SE ACCIDENTALMENTE O INFLITTO DI PROPOSITO"
E990,FERITA DOVUTA AD OPERAZIONI DI GUERRA DAI FUOCHI E DALLE CONFLAGRAZIONI
