preferred_label,normalized_label,ATC,atc_link
ABACAVIR E LAMIVUDINA AUROBINDO,abacavir e lamivudina aurobindo,J05AR02,J05AR02
ABACAVIR E LAMIVUDINA SUN,abacavir e lamivudina sun,J05AR02,J05AR02
ABACAVIR MYLAN,abacavir mylan,J05AF06,J05AF06
ABACAVIR/LAMIVUDINA/ZIDOVUDINA MYLAN,abacavir/lamivudina/zidovudina mylan,J05AR04,J05AR04
ABASAGLAR,abasaglar,A10AE04,A10AE04
ABBA,abba,J01CR02,J01CR02
ABBE' CHAUPITRE N.7,abbe' chaupitre n.7,V03AX,V03AX
ABECMA,abecma,L01XL07,L01XL07
ABERIPRA,aberipra,N05AX12,N05AX12
ABESART,abesart,C09CA04,C09CA04
ABEVMY,abevmy,L01FG01,L01FG01
ABIES LINDA'S,abies linda's,V03AX,V03AX
ABIES NIGRA,abies nigra,V03AX,V03AX
ABIGERD,abigerd,A02BC05,A02BC05
ABILIFY,abilify,N05AX12,N05AX12
ABILIFY MAINTENA,abilify maintena,N05AX12,N05AX12
ABIMONO,abimono,G01AF07|D01AC05,
ABIOCLAV,abioclav,J01CR02,J01CR02
ABIOSTIL,abiostil,R01AX10,R01AX10
ABIRATERONE ABDI,abiraterone abdi,L02BX03,L02BX03
ABIRATERONE ABDI FARMA,abiraterone abdi farma,L02BX03,L02BX03
ABIRATERONE ACCORD,abiraterone accord,L02BX03,L02BX03
ABIRATERONE ARISTO,abiraterone aristo,L02BX03,L02BX03
ABIRATERONE EG,abiraterone eg,L02BX03,L02BX03
ABIRATERONE FARMOZ,abiraterone farmoz,L02BX03,L02BX03
ABIRATERONE KRKA,abiraterone krka,L02BX03,L02BX03
ABIRATERONE MEDAC,abiraterone medac,L02BX03,L02BX03
ABIRATERONE MEDICAL VALLEY,abiraterone medical valley,L02BX03,L02BX03
ABIRATERONE MYLAN,abiraterone mylan,L02BX03,L02BX03
ABIRATERONE OLPHA,abiraterone olpha,L02BX03,L02BX03
ABIRATERONE QILU,abiraterone qilu,L02BX03,L02BX03
ABIRATERONE SANDOZ,abiraterone sandoz,L02BX03,L02BX03
ABIRATERONE SANDOZ GMBH,abiraterone sandoz gmbh,L02BX03,L02BX03
ABIRATERONE SUN,abiraterone sun,L02BX03,L02BX03
ABIRATERONE TECNIGEN,abiraterone tecnigen,L02BX03,L02BX03
ABIRATERONE ZENTIVA,abiraterone zentiva,L02BX03,L02BX03
ABIS,abis,C08CA01,C08CA01
ABRAXANE,abraxane,L01CD01,L01CD01
ABRIFF,abriff,R03AK11,R03AK11
ABROSYX N,abrosyx n,V03AX,V03AX
ABROTANUM,abrotanum,V03AX,V03AX
ABRYSVO,abrysvo,J07BX05,J07BX05
ABSEAMED,abseamed,B03XA01,B03XA01
ABSORCOL,absorcol,C10AX09,C10AX09
ABSTRAL,abstral,N02AB03,N02AB03
ABUTRAX,abutrax,L01CD01,L01CD01
ACADIMOX,acadimox,J01CR02,J01CR02
ACAMBA,acamba,S01EE04,S01EE04
ACARBOSIO AUROBINDO,acarbosio aurobindo,A10BF01,A10BF01
ACARBOSIO DOC GENERICI,acarbosio doc generici,A10BF01,A10BF01
ACARBOSIO TECNIGEN,acarbosio tecnigen,A10BF01,A10BF01
ACARDEN,acarden,C07AG02,C07AG02
ACARPHAGE,acarphage,A10BF01,A10BF01
ACC,acc,R05CB01,R05CB01
ACC FLUIDIFICANTE E ANTIDOTO,acc fluidificante e antidoto,R05CB01,R05CB01
ACCARIZAX,accarizax,V01AA03,V01AA03
ACCFLUBUST,accflubust,R05CB01,R05CB01
ACCFLUEFF,accflueff,R05CB01,R05CB01
ACCOFIL,accofil,L03AA02,L03AA02
ACCUSOL CON POTASSIO,accusol con potassio,B05ZB,B05ZB
ACECLOFENAC ACCORD,aceclofenac accord,M01AB16,M01AB16
ACECLOFENAC EG,aceclofenac eg,M01AB16,M01AB16
ACEDIUR,acediur,C09BA01,C09BA01
ACESISTEM,acesistem,C09BA02,C09BA02
ACETAMOL,acetamol,N02BE01,N02BE01
ACETILCISTEINA ALTER,acetilcisteina alter,R05CB01,R05CB01
ACETILCISTEINA AUROBINDO ITALIA,acetilcisteina aurobindo italia,R05CB01,R05CB01
ACETILCISTEINA COOP,acetilcisteina coop,R05CB01,R05CB01
ACETILCISTEINA DOC,acetilcisteina doc,R05CB01,R05CB01
ACETILCISTEINA DOC GENERICI,acetilcisteina doc generici,R05CB01,R05CB01
ACETILCISTEINA EG,acetilcisteina eg,R05CB01,R05CB01
ACETILCISTEINA PENSA,acetilcisteina pensa,R05CB01,R05CB01
ACETILCISTEINA RATIOPHARM,acetilcisteina ratiopharm,R05CB01,R05CB01
ACETILCISTEINA ZENTIVA LAB,acetilcisteina zentiva lab,R05CB01,R05CB01
ACHILLEA MILLEFOLIUM DYNAMIS,achillea millefolium dynamis,V03AX,V03AX
ACICLIN,aciclin,J05AB01|D06BB03,
ACICLINLABIALE,aciclinlabiale,D06BB03,D06BB03
ACICLOVIR ABC,aciclovir abc,J05AB01|D06BB03,
ACICLOVIR ALMUS,aciclovir almus,J05AB01|D06BB03,
ACICLOVIR ALMUS PHARMA,aciclovir almus pharma,D06BB03,D06BB03
ACICLOVIR ALTER,aciclovir alter,D06BB03|J05AB01,
ACICLOVIR AUROBINDO,aciclovir aurobindo,D06BB03|J05AB01,
ACICLOVIR AUROBINDO ITALIA,aciclovir aurobindo italia,D06BB03,D06BB03
ACICLOVIR AUROBINDO PHARMA,aciclovir aurobindo pharma,J05AB01,J05AB01
ACICLOVIR DOC GENERICI,aciclovir doc generici,J05AB01|D06BB03,
ACICLOVIR DOROM,aciclovir dorom,J05AB01|D06BB03,
ACICLOVIR EG,aciclovir eg,J05AB01|D06BB03,
ACICLOVIR HIKMA,aciclovir hikma,J05AB01,J05AB01
ACICLOVIR MYLAN GENERICS,aciclovir mylan generics,J05AB01|D06BB03,
ACICLOVIR NORIDEM,aciclovir noridem,J05AB01,J05AB01
ACICLOVIR PENSA,aciclovir pensa,D06BB03|J05AB01,
ACICLOVIR PENSA PHARMA,aciclovir pensa pharma,J05AB01,J05AB01
ACICLOVIR SANDOZ,aciclovir sandoz,J05AB01|D06BB03,
ACICLOVIR ZENTIVA,aciclovir zentiva,J05AB01,J05AB01
ACIDO ACETILSALICILICO AUROBINDO,acido acetilsalicilico aurobindo,B01AC06,B01AC06
ACIDO ACETILSALICILICO DOC GENERICI,acido acetilsalicilico doc generici,B01AC06,B01AC06
ACIDO ACETILSALICILICO E ACIDO ASCORBICO COOP,acido acetilsalicilico e acido ascorbico coop,N02BA51,N02BA51
ACIDO ACETILSALICILICO EG,acido acetilsalicilico eg,B01AC06,B01AC06
ACIDO ACETILSALICILICO KRKA,acido acetilsalicilico krka,B01AC06,B01AC06
ACIDO ACETILSALICILICO L.F.M.,acido acetilsalicilico l.f.m.,N02BA01,N02BA01
ACIDO ACETILSALICILICO MYLAN,acido acetilsalicilico mylan,B01AC06,B01AC06
ACIDO ACETILSALICILICO PANPHARMA,acido acetilsalicilico panpharma,N02BA01,N02BA01
ACIDO ACETILSALICILICO PENSA,acido acetilsalicilico pensa,B01AC06,B01AC06
ACIDO ACETILSALICILICO SANDOZ GMBH,acido acetilsalicilico sandoz gmbh,B01AC06,B01AC06
ACIDO ACETILSALICILICO TECNIGEN,acido acetilsalicilico tecnigen,B01AC06,B01AC06
ACIDO ACETILSALICILICO TEVA ITALIA,acido acetilsalicilico teva italia,B01AC06,B01AC06
ACIDO ACETILSALICILICO ZENTIVA ITALIA,acido acetilsalicilico zentiva italia,B01AC06,B01AC06
ACIDO ALENDRONICO ALTER,acido alendronico alter,M05BA04,M05BA04
ACIDO ALENDRONICO AUROBINDO,acido alendronico aurobindo,M05BA04,M05BA04
ACIDO ALENDRONICO E COLECALCIFEROLO AUROBINDO,acido alendronico e colecalciferolo aurobindo,M05BB03,M05BB03
ACIDO ALENDRONICO FG,acido alendronico fg,M05BA04,M05BA04
ACIDO ALENDRONICO TECNIGEN,acido alendronico tecnigen,M05BA04,M05BA04
ACIDO ALENDRONICO ZENTIVA,acido alendronico zentiva,M05BA04,M05BA04
ACIDO BORICO AFOM,acido borico afom,D08AD,D08AD
ACIDO BORICO ALMUS,acido borico almus,D08AD,D08AD
ACIDO BORICO FARVE,acido borico farve,D08AD,D08AD
ACIDO BORICO MARCO VITI,acido borico marco viti,D08AD,D08AD
ACIDO BORICO NA,acido borico na,D08AD,D08AD
ACIDO BORICO NEW. FA.DEM.,acido borico new. fa.dem.,D08AD,D08AD
ACIDO BORICO SELLA,acido borico sella,D08AD,D08AD
ACIDO BORICO ZETA,acido borico zeta,D08AD,D08AD
ACIDO CARGLUMICO WAYMADE,acido carglumico waymade,A16AA05,A16AA05
ACIDO CHENODESOSSICOLICO LEADIANT,acido chenodesossicolico leadiant,A05AA01,A05AA01
ACIDO CITRICO SOL,acido citrico sol,V03AX,V03AX
ACIDO CLODRONICO DOC GENERICI,acido clodronico doc generici,M05BA02,M05BA02
ACIDO DL MALICO SOL,acido dl malico sol,V03AX,V03AX
ACIDO FOLICO DOC GENERICI,acido folico doc generici,B03BB01,B03BB01
ACIDO FOLICO EG,acido folico eg,B03BB01,B03BB01
ACIDO FOLICO MYLAN,acido folico mylan,B03BB01,B03BB01
ACIDO FOLICO SF,acido folico sf,B03BB01,B03BB01
ACIDO FOLICO TEVA,acido folico teva,B03BB01,B03BB01
ACIDO FUMARICO SOL,acido fumarico sol,V03AX,V03AX
ACIDO IBANDRONICO ACCORD,acido ibandronico accord,M05BA06,M05BA06
ACIDO IBANDRONICO ALTER,acido ibandronico alter,M05BA06,M05BA06
ACIDO IBANDRONICO AUROBINDO,acido ibandronico aurobindo,M05BA06,M05BA06
ACIDO IBANDRONICO DOC GENERICI,acido ibandronico doc generici,M05BA06,M05BA06
ACIDO IBANDRONICO EG,acido ibandronico eg,M05BA06,M05BA06
ACIDO IBANDRONICO MYLAN,acido ibandronico mylan,M05BA06,M05BA06
ACIDO IBANDRONICO PENSA,acido ibandronico pensa,M05BA06,M05BA06
ACIDO IBANDRONICO SANDOZ,acido ibandronico sandoz,M05BA06,M05BA06
ACIDO IBANDRONICO TECNIGEN,acido ibandronico tecnigen,M05BA06,M05BA06
ACIDO IBANDRONICO TEVA,acido ibandronico teva,M05BA06,M05BA06
ACIDO IBANDRONICO ZENTIVA,acido ibandronico zentiva,M05BA06,M05BA06
ACIDO MICOFENOLICO ACCORD,acido micofenolico accord,L04AA06,L04AA06
ACIDO MICOFENOLICO TILLOMED,acido micofenolico tillomed,L04AA06,L04AA06
ACIDO SALICILICO MARCO VITI,acido salicilico marco viti,D11AF,D11AF
ACIDO SALICILICO NA,acido salicilico na,D11AF,D11AF
ACIDO TRANEXAMICO ADAMED,acido tranexamico adamed,B02AA02,B02AA02
ACIDO TRANEXAMICO AUROBINDO,acido tranexamico aurobindo,B02AA02,B02AA02
ACIDO TRANEXAMICO BIOINDUSTRIA L.I.M.,acido tranexamico bioindustria l.i.m.,B02AA02,B02AA02
ACIDO TRICLOROACETICO ZETA,acido tricloroacetico zeta,D11AF,D11AF
ACIDO URSODESOSSICOLICO ABC,acido ursodesossicolico abc,A05AA02,A05AA02
ACIDO URSODESOSSICOLICO AUROBINDO,acido ursodesossicolico aurobindo,A05AA02,A05AA02
ACIDO URSODESOSSICOLICO DOC GENERICI,acido ursodesossicolico doc generici,A05AA02,A05AA02
ACIDO URSODESOSSICOLICO EG,acido ursodesossicolico eg,A05AA02,A05AA02
ACIDO URSODESOSSICOLICO EG STADA,acido ursodesossicolico eg stada,A05AA02,A05AA02
ACIDO URSODESOSSICOLICO MYLAN GENERICS,acido ursodesossicolico mylan generics,A05AA02,A05AA02
ACIDO URSODESOSSICOLICO RATIOPHARM,acido ursodesossicolico ratiopharm,A05AA02,A05AA02
ACIDO VALPROICO E SODIO VALPROATO EG,acido valproico e sodio valproato eg,N03AG01,N03AG01
ACIDO VALPROICO E SODIO VALPROATO RATIOPHARM,acido valproico e sodio valproato ratiopharm,N03AG01,N03AG01
ACIDO VALPROICO SANDOZ,acido valproico sandoz,N03AG01,N03AG01
ACIDO ZOLEDRONICO ACCORD,acido zoledronico accord,M05BA08,M05BA08
ACIDO ZOLEDRONICO ALTAN,acido zoledronico altan,M05BA08,M05BA08
ACIDO ZOLEDRONICO FRESENIUS KABI,acido zoledronico fresenius kabi,M05BA08,M05BA08
ACIDO ZOLEDRONICO GALENICA SENESE,acido zoledronico galenica senese,M05BA08,M05BA08
ACIDO ZOLEDRONICO HIKMA,acido zoledronico hikma,M05BA08,M05BA08
ACIDO ZOLEDRONICO HOSPIRA,acido zoledronico hospira,M05BA08,M05BA08
ACIDO ZOLEDRONICO MYLAN,acido zoledronico mylan,M05BA08,M05BA08
ACIDO ZOLEDRONICO SEACROSS,acido zoledronico seacross,M05BA08,M05BA08
ACIDO ZOLEDRONICO TEVA,acido zoledronico teva,M05BA08,M05BA08
ACIDO ZOLEDRONICO TILLOMED,acido zoledronico tillomed,M05BA08,M05BA08
ACIDUM BENZOICUM DYNAMIS,acidum benzoicum dynamis,V03AX,V03AX
ACIDUM FLUORATUM DYNAMIS,acidum fluoratum dynamis,V03AX,V03AX
ACIDUM FORMICUM DYNAMIS,acidum formicum dynamis,V03AX,V03AX
ACIDUM HYALURONICUM,acidum hyaluronicum,V03AX,V03AX
ACIDUM MURIATICUM,acidum muriaticum,V03AX,V03AX
ACIDUM MURIATICUM DYNAMIS,acidum muriaticum dynamis,V03AX,V03AX
ACIDUM NITRICUM,acidum nitricum,V03AX,V03AX
ACIDUM NITRICUM DYNAMIS,acidum nitricum dynamis,V03AX,V03AX
ACIDUM PHOSPHORICUM,acidum phosphoricum,V03AX,V03AX
ACIDUM PHOSPHORICUM DYNAMIS,acidum phosphoricum dynamis,V03AX,V03AX
ACIDUM PICRICUM DYNAMIS,acidum picricum dynamis,V03AX,V03AX
ACIDUM SULFURICUM DYNAMIS,acidum sulfuricum dynamis,V03AX,V03AX
ACKLAB,acklab,D06BB03,D06BB03
ACLASTA,aclasta,M05BA08,M05BA08
ACLATON,aclaton,N02BF02|N03AX16,
ACLOFID,aclofid,M05BA02,M05BA02
ACNATAC,acnatac,D10AF51,D10AF51
ACONITUM NAPELLUS,aconitum napellus,V03AX,V03AX
ACONITUM NAPELLUS DYNAMIS,aconitum napellus dynamis,V03AX,V03AX
ACONITUM NAPELLUS HOMEO SAPIENS COMP.,aconitum napellus homeo sapiens comp.,V03AX,V03AX
ACONITUM OTI COMPOSTO,aconitum oti composto,V03AX,V03AX
ACORIN,acorin,V03AX,V03AX
ACQUA PER PREPARAZIONI INIETTABILI B. BRAUN,acqua per preparazioni iniettabili b. braun,V07AB,V07AB
ACQUA PER PREPARAZIONI INIETTABILI BAXTER,acqua per preparazioni iniettabili baxter,V07AB,V07AB
ACQUA PER PREPARAZIONI INIETTABILI BIOINDUSTRIA L.I.M.,acqua per preparazioni iniettabili bioindustria l.i.m.,V07AB,V07AB
ACQUA PER PREPARAZIONI INIETTABILI DIACO,acqua per preparazioni iniettabili diaco,V07AB,V07AB
ACQUA PER PREPARAZIONI INIETTABILI EUROSPITAL,acqua per preparazioni iniettabili eurospital,V07AB,V07AB
ACQUA PER PREPARAZIONI INIETTABILI FISIOPHARMA,acqua per preparazioni iniettabili fisiopharma,V07AB,V07AB
ACQUA PER PREPARAZIONI INIETTABILI FKI,acqua per preparazioni iniettabili fki,V07AB,V07AB
ACQUA PER PREPARAZIONI INIETTABILI GALENICA SENESE,acqua per preparazioni iniettabili galenica senese,V07AB,V07AB
ACQUA PER PREPARAZIONI INIETTABILI MONICO,acqua per preparazioni iniettabili monico,V07AB,V07AB
ACQUA PER PREPARAZIONI INIETTABILI NORIDEM,acqua per preparazioni iniettabili noridem,V07AB,V07AB
ACQUA PER PREPARAZIONI INIETTABILI S.A.L.F.,acqua per preparazioni iniettabili s.a.l.f.,V07AB,V07AB
ACTAEA RACEMOSA,actaea racemosa,V03AX,V03AX
ACTAEA SPICATA,actaea spicata,V03AX,V03AX
ACTAEA SPICATA DYNAMIS,actaea spicata dynamis,V03AX,V03AX
ACTALIDE,actalide,M02AA26|A01AD11,
ACTEA RACEMOSA,actea racemosa,V03AX,V03AX
ACTELSAR HCT,actelsar hct,C09DA07,C09DA07
ACTIFED,actifed,R01BA52,R01BA52
ACTIFED COMPOSTO,actifed composto,R05DA20,R05DA20
ACTIFED DECONGESTIONANTE,actifed decongestionante,R01AA07,R01AA07
ACTIGRIP,actigrip,R01BA52,R01BA52
ACTIGRIP GIORNO & NOTTE,actigrip giorno & notte,N02BE51,N02BE51
ACTIGRIP TOSSE MUCOLITICO,actigrip tosse mucolitico,R05CA03,R05CA03
ACTIKERALL,actikerall,L01BC52,L01BC52
ACTILYSE,actilyse,B01AD02,B01AD02
ACTIQ,actiq,N02AB03,N02AB03
ACTISINU,actisinu,R01BA52,R01BA52
ACTIVELLE,activelle,G03FA01,G03FA01
ACTONEL,actonel,M05BA07,M05BA07
ACTOS,actos,A10BG03,A10BG03
ACTRAPHANE,actraphane,A10AD01,A10AD01
ACTRAPID,actrapid,A10AB01,A10AB01
ACULAR,acular,S01BC05,S01BC05
ACURMIL,acurmil,M03AC04,M03AC04
ACVYBRA,acvybra,M05BX04,M05BX04
ACY,acy,S01AD03,S01AD03
ADAGLIP,adaglip,A10BH01,A10BH01
ADALAIN,adalain,D10AD53,D10AD53
ADALAT CRONO,adalat crono,C08CA05,C08CA05
ADAPALENE E BENZOILE PEROSSIDO MEDGEN,adapalene e benzoile perossido medgen,D10AD53,D10AD53
ADAPTUS,adaptus,C09BB12,C09BB12
ADASUVE,adasuve,N05AH01,N05AH01
ADCETRIS,adcetris,L01FX05,L01FX05
ADCIRCA,adcirca,G04BE08,G04BE08
ADDAMEL N,addamel n,B05XA30,B05XA30
ADDOFIX,addofix,A03BB01,A03BB01
ADEMPAS,adempas,C02KX05,C02KX05
ADENOIDI,adenoidi,V03AX,V03AX
ADENOSCAN,adenoscan,C01EB10,C01EB10
ADENOSINA HIKMA,adenosina hikma,C01EB10,C01EB10
ADENOSINA KABI,adenosina kabi,C01EB10,C01EB10
ADENURIC,adenuric,M04AA03,M04AA03
ADEPRIL,adepril,N06AA09,N06AA09
ADESITRIN,adesitrin,C01DA02,C01DA02
ADIABIN,adiabin,A10BD07,A10BD07
ADIUNASTROL,adiunastrol,L02BG03,L02BG03
ADOLEF,adolef,N02BE01,N02BE01
ADONIS VERNALIS DYNAMIS,adonis vernalis dynamis,V03AX,V03AX
ADOPORT,adoport,L04AD02,L04AD02
ADRENALINA AGUETTANT,adrenalina aguettant,C01CA24,C01CA24
ADRENALINA GALENICA SENESE,adrenalina galenica senese,C01CA24,C01CA24
ADRENALINA MONICO,adrenalina monico,C01CA24,C01CA24
ADRENALINA S.A.L.F.,adrenalina s.a.l.f.,C01CA24,C01CA24
ADREVIEW,adreview,V09IX01,V09IX01
ADRIBLASTINA,adriblastina,L01DB01,L01DB01
ADRONAT,adronat,M05BA04,M05BA04
ADROVANCE,adrovance,M05BB03,M05BB03
ADTRALZA,adtralza,D11AH07,D11AH07
ADVAGRAF,advagraf,L04AD02,L04AD02
ADVANTAN,advantan,D07AC14,D07AC14
ADVATE,advate,B02BD02,B02BD02
ADYNOVI,adynovi,B02BD02,B02BD02
ADZYNMA,adzynma,B01AD13,B01AD13
AERFLU,aerflu,R03BA03,R03BA03
AERINAZE,aerinaze,R01BA52,R01BA52
AERIUS,aerius,R06AX27,R06AX27
AEROLID,aerolid,R03BA03,R03BA03
AEROMEX,aeromex,R03AK06,R03AK06
AERRANE,aerrane,N01AB06,N01AB06
AESCULUS HEEL,aesculus heel,V03AX,V03AX
AESCULUS HEEL COMPLEX,aesculus heel complex,V03AX,V03AX
AESCULUS HIPPOCASTANUM,aesculus hippocastanum,V03AX,V03AX
AESCULUSPLUS (SYNERGIPLUS N.309),aesculusplus (synergiplus n.309),V03AX,V03AX
AETHUSA CYNAPIUM,aethusa cynapium,V03AX,V03AX
AETHUSA CYNAPIUM DYNAMIS,aethusa cynapium dynamis,V03AX,V03AX
AFINITOR,afinitor,L01EG02,L01EG02
AFQLIR,afqlir,S01LA05,S01LA05
AFSLAMET,afslamet,L04AX03,L04AX03
AFSTYLA,afstyla,B02BD02,B02BD02
AGAMREE,agamree,H02AB18,H02AB18
AGARICUS MUSCARIUS,agaricus muscarius,V03AX,V03AX
AGEMO,agemo,C10AX06,C10AX06
AGGRASTAT,aggrastat,B01AC17,B01AC17
AGILEV,agilev,J01MA12,J01MA12
AGILUS,agilus,M03CA01,M03CA01
AGIOLAX,agiolax,A06AC51,A06AC51
AGIVERT,agivert,N07CA52,N07CA52
AGLAE,aglae,G03AA16,G03AA16
AGNUCASTON,agnucaston,G02CX03,G02CX03
AGNUS CASTUS,agnus castus,V03AX,V03AX
AGNUS CASTUS DYNAMIS,agnus castus dynamis,V03AX,V03AX
AGOVADIN,agovadin,N07BC05,N07BC05
AGRAPHIS NUTANS,agraphis nutans,V03AX,V03AX
AHZANTIVE,ahzantive,S01LA05,S01LA05
AICISI,aicisi,S01EC04,S01EC04
AIDEX,aidex,N04BD02,N04BD02
AILANTHUS GLANDULOSA DYNAMIS,ailanthus glandulosa dynamis,V03AX,V03AX
AIMAFIX,aimafix,B02BD04,B02BD04
AIMOVIG,aimovig,N02CD01,N02CD01
AIRCORT,aircort,R03BA02|R01AD05,
AIRSALES,airsales,R03AK06,R03AK06
AIRSUS,airsus,R03AK06,R03AK06
AIRSUSGEN,airsusgen,R03AK06,R03AK06
AIRTAL,airtal,M01AB16|M02AA25,
AIRVEN,airven,R03BA08,R03BA08
AISLAR,aislar,R01BA52,R01BA52
AISOSKIN,aisoskin,D10BA01,D10BA01
AJOVY,ajovy,N02CD03,N02CD03
AKANTIOR,akantior,S01AX24,S01AX24
AKEEGA,akeega,L01XK,L01XK
AKELYA,akelya,N05AH04,N05AH04
AKINETON,akineton,N04AA02,N04AA02
AKINETON FIALE,akineton fiale,N04AA02,N04AA02
AKIRAB,akirab,A02BC04,A02BC04
AKLAV,aklav,J01CR02,J01CR02
AKNECUTAN,aknecutan,D10AF51,D10AF51
AKTANOS,aktanos,R01AD08,R01AD08
AKYNZEO,akynzeo,A04AA55,A04AA55
ALABASTER,alabaster,R03AK08,R03AK08
ALACARE,alacare,L01XD04,L01XD04
ALAMUT,alamut,C09BB07,C09BB07
ALAPRIL,alapril,C09AA03,C09AA03
ALAXA,alaxa,A06AB02,A06AB02
ALBAFLO,albaflo,H02AB01,H02AB01
ALBATEN,albaten,B01AC23,B01AC23
ALBIOMIN,albiomin,B05AA01,B05AA01
ALBITAL,albital,B05AA01,B05AA01
ALBUMEON,albumeon,B05AA01,B05AA01
ALBUMINA BAXALTA,albumina baxalta,B05AA01,B05AA01
ALBUMINA GRIFOLS,albumina grifols,B05AA01,B05AA01
ALBUMINA LFB,albumina lfb,B05AA01,B05AA01
ALBUMINA UMANA GRIFOLS,albumina umana grifols,B05AA01,B05AA01
ALBUNORM,albunorm,B05AA01,B05AA01
ALBUREX,alburex,B05AA01,B05AA01
ALBUTEIN,albutein,B05AA01,B05AA01
ALCOOL IDROABIETILICO ALLERGEAZE,alcool idroabietilico allergeaze,V04CL,V04CL
ALCOVER,alcover,N07BB49,N07BB49
ALDACTAZIDE,aldactazide,C03EA01,C03EA01
ALDACTONE,aldactone,C03DA01,C03DA01
ALDARA,aldara,D06BB10,D06BB10
ALDOMET,aldomet,C02AB01,C02AB01
ALDUOVIZ,alduoviz,S01ED51,S01ED51
ALDURAZYME,aldurazyme,A16AB05,A16AB05
ALEAST,aleast,R03DC03,R03DC03
ALECENSA,alecensa,L01ED03,L01ED03
ALENDRONATO ALMUS,alendronato almus,M05BA04,M05BA04
ALENDRONATO DOC GENERICI,alendronato doc generici,M05BA04,M05BA04
ALENDRONATO E COLECALCIFEROLO DOC,alendronato e colecalciferolo doc,M05BB03,M05BB03
ALENDRONATO E COLECALCIFEROLO MYLAN PHARMA,alendronato e colecalciferolo mylan pharma,M05BB03,M05BB03
ALENDRONATO E COLECALCIFEROLO SANDOZ BV,alendronato e colecalciferolo sandoz bv,M05BB03,M05BB03
ALENDRONATO E COLECALCIFEROLO TEVA ITALIA,alendronato e colecalciferolo teva italia,M05BB03,M05BB03
ALENDRONATO EG,alendronato eg,M05BA04,M05BA04
ALENDRONATO MYLAN GENERICS,alendronato mylan generics,M05BA04,M05BA04
ALENDRONATO PENSA PHARMA,alendronato pensa pharma,M05BA04,M05BA04
ALENDRONATO PHARMACARE,alendronato pharmacare,M05BA04,M05BA04
ALENDRONATO SANDOZ GMBH,alendronato sandoz gmbh,M05BA04,M05BA04
ALENDRONATO TEVA,alendronato teva,M05BA04,M05BA04
ALENDROS,alendros,M05BA04,M05BA04
ALENIC,alenic,M05BA04,M05BA04
ALFACALCIDOLO DOC,alfacalcidolo doc,A11CC03,A11CC03
ALFACALCIDOLO ZENTIVA,alfacalcidolo zentiva,A11CC03,A11CC03
ALFAFLOR,alfaflor,S01CB04,S01CB04
ALFAPROT,alfaprot,N01AX13,N01AX13
ALFATENDOR,alfatendor,M02AA15,M02AA15
ALFATEX,alfatex,S01CA05,S01CA05
ALFENTANIL PIRAMAL,alfentanil piramal,N01AH02,N01AH02
ALFUZOSINA AUROBINDO,alfuzosina aurobindo,G04CA01,G04CA01
ALFUZOSINA DOC GENERICI,alfuzosina doc generici,G04CA01,G04CA01
ALFUZOSINA EG,alfuzosina eg,G04CA01,G04CA01
ALFUZOSINA HEXAL,alfuzosina hexal,G04CA01,G04CA01
ALFUZOSINA MYLAN GENERICS,alfuzosina mylan generics,G04CA01,G04CA01
ALFUZOSINA PENSA,alfuzosina pensa,G04CA01,G04CA01
ALFUZOSINA RATIOPHARM,alfuzosina ratiopharm,G04CA01,G04CA01
ALFUZOSINA SANDOZ,alfuzosina sandoz,G04CA01,G04CA01
ALFUZOSINA ZENTIVA,alfuzosina zentiva,G04CA01,G04CA01
ALGHEDON,alghedon,N02AB03,N02AB03
ALGIDRIN,algidrin,M01AE01,M01AE01
ALGIX,algix,M01AH05,M01AH05
ALGOFEN,algofen,M01AE01,M01AE01
ALGOLIDER,algolider,M01AX17,M01AX17
ALGOPIRINA,algopirina,N02BE51,N02BE51
ALGOPIRINA FEBBRE E DOLORE,algopirina febbre e dolore,M01AE01,M01AE01
ALGOPIRINDOL,algopirindol,M01AE01,M01AE01
ALGOVIS,algovis,V03AX,V03AX
ALHEMO,alhemo,B02BX10,B02BX10
ALIFLUS,aliflus,R03AK06,R03AK06
ALIKRES,alikres,N06AX21,N06AX21
ALIMTA,alimta,L01BA04,L01BA04
ALITRECARE,alitrecare,D11AH04,D11AH04
ALKAEFFER,alkaeffer,N02BA51,N02BA51
ALKERAN,alkeran,L01AA03,L01AA03
ALKET,alket,M01AE03,M01AE03
ALKINDI,alkindi,H02AB09,H02AB09
ALLERGAN,allergan,D04AA32,D04AA32
ALLERGODIL,allergodil,R01AC03|S01GX07,
ALLESPRAY,allespray,R01AC03,R01AC03
ALLGRAM,allgram,J01MA12,J01MA12
ALLI,alli,A08AB01,A08AB01
ALLIUM CEPA,allium cepa,V03AX,V03AX
ALLIUM CEPA DYNAMIS,allium cepa dynamis,V03AX,V03AX
ALLIUM SATIVUM,allium sativum,V03AX,V03AX
ALLIUM SATIVUM DYNAMIS,allium sativum dynamis,V03AX,V03AX
ALLIUR,alliur,V03AX,V03AX
ALLOPURINOLO ACCORD,allopurinolo accord,M04AA01,M04AA01
ALLOPURINOLO DOC GENERICI,allopurinolo doc generici,M04AA01,M04AA01
ALLOPURINOLO EG STADA,allopurinolo eg stada,M04AA01,M04AA01
ALLOPURINOLO MOLTENI,allopurinolo molteni,M04AA01,M04AA01
ALLOPURINOLO MYLAN,allopurinolo mylan,M04AA01,M04AA01
ALLOPURINOLO SANDOZ,allopurinolo sandoz,M04AA01,M04AA01
ALLOPURINOLO TEVA ITALIA,allopurinolo teva italia,M04AA01,M04AA01
ALLURIT,allurit,M04AA01,M04AA01
ALLUZIENCE,alluzience,M03AX01,M03AX01
ALMARYTM,almarytm,C01BC04,C01BC04
ALMEIDA,almeida,R03AL02,R03AL02
ALMIDIS,almidis,C08CA01,C08CA01
ALMOGRAN,almogran,N02CC05,N02CC05
ALMOTREX,almotrex,N02CC05,N02CC05
ALMOTRIPTAN AUROBINDO,almotriptan aurobindo,N02CC05,N02CC05
ALMOTRIPTAN DOC GENERICI,almotriptan doc generici,N02CC05,N02CC05
ALMOTRIPTAN EG,almotriptan eg,N02CC05,N02CC05
ALMOTRIPTAN MYLAN,almotriptan mylan,N02CC05,N02CC05
ALMOTRIPTAN TEVA ITALIA,almotriptan teva italia,N02CC05,N02CC05
ALMOTRIPTAN ZENTIVA,almotriptan zentiva,N02CC05,N02CC05
ALOE,aloe,V03AX,V03AX
ALOE DYNAMIS,aloe dynamis,V03AX,V03AX
ALONEB,aloneb,C07BB12,C07BB12
ALONTAN ANTISTAMINICO,alontan antistaminico,D04AA10,D04AA10
ALOPERIDOLO GALENICA SENESE,aloperidolo galenica senese,N05AD01,N05AD01
ALOPERIDOLO HIKMA,aloperidolo hikma,N05AD01,N05AD01
ALOPERIDOLO PENSA,aloperidolo pensa,N05AD01,N05AD01
ALOPERIDOLO S.A.L.F.,aloperidolo s.a.l.f.,N05AD01,N05AD01
ALOVEXLABIALE,alovexlabiale,D06BB03,D06BB03
ALOXI,aloxi,A04AA05,A04AA05
ALOXIDIL,aloxidil,D11AX01,D11AX01
ALOZOF,alozof,J02AC01,J02AC01
ALPHA D3,alpha d3,A11CC03,A11CC03
ALPHABUX,alphabux,M04AA03,M04AA03
ALPHAGAN,alphagan,S01EA05,S01EA05
ALPHANATE,alphanate,B02BD06,B02BD06
ALPHANINE,alphanine,B02BD04,B02BD04
ALPHEUS,alpheus,C10AA01,C10AA01
ALPRAZIG,alprazig,N05BA12,N05BA12
ALPRAZOLAM AUROBINDO,alprazolam aurobindo,N05BA12,N05BA12
ALPRAZOLAM AUROBINDO ITALIA,alprazolam aurobindo italia,N05BA12,N05BA12
ALPRAZOLAM AUROBINDO PHARMA ITALIA,alprazolam aurobindo pharma italia,N05BA12,N05BA12
ALPRAZOLAM DOC GENERICI,alprazolam doc generici,N05BA12,N05BA12
ALPRAZOLAM EG,alprazolam eg,N05BA12,N05BA12
ALPRAZOLAM GRINDEKS,alprazolam grindeks,N05BA12,N05BA12
ALPRAZOLAM HEXAL AG,alprazolam hexal ag,N05BA12,N05BA12
ALPRAZOLAM IBSA,alprazolam ibsa,N05BA12,N05BA12
ALPRAZOLAM KRKA,alprazolam krka,N05BA12,N05BA12
ALPRAZOLAM PENSA,alprazolam pensa,N05BA12,N05BA12
ALPRAZOLAM RATIOPHARM,alprazolam ratiopharm,N05BA12,N05BA12
ALPRAZOLAM RATIOPHARM ITALIA,alprazolam ratiopharm italia,N05BA12,N05BA12
ALPRAZOLAM SANDOZ,alprazolam sandoz,N05BA12,N05BA12
ALPRAZOLAM SUN,alprazolam sun,N05BA12,N05BA12
ALPRAZOLAM VIATRIS,alprazolam viatris,N05BA12,N05BA12
ALPRAZOLAM ZENTIVA,alprazolam zentiva,N05BA12,N05BA12
ALPROLIX,alprolix,B02BD04,B02BD04
ALPROSTAR,alprostar,C01EA01,C01EA01
ALSARTIR,alsartir,C09CA03,C09CA03
ALTAN,altan,B06AA,B06AA
ALTERGEN,altergen,D06BA51,D06BA51
ALTIAZEM,altiazem,C08DB01,C08DB01
ALTUVOCT,altuvoct,B02BD02,B02BD02
ALUMINA,alumina,V03AX,V03AX
ALUMINAEL,aluminael,V03AX,V03AX
ALUNBRIG,alunbrig,L01ED04,L01ED04
ALUTARD APIS MELLIFERA,alutard apis mellifera,V01AA07,V01AA07
ALUTARD VESPULA,alutard vespula,V01AA07,V01AA07
ALVAND,alvand,J01MA12,J01MA12
ALVENEX,alvenex,C05CA03,C05CA03
ALVESCO,alvesco,R03BA08,R03BA08
ALYFTREK,alyftrek,R07AX33,R07AX33
ALYMSYS,alymsys,L01FG01,L01FG01
ALYNE,alyne,R06AX29,R06AX29
AMALESS,amaless,N03AX09,N03AX09
AMARKOR,amarkor,C08CA05,C08CA05
AMARYL,amaryl,A10BB12,A10BB12
AMASCI,amasci,N06AB10,N06AB10
AMBIRIX,ambirix,J07BC20,J07BC20
AMBISOME LIPOSOMIALE,ambisome liposomiale,J02AA01,J02AA01
AMBRA GRISEA,ambra grisea,V03AX,V03AX
AMBRAMICINA,ambramicina,J01AA07,J01AA07
AMBRISENTAN ACCORD,ambrisentan accord,C02KX02,C02KX02
AMBRISENTAN MEDAC,ambrisentan medac,C02KX02,C02KX02
AMBRISENTAN TEVA,ambrisentan teva,C02KX02,C02KX02
AMBRISENTAN VIATRIS,ambrisentan viatris,C02KX02,C02KX02
AMBRISENTAN ZENTIVA,ambrisentan zentiva,C02KX02,C02KX02
AMBROMUCIL,ambromucil,R03DA,R03DA
AMBROTUS,ambrotus,R05CB06,R05CB06
AMBROXOL TECNIGEN,ambroxol tecnigen,R05CB06,R05CB06
AMBROXOLO ABC,ambroxolo abc,R05CB06,R05CB06
AMBROXOLO ALMUS,ambroxolo almus,R05CB06,R05CB06
AMBROXOLO EG,ambroxolo eg,R05CB06,R05CB06
AMBROXOLO MYLAN GENERICS,ambroxolo mylan generics,R05CB06,R05CB06
AMELGEN,amelgen,G03DA04,G03DA04
AMEXZUR,amexzur,S01BA01,S01BA01
AMFEXA,amfexa,N06BA02,N06BA02
AMGEVITA,amgevita,L04AB04,L04AB04
AMICASIL,amicasil,J01GB06,J01GB06
AMIFAMPRIDINA ACCORD,amifampridina accord,N07XX05,N07XX05
AMIFAMPRIDINA SERB,amifampridina serb,N07XX05,N07XX05
AMIKACINA B. BRAUN,amikacina b. braun,J01GB06,J01GB06
AMIKACINA NORIDEM,amikacina noridem,J01GB06,J01GB06
AMIKACINA TEVA,amikacina teva,J01GB06,J01GB06
AMIKAN,amikan,J01GB06,J01GB06
AMILORIDE E IDROCLOROTIAZIDE AUROBINDO,amiloride e idroclorotiazide aurobindo,C03EA01,C03EA01
AMINOACIDI A CATENA RAMIFICATA,aminoacidi a catena ramificata,B05BA01,B05BA01
AMINOACIDI A CATENA RAMIFICATA MONICO,aminoacidi a catena ramificata monico,B05BA01,B05BA01
AMINOACIDI CR BIOINDUSTRIA L.I.M.,aminoacidi cr bioindustria l.i.m.,B05BA01,B05BA01
AMINOACIDI E BIOINDUSTRIA L.I.M.,aminoacidi e bioindustria l.i.m.,B05BA01,B05BA01
AMINOACIDI ESSENZIALI E NON ESSENZIALI GALENICA SENESE,aminoacidi essenziali e non essenziali galenica senese,B05BA01,B05BA01
AMINOACIDI ESSENZIALI GALENICA SENESE,aminoacidi essenziali galenica senese,B05BA01,B05BA01
AMINOACIDI SELETTIVI GALENICA SENESE,aminoacidi selettivi galenica senese,B05BA01,B05BA01
AMINOFILLINA GALENICA SENESE,aminofillina galenica senese,R03DA05,R03DA05
AMINOFILLINA MONICO,aminofillina monico,R03DA05,R03DA05
AMINOFILLINA S.A.L.F.,aminofillina s.a.l.f.,R03DA05,R03DA05
AMINOVEN,aminoven,B05BA01,B05BA01
AMIODAR,amiodar,C01BD01,C01BD01
AMIODARONE,amiodarone,C01BD01,C01BD01
AMIODARONE AUROBINDO,amiodarone aurobindo,C01BD01,C01BD01
AMIODARONE CLORIDRATO BIOINDUSTRIA LIM,amiodarone cloridrato bioindustria lim,C01BD01,C01BD01
AMIODARONE DOC,amiodarone doc,C01BD01,C01BD01
AMIODARONE EG,amiodarone eg,C01BD01,C01BD01
AMIODARONE HAMELN,amiodarone hameln,C01BD01,C01BD01
AMIODARONE HIKMA,amiodarone hikma,C01BD01,C01BD01
AMIODARONE MYLAN,amiodarone mylan,C01BD01,C01BD01
AMIODARONE RATIOPHARM ITALIA,amiodarone ratiopharm italia,C01BD01,C01BD01
AMIODARONE ZENTIVA,amiodarone zentiva,C01BD01,C01BD01
AMIPED,amiped,B05BA01,B05BA01
AMIRIOX,amiriox,S01EE03,S01EE03
AMISITELA,amisitela,C10BA02,C10BA02
AMISULPRIDE AUROBINDO,amisulpride aurobindo,N05AL05,N05AL05
AMISULPRIDE DOC,amisulpride doc,N05AL05,N05AL05
AMISULPRIDE EG,amisulpride eg,N05AL05,N05AL05
AMISULPRIDE MYLAN,amisulpride mylan,N05AL05,N05AL05
AMITRIPTILINA DOC,amitriptilina doc,N06AA09,N06AA09
AMITRIPTILINA EG,amitriptilina eg,N06AA09,N06AA09
AMITRIPTILINA MYLAN,amitriptilina mylan,N06AA09,N06AA09
AMIXAL,amixal,B05BA10,B05BA10
AMLODIPINA / VALSARTAN MYLAN,amlodipina / valsartan mylan,C09DB01,C09DB01
AMLODIPINA ABC,amlodipina abc,C08CA01,C08CA01
AMLODIPINA ACCORD,amlodipina accord,C08CA01,C08CA01
AMLODIPINA ALMUS,amlodipina almus,C08CA01,C08CA01
AMLODIPINA ALMUS PHARMA,amlodipina almus pharma,C08CA01,C08CA01
AMLODIPINA ALTER,amlodipina alter,C08CA01,C08CA01
AMLODIPINA AUROBINDO,amlodipina aurobindo,C08CA01,C08CA01
AMLODIPINA DOC GENERICI,amlodipina doc generici,C08CA01,C08CA01
AMLODIPINA E VALSARTAN DOC,amlodipina e valsartan doc,C09DB01,C09DB01
AMLODIPINA E VALSARTAN KRKA PHARMA,amlodipina e valsartan krka pharma,C09DB01,C09DB01
AMLODIPINA EG,amlodipina eg,C08CA01,C08CA01
AMLODIPINA HEXAL AG,amlodipina hexal ag,C08CA01,C08CA01
AMLODIPINA KRKA,amlodipina krka,C08CA01,C08CA01
AMLODIPINA MEDREG,amlodipina medreg,C08CA01,C08CA01
AMLODIPINA MYLAN,amlodipina mylan,C08CA01,C08CA01
AMLODIPINA PENSA,amlodipina pensa,C08CA01,C08CA01
AMLODIPINA PENSA PHARMA,amlodipina pensa pharma,C08CA01,C08CA01
AMLODIPINA SANDOZ,amlodipina sandoz,C08CA01,C08CA01
AMLODIPINA TECNIGEN,amlodipina tecnigen,C08CA01,C08CA01
AMLODIPINA TEVA,amlodipina teva,C08CA01,C08CA01
AMLODIPINA TEVA ITALIA,amlodipina teva italia,C08CA01,C08CA01
AMLODIPINA ZENTIVA ITALIA,amlodipina zentiva italia,C08CA01,C08CA01
AMLODIPINA/VALSARTAN/IDROCLOROTIAZIDE MYLAN PHARMA,amlodipina/valsartan/idroclorotiazide mylan pharma,C09DX01,C09DX01
AMLOPOL,amlopol,C08CA01,C08CA01
AMMONAPS,ammonaps,A16AX03,A16AX03
AMMONIUM CARBONICUM,ammonium carbonicum,V03AX,V03AX
AMMONIUM CARBONICUM DYNAMIS,ammonium carbonicum dynamis,V03AX,V03AX
AMMONIUM MURIATICUM,ammonium muriaticum,V03AX,V03AX
AMMONIUM MURIATICUM DYNAMIS,ammonium muriaticum dynamis,V03AX,V03AX
AMOBRONC,amobronc,R05CB06,R05CB06
AMOCLA,amocla,J01CR02,J01CR02
AMODIVYR,amodivyr,J05AB01|D06BB03,
AMOROLFINA MYLAN GENERICS,amorolfina mylan generics,D01AE16,D01AE16
AMOROLFINA SANDOZ,amorolfina sandoz,D01AE16,D01AE16
AMOSOL,amosol,J01CA04,J01CA04
AMOX,amox,J01CA04,J01CA04
AMOXICILLINA ABC,amoxicillina abc,J01CA04,J01CA04
AMOXICILLINA ACIDO CLAVULANICO TEVA,amoxicillina acido clavulanico teva,J01CR02,J01CR02
AMOXICILLINA ALMUS,amoxicillina almus,J01CA04,J01CA04
AMOXICILLINA ALTER,amoxicillina alter,J01CA04,J01CA04
AMOXICILLINA AUROBINDO ITALIA,amoxicillina aurobindo italia,J01CA04,J01CA04
AMOXICILLINA DOC GENERICI,amoxicillina doc generici,J01CA04,J01CA04
AMOXICILLINA E ACIDO CLAVULANICO ABC,amoxicillina e acido clavulanico abc,J01CR02,J01CR02
AMOXICILLINA E ACIDO CLAVULANICO ALMUS,amoxicillina e acido clavulanico almus,J01CR02,J01CR02
AMOXICILLINA E ACIDO CLAVULANICO ALMUS GENERICI,amoxicillina e acido clavulanico almus generici,J01CR02,J01CR02
AMOXICILLINA E ACIDO CLAVULANICO ALMUS PHARMA,amoxicillina e acido clavulanico almus pharma,J01CR02,J01CR02
AMOXICILLINA E ACIDO CLAVULANICO ALTER,amoxicillina e acido clavulanico alter,J01CR02,J01CR02
AMOXICILLINA E ACIDO CLAVULANICO ARISTO,amoxicillina e acido clavulanico aristo,J01CR02,J01CR02
AMOXICILLINA E ACIDO CLAVULANICO AUROBINDO,amoxicillina e acido clavulanico aurobindo,J01CR02,J01CR02
AMOXICILLINA E ACIDO CLAVULANICO AUROBINDO ITALIA,amoxicillina e acido clavulanico aurobindo italia,J01CR02,J01CR02
AMOXICILLINA E ACIDO CLAVULANICO AUROBINDO PHARMA ITALIA,amoxicillina e acido clavulanico aurobindo pharma italia,J01CR02,J01CR02
AMOXICILLINA E ACIDO CLAVULANICO BIOPHARMA,amoxicillina e acido clavulanico biopharma,J01CR02,J01CR02
AMOXICILLINA E ACIDO CLAVULANICO DOC GENERICI,amoxicillina e acido clavulanico doc generici,J01CR02,J01CR02
AMOXICILLINA E ACIDO CLAVULANICO EG STADA,amoxicillina e acido clavulanico eg stada,J01CR02,J01CR02
AMOXICILLINA E ACIDO CLAVULANICO IBIGEN,amoxicillina e acido clavulanico ibigen,J01CR02,J01CR02
AMOXICILLINA E ACIDO CLAVULANICO KRKA,amoxicillina e acido clavulanico krka,J01CR02,J01CR02
AMOXICILLINA E ACIDO CLAVULANICO MYLAN,amoxicillina e acido clavulanico mylan,J01CR02,J01CR02
AMOXICILLINA E ACIDO CLAVULANICO MYLAN GENERICS,amoxicillina e acido clavulanico mylan generics,J01CR02,J01CR02
AMOXICILLINA E ACIDO CLAVULANICO MYLAN GENERICS ITALIA,amoxicillina e acido clavulanico mylan generics italia,J01CR02,J01CR02
AMOXICILLINA E ACIDO CLAVULANICO P-CARE,amoxicillina e acido clavulanico p-care,J01CR02,J01CR02
AMOXICILLINA E ACIDO CLAVULANICO PENSA,amoxicillina e acido clavulanico pensa,J01CR02,J01CR02
AMOXICILLINA E ACIDO CLAVULANICO PENSA PHARMA,amoxicillina e acido clavulanico pensa pharma,J01CR02,J01CR02
AMOXICILLINA E ACIDO CLAVULANICO PHARMACARE,amoxicillina e acido clavulanico pharmacare,J01CR02,J01CR02
AMOXICILLINA E ACIDO CLAVULANICO PHARMACARE ITALIA,amoxicillina e acido clavulanico pharmacare italia,J01CR02,J01CR02
AMOXICILLINA E ACIDO CLAVULANICO RATIOPHARM ITALIA,amoxicillina e acido clavulanico ratiopharm italia,J01CR02,J01CR02
AMOXICILLINA E ACIDO CLAVULANICO REIG JOFRE,amoxicillina e acido clavulanico reig jofre,J01CR02,J01CR02
AMOXICILLINA E ACIDO CLAVULANICO SANDOZ,amoxicillina e acido clavulanico sandoz,J01CR02,J01CR02
AMOXICILLINA E ACIDO CLAVULANICO SANDOZ A/S,amoxicillina e acido clavulanico sandoz a/s,J01CR02,J01CR02
AMOXICILLINA E ACIDO CLAVULANICO SANDOZ GMBH,amoxicillina e acido clavulanico sandoz gmbh,J01CR02,J01CR02
AMOXICILLINA E ACIDO CLAVULANICO SUN,amoxicillina e acido clavulanico sun,J01CR02,J01CR02
AMOXICILLINA E ACIDO CLAVULANICO TECNIGEN ITALIA,amoxicillina e acido clavulanico tecnigen italia,J01CR02,J01CR02
AMOXICILLINA E ACIDO CLAVULANICO TEVA GENERICS,amoxicillina e acido clavulanico teva generics,J01CR02,J01CR02
AMOXICILLINA E ACIDO CLAVULANICO TEVA GROUP,amoxicillina e acido clavulanico teva group,J01CR02,J01CR02
AMOXICILLINA E ACIDO CLAVULANICO ZENTIVA GENERICS,amoxicillina e acido clavulanico zentiva generics,J01CR02,J01CR02
AMOXICILLINA E ACIDO CLAVULANICO ZENTIVA ITALIA,amoxicillina e acido clavulanico zentiva italia,J01CR02,J01CR02
AMOXICILLINA E ACIDO CLAVULANICO ZENTIVA LAB,amoxicillina e acido clavulanico zentiva lab,J01CR02,J01CR02
AMOXICILLINA E ACIDO CLAVULANICO ZENTIVA SRL,amoxicillina e acido clavulanico zentiva srl,J01CR02,J01CR02
AMOXICILLINA EG,amoxicillina eg,J01CA04,J01CA04
AMOXICILLINA GIT,amoxicillina git,J01CA04,J01CA04
AMOXICILLINA HCS,amoxicillina hcs,J01CA04,J01CA04
AMOXICILLINA HEXAL AG,amoxicillina hexal ag,J01CA04,J01CA04
AMOXICILLINA MYLAN GENERICS,amoxicillina mylan generics,J01CA04,J01CA04
AMOXICILLINA MYLAN PHARMA,amoxicillina mylan pharma,J01CA04,J01CA04
AMOXICILLINA PENSA PHARMA,amoxicillina pensa pharma,J01CA04,J01CA04
AMOXICILLINA RATIOPHARM,amoxicillina ratiopharm,J01CA04,J01CA04
AMOXICILLINA SANDOZ,amoxicillina sandoz,J01CA04,J01CA04
AMOXICILLINA SANDOZ GMBH,amoxicillina sandoz gmbh,J01CA04,J01CA04
AMOXICILLINA SODICA K24 PHARMACEUTICALS,amoxicillina sodica k24 pharmaceuticals,J01CA04,J01CA04
AMOXICILLINA TECNIGEN,amoxicillina tecnigen,J01CA04,J01CA04
AMOXICILLINA TECNIGEN ITALIA,amoxicillina tecnigen italia,J01CA04,J01CA04
AMOXICILLINA ZENTIVA,amoxicillina zentiva,J01CA04,J01CA04
AMOXICILLINA ZENTIVA ITALIA,amoxicillina zentiva italia,J01CA04,J01CA04
AMOXINA,amoxina,J01CA04,J01CA04
AMPENAIA,ampenaia,N03AX22,N03AX22
AMPICILLINA BIOPHARMA,ampicillina biopharma,J01CA01,J01CA01
AMPICILLINA E SULBACTAM IBI,ampicillina e sulbactam ibi,J01CR01,J01CR01
AMPICILLINA ETHYPHARM,ampicillina ethypharm,J01CA01,J01CA01
AMPICILLINA TILLOMED,ampicillina tillomed,J01CA01,J01CA01
AMSALYO,amsalyo,L01XX01,L01XX01
AMUKINE MED,amukine med,D08AX07,D08AX07
AMVERSIO,amversio,A16AA06,A16AA06
AMVUTTRA,amvuttra,N07XX18,N07XX18
AMYLIUM NITROSUM DYNAMIS,amylium nitrosum dynamis,V03AX,V03AX
AMYVID,amyvid,V09AX05,V09AX05
ANACARDIUM ORIENTALE,anacardium orientale,V03AX,V03AX
ANACARDIUM ORIENTALE DYNAMIS,anacardium orientale dynamis,V03AX,V03AX
ANADIR,anadir,A02BC01,A02BC01
ANAFRANIL,anafranil,N06AA04,N06AA04
ANAGRELIDE AUROBINDO,anagrelide aurobindo,L01XX35,L01XX35
ANAGRELIDE SANDOZ,anagrelide sandoz,L01XX35,L01XX35
ANAGRELIDE TEVA,anagrelide teva,L01XX35,L01XX35
ANAGRELIDE VIATRIS,anagrelide viatris,L01XX35,L01XX35
ANAS COCCINUM (H 17),anas coccinum (h 17),V03AX,V03AX
ANASSO,anasso,G04CA52,G04CA52
ANASTROZOLO ALTER,anastrozolo alter,L02BG03,L02BG03
ANASTROZOLO AUROBINDO,anastrozolo aurobindo,L02BG03,L02BG03
ANASTROZOLO AUROBINDO ITALIA,anastrozolo aurobindo italia,L02BG03,L02BG03
ANASTROZOLO DOC GENERICI,anastrozolo doc generici,L02BG03,L02BG03
ANASTROZOLO EG,anastrozolo eg,L02BG03,L02BG03
ANASTROZOLO MYLAN GENERICS,anastrozolo mylan generics,L02BG03,L02BG03
ANASTROZOLO PENSA,anastrozolo pensa,L02BG03,L02BG03
ANASTROZOLO SANDOZ,anastrozolo sandoz,L02BG03,L02BG03
ANASTROZOLO SUN,anastrozolo sun,L02BG03,L02BG03
ANASTROZOLO TEVA,anastrozolo teva,L02BG03,L02BG03
ANASTROZOLO ZENTIVA,anastrozolo zentiva,L02BG03,L02BG03
ANAURAN,anauran,S02AA30,S02AA30
ANBINEX,anbinex,B01AB02,B01AB02
ANCILLEG,ancilleg,C10BA05,C10BA05
ANCOTIL,ancotil,J02AX01,J02AX01
ANDABRA,andabra,B01AE07,B01AE07
ANDAMANE,andamane,A10BH01,A10BH01
ANDEMBRY,andembry,B06AC07,B06AC07
ANDROCUR,androcur,G03HA01,G03HA01
ANELOR,anelor,N05BA12,N05BA12
ANEMONE PULSATILLA,anemone pulsatilla,V03AX,V03AX
ANEXATE,anexate,V03AB25,V03AB25
ANGELIQ,angeliq,G03FA17,G03FA17
ANGIOFLUX,angioflux,B01AB11,B01AB11
ANGUSTA,angusta,G02AD06,G02AD06
ANIDULAFUNGINA ACCORD,anidulafungina accord,J02AX06,J02AX06
ANIVAL,anival,J01CR02,J01CR02
ANKERMANN,ankermann,B03BA01,B03BA01
ANKTIVA,anktiva,L03AC03,L03AC03
ANNEXXO,annexxo,A11CC05,A11CC05
ANNISTER,annister,A11CC05,A11CC05
ANNOVA,annova,A11CC05,A11CC05
ANORO ELLIPTA,anoro ellipta,R03AL03,R03AL03
ANORSIA,anorsia,A11CC05,A11CC05
ANSEREN,anseren,N05BA10,N05BA10
ANSIMAR,ansimar,R03DA11,R03DA11
ANSIOLIN,ansiolin,N05BA01,N05BA01
ANTABREST,antabrest,L02BG03,L02BG03
ANTABUSE DISPERGETTES,antabuse dispergettes,N07BB01,N07BB01
ANTACAL,antacal,C08CA01,C08CA01
ANTALGENTA,antalgenta,D06AX07,D06AX07
ANTALGIL,antalgil,M01AE01,M01AE01
ANTALGIL DOLORE E FEBBRE,antalgil dolore e febbre,M01AE01,M01AE01
ANTAXONE,antaxone,N07BB04,N07BB04
ANTEPSIN,antepsin,A02BX02,A02BX02
ANTERNATY,anternaty,B01AB02,B01AB02
ANTI CD 11B,anti cd 11b,V03AX,V03AX
ANTI CD 13,anti cd 13,V03AX,V03AX
ANTI CD 14,anti cd 14,V03AX,V03AX
ANTI CD 15,anti cd 15,V03AX,V03AX
ANTI CD 21,anti cd 21,V03AX,V03AX
ANTI CD 23,anti cd 23,V03AX,V03AX
ANTI CD 25,anti cd 25,V03AX,V03AX
ANTI CD 26,anti cd 26,V03AX,V03AX
ANTI CD 35,anti cd 35,V03AX,V03AX
ANTI CD 36,anti cd 36,V03AX,V03AX
ANTI CD 43,anti cd 43,V03AX,V03AX
ANTI CD 44,anti cd 44,V03AX,V03AX
ANTI CD 46,anti cd 46,V03AX,V03AX
ANTI CD 54,anti cd 54,V03AX,V03AX
ANTI CD 55,anti cd 55,V03AX,V03AX
ANTI CD 62E,anti cd 62e,V03AX,V03AX
ANTI CD 81,anti cd 81,V03AX,V03AX
ANTIMICOTICO SAME,antimicotico same,D01AC01,D01AC01
ANTIMONIUM CRUDUM,antimonium crudum,V03AX,V03AX
ANTIMONIUM CRUDUM DYNAMIS,antimonium crudum dynamis,V03AX,V03AX
ANTIMONIUM SULFURATUM AUREUM DYNAMIS,antimonium sulfuratum aureum dynamis,V03AX,V03AX
ANTIMONIUM TARTARICUM,antimonium tartaricum,V03AX,V03AX
ANTIMONIUM TARTARICUM DYNAMIS,antimonium tartaricum dynamis,V03AX,V03AX
ANTIREUMINA,antireumina,N02BE51,N02BE51
ANTISCABBIA CM,antiscabbia cm,P03AC54,P03AC54
ANTISETTICO ASTRINGENTE SEDATIVO,antisettico astringente sedativo,S01AB,S01AB
ANTISPASMINA COLICA,antispasmina colica,A03AD01,A03AD01
ANTITROMBINA III BAXALTA,antitrombina iii baxalta,B01AB02,B01AB02
ANTRA,antra,A02BC01,A02BC01
ANTROLIN,antrolin,C05AX03,C05AX03
ANTUNES,antunes,G04CA02,G04CA02
ANZUPGO,anzupgo,D11AH11,D11AH11
APACROSS,apacross,L01CD01,L01CD01
APATIT,apatit,V03AX,V03AX
APEXELSIN,apexelsin,L01CD01,L01CD01
APIDRA,apidra,A10AB06,A10AB06
APILION,apilion,B01AF02,B01AF02
APIREDOL,apiredol,N02BE01,N02BE01
APIS MELLIFICA,apis mellifica,V03AX,V03AX
APIXABAN ABDI,apixaban abdi,B01AF02,B01AF02
APIXABAN ACCORD,apixaban accord,B01AF02,B01AF02
APIXABAN ADAMED,apixaban adamed,B01AF02,B01AF02
APIXABAN ALTER,apixaban alter,B01AF02,B01AF02
APIXABAN AUROBINDO,apixaban aurobindo,B01AF02,B01AF02
APIXABAN BIOCON,apixaban biocon,B01AF02,B01AF02
APIXABAN BRUNO FARMACEUTICI,apixaban bruno farmaceutici,B01AF02,B01AF02
APIXABAN CIPLA,apixaban cipla,B01AF02,B01AF02
APIXABAN DOC,apixaban doc,B01AF02,B01AF02
APIXABAN DOC GENERICS,apixaban doc generics,B01AF02,B01AF02
APIXABAN DR. REDDY'S,apixaban dr. reddy's,B01AF02,B01AF02
APIXABAN EG,apixaban eg,B01AF02,B01AF02
APIXABAN GRINDEKS,apixaban grindeks,B01AF02,B01AF02
APIXABAN HCS,apixaban hcs,B01AF02,B01AF02
APIXABAN LABORATORI ALTER,apixaban laboratori alter,B01AF02,B01AF02
APIXABAN MYLAN,apixaban mylan,B01AF02,B01AF02
APIXABAN OLPHA,apixaban olpha,B01AF02,B01AF02
APIXABAN PENSA,apixaban pensa,B01AF02,B01AF02
APIXABAN SANDOZ,apixaban sandoz,B01AF02,B01AF02
APIXABAN SUN,apixaban sun,B01AF02,B01AF02
APIXABAN TECNIGEN,apixaban tecnigen,B01AF02,B01AF02
APIXABAN TEVA,apixaban teva,B01AF02,B01AF02
APIXABAN TORRENT,apixaban torrent,B01AF02,B01AF02
APIXABAN VI.REL PHARMA,apixaban vi.rel pharma,B01AF02,B01AF02
APIXABAN VIVANTA,apixaban vivanta,B01AF02,B01AF02
APIXABAN ZENTIVA,apixaban zentiva,B01AF02,B01AF02
APLACTIN,aplactin,C10AA03,C10AA03
APOCYNUM CANNABINUM DYNAMIS,apocynum cannabinum dynamis,V03AX,V03AX
APOFIN,apofin,N04BC07,N04BC07
APONIL,aponil,C08CA09,C08CA09
APREMILAST ACCORD,apremilast accord,L04AA32,L04AA32
APREMILAST DAY ZERO,apremilast day zero,L04AA32,L04AA32
APREMILAST DR.REDDY?S,apremilast dr.reddy?s,L04AA32,L04AA32
APREMILAST EG,apremilast eg,L04AA32,L04AA32
APREMILAST G.L.,apremilast g.l.,L04AA32,L04AA32
APREMILAST GLENMARK,apremilast glenmark,L04AA32,L04AA32
APREMILAST KRKA,apremilast krka,L04AA32,L04AA32
APREMILAST MACLEODS,apremilast macleods,L04AA32,L04AA32
APREMILAST MEDAC,apremilast medac,L04AA32,L04AA32
APREMILAST MYLAN,apremilast mylan,C09DX04,C09DX04
APREMILAST NOUCOR,apremilast noucor,L04AA32,L04AA32
APREMILAST SANDOZ,apremilast sandoz,L04AA32,L04AA32
APREMILAST SANDOZ GMBH,apremilast sandoz gmbh,L04AA32,L04AA32
APREMILAST TEVA,apremilast teva,L04AA32,L04AA32
APREMILAST ZENTIVA,apremilast zentiva,L04AA32,L04AA32
APREPITANT ACCORD,aprepitant accord,A04AD12,A04AD12
APREPITANT TEVA,aprepitant teva,A04AD12,A04AD12
APRETUDE,apretude,J05AJ04,J05AJ04
APROKAM,aprokam,S01AA27,S01AA27
APROVEL,aprovel,C09CA04,C09CA04
APROXXAMLO,aproxxamlo,C09DB05,C09DB05
APTIVUS,aptivus,J05AE09,J05AE09
AQNEURSA,aqneursa,N07XX,N07XX
AQUIPTA,aquipta,N02CD07,N02CD07
AQUMELDI,aqumeldi,C09AA02,C09AA02
ARACYTIN,aracytin,L01BC01,L01BC01
ARALIA RACEMOSA DYNAMIS,aralia racemosa dynamis,V03AX,V03AX
ARANDA,aranda,J01MA12,J01MA12
ARANESP,aranesp,B03XA02,B03XA02
ARAVA,arava,L04AK01,L04AK01
ARBUX,arbux,M04AA03,M04AA03
ARCHEGAN,archegan,G02BB01,G02BB01
ARCOXIA,arcoxia,M01AH05,M01AH05
ARCTIUM LAPPA DYNAMIS,arctium lappa dynamis,V03AX,V03AX
ARDBEG,ardbeg,M01AE03,M01AE03
AREMAS,aremas,R06AX27,R06AX27
AREXVY,arexvy,J07BX05,J07BX05
ARFEN,arfen,M01AE01|G02CC01,
ARGENTO PROTEINATO ALMUS,argento proteinato almus,R01AX10,R01AX10
ARGENTO PROTEINATO MARCO VITI,argento proteinato marco viti,R01AX10,R01AX10
ARGENTO PROTEINATO NEW.FA.DEM,argento proteinato new.fa.dem,R01AX10,R01AX10
ARGENTO PROTEINATO SELLA,argento proteinato sella,R01AX10,R01AX10
ARGENTO PROTEINATO ZETA,argento proteinato zeta,R01AX10,R01AX10
ARGENTUM METALLICUM,argentum metallicum,V03AX,V03AX
ARGENTUM METALLICUM DYNAMIS,argentum metallicum dynamis,V03AX,V03AX
ARGENTUM NITRICUM,argentum nitricum,V03AX,V03AX
ARGENTUM NITRICUM DYNAMIS,argentum nitricum dynamis,V03AX,V03AX
ARGENTUM NITRICUM HOMEO SAPIENS,argentum nitricum homeo sapiens,V03AX,V03AX
ARGENTUMPLUS (SYNERGIPLUS N.810),argentumplus (synergiplus n.810),V03AX,V03AX
ARGONAL,argonal,A07EC02,A07EC02
ARGOPRO,argopro,N05AL07,N05AL07
ARGOTONE,argotone,R01AB05,R01AB05
ARIA AIR LIQUIDE SANITA',aria air liquide sanita',V03AN05,V03AN05
ARIA LINDE MEDICALE,aria linde medicale,V03AN05,V03AN05
ARIA MEDICAIR,aria medicair,V03AN05,V03AN05
ARIA NIPPPON GASES,aria nipppon gases,V03AN05,V03AN05
ARIA SAPIO LIFE,aria sapio life,V03AN01,V03AN01
ARIA SIAD,aria siad,V03AN05,V03AN05
ARIA SICO,aria sico,V03AN05,V03AN05
ARIA SOL,aria sol,V03AN05,V03AN05
ARIANNA,arianna,G03AA10,G03AA10
ARIBEC,aribec,D05AX52,D05AX52
ARICODILTOSSE,aricodiltosse,R05DA09,R05DA09
ARIKAYCE LIPOSOMIALE,arikayce liposomiale,J01GB06,J01GB06
ARILIAR,ariliar,A02BC05,A02BC05
ARIMIDEX,arimidex,L02BG03,L02BG03
ARINIT,arinit,R01AD09,R01AD09
ARIONTE,arionte,G04BD11,G04BD11
ARIPIPRAZOLO ACCORD,aripiprazolo accord,N05AX12,N05AX12
ARIPIPRAZOLO ALTER,aripiprazolo alter,N05AX12,N05AX12
ARIPIPRAZOLO AUROBINDO,aripiprazolo aurobindo,N05AX12,N05AX12
ARIPIPRAZOLO AUROBINDO ITALIA,aripiprazolo aurobindo italia,N05AX12,N05AX12
ARIPIPRAZOLO DOC,aripiprazolo doc,N05AX12,N05AX12
ARIPIPRAZOLO DOC GENERICI,aripiprazolo doc generici,N05AX12,N05AX12
ARIPIPRAZOLO EG,aripiprazolo eg,N05AX12,N05AX12
ARIPIPRAZOLO EG STADA,aripiprazolo eg stada,N05AX12,N05AX12
ARIPIPRAZOLO KRKA,aripiprazolo krka,N05AX12,N05AX12
ARIPIPRAZOLO LABORATORI ALTER,aripiprazolo laboratori alter,N05AX12,N05AX12
ARIPIPRAZOLO MYLAN GENERICS,aripiprazolo mylan generics,N05AX12,N05AX12
ARIPIPRAZOLO MYLAN ITALIA,aripiprazolo mylan italia,N05AX12,N05AX12
ARIPIPRAZOLO MYLAN PHARMA,aripiprazolo mylan pharma,N05AX12,N05AX12
ARIPIPRAZOLO OLPHA,aripiprazolo olpha,N05AX12,N05AX12
ARIPIPRAZOLO SANDOZ,aripiprazolo sandoz,N05AX12,N05AX12
ARIPIPRAZOLO SANDOZ BV,aripiprazolo sandoz bv,N05AX12,N05AX12
ARIPIPRAZOLO TEVA,aripiprazolo teva,N05AX12,N05AX12
ARIPIPRAZOLO TEVA ITALIA,aripiprazolo teva italia,N05AX12,N05AX12
ARIPIPRAZOLO ZENTIVA,aripiprazolo zentiva,N05AX12,N05AX12
ARIXTRA,arixtra,B01AX05,B01AX05
ARKAS,arkas,C10AA05,C10AA05
ARLEVERT,arlevert,N07CA52,N07CA52
ARLEVERTAN,arlevertan,N07CA52,N07CA52
ARMILLA,armilla,A11HA03,A11HA03
ARMISARTE,armisarte,L01BA04,L01BA04
ARNICA COMPLEXE 1,arnica complexe 1,V03AX,V03AX
ARNICA HEEL COMPLEX,arnica heel complex,V03AX,V03AX
ARNICA MONTANA,arnica montana,V03AX,V03AX
ARNICA MONTANA HEEL,arnica montana heel,V03AX,V03AX
ARNICA MONTANA HOMEOSYN COMPLEX,arnica montana homeosyn complex,V03AX,V03AX
ARNICA PLANTA TOTA,arnica planta tota,V03AX,V03AX
ARNICA WELEDA,arnica weleda,M02A,M02A
ARNIGEL,arnigel,V03AX,V03AX
ARNITHEI,arnithei,M02AX,M02AX
ARNORIAM,arnoriam,C09DX04,C09DX04
AROMASIN,aromasin,L02BG06,L02BG06
ARPETRAN,arpetran,A16AX07,A16AX07
ARPOYA,arpoya,N05AX12,N05AX12
ARQUETA,arqueta,S01AA23,S01AA23
ARSENICO TRIOSSIDO EG,arsenico triossido eg,L01XX27,L01XX27
ARSENICO TRIOSSIDO TILLOMED,arsenico triossido tillomed,L01XX27,L01XX27
ARSENICUM ALBUM,arsenicum album,V03AX,V03AX
ARSENICUM ALBUM DYNAMIS,arsenicum album dynamis,V03AX,V03AX
ARSENICUM IODATUM,arsenicum iodatum,V03AX,V03AX
ARSENICUM TRIIODATUM DYNAMIS,arsenicum triiodatum dynamis,V03AX,V03AX
ARTANE,artane,N04AA01,N04AA01
ARTEMIS,artemis,C05CA53,C05CA53
ARTEMISIA VULGARIS DYNAMIS,artemisia vulgaris dynamis,V03AX,V03AX
ARTESIAR,artesiar,C05CA53,C05CA53
ARTESUNATE AMIVAS,artesunate amivas,P01BE03,P01BE03
ARTICAINA CON ADRENALINA PIERREL,articaina con adrenalina pierrel,N01BB58,N01BB58
ARTICAINA OGNA,articaina ogna,N01BB58,N01BB58
ARTIN,artin,N01BB58,N01BB58
ARTISS,artiss,B02BC30,B02BC30
ARTROSILENE,artrosilene,M01AE03|M02AA10,
ARTROTEC,artrotec,M01AB55,M01AB55
ARUM TRIPHYLLUM,arum triphyllum,V03AX,V03AX
ARUPSAN,arupsan,N03AF04,N03AF04
ARVENUM,arvenum,C05CA53,C05CA53
ARZINKA,arzinka,N06AB05,N06AB05
ASA FOETIDA,asa foetida,V03AX,V03AX
ASA FOETIDA DYNAMIS,asa foetida dynamis,V03AX,V03AX
ASACOL,asacol,A07EC02,A07EC02
ASADROX,asadrox,C10BX05,C10BX05
ASALEX,asalex,A07EC02,A07EC02
ASAMAX,asamax,A07EC02,A07EC02
ASARUM EUROPAEUM,asarum europaeum,V03AX,V03AX
ASAVIXIN,asavixin,A07EC02,A07EC02
ASBIMA,asbima,C09DB01,C09DB01
ASCOTODIN,ascotodin,S01XA,S01XA
ASCRIPTIN,ascriptin,B01AC06,B01AC06
ASENSIL,asensil,N01BB02,N01BB02
ASMAFLU,asmaflu,R03BA03,R03BA03
ASMANEX,asmanex,R03BA07,R03BA07
ASPAVELI,aspaveli,L04AJ03,L04AJ03
ASPERULA ODORATA DYNAMIS,asperula odorata dynamis,V03AX,V03AX
ASPI GOLA,aspi gola,A01AD11,A01AD11
ASPIGOLADOL,aspigoladol,A01AD11,A01AD11
ASPIGOLADOLACT,aspigoladolact,R02AX01,R02AX01
ASPIRINA,aspirina,N02BA51|N02BA01,
ASPIRINA DOLORE E INFIAMMAZIONE,aspirina dolore e infiammazione,N02BA01,N02BA01
ASPIRINA INFLUENZA E NASO CHIUSO,aspirina influenza e naso chiuso,R01BA52,R01BA52
ASPIRINAACT,aspirinaact,N02BA51,N02BA51
ASPIRINAACT DOLORE E INFIAMMAZIONE,aspirinaact dolore e infiammazione,N02BA01,N02BA01
ASPIRINETTA,aspirinetta,N02BA01,N02BA01
ASSOLID,assolid,R03BA03,R03BA03
ASSORAL,assoral,J01FA06,J01FA06
ASTERID,asterid,G04CB01,G04CB01
ASTIAN,astian,R03BA03,R03BA03
ASTON,aston,M05BA04,M05BA04
ASURAMI,asurami,C10BX17,C10BX17
AT III KEDRION,at iii kedrion,B01AB02,B01AB02
ATANTO,atanto,A04AD12,A04AD12
ATARAX,atarax,N05BB01,N05BB01
ATAZANAVIR SANDOZ,atazanavir sandoz,J05AE08,J05AE08
ATAZANAVIR VIATRIS,atazanavir viatris,J05AE08,J05AE08
ATECTURA BREEZHALER,atectura breezhaler,R03AK14,R03AK14
ATEM,atem,R03BB01,R03BB01
ATENATIV,atenativ,B01AB02,B01AB02
ATENIGRON,atenigron,C07CB03,C07CB03
ATENOL,atenol,C07AB03,C07AB03
ATENOLOLO ABC,atenololo abc,C07AB03,C07AB03
ATENOLOLO AHCL,atenololo ahcl,C07AB03,C07AB03
ATENOLOLO ALMUS,atenololo almus,C07AB03,C07AB03
ATENOLOLO AUROBINDO ITALIA,atenololo aurobindo italia,C07AB03,C07AB03
ATENOLOLO CLORTALIDONE DOC GENERICI,atenololo clortalidone doc generici,C07CB03,C07CB03
ATENOLOLO CLORTALIDONE EG,atenololo clortalidone eg,C07CB03,C07CB03
ATENOLOLO CLORTALIDONE HEXAL,atenololo clortalidone hexal,C07CB03,C07CB03
ATENOLOLO CLORTALIDONE RATIOPHARM,atenololo clortalidone ratiopharm,C07CB03,C07CB03
ATENOLOLO DOC GENERICI,atenololo doc generici,C07AB03,C07AB03
ATENOLOLO E CLORTALIDONE MYLAN GENERICS,atenololo e clortalidone mylan generics,C07CB03,C07CB03
ATENOLOLO EG,atenololo eg,C07AB03,C07AB03
ATENOLOLO HEXAL,atenololo hexal,C07AB03,C07AB03
ATENOLOLO MYLAN GENERICS,atenololo mylan generics,C07AB03,C07AB03
ATENOLOLO PENSA,atenololo pensa,C07AB03,C07AB03
ATENOLOLO RATIOPHARM,atenololo ratiopharm,C07AB03,C07AB03
ATIMOS,atimos,R03AC13,R03AC13
ATKED,atked,B01AB02,B01AB02
ATLIMARBAI,atlimarbai,M02AA15,M02AA15
ATODEXINE,atodexine,V03AX,V03AX
ATORIS,atoris,C10AA05,C10AA05
ATORVASTATINA ABC,atorvastatina abc,C10AA05,C10AA05
ATORVASTATINA ABC FARMACEUTICI,atorvastatina abc farmaceutici,C10AA05,C10AA05
ATORVASTATINA ACCORD,atorvastatina accord,C10AA05,C10AA05
ATORVASTATINA ALMUS PHARMA,atorvastatina almus pharma,C10AA05,C10AA05
ATORVASTATINA AUROBINDO,atorvastatina aurobindo,C10AA05,C10AA05
ATORVASTATINA DOC GENERICS,atorvastatina doc generics,C10AA05,C10AA05
ATORVASTATINA DOCGEN,atorvastatina docgen,C10AA05,C10AA05
ATORVASTATINA EG,atorvastatina eg,C10AA05,C10AA05
ATORVASTATINA GIT,atorvastatina git,C10AA05,C10AA05
ATORVASTATINA KRKA,atorvastatina krka,C10AA05,C10AA05
ATORVASTATINA LABORATORI ALTER,atorvastatina laboratori alter,C10AA05,C10AA05
ATORVASTATINA MYLAN,atorvastatina mylan,C10AA05,C10AA05
ATORVASTATINA MYLAN GENERICS ITALIA,atorvastatina mylan generics italia,C10AA05,C10AA05
ATORVASTATINA P-CARE,atorvastatina p-care,C10AA05,C10AA05
ATORVASTATINA PENSA,atorvastatina pensa,C10AA05,C10AA05
ATORVASTATINA PENSA PHARMA,atorvastatina pensa pharma,C10AA05,C10AA05
ATORVASTATINA SANDOZ GMBH,atorvastatina sandoz gmbh,C10AA05,C10AA05
ATORVASTATINA SUN,atorvastatina sun,C10AA05,C10AA05
ATORVASTATINA TECNIGEN,atorvastatina tecnigen,C10AA05,C10AA05
ATORVASTATINA TEVA,atorvastatina teva,C10AA05,C10AA05
ATORVASTATINA TEVA ITALIA,atorvastatina teva italia,C10AA05,C10AA05
ATORVASTATINA VIATRIS,atorvastatina viatris,C10AA05,C10AA05
ATORVASTATINA ZENTIVA ITALIA,atorvastatina zentiva italia,C10AA05,C10AA05
ATOSIBAN EVER PHARMA,atosiban ever pharma,G02CX01,G02CX01
ATOSIBAN IBISQUS,atosiban ibisqus,G02CX01,G02CX01
ATOSIBAN SUN,atosiban sun,G02CX01,G02CX01
ATOSSISCLEROL,atossisclerol,C05BB02,C05BB02
ATOVAQUONE E PROGUANILE MYLAN GENERICS,atovaquone e proguanile mylan generics,P01BB51,P01BB51
ATOVAQUONE GLENMARK,atovaquone glenmark,P01AX06,P01AX06
ATOVER,atover,C09BB02,C09BB02
ATOZET,atozet,C10BA05,C10BA05
ATRIANCE,atriance,L01BB07,L01BB07
ATROCOM,atrocom,G03CA04,G03CA04
ATROPA BELLADONNA,atropa belladonna,V03AX,V03AX
ATROPINA FARMIGEA,atropina farmigea,S01FA01,S01FA01
ATROPINA SOLFATO ACCORD,atropina solfato accord,A03BA01,A03BA01
ATROPINA SOLFATO AGUETTANT,atropina solfato aguettant,A03BA01,A03BA01
ATROPINA SOLFATO BIOINDUSTRIA L.I.M.,atropina solfato bioindustria l.i.m.,A03BA01,A03BA01
ATROPINA SOLFATO GALENICA SENESE,atropina solfato galenica senese,A03BA01,A03BA01
ATROPINA SOLFATO LABORATOIRE AGUETTANT,atropina solfato laboratoire aguettant,A03BA01,A03BA01
ATROPINA SOLFATO MONICO,atropina solfato monico,A03BA01,A03BA01
ATROPINA SOLFATO NORIDEM,atropina solfato noridem,A03BA01,A03BA01
ATROPINA SOLFATO S.A.L.F.,atropina solfato s.a.l.f.,A03BA01,A03BA01
ATTERTIUM,attertium,B01AB02,B01AB02
ATTROGY,attrogy,N02BA11,N02BA11
AUBAGIO,aubagio,L04AK02,L04AK02
AUGMENTIN,augmentin,J01CR02,J01CR02
AUGTYRO,augtyro,L01EX28,L01EX28
AULIN,aulin,M01AX17|M02AA26,
AUMSEQA,aumseqa,L01EB11,L01EB11
AURADOL,auradol,N02CC07,N02CC07
AURALGAN,auralgan,B01AE07,B01AE07
AURANTIN,aurantin,N03AB02,N03AB02
AUREOCORT,aureocort,D07CB01,D07CB01
AUREOMICINA,aureomicina,D06AA02,D06AA02
AURETICA,auretica,B01AC24,B01AC24
AUROFLAVON,auroflavon,C05CA53,C05CA53
AUROZEB,aurozeb,C10BA06,C10BA06
AURUM METALLICUM,aurum metallicum,V03AX,V03AX
AURUM METALLICUM DYNAMIS,aurum metallicum dynamis,V03AX,V03AX
AURUM MURIATICUM,aurum muriaticum,V03AX,V03AX
AURUM MURIATICUM NATRONATUM,aurum muriaticum natronatum,V03AX,V03AX
AURUM TRIMURIATICUM DYNAMIS,aurum trimuriaticum dynamis,V03AX,V03AX
AUSTEDO,austedo,N07XX16,N07XX16
AVALOX,avalox,J01MA14,J01MA14
AVAMYS,avamys,R01AD12,R01AD12
AVASTIN,avastin,L01FG01,L01FG01
AVAXIM,avaxim,J07BC02,J07BC02
AVEGGIO,aveggio,J01CR02,J01CR02
AVERBET,averbet,N07CA01,N07CA01
AVERELIX,averelix,B01AC04,B01AC04
AVIFLUCOX,aviflucox,J02AC01,J02AC01
AVIOR,avior,C09DB01,C09DB01
AVODART,avodart,G04CB02,G04CB02
AVONEX,avonex,L03AB07,L03AB07
AVTOZMA,avtozma,L04AC07,L04AC07
AVZIVI,avzivi,L01FG01,L01FG01
AWIQLI,awiqli,A10AE07,A10AE07
AXAGON,axagon,A02BC05,A02BC05
AXELTA,axelta,L02BG06,L02BG06
AXERAMIS,axeramis,R06AE07,R06AE07
AXHIDROX,axhidrox,D11AA01,D11AA01
AXIL,axil,L03AX05,L03AX05
AXILIUM,axilium,N05CD06,N05CD06
AXITINIB ACCORD,axitinib accord,L01EK01,L01EK01
AXITINIB EG,axitinib eg,L01EK01,L01EK01
AXITINIB SANDOZ,axitinib sandoz,L01EK01,L01EK01
AXITINIB TEVA,axitinib teva,L01EK01,L01EK01
AXUMIN,axumin,V09IX12,V09IX12
AYBINTIO,aybintio,L01FG01,L01FG01
AYRDOZELIA,ayrdozelia,C08CA13,C08CA13
AYRINAL,ayrinal,R06AX29|S01GX13,
AYVAKYT,ayvakyt,L01EX18,L01EX18
AZACID,azacid,J01FA10,J01FA10
AZACITIDINA ACCORD,azacitidina accord,L01BC07,L01BC07
AZACITIDINA AUROBINDO,azacitidina aurobindo,L01BC07,L01BC07
AZACITIDINA BETAPHARM,azacitidina betapharm,L01BC07,L01BC07
AZACITIDINA EG STADA,azacitidina eg stada,L01BC07,L01BC07
AZACITIDINA HIKMA,azacitidina hikma,L01BC07,L01BC07
AZACITIDINA KABI,azacitidina kabi,L01BC07,L01BC07
AZACITIDINA MYLAN,azacitidina mylan,L01BC07,L01BC07
AZACITIDINA SANDOZ,azacitidina sandoz,L01BC07,L01BC07
AZACITIDINA SEACROSS,azacitidina seacross,L01BC07,L01BC07
AZACITIDINA TILLOMED,azacitidina tillomed,L01BC07,L01BC07
AZACITIDINA ZENTIVA,azacitidina zentiva,L01BC07,L01BC07
AZAFOR,azafor,L04AX01,L04AX01
AZALIA,azalia,G03AC09,G03AC09
AZARGA,azarga,S01ED51,S01ED51
AZATIOPRINA ASPEN,azatioprina aspen,L04AX01,L04AX01
AZATIOPRINA DOC,azatioprina doc,L04AX01,L04AX01
AZATIOPRINA HEXAL,azatioprina hexal,L04AX01,L04AX01
AZELASTINA E FLUTICASONE EG,azelastina e fluticasone eg,R01AD58,R01AD58
AZELASTINA E FLUTICASONE SUBSTIPHARM,azelastina e fluticasone substipharm,R01AD58,R01AD58
AZELASTINA E FLUTICASONE VIATRIS,azelastina e fluticasone viatris,R01AD58,R01AD58
AZELASTINA E FLUTICASONE ZENTIVA,azelastina e fluticasone zentiva,R01AD58,R01AD58
AZEPTIN,azeptin,J01FA10,J01FA10
AZILECT,azilect,N04BD02,N04BD02
AZIMIL,azimil,R05CB06,R05CB06
AZIPROME,aziprome,J01FA10,J01FA10
AZITREDIL,azitredil,J01FA10,J01FA10
AZITROERRE,azitroerre,J01FA10,J01FA10
AZITROMICINA ABC,azitromicina abc,J01FA10,J01FA10
AZITROMICINA ACCORD,azitromicina accord,J01FA10,J01FA10
AZITROMICINA ALMUS,azitromicina almus,J01FA10,J01FA10
AZITROMICINA ALTAN,azitromicina altan,J01FA10,J01FA10
AZITROMICINA AUROBINDO,azitromicina aurobindo,J01FA10,J01FA10
AZITROMICINA BLUEPHARMA,azitromicina bluepharma,J01FA10,J01FA10
AZITROMICINA DOC GENERICI,azitromicina doc generici,J01FA10,J01FA10
AZITROMICINA EG,azitromicina eg,J01FA10,J01FA10
AZITROMICINA KRKA,azitromicina krka,J01FA10,J01FA10
AZITROMICINA MYLAN,azitromicina mylan,J01FA10,J01FA10
AZITROMICINA MYLAN GENERICS ITALIA,azitromicina mylan generics italia,J01FA10,J01FA10
AZITROMICINA PENSA,azitromicina pensa,J01FA10,J01FA10
AZITROMICINA PHARMEG,azitromicina pharmeg,J01FA10,J01FA10
AZITROMICINA SANDOZ,azitromicina sandoz,J01FA10,J01FA10
AZITROMICINA SANDOZ GMBH,azitromicina sandoz gmbh,J01FA10,J01FA10
AZITROMICINA TEVA,azitromicina teva,J01FA10,J01FA10
AZITROMICINA TEVA ITALIA,azitromicina teva italia,J01FA10,J01FA10
AZITROMICINA ZENTIVA,azitromicina zentiva,J01FA10,J01FA10
AZITROX,azitrox,J01FA10,J01FA10
AZOLIX,azolix,J02AC01,J02AC01
AZOLMEN,azolmen,D01AC10,D01AC10
AZOMYR,azomyr,R06AX27,R06AX27
AZONAL,azonal,J02AC01,J02AC01
AZOPT,azopt,S01EC04,S01EC04
AZOTO PROTOSSIDO AIR LIQUIDE SANITA',azoto protossido air liquide sanita',N01AX13,N01AX13
AZOTO PROTOSSIDO LINDE MEDICALE,azoto protossido linde medicale,N01AX13,N01AX13
AZOTO PROTOSSIDO MEDICAIR,azoto protossido medicair,N01AX13,N01AX13
AZOTO PROTOSSIDO NIPPON GASES,azoto protossido nippon gases,N01AX13,N01AX13
AZOTO PROTOSSIDO SAPIO LIFE,azoto protossido sapio life,N01AX13,N01AX13
AZOTO PROTOSSIDO SIAD,azoto protossido siad,N01AX13,N01AX13
AZOTO PROTOSSIDO SICO,azoto protossido sico,N01AX13,N01AX13
AZOTO PROTOSSIDO SOL,azoto protossido sol,N01AX13,N01AX13
AZURVIG,azurvig,G04BE03,G04BE03
AZYLUNG,azylung,J01FA10,J01FA10
AZYTER,azyter,S01AA26,S01AA26
AZZALURE,azzalure,M03AX01,M03AX01
BABY RINOLO C.M.,baby rinolo c.m.,N02BE51,N02BE51
BACAMPICILLINA EUROGENERICI,bacampicillina eurogenerici,J01CA06,J01CA06
BACLOFENE BIOINDUSTRIA L.I.M.,baclofene bioindustria l.i.m.,M03BX01,M03BX01
BACLOFENE DOC,baclofene doc,M03BX01,M03BX01
BACLOFENE MYLAN GENERICS,baclofene mylan generics,M03BX01,M03BX01
BACTIGRAM,bactigram,J01DC04,J01DC04
BACTOCIN,bactocin,G01AX,G01AX
BACTRIM,bactrim,J01EE01,J01EE01
BACTRIM PERFUSIONE,bactrim perfusione,J01EE01,J01EE01
BACTRIMEL,bactrimel,J01EE01,J01EE01
BACTROBAN,bactroban,D06AX09,D06AX09
BACTROBAN NASALE,bactroban nasale,R01AX06|D06AX09,
BAIAMA,baiama,S01LA05,S01LA05
BALANCE,balance,B05DB,B05DB
BALARM,balarm,C08CA01,C08CA01
BALAVITA,balavita,A11CC05,A11CC05
BALCOGA,balcoga,G04BE03,G04BE03
BALDINAS,baldinas,N05CH01,N05CH01
BALFOLIC,balfolic,B03BB01,B03BB01
BALIK,balik,C10AX06,C10AX06
BALSAMO ITALSTADIUM,balsamo italstadium,M02AC,M02AC
BALVERSA,balversa,L01EN01,L01EN01
BALZIDE,balzide,A07EC04,A07EC04
BAMKLA,bamkla,J01CR02,J01CR02
BANXAN,banxan,B01AF02,B01AF02
BAPTISIA TINCTORIA,baptisia tinctoria,V03AX,V03AX
BAPTISIA TINCTORIA DYNAMIS,baptisia tinctoria dynamis,V03AX,V03AX
BAQSIMI,baqsimi,H04AA01,H04AA01
BARACLUDE,baraclude,J05AF10,J05AF10
BARECAL,barecal,A07EA06,A07EA06
BARNIDIPINA CLORIDRATO TEVA,barnidipina cloridrato teva,C08CA12,C08CA12
BARSOVI,barsovi,B01AF01,B01AF01
BART,bart,M01AC02,M01AC02
BARYTA CARBONICA,baryta carbonica,V03AX,V03AX
BARYTA COMPOSTA,baryta composta,V03AX,V03AX
BARYTA MURIATICA,baryta muriatica,V03AX,V03AX
BARYUM CARBONICUM DYNAMIS,baryum carbonicum dynamis,V03AX,V03AX
BARYUM MURIATICUM DYNAMIS,baryum muriaticum dynamis,V03AX,V03AX
BASALFLEX,basalflex,B05BA10,B05BA10
BASEMAR,basemar,J01MA02,J01MA02
BASICAINA,basicaina,N01BB02,N01BB02
BASSADO,bassado,J01AA02,J01AA02
BATIF,batif,J01FA10,J01FA10
BATIFLOX,batiflox,J01MA12,J01MA12
BATIXIM,batixim,J01DD01,J01DD01
BATTIZER,battizer,J01MA02,J01MA02
BAVENCIO,bavencio,L01FF04,L01FF04
BAXOGAR,baxogar,M05BA06,M05BA06
BCG MEDAC,bcg medac,L03AX03,L03AX03
BEACITA,beacita,A08AB01,A08AB01
BEBEN,beben,D07AC01|D07AC,
BECHILAR,bechilar,R05DA09,R05DA09
BECLOMETASONE DOC GENERICI,beclometasone doc generici,R03BA01,R03BA01
BECLOMETASONE E FORMOTEROLO CIPLA,beclometasone e formoterolo cipla,R03AK08,R03AK08
BECLOMETASONE E FORMOTEROLO DOC GENERICI,beclometasone e formoterolo doc generici,R03AK08,R03AK08
BECLOMETASONE E FORMOTEROLO EG,beclometasone e formoterolo eg,R03AK08,R03AK08
BECLOMETASONE E FORMOTEROLO ELPEN,beclometasone e formoterolo elpen,R03AK08,R03AK08
BECLOMETASONE E FORMOTEROLO MYLAN,beclometasone e formoterolo mylan,R03AK08,R03AK08
BECLOMETASONE E FORMOTEROLO TEVA,beclometasone e formoterolo teva,R03AK08,R03AK08
BECLOMETASONE E FORMOTEROLO TEVA ITALIA,beclometasone e formoterolo teva italia,R03AK08,R03AK08
BECLOMETASONE E FORMOTEROLO TOWA,beclometasone e formoterolo towa,R03AK08,R03AK08
BECLOMETASONE E FORMOTEROLO ZENTIVA,beclometasone e formoterolo zentiva,R03AK08,R03AK08
BECLOMETASONE E FORMOTEROLO ZENTIVA ITALIA,beclometasone e formoterolo zentiva italia,R03AK08,R03AK08
BECLOMETASONE TEVA,beclometasone teva,R01AD01|R03BA01,
BECLONEB,becloneb,R03BA01,R03BA01
BECOLEX,becolex,A07EA07,A07EA07
BECOZYM,becozym,A11EA,A11EA
BEKEMV,bekemv,L04AJ01,L04AJ01
BELARA,belara,G03AA15,G03AA15
BELASIC,belasic,D07XC01,D07XC01
BELLADONNA,belladonna,V03AX,V03AX
BELLADONNA HEEL COMPLEX,belladonna heel complex,V03AX,V03AX
BELLADONNA HOMEO SAPIENS COMP.,belladonna homeo sapiens comp.,V03AX,V03AX
BELLADONNA OTI COMPOSTO,belladonna oti composto,V03AX,V03AX
BELLADONNA-HOMACCORD,belladonna-homaccord,V03AX,V03AX
BELLADONNAPLUS (SYNERGIPLUS N.417),belladonnaplus (synergiplus n.417),V03AX,V03AX
BELLIS PERENNIS,bellis perennis,V03AX,V03AX
BEMFOLA,bemfola,G03GA05,G03GA05
BEMRIST BREEZHALER,bemrist breezhaler,R03AK14,R03AK14
BENACTIV GOLA,benactiv gola,A01AD11,A01AD11
BENACTIVDOL GOLA,benactivdol gola,R02AX01,R02AX01
BENACTIVDOLMED,benactivdolmed,R02AX01,R02AX01
BENACTUSS TOSSE SECCA E EMOLLIENTE GOLA,benactuss tosse secca e emolliente gola,R05,R05
BENADON,benadon,A11HA02,A11HA02
BENAGOL,benagol,R02AA03|R02AA20,
BENALCON,benalcon,D08AJ01,D08AJ01
BENATIA,benatia,M01AE01,M01AE01
BENAZEPRIL EG,benazepril eg,C09AA07,C09AA07
BENAZEPRIL IDROCLOROTIAZIDE EG,benazepril idroclorotiazide eg,C09BA07,C09BA07
BENAZEPRIL IDROCLOROTIAZIDE SANDOZ,benazepril idroclorotiazide sandoz,C09BA07,C09BA07
BENAZEPRIL SANDOZ,benazepril sandoz,C09AA07,C09AA07
BENDALINA,bendalina,S01BC07,S01BC07
BENDAMUSTINA ACCORD,bendamustina accord,L01AA09,L01AA09
BENDAMUSTINA AUROBINDO,bendamustina aurobindo,L01AA09,L01AA09
BENDAMUSTINA HIKMA,bendamustina hikma,L01AA09,L01AA09
BENDAMUSTINA KABI,bendamustina kabi,L01AA09,L01AA09
BENDAMUSTINA MEDAC,bendamustina medac,L01AA09,L01AA09
BENEFIX,benefix,B02BD04,B02BD04
BENEPALI,benepali,L04AB01,L04AB01
BENERVA,benerva,A11DA01,A11DA01
BENEXOL,benexol,A11DB,A11DB
BENILEXA,benilexa,G02BA03,G02BA03
BENKETOL,benketol,M01AB15,M01AB15
BENLAXID,benlaxid,A06AD65,A06AD65
BENLYSTA,benlysta,L04AG04,L04AG04
BENOXINATO CLORIDRATO INTES,benoxinato cloridrato intes,S01HA02,S01HA02
BENTELAN,bentelan,H02AB01,H02AB01
BENUR,benur,G04CA,G04CA
BENZAC,benzac,D10AE01,D10AE01
BENZAFARM,benzafarm,D08AJ01,D08AJ01
BENZIDAMINA ACRAF,benzidamina acraf,A01AD02|M02AA05|R02AX03,
BENZIDAMINA ANGELINI,benzidamina angelini,G02CC03,G02CC03
BENZILPENICILLINA POTASSICA K24 PHARMACEUTICALS,benzilpenicillina potassica k24 pharmaceuticals,J01CE01,J01CE01
BEOVU,beovu,S01LA06,S01LA06
BEPAMEDIN,bepamedin,A11HA30,A11HA30
BERBERIS AQUIFOLIUM DYNAMIS,berberis aquifolium dynamis,V03AX,V03AX
BERBERIS VULGARIS,berberis vulgaris,V03AX,V03AX
BERBERIS VULGARIS DYNAMIS,berberis vulgaris dynamis,V03AX,V03AX
BERBIRA,berbira,L04AX07,L04AX07
BERCOLSYX,bercolsyx,V03AX,V03AX
BERIATE,beriate,B02BD02,B02BD02
BERINERT,berinert,B06AC01,B06AC01
BERNY,berny,J01XX01,J01XX01
BEROMUN,beromun,L03AX11,L03AX11
BESPONSA,besponsa,L01FB01,L01FB01
BESREMI,besremi,L03AB15,L03AB15
BETA 21,beta 21,D07AC01,D07AC01
BETABIOPTAL,betabioptal,S01CA05,S01CA05
BETACLAR,betaclar,S01ED51,S01ED51
BETACREAM,betacream,D07CC01,D07CC01
BETADINE,betadine,D08AG02|G01AX11|D08AG03|R02AA15,
BETAFERON,betaferon,L03AB08,L03AB08
BETAISTINA ACCORD,betaistina accord,N07CA01,N07CA01
BETAISTINA AUROBINDO,betaistina aurobindo,N07CA01,N07CA01
BETAISTINA DOC,betaistina doc,N07CA01,N07CA01
BETAISTINA DOC GENERICI,betaistina doc generici,N07CA01,N07CA01
BETAISTINA EG,betaistina eg,N07CA01,N07CA01
BETAISTINA EG STADA,betaistina eg stada,N07CA01,N07CA01
BETAMESOL,betamesol,D07AC01,D07AC01
BETAMETASONE DIPROPIONATO SANDOZ,betametasone dipropionato sandoz,D07AC01,D07AC01
BETAMETASONE DOC,betametasone doc,H02AB01,H02AB01
BETAMETASONE DOC GENERICI,betametasone doc generici,H02AB01,H02AB01
BETAMETASONE EG,betametasone eg,H02AB01,H02AB01
BETAMETASONE EG STADA,betametasone eg stada,H02AB01,H02AB01
BETAMETASONE L.F.M.,betametasone l.f.m.,H02AB01,H02AB01
BETAMETASONE ZENTIVA,betametasone zentiva,H02AB01,H02AB01
BETESIL,betesil,D07AC01,D07AC01
BETMIGA,betmiga,G04BD12,G04BD12
BETOPTIC,betoptic,S01ED02,S01ED02
BETTAMOUSSE,bettamousse,D07AC01,D07AC01
BEVART,bevart,N07CA01,N07CA01
BEVESPI AEROSPHERE,bevespi aerosphere,R03AL07,R03AL07
BEXAROTENE CIPLA,bexarotene cipla,L01XF03,L01XF03
BEXSERO,bexsero,J07AH09,J07AH09
BEYFORTUS,beyfortus,J06BD08,J06BD08
BEYONTTRA,beyonttra,C01EB,C01EB
BEZALIP,bezalip,C10AB02,C10AB02
BFX CR 7,bfx cr 7,V03AX,V03AX
BIALCOL MED,bialcol med,D08AJ05,D08AJ05
BIALVIZ,bialviz,S01EE03,S01EE03
BIBECFO,bibecfo,R03AK08,R03AK08
BICALUTAMIDE AHCL,bicalutamide ahcl,L02BB03,L02BB03
BICALUTAMIDE AUROBINDO,bicalutamide aurobindo,L02BB03,L02BB03
BICALUTAMIDE AUROBINDO ITALIA,bicalutamide aurobindo italia,L02BB03,L02BB03
BICALUTAMIDE DOC GENERICI,bicalutamide doc generici,L02BB03,L02BB03
BICALUTAMIDE EG,bicalutamide eg,L02BB03,L02BB03
BICALUTAMIDE EG STADA,bicalutamide eg stada,L02BB03,L02BB03
BICALUTAMIDE IBIGEN,bicalutamide ibigen,L02BB03,L02BB03
BICALUTAMIDE RATIOPHARM,bicalutamide ratiopharm,L02BB03,L02BB03
BICALUTAMIDE SUN,bicalutamide sun,L02BB03,L02BB03
BICALUTAMIDE TECNIGEN,bicalutamide tecnigen,L02BB03,L02BB03
BICALUTAMIDE TEVA,bicalutamide teva,L02BB03,L02BB03
BICAVERA,bicavera,B05DB,B05DB
BICNU,bicnu,L01AD01,L01AD01
BIDICLIN,bidiclin,A07EA07,A07EA07
BIDIEN,bidien,D07AC09,D07AC09
BIFRIL,bifril,C09AA15,C09AA15
BIFRIZIDE,bifrizide,C09BA15,C09BA15
BIJUVA,bijuva,G03FA04,G03FA04
BIKADER,bikader,L02BB03,L02BB03
BIKTARVY,biktarvy,J05AR20,J05AR20
BILASTINA AMAROX,bilastina amarox,R06AX29,R06AX29
BILASTINA AUROBINDO,bilastina aurobindo,R06AX29,R06AX29
BILASTINA DOC,bilastina doc,R06AX29,R06AX29
BILASTINA EG,bilastina eg,R06AX29,R06AX29
BILASTINA MEDREG,bilastina medreg,R06AX29,R06AX29
BILASTINA MYLAN,bilastina mylan,R06AX29,R06AX29
BILASTINA MYLAN GENERICS,bilastina mylan generics,R06AX29,R06AX29
BILASTINA PENSA,bilastina pensa,R06AX29,R06AX29
BILASTINA SANDOZ,bilastina sandoz,R06AX29,R06AX29
BILASTINA TECNIGEN,bilastina tecnigen,R06AX29,R06AX29
BILATEC,bilatec,R06AX29,R06AX29
BILDYOS,bildyos,M05BX04,M05BX04
BILPREVDA,bilprevda,M05BX04,M05BX04
BIMADOC,bimadoc,S01EE03,S01EE03
BIMANEXT,bimanext,S01EE03,S01EE03
BIMATOPROST E TIMOLOLO EG,bimatoprost e timololo eg,S01ED51,S01ED51
BIMATOPROST E TIMOLOLO MYLAN,bimatoprost e timololo mylan,S01ED51,S01ED51
BIMATOPROST E TIMOLOLO SANDOZ,bimatoprost e timololo sandoz,S01ED51,S01ED51
BIMATOPROST E TIMOLOLO TEVA,bimatoprost e timololo teva,S01ED51,S01ED51
BIMATOPROST E TIMOLOLO ZENTIVA,bimatoprost e timololo zentiva,S01ED51,S01ED51
BIMATOPROST EG,bimatoprost eg,S01EE03,S01EE03
BIMATOPROST MYLAN,bimatoprost mylan,S01EE03,S01EE03
BIMATOPROST SANDOZ GMBH,bimatoprost sandoz gmbh,S01EE03,S01EE03
BIMERVAX,bimervax,J07BN,J07BN
BIMERVAX LP.8.1,bimervax lp.8.1,J07BN04,J07BN04
BIMERVAX XBB.1.16,bimervax xbb.1.16,J07BN04,J07BN04
BIMIXIN,bimixin,A07AA51,A07AA51
BIMZELX,bimzelx,L04AC21,L04AC21
BINOCRIT,binocrit,B03XA01,B03XA01
BINOFENACT,binofenact,M01AE01,M01AE01
BINOFENKID,binofenkid,M01AE01,M01AE01
BINOFENUM,binofenum,M01AE01,M01AE01
BINOSTO,binosto,M05BA04,M05BA04
BIO PAX,bio pax,V03AX,V03AX
BIOARGININA,bioarginina,V03AB,V03AB
BIOCALCIUM D3,biocalcium d3,A12AX,A12AX
BIOCHETASI,biochetasi,A11JB,A11JB
BIODERMATIN,biodermatin,A11HA05,A11HA05
BIOGINAL,bioginal,G01AX12,G01AX12
BIORINIL,biorinil,R01AD,R01AD
BIPALEN,bipalen,D10AD53,D10AD53
BIPHOZYL,biphozyl,B05ZB,B05ZB
BIRESP SPIROMAX,biresp spiromax,R03AK07,R03AK07
BISANTIM,bisantim,S01ED51,S01ED51
BISFOLID,bisfolid,M05BA02,M05BA02
BISKUS,biskus,R03AK06,R03AK06
BISMUTHUM METALLICUM,bismuthum metallicum,V03AX,V03AX
BISMUTHUM METALLICUM DYNAMIS,bismuthum metallicum dynamis,V03AX,V03AX
BISOL TOSSE E GOLA,bisol tosse e gola,A06AC01,A06AC01
BISOLMONUS,bisolmonus,R05CB01,R05CB01
BISOLSEC,bisolsec,R05DB05,R05DB05
BISOLVON,bisolvon,R05CB02,R05CB02
BISOLVON TOSSE SEDATIVO,bisolvon tosse sedativo,R05DA09,R05DA09
BISOPROLOLO AHCL,bisoprololo ahcl,C07AB07,C07AB07
BISOPROLOLO ALMUS,bisoprololo almus,C07AB07,C07AB07
BISOPROLOLO AUROBINDO PHARMA ITALIA,bisoprololo aurobindo pharma italia,C07AB07,C07AB07
BISOPROLOLO DOC GENERICS,bisoprololo doc generics,C07AB07,C07AB07
BISOPROLOLO E IDROCLOROTIAZIDE AUROBINDO,bisoprololo e idroclorotiazide aurobindo,C07BB07,C07BB07
BISOPROLOLO E IDROCLOROTIAZIDE MYLAN GENERICS,bisoprololo e idroclorotiazide mylan generics,C07BB07,C07BB07
BISOPROLOLO EG,bisoprololo eg,C07AB07,C07AB07
BISOPROLOLO EG STADA,bisoprololo eg stada,C07AB07,C07AB07
BISOPROLOLO EG STADA ITALIA,bisoprololo eg stada italia,C07AB07,C07AB07
BISOPROLOLO KRKA,bisoprololo krka,C07AB07,C07AB07
BISOPROLOLO MYLAN,bisoprololo mylan,C07AB07,C07AB07
BISOPROLOLO PENSA,bisoprololo pensa,C07AB07,C07AB07
BISOPROLOLO PENSA PHARMA,bisoprololo pensa pharma,C07AB07,C07AB07
BISOPROLOLO SANDOZ,bisoprololo sandoz,C07AB07,C07AB07
BISOPROLOLO TECNIGEN,bisoprololo tecnigen,C07AB07,C07AB07
BISOPROLOLO TEVA,bisoprololo teva,C07AB07,C07AB07
BISOPROLOLO ZENTIVA,bisoprololo zentiva,C07AB07,C07AB07
BISOPROLOLO ZENTIVA GENERICS,bisoprololo zentiva generics,C07AB07,C07AB07
BISOPROLOLO ZENTIVA ITALIA,bisoprololo zentiva italia,C07AB07,C07AB07
BITIMAX,bitimax,S01ED51,S01ED51
BITRAPOL,bitrapol,S01ED51,S01ED51
BIVALIRUDINA ACCORD,bivalirudina accord,B01AE06,B01AE06
BIVALIRUDINA HIKMA,bivalirudina hikma,B01AE06,B01AE06
BIVIS,bivis,C09DB02,C09DB02
BIWIND,biwind,R03AL02,R03AL02
BIXON,bixon,J01DD04,J01DD04
BLAMONEHEL,blamonehel,L04AX05,L04AX05
BLENREP,blenrep,L01FX15,L01FX15
BLEOPRIM,bleoprim,L01DC01,L01DC01
BLINCYTO,blincyto,L01FX07,L01FX07
BLIXIE,blixie,N06DA02,N06DA02
BLIZOMIT,blizomit,S01ED51,S01ED51
BLOCADREN,blocadren,C07AA06,C07AA06
BLOPRESID,blopresid,C09DA06,C09DA06
BLOPRESS,blopress,C09CA06,C09CA06
BLORMAT,blormat,L02BG04,L02BG04
BLUESYX,bluesyx,V03AX,V03AX
BLUMEG,blumeg,C10AX06,C10AX06
BOCOUTURE,bocouture,M03AX01,M03AX01
BODINET,bodinet,R03BA02,R03BA02
BODIX,bodix,R03BA02,R03BA02
BOMYNTRA,bomyntra,M05BX04,M05BX04
BONASOL,bonasol,M05BA04,M05BA04
BONDRONAT,bondronat,M05BA06,M05BA06
BONJESTA,bonjesta,R06AA59,R06AA59
BONVIVA,bonviva,M05BA06,M05BA06
BOOSTRIX,boostrix,J07AJ52,J07AJ52
BORAX,borax,V03AX,V03AX
BORAX DYNAMIS,borax dynamis,V03AX,V03AX
BORGHES,borghes,C10AA07,C10AA07
BORNILENE,bornilene,R02AB,R02AB
BORTEZOMIB ACCORD,bortezomib accord,L01XG01,L01XG01
BORTEZOMIB AUROBINDO,bortezomib aurobindo,L01XG01,L01XG01
BORTEZOMIB DR. REDDY'S,bortezomib dr. reddy's,L01XG01,L01XG01
BORTEZOMIB EG,bortezomib eg,L01XG01,L01XG01
BORTEZOMIB EVER,bortezomib ever,L01XG01,L01XG01
BORTEZOMIB FRESENIUS KABI,bortezomib fresenius kabi,L01XX32|L01XG01,
BORTEZOMIB GLENMARK,bortezomib glenmark,L01XG01,L01XG01
BORTEZOMIB HIKMA,bortezomib hikma,L01XG01,L01XG01
BORTEZOMIB MEDAC,bortezomib medac,L01XG01,L01XG01
BORTEZOMIB MYLAN,bortezomib mylan,L01XG01,L01XG01
BORTEZOMIB QILU,bortezomib qilu,L01XG01,L01XG01
BORTEZOMIB SANDOZ BV,bortezomib sandoz bv,L01XG01,L01XG01
BORTEZOMIB SUN,bortezomib sun,L01XG01,L01XG01
BOSENTAN ABDI,bosentan abdi,C02KX01,C02KX01
BOSENTAN ACCORD,bosentan accord,C02KX01,C02KX01
BOSENTAN ACCORDPHARMA,bosentan accordpharma,C02KX01,C02KX01
BOSENTAN AUROBINDO,bosentan aurobindo,C02KX01,C02KX01
BOSENTAN MYLAN,bosentan mylan,C02KX01,C02KX01
BOSENTAN SUN,bosentan sun,C02KX01,C02KX01
BOSENTAN TEVA,bosentan teva,C02KX01,C02KX01
BOSIX,bosix,J01MA02,J01MA02
BOSULIF,bosulif,L01EA04,L01EA04
BOSUTINIB DR. REDDY?S,bosutinib dr. reddy?s,L01EA04,L01EA04
BOSUTINIB EG,bosutinib eg,L01EA04,L01EA04
BOSUTINIB SANDOZ,bosutinib sandoz,L01EA04,L01EA04
BOSUTINIB TEVA,bosutinib teva,L01EA04,L01EA04
BOSUTINIB ZENTIVA,bosutinib zentiva,L01EA04,L01EA04
BOTAM,botam,G04CA02,G04CA02
BOTINERO,botinero,C09BB04,C09BB04
BOTOX,botox,M03AX01,M03AX01
BOVISTA GIGANTEA,bovista gigantea,V03AX,V03AX
BRAFTOVI,braftovi,L01EC03,L01EC03
BRAMICIL,bramicil,J01GB01,J01GB01
BRAMITOB,bramitob,J01GB01,J01GB01
BRAUNOL,braunol,D08AG02,D08AG02
BREATHQUALITY-UBT,breathquality-ubt,V04CX05,V04CX05
BREINURAL,breinural,N06BX06,N06BX06
BRESTORAL,brestoral,L02BG04,L02BG04
BRETARIS GENUAIR,bretaris genuair,R03BB05,R03BB05
BREVA,breva,R03AL02,R03AL02
BREVIBLOC,brevibloc,C07AB09,C07AB09
BREXCORT,brexcort,R01AD09,R01AD09
BREXIADVANCE,brexiadvance,M02AA15,M02AA15
BREXIDOL UNIDIE,brexidol unidie,M02AA07,M02AA07
BREXIN,brexin,M01AC01,M01AC01
BREYANZI,breyanzi,L01,L01
BRIDION,bridion,V03AB35,V03AB35
BRILADONA,briladona,G03AA11,G03AA11
BRILADONA TRIFASE,briladona trifase,G03AB09,G03AB09
BRILEPS,brileps,N03AX23,N03AX23
BRILIQUE,brilique,B01AC24,B01AC24
BRILLEVE,brilleve,G03AA10,G03AA10
BRIMICA GENUAIR,brimica genuair,R03AL05,R03AL05
BRIMOCOMB,brimocomb,S01ED51,S01ED51
BRIMOFREE,brimofree,S01EA05,S01EA05
BRIMOFTAL,brimoftal,S01EA05,S01EA05
BRIMONIDINA E TIMOLOLO MYLAN,brimonidina e timololo mylan,S01ED51,S01ED51
BRIMONIDINA EG,brimonidina eg,S01EA05,S01EA05
BRIMONIDINA MYLAN GENERICS,brimonidina mylan generics,S01EA05,S01EA05
BRIMONIDINA OMNIVISION,brimonidina omnivision,S01EA05,S01EA05
BRIMONIDINA STULLN,brimonidina stulln,S01EA05,S01EA05
BRINAVESS,brinavess,C01BG11,C01BG11
BRINEURA,brineura,A16AB17,A16AB17
BRINSUPRI,brinsupri,R03,R03
BRINTELLIX,brintellix,N06AX26,N06AX26
BRINTIDOX,brintidox,S01EC54,S01EC54
BRINUS,brinus,S01EE03,S01EE03
BRINZAFLUX,brinzaflux,S01EC04,S01EC04
BRINZOLAMIDE E TIMOLOLO ACCORD,brinzolamide e timololo accord,S01EC54,S01EC54
BRINZOLAMIDE E TIMOLOLO EG,brinzolamide e timololo eg,S01EC54,S01EC54
BRINZOLAMIDE E TIMOLOLO MYLAN,brinzolamide e timololo mylan,S01EC54,S01EC54
BRINZOLAMIDE E TIMOLOLO ZENTIVA,brinzolamide e timololo zentiva,S01ED51,S01ED51
BRINZOLAMIDE EG,brinzolamide eg,S01EC04,S01EC04
BRINZOLAMIDE MYLAN,brinzolamide mylan,S01EC04,S01EC04
BRINZOLAMIDE SANDOZ,brinzolamide sandoz,S01EC04,S01EC04
BRIONEX,brionex,R03AK06,R03AK06
BRIUMVI,briumvi,L04AG14,L04AG14
BRIVARACETAM AMAROX,brivaracetam amarox,N03AX23,N03AX23
BRIVARACETAM DOC,brivaracetam doc,N03AX23,N03AX23
BRIVARACETAM EG,brivaracetam eg,N03AX23,N03AX23
BRIVARACETAM GLENMARK,brivaracetam glenmark,N03AX23,N03AX23
BRIVARACETAM PENSA,brivaracetam pensa,N03AX23,N03AX23
BRIVARACETAM SANDOZ,brivaracetam sandoz,N03AX23,N03AX23
BRIVARACETAM TEVA,brivaracetam teva,N03AX23,N03AX23
BRIVARACETAM VIVANTA,brivaracetam vivanta,N03AX23,N03AX23
BRIVIRAC,brivirac,J05AB15,J05AB15
BRIVUDINA ARISTO,brivudina aristo,J05AB15,J05AB15
BRIVUDINA DOC,brivudina doc,J05AB15,J05AB15
BROCETIL,brocetil,R05CB01,R05CB01
BROKAST,brokast,R03DC03,R03DC03
BROMAZEPAM ABC,bromazepam abc,N05BA08,N05BA08
BROMAZEPAM ACCORD,bromazepam accord,N05BA08,N05BA08
BROMAZEPAM ALMUS,bromazepam almus,N05BA08,N05BA08
BROMAZEPAM ALTER,bromazepam alter,N05BA08,N05BA08
BROMAZEPAM AUROBINDO ITALIA,bromazepam aurobindo italia,N05BA08,N05BA08
BROMAZEPAM DOC GENERICI,bromazepam doc generici,N05BA08,N05BA08
BROMAZEPAM EG,bromazepam eg,N05BA08,N05BA08
BROMAZEPAM HEXAL,bromazepam hexal,N05BA08,N05BA08
BROMAZEPAM MYLAN GENERICS ITALIA,bromazepam mylan generics italia,N05BA08,N05BA08
BROMAZEPAM PENSA,bromazepam pensa,N05BA08,N05BA08
BROMAZEPAM RATIOPHARM,bromazepam ratiopharm,N05BA08,N05BA08
BROMAZEPAM SANDOZ,bromazepam sandoz,N05BA08,N05BA08
BROMAZEPAM TECNIGEN,bromazepam tecnigen,N05BA08,N05BA08
BROMAZEPAM ZENTIVA,bromazepam zentiva,N05BA08,N05BA08
BROMEXINA PENSA,bromexina pensa,R05CB02,R05CB02
BROMOFTIL,bromoftil,S01BC11,S01BC11
BROMUM DYNAMIS,bromum dynamis,V03AX,V03AX
BRONCHENOLO GOLA,bronchenolo gola,A01AD11,A01AD11
BRONCHENOLO SEDATIVO E FLUIDIFICANTE,bronchenolo sedativo e fluidificante,R05FA02,R05FA02
BRONCHENOLO TOSSE,bronchenolo tosse,R05DA09,R05DA09
"BRONCHENOLO TOSSE, INFLUENZA E RAFFREDDORE","bronchenolo tosse, influenza e raffreddore",N02BE51,N02BE51
BRONCHICLEAR TOSSE MUCOLITICO,bronchiclear tosse mucolitico,R05CA10,R05CA10
BRONCHIPRET,bronchipret,R05,R05
BRONCHITOL,bronchitol,R05CB16,R05CB16
BRONCHO MUNAL,broncho munal,J07AX,J07AX
BRONCHO VAXOM,broncho vaxom,J07AX,J07AX
BRONCHODUAL SEDATIVO E FLUIDIFICANTE,bronchodual sedativo e fluidificante,R05CA10,R05CA10
BRONCHODUAL TOSSE E GOLA,bronchodual tosse e gola,R05CA,R05CA
BRONCOLIB,broncolib,R05CB03,R05CB03
BRONCOMNES,broncomnes,R03DA,R03DA
BRONCOPHEN TOSSE E RAFFREDDORE,broncophen tosse e raffreddore,R05X,R05X
BRONCOVALEAS,broncovaleas,R03AC02|R03CC02,
BROTIZOLAM DOC GENERICI,brotizolam doc generici,N05CD09,N05CD09
BROTIZOLAM EG,brotizolam eg,N05CD09,N05CD09
BROTIZOLAM MYLAN,brotizolam mylan,N05CD09,N05CD09
BROXO DIN,broxo din,A01AB03,A01AB03
BRUCORTEN,brucorten,H02AB07,H02AB07
BRUFEACT,brufeact,M01AE01,M01AE01
BRUFECOD,brufecod,N02AJ08,N02AJ08
BRUFEN,brufen,M01AE01,M01AE01
BRUFEN ANALGESICO,brufen analgesico,M01AE01,M01AE01
BRUFEN ANTINFIAMMATORIO LOCALE,brufen antinfiammatorio locale,M02AA06,M02AA06
BRUFEN DOLORE,brufen dolore,M01AE03,M01AE03
BRUFENKIDS FEBBRE E DOLORE,brufenkids febbre e dolore,M01AE01,M01AE01
BRUFENLIK,brufenlik,M01AE01,M01AE01
BRUFIX,brufix,R05CB06,R05CB06
BRUKINSA,brukinsa,L01EL03,L01EL03
BRUMETON COLLOIDALE,brumeton colloidale,S01CA05,S01CA05
BRUNAC,brunac,S01XA08,S01XA08
BRUNICROM,brunicrom,S01GX01,S01GX01
BRUNISTILL,brunistill,S01GX08,S01GX08
BRUNITRAV,brunitrav,S01EE04,S01EE04
BRUNIZINA,brunizina,R01AA08|S01GA01,
BRUSONEX,brusonex,R01AD09,R01AD09
BRYONIA,bryonia,V03AX,V03AX
BRYONIA ALBA,bryonia alba,V03AX,V03AX
BRYONIA ALBA DYNAMIS,bryonia alba dynamis,V03AX,V03AX
BRYONIA HEEL COMPLEX,bryonia heel complex,V03AX,V03AX
BUCCALIN,buccalin,J07AX,J07AX
BUCCOLAM,buccolam,N05CD08,N05CD08
BUDESONIDE DOC,budesonide doc,A07EA06,A07EA06
BUDESONIDE E FORMOTEROLO CIPLA,budesonide e formoterolo cipla,R03AK07,R03AK07
BUDESONIDE E FORMOTEROLO SANDOZ,budesonide e formoterolo sandoz,R03AK07,R03AK07
BUDESONIDE SANDOZ,budesonide sandoz,R03BA02,R03BA02
BUDESONIDE TEVA,budesonide teva,R03BA02,R03BA02
BUDESONIDE VIATRIS,budesonide viatris,R03BA02,R03BA02
BUDEXAN,budexan,R03BA02,R03BA02
BUDIAIR,budiair,R03BA02,R03BA02
BUDINEB,budineb,R03BA02,R03BA02
BUFANET,bufanet,R03BA02,R03BA02
BUNAMOL,bunamol,N07BC51,N07BC51
BUPICAIN,bupicain,N01BB01,N01BB01
BUPICAIN CON ADRENALINA,bupicain con adrenalina,N01BB51,N01BB51
BUPISEN,bupisen,N01BB01,N01BB01
BUPISEN CON ADRENALINA,bupisen con adrenalina,N01BB51,N01BB51
BUPIVACAINA AGUETTANT,bupivacaina aguettant,N01BB01,N01BB01
BUPIVACAINA AUROBINDO,bupivacaina aurobindo,N01BB01,N01BB01
BUPIVACAINA CLORIDRATO S.A.L.F.,bupivacaina cloridrato s.a.l.f.,N01BB01,N01BB01
BUPIVACAINA FISIOPHARMA,bupivacaina fisiopharma,N01BB01,N01BB01
BUPIVACAINA GRINDEKS,bupivacaina grindeks,N01BB01,N01BB01
BUPIVACAINA RECORDATI,bupivacaina recordati,N01BB01,N01BB01
BUPRENORFINA E NALOXONE ETHYPHARM,buprenorfina e naloxone ethypharm,N07BC51,N07BC51
BUPRENORFINA E NALOXONE G.L. PHARMA,buprenorfina e naloxone g.l. pharma,N07BC51,N07BC51
BUPRENORFINA E NALOXONE MYLAN PHARMA,buprenorfina e naloxone mylan pharma,N07BC51,N07BC51
BUPRENORFINA MOLTENI,buprenorfina molteni,N07BC01,N07BC01
BUPRENORFINA NEURAXPHARM,buprenorfina neuraxpharm,N07BC01,N07BC01
BUPRENORFINA SUN,buprenorfina sun,N07BC01,N07BC01
BUPROPIONE DOC,bupropione doc,N06AX12,N06AX12
BUPROPIONE SANDOZ,bupropione sandoz,N06AX12,N06AX12
BUPROPIONE SUN,bupropione sun,N06AX12,N06AX12
BUPROPIONE TEVA,bupropione teva,N06AX12,N06AX12
BUPROPIONE ZENTIVA,bupropione zentiva,N06AX12,N06AX12
BUPROPIONE ZENTIVA ITALIA,bupropione zentiva italia,N06AX12,N06AX12
BUSCOACTFOKUS,buscoactfokus,M01AE51,M01AE51
BUSCOFEN,buscofen,M01AE01,M01AE01
BUSCOFENACT,buscofenact,M01AE01,M01AE01
BUSCOFENPOCKET,buscofenpocket,M01AE01,M01AE01
BUSCOIBS,buscoibs,A03AX15,A03AX15
BUSCOPAN,buscopan,A03BB01,A03BB01
BUSCOPAN COMPOSITUM,buscopan compositum,A03DB04,A03DB04
BUSETALT,busetalt,N02AE01,N02AE01
BUSETTE,busette,N02AE01,N02AE01
BUSULFAN ACCORD,busulfan accord,L01AB01,L01AB01
BUSULFAN FRESENIUS KABI,busulfan fresenius kabi,L01AB01,L01AB01
BUSULFAN KOANAA,busulfan koanaa,L01AB01,L01AB01
BUSULFAN TILLOMED,busulfan tillomed,L01AB01,L01AB01
BUSULFANO TEVA,busulfano teva,L01AB01,L01AB01
BUTAPRAL,butapral,R03AL02,R03AL02
BUTILSCOPOLAMINA LIVSANE,butilscopolamina livsane,A03BB01,A03BB01
BUVIDAL,buvidal,N07BC01,N07BC01
BUXSYX,buxsyx,V03AX,V03AX
BYANNLI,byannli,N05AX13,N05AX13
BYESILOR,byesilor,A10BJ02,A10BJ02
BYETTA,byetta,A10BJ01,A10BJ01
BYFAVO,byfavo,N05CD14,N05CD14
BYLVAY,bylvay,A05AX05,A05AX05
BYOOVIZ,byooviz,S01LA04,S01LA04
BYSABEL,bysabel,R06AX29|S01GX13,
C-TARD,c-tard,A11GA01,A11GA01
CABASER,cabaser,N04BC06,N04BC06
CABAZITAXEL ACCORD,cabazitaxel accord,L01CD04,L01CD04
CABAZITAXEL DR. REDDY'S,cabazitaxel dr. reddy's,L01CD04,L01CD04
CABAZITAXEL EG,cabazitaxel eg,L01CD04,L01CD04
CABAZITAXEL EVER PHARMA,cabazitaxel ever pharma,L01CD04,L01CD04
CABAZITAXEL FRESENIUS KABI,cabazitaxel fresenius kabi,L01CD04,L01CD04
CABAZITAXEL GLENMARK,cabazitaxel glenmark,L01CD04,L01CD04
CABAZITAXEL TILLOMED,cabazitaxel tillomed,L01CD04,L01CD04
CABERGOLINA AUROBINDO,cabergolina aurobindo,G02CB03,G02CB03
CABERGOLINA DOC,cabergolina doc,G02CB03,G02CB03
CABERGOLINA RATIOPHARM,cabergolina ratiopharm,N04BC06|G02CB03,
CABERGOLINA RENATA,cabergolina renata,G02CB03,G02CB03
CABLIVI,cablivi,B01AX07,B01AX07
CABOMETYX,cabometyx,L01EX07,L01EX07
CABOZANTINIB TEVA,cabozantinib teva,L01EX07,L01EX07
CACIT,cacit,A12AA04,A12AA04
CACIT VITAMINA D3,cacit vitamina d3,A12AX,A12AX
CACTUS GRANDIFLORUS,cactus grandiflorus,V03AX,V03AX
CACTUS GRANDIFLORUS DYNAMIS,cactus grandiflorus dynamis,V03AX,V03AX
CADMIUM SULFURICUM DYNAMIS,cadmium sulfuricum dynamis,V03AX,V03AX
CADTRE,cadtre,A12AX,A12AX
CAELYX PEGYLATED LIPOSOMAL,caelyx pegylated liposomal,L01DB01,L01DB01
CAFERGOT,cafergot,N02CA52,N02CA52
CAFFEINA CITRATO MONICO,caffeina citrato monico,N06BC01,N06BC01
CALADIUM SEGUINUM,caladium seguinum,V03AX,V03AX
CALANTHA,calantha,L02BG04,L02BG04
CALBETA,calbeta,D05AX52,D05AX52
CALCAREA CARBONICA,calcarea carbonica,V03AX,V03AX
CALCAREA CARBONICA OSTREARUM,calcarea carbonica ostrearum,V03AX,V03AX
CALCAREA FLUORICA,calcarea fluorica,V03AX,V03AX
CALCAREA IODATA,calcarea iodata,V03AX,V03AX
CALCAREA PHOSPHORICA,calcarea phosphorica,V03AX,V03AX
CALCAREA SULFURICA,calcarea sulfurica,V03AX,V03AX
CALCIFOLIN,calcifolin,V03AF03,V03AF03
CALCIO CARBONATO + VITAMINA D3,calcio carbonato + vitamina d3,A12AX,A12AX
CALCIO CARBONATO E VITAMINA D3 AUROBINDO,calcio carbonato e vitamina d3 aurobindo,A12AX,A12AX
CALCIO CARBONATO E VITAMINA D3 DOC GENERICI,calcio carbonato e vitamina d3 doc generici,A12AX,A12AX
CALCIO CARBONATO EG,calcio carbonato eg,A12AA04,A12AA04
CALCIO CARBONATO VITAMINA D3 EG,calcio carbonato vitamina d3 eg,A12AX,A12AX
CALCIO CLORURO BIOINDUSTRIA L.I.M.,calcio cloruro bioindustria l.i.m.,B05XA07,B05XA07
CALCIO CLORURO GALENICA SENESE,calcio cloruro galenica senese,B05XA07,B05XA07
CALCIO CLORURO MONICO,calcio cloruro monico,B05XA07,B05XA07
CALCIO CLORURO S.A.L.F.,calcio cloruro s.a.l.f.,B05XA07,B05XA07
CALCIO E MAGNESIO CLORURO BIOINDUSTRIA L.I.M.,calcio e magnesio cloruro bioindustria l.i.m.,B05XA30,B05XA30
CALCIO E MAGNESIO CLORURO MONICO,calcio e magnesio cloruro monico,B05XA30,B05XA30
CALCIO FOLINATO SANDOZ,calcio folinato sandoz,V03AF03,V03AF03
CALCIO GLUCONATO B. BRAUN,calcio gluconato b. braun,A12AA03,A12AA03
CALCIO GLUCONATO BIOINDUSTRIA L.I.M.,calcio gluconato bioindustria l.i.m.,A12AA03,A12AA03
CALCIO GLUCONATO GALENICA SENESE,calcio gluconato galenica senese,A12AA03,A12AA03
CALCIO GLUCONATO MONICO,calcio gluconato monico,A12AA03,A12AA03
CALCIO GLUCONATO SALF,calcio gluconato salf,A12AA03,A12AA03
CALCIO LEVOFOLINATO TEVA GENERICS,calcio levofolinato teva generics,V03AF04,V03AF04
CALCIO SAVIO,calcio savio,A12AA04,A12AA04
CALCIODIE,calciodie,A12AA04,A12AA04
CALCIPARINA,calciparina,B01AB01,B01AB01
CALCIPOTRIOLO SANDOZ,calcipotriolo sandoz,D05AX02,D05AX02
CALCITRIOLO DOC GENERICI,calcitriolo doc generici,A11CC04,A11CC04
CALCITRIOLO EG,calcitriolo eg,A11CC04,A11CC04
CALCITRIOLO MYLAN GENERICS,calcitriolo mylan generics,A11CC04,A11CC04
CALCITRIOLO TEVA,calcitriolo teva,A11CC04,A11CC04
CALCIUM CARBONICUM HAHNEMANNI DYNAMIS,calcium carbonicum hahnemanni dynamis,V03AX,V03AX
CALCIUM D3 SANDOZ,calcium d3 sandoz,A12AX,A12AX
CALCIUM FLUORATUM,calcium fluoratum,V03AX,V03AX
CALCIUM FLUORATUM D12 SALE DR. SCHUSSLER N. 1,calcium fluoratum d12 sale dr. schussler n. 1,V03AX,V03AX
CALCIUM FLUORATUM DYNAMIS,calcium fluoratum dynamis,V03AX,V03AX
CALCIUM IODATUM DYNAMIS,calcium iodatum dynamis,V03AX,V03AX
CALCIUM PHOSPHORICUM D6 SALE DR. SCHUSSLER N. 2,calcium phosphoricum d6 sale dr. schussler n. 2,V03AX,V03AX
CALCIUM PHOSPHORICUM DYNAMIS,calcium phosphoricum dynamis,V03AX,V03AX
CALCIUM SANDOZ,calcium sandoz,A12AA20,A12AA20
CALCIUM SULFURICUM,calcium sulfuricum,V03AX,V03AX
CALCIUM SULFURICUM D6 SALE DR. SCHUSSLER N. 12,calcium sulfuricum d6 sale dr. schussler n. 12,V03AX,V03AX
CALCIUM SULFURICUM DYNAMIS,calcium sulfuricum dynamis,V03AX,V03AX
CALCO,calco,H05BA01,H05BA01
CALENDULA,calendula,V03AX,V03AX
CALENDULA OFFICINALIS,calendula officinalis,V03AX,V03AX
CALENVIS,calenvis,V03AX,V03AX
CALIMIX,calimix,R01AD09,R01AD09
CALINDIR,calindir,G03AA12,G03AA12
CALISVIT,calisvit,A12AX,A12AX
CALMINEMED,calminemed,M02AA15,M02AA15
CALMIRA,calmira,S01GX09,S01GX09
CALQUENCE,calquence,L01EL02,L01EL02
CAMCEVI,camcevi,L02AE02,L02AE02
CAMILIA,camilia,V03AX,V03AX
CAMPRAL,campral,N07BB03,N07BB03
CAMPTO,campto,L01CE02,L01CE02
CAMZYOS,camzyos,C01EB24,C01EB24
CANACID,canacid,J02AC01,J02AC01
CANCIDAS,cancidas,J02AX04,J02AX04
CANDESARTAN ALTER,candesartan alter,C09CA06,C09CA06
CANDESARTAN AUROBINDO,candesartan aurobindo,C09CA06,C09CA06
CANDESARTAN DOC GENERICI,candesartan doc generici,C09CA06,C09CA06
CANDESARTAN E AMLODIPINA DOC,candesartan e amlodipina doc,C09DB07,C09DB07
CANDESARTAN E AMLODIPINA SANDOZ,candesartan e amlodipina sandoz,C09DB07,C09DB07
CANDESARTAN E IDROCLOROTIAZIDE ALTER,candesartan e idroclorotiazide alter,C09DA06,C09DA06
CANDESARTAN E IDROCLOROTIAZIDE DOC GENERICI,candesartan e idroclorotiazide doc generici,C09DA06,C09DA06
CANDESARTAN E IDROCLOROTIAZIDE EG,candesartan e idroclorotiazide eg,C09DA06,C09DA06
CANDESARTAN E IDROCLOROTIAZIDE EG STADA,candesartan e idroclorotiazide eg stada,C09DA06,C09DA06
CANDESARTAN E IDROCLOROTIAZIDE HCS,candesartan e idroclorotiazide hcs,C09DA06,C09DA06
CANDESARTAN E IDROCLOROTIAZIDE MYLAN,candesartan e idroclorotiazide mylan,C09DA06,C09DA06
CANDESARTAN E IDROCLOROTIAZIDE MYLAN GENERICS,candesartan e idroclorotiazide mylan generics,C09DA06,C09DA06
CANDESARTAN E IDROCLOROTIAZIDE SANDOZ,candesartan e idroclorotiazide sandoz,C09DA06,C09DA06
CANDESARTAN E IDROCLOROTIAZIDE TEVA ITALIA,candesartan e idroclorotiazide teva italia,C09DA06,C09DA06
CANDESARTAN E IDROCLOROTIAZIDE ZENTIVA,candesartan e idroclorotiazide zentiva,C09DA06,C09DA06
CANDESARTAN E IDROCLOROTIAZIDE ZENTIVA ITALIA,candesartan e idroclorotiazide zentiva italia,C09DA06,C09DA06
CANDESARTAN EG,candesartan eg,C09CA06,C09CA06
CANDESARTAN EG STADA,candesartan eg stada,C09CA06,C09CA06
CANDESARTAN HCS,candesartan hcs,C09CA06,C09CA06
CANDESARTAN LICONSA,candesartan liconsa,C09CA06,C09CA06
CANDESARTAN MYLAN,candesartan mylan,C09CA06,C09CA06
CANDESARTAN MYLAN PHARMA,candesartan mylan pharma,C09CA06,C09CA06
CANDESARTAN PENSA,candesartan pensa,C09CA06,C09CA06
CANDESARTAN SANDOZ,candesartan sandoz,C09CA06,C09CA06
CANDESARTAN TEVA ITALIA,candesartan teva italia,C09CA06,C09CA06
CANDESARTAN ZENTIVA,candesartan zentiva,C09CA06,C09CA06
CANDETENS,candetens,C09DB07,C09DB07
CANDIDA ALBICANS,candida albicans,V03AX,V03AX
CANEPHRON,canephron,G04BX,G04BX
CANESTEN,canesten,D01AC01,D01AC01
CANESTEN UNIDIE,canesten unidie,D01AC10,D01AC10
CANFORA MARCO VITI,canfora marco viti,M02AX10,M02AX10
CANFORA NEW.FA.DEM.,canfora new.fa.dem.,M02AX10,M02AX10
CANFORA SELLA,canfora sella,M02AX10,M02AX10
CANFORA ZETA,canfora zeta,M02AX10,M02AX10
CANGIL,cangil,D01AC01,D01AC01
CAPAXYL,capaxyl,B05XA07,B05XA07
CAPD 17,capd 17,B05DA|B05DB,
CAPD 18,capd 18,B05DA|B05DB,
CAPD 19,capd 19,B05DA|B05DB,
CAPECITABINA ACCORD,capecitabina accord,L01BC06,L01BC06
CAPECITABINA MEDAC,capecitabina medac,L01BC06,L01BC06
CAPECITABINA MYLAN,capecitabina mylan,L01BC06,L01BC06
CAPECITABINA TEVA,capecitabina teva,L01BC06,L01BC06
CAPECITABINA ZENTIVA,capecitabina zentiva,L01BC06,L01BC06
CAPECITABINA ZENTIVA ITALIA,capecitabina zentiva italia,L01BC06,L01BC06
CAPILAREMA,capilarema,C05CX,C05CX
CAPILLAREMA,capillarema,C05CX,C05CX
CAPRELSA,caprelsa,L01EX04,L01EX04
CAPSICUM ANNUUM,capsicum annuum,V03AX,V03AX
CAPSICUM ANNUUM DYNAMIS,capsicum annuum dynamis,V03AX,V03AX
CAPTOPRIL E IDROCLOROTIAZIDE MYLAN GENERICS,captopril e idroclorotiazide mylan generics,C09BA01,C09BA01
CAPTOPRIL EG,captopril eg,C09AA01,C09AA01
CAPTOPRIL MYLAN GENERICS,captopril mylan generics,C09AA01,C09AA01
CAPVAXIVE,capvaxive,J07AL02,J07AL02
CARAVEL,caravel,C07AG02,C07AG02
CARBAGLU,carbaglu,A16AA05,A16AA05
CARBAMAZEPINA AUROBINDO,carbamazepina aurobindo,N03AF01,N03AF01
CARBAMAZEPINA EG,carbamazepina eg,N03AF01,N03AF01
CARBAMAZEPINA ZENTIVA,carbamazepina zentiva,N03AF01,N03AF01
CARBETOCINA AGUETTANT,carbetocina aguettant,H01BB03,H01BB03
CARBO VEGETABILIS,carbo vegetabilis,V03AX,V03AX
CARBO VEGETABILIS DYNAMIS,carbo vegetabilis dynamis,V03AX,V03AX
CARBOCISTEINA IPSO PHARMA,carbocisteina ipso pharma,R05CB03,R05CB03
CARBOLITHIUM,carbolithium,N05AN01,N05AN01
CARBOPLATINO AHCL,carboplatino ahcl,L01XA02,L01XA02
CARBOPLATINO AUROBINDO ITALIA,carboplatino aurobindo italia,L01XA02,L01XA02
CARBOPLATINO HIKMA,carboplatino hikma,L01XA02,L01XA02
CARBOPLATINO MEDAC,carboplatino medac,L01XA02,L01XA02
CARBOPLATINO PFIZER,carboplatino pfizer,L01XA02,L01XA02
CARBOPLATINO TEVA,carboplatino teva,L01XA02,L01XA02
CARBOSEN,carbosen,N01BB03,N01BB03
CARBOSEN CON ADRENALINA,carbosen con adrenalina,N01BB53,N01BB53
CARBOSSIMALTOSIO FERRICO MYLAN,carbossimaltosio ferrico mylan,B03AC,B03AC
CARBOSSIMALTOSIO FERRICO SANDOZ,carbossimaltosio ferrico sandoz,B03AC,B03AC
CARBOSSIMALTOSIO FERRICO TEVA,carbossimaltosio ferrico teva,B03AC,B03AC
CARDIAZOL PARACODINA,cardiazol paracodina,R05DA20,R05DA20
CARDICOR,cardicor,C07AB07,C07AB07
CARDIOASPIRIN,cardioaspirin,B01AC06,B01AC06
CARDIOGEN,cardiogen,V09GX04,V09GX04
CARDIOSPERMUM HALICACABUM,cardiospermum halicacabum,V03AX,V03AX
CARDIOVASC,cardiovasc,C08CA13,C08CA13
CARDIOXANE,cardioxane,V03AF02,V03AF02
CARDIRENE,cardirene,B01AC06,B01AC06
CARDOL,cardol,C09CA08,C09CA08
CARDURA,cardura,C02CA04,C02CA04
CARDUUS MARIANUS,carduus marianus,V03AX,V03AX
CAREDIESSE,carediesse,D01AE14,D01AE14
CAREFINAST,carefinast,D11AX10,D11AX10
CARELIMUS,carelimus,D11AH01,D11AH01
CARETOPIC,caretopic,D11AX10,D11AX10
CAREXIDIL,carexidil,D11AX01,D11AX01
CARIPUL,caripul,B01AC09,B01AC09
CARITEX,caritex,J01DD04,J01DD04
CARMUSTINA AUROBINDO,carmustina aurobindo,L01AD01,L01AD01
CARMUSTINA HIKMA,carmustina hikma,L01AD01,L01AD01
CARMUSTINA MEDAC,carmustina medac,L01AD01,L01AD01
CARMUSTINA WAYMADE,carmustina waymade,L01AD01,L01AD01
CARNITENE,carnitene,A16AA01,A16AA01
CARNITINA,carnitina,V03AX,V03AX
CARREFLOR,carreflor,A16AA01,A16AA01
CARTEABAK,carteabak,S01ED05,S01ED05
CARTEOL,carteol,S01ED05,S01ED05
CARTIDONT,cartidont,N01BB58,N01BB58
CARTILAGINE,cartilagine,V03AX,V03AX
CARTILAGO,cartilago,V03AX,V03AX
CARVASIN,carvasin,C01DA08,C01DA08
CARVEDILOLO ALMUS,carvedilolo almus,C07AG02,C07AG02
CARVEDILOLO AUROBINDO,carvedilolo aurobindo,C07AG02,C07AG02
CARVEDILOLO DOC GENERICI,carvedilolo doc generici,C07AG02,C07AG02
CARVEDILOLO EG,carvedilolo eg,C07AG02,C07AG02
CARVEDILOLO HEXAL,carvedilolo hexal,C07AG02,C07AG02
CARVEDILOLO MYLAN GENERICS,carvedilolo mylan generics,C07AG02,C07AG02
CARVEDILOLO PENSA,carvedilolo pensa,C07AG02,C07AG02
CARVEDILOLO RATIOPHARM.,carvedilolo ratiopharm.,C07AG02,C07AG02
CARVEDILOLO SANDOZ,carvedilolo sandoz,C07AG02,C07AG02
CARVEDILOLO TECNIGEN,carvedilolo tecnigen,C07AG02,C07AG02
CARVEDILOLO ZENTIVA,carvedilolo zentiva,C07AG02,C07AG02
CARVIPRESS,carvipress,C07AG02,C07AG02
CARVYKTI,carvykti,L01XL05,L01XL05
CASARENEL,casarenel,D10AD53,D10AD53
CASENJUNIOR,casenjunior,A06AD15,A06AD15
CASENLAX,casenlax,A06AD15,A06AD15
CASGEVY,casgevy,B06AX05,B06AX05
CASODEX,casodex,L02BB03,L02BB03
CASPOFUNGIN HIKMA,caspofungin hikma,J02AX04,J02AX04
CASPOFUNGIN LABORATORIOS LORIEN,caspofungin laboratorios lorien,J02AX04,J02AX04
CASPOFUNGIN MYLAN,caspofungin mylan,J02AX04,J02AX04
CASPOFUNGIN SANDOZ GMBH,caspofungin sandoz gmbh,J02AX04,J02AX04
CASPOFUNGIN SUN,caspofungin sun,J02AX04,J02AX04
CASPOFUNGIN TEVA ITALIA,caspofungin teva italia,J02AX04,J02AX04
CASPOFUNGIN TILLOMED,caspofungin tillomed,J02AX04,J02AX04
CAT 1,cat 1,V03AX,V03AX
CAT 3,cat 3,V03AX,V03AX
CATAPRESAN,catapresan,C02AC01,C02AC01
CATAPRESAN TTS,catapresan tts,C02AC01,C02AC01
CATIOLANZE,catiolanze,S01EE01,S01EE01
CAULOPHYLLUM THALICTROIDES,caulophyllum thalictroides,V03AX,V03AX
CAULOPHYLLUM THALICTROIDES DYNAMIS,caulophyllum thalictroides dynamis,V03AX,V03AX
CAUSTICUM,causticum,V03AX,V03AX
CAUSTICUM HAHNEMANNI DYNAMIS,causticum hahnemanni dynamis,V03AX,V03AX
CAVERJECT,caverject,G04BE01,G04BE01
CAYSTON,cayston,J01DF01,J01DF01
CEANOTHUS AMERICANUS,ceanothus americanus,V03AX,V03AX
CEANOTHUS AMERICANUS DYNAMIS,ceanothus americanus dynamis,V03AX,V03AX
CEBION,cebion,A11GA01,A11GA01
CEDRAVIS,cedravis,M05BA07,M05BA07
CEFACLOR EG,cefaclor eg,J01DC04,J01DC04
CEFAZIL,cefazil,J01DB04,J01DB04
CEFAZOLINA GIT,cefazolina git,J01DB04,J01DB04
CEFAZOLINA K24 PHARMACEUTICALS,cefazolina k24 pharmaceuticals,J01DB04,J01DB04
CEFAZOLINA PHAGECON,cefazolina phagecon,J01DB04,J01DB04
CEFAZOLINA PHARMACARE,cefazolina pharmacare,J01DB04,J01DB04
CEFAZOLINA QILU,cefazolina qilu,J01DB04,J01DB04
CEFAZOLINA TEVA,cefazolina teva,J01DB04,J01DB04
CEFENVIS,cefenvis,V03AX,V03AX
CEFEPIMA NORIDEM,cefepima noridem,J01DE01,J01DE01
CEFEPIME QILU,cefepime qilu,J01DE01,J01DE01
CEFIXIMA AUROBINDO,cefixima aurobindo,J01DD08,J01DD08
CEFIXIMA DOC GENERICI,cefixima doc generici,J01DD08,J01DD08
CEFIXIMA EG,cefixima eg,J01DD08,J01DD08
CEFIXIMA MYLAN,cefixima mylan,J01DD08,J01DD08
CEFIXIMA SANDOZ,cefixima sandoz,J01DD08,J01DD08
CEFIXORAL,cefixoral,J01DD08,J01DD08
CEFODOX,cefodox,J01DD13,J01DD13
CEFOTAXIMA ABC,cefotaxima abc,J01DD01,J01DD01
CEFOTAXIMA EG,cefotaxima eg,J01DD01,J01DD01
CEFOTAXIMA HAMELN,cefotaxima hameln,J01DD01,J01DD01
CEFOTAXIMA TEVA,cefotaxima teva,J01DD01,J01DD01
CEFOTAXIME MYLAN GENERICS,cefotaxime mylan generics,J01DD01,J01DD01
CEFPODOXIMA MYLAN,cefpodoxima mylan,J01DD13,J01DD13
CEFPODOXIMA SANDOZ,cefpodoxima sandoz,J01DD13,J01DD13
CEFRAG,cefrag,J01DD04,J01DD04
CEFTAGES,ceftages,J01DD04,J01DD04
CEFTAROLINA FOSAMIL QILU,ceftarolina fosamil qilu,J01DI02,J01DI02
CEFTAZIDIMA ALMUS,ceftazidima almus,J01DD02,J01DD02
CEFTAZIDIMA ASTRO-PHARMA,ceftazidima astro-pharma,J01DD02,J01DD02
CEFTAZIDIMA BIOPHARMA,ceftazidima biopharma,J01DD02,J01DD02
CEFTAZIDIMA DOC,ceftazidima doc,J01DD02,J01DD02
CEFTAZIDIMA EG STADA,ceftazidima eg stada,J01DD02,J01DD02
CEFTAZIDIMA FRESENIUS,ceftazidima fresenius,J01DD02,J01DD02
CEFTAZIDIMA MYLAN GENERICS,ceftazidima mylan generics,J01DD02,J01DD02
CEFTAZIDIMA QILU,ceftazidima qilu,J01DD02,J01DD02
CEFTAZIDIMA SANDOZ,ceftazidima sandoz,J01DD02,J01DD02
CEFTRIAXONE ABC,ceftriaxone abc,J01DD04,J01DD04
CEFTRIAXONE ACCORD,ceftriaxone accord,J01DD04,J01DD04
CEFTRIAXONE ALMUS,ceftriaxone almus,J01DD04,J01DD04
CEFTRIAXONE ALTER,ceftriaxone alter,J01DD04,J01DD04
CEFTRIAXONE AUROBINDO,ceftriaxone aurobindo,J01DD04,J01DD04
CEFTRIAXONE BIOPHARMA,ceftriaxone biopharma,J01DD04,J01DD04
CEFTRIAXONE DOC GENERICI,ceftriaxone doc generici,J01DD04,J01DD04
CEFTRIAXONE EG,ceftriaxone eg,J01DD04,J01DD04
CEFTRIAXONE GIT,ceftriaxone git,J01DD04,J01DD04
CEFTRIAXONE HEXAL,ceftriaxone hexal,J01DD04,J01DD04
CEFTRIAXONE KALCEKS,ceftriaxone kalceks,J01DD04,J01DD04
CEFTRIAXONE MYLAN GENERICS,ceftriaxone mylan generics,J01DD04,J01DD04
CEFTRIAXONE P-CARE,ceftriaxone p-care,J01DD04,J01DD04
CEFTRIAXONE PENSA,ceftriaxone pensa,J01DD04,J01DD04
CEFTRIAXONE PHARMACARE,ceftriaxone pharmacare,J01DD04,J01DD04
CEFTRIAXONE PIAM FARMACEUTICI,ceftriaxone piam farmaceutici,J01DD04,J01DD04
CEFTRIAXONE QILU,ceftriaxone qilu,J01DD04,J01DD04
CEFTRIAXONE RATIOPHARM,ceftriaxone ratiopharm,J01DD04,J01DD04
CEFTRIAXONE SANDOZ,ceftriaxone sandoz,J01DD04,J01DD04
CEFTRIAXONE TECNIGEN,ceftriaxone tecnigen,J01DD04,J01DD04
CEFTRIAXONE TEVA ITALIA,ceftriaxone teva italia,J01DD04,J01DD04
CEFTRIAXONE ZENTIVA,ceftriaxone zentiva,J01DD04,J01DD04
CEFUROXIMA K24 PHARMACEUTICALS,cefuroxima k24 pharmaceuticals,J01DC02,J01DC02
CEFUROXIMA MYLAN,cefuroxima mylan,J01DC02,J01DC02
CEFUROXIMA SANDOZ,cefuroxima sandoz,J01DC02,J01DC02
CEGFILA,cegfila,L03AA13,L03AA13
CEJEMLY,cejemly,L01FF11,L01FF11
CELARTROX,celartrox,M01AH01,M01AH01
CELDOXOME PEGYLATED LIPOSOMAL,celdoxome pegylated liposomal,L01DB01,L01DB01
CELEBREX,celebrex,M01AH01,M01AH01
CELECOXIB ALTER,celecoxib alter,M01AH01,M01AH01
CELECOXIB AUROBINDO,celecoxib aurobindo,M01AH01,M01AH01
CELECOXIB DOC GENERICI,celecoxib doc generici,M01AH01,M01AH01
CELECOXIB EG,celecoxib eg,M01AH01,M01AH01
CELECOXIB MAXMIND,celecoxib maxmind,M01AH01,M01AH01
CELECOXIB MYLAN,celecoxib mylan,M01AH01,M01AH01
CELECOXIB PENSA PHARMA,celecoxib pensa pharma,M01AH01,M01AH01
CELECOXIB SANDOZ,celecoxib sandoz,M01AH01,M01AH01
CELECOXIB TECNIGEN,celecoxib tecnigen,M01AH01,M01AH01
CELECOXIB TEVA,celecoxib teva,M01AH01,M01AH01
CELECOXIB TEVA ITALIA,celecoxib teva italia,M01AH01,M01AH01
CELECOXIB VIATRIS,celecoxib viatris,M01AH01,M01AH01
CELECOXIB ZENTIVA,celecoxib zentiva,M01AH01,M01AH01
CELLCEPT,cellcept,L04AA06,L04AA06
CELLDEMIC,celldemic,J07BB02,J07BB02
CELLIN 1,cellin 1,V03AX,V03AX
CELLUVISC,celluvisc,S01XA20,S01XA20
CELSENTRI,celsentri,J05AX09,J05AX09
CELSIOR,celsior,V07AB,V07AB
CEMIB,cemib,S01AA12|S02CA06,
CEMISIANA,cemisiana,G03AA16,G03AA16
CENTELLASE,centellase,C05CX,C05CX
CEPIM,cepim,J01DE01,J01DE01
CEPIMEX,cepimex,J01DE01,J01DE01
CEPLENE,ceplene,L03AX14,L03AX14
CEPOREX,ceporex,J01DB01,J01DB01
CEPROTIN,ceprotin,B01AD12,B01AD12
CEPTAVA,ceptava,L04AA06,L04AA06
CEQUA,cequa,S01XA18,S01XA18
CERAZETTE,cerazette,G03AC09,G03AC09
CERCHIO,cerchio,R06AE07,R06AE07
CERDELGA,cerdelga,A16AX10,A16AX10
CEREBRINUM DYNAMIS,cerebrinum dynamis,V03AX,V03AX
CERETEC,ceretec,V09AA01,V09AA01
CEREZYME,cerezyme,A16AB02,A16AB02
CERNEVIT,cernevit,A11BA,A11BA
CEROTTO BERTELLI,cerotto bertelli,M02AB01,M02AB01
CEROXTERIL,ceroxteril,D08AC52,D08AC52
CERTICAN,certican,L04AH02,L04AH02
CERULISINA,cerulisina,S02DC,S02DC
CERULISINA DOLORE,cerulisina dolore,S02DA30,S02DA30
CERVARIX,cervarix,J07BM02,J07BM02
CERVELLO,cervello,V03AX,V03AX
CETERIS,ceteris,R06AE07,R06AE07
CETILSAN,cetilsan,D08AJ03|R02AA06,
CETIRIZINA ABC,cetirizina abc,R06AE07,R06AE07
CETIRIZINA ACCORD,cetirizina accord,R06AE07,R06AE07
CETIRIZINA ALTER,cetirizina alter,R06AE07,R06AE07
CETIRIZINA AUROBINDO,cetirizina aurobindo,R06AE07,R06AE07
CETIRIZINA AUROBINDO ITALIA,cetirizina aurobindo italia,R06AE07,R06AE07
CETIRIZINA DOC,cetirizina doc,R06AE07,R06AE07
CETIRIZINA EG,cetirizina eg,R06AE07,R06AE07
CETIRIZINA IPSO PHARMA,cetirizina ipso pharma,R06AE07,R06AE07
CETIRIZINA MEDREG,cetirizina medreg,R06AE07,R06AE07
CETIRIZINA MYLAN GENERICS,cetirizina mylan generics,R06AE07,R06AE07
CETIRIZINA MYLAN GENERICS ITALIA,cetirizina mylan generics italia,R06AE07,R06AE07
CETIRIZINA PENSA,cetirizina pensa,R06AE07,R06AE07
CETIRIZINA SANDOZ,cetirizina sandoz,R06AE07,R06AE07
CETIRIZINA TEVA,cetirizina teva,R06AE07,R06AE07
CETIRIZINA TEVA ITALIA,cetirizina teva italia,R06AE07,R06AE07
CETIRIZINA ZENTIVA,cetirizina zentiva,R06AE07,R06AE07
CETRAFLUX,cetraflux,S01AE03,S01AE03
CETRARIA ISLANDICA,cetraria islandica,V03AX,V03AX
CETRIFARM,cetrifarm,D08AC52,D08AC52
CETROTIDE,cetrotide,H01CC02,H01CC02
CEVEDALO,cevedalo,N06DA52,N06DA52
CEVENFACTA,cevenfacta,B02BD08,B02BD08
CEXIDAL,cexidal,S02CA05,S02CA05
CEZIBOE,ceziboe,H01CC02,H01CC02
CHAMOMILLA,chamomilla,V03AX,V03AX
CHAMOMILLA CUPRO CULTARADIX RH,chamomilla cupro cultaradix rh,V03AX,V03AX
CHAMOMILLA DYNAMIS,chamomilla dynamis,V03AX,V03AX
CHAMOMILLA HP LINDA'S,chamomilla hp linda's,V03AX,V03AX
CHAMOMILLA VULGARIS,chamomilla vulgaris,V03AX,V03AX
CHAMPIX,champix,N07BA03,N07BA03
CHARLYN,charlyn,R03BA03,R03BA03
CHELIDONIUM MAJUS,chelidonium majus,V03AX,V03AX
CHELIDONIUMPLUS (SYNERGIPLUS N.512),chelidoniumplus (synergiplus n.512),V03AX,V03AX
CHELISYX N,chelisyx n,V03AX,V03AX
CHEMACIN,chemacin,J01GB06,J01GB06
CHEMICETINA,chemicetina,G01AA|G01AA05,
CHENPEN,chenpen,C01CA24,C01CA24
CHEROS,cheros,V03AX,V03AX
CHETOTIFENE MYLAN GENERICS,chetotifene mylan generics,R06AX17,R06AX17
CHIARIDOXINA,chiaridoxina,C02CA04,C02CA04
CHIARO,chiaro,B01AC05,B01AC05
CHIMAPHILA UMBELLATA,chimaphila umbellata,V03AX,V03AX
CHIMAPHILA VIS-HP,chimaphila vis-hp,V03AX,V03AX
CHIMAPLUS (SYNERGIPLUS N.701),chimaplus (synergiplus n.701),V03AX,V03AX
CHINA HOMEO SAPIENS COMP,china homeo sapiens comp,V03AX,V03AX
CHINA REGIA,china regia,V03AX,V03AX
CHINA REGIA DYNAMIS,china regia dynamis,V03AX,V03AX
CHINA RUBRA,china rubra,V03AX,V03AX
CHINA SUCCIRUBRA DYNAMIS,china succirubra dynamis,V03AX,V03AX
CHININA CLORIDRATO AGENZIA INDUSTRIE DIFESA,chinina cloridrato agenzia industrie difesa,P01BC01,P01BC01
CHININA CLORIDRATO GALENICA SENESE,chinina cloridrato galenica senese,P01BC01,P01BC01
CHININA CLORIDRATO S.A.L.F.,chinina cloridrato s.a.l.f.,P01BC01,P01BC01
CHININA SOLFATO NOVA ARGENTIA,chinina solfato nova argentia,P01BC01,P01BC01
CHININUM ARSENICOSUM DYNAMIS,chininum arsenicosum dynamis,V03AX,V03AX
CHININUM SULFURICUM,chininum sulfuricum,V03AX,V03AX
CHININUM SULFURICUM DYNAMIS,chininum sulfuricum dynamis,V03AX,V03AX
CHINOCID,chinocid,J01MA02,J01MA02
CHINOPLUS,chinoplus,J01MA17,J01MA17
CHLORAPREP,chloraprep,D08AC52,D08AC52
CHOLECOMB,cholecomb,C10BA06,C10BA06
CHOLESTERINUM,cholesterinum,V03AX,V03AX
CHOLESTERINUM DYNAMIS,cholesterinum dynamis,V03AX,V03AX
CHOLIB,cholib,C10BA04,C10BA04
CHOLSCAN,cholscan,V09IX07,V09IX07
CIALIS,cialis,G04BE08,G04BE08
CIBADREX,cibadrex,C09BA07,C09BA07
CIBALGINA DUE,cibalgina due,M01AE01,M01AE01
CIBALGINAFOR,cibalginafor,M01AE01,M01AE01
CIBINQO,cibinqo,D11AH08,D11AH08
CICLOFOSFAMIDE ACCORD,ciclofosfamide accord,L01AA01,L01AA01
CICLOFOSFAMIDE SEACROSS,ciclofosfamide seacross,L01AA01,L01AA01
CICLOLUX,ciclolux,S01FA04,S01FA04
CICLOZINIL,ciclozinil,D06AX07,D06AX07
CICUTA VIROSA,cicuta virosa,V03AX,V03AX
CICUTA VIROSA DYNAMIS,cicuta virosa dynamis,V03AX,V03AX
CIDILIN,cidilin,N06BX06,N06BX06
CIDOFOVIR TILLOMED,cidofovir tillomed,J05AB12,J05AB12
CIFOBAN,cifoban,B05,B05
CIKAPPA,cikappa,N06BX06,N06BX06
CILODEX,cilodex,S02CA06,S02CA06
CILOSTAZOLO EG,cilostazolo eg,B01AC23,B01AC23
CILOSTAZOLO MYLAN PHARMA,cilostazolo mylan pharma,B01AC23,B01AC23
CILOSTAZOLO SANDOZ,cilostazolo sandoz,B01AC23,B01AC23
CIMIFEMIN,cimifemin,G02CX04,G02CX04
CIMZIA,cimzia,L04AB05,L04AB05
CINA,cina,V03AX,V03AX
CINACALCET ABDI,cinacalcet abdi,H05BX01,H05BX01
CINACALCET ACCORDPHARMA,cinacalcet accordpharma,H05BX01,H05BX01
CINACALCET AUROBINDO,cinacalcet aurobindo,H05BX01,H05BX01
CINACALCET DOC,cinacalcet doc,H05BX01,H05BX01
CINACALCET EG,cinacalcet eg,H05BX01,H05BX01
CINACALCET GLENMARK,cinacalcet glenmark,H05BX01,H05BX01
CINACALCET TILLOMED,cinacalcet tillomed,H05BX01,H05BX01
CINACALCET VIATRIS,cinacalcet viatris,H05BX01,H05BX01
CINAZYN,cinazyn,N07CA02,N07CA02
CINCOCAINA CLORIDRATO ALLERGEAZE,cincocaina cloridrato allergeaze,V04CL,V04CL
CINERARIA MARITIMA DYNAMIS,cineraria maritima dynamis,V03AX,V03AX
CINNABARIS,cinnabaris,V03AX,V03AX
CINNAMOMUM ZEYLANICUM DYNAMIS,cinnamomum zeylanicum dynamis,V03AX,V03AX
CINQAERO,cinqaero,R03DX08,R03DX08
CINRYZE,cinryze,B06AC01,B06AC01
CIPERUS,ciperus,J01MA02,J01MA02
CIPRALEX,cipralex,N06AB10,N06AB10
CIPROFLOXACINA ABC,ciprofloxacina abc,J01MA02,J01MA02
CIPROFLOXACINA ACCORD,ciprofloxacina accord,J01MA02,J01MA02
CIPROFLOXACINA ALMUS,ciprofloxacina almus,J01MA02,J01MA02
CIPROFLOXACINA ALTER,ciprofloxacina alter,J01MA02,J01MA02
CIPROFLOXACINA AUROBINDO,ciprofloxacina aurobindo,J01MA02,J01MA02
CIPROFLOXACINA BIOINDUSTRIA L.I.M.,ciprofloxacina bioindustria l.i.m.,J01MA02,J01MA02
CIPROFLOXACINA DOC GENERICI,ciprofloxacina doc generici,J01MA02,J01MA02
CIPROFLOXACINA EG,ciprofloxacina eg,J01MA02,J01MA02
CIPROFLOXACINA GALENICA SENESE,ciprofloxacina galenica senese,J01MA02,J01MA02
CIPROFLOXACINA HIKMA,ciprofloxacina hikma,J01MA02,J01MA02
CIPROFLOXACINA KABI,ciprofloxacina kabi,J01MA02,J01MA02
CIPROFLOXACINA KRKA,ciprofloxacina krka,J01MA02,J01MA02
CIPROFLOXACINA MYLAN GENERICS,ciprofloxacina mylan generics,J01MA02,J01MA02
CIPROFLOXACINA PENSA,ciprofloxacina pensa,J01MA02,J01MA02
CIPROFLOXACINA PHARMACARE,ciprofloxacina pharmacare,J01MA02,J01MA02
CIPROFLOXACINA RATIOPHARM,ciprofloxacina ratiopharm,J01MA02,J01MA02
CIPROFLOXACINA SANDOZ,ciprofloxacina sandoz,J01MA02,J01MA02
CIPROFLOXACINA TECNIGEN,ciprofloxacina tecnigen,J01MA02,J01MA02
CIPROFLOXACINA ZENTIVA,ciprofloxacina zentiva,J01MA02,J01MA02
CIPROXIN,ciproxin,J01MA02,J01MA02
CIQORIN,ciqorin,L04AD01,L04AD01
CIRCADIN,circadin,N05CH01,N05CH01
CISATRACURIO HIKMA,cisatracurio hikma,M03AC11,M03AC11
CISATRACURIO KALCEKS,cisatracurio kalceks,M03AC11,M03AC11
CISATRACURIO MYLAN PHARMA,cisatracurio mylan pharma,M03AC11,M03AC11
CISATRACURIO NORIDEM,cisatracurio noridem,M03AC11,M03AC11
CISON,cison,H02AB07,H02AB07
CISPITOSYX,cispitosyx,V03AX,V03AX
CISPLATINO ACCORD HEALTHCARE ITALIA,cisplatino accord healthcare italia,L01XA01,L01XA01
CISPLATINO HIKMA,cisplatino hikma,L01XA01,L01XA01
CISPLATINO PFIZER,cisplatino pfizer,L01XA01,L01XA01
CISPLATINO SANDOZ,cisplatino sandoz,L01XA01,L01XA01
CISPLATINO TEVA ITALIA,cisplatino teva italia,L01XA01,L01XA01
CISTALGAN,cistalgan,G04BD,G04BD
CISTIDIL,cistidil,D11AX,D11AX
CITADAL,citadal,N06BX06,N06BX06
CITADVANCE,citadvance,A02A,A02A
CITALOPRAM ABC,citalopram abc,N06AB04,N06AB04
CITALOPRAM ALMUS,citalopram almus,N06AB04,N06AB04
CITALOPRAM ALMUS PHARMA,citalopram almus pharma,N06AB04,N06AB04
CITALOPRAM AUROBINDO,citalopram aurobindo,N06AB04,N06AB04
CITALOPRAM AUROBINDO ITALIA,citalopram aurobindo italia,N06AB04,N06AB04
CITALOPRAM DOC,citalopram doc,N06AB04,N06AB04
CITALOPRAM DOC GENERICI,citalopram doc generici,N06AB04,N06AB04
CITALOPRAM EG,citalopram eg,N06AB04,N06AB04
CITALOPRAM EG STADA,citalopram eg stada,N06AB04,N06AB04
CITALOPRAM HEXAL,citalopram hexal,N06AB04,N06AB04
CITALOPRAM HEXAL AG,citalopram hexal ag,N06AB04,N06AB04
CITALOPRAM MEDREG,citalopram medreg,N06AB04,N06AB04
CITALOPRAM MOLTENI,citalopram molteni,N06AB04,N06AB04
CITALOPRAM MYLAN GENERICS,citalopram mylan generics,N06AB04,N06AB04
CITALOPRAM MYLAN GENERICS ITALIA,citalopram mylan generics italia,N06AB04,N06AB04
CITALOPRAM PENSA,citalopram pensa,N06AB04,N06AB04
CITALOPRAM PENSA PHARMA,citalopram pensa pharma,N06AB04,N06AB04
CITALOPRAM RATIOPHARM,citalopram ratiopharm,N06AB04,N06AB04
CITALOPRAM RATIOPHARM ITALIA,citalopram ratiopharm italia,N06AB04,N06AB04
CITALOPRAM SANDOZ BV,citalopram sandoz bv,N06AB04,N06AB04
CITALOPRAM SANDOZ GMBH,citalopram sandoz gmbh,N06AB04,N06AB04
CITALOPRAM SUN,citalopram sun,N06AB04,N06AB04
CITALOPRAM ZENTIVA,citalopram zentiva,N06AB04,N06AB04
CITALOPRAM ZENTIVA ITALIA,citalopram zentiva italia,N06AB04,N06AB04
CITARABINA ACCORD,citarabina accord,L01BC01,L01BC01
CITARABINA HIKMA,citarabina hikma,L01BC01,L01BC01
CITICOLIN,citicolin,N06BX06,N06BX06
CITIFLUX,citiflux,R03BA03,R03BA03
CITISINICLINA ADAMED,citisiniclina adamed,N07BA04,N07BA04
CITIVIR,citivir,J05AB01|D06BB03,
CITOCARTIN,citocartin,N01BB58,N01BB58
CITOFOLIN,citofolin,V03AF03,V03AF03
CITOVIRAX,citovirax,J05AB06,J05AB06
CITRAFLEET,citrafleet,A06AB58,A06AB58
CITRATO ESPRESSO GABBIANI,citrato espresso gabbiani,A06AD10,A06AD10
CITRIZAN,citrizan,D03BA,D03BA
CITRIZAN ANTIBIOTICO,citrizan antibiotico,D03BA,D03BA
CITROOTICATAL,citrooticatal,V03AX,V03AX
CITROSIL,citrosil,D08AJ01,D08AJ01
CIVARENIX,civarenix,N07BA03,N07BA03
CIVRAL,civral,J05AB01|D06BB03,
CLAMODIN,clamodin,J01FA09,J01FA09
CLAREMA,clarema,C05BA01,C05BA01
CLARICYCLIC,claricyclic,V08CA02,V08CA02
CLARILAX STITICHEZZA,clarilax stitichezza,A06AG04,A06AG04
CLARILAXINA STITICHEZZA,clarilaxina stitichezza,A06AX01,A06AX01
CLARITROL,claritrol,J01FA09,J01FA09
CLARITROMICINA ACCORD,claritromicina accord,J01FA09,J01FA09
CLARITROMICINA ALMUS,claritromicina almus,J01FA09,J01FA09
CLARITROMICINA ALTAN,claritromicina altan,J01FA09,J01FA09
CLARITROMICINA ALTER,claritromicina alter,J01FA09,J01FA09
CLARITROMICINA DOC GENERICI,claritromicina doc generici,J01FA09,J01FA09
CLARITROMICINA EG,claritromicina eg,J01FA09,J01FA09
CLARITROMICINA HCS,claritromicina hcs,J01FA09,J01FA09
CLARITROMICINA HEXAL,claritromicina hexal,J01FA09,J01FA09
CLARITROMICINA HIKMA,claritromicina hikma,J01FA09,J01FA09
CLARITROMICINA MYLAN GENERICS,claritromicina mylan generics,J01FA09,J01FA09
CLARITROMICINA SANDOZ,claritromicina sandoz,J01FA09,J01FA09
CLARITROMICINA SANDOZ GMBH,claritromicina sandoz gmbh,J01FA09,J01FA09
CLARITROMICINA SUN PHARMA,claritromicina sun pharma,J01FA09,J01FA09
CLARITROMICINA TEVA,claritromicina teva,J01FA09,J01FA09
CLARITROMICINA TILLOMED,claritromicina tillomed,J01FA09,J01FA09
CLARITROMICINA ZENTIVA,claritromicina zentiva,J01FA09,J01FA09
CLARITYN,clarityn,R06AX13,R06AX13
CLARMAC,clarmac,J01FA09,J01FA09
CLASTEON,clasteon,M05BA02,M05BA02
CLAVERSAL,claversal,A07EC02,A07EC02
CLAVOMED,clavomed,J01CR02,J01CR02
CLAVULIN,clavulin,J01CR02,J01CR02
CLAXON,claxon,J01DD04,J01DD04
CLEFIREM,clefirem,L04AK02,L04AK02
CLEMATIS ERECTA,clematis erecta,V03AX,V03AX
CLEMATIS RECTA DYNAMIS,clematis recta dynamis,V03AX,V03AX
CLENIL,clenil,R03BA01,R03BA01
CLENIL COMPOSITUM,clenil compositum,R03AK13,R03AK13
CLENILEXX,clenilexx,R03BA01,R03BA01
CLENSIA,clensia,A06AD65,A06AD65
CLEOCIN,cleocin,G01AA10,G01AA10
CLETROVA,cletrova,A07EC02,A07EC02
CLETROVAPROCT,cletrovaproct,A07EC02,A07EC02
CLETUS,cletus,A02BC01,A02BC01
CLEVER,clever,R06AX22,R06AX22
CLEVIPREX,cleviprex,C08CA16,C08CA16
CLEXANE,clexane,B01AB05,B01AB05
CLEXANE T,clexane t,B01AB05,B01AB05
CLIMEN,climen,G03HB01,G03HB01
CLINDAMICINA FOSFATO BIOINDUSTRIA LIM,clindamicina fosfato bioindustria lim,J01FF01,J01FF01
CLINDAMICINA FOSFATO HIKMA,clindamicina fosfato hikma,J01FF01,J01FF01
CLINDAMICINA KALCEKS,clindamicina kalceks,J01FF01,J01FF01
CLINDAMICINA NORIDEM,clindamicina noridem,J01FF01,J01FF01
CLINDAMICINA SAME,clindamicina same,D10AF01,D10AF01
CLINDAX,clindax,G01AA10,G01AA10
CLINIMIX,clinimix,B05BA10,B05BA10
CLINOLEIC,clinoleic,B05BA02,B05BA02
CLIO,clio,G03AA12,G03AA12
CLIPPER,clipper,A07EA07,A07EA07
CLISMA FLEET,clisma fleet,A06AG01,A06AG01
CLISMA LAX,clisma lax,A06AG01,A06AG01
CLIVOTEN,clivoten,C08CA03,C08CA03
CLOBECARE,clobecare,D07AD01,D07AD01
CLOBESOL,clobesol,D07AD01,D07AD01
CLOBET,clobet,S01BA09,S01BA09
CLOBETASOLO ISDIN,clobetasolo isdin,D07AD01,D07AD01
CLOBIOX,clobiox,M05BA02,M05BA02
CLODEOSTEN,clodeosten,M05BA02,M05BA02
CLODRON,clodron,M05BA02,M05BA02
CLODRONATO DISODICO E LIDOCAINA CLORIDRATO FG,clodronato disodico e lidocaina cloridrato fg,M05BA02,M05BA02
CLODRONATO DISODICO E LIDOCAINA CLORIDRATO IG FARMACEUTICI,clodronato disodico e lidocaina cloridrato ig farmaceutici,M05BA02,M05BA02
CLODRONATO DISODICO E LIDOCAINA CLORIDRATO IPSO PHARMA,clodronato disodico e lidocaina cloridrato ipso pharma,M05BA02,M05BA02
CLODRONATO DISODICO E LIDOCAINA CLORIDRATO PHARMEG,clodronato disodico e lidocaina cloridrato pharmeg,M05BA02,M05BA02
CLODRONATO DISODICO PHARMACARE,clodronato disodico pharmacare,M05BA02,M05BA02
CLODY,clody,M05BA02,M05BA02
CLOEL,cloel,R05DB21,R05DB21
CLOFARABINA MEDAC,clofarabina medac,L01BB06,L01BB06
CLOFEND,clofend,R05DB21,R05DB21
CLOMID,clomid,G03GB02,G03GB02
CLONAT,clonat,M05BA02,M05BA02
CLONAZEPAM EG,clonazepam eg,N03AE01,N03AE01
CLONIDINA CLORIDRATO BIOINDUSTRIA L.I.M.,clonidina cloridrato bioindustria l.i.m.,C02AC01,C02AC01
CLOPIDOGREL ALMUS PHARMA,clopidogrel almus pharma,B01AC04,B01AC04
CLOPIDOGREL ALTER,clopidogrel alter,B01AC04,B01AC04
CLOPIDOGREL AUROBINDO,clopidogrel aurobindo,B01AC04,B01AC04
CLOPIDOGREL DOC GENERICI,clopidogrel doc generici,B01AC04,B01AC04
CLOPIDOGREL E ACIDO ACETILSALICILICO AUROBINDO,clopidogrel e acido acetilsalicilico aurobindo,B01AC30,B01AC30
CLOPIDOGREL E ACIDO ACETILSALICILICO DOC,clopidogrel e acido acetilsalicilico doc,B01AC30,B01AC30
CLOPIDOGREL E ACIDO ACETILSALICILICO TEVA,clopidogrel e acido acetilsalicilico teva,B01AC30,B01AC30
CLOPIDOGREL E ACIDO ACETILSALICILICO VIATRIS,clopidogrel e acido acetilsalicilico viatris,B01AC30,B01AC30
CLOPIDOGREL E ACIDO ACETILSALICILICO VIVANTA,clopidogrel e acido acetilsalicilico vivanta,B01AC30,B01AC30
CLOPIDOGREL EG STADA,clopidogrel eg stada,B01AC04,B01AC04
CLOPIDOGREL KRKA,clopidogrel krka,B01AC04,B01AC04
CLOPIDOGREL KRKA D.D.,clopidogrel krka d.d.,B01AC04,B01AC04
CLOPIDOGREL PENSA,clopidogrel pensa,B01AC04,B01AC04
CLOPIDOGREL RATIOPHARM,clopidogrel ratiopharm,B01AC04,B01AC04
CLOPIDOGREL SANDOZ GMBH,clopidogrel sandoz gmbh,B01AC04,B01AC04
CLOPIDOGREL TECNIGEN,clopidogrel tecnigen,B01AC04,B01AC04
CLOPIDOGREL TEVA,clopidogrel teva,B01AC04,B01AC04
CLOPIDOGREL VIATRIS,clopidogrel viatris,B01AC04,B01AC04
CLOPIDOGREL VIATRIS ITALIA,clopidogrel viatris italia,B01AC04,B01AC04
CLOPIDOGREL ZENTIVA,clopidogrel zentiva,B01AC04,B01AC04
CLOPINOVO,clopinovo,B01AC04,B01AC04
CLOPIXOL,clopixol,N05AF05,N05AF05
CLORAMFENICOLO FISIOPHARMA,cloramfenicolo fisiopharma,J01BA01,J01BA01
CLORAZER,clorazer,J01DC04,J01DC04
CLOREXIFARM,clorexifarm,D08AC02,D08AC02
CLOREXIFARM ALCOLICO,clorexifarm alcolico,D08AC52,D08AC52
CLORTANOL,clortanol,C07CB03,C07CB03
CLOTIC,clotic,S02AA,S02AA
CLOTRIMAZOLO DOC,clotrimazolo doc,G01AF02,G01AF02
CLOTRIMAZOLO DOC GENERICI,clotrimazolo doc generici,D01AC01,D01AC01
CLOTRIMAZOLO EG,clotrimazolo eg,G01AF02,G01AF02
CLOTRIMAZOLO IPSO PHARMA,clotrimazolo ipso pharma,G01AF02,G01AF02
CLOTYNBI,clotynbi,B01AC30,B01AC30
CLOX,clox,B01AC05,B01AC05
CLOZAPINA ACCORD,clozapina accord,N05AH02,N05AH02
CLOZAPINA AUROBINDO,clozapina aurobindo,N05AH02,N05AH02
CLOZAPINA CHIESI,clozapina chiesi,N05AH02,N05AH02
CLOZAPINA DOC GENERICI,clozapina doc generici,N05AH02,N05AH02
CLOZAPINA HEXAL,clozapina hexal,N05AH02,N05AH02
CLOZAPINA TEVA,clozapina teva,N05AH02,N05AH02
CLOZOL,clozol,G01AF02,G01AF02
CLUVIAT,cluviat,B02BD07,B02BD07
CO EFFERALGAN,co efferalgan,N02AJ06,N02AJ06
CO-EFFERALGAN,co-efferalgan,N02AJ06,N02AJ06
COABESART,coabesart,C09DA04,C09DA04
COAGADEX,coagadex,B02BD13,B02BD13
COAPROVEL,coaprovel,C09DA04,C09DA04
COAREDAM,coaredam,C10BX09,C10BX09
COBAFORTE,cobaforte,B03BA04,B03BA04
COCARNITIN B12,cocarnitin b12,A16AA,A16AA
COCCULUS INDICUS,cocculus indicus,V03AX,V03AX
COCCULUS INDICUS DYNAMIS,cocculus indicus dynamis,V03AX,V03AX
COCCULUS-HEEL,cocculus-heel,V03AX,V03AX
CODAMOL,codamol,N02AJ06,N02AJ06
CODEX,codex,A07FA02,A07FA02
COFACT,cofact,B02BD01,B02BD01
COFFEA CRUDA,coffea cruda,V03AX,V03AX
COFFEA CRUDA DYNAMIS,coffea cruda dynamis,V03AX,V03AX
COIRGEN,coirgen,J05AB09,J05AB09
COL.NA.DUL.,col.na.dul.,V03AX,V03AX
COLBENSYX,colbensyx,V03AX,V03AX
COLBIOCIN,colbiocin,S01AA30,S01AA30
COLCAD,colcad,A11CC05,A11CC05
COLCARDIOL,colcardiol,C10AA07,C10AA07
COLCHICINA LIRCA,colchicina lirca,M04AC01,M04AC01
COLCHICUM AUTUMNALE,colchicum autumnale,V03AX,V03AX
COLDETOM,coldetom,S02CA06,S02CA06
COLECALCIFEROLO ABC,colecalciferolo abc,A11CC05,A11CC05
COLECALCIFEROLO ALTER,colecalciferolo alter,A11CC05,A11CC05
COLECALCIFEROLO DOC,colecalciferolo doc,A11CC05,A11CC05
COLECALCIFEROLO EG,colecalciferolo eg,A11CC05,A11CC05
COLECALCIFEROLO EG STADA ITALIA,colecalciferolo eg stada italia,A11CC05,A11CC05
COLECALCIFEROLO IPSO PHARMA,colecalciferolo ipso pharma,A11CC05,A11CC05
COLECALCIFEROLO MYLAN,colecalciferolo mylan,A11CC05,A11CC05
COLECALCIFEROLO MYLAN ITALIA,colecalciferolo mylan italia,A11CC05,A11CC05
COLECALCIFEROLO PENSA,colecalciferolo pensa,A11CC05,A11CC05
COLECALCIFEROLO SANDOZ,colecalciferolo sandoz,A11CC05,A11CC05
COLECALCIFEROLO SANDOZ GMBH,colecalciferolo sandoz gmbh,A11CC05,A11CC05
COLECALCIFEROLO TEVA,colecalciferolo teva,A11CC05,A11CC05
COLECALCIFEROLO TEVA B.V.,colecalciferolo teva b.v.,A11CC05,A11CC05
COLECALCIFEROLO TEVA ITALIA,colecalciferolo teva italia,A11CC05,A11CC05
COLECALCIFEROLO ZENTIVA,colecalciferolo zentiva,A11CC05,A11CC05
COLECALCIFEROLO ZENTIVA ITALIA,colecalciferolo zentiva italia,A11CC05,A11CC05
COLECALCIFEROLO ZENTIVA LAB,colecalciferolo zentiva lab,A11CC05,A11CC05
COLECALCIFEROLO ZENTIVA SRL,colecalciferolo zentiva srl,A11CC05,A11CC05
COLEFEL,colefel,A05AA02,A05AA02
COLENDO,colendo,A05AA02,A05AA02
COLFINAIR,colfinair,J01XB01,J01XB01
COLFRI,colfri,C10AA07,C10AA07
COLIBACILLINUM,colibacillinum,V03AX,V03AX
COLIREI,colirei,A06AD65,A06AD65
COLISTIMETATO ACCORD,colistimetato accord,J01XB01,J01XB01
COLISTIMETATO HIKMA,colistimetato hikma,J01XB01,J01XB01
COLISTIMETATO SODICO ACCORDPHARMA,colistimetato sodico accordpharma,J01XB01,J01XB01
COLISTIMETATO SODICO NORIDEM,colistimetato sodico noridem,J01XB01,J01XB01
COLISTIMETATO SODICO NORIDEM LTD.,colistimetato sodico noridem ltd.,J01XB01,J01XB01
COLLAGENE,collagene,V03AX,V03AX
COLLINSONIA CANADENSIS,collinsonia canadensis,V03AX,V03AX
COLLIRIO ALFA ANTISTAMINICO,collirio alfa antistaminico,S01GA51,S01GA51
COLLIRIO ALFA DECONGESTIONANTE,collirio alfa decongestionante,S01GA01,S01GA01
COLLIRIO ALFA OCCHIO SECCO,collirio alfa occhio secco,S01XA20,S01XA20
COLOBREATHE,colobreathe,J01XB01,J01XB01
COLOCYNTHIS,colocynthis,V03AX,V03AX
COLOCYNTHIS DYNAMIS,colocynthis dynamis,V03AX,V03AX
COLOCYNTHIS HEEL COMPLEX,colocynthis heel complex,V03AX,V03AX
COLOCYNTHIS VIS-HP,colocynthis vis-hp,V03AX,V03AX
COLOCYNTHIS-HOMACCORD,colocynthis-homaccord,V03AX,V03AX
COLOGELS,cologels,V03AX,V03AX
COLON,colon,V03AX,V03AX
COLPOGYN,colpogyn,G03CA04,G03CA04
COLPOTROPHINE,colpotrophine,G03CA09,G03CA09
COLUMVI,columvi,L01FX28,L01FX28
COLVER,colver,C07AG02,C07AG02
COMBIGAN,combigan,S01ED51,S01ED51
COMBISARTAN,combisartan,C09DA03,C09DA03
COMBISTILL,combistill,S01CA01,S01CA01
COMBITIMOR,combitimor,S01CA01|S02CA06,
COMBIVIR,combivir,J05AR01,J05AR01
COMBODART,combodart,G04CA52,G04CA52
COMBOGESIC,combogesic,N02BE51,N02BE51
COMETRIQ,cometriq,L01EX07,L01EX07
COMIRNATY,comirnaty,J07BN01,J07BN01
COMIRNATY JN.1,comirnaty jn.1,J07BN01,J07BN01
COMIRNATY KP.2,comirnaty kp.2,J07BN01,J07BN01
COMIRNATY LP.8.1,comirnaty lp.8.1,J07BN01,J07BN01
COMIRNATY OMICRON XBB.1.5,comirnaty omicron xbb.1.5,J07BN01,J07BN01
COMIRNATY ORIGINAL/OMICRON BA.1,comirnaty original/omicron ba.1,J07BN01,J07BN01
COMIRNATY ORIGINAL/OMICRON BA.4-5,comirnaty original/omicron ba.4-5,J07BN01,J07BN01
COMPENDIUM,compendium,N05BA08,N05BA08
COMPETACT,competact,A10BD05,A10BD05
COMPUNA,compuna,C10BA06,C10BA06
COMTAN,comtan,N04BX02,N04BX02
CONBRIZA,conbriza,G03XC02,G03XC02
CONCHAE 5% COMP.,conchae 5% comp.,V03AX,V03AX
CONCOR,concor,C07AB07,C07AB07
CONDIUREN,condiuren,C09BA02,C09BA02
CONDRAL,condral,M01AX25,M01AX25
CONDROSULF,condrosulf,M01AX25,M01AX25
CONDROSULF UNIDIE,condrosulf unidie,M01AX25,M01AX25
CONDURANGO DYNAMIS,condurango dynamis,V03AX,V03AX
CONDYLINE,condyline,D06BB04,D06BB04
CONEXXENCE,conexxence,M05BX04,M05BX04
CONFEROPORT,conferoport,L04AD02,L04AD02
CONFETTO FALQUI C.M.,confetto falqui c.m.,A06AB02,A06AB02
CONFIDEX,confidex,B02BD01,B02BD01
CONGESCOR,congescor,C07AB07,C07AB07
CONGEXAM,congexam,C07FB07,C07FB07
CONIUM MACULATUM,conium maculatum,V03AX,V03AX
CONIUM MACULATUM DYNAMIS,conium maculatum dynamis,V03AX,V03AX
CONNETTIVINA,connettivina,D03AX05,D03AX05
CONNETTIVINA PLUS,connettivina plus,D06BA51,D06BA51
CONSTELLA,constella,A06AX04,A06AX04
CONTRAMAL,contramal,N02AX02,N02AX02
CONTRATHION,contrathion,V03AB04,V03AB04
CONTROL,control,N05BA06,N05BA06
CONTROLOC CONTROL,controloc control,A02BC02,A02BC02
CONVALLARIA MAJALIS DYNAMIS,convallaria majalis dynamis,V03AX,V03AX
CONVERTEN,converten,C09AA02,C09AA02
COPALIA,copalia,C09DB01,C09DB01
COPAXONE,copaxone,L03AX13,L03AX13
COPEMYL,copemyl,L03AX13,L03AX13
COPEMYLTRI,copemyltri,L03AX13,L03AX13
CORAL,coral,C08CA05,C08CA05
CORBILTA,corbilta,N04BA03,N04BA03
CORDARONE,cordarone,C01BD01,C01BD01
CORDIAX,cordiax,C07AB08,C07AB08
CORHUM,corhum,B05XA16,B05XA16
CORINTUS,corintus,C10AX09,C10AX09
CORIPREN,coripren,C09BB02,C09BB02
CORIXIL,corixil,C09DA03,C09DA03
CORLENTOR,corlentor,C01EB17,C01EB17
CORLOPAM,corlopam,C01CA19,C01CA19
CORMETO,cormeto,V04CD01,V04CD01
COROSAN,corosan,B01AC07,B01AC07
CORSODYL,corsodyl,A01AB03,A01AB03
CORTANEST PLUS,cortanest plus,D07XC,D07XC
CORTEGIS,cortegis,H02AB01,H02AB01
CORTEX CEREBRAL,cortex cerebral,V03AX,V03AX
CORTI-FLUORAL,corti-fluoral,A01AC,A01AC
CORTIDRO,cortidro,D07AA02,D07AA02
CORTIMENT,cortiment,A07EA06,A07EA06
CORTIREX,cortirex,H02AB07,H02AB07
CORTIRINA,cortirina,R01AD58,R01AD58
CORTISON CHEMICETINA,cortison chemicetina,D07CA01|S01CA03,
CORTIVIS,cortivis,S01BA02,S01BA02
CORTMUPER,cortmuper,H02AB02,H02AB02
CORTONE ACETATO,cortone acetato,H02AB10,H02AB10
CORTRIUM,cortrium,H02AB04,H02AB04
CORVERT,corvert,C01BD05,C01BD05
CORYFIN,coryfin,R05CA10,R05CA10
CORYFIN GOLA,coryfin gola,R02AA02,R02AA02
CORYFIN GOLA DOLORE,coryfin gola dolore,A01AD11,A01AD11
CORYFIN TOSSE DOPPIA AZIONE,coryfin tosse doppia azione,R05FB02,R05FB02
CORYFIN TOSSE ESPETTORANTE,coryfin tosse espettorante,R05CB06,R05CB06
CORYFIN TOSSE MUCOLITICO,coryfin tosse mucolitico,R05CB03,R05CB03
CORYFIN TOSSE SEDATIVO,coryfin tosse sedativo,R05DB19,R05DB19
CORYFINORO INFLUENZA E RAFFREDDORE,coryfinoro influenza e raffreddore,N02BE51,N02BE51
COSENTYX,cosentyx,L04AC10,L04AC10
COSMEGEN,cosmegen,L01DA01,L01DA01
COSOPT,cosopt,S01ED51,S01ED51
COSYREL,cosyrel,C09BX02,C09BX02
COTAREG,cotareg,C09DA03,C09DA03
COTELLIC,cotellic,L01EE02,L01EE02
COUMADIN,coumadin,B01AA03,B01AA03
COVERCARD,covercard,C09BB04,C09BB04
COVERLAM,coverlam,C09BB04,C09BB04
COVERSYL,coversyl,C09AA04,C09AA04
COXAFEN,coxafen,S01BC11,S01BC11
COXART,coxart,M01AH01,M01AH01
COXIBEN,coxiben,M01AH01,M01AH01
CRALONIN,cralonin,V03AX,V03AX
CRATAEGUS OXYACANTHA,crataegus oxyacantha,V03AX,V03AX
CRATIV,crativ,C10AA07,C10AA07
CREON,creon,A09AA02,A09AA02
CREONIPE,creonipe,A09AA02,A09AA02
CRESEMBA,cresemba,J02AC05,J02AC05
CRESTOR,crestor,C10AA07,C10AA07
CRINONE,crinone,G03DA04,G03DA04
CRIS,cris,G03AA12,G03AA12
CROCUS SATIVUS DYNAMIS,crocus sativus dynamis,V03AX,V03AX
CROMATONFERRO,cromatonferro,B03AA03,B03AA03
CROMEZIN,cromezin,J01DB04,J01DB04
CROTON TIGLIUM,croton tiglium,V03AX,V03AX
CROTONIL,crotonil,M05BA02,M05BA02
CRYSTACIDE,crystacide,D08AX01,D08AX01
CRYSTALGLU,crystalglu,B05BB02,B05BB02
CRYSTALSOL,crystalsol,B05BB01,B05BB01
CRYSVITA,crysvita,M05BX05,M05BX05
CUBICIN,cubicin,J01XX09,J01XX09
CUFENCE,cufence,A16AX12,A16AX12
CUPRESSUS SEMPERVIRENS DYNAMIS,cupressus sempervirens dynamis,V03AX,V03AX
CUPRIOR,cuprior,A16AX12,A16AX12
CUPRUM ACETICUM DYNAMIS,cuprum aceticum dynamis,V03AX,V03AX
CUPRUM ARSENICOSUM DYNAMIS,cuprum arsenicosum dynamis,V03AX,V03AX
CUPRUM METALLICUM,cuprum metallicum,V03AX,V03AX
CUPRUM SULFURICUM DYNAMIS,cuprum sulfuricum dynamis,V03AX,V03AX
CUPRUMPLUS (SYNERGIPLUS N.507),cuprumplus (synergiplus n.507),V03AX,V03AX
CURAPLEX 122,curaplex 122,V03AX,V03AX
CURAPLEX 33,curaplex 33,V03AX,V03AX
CURAPLEX 50,curaplex 50,V03AX,V03AX
CURASYN 100,curasyn 100,V03AX,V03AX
CURASYN 111,curasyn 111,V03AX,V03AX
CURASYN 12,curasyn 12,V03AX,V03AX
CURASYN 121,curasyn 121,V03AX,V03AX
CURASYN 123,curasyn 123,V03AX,V03AX
CURASYN 128,curasyn 128,V03AX,V03AX
CURASYN 13,curasyn 13,V03AX,V03AX
CURASYN 14,curasyn 14,V03AX,V03AX
CURASYN 19,curasyn 19,V03AX,V03AX
CURASYN 2,curasyn 2,V03AX,V03AX
CURASYN 21,curasyn 21,V03AX,V03AX
CURASYN 22,curasyn 22,V03AX,V03AX
CURASYN 27,curasyn 27,V03AX,V03AX
CURASYN 28,curasyn 28,V03AX,V03AX
CURASYN 29,curasyn 29,V03AX,V03AX
CURASYN 31,curasyn 31,V03AX,V03AX
CURASYN 32,curasyn 32,V03AX,V03AX
CURASYN 35,curasyn 35,V03AX,V03AX
CURASYN 37,curasyn 37,V03AX,V03AX
CURASYN 4,curasyn 4,V03AX,V03AX
CURASYN 41,curasyn 41,V03AX,V03AX
CURASYN 43,curasyn 43,V03AX,V03AX
CURASYN 45,curasyn 45,V03AX,V03AX
CURASYN 47,curasyn 47,V03AX,V03AX
CURASYN 51,curasyn 51,V03AX,V03AX
CURASYN 54,curasyn 54,V03AX,V03AX
CURASYN 55,curasyn 55,V03AX,V03AX
CURASYN 63,curasyn 63,V03AX,V03AX
CURASYN 7,curasyn 7,V03AX,V03AX
CURASYN 74,curasyn 74,V03AX,V03AX
CURCIX,curcix,C07AG02,C07AG02
CURCUMA LONGA DYNAMIS,curcuma longa dynamis,V03AX,V03AX
CUROSURF,curosurf,R07AA02,R07AA02
CUROXIM,curoxim,J01DC02,J01DC02
CUSIMOLOL,cusimolol,S01ED01,S01ED01
CUSPIS,cuspis,J01MA02,J01MA02
CUSTODIOL,custodiol,B05XA16,B05XA16
CUTAQUIG,cutaquig,J06BA01,J06BA01
CUVITRU,cuvitru,J06BA01,J06BA01
CYANOKIT,cyanokit,V03AB33,V03AB33
CYCLAMEN EUROPAEUM,cyclamen europaeum,V03AX,V03AX
CYMBALTA,cymbalta,N06AX21,N06AX21
CYRAMZA,cyramza,L01FG02,L01FG02
CYSTADANE,cystadane,A16AA06,A16AA06
CYSTADROPS,cystadrops,S01XA21,S01XA21
CYSTAGON,cystagon,A16AA04,A16AA04
CYTOMEGALOVIRUS,cytomegalovirus,V03AX,V03AX
CYTOMEGATECT,cytomegatect,J06BB09,J06BB09
CYTOTEC,cytotec,A02BB01,A02BB01
DABIGATRAN ETEXILATO ABDI,dabigatran etexilato abdi,B01AE07,B01AE07
DABIGATRAN ETEXILATO ACCORD,dabigatran etexilato accord,B01AE07,B01AE07
DABIGATRAN ETEXILATO BIOCON,dabigatran etexilato biocon,B01AE07,B01AE07
DABIGATRAN ETEXILATO DOC,dabigatran etexilato doc,B01AE07,B01AE07
DABIGATRAN ETEXILATO DR REDDY S,dabigatran etexilato dr reddy s,B01AE07,B01AE07
DABIGATRAN ETEXILATO EG,dabigatran etexilato eg,B01AE07,B01AE07
DABIGATRAN ETEXILATO EG STADA,dabigatran etexilato eg stada,B01AE07,B01AE07
DABIGATRAN ETEXILATO GEDEON RICHTER,dabigatran etexilato gedeon richter,B01AE07,B01AE07
DABIGATRAN ETEXILATO HCS,dabigatran etexilato hcs,B01AE07,B01AE07
DABIGATRAN ETEXILATO MEDICAL VALLEY,dabigatran etexilato medical valley,B01AE07,B01AE07
DABIGATRAN ETEXILATO OLPHA,dabigatran etexilato olpha,B01AE07,B01AE07
DABIGATRAN ETEXILATO SANDOZ,dabigatran etexilato sandoz,B01AE07,B01AE07
DABIGATRAN ETEXILATO TEVA,dabigatran etexilato teva,B01AE07,B01AE07
DABIGATRAN ETEXILATO VIATRIS,dabigatran etexilato viatris,B01AE07,B01AE07
DABIGATRAN ETEXILATO ZIM,dabigatran etexilato zim,B01AE07,B01AE07
DABIGATRAN PENSA,dabigatran pensa,B01AE07,B01AE07
DABIKASTE,dabikaste,B01AE07,B01AE07
DACARBAZINA LIPOMED,dacarbazina lipomed,L01AX04,L01AX04
DACARBAZINA MEDAC,dacarbazina medac,L01AX04,L01AX04
DACEPTON,dacepton,N04BC07,N04BC07
DACOGEN,dacogen,L01BC08,L01BC08
DACRIOGEL,dacriogel,S01XA20,S01XA20
DAFIRO,dafiro,C09DB01,C09DB01
DAFLON,daflon,C05CA53|C05CA03,
DAFNEGIN,dafnegin,G01AX12,G01AX12
DAFOCIST,dafocist,J01XX01,J01XX01
DAILYPREV,dailyprev,G03AA16,G03AA16
DAIVONEX,daivonex,D05AX02,D05AX02
DAKTARIN,daktarin,A01AB09|G01AF04,
DAKTARIN DERMATOLOGICO,daktarin dermatologico,D01AC02,D01AC02
DALACIN C,dalacin c,J01FF01,J01FF01
DALACIN C FOSFATO,dalacin c fosfato,J01FF01,J01FF01
DALACIN T,dalacin t,D10AF01,D10AF01
DALBAVANCINA ACCORD,dalbavancina accord,J01XA04,J01XA04
DALBAVANCINA BAXTER,dalbavancina baxter,J01XA04,J01XA04
DALBAVANCINA TEVA,dalbavancina teva,J01XA04,J01XA04
DALBAVANCINA ZENTIVA,dalbavancina zentiva,J01XA04,J01XA04
DALERPEN,dalerpen,G04BE08,G04BE08
DALMADORM,dalmadorm,N05CD01,N05CD01
DALNEVA,dalneva,C09BB04,C09BB04
DAMIANA DYNAMIS,damiana dynamis,V03AX,V03AX
DAMINE,damine,N04BC07,N04BC07
DAMSEL,damsel,G03AB08,G03AB08
DANATROL,danatrol,G03XA01,G03XA01
DANGARD,dangard,B01AE07,B01AE07
DANIFOS,danifos,J01XX01,J01XX01
DANTRIUM,dantrium,M03CA01,M03CA01
DAPAGLIFLOZIN AUROBINDO,dapagliflozin aurobindo,A10BK01,A10BK01
DAPAGLIFLOZIN DOC,dapagliflozin doc,A10BK01,A10BK01
DAPAGLIFLOZIN DR. REDDY?S,dapagliflozin dr. reddy?s,A10BK01,A10BK01
DAPAGLIFLOZIN KRKA,dapagliflozin krka,A10BK01,A10BK01
DAPAGLIFLOZIN TECNIGEN,dapagliflozin tecnigen,A10BK01,A10BK01
DAPAGLIFLOZIN TEVA,dapagliflozin teva,A10BK01,A10BK01
DAPAGLIFLOZIN VIATRIS,dapagliflozin viatris,A10BK01,A10BK01
DAPAGUT,dapagut,N06AB05,N06AB05
DAPAROX,daparox,N06AB05,N06AB05
DAPTOMICINA ACCORD,daptomicina accord,J01XX09,J01XX09
DAPTOMICINA ACCORD HEALTHCARE,daptomicina accord healthcare,J01XX09,J01XX09
DAPTOMICINA ACCORDPHARMA,daptomicina accordpharma,J01XX09,J01XX09
DAPTOMICINA AUROBINDO,daptomicina aurobindo,J01XX09,J01XX09
DAPTOMICINA DR. REDDY'S,daptomicina dr. reddy's,J01XX09,J01XX09
DAPTOMICINA HAMELN,daptomicina hameln,J01XX09,J01XX09
DAPTOMICINA HIKMA,daptomicina hikma,J01XX09,J01XX09
DAPTOMICINA HOSPIRA,daptomicina hospira,J01XX09,J01XX09
DAPTOMICINA NORIDEM,daptomicina noridem,J01XX09,J01XX09
DAPTOMICINA TILLOMED,daptomicina tillomed,J01XX09,J01XX09
DAPTOMICINA XELLIA,daptomicina xellia,J01XX09,J01XX09
DAROXOMB,daroxomb,B01AE07,B01AE07
DARUNAVIR AUROBINDO,darunavir aurobindo,J05AE10,J05AE10
DARUNAVIR KRKA,darunavir krka,J05AE10,J05AE10
DARUNAVIR KRKA D.D.,darunavir krka d.d.,J05AE10,J05AE10
DARUNAVIR SANDOZ,darunavir sandoz,J05AE10,J05AE10
DARUNAVIR TILLOMED,darunavir tillomed,J05AE10,J05AE10
DARUNAVIR VIATRIS,darunavir viatris,J05AE10,J05AE10
DARUPH,daruph,L01EA02,L01EA02
DARZALEX,darzalex,L01FC01,L01FC01
DASATINIB ACCORD HEALTHCARE,dasatinib accord healthcare,L01EA02,L01EA02
DASATINIB AUROBINDO,dasatinib aurobindo,L01EA02,L01EA02
DASATINIB EG,dasatinib eg,L01EA02,L01EA02
DASATINIB KRKA,dasatinib krka,L01XE06,L01XE06
DASATINIB MYLAN,dasatinib mylan,L01EA02,L01EA02
DASATINIB SANDOZ,dasatinib sandoz,L01EA02,L01EA02
DASATINIB ZENTIVA,dasatinib zentiva,L01EA02,L01EA02
DASSELTA,dasselta,R06AX27,R06AX27
DATROWAY,datroway,L01FX35,L01FX35
DATSCAN,datscan,V09AB03,V09AB03
DATURA STRAMONIUM,datura stramonium,V03AX,V03AX
DAUNOBLASTINA,daunoblastina,L01DB02,L01DB02
DAURISMO,daurismo,L01XJ03,L01XJ03
DAVIXON,davixon,J01DD04,J01DD04
DAWNZERA,dawnzera,B06AC,B06AC
DAXAS,daxas,R03DX07,R03DX07
DAYLETTE,daylette,G03AA12,G03AA12
DAYTRIX,daytrix,J01DD04,J01DD04
DAZUBLYS,dazublys,L01FD01,L01FD01
DEALGIC,dealgic,M01AB05,M01AB05
DEBRIDAT,debridat,A03AA05,A03AA05
DEBRUM,debrum,A03CA,A03CA
DECADRON,decadron,H02AB02,H02AB02
DECADRON OFTALMICO,decadron oftalmico,S01BA01,S01BA01
DECAFLU FEBBRE E DOLORE,decaflu febbre e dolore,M01AE01,M01AE01
DECAPEPTYL,decapeptyl,L02AE04,L02AE04
DECASTIN,decastin,R06AX22,R06AX22
DECELEX,decelex,N01BA04,N01BA04
DECITABINA ACCORD,decitabina accord,L01BC08,L01BC08
DECITABINA EVER PHARMA,decitabina ever pharma,L01BC08,L01BC08
DECITABINA TEVA,decitabina teva,L01BC08,L01BC08
DECODERM,decoderm,D01AC20,D01AC20
DECONTRIL,decontril,M03BX05,M03BX05
DECOR,decor,H02AB13,H02AB13
DECORENONE,decorenone,C01EB09,C01EB09
DECTOVA,dectova,J05AH01,J05AH01
DECUSTER,decuster,G04CB02,G04CB02
DEDIOL,dediol,A11CC03,A11CC03
DEDRALEN,dedralen,C02CA04,C02CA04
DEFERASIROX ABDI,deferasirox abdi,V03AC03,V03AC03
DEFERASIROX ACCORD,deferasirox accord,V03AC03,V03AC03
DEFERASIROX AUROBINDO,deferasirox aurobindo,V03AC03,V03AC03
DEFERASIROX DOC,deferasirox doc,V03AC03,V03AC03
DEFERASIROX GLENMARK,deferasirox glenmark,V03AC03,V03AC03
DEFERASIROX MYLAN,deferasirox mylan,V03AC03,V03AC03
DEFERASIROX PHARMATHEN,deferasirox pharmathen,V03AC03,V03AC03
DEFERASIROX SANDOZ,deferasirox sandoz,V03AC03,V03AC03
DEFERASIROX SIGILLATA,deferasirox sigillata,V03AC03,V03AC03
DEFERASIROX SUN,deferasirox sun,V03AC03,V03AC03
DEFERASIROX ZENTIVA,deferasirox zentiva,V03AC03,V03AC03
DEFERIPRONE DOC,deferiprone doc,V03AC02,V03AC02
DEFERIPRONE LIPOMED,deferiprone lipomed,V03AC02,V03AC02
DEFEROXAMINA NORIDEM,deferoxamina noridem,V03AC01,V03AC01
DEFITELIO,defitelio,B01AX01,B01AX01
DEFLAMAT,deflamat,M01AB05,M01AB05
DEFLAMON,deflamon,J01XD01|P01AB01,
DEFLAN,deflan,H02AB13,H02AB13
DEFLAZACORT EG,deflazacort eg,H02AB13,H02AB13
DEFLAZACORT FG,deflazacort fg,H02AB13,H02AB13
DEFLAZACORT PHARMEG,deflazacort pharmeg,H02AB13,H02AB13
DEFLUT,deflut,R01AD12,R01AD12
DEFUCITAN,defucitan,N07BA04,N07BA04
DEGARELIX ACCORD,degarelix accord,L02BX02,L02BX02
DEGRISTAT,degristat,V03AX,V03AX
DEKAMIN,dekamin,B05BA01,B05BA01
DELAMAN,delaman,C09BB12,C09BB12
DELAPRIDE,delapride,C09BA12,C09BA12
DELECIT,delecit,N07AX02,N07AX02
DELORAZEPAM ALMUS,delorazepam almus,N05BA,N05BA
DELORAZEPAM ALTER,delorazepam alter,N05BA,N05BA
DELORAZEPAM AUROBINDO ITALIA,delorazepam aurobindo italia,N05BA,N05BA
DELORAZEPAM DOC GENERICI,delorazepam doc generici,N05BA,N05BA
DELORAZEPAM EG,delorazepam eg,N05BA,N05BA
DELORAZEPAM HEXAL,delorazepam hexal,N05BA,N05BA
DELORAZEPAM MYLAN PHARMA,delorazepam mylan pharma,N05BA,N05BA
DELORAZEPAM PENSA,delorazepam pensa,N05BA,N05BA
DELORAZEPAM RATIOPHARM ITALIA,delorazepam ratiopharm italia,N05BA,N05BA
DELORAZEPAM SANDOZ,delorazepam sandoz,N05BA,N05BA
DELORAZEPAM ZENTIVA,delorazepam zentiva,N05BA,N05BA
DELPHINIUM STAPHYSAGRIA,delphinium staphysagria,V03AX,V03AX
DELPROFEX,delprofex,M01AE17,M01AE17
DELSTRIGO,delstrigo,J05AR24,J05AR24
DELTACORTENE,deltacortene,H02AB07,H02AB07
DELTARINDEK DECONGESTIONANT,deltarindek decongestionant,R01AA07,R01AA07
DELTARINOLO,deltarinolo,R01AB05,R01AB05
DELTAVAGIN,deltavagin,G01BA,G01BA
DELTAZIME,deltazime,J01DD02,J01DD02
DELTYBA,deltyba,J04AK06,J04AK06
DEMELORA,demelora,N06DA03,N06DA03
DEMENCO,demenco,N06DX01,N06DX01
DENBRAYCE,denbrayce,M05BX04,M05BX04
DENIBAN,deniban,N05AL05,N05AL05
DENTINALE,dentinale,A01AD11,A01AD11
DEPAKIN,depakin,N03AG01,N03AG01
DEPALGOS,depalgos,N02AJ17,N02AJ17
DEPAMIDE,depamide,N03AG02,N03AG02
DEPAS,depas,N05BA19,N05BA19
DEPO MEDROL,depo medrol,H02AB04,H02AB04
DEPO-PROVERA,depo-provera,L02AB02,L02AB02
DEPONIT,deponit,C01DA02,C01DA02
DEQSIGA,deqsiga,J06BA02,J06BA02
DEQUADIN,dequadin,R02AA02,R02AA02
DERIL,deril,A11CC03,A11CC03
DERMATAR,dermatar,D07XC01,D07XC01
DERMATRANS,dermatrans,C01DA02,C01DA02
DERMAVAL,dermaval,D07AC06,D07AC06
DERMESTRIL,dermestril,G03CA03,G03CA03
DERMIRIT,dermirit,D07AA02,D07AA02
DERMOCORTAL,dermocortal,D07AA02,D07AA02
DERMOMYCIN,dermomycin,D06AX01,D06AX01
DERTOP,dertop,A11CC05,A11CC05
DERVIN,dervin,D07AC06,D07AC06
DESACLOR,desaclor,S01CA01,S01CA01
DESADOC,desadoc,S01BA01,S01BA01
DESAMETASONE HAMELN,desametasone hameln,H02AB02,H02AB02
DESAMETASONE KALCEKS,desametasone kalceks,H02AB02,H02AB02
DESAMIX EFFE,desamix effe,D01AC20,D01AC20
DESAMIX NEOMICINA,desamix neomicina,D07CB04,D07CB04
DESANTREL,desantrel,G03AC09,G03AC09
DESCOVY,descovy,J05AR17,J05AR17
DESFERAL,desferal,V03AC01,V03AC01
DESFLURANO PIRAMAL,desflurano piramal,N01AB07,N01AB07
DESIRETT,desirett,G03AC09,G03AC09
DESLORATADINA ACTAVIS,desloratadina actavis,R06AX27,R06AX27
DESLORATADINA AUROBINDO ITALIA,desloratadina aurobindo italia,R06AX27,R06AX27
DESLORATADINA DOC,desloratadina doc,R06AX27,R06AX27
DESLORATADINA EG,desloratadina eg,R06AX27,R06AX27
DESLORATADINA EG STADA,desloratadina eg stada,R06AX27,R06AX27
DESLORATADINA MYLAN GENERICS,desloratadina mylan generics,R06AX27,R06AX27
DESLORATADINA MYLAN PHARMA,desloratadina mylan pharma,R06AX27,R06AX27
DESLORATADINA PENSA,desloratadina pensa,R06AX27,R06AX27
DESLORATADINA RATIOPHARM,desloratadina ratiopharm,R06AX27,R06AX27
DESLORATADINA SANDOZ,desloratadina sandoz,R06AX27,R06AX27
DESLORATADINA TEVA,desloratadina teva,R06AX27,R06AX27
DESLORATADINA ZENTIVA,desloratadina zentiva,R06AX27,R06AX27
DESMOPRESSINA DOC,desmopressina doc,H01BA02,H01BA02
DESMOPRESSINA MYLAN,desmopressina mylan,H01BA02,H01BA02
DESMOPRESSINA SANDOZ,desmopressina sandoz,H01BA02,H01BA02
DESMOPRESSINA TEVA,desmopressina teva,H01BA02,H01BA02
DESMOPRESSINA ZENTIVA,desmopressina zentiva,H01BA02,H01BA02
DESTROMETORFANO BROMIDRATO FARMAKOPEA,destrometorfano bromidrato farmakopea,R05DA09,R05DA09
DESTROMETORFANO BROMIDRATO SELLA,destrometorfano bromidrato sella,R05DA09,R05DA09
DESTROMETORFANO EG,destrometorfano eg,R05DA09,R05DA09
DESTROTUS,destrotus,R05DA09,R05DA09
DETRUSITOL,detrusitol,G04BD07,G04BD07
DEURSIL,deursil,A05AA02,A05AA02
DEVICIUS,devicius,G03DB08,G03DB08
DEXABEM,dexabem,H02AB02,H02AB02
DEXAMONO,dexamono,S01BA01,S01BA01
DEXAVISION,dexavision,S03BA01,S03BA01
DEXDOR,dexdor,N05CM18,N05CM18
DEXFENIA,dexfenia,M01AE17,M01AE17
DEXKETOPROFENE PENSAVITAL,dexketoprofene pensavital,M01AE17,M01AE17
DEXMEDETOMIDINA ALTAN,dexmedetomidina altan,N05CM18,N05CM18
DEXMEDETOMIDINA EVER PHARMA,dexmedetomidina ever pharma,N05CM18,N05CM18
DEXMEDETOMIDINA GALENICA SENESE,dexmedetomidina galenica senese,N05CM18,N05CM18
DEXMEDETOMIDINA HIKMA,dexmedetomidina hikma,N05CM18,N05CM18
DEXMEDETOMIDINA KALCEKS,dexmedetomidina kalceks,N05CM18,N05CM18
DEXTRADOL,dextradol,N02AJ14,N02AJ14
DI MILL,di mill,S01AX,S01AX
DIACOMIT,diacomit,N03AX17,N03AX17
DIAGLIMET,diaglimet,A10BD02,A10BD02
DIAMICRON,diamicron,A10BB09,A10BB09
DIAMOX,diamox,S01EC01,S01EC01
DIANE,diane,G03HB01,G03HB01
DIARSTOP,diarstop,A07DA03,A07DA03
DIATHYNIL,diathynil,A11HA05,A11HA05
DIAVIC,diavic,A10BJ02,A10BJ02
DIAVORIN,diavorin,A10BJ02,A10BJ02
DIAXONE,diaxone,J01DD04,J01DD04
DIAZEPAM ABC,diazepam abc,N05BA01,N05BA01
DIAZEPAM ALTER,diazepam alter,N05BA01,N05BA01
DIAZEPAM AUROBINDO,diazepam aurobindo,N05BA01,N05BA01
DIAZEPAM EG,diazepam eg,N05BA01,N05BA01
DIAZEPAM EG STADA,diazepam eg stada,N05BA01,N05BA01
DIAZEPAM MYLAN GENERICS,diazepam mylan generics,N05BA01,N05BA01
DIAZEPAM RATIOPHARM ITALIA,diazepam ratiopharm italia,N05BA01,N05BA01
DIAZEPAM SANDOZ,diazepam sandoz,N05BA01,N05BA01
DIAZEPAM ZENTIVA,diazepam zentiva,N05BA01,N05BA01
DIBASE,dibase,A11CC05,A11CC05
DIBASELAB,dibaselab,A11CC05,A11CC05
DICETEL,dicetel,A03AX04,A03AX04
DICLOABAK,dicloabak,S01BC03,S01BC03
DICLOCULAR,diclocular,S01BC03,S01BC03
DICLOFENAC ALMUS,diclofenac almus,M01AB05,M01AB05
DICLOFENAC DOC,diclofenac doc,M01AB05,M01AB05
DICLOFENAC DOC GENERICI,diclofenac doc generici,M01AB05,M01AB05
DICLOFENAC DOC GENERICS,diclofenac doc generics,D11AX18,D11AX18
DICLOFENAC EG,diclofenac eg,M01AB05,M01AB05
DICLOFENAC EG STADA GROUP,diclofenac eg stada group,M02AA15,M02AA15
DICLOFENAC EG STADA ITALIA,diclofenac eg stada italia,M02AA15,M02AA15
DICLOFENAC FG,diclofenac fg,M02AA15,M02AA15
DICLOFENAC HEXAL,diclofenac hexal,M01AB05,M01AB05
DICLOFENAC HEXAL AG,diclofenac hexal ag,M01AB05,M01AB05
DICLOFENAC IPSO PHARMA,diclofenac ipso pharma,M02AA15,M02AA15
DICLOFENAC MYLAN,diclofenac mylan,M01AB05,M01AB05
DICLOFENAC MYLAN GENERICS,diclofenac mylan generics,M01AB05,M01AB05
DICLOFENAC PHARMEG,diclofenac pharmeg,M02AA15,M02AA15
DICLOFENAC RATIOPHARM,diclofenac ratiopharm,M01AB05,M01AB05
DICLOFENAC SANDOZ,diclofenac sandoz,M02AA15,M02AA15
DICLOFENAC SANDOZ GMBH,diclofenac sandoz gmbh,M02AA15,M02AA15
DICLOFENAC TEVA,diclofenac teva,M02AA15,M02AA15
DICLOFENAC TEVA BV,diclofenac teva bv,M02AA15,M02AA15
DICLOFENAC TEVA ITALIA,diclofenac teva italia,M02AA15,M02AA15
DICLOFENAC ZENTIVA,diclofenac zentiva,M02AA15,M02AA15
DICLOFTIL,dicloftil,S01BC03,S01BC03
DICLOMED,diclomed,A01AD11,A01AD11
DICLOREUM,dicloreum,M01AB05,M01AB05
DICLOREUM ACTIGEL,dicloreum actigel,M02AA15,M02AA15
DICLOREUM ANTINFIAMMATORIO LOCALE,dicloreum antinfiammatorio locale,M02AA15,M02AA15
DICLOREUM UNIDIE,dicloreum unidie,M02AA13,M02AA13
DICLOREUMACT,dicloreumact,M02AA15,M02AA15
DICOFLORELLE GINECOLOGICO,dicoflorelle ginecologico,G01AX14,G01AX14
DICOLEV,dicolev,A11CC05,A11CC05
DIDROGESTERONE ADALVO,didrogesterone adalvo,G03DB01,G03DB01
DIDROGYL,didrogyl,A11CC06,A11CC06
DIENESTRA,dienestra,G03AA16,G03AA16
DIENOGEST ARISTO,dienogest aristo,G03DB08,G03DB08
DIENVIS,dienvis,V03AX,V03AX
DIESMIT,diesmit,A10BD07,A10BD07
DIETRA,dietra,A11CC05,A11CC05
DIFFERIN,differin,D10AD03,D10AD03
DIFICLIR,dificlir,A07AA12,A07AA12
DIFLUCAN,diflucan,J02AC01,J02AC01
DIFMETRE,difmetre,M01AB51,M01AB51
DIFOSFOCIN,difosfocin,N06BX06,N06BX06
DIFOSFONAL,difosfonal,M05BA02,M05BA02
DIFTETALL,diftetall,J07AM51,J07AM51
DIGERENT POLIFARMA,digerent polifarma,A03AA05,A03AA05
DIGITALIS PURPUREA,digitalis purpurea,V03AX,V03AX
DIIDERGOT,diidergot,N02CA01,N02CA01
DILADEL,diladel,C08DB01,C08DB01
DILATREND,dilatrend,C07AG02,C07AG02
DILTIAZEM DOC GENERICI,diltiazem doc generici,C08DB01,C08DB01
DILTIAZEM EG,diltiazem eg,C08DB01,C08DB01
DILTIAZEM MYLAN GENERICS ITALIA,diltiazem mylan generics italia,C08DB01,C08DB01
DILTIAZEM SANDOZ,diltiazem sandoz,C08DB01,C08DB01
DILTIAZEM SANDOZ BV,diltiazem sandoz bv,C08DB01,C08DB01
DILUR,dilur,C02CA04,C02CA04
DILZENE,dilzene,C08DB01,C08DB01
DIMAZ,dimaz,S01EC03,S01EC03
DIMETILFUMARATO ABDI,dimetilfumarato abdi,L04AX07,L04AX07
DIMETILFUMARATO ACCORD,dimetilfumarato accord,L04AX07,L04AX07
DIMETILFUMARATO AEQUILIBRIUM PHARMA,dimetilfumarato aequilibrium pharma,L04AX07,L04AX07
DIMETILFUMARATO AUROBINDO,dimetilfumarato aurobindo,L04AX07,L04AX07
DIMETILFUMARATO BIOCON,dimetilfumarato biocon,L04AX07,L04AX07
DIMETILFUMARATO DR. REDDY'S,dimetilfumarato dr. reddy's,L04AX07,L04AX07
DIMETILFUMARATO EG,dimetilfumarato eg,L04AX07,L04AX07
DIMETILFUMARATO EG STADA ITALIA,dimetilfumarato eg stada italia,L04AX07,L04AX07
DIMETILFUMARATO GLENMARK,dimetilfumarato glenmark,L04AX07,L04AX07
DIMETILFUMARATO MYLAN,dimetilfumarato mylan,L04AX07,L04AX07
DIMETILFUMARATO NEURAXPHARM,dimetilfumarato neuraxpharm,L04AX07,L04AX07
DIMETILFUMARATO OLPHA,dimetilfumarato olpha,L04AX07,L04AX07
DIMETILFUMARATO PHARMATHEN,dimetilfumarato pharmathen,L04AX07,L04AX07
DIMETILFUMARATO PIRAMAL,dimetilfumarato piramal,L04AX07,L04AX07
DIMETILFUMARATO QILU,dimetilfumarato qilu,L04AX07,L04AX07
DIMETILFUMARATO SANDOZ,dimetilfumarato sandoz,L04AX07,L04AX07
DIMETILFUMARATO SUN,dimetilfumarato sun,L04AX07,L04AX07
DIMETILFUMARATO TEVA GENERICS,dimetilfumarato teva generics,L04AX07,L04AX07
DIMETILFUMARATO TEVA ITALIA,dimetilfumarato teva italia,L04AX07,L04AX07
DIMETILFUMARATO VIVANTA,dimetilfumarato vivanta,L04AX07,L04AX07
DIMETILFUMARATO ZENTIVA,dimetilfumarato zentiva,L04AX07,L04AX07
DIMETILFUMARATO ZENTIVA ITALIA,dimetilfumarato zentiva italia,L04AX07,L04AX07
DIMETINDENE ALKALOID-INT,dimetindene alkaloid-int,D04AA13,D04AA13
DIMFORDA,dimforda,L04AX07,L04AX07
DIMTRUZIC,dimtruzic,L04AX07,L04AX07
DINAMIS,dinamis,G04BE08,G04BE08
DINAPRES,dinapres,C09BA12,C09BA12
DINCREL,dincrel,A12AX,A12AX
DINESPER,dinesper,C05CA53,C05CA53
DINEZA,dineza,N02CA01,N02CA01
DINIKET,diniket,C01DA08,C01DA08
DINTOINA,dintoina,N03AB02,N03AB02
DIONIFIL,dionifil,G04BE09,G04BE09
DIOSCOREA VILLOSA,dioscorea villosa,V03AX,V03AX
DIOSCOREA VILLOSA DYNAMIS,dioscorea villosa dynamis,V03AX,V03AX
DIOSMECTAL,diosmectal,A07BC05,A07BC05
DIOSMINA EG,diosmina eg,C05CA53,C05CA53
DIOSVEN,diosven,C05CA03,C05CA03
DIPEPTIVEN,dipeptiven,B05XB02,B05XB02
DIPLORIN,diplorin,R01AD58,R01AD58
DIPPERAM,dipperam,C09DB01,C09DB01
DIPPERAM HCT,dipperam hct,C09DX01,C09DX01
DIPRIVAN,diprivan,N01AX10,N01AX10
DIPRONT,dipront,A11CC05,A11CC05
DIPROSALIC,diprosalic,D07XC01|D07BC01|D01AE12,
DIPROSONE,diprosone,D07AC01|S01BA06,
DIRAHIST,dirahist,H02BX,H02BX
DIS 10,dis 10,V03AX,V03AX
DIS 12,dis 12,V03AX,V03AX
DIS 13,dis 13,V03AX,V03AX
DIS 16,dis 16,V03AX,V03AX
DIS 18,dis 18,V03AX,V03AX
DIS 4,dis 4,V03AX,V03AX
DIS 7,dis 7,V03AX,V03AX
DIS 8,dis 8,V03AX,V03AX
DISEON,diseon,A11CC03,A11CC03
DISEPAVIT,disepavit,A11JA,A11JA
DISERINAL,diserinal,A11CC03,A11CC03
DISINFARM,disinfarm,D08AJ01,D08AJ01
DISINTYL,disintyl,D08AJ01,D08AJ01
DISIPAL,disipal,N04AB02,N04AB02
DISOX,disox,H02AB07,H02AB07
DISSENTEN,dissenten,A07DA03,A07DA03
DISSENTEN ANTIDIARREA,dissenten antidiarrea,A07DA03,A07DA03
DISSOLVIN,dissolvin,R05CB01,R05CB01
DISTEM,distem,M03BA53,M03BA53
DISTEOMIN,disteomin,A11CC05,A11CC05
DISUFEN,disufen,N01AH03,N01AH03
DITRALIA,ditralia,A11CC05,A11CC05
DITROPAN,ditropan,G04BD04,G04BD04
DIUREMID,diuremid,C03CA04,C03CA04
DIURESIX,diuresix,C03CA04,C03CA04
DIURETOR,diuretor,C03CA04,C03CA04
DIVOD,divod,A11CC05,A11CC05
DIZOLO,dizolo,J02AC01,J02AC01
DIZZITAM,dizzitam,N06BX03,N06BX03
DOBETIN,dobetin,B03BA01,B03BA01
DOBREN,dobren,N05AL01,N05AL01
DOBUTAMINA BIOINDUSTRIA LIM,dobutamina bioindustria lim,C01CA07,C01CA07
DOBUTAMINA HIKMA,dobutamina hikma,C01CA07,C01CA07
DOCETAXEL ACCORD,docetaxel accord,L01CD02,L01CD02
DOCETAXEL AUROBINDO,docetaxel aurobindo,L01CD02,L01CD02
DOCETAXEL HIKMA,docetaxel hikma,L01CD02,L01CD02
DOCETAXEL KABI,docetaxel kabi,L01CD02,L01CD02
DOCETAXEL RATIOPHARM ITALIA,docetaxel ratiopharm italia,L01CD02,L01CD02
DOCLATIM,doclatim,S01ED51,S01ED51
DOCLEVO,doclevo,S01AE05,S01AE05
DOGETIC,dogetic,N02AB03,N02AB03
DOLAUT,dolaut,M02AA15,M02AA15
DOLAUT GOLA,dolaut gola,A01AD11,A01AD11
DOLAUT MONO,dolaut mono,M02AA07,M02AA07
DOLFENIBUPROFENE PENSA GENERICS,dolfenibuprofene pensa generics,M01AE01,M01AE01
DOLGIT,dolgit,M02AA13,M02AA13
DOLGOSIN,dolgosin,M01AE03,M01AE03
DOLIBLOC,dolibloc,M01AE01,M01AE01
DOLIVIO,dolivio,N02BE01,N02BE01
DOLKET,dolket,M01AE03,M01AE03
DOLOFAST,dolofast,M02AA13,M02AA13
DOLOLIBRE,dololibre,M01AE02,M01AE02
DOLOTO,doloto,S02DA30,S02DA30
DOLSTIP,dolstip,N02AA55,N02AA55
DOLZAN,dolzan,M01AE01,M01AE01
DOMAR,domar,N05BA14,N05BA14
DOMES,domes,M01AX17,M01AX17
DOMPERIDONE ABC,domperidone abc,A03FA03,A03FA03
DOMPERIDONE DOC GENERICI,domperidone doc generici,A03FA03,A03FA03
DOMPERIDONE EG,domperidone eg,A03FA03,A03FA03
DOMPERIDONE MYLAN GENERICS,domperidone mylan generics,A03FA03,A03FA03
DOMPERIDONE SANDOZ,domperidone sandoz,A03FA03,A03FA03
DOMPERIDONE TEVA,domperidone teva,A03FA03,A03FA03
DONA,dona,M01AX05,M01AX05
DONAFLOR,donaflor,G03CC06,G03CC06
DONAMET,donamet,A05BA,A05BA
DONEPEZIL ACCORD,donepezil accord,N06DA02,N06DA02
DONEPEZIL ALMUS,donepezil almus,N06DA02,N06DA02
DONEPEZIL ALTER,donepezil alter,N06DA02,N06DA02
DONEPEZIL AUROBINDO,donepezil aurobindo,N06DA02,N06DA02
DONEPEZIL DOC GENERICI,donepezil doc generici,N06DA02,N06DA02
DONEPEZIL EG,donepezil eg,N06DA02,N06DA02
DONEPEZIL MYLAN GENERICS,donepezil mylan generics,N06DA02,N06DA02
DONEPEZIL MYLAN GENERICS ITALIA,donepezil mylan generics italia,N06DA02,N06DA02
DONEPEZIL SANDOZ,donepezil sandoz,N06DA02,N06DA02
DONEPEZIL SUN,donepezil sun,N06DA02,N06DA02
DONEPEZIL TEVA,donepezil teva,N06DA02,N06DA02
DONEPEZIL ZENTIVA,donepezil zentiva,N06DA02,N06DA02
DONOPA,donopa,N01AX63,N01AX63
DOPAMINA CLORIDRATO GALENICA SENESE,dopamina cloridrato galenica senese,C01CA04,C01CA04
DOPAMINA CLORIDRATO HIKMA,dopamina cloridrato hikma,C01CA04,C01CA04
DOPAMINA CLORIDRATO S.A.L.F.,dopamina cloridrato s.a.l.f.,C01CA04,C01CA04
DOPAMINA PFIZER,dopamina pfizer,C01CA04,C01CA04
DOPTELET,doptelet,B02BX08,B02BX08
DORICOFLU,doricoflu,R03BA03,R03BA03
DORICUM,doricum,R01AD|S01CA10,
DORMIPLANT,dormiplant,N05CX,N05CX
DORSIFLEX,dorsiflex,M02AA06,M02AA06
DORYX,doryx,M05BA04,M05BA04
DORZAMOX,dorzamox,S01ED51,S01ED51
DORZOCLAR,dorzoclar,S01EC03,S01EC03
DORZOLAMIDE AUROBINDO,dorzolamide aurobindo,S01EC03,S01EC03
DORZOLAMIDE E TIMOLOLO AUROBINDO,dorzolamide e timololo aurobindo,S01ED51,S01ED51
DORZOLAMIDE E TIMOLOLO DOC,dorzolamide e timololo doc,S01ED51,S01ED51
DORZOLAMIDE E TIMOLOLO EG,dorzolamide e timololo eg,S01ED51,S01ED51
DORZOLAMIDE E TIMOLOLO MYLAN GENERICS,dorzolamide e timololo mylan generics,S01ED51,S01ED51
DORZOLAMIDE E TIMOLOLO PENSA,dorzolamide e timololo pensa,S01ED51,S01ED51
DORZOLAMIDE E TIMOLOLO SANDOZ,dorzolamide e timololo sandoz,S01ED51,S01ED51
DORZOLAMIDE E TIMOLOLO ZENTIVA,dorzolamide e timololo zentiva,S01ED51,S01ED51
DORZOLAMIDE MYLAN GENERICS,dorzolamide mylan generics,S01EC03,S01EC03
DORZONORM,dorzonorm,S01EC03,S01EC03
DORZOSTILL,dorzostill,S01EC03,S01EC03
DOSTINEX,dostinex,G02CB03,G02CB03
DOTAGRAF,dotagraf,V08CA02,V08CA02
DOTAREM,dotarem,V08CA02,V08CA02
DOTECINE,dotecine,A07AA13,A07AA13
DOTIMIR,dotimir,S01ED51,S01ED51
DOVATO,dovato,J05AR25,J05AR25
DOVEN,doven,C05CA03,C05CA03
DOVOBET,dovobet,D05AX52,D05AX52
DOVPRELA,dovprela,J04AK08,J04AK08
DOXAFIN,doxafin,C02CA04,C02CA04
DOXAZOSIN AUROBINDO,doxazosin aurobindo,C02CA04,C02CA04
DOXAZOSIN DOC GENERICI,doxazosin doc generici,C02CA04,C02CA04
DOXAZOSIN RATIOPHARM,doxazosin ratiopharm,C02CA04,C02CA04
DOXAZOSIN ZENTIVA,doxazosin zentiva,C02CA04,C02CA04
DOXAZOSINA ALMUS,doxazosina almus,C02CA04,C02CA04
DOXAZOSINA ALTER,doxazosina alter,C02CA04,C02CA04
DOXAZOSINA E FINASTERIDE MYLAN,doxazosina e finasteride mylan,G04CA,G04CA
DOXAZOSINA EG,doxazosina eg,C02CA04,C02CA04
DOXAZOSINA HEXAL,doxazosina hexal,C02CA04,C02CA04
DOXAZOSINA MYLAN GENERICS,doxazosina mylan generics,C02CA04,C02CA04
DOXAZOSINA PENSA,doxazosina pensa,C02CA04,C02CA04
DOXAZOSINA SANDOZ,doxazosina sandoz,C02CA04,C02CA04
DOXORUBICINA ACCORD HEALTHCARE ITALIA,doxorubicina accord healthcare italia,L01DB01,L01DB01
DOXORUBICINA AUROBINDO,doxorubicina aurobindo,L01DB01,L01DB01
DOXORUBICINA HIKMA,doxorubicina hikma,L01DB01,L01DB01
DOXORUBICINA LIPOSOMIALE PEGILATA DR. REDDY'S,doxorubicina liposomiale pegilata dr. reddy's,L01DB01,L01DB01
DOXORUBICINA TEVA,doxorubicina teva,L01DB01,L01DB01
DOXOVENT,doxovent,R03DA11,R03DA11
DOXYNOR,doxynor,J01AA02,J01AA02
DOZURSO,dozurso,A05AA02,A05AA02
DRALENOS,dralenos,M05BA04,M05BA04
DRAMIGEL,dramigel,D06AX12,D06AX12
DRAMION,dramion,A10BB09,A10BB09
DRAVYR,dravyr,J05AB01|D06BB03,
DRE 1,dre 1,V03AX,V03AX
DRE 10,dre 10,V03AX,V03AX
DRE 11,dre 11,V03AX,V03AX
DRE 13,dre 13,V03AX,V03AX
DRE 14,dre 14,V03AX,V03AX
DRE 4,dre 4,V03AX,V03AX
DRE 7,dre 7,V03AX,V03AX
DRE 8,dre 8,V03AX,V03AX
DRE 9,dre 9,V03AX,V03AX
DRELBISTA,drelbista,J01DD08,J01DD08
DREMA,drema,V03AX,V03AX
DREMTIS,dremtis,L04AX07,L04AX07
DROMOS,dromos,A16AA01,A16AA01
DRONEDARONE ARISTO,dronedarone aristo,C01BD07,C01BD07
DRONEDARONE AUROBINDO,dronedarone aurobindo,C01BD07,C01BD07
DROPAXIN,dropaxin,N06AB05,N06AB05
DROPERIDOLO AGUETTANT,droperidolo aguettant,N05AD08,N05AD08
DROPERIDOLO HIKMA,droperidolo hikma,N05AD08,N05AD08
DROPERIDOLO KALCEKS,droperidolo kalceks,N05AD08,N05AD08
DROPERIDOLO SINTETICA,droperidolo sintetica,N05AD08,N05AD08
DROPILTON,dropilton,S01EB01,S01EB01
DROPIZOLE,dropizole,A07DA02,A07DA02
DROPLACOMB,droplacomb,S01ED51,S01ED51
DROPLATAN,droplatan,S01EE01,S01EE01
DROPTIMOL,droptimol,S01ED01,S01ED01
DROPYAL,dropyal,S01XA20,S01XA20
DROS,dros,V03AX,V03AX
DROSERA,drosera,V03AX,V03AX
DROSERA ROTUNDIFOLIA,drosera rotundifolia,V03AX,V03AX
DROSERA ROTUNDIFOLIA DYNAMIS,drosera rotundifolia dynamis,V03AX,V03AX
DROSERA-HOMACCORD,drosera-homaccord,V03AX,V03AX
DROSPIL,drospil,G03AA12,G03AA12
DROSURE,drosure,G03AA12,G03AA12
DROSURELLE,drosurelle,G03AA12,G03AA12
DROVELIS,drovelis,G03AA18,G03AA18
DRULLUB,drullub,B01AC22,B01AC22
DUAC,duac,D10AF51,D10AF51
DUAGEN,duagen,G04CB02,G04CB02
DUAKLIR GENUAIR,duaklir genuair,R03AL05,R03AL05
DUAVIVE,duavive,G03CC07,G03CC07
DUBINE,dubine,D06AX14,D06AX14
DUCRESSA,ducressa,S01CA01,S01CA01
DUELYM,duelym,S01ED51,S01ED51
DUFASTON,dufaston,G03DB01,G03DB01
DUKORAL,dukoral,J07AE01,J07AE01
DULCAMARA,dulcamara,V03AX,V03AX
DULCAMARA DYNAMIS,dulcamara dynamis,V03AX,V03AX
DULCOLAX,dulcolax,A06AB02,A06AB02
DULEX,dulex,N06AX21,N06AX21
DULOXETINA ALMUS,duloxetina almus,N06AX21,N06AX21
DULOXETINA ALTER,duloxetina alter,N06AX21,N06AX21
DULOXETINA AUROBINDO,duloxetina aurobindo,N06AX21,N06AX21
DULOXETINA DOC GENERICI,duloxetina doc generici,N06AX21,N06AX21
DULOXETINA EG,duloxetina eg,N06AX21,N06AX21
DULOXETINA KRKA,duloxetina krka,N06AX21,N06AX21
DULOXETINA LICONSA,duloxetina liconsa,N06AX21,N06AX21
DULOXETINA LILLY,duloxetina lilly,N06AX21,N06AX21
DULOXETINA PENSA,duloxetina pensa,N06AX21,N06AX21
DULOXETINA SANDOZ,duloxetina sandoz,N06AX21,N06AX21
DULOXETINA TEVA,duloxetina teva,N06AX21,N06AX21
DULOXETINA VIATRIS,duloxetina viatris,N06AX21,N06AX21
DULOXETINA ZENTIVA,duloxetina zentiva,N06AX21,N06AX21
DULXETENON,dulxetenon,N06AX21,N06AX21
DUMIROX,dumirox,N06AB08,N06AB08
DUNAFLOT,dunaflot,S01AE01,S01AE01
DUOBEXON,duobexon,R03AK08,R03AK08
DUOCLIN,duoclin,D10AF51,D10AF51
DUODOPA,duodopa,N04BA02|N04BA07,
DUOFILM,duofilm,D11AF,D11AF
DUOPERI,duoperi,B05BA10,B05BA10
DUOPLAVIN,duoplavin,B01AC30,B01AC30
DUORESP SPIROMAX,duoresp spiromax,R03AK07,R03AK07
DUOSOL,duosol,B05ZB,B05ZB
DUOTENS,duotens,C09BB07,C09BB07
DUOTRAV,duotrav,S01ED51,S01ED51
DUOXONA,duoxona,N02AA55,N02AA55
DUPHALAC,duphalac,A06AD11,A06AD11
DUPIXENT,dupixent,D11AH05,D11AH05
DURATOCIN,duratocin,H01BB03,H01BB03
DURFENTA,durfenta,N02AB03,N02AB03
DURITAL,durital,G04CB02,G04CB02
DURLEVATEC,durlevatec,N02AE01,N02AE01
DUROGESIC,durogesic,N02AB03,N02AB03
DURONITRIN,duronitrin,C01DA14,C01DA14
DUSPATAL,duspatal,A03AA04,A03AA04
DUTAS,dutas,G04CB02,G04CB02
DUTASTERIDE ACCORD,dutasteride accord,G04CB02,G04CB02
DUTASTERIDE ALTER,dutasteride alter,G04CB02,G04CB02
DUTASTERIDE ARISTO,dutasteride aristo,G04CB02,G04CB02
DUTASTERIDE AUROBINDO,dutasteride aurobindo,G04CB02,G04CB02
DUTASTERIDE DOC GENERICI,dutasteride doc generici,G04CB02,G04CB02
DUTASTERIDE E TAMSULOSINA OLPHA,dutasteride e tamsulosina olpha,G04CA52,G04CA52
DUTASTERIDE EG,dutasteride eg,G04CB02,G04CB02
DUTASTERIDE KRKA,dutasteride krka,G04CB02,G04CB02
DUTASTERIDE MYLAN,dutasteride mylan,G04CB02,G04CB02
DUTASTERIDE OLPHA,dutasteride olpha,G04CB02,G04CB02
DUTASTERIDE PENSA,dutasteride pensa,G04CB02,G04CB02
DUTASTERIDE SANDOZ GMBH,dutasteride sandoz gmbh,G04CB02,G04CB02
DUTASTERIDE TECNIGEN,dutasteride tecnigen,G04CB02,G04CB02
DUTASTERIDE TEVA,dutasteride teva,G04CB02,G04CB02
DUTASTERIDE ZENTIVA,dutasteride zentiva,G04CB02,G04CB02
DUTTAM,duttam,G04CA52,G04CA52
DUVYZAT,duvyzat,M09AX14,M09AX14
DYMAURIC,dymauric,M04AA03,M04AA03
DYMAVIG,dymavig,G04BE08,G04BE08
DYMISTA,dymista,R01AD58,R01AD58
DYNASTAT,dynastat,M01AH04,M01AH04
DYNEXAN,dynexan,N01BB02,N01BB02
DYRUPEG,dyrupeg,L03AA13,L03AA13
DYSLIZET,dyslizet,C10AX09,C10AX09
DYSPORT,dysport,M03AX01,M03AX01
DZUVEO,dzuveo,N01AH03,N01AH03
EBARIC,ebaric,R06AX22,R06AX22
EBASTINA AUROBINDO,ebastina aurobindo,R06AX22,R06AX22
EBASTINA DOC,ebastina doc,R06AX22,R06AX22
EBASTINA EG,ebastina eg,R06AX22,R06AX22
EBASTINA MYLAN PHARMA,ebastina mylan pharma,R06AX22,R06AX22
EBASTINA SANDOZ,ebastina sandoz,R06AX22,R06AX22
EBASTINA TEVA,ebastina teva,R06AX22,R06AX22
EBEL,ebel,V03AX,V03AX
EBGLYSS,ebglyss,D11AH,D11AH
EBILFUMIN,ebilfumin,J05AH02,J05AH02
EBIXA,ebixa,N06DX01,N06DX01
EBRANTIL,ebrantil,C02CA06,C02CA06
EBVALLO,ebvallo,L01XL09,L01XL09
EBYMECT,ebymect,A10BD15,A10BD15
EBYNDO,ebyndo,N02AJ13,N02AJ13
ECALTA,ecalta,J02AX06,J02AX06
ECANSYA,ecansya,L01BC06,L01BC06
ECBIRIO,ecbirio,S01ED51,S01ED51
ECHINACEA,echinacea,V03AX,V03AX
ECHINACEA ANGUSTIFOLIA,echinacea angustifolia,V03AX,V03AX
ECHINACEA COSMOPLEX,echinacea cosmoplex,V03AX,V03AX
ECHINACEAPLUS (SYNERGIPLUS N.107),echinaceaplus (synergiplus n.107),V03AX,V03AX
ECLIPSE,eclipse,C09AA05,C09AA05
ECOCAIN,ecocain,N01BB52|N01BB02,
ECOCILLIN,ecocillin,G01AX14,G01AX14
ECOREX,ecorex,G01AF05|D01AC03,
ECOSTERIL,ecosteril,G01AF05|D01AC03,
ECOVAL,ecoval,D07AC01,D07AC01
ECUBALIN,ecubalin,N02BF02,N02BF02
ECUMENS,ecumens,N06BX03,N06BX03
ECUTIN,ecutin,N06AB05,N06AB05
EDARBI,edarbi,C09CA09,C09CA09
EDENIL,edenil,G02CC01,G02CC01
EDERA DR. THEISS,edera dr. theiss,R05CA,R05CA
EDEVEN C.M.,edeven c.m.,M02AC,M02AC
EDEVEXIN,edevexin,C05CX,C05CX
EDISTRIDE,edistride,A10BK01,A10BK01
EDOXABAN DR. REDDY'S,edoxaban dr. reddy's,B01AF03,B01AF03
EDOXABAN SANDOZ,edoxaban sandoz,B01AF03,B01AF03
EDOXABAN TEVA,edoxaban teva,B01AF03,B01AF03
EDOXABAN ZENTIVA,edoxaban zentiva,B01AF03,B01AF03
EDRONAX,edronax,N06AX18,N06AX18
EDURANT,edurant,J05AG05,J05AG05
EFACTI,efacti,D11AX22,D11AX22
EFAVIRENZ / EMTRICITABINA / TENOFOVIR DISOPROXIL MYLAN,efavirenz / emtricitabina / tenofovir disoproxil mylan,J05AR06,J05AR06
EFAVIRENZ / EMTRICITABINA / TENOFOVIR DISOPROXIL ZENTIVA,efavirenz / emtricitabina / tenofovir disoproxil zentiva,J05AR06,J05AR06
EFAVIRENZ AUROBINDO,efavirenz aurobindo,J05AG03,J05AG03
EFAVIRENZ E EMTRICITABINA E TENOFOVIR DISOPROXIL AUROBINDO,efavirenz e emtricitabina e tenofovir disoproxil aurobindo,J05AR06,J05AR06
EFAVIRENZ TEVA,efavirenz teva,J05AG03,J05AG03
EFAVIRENZ/EMTRICITABINA/TENOFOVIR DISOPROXIL KRKA,efavirenz/emtricitabina/tenofovir disoproxil krka,J05AR06,J05AR06
EFAVIRENZ/EMTRICITABINA/TENOFOVIR DISOPROXIL ZENTIVA K.S.,efavirenz/emtricitabina/tenofovir disoproxil zentiva k.s.,J05AR06,J05AR06
EFDEGE,efdege,V09IX04,V09IX04
EFEDRINA AGUETTANT,efedrina aguettant,C01CA26,C01CA26
EFEDRINA CLORIDRATO GALENICA SENESE,efedrina cloridrato galenica senese,C01CA26,C01CA26
EFEDRINA CLORIDRATO MONICO,efedrina cloridrato monico,C01CA26,C01CA26
EFEDRINA CLORIDRATO S.A.L.F.,efedrina cloridrato s.a.l.f.,C01CA26,C01CA26
EFESTAD,efestad,R06AX27,R06AX27
EFEXOR,efexor,N06AX16,N06AX16
EFFENTORA,effentora,N02AB03,N02AB03
EFFERALCAPS,efferalcaps,N02BE01,N02BE01
EFFERALGAN,efferalgan,N02BE01|N02BE51,
EFFERALGAN .,efferalgan .,N02BE01,N02BE01
EFFERALGAN FEBBRE E CONGESTIONE NASALE,efferalgan febbre e congestione nasale,N02BE71|N02BE51,
EFFERALGAN INFLUENZA E RAFFREDDORE,efferalgan influenza e raffreddore,N02BE51,N02BE51
EFFERALGANMED,efferalganmed,N02BE01,N02BE01
EFFERALGO,efferalgo,N02BE01,N02BE01
EFFERAMOL,efferamol,N02BE01,N02BE01
EFFICIB,efficib,A10BD07,A10BD07
EFFIMIA,effimia,G03AA11,G03AA11
EFFIPREV,effiprev,G03AA16,G03AA16
EFFORTIL,effortil,C01CA01,C01CA01
EFIENT,efient,B01AC22,B01AC22
EFLUELDA,efluelda,J07BB02,J07BB02
EFLUELDA TETRA,efluelda tetra,J07BB02,J07BB02
EFMODY,efmody,H02AB09,H02AB09
EFRACEA,efracea,J01AA02,J01AA02
EFRIDOL,efridol,M01AX17,M01AX17
EFRIVIRALLABIALE,efrivirallabiale,D06BB03,D06BB03
EFTRY,eftry,J01DD04,J01DD04
EGERIAN,egerian,D07CC01,D07CC01
EGINA,egina,G03AA12,G03AA12
EGOGYN,egogyn,G03AA07,G03AA07
EIREN,eiren,M01AE01,M01AE01
EIYZEY,eiyzey,S01LA05,S01LA05
EKLIRA GENUAIR,eklira genuair,R03BB05,R03BB05
EKTERLY,ekterly,B06AC08,B06AC08
EKZEM,ekzem,S02BA08,S02BA08
ELADYNOS,eladynos,H05AA04,H05AA04
ELAHERE,elahere,L01FX26,L01FX26
ELAN,elan,C01DA14,C01DA14
ELAPRASE,elaprase,A16AB09,A16AB09
ELATREX,elatrex,N02AA55,N02AA55
ELAZOR,elazor,J02AC01,J02AC01
ELDISINE,eldisine,L01CA03,L01CA03
ELEBRATO ELLIPTA,elebrato ellipta,R03AL08,R03AL08
ELEKTRA,elektra,C09BA02,C09BA02
ELETRIPTAN AUROBINDO,eletriptan aurobindo,N02CC06,N02CC06
ELETRIPTAN DOC GENERICI,eletriptan doc generici,N02CC06,N02CC06
ELETRIPTAN EG,eletriptan eg,N02CC06,N02CC06
ELETRIPTAN MYLAN,eletriptan mylan,N02CC06,N02CC06
ELETRIPTAN TEVA,eletriptan teva,N02CC06,N02CC06
ELETRIPTAN VIATRIS,eletriptan viatris,N02CC06,N02CC06
ELETTROLITICA BILANCIATA DI MANTENIMENTO CON GLUCOSIO BAXTER,elettrolitica bilanciata di mantenimento con glucosio baxter,B05BB02,B05BB02
ELETTROLITICA BILANCIATA DI MANTENIMENTO CON GLUCOSIO BIOINDUSTRIA L.I.M.,elettrolitica bilanciata di mantenimento con glucosio bioindustria l.i.m.,B05BB02,B05BB02
ELETTROLITICA BILANCIATA DI MANTENIMENTO CON GLUCOSIO FKI,elettrolitica bilanciata di mantenimento con glucosio fki,B05BB02,B05BB02
ELETTROLITICA BILANCIATA DI MANTENIMENTO CON GLUCOSIO GALENICA SENESE,elettrolitica bilanciata di mantenimento con glucosio galenica senese,B05BB01,B05BB01
ELETTROLITICA BILANCIATA DI MANTENIMENTO CON GLUCOSIO MONICO,elettrolitica bilanciata di mantenimento con glucosio monico,B05BB02,B05BB02
ELETTROLITICA BILANCIATA DI MANTENIMENTO CON GLUCOSIO S.A.L.F.,elettrolitica bilanciata di mantenimento con glucosio s.a.l.f.,B05BB02,B05BB02
ELETTROLITICA DI MANTENIMENTO CON GLUCOSIO GALENICA SENESE,elettrolitica di mantenimento con glucosio galenica senese,B05BB02,B05BB02
ELETTROLITICA DI REINTEGRAZIONE CON GLUCOSIO E SODIO GLUCONATO FKI,elettrolitica di reintegrazione con glucosio e sodio gluconato fki,B05BB02,B05BB02
ELETTROLITICA DI REINTEGRAZIONE CON GLUCOSIO E SODIO GLUCONATO GALENICA SENESE,elettrolitica di reintegrazione con glucosio e sodio gluconato galenica senese,B05BB02,B05BB02
ELETTROLITICA DI REINTEGRAZIONE CON GLUCOSIO E SODIO GLUCONATO MONICO,elettrolitica di reintegrazione con glucosio e sodio gluconato monico,B05BB02,B05BB02
"ELETTROLITICA DI REINTEGRAZIONE CON POTASSIO, GLUCOSIO E SODIO GLUCONATO FKI","elettrolitica di reintegrazione con potassio, glucosio e sodio gluconato fki",B05BB02,B05BB02
"ELETTROLITICA DI REINTEGRAZIONE CON POTASSIO, GLUCOSIO E SODIO GLUCONATO GALENICA SENESE","elettrolitica di reintegrazione con potassio, glucosio e sodio gluconato galenica senese",B05BB02,B05BB02
"ELETTROLITICA DI REINTEGRAZIONE CON POTASSIO, GLUCOSIO E SODIO GLUCONATO MONICO","elettrolitica di reintegrazione con potassio, glucosio e sodio gluconato monico",B05BB02,B05BB02
ELETTROLITICA DI REINTEGRAZIONE CON SODIO GLUCONATO BAXTER,elettrolitica di reintegrazione con sodio gluconato baxter,B05BB01,B05BB01
ELETTROLITICA DI REINTEGRAZIONE CON SODIO GLUCONATO BIOINDUSTRIA L.I.M.,elettrolitica di reintegrazione con sodio gluconato bioindustria l.i.m.,B05BB01,B05BB01
ELETTROLITICA DI REINTEGRAZIONE CON SODIO GLUCONATO FKI,elettrolitica di reintegrazione con sodio gluconato fki,B05BB01,B05BB01
ELETTROLITICA DI REINTEGRAZIONE CON SODIO GLUCONATO GALENICA SENESE,elettrolitica di reintegrazione con sodio gluconato galenica senese,B05BB01,B05BB01
ELETTROLITICA DI REINTEGRAZIONE CON SODIO GLUCONATO MONICO,elettrolitica di reintegrazione con sodio gluconato monico,B05BB01,B05BB01
ELETTROLITICA DI REINTEGRAZIONE CON SODIO GLUCONATO S.A.L.F.,elettrolitica di reintegrazione con sodio gluconato s.a.l.f.,B05BB01,B05BB01
"ELETTROLITICA DI REINTEGRAZIONE PH 7,4 CON SODIO GLUCONATO FKI","elettrolitica di reintegrazione ph 7,4 con sodio gluconato fki",B05BB01,B05BB01
ELETTROLITICA DI REINTEGRAZIONE PH 7.4 CON SODIO GLUCONATO MONICO,elettrolitica di reintegrazione ph 7.4 con sodio gluconato monico,B05BB01,B05BB01
ELETTROLITICA EQUILIBRATA ENTERICA FKI,elettrolitica equilibrata enterica fki,B05BB01,B05BB01
ELETTROLITICA EQUILIBRATA ENTERICA MONICO,elettrolitica equilibrata enterica monico,B05BB01,B05BB01
ELETTROLITICA EQUILIBRATA GASTRICA MONICO,elettrolitica equilibrata gastrica monico,B05BB01,B05BB01
ELETTROLITICA EQUILIBRATA PEDIATRICA BAXTER,elettrolitica equilibrata pediatrica baxter,B05BB02,B05BB02
ELETTROLITICA EQUILIBRATA PEDIATRICA BIOINDUSTRIA L.I.M.,elettrolitica equilibrata pediatrica bioindustria l.i.m.,B05BB02,B05BB02
ELETTROLITICA EQUILIBRATA PEDIATRICA FKI,elettrolitica equilibrata pediatrica fki,B05BB02,B05BB02
ELETTROLITICA EQUILIBRATA PEDIATRICA GALENICA SENESE,elettrolitica equilibrata pediatrica galenica senese,B05BB02,B05BB02
ELETTROLITICA EQUILIBRATA PEDIATRICA MONICO,elettrolitica equilibrata pediatrica monico,B05BB02,B05BB02
ELETTROLITICA EQUILIBRATA PEDIATRICA S.A.L.F.,elettrolitica equilibrata pediatrica s.a.l.f.,B05BB02,B05BB02
ELETTROLITICA REIDR GLUCOSIO E CALCIO GLUCONATO,elettrolitica reidr glucosio e calcio gluconato,B05BB02,B05BB02
ELETTROLITICA REIDRATANTE BAXTER,elettrolitica reidratante baxter,B05BB01,B05BB01
ELETTROLITICA REIDRATANTE BIOINDUSTRIA L.I.M.,elettrolitica reidratante bioindustria l.i.m.,B05BB01,B05BB01
ELETTROLITICA REIDRATANTE CON GLUCOSIO E CALCIO GLUCONATO FKI,elettrolitica reidratante con glucosio e calcio gluconato fki,B05BB02,B05BB02
ELETTROLITICA REIDRATANTE CON GLUCOSIO E CALCIO GLUCONATO MONICO,elettrolitica reidratante con glucosio e calcio gluconato monico,B05BB02,B05BB02
ELETTROLITICA REIDRATANTE CON GLUCOSIO E CALCIO GLUCONATO S.A.L.F.,elettrolitica reidratante con glucosio e calcio gluconato s.a.l.f.,B05BB02,B05BB02
ELETTROLITICA REIDRATANTE CON GLUCOSIO FKI,elettrolitica reidratante con glucosio fki,B05BB02,B05BB02
ELETTROLITICA REIDRATANTE CON GLUCOSIO MONICO,elettrolitica reidratante con glucosio monico,B05BB02,B05BB02
ELETTROLITICA REIDRATANTE DIACO,elettrolitica reidratante diaco,B05BB01,B05BB01
ELETTROLITICA REIDRATANTE FKI,elettrolitica reidratante fki,B05BB01,B05BB01
ELETTROLITICA REIDRATANTE GALENICA SENESE,elettrolitica reidratante galenica senese,B05BB01,B05BB01
ELETTROLITICA REIDRATANTE MONICO,elettrolitica reidratante monico,B05BB01,B05BB01
ELETTROLITICA REIDRATANTE S.A.L.F.,elettrolitica reidratante s.a.l.f.,B05BB01,B05BB01
ELFABRIO,elfabrio,A16AB20,A16AB20
ELIDEL,elidel,D11AH02,D11AH02
ELIGARD,eligard,L02AE02,L02AE02
ELIHIB,elihib,B01AF02,B01AF02
ELIOSID,eliosid,R03BA03,R03BA03
ELIPSODOX,elipsodox,N02AA55,N02AA55
ELIQUIS,eliquis,B01AF02,B01AF02
ELITEN,eliten,C09AA09,C09AA09
ELLAONE,ellaone,G03AD02,G03AD02
ELLEBAX,ellebax,B01AF01,B01AF01
ELLECOS,ellecos,G01AF02,G01AF02
ELLEPALMIRON,ellepalmiron,N07BC05,N07BC05
ELMEX,elmex,A01AA30,A01AA30
ELMIRON,elmiron,G04BX15,G04BX15
ELOCON,elocon,D07AC13,D07AC13
ELOCTA,elocta,B02BD02,B02BD02
ELONTRIL,elontril,N06AX12,N06AX12
ELONVA,elonva,G03GA09,G03GA09
ELOPRAM,elopram,N06AB04,N06AB04
ELREVOLAN,elrevolan,B02BX05,B02BX05
ELREXFIO,elrexfio,L01FX32,L01FX32
ELTAIR,eltair,R01AD05,R01AD05
ELTAIRNEB,eltairneb,R03BA02,R03BA02
ELTROMBOPAG ABDI,eltrombopag abdi,B02BX05,B02BX05
ELTROMBOPAG ACCORD,eltrombopag accord,B02BX05,B02BX05
ELTROMBOPAG CIPLA,eltrombopag cipla,B02BX05,B02BX05
ELTROMBOPAG DR. REDDY?S,eltrombopag dr. reddy?s,B02BX05,B02BX05
ELTROMBOPAG EG,eltrombopag eg,B02BX05,B02BX05
ELTROMBOPAG EVER PHARMA,eltrombopag ever pharma,B02BX05,B02BX05
ELTROMBOPAG GLENMARK,eltrombopag glenmark,B02BX05,B02BX05
ELTROMBOPAG KRKA,eltrombopag krka,B02BX05,B02BX05
ELTROMBOPAG MEDAC,eltrombopag medac,B02BX05,B02BX05
ELTROMBOPAG OLPHA,eltrombopag olpha,B02BX05,B02BX05
ELTROMBOPAG TEVA,eltrombopag teva,B02BX05,B02BX05
ELTROMBOPAG VIATRIS,eltrombopag viatris,B02BX05,B02BX05
ELTROMBOPAG VIVANTA,eltrombopag vivanta,B02BX05,B02BX05
ELTROMBOPAG ZENTIVA,eltrombopag zentiva,B02BX05,B02BX05
ELUCIREM,elucirem,V08CA12,V08CA12
ELUNKAST,elunkast,R03DC03,R03DC03
ELUTATIS,elutatis,G04BE09,G04BE09
ELYMBUS,elymbus,S01EE03,S01EE03
ELYORA,elyora,G03DB08,G03DB08
ELZONRIS,elzonris,L01XX67,L01XX67
EMADINE,emadine,S01GX06,S01GX06
EMAGEL,emagel,B05AA06,B05AA06
EMBAGYN,embagyn,R06AA59,R06AA59
EMBLAVEO,emblaveo,J01DF51,J01DF51
EMBRIONE,embrione,V03AX,V03AX
EMCITATE,emcitate,H03AA04,H03AA04
EMEND,emend,A04AD12,A04AD12
EMGALITY,emgality,N02CD02,N02CD02
EMINOCS,eminocs,M01AB05,M01AB05
EMIRIZIA,emirizia,N02CC04,N02CC04
EMISTOP,emistop,A04AA01,A04AA01
EMLA,emla,N01BB20|N01BB52,
EMMARIN,emmarin,R01AD09,R01AD09
EMMETRE,emmetre,A03AA,A03AA
EMOCLOT,emoclot,B02BD02,B02BD02
EMORRIL,emorril,C05AA01,C05AA01
EMOSINT,emosint,H01BA02,H01BA02
EMOWIL,emowil,B02BD02,B02BD02
EMPLICITI,empliciti,L01FX08,L01FX08
EMPRESSIN,empressin,H01BA01,H01BA01
EMTRICITABINA E TENOFOVIR ALAFENAMIDE ZENTIVA,emtricitabina e tenofovir alafenamide zentiva,J05AR17,J05AR17
EMTRICITABINA E TENOFOVIR DISOPROXIL AEQUILIBRIUM PHARMA,emtricitabina e tenofovir disoproxil aequilibrium pharma,J05AR03,J05AR03
EMTRICITABINA E TENOFOVIR DISOPROXIL AUROBINDO,emtricitabina e tenofovir disoproxil aurobindo,J05AR03,J05AR03
EMTRICITABINA E TENOFOVIR DISOPROXIL DOC GENERICI,emtricitabina e tenofovir disoproxil doc generici,J05AR03,J05AR03
EMTRICITABINA E TENOFOVIR DISOPROXIL TEVA,emtricitabina e tenofovir disoproxil teva,J05AR03,J05AR03
EMTRICITABINA/RILPIVIRINA/TENOFOVIR ALAFENAMIDE VIATRIS,emtricitabina/rilpivirina/tenofovir alafenamide viatris,J05AR19,J05AR19
EMTRICITABINA/TENOFOVIR ALAFENAMIDE VIATRIS,emtricitabina/tenofovir alafenamide viatris,J05AR17,J05AR17
EMTRICITABINA/TENOFOVIR DISOPROXIL KRKA,emtricitabina/tenofovir disoproxil krka,J05AR03,J05AR03
EMTRICITABINA/TENOFOVIR DISOPROXIL KRKA D.D.,emtricitabina/tenofovir disoproxil krka d.d.,J05AR03,J05AR03
EMTRICITABINA/TENOFOVIR DISOPROXIL MYLAN,emtricitabina/tenofovir disoproxil mylan,J05AR03,J05AR03
EMTRICITABINA/TENOFOVIR DISOPROXIL ZENTIVA,emtricitabina/tenofovir disoproxil zentiva,J05AR03,J05AR03
EMTRIVA,emtriva,J05AF09,J05AF09
EMULPREA,emulprea,D07AC14,D07AC14
EMYLIF,emylif,N07XX02,N07XX02
EN,en,N05BA,N05BA
ENALAPRIL ALMUS,enalapril almus,C09AA02,C09AA02
ENALAPRIL AUROBINDO PHARMA ITALIA,enalapril aurobindo pharma italia,C09AA02,C09AA02
ENALAPRIL DOC,enalapril doc,C09AA02,C09AA02
ENALAPRIL E IDROCLOROTIAZIDE ALTER,enalapril e idroclorotiazide alter,C09BA02,C09BA02
ENALAPRIL E IDROCLOROTIAZIDE DOC GENERICI,enalapril e idroclorotiazide doc generici,C09BA02,C09BA02
ENALAPRIL E IDROCLOROTIAZIDE MYLAN,enalapril e idroclorotiazide mylan,C09BA02,C09BA02
ENALAPRIL E IDROCLOROTIAZIDE PENSA,enalapril e idroclorotiazide pensa,C09BA02,C09BA02
ENALAPRIL E LERCANIDIPINA DOC,enalapril e lercanidipina doc,C09BB02,C09BB02
ENALAPRIL E LERCANIDIPINA EG,enalapril e lercanidipina eg,C09BB02,C09BB02
ENALAPRIL E LERCANIDIPINA EG STADA,enalapril e lercanidipina eg stada,C09BB02,C09BB02
ENALAPRIL E LERCANIDIPINA KRKA,enalapril e lercanidipina krka,C09BB02,C09BB02
ENALAPRIL E LERCANIDIPINA MYLAN,enalapril e lercanidipina mylan,C09BB02,C09BB02
ENALAPRIL E LERCANIDIPINA MYLAN PHARMA,enalapril e lercanidipina mylan pharma,C09BB02,C09BB02
ENALAPRIL E LERCANIDIPINA TEVA,enalapril e lercanidipina teva,C09BB02,C09BB02
ENALAPRIL E LERCANIDIPINA ZENTIVA,enalapril e lercanidipina zentiva,C09BB02,C09BB02
ENALAPRIL E LERCANIDIPINA ZENTIVA ITALIA,enalapril e lercanidipina zentiva italia,C09BB02,C09BB02
ENALAPRIL EG,enalapril eg,C09AA02,C09AA02
ENALAPRIL IDROCLOROTIAZIDE EG,enalapril idroclorotiazide eg,C09BA02,C09BA02
ENALAPRIL IDROCLOROTIAZIDE HEXAL,enalapril idroclorotiazide hexal,C09BA02,C09BA02
ENALAPRIL IDROCLOROTIAZIDE HEXAL AG,enalapril idroclorotiazide hexal ag,C09BA02,C09BA02
ENALAPRIL IDROCLOROTIAZIDE RATIOPHARM,enalapril idroclorotiazide ratiopharm,C09BA02,C09BA02
ENALAPRIL IDROCLOROTIAZIDE SANDOZ,enalapril idroclorotiazide sandoz,C09BA02,C09BA02
ENALAPRIL IDROCLOROTIAZIDE SANDOZ GMBH,enalapril idroclorotiazide sandoz gmbh,C09BA02,C09BA02
ENALAPRIL MYLAN GENERICS,enalapril mylan generics,C09AA02,C09AA02
ENALAPRIL PENSA,enalapril pensa,C09AA02,C09AA02
ENALAPRIL SANDOZ,enalapril sandoz,C09AA02,C09AA02
ENALAPRIL TEVA ITALIA,enalapril teva italia,C09AA02,C09AA02
ENALAPRIL ZENTIVA,enalapril zentiva,C09AA02,C09AA02
ENALAPRIL/IDROCLOROTIAZIDE EG STADA,enalapril/idroclorotiazide eg stada,C09BA02,C09BA02
ENANTONE,enantone,L02AE02,L02AE02
ENANTYUM,enantyum,M01AE17,M01AE17
ENAPREN,enapren,C09AA02,C09AA02
ENBREL,enbrel,L04AB01,L04AB01
ENDODIEN,endodien,G03DB08,G03DB08
ENDOLAC,endolac,A07FA01,A07FA01
ENDOLUCINBETA,endolucinbeta,V10X,V10X
ENDOPROST,endoprost,B01AC11,B01AC11
ENDOVELLE,endovelle,G03DB08,G03DB08
ENDOXAN BAXTER,endoxan baxter,L01AA01,L01AA01
ENEFIN,enefin,C09BA02,C09BA02
ENEMAC,enemac,A06AG01,A06AG01
ENERZAIR BREEZHALER,enerzair breezhaler,R03AL12,R03AL12
ENGERIX B,engerix b,J07BC01,J07BC01
ENHERTU,enhertu,L01FD04,L01FD04
ENJAYMO,enjaymo,L04AJ04,L04AJ04
ENOXAPARINA LEDRAXEN,enoxaparina ledraxen,B01AB05,B01AB05
ENOXAPARINA ROVI,enoxaparina rovi,B01AB05,B01AB05
ENRYLAZE,enrylaze,L01XX02,L01XX02
ENSPRYNG,enspryng,L04AC19,L04AC19
ENSTILAR,enstilar,D05AX52,D05AX52
ENTACT,entact,N06AB10,N06AB10
ENTECAVIR ACCORD,entecavir accord,J05AF10,J05AF10
ENTECAVIR ARISTO,entecavir aristo,J05AF10,J05AF10
ENTECAVIR AUROBINDO,entecavir aurobindo,J05AF10,J05AF10
ENTECAVIR DOC,entecavir doc,J05AF10,J05AF10
ENTECAVIR KABI,entecavir kabi,J05AF10,J05AF10
ENTECAVIR SANDOZ,entecavir sandoz,J05AF10,J05AF10
ENTECAVIR SUN,entecavir sun,J05AF10,J05AF10
ENTECAVIR TEVA,entecavir teva,J05AF10,J05AF10
ENTECAVIR VIATRIS,entecavir viatris,J05AF10,J05AF10
ENTEGLOCK,enteglock,S01ED51,S01ED51
ENTEROGERMINA,enterogermina,A07FA,A07FA
ENTEROGERMINA.,enterogermina.,A07FA,A07FA
ENTOCIR,entocir,A07EA06,A07EA06
ENTRESTO,entresto,C09DX04,C09DX04
ENTUMIN,entumin,N05AH06,N05AH06
ENTYVIO,entyvio,L04AG05,L04AG05
ENUREV BREEZHALER,enurev breezhaler,R03BB06,R03BB06
ENVARSUS,envarsus,L04AD02,L04AD02
ENVITAVIT,envitavit,B05XC,B05XC
ENWYLMA,enwylma,M05BX04,M05BX04
ENYGLID,enyglid,A10BX02,A10BX02
ENZALUTAMIDE ACCORD,enzalutamide accord,L02BB04,L02BB04
ENZALUTAMIDE ACCORDPHARMA,enzalutamide accordpharma,L02BB04,L02BB04
ENZALUTAMIDE EG,enzalutamide eg,L02BB04,L02BB04
ENZALUTAMIDE SANDOZ,enzalutamide sandoz,L02BB04,L02BB04
ENZALUTAMIDE SANDOZ GMBH,enzalutamide sandoz gmbh,L02BB04,L02BB04
ENZALUTAMIDE TEVA,enzalutamide teva,L02BB04,L02BB04
ENZALUTAMIDE VIATRIS,enzalutamide viatris,L02BB04,L02BB04
ENZALUTAMIDE ZENTIVA,enzalutamide zentiva,L02BB04,L02BB04
ENZAVER,enzaver,N07CA52,N07CA52
EOSINA NA,eosina na,D08AX02,D08AX02
EOSINA PHARMA TRENTA,eosina pharma trenta,D08AX02,D08AX02
EOXIN,eoxin,J01MA02,J01MA02
EPACLOB,epaclob,N05BA09,N05BA09
EPALFEN EPS,epalfen eps,A06AD11,A06AD11
EPARGRISEOVIT,epargriseovit,A11JA,A11JA
EPARINA VISTER,eparina vister,B01AB01,B01AB01
EPARMEFOLIN,eparmefolin,B03BA51,B03BA51
EPAVITEN,epaviten,A11JA,A11JA
EPCLUSA,epclusa,J05AP55|J05AX69,
EPHEDRA VULGARIS DYNAMIS,ephedra vulgaris dynamis,V03AX,V03AX
EPIDUO,epiduo,D10AD53,D10AD53
EPIDYOLEX,epidyolex,N03AX24,N03AX24
EPIFLOXIN,epifloxin,J01MA12,J01MA12
EPILAX,epilax,A06AG04|A06AX01,
EPINITRIL,epinitril,C01DA02,C01DA02
EPIRUBICINA AHCL,epirubicina ahcl,L01DB03,L01DB03
EPIRUBICINA HIKMA,epirubicina hikma,L01DB03,L01DB03
EPIRUBICINA TEVA,epirubicina teva,L01DB03,L01DB03
EPISTATUS,epistatus,N05CD08,N05CD08
EPITIRAM,epitiram,N03AX14,N03AX14
EPIVIR,epivir,J05AF05,J05AF05
EPLERENONE ACCORD,eplerenone accord,C03DA04,C03DA04
EPLERENONE DOC GENERICI,eplerenone doc generici,C03DA04,C03DA04
EPLERENONE KRKA,eplerenone krka,C03DA04,C03DA04
EPLERENONE MYLAN,eplerenone mylan,C03DA04,C03DA04
EPLERENONE TECNIGEN,eplerenone tecnigen,C03DA04,C03DA04
EPORATIO,eporatio,B03XA01,B03XA01
EPREX,eprex,B03XA01,B03XA01
EPRUVY,epruvy,S01LA04,S01LA04
EPSOCLAR,epsoclar,B01AB01,B01AB01
EPSODILAVE,epsodilave,B01AB01,B01AB01
EPSTEIN-BARR VIRUS,epstein-barr virus,V03AX,V03AX
EPTADONE,eptadone,N07BC02,N07BC02
EPTAVIS,eptavis,A07FA01,A07FA01
EPTIFIBATIDE ACCORD,eptifibatide accord,B01AC16,B01AC16
EPTIFIBATIDE ALIDA,eptifibatide alida,B01AC16,B01AC16
EPYSQLI,epysqli,L04AJ01,L04AJ01
EQUASYM,equasym,N06BA04,N06BA04
EQUIBALANCE,equibalance,B05DB,B05DB
EQUIMET,equimet,R01AA05,R01AA05
EQUINGAM,equingam,L04AA03,L04AA03
EQUISETUM ARVENSE,equisetum arvense,V03AX,V03AX
EQUISETUM ARVENSIS,equisetum arvensis,V03AX,V03AX
EQUITON,equiton,S01ED51,S01ED51
EQUIVERA,equivera,B05DB,B05DB
ERAXITRON,eraxitron,J01DD04,J01DD04
ERBITUX,erbitux,L01FE01,L01FE01
ERDOTIN,erdotin,R05CB15,R05CB15
ERELZI,erelzi,L04AB01,L04AB01
ERIBULIN BAXTER,eribulin baxter,L01XX41,L01XX41
ERIBULINA ADVANZ PHARMA,eribulina advanz pharma,L01XX41,L01XX41
ERIBULINA EG,eribulina eg,L01XX41,L01XX41
ERIBULINA EVER PHARMA,eribulina ever pharma,L01XX41,L01XX41
ERIBULINA GLENMARK,eribulina glenmark,L01XX41,L01XX41
ERIBULINA VIATRIS,eribulina viatris,L01XX41,L01XX41
ERIBULINA ZENTIVA,eribulina zentiva,L01XX41,L01XX41
ERIGERON CANADENSIS DYNAMIS,erigeron canadensis dynamis,V03AX,V03AX
ERIMPOX,erimpox,B01AF02,B01AF02
ERISTROL,eristrol,L02BG03,L02BG03
ERITROMICINA IDI,eritromicina idi,D10AF02,D10AF02
ERITROMICINA LATTOBIONATO FISIOPHARMA,eritromicina lattobionato fisiopharma,J01FA01,J01FA01
ERIVEDGE,erivedge,L01XJ01,L01XJ01
ERLEADA,erleada,L02BB05,L02BB05
ERLOTINIB MYLAN,erlotinib mylan,L01EB02,L01EB02
ERLOTINIB SANDOZ,erlotinib sandoz,L01EB02,L01EB02
ERLOTINIB TILLOMED,erlotinib tillomed,L01EB02,L01EB02
ERMES,ermes,A02BC03,A02BC03
ERREFLOG,erreflog,M02AA26,M02AA26
ERREMAN,erreman,C08CA11,C08CA11
ERTAPENEM ACS DOBFAR,ertapenem acs dobfar,J01DH03,J01DH03
ERTAPENEM AUROBINDO,ertapenem aurobindo,J01DH03,J01DH03
ERTAPENEM HIKMA,ertapenem hikma,J01DH03,J01DH03
ERTAPENEM QILU,ertapenem qilu,J01DH03,J01DH03
ERTAPENEM STERISCIENCE,ertapenem steriscience,J01DH03,J01DH03
ERTAPENEM SUN,ertapenem sun,J01DH03,J01DH03
ERVEBO,ervebo,J07BX02,J07BX02
ESAFOSFINA,esafosfina,C01EB07,C01EB07
ESAPENT,esapent,C10AX06,C10AX06
ESBRIET,esbriet,L04AX05,L04AX05
ESCAPELLE,escapelle,G03AD01,G03AD01
ESCERTAL,escertal,N06AB10,N06AB10
ESCITALOPRAM ACCORD,escitalopram accord,N06AB10,N06AB10
ESCITALOPRAM ALTER,escitalopram alter,N06AB10,N06AB10
ESCITALOPRAM AUROBINDO,escitalopram aurobindo,N06AB10,N06AB10
ESCITALOPRAM DOC,escitalopram doc,N06AB10,N06AB10
ESCITALOPRAM DOC GENERICI,escitalopram doc generici,N06AB10,N06AB10
ESCITALOPRAM DOC GENERICS,escitalopram doc generics,N06AB10,N06AB10
ESCITALOPRAM EG,escitalopram eg,N06AB10,N06AB10
ESCITALOPRAM EG STADA,escitalopram eg stada,N06AB10,N06AB10
ESCITALOPRAM EG STADA ITALIA,escitalopram eg stada italia,N06AB10,N06AB10
ESCITALOPRAM KRKA,escitalopram krka,N06AB10,N06AB10
ESCITALOPRAM LABORATORI ALTER,escitalopram laboratori alter,N06AB10,N06AB10
ESCITALOPRAM MEDREG,escitalopram medreg,N06AB10,N06AB10
ESCITALOPRAM MYLAN,escitalopram mylan,N06AB10,N06AB10
ESCITALOPRAM MYLAN GENERICS,escitalopram mylan generics,N06AB10,N06AB10
ESCITALOPRAM PENSA,escitalopram pensa,N06AB10,N06AB10
ESCITALOPRAM PENSA PHARMA,escitalopram pensa pharma,N06AB10,N06AB10
ESCITALOPRAM SANDOZ,escitalopram sandoz,N06AB10,N06AB10
ESCITALOPRAM SANDOZ GMBH,escitalopram sandoz gmbh,N06AB10,N06AB10
ESCITALOPRAM SUN,escitalopram sun,N06AB10,N06AB10
ESCITALOPRAM TECNIGEN,escitalopram tecnigen,N06AB10,N06AB10
ESCITALOPRAM TECNIGEN ITALIA,escitalopram tecnigen italia,N06AB10,N06AB10
ESCITALOPRAM TEVA,escitalopram teva,N06AB10,N06AB10
ESCITALOPRAM TEVA GENERICS,escitalopram teva generics,N06AB10,N06AB10
ESCITALOPRAM ZENTIVA,escitalopram zentiva,N06AB10,N06AB10
ESCITALOPRAM ZENTIVA ITALIA,escitalopram zentiva italia,N06AB10,N06AB10
ESIDREX,esidrex,C03AA03,C03AA03
ESILGAN,esilgan,N05CD04,N05CD04
ESKIM,eskim,C10AX06,C10AX06
ESLICARBAZEPINA ACETATO AUROBINDO,eslicarbazepina acetato aurobindo,N03AF04,N03AF04
ESLICARBAZEPINA DOC,eslicarbazepina doc,N03AF04,N03AF04
ESMERON,esmeron,M03AC09,M03AC09
ESMOCARD,esmocard,C07AB09,C07AB09
ESMOLOLO CLORIDRATO HIKMA,esmololo cloridrato hikma,C07AB09,C07AB09
ESMYA,esmya,G03XB02,G03XB02
ESNOXIBEN,esnoxiben,N05CF04,N05CF04
ESODOR,esodor,A02BC05,A02BC05
ESOLUT,esolut,G03DA04,G03DA04
ESOMEFLUX,esomeflux,A02BC05,A02BC05
ESOMENAR,esomenar,A02BC05,A02BC05
ESOMEPRAZOLO ALMUS PHARMA,esomeprazolo almus pharma,A02BC05,A02BC05
ESOMEPRAZOLO ALTER,esomeprazolo alter,A02BC05,A02BC05
ESOMEPRAZOLO AUROBINDO PHARMA,esomeprazolo aurobindo pharma,A02BC05,A02BC05
ESOMEPRAZOLO CIPLA EUROPE,esomeprazolo cipla europe,A02BC05,A02BC05
ESOMEPRAZOLO DEMO,esomeprazolo demo,A02BC05,A02BC05
ESOMEPRAZOLO DOC,esomeprazolo doc,A02BC05,A02BC05
ESOMEPRAZOLO DOC GENERICS,esomeprazolo doc generics,A02BC05,A02BC05
ESOMEPRAZOLO EG,esomeprazolo eg,A02BC05,A02BC05
ESOMEPRAZOLO EG STADA ITALIA,esomeprazolo eg stada italia,A02BC05,A02BC05
ESOMEPRAZOLO ETHYPHARM,esomeprazolo ethypharm,A02BC05,A02BC05
ESOMEPRAZOLO EUROGENERICI,esomeprazolo eurogenerici,A02BC05,A02BC05
ESOMEPRAZOLO GIT,esomeprazolo git,A02BC05,A02BC05
ESOMEPRAZOLO KRKA,esomeprazolo krka,A02BC05,A02BC05
ESOMEPRAZOLO MYLAN GENERICS,esomeprazolo mylan generics,A02BC05,A02BC05
ESOMEPRAZOLO MYLAN GENERICS ITALIA,esomeprazolo mylan generics italia,A02BC05,A02BC05
ESOMEPRAZOLO PENSA PHARMA,esomeprazolo pensa pharma,A02BC05,A02BC05
ESOMEPRAZOLO PHARMACARE,esomeprazolo pharmacare,A02BC05,A02BC05
ESOMEPRAZOLO SANDOZ,esomeprazolo sandoz,A02BC05,A02BC05
ESOMEPRAZOLO SANDOZ GMBH,esomeprazolo sandoz gmbh,A02BC05,A02BC05
ESOMEPRAZOLO SUN,esomeprazolo sun,A02BC05,A02BC05
ESOMEPRAZOLO SUN PHARMA,esomeprazolo sun pharma,A02BC05,A02BC05
ESOMEPRAZOLO SUN PHARMACEUTICAL INDUSTRIES (EUROPE) BV,esomeprazolo sun pharmaceutical industries (europe) bv,A02BC05,A02BC05
ESOMEPRAZOLO SUN PHARMACEUTICAL INDUSTRIES LIMITED,esomeprazolo sun pharmaceutical industries limited,A02BC05,A02BC05
ESOMEPRAZOLO TECNIGEN,esomeprazolo tecnigen,A02BC05,A02BC05
ESOMEPRAZOLO TEVA ITALIA,esomeprazolo teva italia,A02BC05,A02BC05
ESOMEPRAZOLO TILLOMED,esomeprazolo tillomed,A02BC05,A02BC05
ESOMEPRAZOLO ZENTIVA,esomeprazolo zentiva,A02BC05,A02BC05
ESOPIR,esopir,A02BC05,A02BC05
ESOPRAL,esopral,A02BC05,A02BC05
ESPERIS,esperis,C05CA53,C05CA53
ESPEROCT,esperoct,B02BD02,B02BD02
ESSAVEN,essaven,C05CX,C05CX
ESTECLIN,esteclin,R05CB15,R05CB15
ESTINETTE,estinette,G03AA10,G03AA10
ESTO,esto,N06BX,N06BX
ESTRADERM MX,estraderm mx,G03CA03,G03CA03
ESTREVA,estreva,G03CA03,G03CA03
ESTRING,estring,G03CA03,G03CA03
ETACORTILEN,etacortilen,S01BA01,S01BA01
ETAPIAM,etapiam,J04AK02,J04AK02
ETASON,etason,H02AB01,H02AB01
ETAZIM,etazim,J01DD02,J01DD02
ETILTOX,etiltox,N07BB01,N07BB01
ETINILESTRADIOLO E DROSPIRENONE DOC,etinilestradiolo e drospirenone doc,G03AA12,G03AA12
ETINILESTRADIOLO E DROSPIRENONE DOC GENERICI,etinilestradiolo e drospirenone doc generici,G03AA12,G03AA12
ETINILESTRADIOLO E DROSPIRENONE DOCGEN,etinilestradiolo e drospirenone docgen,G03AA12,G03AA12
ETOFENAMATO GREENCANGO,etofenamato greencango,M02AA06,M02AA06
ETOPOSIDE ACCORD,etoposide accord,L01CB01,L01CB01
ETOPOSIDE HIKMA,etoposide hikma,L01CB01,L01CB01
ETOPOSIDE SANDOZ,etoposide sandoz,L01CB01,L01CB01
ETOPOSIDE TEVA,etoposide teva,L01CB01,L01CB01
ETORICOXIB ALTER,etoricoxib alter,M01AH05,M01AH05
ETORICOXIB AUROBINDO,etoricoxib aurobindo,M01AH05,M01AH05
ETORICOXIB DOC GENERICI,etoricoxib doc generici,M01AH05,M01AH05
ETORICOXIB EG,etoricoxib eg,M01AH05,M01AH05
ETORICOXIB KRKA,etoricoxib krka,M01AH05,M01AH05
ETORICOXIB MYLAN,etoricoxib mylan,M01AH05,M01AH05
ETORICOXIB PENSA,etoricoxib pensa,M01AH05,M01AH05
ETORICOXIB SANDOZ,etoricoxib sandoz,M01AH05,M01AH05
ETORICOXIB TECNIGEN,etoricoxib tecnigen,M01AH05,M01AH05
ETORICOXIB TEVA,etoricoxib teva,M01AH05,M01AH05
ETORICOXIB ZENTIVA,etoricoxib zentiva,M01AH05,M01AH05
ETOSUCCIMIDE GLENMARK,etosuccimide glenmark,N03AD01,N03AD01
ETRIVEX,etrivex,D07AD01,D07AD01
EUCALYPTUS GLOBULUS DYNAMIS,eucalyptus globulus dynamis,V03AX,V03AX
EUCHESSINA C.M.,euchessina c.m.,A06AB08,A06AB08
EUCLORINA,euclorina,D08AX04,D08AX04
EUCREAS,eucreas,A10BD08,A10BD08
EUGASTROL REFLUSSO,eugastrol reflusso,A02BC02,A02BC02
EUGENIA JAMBOSA,eugenia jambosa,V03AX,V03AX
EUMAT,eumat,M01AB15,M01AB15
EUMOVATE,eumovate,D07AB01,D07AB01
EUPATORIUM PERFOLIATUM,eupatorium perfoliatum,V03AX,V03AX
EUPHORBIA RESINIFERA,euphorbia resinifera,V03AX,V03AX
EUPHRALIA,euphralia,V03AX,V03AX
EUPHRASIA OFFICINALIS,euphrasia officinalis,V03AX,V03AX
EUPHRASIALYR (HOMEOLYR N.4),euphrasialyr (homeolyr n.4),V03AX,V03AX
EURARTESIM,eurartesim,P01BF05,P01BF05
EURAX,eurax,D04AX,D04AX
EURNEFFY,eurneffy,C01CA24,C01CA24
EUROCAL D3,eurocal d3,A12AX,A12AX
EUROFLU,euroflu,R03BA03,R03BA03
EUSOM,eusom,N05CH01,N05CH01
EUSPIDOL GOLA,euspidol gola,A01AD11,A01AD11
EUSPIFLU,euspiflu,N02BA51,N02BA51
EUSTAMYL,eustamyl,S01GX08,S01GX08
EUTIMIL,eutimil,N06AB05,N06AB05
EUTIROX,eutirox,H03AA01,H03AA01
EUTOPIC,eutopic,D06AX07,D06AX07
EVANTE,evante,G03AD02,G03AD02
EVE,eve,G03AA15,G03AA15
EVENITY,evenity,M05BX06,M05BX06
EVEROLIMUS BIOCON,everolimus biocon,L01XE10,L01XE10
EVEROLIMUS ETHYPHARM,everolimus ethypharm,L01EG02,L01EG02
EVEROLIMUS MEDAC,everolimus medac,L01EG02,L01EG02
EVEROLIMUS SANDOZ GMBH,everolimus sandoz gmbh,L01EG02,L01EG02
EVEROLIMUS TAM,everolimus tam,L01EG02,L01EG02
EVFRAXY,evfraxy,M05BX04,M05BX04
EVIPLERA,eviplera,J05AR08,J05AR08
EVISTA,evista,G03XC01,G03XC01
EVKEEZA,evkeeza,C10AX17,C10AX17
EVOLTRA,evoltra,L01BB06,L01BB06
EVOTAZ,evotaz,J05AR15,J05AR15
EVRA,evra,G03AA13,G03AA13
EVRENZO,evrenzo,B03XA05,B03XA05
EVRYSDI,evrysdi,M09AX10,M09AX10
EXAMETASCAN,exametascan,V09AA01,V09AA01
EXBLIFEP,exblifep,J01DE51,J01DE51
EXDENSUR,exdensur,R03DX12,R03DX12
EXEGEN,exegen,L02BG06,L02BG06
EXELON,exelon,N06DA03,N06DA03
EXEMESTANE AUROBINDO ITALIA,exemestane aurobindo italia,L02BG06,L02BG06
EXEMESTANE DOC GENERICI,exemestane doc generici,L02BG06,L02BG06
EXEMESTANE EG,exemestane eg,L02BG06,L02BG06
EXEMESTANE MYLAN GENERICS,exemestane mylan generics,L02BG06,L02BG06
EXEMESTANE SANDOZ,exemestane sandoz,L02BG06,L02BG06
EXEMESTANE TEVA,exemestane teva,L02BG06,L02BG06
EXEMESTANE ZENTIVA,exemestane zentiva,L02BG06,L02BG06
EXFORGE,exforge,C09DB01,C09DB01
EXICORT,exicort,R01AD09,R01AD09
EXJADE,exjade,V03AC03,V03AC03
EXOCIN,exocin,S01AE01,S01AE01
EXORTA,exorta,C10AA07,C10AA07
EXPAREL LIPOSOMAL,exparel liposomal,N01BB01,N01BB01
EXPIROBACTER,expirobacter,V04CX05,V04CX05
EXPOSE,expose,M03BX09,M03BX09
EXTRANEAL,extraneal,B05DA,B05DA
EXTROPLEX,extroplex,L02BG03,L02BG03
EYDENZELT,eydenzelt,S01LA05,S01LA05
EYLEA,eylea,S01LA05,S01LA05
EYROOBI,eyroobi,S01ED51,S01ED51
EZATEROS,ezateros,C10BA06,C10BA06
EZELIP,ezelip,C10AX09,C10AX09
EZEMANTIS,ezemantis,N06DX01,N06DX01
EZEQUA,ezequa,N06AX21,N06AX21
EZETIMIBE ACCORD,ezetimibe accord,C10AX09,C10AX09
EZETIMIBE ALTER,ezetimibe alter,C10AX09,C10AX09
EZETIMIBE ARISTO,ezetimibe aristo,C10AX09,C10AX09
EZETIMIBE AUROBINDO,ezetimibe aurobindo,C10AX09,C10AX09
EZETIMIBE DOC GENERICI,ezetimibe doc generici,C10AX09,C10AX09
EZETIMIBE E ATORVASTATINA DOC,ezetimibe e atorvastatina doc,C10BA05,C10BA05
EZETIMIBE E ATORVASTATINA DOCGEN,ezetimibe e atorvastatina docgen,C10BA05,C10BA05
EZETIMIBE E ATORVASTATINA MYLAN,ezetimibe e atorvastatina mylan,C10BA05,C10BA05
EZETIMIBE E ATORVASTATINA PENSA,ezetimibe e atorvastatina pensa,C10BA05,C10BA05
EZETIMIBE E ATORVASTATINA SANDOZ,ezetimibe e atorvastatina sandoz,C10BA05,C10BA05
EZETIMIBE E ATORVASTATINA TEVA,ezetimibe e atorvastatina teva,C10BA05,C10BA05
EZETIMIBE E SIMVASTATINA ACCORD,ezetimibe e simvastatina accord,C10BA02,C10BA02
EZETIMIBE E SIMVASTATINA ALMUS,ezetimibe e simvastatina almus,C10BA02,C10BA02
EZETIMIBE E SIMVASTATINA ALTER,ezetimibe e simvastatina alter,C10BA02,C10BA02
EZETIMIBE E SIMVASTATINA AUROBINDO,ezetimibe e simvastatina aurobindo,C10BA02,C10BA02
EZETIMIBE E SIMVASTATINA DOC GENERICI,ezetimibe e simvastatina doc generici,C10BA02,C10BA02
EZETIMIBE E SIMVASTATINA EG,ezetimibe e simvastatina eg,C10BA02,C10BA02
EZETIMIBE E SIMVASTATINA KRKA,ezetimibe e simvastatina krka,C10BA02,C10BA02
EZETIMIBE E SIMVASTATINA MYLAN,ezetimibe e simvastatina mylan,C10BA02,C10BA02
EZETIMIBE E SIMVASTATINA SANDOZ,ezetimibe e simvastatina sandoz,C10BA02,C10BA02
EZETIMIBE E SIMVASTATINA SUN,ezetimibe e simvastatina sun,C10BA02,C10BA02
EZETIMIBE E SIMVASTATINA TECNIGEN,ezetimibe e simvastatina tecnigen,C10BA02,C10BA02
EZETIMIBE E SIMVASTATINA TEVA B.V.,ezetimibe e simvastatina teva b.v.,C10BA02,C10BA02
EZETIMIBE E SIMVASTATINA ZENTIVA,ezetimibe e simvastatina zentiva,C10BA02,C10BA02
EZETIMIBE EG,ezetimibe eg,C10AX09,C10AX09
EZETIMIBE KRKA,ezetimibe krka,C10AX09,C10AX09
EZETIMIBE MYLAN,ezetimibe mylan,C10AX09,C10AX09
EZETIMIBE PENSA,ezetimibe pensa,C10AX09,C10AX09
EZETIMIBE SANDOZ,ezetimibe sandoz,C10AX09,C10AX09
EZETIMIBE TECNIGEN,ezetimibe tecnigen,C10AX09,C10AX09
EZETIMIBE TEVA,ezetimibe teva,C10AX09,C10AX09
EZETIMIBE TEVA ITALIA,ezetimibe teva italia,C10AX09,C10AX09
EZETIMIBE ZENTIVA,ezetimibe zentiva,C10AX09,C10AX09
EZETIMIBE/ATORVASTATINA EG STADA,ezetimibe/atorvastatina eg stada,C10BA05,C10BA05
EZETROL,ezetrol,C10AX09,C10AX09
EZEVAST,ezevast,C10BA05,C10BA05
EZMEKLY,ezmekly,L01EE05,L01EE05
EZORAN,ezoran,A02BC05,A02BC05
FABHALTA,fabhalta,L04AJ08,L04AJ08
FABRAZYME,fabrazyme,A16AB04,A16AB04
FADEZIN,fadezin,R06AD02,R06AD02
FAGAL,fagal,A02AD01,A02AD01
FAGOPYRUM ESCULENTUM DYNAMIS,fagopyrum esculentum dynamis,V03AX,V03AX
FALEV,falev,J01MA12,J01MA12
FALVIN,falvin,G01AF12|D01AC12,
FAMCICLOVIR MYLAN GENERICS,famciclovir mylan generics,J05AB09,J05AB09
FAMCICLOVIR PENSA,famciclovir pensa,J05AB09,J05AB09
FAMCICLOVIR TEVA,famciclovir teva,J05AB09,J05AB09
FAMOTIDINA DOC,famotidina doc,A02BA03,A02BA03
FAMOTIDINA EG,famotidina eg,A02BA03,A02BA03
FAMOTIDINA EG STADA,famotidina eg stada,A02BA03,A02BA03
FAMOTIDINA TEVA,famotidina teva,A02BA03,A02BA03
FAMPRIDINA ACCORD,fampridina accord,N07XX07,N07XX07
FAMPYRA,fampyra,N07XX07,N07XX07
FAMVIR,famvir,J05AB09,J05AB09
FANHDI,fanhdi,B02BD06,B02BD06
FARALZIN,faralzin,G04CA01,G04CA01
FARESTON,fareston,L02BA02,L02BA02
FARGANESSE,farganesse,R06AD02,R06AD02
FARINGOTRICINA,faringotricina,R02AB02,R02AB02
FARLUTAL,farlutal,G03DA02|L02AB02,
FARMAIOD,farmaiod,D08AG02,D08AG02
FARMODOXI,farmodoxi,J01AA02,J01AA02
FARMORUBICINA,farmorubicina,L01DB03,L01DB03
FARPENTA,farpenta,N05AH03,N05AH03
FARVICETT,farvicett,D08AC52,D08AC52
FARYDAK,farydak,L01XH03,L01XH03
FASENRA,fasenra,R03DX10,R03DX10
FASLODEX,faslodex,L02BA03,L02BA03
FASTJEKT,fastjekt,C01CA24,C01CA24
FASTUACTIV,fastuactiv,M02AA15,M02AA15
FASTUADVANCE,fastuadvance,M02AA15,M02AA15
FASTUFLEX,fastuflex,M02AA15,M02AA15
FASTUM,fastum,M02AA10,M02AA10
FASTUM ANTIDOLORIFICO,fastum antidolorifico,M02AA15,M02AA15
FASTUMDOL ANTINFIAMMATORIO,fastumdol antinfiammatorio,M01AE17,M01AE17
FASTURTEC,fasturtec,V03AF07,V03AF07
FAXILEX,faxilex,N06AX23,N06AX23
FEBUXEN,febuxen,M04AA03,M04AA03
FEBUXOSTAT AUROBINDO,febuxostat aurobindo,M04AA03,M04AA03
FEBUXOSTAT DOC GENERICI,febuxostat doc generici,M04AA03,M04AA03
FEBUXOSTAT EG,febuxostat eg,M04AA03,M04AA03
FEBUXOSTAT KRKA,febuxostat krka,M04AA03,M04AA03
FEBUXOSTAT PENSA,febuxostat pensa,M04AA03,M04AA03
FEBUXOSTAT SANDOZ,febuxostat sandoz,M04AA03,M04AA03
FEBUXOSTAT TECNIGEN,febuxostat tecnigen,M04AA03,M04AA03
FEBUXOSTAT TEVA,febuxostat teva,M04AA03,M04AA03
FEBUXOSTAT VIATRIS,febuxostat viatris,M04AA03,M04AA03
FEBUXOSTAT ZENTIVA ITALIA,febuxostat zentiva italia,M04AA03,M04AA03
FEDIVELLE,fedivelle,A11CC05,A11CC05
FEDOTASK,fedotask,M01AE01,M01AE01
FEDRA,fedra,G03AA10,G03AA10
FEIBA,feiba,B02BD03,B02BD03
FELAX,felax,A06AG04|A06AX01,
FELDENE,feldene,M01AC01,M01AC01
FELDENE FAST,feldene fast,M01AC01,M01AC01
FELISON,felison,N05CD01,N05CD01
FELODIPINA MYLAN GENERICS,felodipina mylan generics,C08CA02,C08CA02
FELODIPINA RATIOPHARM,felodipina ratiopharm,C08CA02,C08CA02
FELODIPINA SANDOZ,felodipina sandoz,C08CA02,C08CA02
FELODIPINA ZENTIVA,felodipina zentiva,C08CA02,C08CA02
FELPLUS(SYNERGIPLUS N.514),felplus(synergiplus n.514),V03AX,V03AX
FEMARA,femara,L02BG04,L02BG04
FEMELIX,femelix,L02BG04,L02BG04
FEMITY,femity,G03FA11,G03FA11
FEMMEDOL,femmedol,M01AE02,M01AE02
FEMOSTON,femoston,G03FA14|G03FB08,
FEMSEVEN,femseven,G03CA03,G03CA03
FENADOL,fenadol,M01AB05,M01AB05
FENAZIL,fenazil,D04AA10,D04AA10
FENDAZEL,fendazel,D11AX10,D11AX10
FENDER,fender,M01AB05,M01AB05
FENDRIX,fendrix,J07BC01,J07BC01
FENECOX GOLA,fenecox gola,S01BC04,S01BC04
FENEXTRA,fenextra,M01AE14,M01AE14
FENIDINA,fenidina,C08CA05,C08CA05
FENILEFRINA AGUETTANT,fenilefrina aguettant,C01CA06,C01CA06
FENILISOPROPIL-P-FENILENDIAMMINA ALLERGEAZE,fenilisopropil-p-fenilendiammina allergeaze,V04CL,V04CL
FENISTIL,fenistil,D04AA13|R06AB03,
FENITOINA HIKMA,fenitoina hikma,N03AB02,N03AB02
FENOBARBITALE SODICO S.A.L.F.,fenobarbitale sodico s.a.l.f.,N03AA02,N03AA02
FENOFIBRATO AUROBINDO,fenofibrato aurobindo,C10AB05,C10AB05
FENOFIBRATO DOC GENERICI,fenofibrato doc generici,C10AB05,C10AB05
FENOFIBRATO EG,fenofibrato eg,C10AB05,C10AB05
FENOFIBRATO PENSA,fenofibrato pensa,C10AB05,C10AB05
FENOFIBRATO PENSA PHARMA,fenofibrato pensa pharma,C10AB05,C10AB05
FENOFIBRATO SANDOZ,fenofibrato sandoz,C10AB05,C10AB05
FENOFIBRATO VIATRIS,fenofibrato viatris,C10AB05,C10AB05
FENOFIBRATO ZENTIVA,fenofibrato zentiva,C10AB05,C10AB05
FENOLO MARCO VITI,fenolo marco viti,D08AE03,D08AE03
FENPATCH,fenpatch,N02AB03,N02AB03
FENROO,fenroo,N02AB03,N02AB03
FENTANEST,fentanest,N01AH01,N01AH01
FENTANIL ARISTO,fentanil aristo,N02AB03,N02AB03
FENTANIL ETHYPHARM,fentanil ethypharm,N01AH01,N01AH01
FENTANIL HELM,fentanil helm,N02AB03,N02AB03
FENTANIL KALCEKS,fentanil kalceks,N01AH01,N01AH01
FENTANIL ZENTIVA,fentanil zentiva,N02AB03,N02AB03
FENTANYL HAMELN,fentanyl hameln,N01AH01,N01AH01
FENTICER,fenticer,N02AB03,N02AB03
FENVEL,fenvel,N02AB03,N02AB03
FERACCRU,feraccru,B03AB10,B03AB10
FERINJECT,ferinject,B03AC,B03AC
FERLATUM,ferlatum,B03AB09,B03AB09
FERLIXIT,ferlixit,B03AB,B03AB
FERPLEX,ferplex,B03AB09,B03AB09
FERPLEX 60,ferplex 60,B03AB09,B03AB09
FERPLEX FOL,ferplex fol,B03AD,B03AD
FERRIPROX,ferriprox,V03AC02,V03AC02
FERRITIN COMPLEX,ferritin complex,B03AD,B03AD
FERRITIN OTI,ferritin oti,B03AB,B03AB
FERRO COMPLEX,ferro complex,B03AA03,B03AA03
FERRO GLUCONATO EG,ferro gluconato eg,B03AA03,B03AA03
FERRO GRAD C,ferro grad c,B03AA07,B03AA07
FERRO GRAD FOLIC,ferro grad folic,B03AD03,B03AD03
FERRO-GRAD,ferro-grad,B03AA07,B03AA07
FERROFOLIN,ferrofolin,B03AD,B03AD
FERROGYN,ferrogyn,B03AA03,B03AA03
FERRUM METALLICUM,ferrum metallicum,V03AX,V03AX
FERRUM METALLICUM DYNAMIS,ferrum metallicum dynamis,V03AX,V03AX
FERRUM METALLICUM PRAEPARATUM,ferrum metallicum praeparatum,V03AX,V03AX
FERRUM PHOSPHORICUM,ferrum phosphoricum,V03AX,V03AX
FERRUM PHOSPHORICUM D12 SALE DR. SCHUSSLER N. 3,ferrum phosphoricum d12 sale dr. schussler n. 3,V03AX,V03AX
FERRUM PHOSPHORICUM DYNAMIS,ferrum phosphoricum dynamis,V03AX,V03AX
FERTIFOL,fertifol,B03BB01,B03BB01
FERTIPEPTIL,fertipeptil,L02AE04,L02AE04
FERTOMCIDINA U,fertomcidina u,D08AX,D08AX
FESOTERODINA DOC,fesoterodina doc,G04BD11,G04BD11
FETCROJA,fetcroja,J01DI04,J01DI04
FEVARIN,fevarin,N06AB08,N06AB08
FEVRALT,fevralt,M01AE01,M01AE01
FEXACTIV,fexactiv,S01GA52,S01GA52
FEXALLEGRA,fexallegra,R06AX26,R06AX26
FEXALLEGRA NASALE,fexallegra nasale,R01AB,R01AB
FEXOFENADINA AUROBINDO,fexofenadina aurobindo,R06AX26,R06AX26
FEXOFENADINA MYLAN GENERICS,fexofenadina mylan generics,R06AX26,R06AX26
FEXOFENADINA MYLAN ITALIA,fexofenadina mylan italia,R06AX26,R06AX26
FEXOFENADINA OPELLA HEALTHCARE,fexofenadina opella healthcare,R06AX26,R06AX26
FEXYNA,fexyna,R06AX26,R06AX26
FIASP,fiasp,A10AB05,A10AB05
FIBRASE,fibrase,B01AB|C05BA04,
FIBRICLOTTE,fibriclotte,B02BB01,B02BB01
FIBROVEIN,fibrovein,C05BB04,C05BB04
FIBRYGA,fibryga,B02BB01,B02BB01
FIDAGENBETA,fidagenbeta,D07CC01,D07CC01
FIDATO,fidato,J01DD04,J01DD04
FIGOZAP,figozap,A10BK01,A10BK01
FILIX MAS DYNAMIS,filix mas dynamis,V03AX,V03AX
FILSPARI,filspari,C09XX01,C09XX01
FILSUVEZ,filsuvez,D03AX13,D03AX13
FINACAPIL,finacapil,D11AX10,D11AX10
FINACEA,finacea,D10AX03,D10AX03
FINARAND,finarand,G04CA,G04CA
FINASTERIDE ABC,finasteride abc,G04CB01,G04CB01
FINASTERIDE AHCL,finasteride ahcl,G04CB01|D11AX10,
FINASTERIDE ALMUS,finasteride almus,G04CB01,G04CB01
FINASTERIDE ALTER,finasteride alter,G04CB01,G04CB01
FINASTERIDE AUROBINDO,finasteride aurobindo,G04CB01,G04CB01
FINASTERIDE AUROBINDO PHARMA ITALIA,finasteride aurobindo pharma italia,D11AX10,D11AX10
FINASTERIDE BIORGA,finasteride biorga,D11AX10,D11AX10
FINASTERIDE DOC,finasteride doc,G04CB01,G04CB01
FINASTERIDE EG,finasteride eg,G04CB01,G04CB01
FINASTERIDE EG STADA,finasteride eg stada,D11AX10,D11AX10
FINASTERIDE IPSO PHARMA,finasteride ipso pharma,G04CB01,G04CB01
FINASTERIDE MEDREG,finasteride medreg,G04CB01,G04CB01
FINASTERIDE MYLAN GENERICS ITALIA,finasteride mylan generics italia,D11AX10,D11AX10
FINASTERIDE MYLAN ITALIA,finasteride mylan italia,G04CB01,G04CB01
FINASTERIDE PENSA,finasteride pensa,G04CB01|D11AX10,
FINASTERIDE PHARMACARE,finasteride pharmacare,D11AX10,D11AX10
FINASTERIDE SANDOZ,finasteride sandoz,G04CB01,G04CB01
FINASTERIDE TECNIGEN,finasteride tecnigen,G04CB01,G04CB01
FINASTERIDE TEVA GENERICS,finasteride teva generics,D11AX10,D11AX10
FINASTERIDE TEVA ITALIA,finasteride teva italia,G04CB01,G04CB01
FINASTERIDE ZENTIVA,finasteride zentiva,G04CB01,G04CB01
FINASTID,finastid,G04CB01,G04CB01
FINDATUR,findatur,J01MA12,J01MA12
FINEDOR,finedor,G04CB01,G04CB01
FINESTAR,finestar,G04CB01,G04CB01
FINGOLIMOD ACCORD,fingolimod accord,L04AE01,L04AE01
FINGOLIMOD AUROBINDO,fingolimod aurobindo,L04AE01,L04AE01
FINGOLIMOD DR. REDDY'S,fingolimod dr. reddy's,L04AE01,L04AE01
FINGOLIMOD EG,fingolimod eg,L04AE01,L04AE01
FINGOLIMOD HCS,fingolimod hcs,L04AE01,L04AE01
FINGOLIMOD MEDICAL VALLEY,fingolimod medical valley,L04AE01,L04AE01
FINGOLIMOD MYLAN ITALIA,fingolimod mylan italia,L04AE01,L04AE01
FINGOLIMOD OLPHA,fingolimod olpha,L04AA27,L04AA27
FINGOLIMOD PHARMATHEN,fingolimod pharmathen,L04AE01,L04AE01
FINGOLIMOD SANDOZ,fingolimod sandoz,L04AE01,L04AE01
FINGOLIMOD SUN,fingolimod sun,L04AE01,L04AE01
FINGOLIMOD TECNIGEN,fingolimod tecnigen,L04AE01,L04AE01
FINGOLIMOD TILLOMED,fingolimod tillomed,L04AE01,L04AE01
FINGOLIMOD TOWA,fingolimod towa,L04AA27,L04AA27
FINGOLIMOD VIVANTA,fingolimod vivanta,L04AE01,L04AE01
FINGOLIMOD ZENTIVA,fingolimod zentiva,L04AE01,L04AE01
FINLEE,finlee,L01EC02,L01EC02
FINOMEL,finomel,B05BA10,B05BA10
FINTEPLA,fintepla,N03AX26,N03AX26
FIRAZYR,firazyr,B06AC02,B06AC02
FIRDAPSE,firdapse,N07XX05,N07XX05
FIRMAGON,firmagon,L02BX02,L02BX02
FISIODAR,fisiodar,M01AX21,M01AX21
FISIOTENS,fisiotens,C02AC05,C02AC05
FITAN,fitan,V03AX,V03AX
FITOSTIMOLINE,fitostimoline,G02CX|D03AX,
FIXAD,fixad,G04CA52,G04CA52
FIXAPOST,fixapost,S01ED51,S01ED51
FIXIONEAL,fixioneal,B05DB,B05DB
FIXNOVE,fixnove,B02BD04,B02BD04
FIXODIN,fixodin,R06AX26,R06AX26
FLAGYL,flagyl,G01AF01|P01AB01,
FLAMINASE,flaminase,B06AA,B06AA
FLANTADIN,flantadin,H02AB13,H02AB13
FLAREX,flarex,S01BA07,S01BA07
FLEBOCORTID RICHTER,flebocortid richter,H02AB09,H02AB09
FLEBOGAMMA DIF,flebogamma dif,J06BA02,J06BA02
FLEBOSIDE,fleboside,C05CA54,C05CA54
FLEBOSTASIN R,flebostasin r,C05CX03,C05CX03
FLECAINIDE AUROBINDO,flecainide aurobindo,C01BC04,C01BC04
FLECAINIDE DOC GENERICI,flecainide doc generici,C01BC04,C01BC04
FLECAINIDE EG,flecainide eg,C01BC04,C01BC04
FLECAINIDE SANDOZ,flecainide sandoz,C01BC04,C01BC04
FLECAINIDE TEVA,flecainide teva,C01BC04,C01BC04
FLECTOR,flector,M02AA15,M02AA15
FLECTOR UNIDIE,flector unidie,M02AA07,M02AA07
FLECTORARTRO,flectorartro,M02AA15,M02AA15
FLECTORFLAM,flectorflam,M01AB05,M01AB05
FLECTORGO,flectorgo,M01AB05,M01AB05
FLECTORIN,flectorin,M01AB05,M01AB05
FLECTORMOVE,flectormove,M02AA15,M02AA15
FLEIDERINA,fleiderina,C01BC04,C01BC04
FLEXIBAN,flexiban,M03BX08,M03BX08
FLIXABI,flixabi,L04AB02,L04AB02
FLIXODERM,flixoderm,D07AC17,D07AC17
FLIXONASE,flixonase,R01AD08,R01AD08
FLIXOTIDE,flixotide,R03BA05,R03BA05
FLOGAR FEBBRE E DOLORE,flogar febbre e dolore,N02BE01,N02BE01
FLOGOCYN,flogocyn,S01AA01,S01AA01
FLOGODERM,flogoderm,D07AC01,D07AC01
FLOLAN,flolan,B01AC09,B01AC09
FLOMAX,flomax,M01AX22,M01AX22
FLOMAX GOLA,flomax gola,A01AD11,A01AD11
FLONORM,flonorm,A07AA11,A07AA11
FLONTALEXIN,flontalexin,J01MA02,J01MA02
FLORTITENS,flortitens,C09CA06,C09CA06
FLOXANA,floxana,S01AE05,S01AE05
FLOXIGEN,floxigen,S01AE01,S01AE01
FLOXISTILL,floxistill,S01AE05,S01AE05
FLOXSINE,floxsine,S01AE05,S01AE05
FLUAD,fluad,J07BB02,J07BB02
FLUARIX,fluarix,J07BB02,J07BB02
FLUARIX TETRA,fluarix tetra,J07BB02,J07BB02
FLUATON,fluaton,S01BA07,S01BA07
FLUBASON,flubason,D07AC03,D07AC03
FLUCACID,flucacid,J01CF05,J01CF05
FLUCELVAX,flucelvax,J07BB02,J07BB02
FLUCLOXACILLINA,flucloxacillina,J01CF05,J01CF05
FLUCONAZOLO ABC,fluconazolo abc,J02AC01,J02AC01
FLUCONAZOLO ACCORD,fluconazolo accord,J02AC01,J02AC01
FLUCONAZOLO ALMUS,fluconazolo almus,J02AC01,J02AC01
FLUCONAZOLO AUROBINDO,fluconazolo aurobindo,J02AC01,J02AC01
FLUCONAZOLO B. BRAUN,fluconazolo b. braun,J02AC01,J02AC01
FLUCONAZOLO BIONDUSTRIA LIM,fluconazolo biondustria lim,J02AC01,J02AC01
FLUCONAZOLO DOC GENERICI,fluconazolo doc generici,J02AC01,J02AC01
FLUCONAZOLO EG,fluconazolo eg,J02AC01,J02AC01
FLUCONAZOLO GALENICA SENESE,fluconazolo galenica senese,J02AC01,J02AC01
FLUCONAZOLO HEXAL,fluconazolo hexal,J02AC01,J02AC01
FLUCONAZOLO KABI,fluconazolo kabi,J02AC01,J02AC01
FLUCONAZOLO MYLAN,fluconazolo mylan,J02AC01,J02AC01
FLUCONAZOLO NORIDEM,fluconazolo noridem,J02AC01,J02AC01
FLUCONAZOLO PENSA,fluconazolo pensa,J02AC01,J02AC01
FLUCONAZOLO RATIOPHARM,fluconazolo ratiopharm,J02AC01,J02AC01
FLUCONAZOLO SANDOZ,fluconazolo sandoz,J02AC01,J02AC01
FLUCONAZOLO TECNIGEN,fluconazolo tecnigen,J02AC01,J02AC01
FLUCONAZOLO ZENTIVA,fluconazolo zentiva,J02AC01,J02AC01
FLUDARA,fludara,L01BB05,L01BB05
FLUDARABINA ACCORD,fludarabina accord,L01BB05,L01BB05
FLUDARABINA TEVA,fludarabina teva,L01BB05,L01BB05
FLUENZ,fluenz,J07BB03,J07BB03
FLUGENIX,flugenix,R03BA05,R03BA05
FLUGERAL,flugeral,N07CA03,N07CA03
FLUIBRON,fluibron,R05CB06,R05CB06
FLUIBRON INFLUENZA E RAFFREDDORE,fluibron influenza e raffreddore,N02BE51,N02BE51
FLUIBRON TOSSE SECCA,fluibron tosse secca,R05DB27,R05DB27
FLUIFORT,fluifort,R05CB03,R05CB03
FLUIFORT FEBBRE E DOLORE,fluifort febbre e dolore,M01AE01,M01AE01
FLUIMUCIL,fluimucil,R05CB01,R05CB01
FLUIMUCIL ANTIBIOTICO,fluimucil antibiotico,J01BA02,J01BA02
FLUIMUCIL INFLUENZA E RAFFREDDORE,fluimucil influenza e raffreddore,N02BE51,N02BE51
FLUIMUCIL MUCOLITICO,fluimucil mucolitico,R05CB01,R05CB01
FLUKIMEX,flukimex,J02AC01,J02AC01
FLUMARIN,flumarin,M01AX22,M01AX22
FLUMAZENIL B. BRAUN,flumazenil b. braun,V03AB25,V03AB25
FLUMAZENIL HAMELN,flumazenil hameln,V03AB25,V03AB25
FLUMAZENIL HIKMA,flumazenil hikma,V03AB25,V03AB25
FLUMAZENIL KABI,flumazenil kabi,V03AB25,V03AB25
FLUMETOL,flumetol,S01BA07,S01BA07
FLUMICON,flumicon,J02AC01,J02AC01
FLUMOS,flumos,J02AC01,J02AC01
FLUNAGEN,flunagen,N07CA03,N07CA03
FLUNIGAR,flunigar,R03BA03,R03BA03
FLUNISOLIDE EG,flunisolide eg,R03BA03,R03BA03
FLUNISOLIDE MYLAN GENERICS,flunisolide mylan generics,R03BA03,R03BA03
FLUNOX,flunox,N05CD01,N05CD01
FLUNUTRAC,flunutrac,D07AC17,D07AC17
FLUODEOSSIGLUCOSIO [ 18 F ] CURIUM,fluodeossiglucosio [ 18 f ] curium,V09IX04,V09IX04
FLUODESOSSIGLUCOSIO (18F) ITELPHARMA,fluodesossiglucosio (18f) itelpharma,V09IX04,V09IX04
FLUOMIZIN,fluomizin,G01AC05,G01AC05
FLUORES,fluores,J02AC01,J02AC01
FLUORESCEINA SODICA MONICO,fluoresceina sodica monico,S01JA01,S01JA01
FLUORICUM ACIDUM,fluoricum acidum,V03AX,V03AX
FLUOROCOLINA (18F) CURIUM ITALY,fluorocolina (18f) curium italy,V09IX07,V09IX07
FLUORODOPA (18F) CURIUM AUSTRIA,fluorodopa (18f) curium austria,V09IX05,V09IX05
FLUORODOPA (18F) CURIUM ITALY,fluorodopa (18f) curium italy,V09IX05,V09IX05
FLUOROURACILE AHCL,fluorouracile ahcl,L01BC02,L01BC02
FLUOROURACILE HIKMA,fluorouracile hikma,L01BC02,L01BC02
FLUOROURACILE TEVA,fluorouracile teva,L01BC02,L01BC02
FLUOVITEF,fluovitef,D07AC04,D07AC04
FLUOXEREN,fluoxeren,N06AB03,N06AB03
FLUOXETINA ACCORD,fluoxetina accord,N06AB03,N06AB03
FLUOXETINA ALMUS,fluoxetina almus,N06AB03,N06AB03
FLUOXETINA DOC GENERICI,fluoxetina doc generici,N06AB03,N06AB03
FLUOXETINA EG,fluoxetina eg,N06AB03,N06AB03
FLUOXETINA EG STADA,fluoxetina eg stada,N06AB03,N06AB03
FLUOXETINA FIDIA,fluoxetina fidia,N06AB03,N06AB03
FLUOXETINA GENERICS,fluoxetina generics,N06AB03,N06AB03
FLUOXETINA MYLAN GENERICS,fluoxetina mylan generics,N06AB03,N06AB03
FLUOXETINA RATIOPHARM,fluoxetina ratiopharm,N06AB03,N06AB03
FLUOXETINA SANDOZ GMBH,fluoxetina sandoz gmbh,N06AB03,N06AB03
FLUPID,flupid,B01AC05,B01AC05
FLURACTIVE,fluractive,A01AD11,A01AD11
FLURBIPROFENE COOP,flurbiprofene coop,A01AD11,A01AD11
FLURBIPROFENE DOC,flurbiprofene doc,A01AD11,A01AD11
FLURBIPROFENE EG STADA,flurbiprofene eg stada,R02AX01,R02AX01
FLURBIPROFENE PENSA,flurbiprofene pensa,A01AD11,A01AD11
FLURBIPROFENE TEVA,flurbiprofene teva,A01AD11,A01AD11
FLUREKAIN,flurekain,S01JA51,S01JA51
FLUSOLV,flusolv,B01AB01,B01AB01
FLUSPIRAL,fluspiral,R03BA05,R03BA05
FLUSS,fluss,C03EB01,C03EB01
FLUTAMIDE EG,flutamide eg,L02BB01,L02BB01
FLUTICASONE DOC,fluticasone doc,R03BA05,R03BA05
FLUTICASONE FUROATO SUBSTIPHARM,fluticasone furoato substipharm,R01AD12,R01AD12
FLUTICREM,fluticrem,D07AC17,D07AC17
FLUTIFORMO,flutiformo,R03AK11,R03AK11
FLUTOXIL,flutoxil,R05CB02,R05CB02
FLUVASTATINA AUROBINDO,fluvastatina aurobindo,C10AA04,C10AA04
FLUVASTATINA DOC GENERICI,fluvastatina doc generici,C10AA04,C10AA04
FLUVASTATINA EG,fluvastatina eg,C10AA04,C10AA04
FLUVASTATINA MYLAN GENERICS,fluvastatina mylan generics,C10AA04,C10AA04
FLUVASTATINA ZENTIVA,fluvastatina zentiva,C10AA04,C10AA04
FLUVOXAMINA EG,fluvoxamina eg,N06AB08,N06AB08
FLUXARTEN,fluxarten,N07CA03,N07CA03
FLUXOR,fluxor,C05CA53,C05CA53
FLUXUM,fluxum,B01AB07,B01AB07
FLUZELASTIX,fluzelastix,R01AD58,R01AD58
FM* CINNABARIS COMPLEX,fm* cinnabaris complex,V03AX,V03AX
FM*AGNUS COMPLEX,fm*agnus complex,V03AX,V03AX
FM*CANTHARIS COMPLEX,fm*cantharis complex,V03AX,V03AX
FM*CHELIDONIUM COMPLEX,fm*chelidonium complex,V03AX,V03AX
FM*NUX VOMICA COMPLEX,fm*nux vomica complex,P01BE01,P01BE01
FM*PHASEOLUS COMPLEX,fm*phaseolus complex,V03AX,V03AX
FMS* MAGNESIUM COMPLEX,fms* magnesium complex,V03AX,V03AX
FMS*BUFO COMPLEX,fms*bufo complex,V03AX,V03AX
FMS*CALCIUM FLUORATUM COMPLEX,fms*calcium fluoratum complex,V03AX,V03AX
FMS*CROTALUS COMPLEX,fms*crotalus complex,V03AX,V03AX
FMS*DROSERA COMPLEX,fms*drosera complex,V03AX,V03AX
FMS*ELAPS COMPLEX,fms*elaps complex,V03AX,V03AX
FMS*SULFUR COMPLEX,fms*sulfur complex,V03AX,V03AX
FMS*THUJA COMPLEX,fms*thuja complex,V03AX,V03AX
FOBULER,fobuler,R03AK07,R03AK07
FOCLIVIA,foclivia,J07BB02,J07BB02
FODREN,fodren,M05BA07,M05BA07
FOILLE INSETTI,foille insetti,D07AA02,D07AA02
FOILLE SCOTTATURE,foille scottature,D04AB04,D04AB04
FOILLE SOLE,foille sole,D04AB04,D04AB04
FOLANEMIN,folanemin,V03AF04,V03AF04
FOLATEX,folatex,B03BB01,B03BB01
FOLEPAR B12,folepar b12,A11EA,A11EA
FOLICOM,folicom,B03BB01,B03BB01
FOLIDAR,folidar,B03BB,B03BB
FOLIDEX,folidex,B03BB01,B03BB01
FOLIFILL,folifill,B03BB01,B03BB01
FOLINA,folina,B03BB01,B03BB01
FORADIL,foradil,R03AC13,R03AC13
FORBEST,forbest,R03BA03,R03BA03
FORMISTIN,formistin,R06AE07,R06AE07
FORMODUAL,formodual,R03AK08,R03AK08
FORMOTEROLO EG,formoterolo eg,R03AC13,R03AC13
FORMOTEROLO VIATRIS,formoterolo viatris,R03AC13,R03AC13
FOROTAN,forotan,R03AC13,R03AC13
FORSTEO,forsteo,H05AA02,H05AA02
FORTACIN,fortacin,N01BB20,N01BB20
FORTAMID,fortamid,N07CA01,N07CA01
FORTASINT,fortasint,R03AC13,R03AC13
FORTIDOSE,fortidose,S01ED05,S01ED05
FORTINOL,fortinol,S01ED05,S01ED05
FORTISOC,fortisoc,S01ED05,S01ED05
FORTRADOL,fortradol,N02AX02,N02AX02
FORUS,forus,C09DA06,C09DA06
FORXIGA,forxiga,A10BK01,A10BK01
FORZAAR,forzaar,C09DA01,C09DA01
FOSAMAX,fosamax,M05BA04,M05BA04
FOSAPREPITANT ACCORD,fosaprepitant accord,A04AD12,A04AD12
FOSAPREPITANT HIKMA,fosaprepitant hikma,A04AD12,A04AD12
FOSAVANCE,fosavance,M05BB03,M05BB03
FOSCAN,foscan,L01XD05,L01XD05
FOSCARNET KABI,foscarnet kabi,J05AD01,J05AD01
FOSCARNET TILLOMED,foscarnet tillomed,J05AD01,J05AD01
FOSCAVIR,foscavir,J05AD01,J05AD01
FOSFOMICINA AUROBINDO,fosfomicina aurobindo,J01XX01,J01XX01
FOSFOMICINA AUROBINDO ITALIA,fosfomicina aurobindo italia,J01XX01,J01XX01
FOSFOMICINA DOC,fosfomicina doc,J01XX01,J01XX01
FOSFOMICINA EG,fosfomicina eg,J01XX01,J01XX01
FOSFOMICINA MYLAN,fosfomicina mylan,J01XX01,J01XX01
FOSFOMICINA PENSA,fosfomicina pensa,J01XX01,J01XX01
FOSFOMICINA RATIOPHARM,fosfomicina ratiopharm,J01XX01,J01XX01
FOSFOMICINA SANDOZ,fosfomicina sandoz,J01XX01,J01XX01
FOSFOMICINA ZENTIVA,fosfomicina zentiva,J01XX01,J01XX01
FOSICOMBI,fosicombi,C09BA09,C09BA09
FOSINOPRIL AUROBINDO,fosinopril aurobindo,C09AA09,C09AA09
FOSINOPRIL DOC GENERICI,fosinopril doc generici,C09AA09,C09AA09
FOSINOPRIL E IDROCLOROTIAZIDE DOC GENERICI,fosinopril e idroclorotiazide doc generici,C09BA09,C09BA09
FOSINOPRIL E IDROCLOROTIAZIDE MYLAN GENERICS,fosinopril e idroclorotiazide mylan generics,C09BA09,C09BA09
FOSINOPRIL ZENTIVA,fosinopril zentiva,C09AA09,C09AA09
FOSIPRES,fosipres,C09AA09,C09AA09
FOSTER,foster,R03AK08,R03AK08
FOSTIMON,fostimon,G03GA04,G03GA04
FOTIVDA,fotivda,L01EK03,L01EK03
FOZNOL,foznol,V03AE03,V03AE03
FRAGOR,fragor,C09BB12,C09BB12
FRAXINUS AMERICANA,fraxinus americana,V03AX,V03AX
FRAXINUS AMERICANA DYNAMIS,fraxinus americana dynamis,V03AX,V03AX
FRAXINUS EXCELSIOR,fraxinus excelsior,V03AX,V03AX
FRAZIONE FLAVONOICA PURIFICATA MICRONIZZATA MYLAN,frazione flavonoica purificata micronizzata mylan,C05CA53,C05CA53
FREAMINE III,freamine iii,B05BA10,B05BA10
FREQUIL,frequil,C01BC04,C01BC04
FREST,frest,D04AA13,D04AA13
FRIBAT,fribat,J01DD02,J01DD02
FRIDEX,fridex,S01BA01,S01BA01
FRILANS,frilans,A02BC03,A02BC03
FRIMAIND,frimaind,N06AB04,N06AB04
FRIPASS,fripass,B01AC23,B01AC23
FRISIUM,frisium,N05BA09,N05BA09
FRISTAMIN,fristamin,R06AX13,R06AX13
FROBEFLU,frobeflu,N02BA51,N02BA51
FROBEMUCIL,frobemucil,R05CB01,R05CB01
FROBEN,froben,M01AE09,M01AE09
FROBEN GOLA,froben gola,A01AD11,A01AD11
FROBEN RAFFREDDORE,froben raffreddore,R01AA05,R01AA05
FROBEN TOSSE GRASSA,froben tosse grassa,R05CB02,R05CB02
FROBEN TOSSE SECCA,froben tosse secca,R05DB13,R05DB13
FROBENGOLMED,frobengolmed,R02AX01,R02AX01
FROBENPRET,frobenpret,A01AD11,A01AD11
FRONTAL,frontal,N05BA12,N05BA12
FROVATRIPTAN DOC GENERICI,frovatriptan doc generici,N02CC07,N02CC07
FROVATRIPTAN EG,frovatriptan eg,N02CC07,N02CC07
FROVATRIPTAN MYLAN,frovatriptan mylan,N02CC07,N02CC07
FROVATRIPTAN TEVA,frovatriptan teva,N02CC07,N02CC07
FRUCTO FOSFAN,fructo fosfan,C01EB07,C01EB07
FRUZAQLA,fruzaqla,L01EK04,L01EK04
FUCICORT,fucicort,D07CC01,D07CC01
FUCIDIN,fucidin,D06AX01,D06AX01
FUCIDIN H,fucidin h,D07CA01,D07CA01
FUCIMIXBETA,fucimixbeta,D07CC01,D07CC01
FUCITHALMIC,fucithalmic,S01AA13,S01AA13
FUCUS COMPLEXE 111,fucus complexe 111,V03AX,V03AX
FUCUS VESICULOSUS,fucus vesiculosus,V03AX,V03AX
FULCIN,fulcin,D01BA01,D01BA01
FULCRO,fulcro,C10AB05,C10AB05
FULCROSUPRA,fulcrosupra,C10AB05,C10AB05
FULPHILA,fulphila,L03AA13,L03AA13
FULVESTRANT ACCORD,fulvestrant accord,L02BA03,L02BA03
FULVESTRANT AUROBINDO,fulvestrant aurobindo,L02BA03,L02BA03
FULVESTRANT DR. REDDY'S,fulvestrant dr. reddy's,L02BA03,L02BA03
FULVESTRANT EG STADA,fulvestrant eg stada,L02BA03,L02BA03
FULVESTRANT EVER PHARMA,fulvestrant ever pharma,L02BA03,L02BA03
FULVESTRANT HIKMA,fulvestrant hikma,L02BA03,L02BA03
FULVESTRANT MYLAN,fulvestrant mylan,L02BA03,L02BA03
FULVESTRANT SANDOZ,fulvestrant sandoz,L02BA03,L02BA03
FULVESTRANT ZENTIVA,fulvestrant zentiva,L02BA03,L02BA03
FUMARIA OFFICINALIS DYNAMIS,fumaria officinalis dynamis,V03AX,V03AX
FUNGILAK,fungilak,D01AE16,D01AE16
FUNGIZONE,fungizone,J02AA01,J02AA01
FUNGOTILL LIPOSOMIALE,fungotill liposomiale,J02AA01,J02AA01
FUNGUS,fungus,J02AC01,J02AC01
FUREDAN,furedan,J01XE01,J01XE01
FUROSEMIDE AUROBINDO,furosemide aurobindo,C03CA01,C03CA01
FUROSEMIDE AUROBINDO ITALIA,furosemide aurobindo italia,C03CA01,C03CA01
FUROSEMIDE DOC GENERICI,furosemide doc generici,C03CA01,C03CA01
FUROSEMIDE FISIOPHARMA,furosemide fisiopharma,C03CA01,C03CA01
FUROSEMIDE GALENICA SENESE,furosemide galenica senese,C03CA01,C03CA01
FUROSEMIDE HEXAL,furosemide hexal,C03CA01,C03CA01
FUROSEMIDE L.F.M.,furosemide l.f.m.,C03CA01,C03CA01
FUROSEMIDE MYLAN GENERICS,furosemide mylan generics,C03CA01,C03CA01
FUROSEMIDE NORIDEM,furosemide noridem,C03CA01,C03CA01
FUROSEMIDE S.A.L.F.,furosemide s.a.l.f.,C03CA01,C03CA01
FUROSEMIDE TEVA,furosemide teva,C03CA01,C03CA01
FUROSEMIDE TEVA GENERICS,furosemide teva generics,C03CA01,C03CA01
FUROSEMIDE TEVA ITALIA,furosemide teva italia,C03CA01,C03CA01
FUSAPIELBETA,fusapielbeta,D07CC01,D07CC01
FUSICUTANBETA,fusicutanbeta,D07CC01,D07CC01
FUZEON,fuzeon,J05AX07,J05AX07
FYCOMPA,fycompa,N03AX22,N03AX22
FYMSKINA,fymskina,L04AC05,L04AC05
FYPALAN,fypalan,N03AX22,N03AX22
FYREMADEL,fyremadel,H01CC01,H01CC01
G3,g3,V03AX,V03AX
GABAPENTIN ABC,gabapentin abc,N02BF01,N02BF01
GABAPENTIN ALMUS,gabapentin almus,N02BF01,N02BF01
GABAPENTIN ALTER,gabapentin alter,N02BF01,N02BF01
GABAPENTIN AUROBINDO,gabapentin aurobindo,N02BF01,N02BF01
GABAPENTIN DOC GENERICI,gabapentin doc generici,N02BF01,N02BF01
GABAPENTIN EG,gabapentin eg,N02BF01,N02BF01
GABAPENTIN FIDIA,gabapentin fidia,N02BF01,N02BF01
GABAPENTIN HEXAL A/S,gabapentin hexal a/s,N02BF01,N02BF01
GABAPENTIN MYLAN GENERICS,gabapentin mylan generics,N02BF01,N02BF01
GABAPENTIN PENSA,gabapentin pensa,N02BF01,N02BF01
GABAPENTIN SANDOZ GMBH,gabapentin sandoz gmbh,N02BF01,N02BF01
GABAPENTIN TECNIGEN,gabapentin tecnigen,N02BF01,N02BF01
GABAPENTIN TEVA,gabapentin teva,N02BF01,N02BF01
GABAPENTIN TEVA PHARMA,gabapentin teva pharma,N02BF01,N02BF01
GABAPENTIN ZENTIVA,gabapentin zentiva,N02BF01,N02BF01
GABESATO MESILATO BIOINDUSTRIA L.I.M.,gabesato mesilato bioindustria l.i.m.,B02AB,B02AB
GABESATO MESILATO IBI,gabesato mesilato ibi,B02AB,B02AB
GABEX,gabex,N02BF02,N02BF02
GABITRIL,gabitril,N03AG06,N03AG06
GADOVIST,gadovist,V08CA09,V08CA09
GADRAL,gadral,A02AD02,A02AD02
GADUAR,gaduar,C09DX03,C09DX03
GALAFOLD,galafold,A16AX14,A16AX14
GALAXIA,galaxia,S01EE01,S01EE01
GALENVITA,galenvita,V09X,V09X
GALIUM APARINE DYNAMIS,galium aparine dynamis,V03AX,V03AX
GALIUMPLUS (SYNERGIPLUS N.5),galiumplus (synergiplus n.5),V03AX,V03AX
GALLIAPHARM,galliapharm,V09X,V09X
GALLIO (67GA) CITRATO CURIUM NETHERLANDS,gallio (67ga) citrato curium netherlands,V09HX01,V09HX01
GALMINOR,galminor,S01CA01,S01CA01
GALNORA,galnora,N06DA04,N06DA04
GALVUS,galvus,A10BH02,A10BH02
GAMIBETAL,gamibetal,N03AG03,N03AG03
GAMIBETAL COMPLEX,gamibetal complex,N03AG,N03AG
GAMIBETAL PLUS,gamibetal plus,N03AG,N03AG
GAMMA PHOSPHORUS,gamma phosphorus,V03AX,V03AX
GAMMAGARD,gammagard,J06BA02,J06BA02
GAMTEN,gamten,J06BA02,J06BA02
GAMUNEX,gamunex,J06BA02,J06BA02
GANAZOLO,ganazolo,G01AF05|D01AC03,
GANCICLOVIR ACCORD,ganciclovir accord,J05AB06,J05AB06
GANCICLOVIR HIKMA,ganciclovir hikma,J05AB06,J05AB06
GANCICLOVIR MEDAC,ganciclovir medac,J05AB06,J05AB06
GANEXIM,ganexim,L04AA27,L04AA27
GANFORT,ganfort,S01ED51,S01ED51
GANIRELIX GEDEON RICHTER,ganirelix gedeon richter,H01CC01,H01CC01
GARDASIL,gardasil,J07BM01,J07BM01
GARDASIL 9,gardasil 9,J07BM03,J07BM03
GARDENALE,gardenale,N03AA02,N03AA02
GASPAN,gaspan,A03AX,A03AX
GASTOPRET,gastopret,A03AX15,A03AX15
GASTRES,gastres,A02BC05,A02BC05
GASTROGRAFIN,gastrografin,V08AA01,V08AA01
GASTROLOC,gastroloc,A02BC02,A02BC02
GASTROMIRO,gastromiro,V08AB04,V08AB04
GASTROSCHOUM REFLUSSO,gastroschoum reflusso,A02BC01,A02BC01
GAUTI,gauti,M04AA03,M04AA03
GAVIRIA,gaviria,N02BF02,N02BF02
GAVISCON,gaviscon,A02BX13,A02BX13
GAVISCON ADVANCE,gaviscon advance,A02BX13,A02BX13
GAVISCON BRUCIORE E INDIGESTIONE,gaviscon bruciore e indigestione,A02BX13|A02BX,
GAZYVARO,gazyvaro,L01FA03,L01FA03
GEALEVIDE,gealevide,N05AL05,N05AL05
GEBEXONE,gebexone,D07CC01,D07CC01
GEFFER,geffer,A03FA,A03FA
GEFITINIB MEDAC,gefitinib medac,L01EB01,L01EB01
GELASPAN,gelaspan,B05AA06,B05AA06
GELISTROL,gelistrol,G03CA04,G03CA04
GELOFUSINE,gelofusine,B05AA06,B05AA06
GELSEMIUM COMPLEXE 70,gelsemium complexe 70,V03AX,V03AX
GELSEMIUM SEMPERVIRENS,gelsemium sempervirens,V03AX,V03AX
GELSEMIUM SEMPERVIRENS DYNAMIS,gelsemium sempervirens dynamis,V03AX,V03AX
GELSISYX,gelsisyx,V03AX,V03AX
GEMCITABINA ACCORD,gemcitabina accord,L01BC05,L01BC05
GEMCITABINA AUROBINDO PHARMA ITALIA,gemcitabina aurobindo pharma italia,L01BC05,L01BC05
GEMCITABINA HIKMA,gemcitabina hikma,L01BC05,L01BC05
GEMCITABINA SUN,gemcitabina sun,L01BC05,L01BC05
GEMCITABINA SUN PHARMA,gemcitabina sun pharma,L01BC05,L01BC05
GEMFIBROZIL DOC GENERICI,gemfibrozil doc generici,C10AB04,C10AB04
GEMFIBROZIL EG,gemfibrozil eg,C10AB04,C10AB04
GEMIFLUX,gemiflux,J02AC01,J02AC01
GEMSOL,gemsol,L01BC05,L01BC05
GENALEN,genalen,M05BA04,M05BA04
GENAPROST,genaprost,G04CB01,G04CB01
GENCEBOK,gencebok,N06BC01,N06BC01
GENERFLON,generflon,J01MA02,J01MA02
GENERIT,generit,R06AE07,R06AE07
GENIAD,geniad,A11CC03,A11CC03
GENISIA,genisia,S01ED01,S01ED01
GENOTROPIN,genotropin,H01AC01,H01AC01
GENTACREAM,gentacream,D06AX07,D06AX07
GENTALYN,gentalyn,D06AX07,D06AX07
GENTALYN BETA,gentalyn beta,D07CC01,D07CC01
GENTAMICINA ACCORD,gentamicina accord,D06AX07,D06AX07
GENTAMICINA ALMUS,gentamicina almus,D06AX07,D06AX07
GENTAMICINA ALTER,gentamicina alter,D06AX07,D06AX07
GENTAMICINA AUROBINDO,gentamicina aurobindo,D06AX07,D06AX07
GENTAMICINA B. BRAUN,gentamicina b. braun,J01GB03,J01GB03
GENTAMICINA DOC GENERICI,gentamicina doc generici,D06AX07,D06AX07
GENTAMICINA E BETAMETASONE ABC,gentamicina e betametasone abc,D07CC01,D07CC01
GENTAMICINA E BETAMETASONE ALMUS,gentamicina e betametasone almus,D07CC01,D07CC01
GENTAMICINA E BETAMETASONE ALTER,gentamicina e betametasone alter,D07CC01,D07CC01
GENTAMICINA E BETAMETASONE AUROBINDO ITALIA,gentamicina e betametasone aurobindo italia,D07CC01,D07CC01
GENTAMICINA E BETAMETASONE DOC GENERICI,gentamicina e betametasone doc generici,D07CC01,D07CC01
GENTAMICINA E BETAMETASONE EG,gentamicina e betametasone eg,D07CC01,D07CC01
GENTAMICINA E BETAMETASONE HEXAL,gentamicina e betametasone hexal,D07CC01,D07CC01
GENTAMICINA E BETAMETASONE IDI,gentamicina e betametasone idi,D07CC01,D07CC01
GENTAMICINA E BETAMETASONE MYLAN GENERICS,gentamicina e betametasone mylan generics,D07CC01,D07CC01
GENTAMICINA E BETAMETASONE PENSA,gentamicina e betametasone pensa,D07CC01,D07CC01
GENTAMICINA E BETAMETASONE TECNIGEN,gentamicina e betametasone tecnigen,D07CC01,D07CC01
GENTAMICINA E BETAMETASONE TEVA,gentamicina e betametasone teva,D07CC01,D07CC01
GENTAMICINA E BETAMETASONE ZENTIVA,gentamicina e betametasone zentiva,D07CC01,D07CC01
GENTAMICINA EG,gentamicina eg,D06AX07,D06AX07
GENTAMICINA HEXAL,gentamicina hexal,D06AX07,D06AX07
GENTAMICINA IDI,gentamicina idi,D06AX07,D06AX07
GENTAMICINA MYLAN GENERICS,gentamicina mylan generics,D06AX07,D06AX07
GENTAMICINA NORIDEM,gentamicina noridem,J01GB03,J01GB03
GENTAMICINA PENSA,gentamicina pensa,D06AX07,D06AX07
GENTAMICINA SOLFATO FISIOPHARMA,gentamicina solfato fisiopharma,J01GB03,J01GB03
GENTAMICINA SOLFATO ITALFARMACO,gentamicina solfato italfarmaco,J01GB03,J01GB03
GENTAMICINA SOLFATO L.F.M.,gentamicina solfato l.f.m.,J01GB03,J01GB03
GENTAMICINA TEVA,gentamicina teva,D06AX07,D06AX07
GENTAMICINA ZENTIVA,gentamicina zentiva,D06AX07,D06AX07
GENTIANA LUTEA DYNAMIS,gentiana lutea dynamis,V03AX,V03AX
GENTICOL,genticol,S01AA11,S01AA11
GENTIPRESS,gentipress,C09BA02,C09BA02
GENTTS,gentts,N02AE01,N02AE01
GENURIN,genurin,G04BD02,G04BD02
GENVOYA,genvoya,J05AR18,J05AR18
"GERMANIO (68GE) CLORURO /GALLIO (68GA) CLORURO IRE-ELIT 0,74-1,85 GBQ GENERATORE DI RADIONUCLIDE","germanio (68ge) cloruro /gallio (68ga) cloruro ire-elit 0,74-1,85 gbq generatore di radionuclide",V09X,V09X
GEROLIN,gerolin,N06BX06,N06BX06
GESTODIOL,gestodiol,G03AA10,G03AA10
GESTROLTEX,gestroltex,L02AB01,L02AB01
GEXI,gexi,D06AX07,D06AX07
GHEMAXAN,ghemaxan,B01AB05,B01AB05
GHRYVELIN,ghryvelin,V04CD06,V04CD06
GIACHELA,giachela,N06AB10,N06AB10
GIANT,giant,C09DB02,C09DB02
GIAPREZA,giapreza,C01CX09,C01CX09
GIASION,giasion,J01DD16,J01DD16
GIBITER,gibiter,R03AK07,R03AK07
GILENYA,gilenya,L04AE01,L04AE01
GINENORM,ginenorm,G02CC01,G02CC01
GINETANTUM,ginetantum,G02CC03,G02CC03
GINKGO SYXYL,ginkgo syxyl,V03AX,V03AX
GINODEN,ginoden,G03AA10,G03AA10
GINSENG GUNA COMPOSITUM,ginseng guna compositum,V03AX,V03AX
GIOTRIF,giotrif,L01EB03,L01EB03
GIVLAARI,givlaari,A16AX16,A16AX16
GLADIO,gladio,M01AB16|M02AA25,
GLAMIDOLO,glamidolo,S01EX02,S01EX02
GLAMIN,glamin,B05BA01,B05BA01
GLAMOR,glamor,M05BA04,M05BA04
GLAUBRIM,glaubrim,S01EA05,S01EA05
GLAZIDIM,glazidim,J01DD02,J01DD02
GLEUKOS,gleukos,A10BB09,A10BB09
GLEXAR,glexar,M01AX05,M01AX05
GLIADEL,gliadel,L01AD01,L01AD01
GLIATILIN,gliatilin,N07AX02,N07AX02
GLIBEN,gliben,A10BB01,A10BB01
GLIBOMET,glibomet,A10BD02,A10BD02
GLIBORAL,gliboral,A10BB01,A10BB01
GLICAM,glicam,A10BX02,A10BX02
GLICERO VALEROVIT,glicero valerovit,N05CX,N05CX
GLICEROLO AFOM,glicerolo afom,A06AX01|A06AG04,
GLICEROLO ALFASIGMA,glicerolo alfasigma,A06AG04|A06AX01,
GLICEROLO AN,glicerolo an,A06AG04,A06AG04
GLICEROLO CARLO ERBA,glicerolo carlo erba,A06AX01|A06AG04,
GLICEROLO CON SODIO CLORURO BIOINDUSTRIA L.I.M.,glicerolo con sodio cloruro bioindustria l.i.m.,B05BC,B05BC
GLICEROLO CON SODIO CLORURO GALENICA SENESE,glicerolo con sodio cloruro galenica senese,B05BC,B05BC
GLICEROLO CON SODIO CLORURO MONICO,glicerolo con sodio cloruro monico,B05BC,B05BC
GLICEROLO COOP,glicerolo coop,A06AX01,A06AX01
GLICEROLO FARMAKOPEA,glicerolo farmakopea,A06AG04|A06AX01,
GLICEROLO MARCO VITI,glicerolo marco viti,A06AX01|A06AG04,
GLICEROLO MONTEFARMACO OTC,glicerolo montefarmaco otc,A06AX01,A06AX01
GLICEROLO NEW.FA.DEM.,glicerolo new.fa.dem.,A06AG04,A06AG04
GLICEROLO NOVA ARGENTIA,glicerolo nova argentia,A06AX01,A06AX01
GLICEROLO PHARMA TRENTA,glicerolo pharma trenta,A06AG04|A06AX01,
GLICEROLO PIETRASANTA,glicerolo pietrasanta,A06AX01,A06AX01
GLICEROLO POLIFARMA BENESSERE,glicerolo polifarma benessere,A06AG04|A06AG20,
GLICEROLO SELLA,glicerolo sella,A06AG04|A06AX01,
GLICEROLO ZETA,glicerolo zeta,A06AG04,A06AG04
GLICLAZIDE AUROBINDO,gliclazide aurobindo,A10BB09,A10BB09
GLICLAZIDE DOC GENERICI,gliclazide doc generici,A10BB09,A10BB09
GLICLAZIDE DOC GENERICS,gliclazide doc generics,A10BB09,A10BB09
GLICLAZIDE EG,gliclazide eg,A10BB09,A10BB09
GLICLAZIDE EG STADA,gliclazide eg stada,A10BB09,A10BB09
GLICLAZIDE EG STADA ITALIA,gliclazide eg stada italia,A10BB09,A10BB09
GLICLAZIDE KRKA,gliclazide krka,A10BB09,A10BB09
GLICLAZIDE MOLTENI,gliclazide molteni,A10BB09,A10BB09
GLICLAZIDE MYLAN GENERICS ITALIA,gliclazide mylan generics italia,A10BB09,A10BB09
GLICLAZIDE PENSA,gliclazide pensa,A10BB09,A10BB09
GLICLAZIDE SANDOZ,gliclazide sandoz,A10BB09,A10BB09
GLICLAZIDE SANDOZ BV,gliclazide sandoz bv,A10BB09,A10BB09
GLICLAZIDE TECNIGEN,gliclazide tecnigen,A10BB09,A10BB09
GLICLAZIDE TEVA,gliclazide teva,A10BB09,A10BB09
GLICLAZIDE TEVA B.V.,gliclazide teva b.v.,A10BB09,A10BB09
GLICLAZIDE TEVA ITALIA,gliclazide teva italia,A10BB09,A10BB09
GLICONORM,gliconorm,A10BD02,A10BD02
GLICOPIRRONIO DOC,glicopirronio doc,R03BB06,R03BB06
GLICOREST,glicorest,A10BD02,A10BD02
GLIMEPIRIDE ACCORD HEALTHCARE,glimepiride accord healthcare,A10BB12,A10BB12
GLIMEPIRIDE AUROBINDO,glimepiride aurobindo,A10BB12,A10BB12
GLIMEPIRIDE EG,glimepiride eg,A10BB12,A10BB12
GLIMEPIRIDE SANDOZ GMBH,glimepiride sandoz gmbh,A10BB12,A10BB12
GLIOLAN,gliolan,L01XD04,L01XD04
GLIPRESSINA,glipressina,H01BA04,H01BA04
GLIPTERIN,glipterin,A10BH01,A10BH01
GLITISOL,glitisol,J01BA02,J01BA02
GLIVEC,glivec,L01EA01,L01EA01
GLOBIGA,globiga,J06BA02,J06BA02
GLONOINUM,glonoinum,V03AX,V03AX
GLONOINUM DYNAMIS,glonoinum dynamis,V03AX,V03AX
GLOROS,gloros,B03AA03,B03AA03
GLOSID,glosid,R05CB03,R05CB03
GLUCAGEN,glucagen,H04AA01,H04AA01
GLUCOBAY,glucobay,A10BF01,A10BF01
GLUCOFERRO,glucoferro,B03AA03,B03AA03
GLUCOMPET,glucompet,V09IX04,V09IX04
GLUCOPHAGE,glucophage,A10BA02,A10BA02
GLUCOPHAGE UNIDIE,glucophage unidie,A10BA02,A10BA02
GLUCORANGE,glucorange,V04CA02,V04CA02
GLUCOSAMINA SOLFATO DOC GENERICI,glucosamina solfato doc generici,M01AX05,M01AX05
GLUCOSAMINA SOLFATO EG,glucosamina solfato eg,M01AX05,M01AX05
GLUCOSIO 5% BAXTER,glucosio 5% baxter,B05BA03,B05BA03
GLUCOSIO B. BRAUN,glucosio b. braun,B05BA03,B05BA03
GLUCOSIO BAXTER,glucosio baxter,B05BA03,B05BA03
GLUCOSIO BAXTER S.P.A.,glucosio baxter s.p.a.,B05BA03,B05BA03
GLUCOSIO BIOINDUSTRIA L.I.M,glucosio bioindustria l.i.m,B05BA03,B05BA03
GLUCOSIO BIOINDUSTRIA L.I.M.,glucosio bioindustria l.i.m.,B05BA03,B05BA03
GLUCOSIO BIOINDUSTRIA L.I.M..,glucosio bioindustria l.i.m..,B05BA03,B05BA03
GLUCOSIO CON POTASSIO CLORURO BAXTER,glucosio con potassio cloruro baxter,B05BB02,B05BB02
GLUCOSIO CON SODIO CLORURO BIOINDUSTRIA L.I.M.,glucosio con sodio cloruro bioindustria l.i.m.,B05BB02,B05BB02
GLUCOSIO CON SODIO CLORURO FKI,glucosio con sodio cloruro fki,B05BB02,B05BB02
GLUCOSIO CON SODIO CLORURO GALENICA SENESE,glucosio con sodio cloruro galenica senese,B05BB02,B05BB02
GLUCOSIO CON SODIO CLORURO MONICO,glucosio con sodio cloruro monico,B05BB02,B05BB02
GLUCOSIO DIACO,glucosio diaco,B05BA03,B05BA03
GLUCOSIO E POTASSIO CLORURO BIOINDUSTRIA L.I.M.,glucosio e potassio cloruro bioindustria l.i.m.,B05BB02,B05BB02
GLUCOSIO E POTASSIO CLORURO GALENICA SENESE,glucosio e potassio cloruro galenica senese,B05BB02,B05BB02
GLUCOSIO E POTASSIO CLORURO MONICO,glucosio e potassio cloruro monico,B05BB02,B05BB02
GLUCOSIO EUROSPITAL,glucosio eurospital,B05BA03,B05BA03
GLUCOSIO FKI,glucosio fki,B05BA03,B05BA03
GLUCOSIO GALENICA SENESE,glucosio galenica senese,B05BA03|B05CX01,
GLUCOSIO MONICO,glucosio monico,B05BA03|B05CX01,
GLUCOSIO S.A.L.F.,glucosio s.a.l.f.,B05BA03,B05BA03
GLUCOSIO SCLAVO DIAGNOSTICS,glucosio sclavo diagnostics,V04CA02,V04CA02
GLURENOR,glurenor,A10BB08,A10BB08
GLUSCAN,gluscan,V09IX04,V09IX04
GLUTHION,gluthion,V03AB32,V03AB32
GLYCOPHOS,glycophos,B05XA14,B05XA14
GLYXAMBI,glyxambi,A10BD19,A10BD19
GNAK,gnak,B05BB02,B05BB02
GNAPHALIUM POLYCEPHALUM,gnaphalium polycephalum,V03AX,V03AX
GNAPHALLIUM POLYCEPHALUM DYNAMIS,gnaphallium polycephalum dynamis,V03AX,V03AX
GOBIVAZ,gobivaz,L04AB06,L04AB06
GOCCE LASSATIVE AICARDI,gocce lassative aicardi,A06AB08,A06AB08
GOGANZA,goganza,A06AD65,A06AD65
GOHIBIC,gohibic,L04AJ,L04AJ
GOLA ACTION,gola action,R02AA20,R02AA20
GOLAMIXIN,golamixin,R02AB02,R02AB02
GOLASEPT ANTISETTICO OROFARINGEO,golasept antisettico orofaringeo,R02AA06,R02AA06
GOLASEPT INFIAMMAZIONE E DOLORE,golasept infiammazione e dolore,A01AD11,A01AD11
GOLASEPT SEDATIVO TOSSE,golasept sedativo tosse,R05DA09,R05DA09
GOLASEPT TOSSE GRASSA,golasept tosse grassa,R05CB06,R05CB06
GOLPIMEC,golpimec,L04AE01,L04AE01
GOLTOR,goltor,C10BA02,C10BA02
GOMEISA,gomeisa,N06AB10,N06AB10
GONAL-F,gonal-f,G03GA05,G03GA05
GONAPEPTYL DEPOT,gonapeptyl depot,L02AE04,L02AE04
GONASI HP,gonasi hp,G03GA01,G03GA01
GOPTEN,gopten,C09AA10,C09AA10
GORESP DIGIHALER,goresp digihaler,R03AK07,R03AK07
GOSURAN,gosuran,L02BG04,L02BG04
GOTTART,gottart,M04AA03,M04AA03
GRACIAL,gracial,G03AB05,G03AB05
GRADIENT POLIFARMA,gradient polifarma,N07CA03,N07CA03
GRAFALON,grafalon,L04AA04,L04AA04
GRAMIGUT,gramigut,S01AE01,S01AE01
GRAMPLUS,gramplus,J01XX03,J01XX03
GRANDISE,grandise,A04AA02,A04AA02
GRANEM,granem,A04AA02,A04AA02
GRANISETRON HIKMA,granisetron hikma,A04AA02,A04AA02
GRANISETRON KABI,granisetron kabi,A04AA02,A04AA02
GRANISETRON MYLAN GENERICS,granisetron mylan generics,A04AA02,A04AA02
GRANPIDAM,granpidam,G04BE03,G04BE03
GRANULOKINE,granulokine,L03AA02,L03AA02
GRAPHITES,graphites,V03AX,V03AX
GRAPHITES HEEL COMPLEX,graphites heel complex,V03AX,V03AX
GRAPHITES OTI COMPOSTO,graphites oti composto,V03AX,V03AX
GRAPHITES-HOMACCORD,graphites-homaccord,V03AX,V03AX
GRASUSTEK,grasustek,L03AA13,L03AA13
GRAY,gray,J01MA12,J01MA12
GRAZAX,grazax,V01AA02,V01AA02
GREPID,grepid,B01AC04,B01AC04
GRIFOXINA,grifoxina,N03AX14,N03AX14
GRINDELIA ROBUSTA,grindelia robusta,V03AX,V03AX
GRINDELIA ROBUSTA DYNAMIS,grindelia robusta dynamis,V03AX,V03AX
GRINSYX,grinsyx,V03AX,V03AX
GRISET,griset,L02BG03,L02BG03
GUAIACUM,guaiacum,V03AX,V03AX
GUAJACUM OFFICINALE RESINA DYNAMIS,guajacum officinale resina dynamis,V03AX,V03AX
GUNA-ACTH,guna-acth,V03AX,V03AX
GUNA-ANTI IL1,guna-anti il1,V03AX,V03AX
GUNA-BDNF,guna-bdnf,V03AX,V03AX
GUNA-BETA ENDORFIN,guna-beta endorfin,V03AX,V03AX
GUNA-BETA ESTRADIOL,guna-beta estradiol,V03AX,V03AX
GUNA-CALCITONIN,guna-calcitonin,V03AX,V03AX
GUNA-EGF,guna-egf,V03AX,V03AX
GUNA-FGF,guna-fgf,V03AX,V03AX
GUNA-FSH,guna-fsh,V03AX,V03AX
GUNA-G1,guna-g1,V03AX,V03AX
GUNA-GCSF,guna-gcsf,V03AX,V03AX
GUNA-IGF 1,guna-igf 1,V03AX,V03AX
GUNA-INTERFERON ALFA,guna-interferon alfa,V03AX,V03AX
GUNA-INTERFERON GAMMA,guna-interferon gamma,V03AX,V03AX
GUNA-INTERLEUKIN 1 BETA,guna-interleukin 1 beta,V03AX,V03AX
GUNA-INTERLEUKIN 10,guna-interleukin 10,V03AX,V03AX
GUNA-INTERLEUKIN 11,guna-interleukin 11,V03AX,V03AX
GUNA-INTERLEUKIN 12,guna-interleukin 12,V03AX,V03AX
GUNA-INTERLEUKIN 2,guna-interleukin 2,V03AX,V03AX
GUNA-INTERLEUKIN 3,guna-interleukin 3,V03AX,V03AX
GUNA-INTERLEUKIN 4,guna-interleukin 4,V03AX,V03AX
GUNA-INTERLEUKIN 5,guna-interleukin 5,V03AX,V03AX
GUNA-INTERLEUKIN 6,guna-interleukin 6,V03AX,V03AX
GUNA-INTERLEUKIN 7,guna-interleukin 7,V03AX,V03AX
GUNA-INTERLEUKIN 8,guna-interleukin 8,V03AX,V03AX
GUNA-INTERLEUKIN 9,guna-interleukin 9,V03AX,V03AX
GUNA-LH,guna-lh,V03AX,V03AX
GUNA-MELATONIN,guna-melatonin,V03AX,V03AX
GUNA-NGF,guna-ngf,V03AX,V03AX
GUNA-NT4,guna-nt4,V03AX,V03AX
GUNA-PARATHORMONE,guna-parathormone,V03AX,V03AX
GUNA-PDGF,guna-pdgf,V03AX,V03AX
GUNA-PROGESTERON,guna-progesteron,V03AX,V03AX
GUNA-PROLACTIN,guna-prolactin,V03AX,V03AX
GUNA-RERIO,guna-rerio,V03AX,V03AX
GUNA-SEROTONIN,guna-serotonin,V03AX,V03AX
GUNA-SOMATOSTATIN,guna-somatostatin,V03AX,V03AX
GUNA-T3,guna-t3,V03AX,V03AX
GUNA-TANACETUM,guna-tanacetum,V03AX,V03AX
GUNA-TGF BETA 1,guna-tgf beta 1,V03AX,V03AX
GUNA-TNF,guna-tnf,V03AX,V03AX
GUNA-TSH,guna-tsh,V03AX,V03AX
GUNABIOS,gunabios,V03AX,V03AX
GUNAREG,gunareg,V03AX,V03AX
GUTRON,gutron,C01CA17,C01CA17
GUTTALAX,guttalax,A06AB08,A06AB08
GUTTURBES,gutturbes,A01AD11,A01AD11
GYNO-CANESTEN,gyno-canesten,G01AF02,G01AF02
GYNO-CANESTEN MONODOSE,gyno-canesten monodose,G01AF02,G01AF02
HAEMATE P,haemate p,B02BD06,B02BD06
HAEMOCTIN,haemoctin,B02BD02,B02BD02
HALAVEN,halaven,L01XX41,L01XX41
HALCIDERM,halciderm,D07AD02|D07XD,
HALCIDERM COMBI,halciderm combi,D07CD,D07CD
HALCION,halcion,N05CD05,N05CD05
HALDOL,haldol,N05AD01,N05AD01
HALDOL DECANOAS,haldol decanoas,N05AD01,N05AD01
HALIMED,halimed,D11AX,D11AX
HAMAMELIS,hamamelis,V03AX,V03AX
HAMAMELIS OTI COMPOSTO,hamamelis oti composto,V03AX,V03AX
HAMAMELIS VIRGINIANA,hamamelis virginiana,V03AX,V03AX
HAMAMELIS-HOMACCORD,hamamelis-homaccord,V03AX,V03AX
HAMASYX,hamasyx,V03AX,V03AX
HARMONET,harmonet,G03AA10,G03AA10
HARPAGOPHYTHUM PROCUMBENS,harpagophythum procumbens,V03AX,V03AX
HARPAGOPHYTUM DYNAMIS,harpagophytum dynamis,V03AX,V03AX
HARVONI,harvoni,J05AP51,J05AP51
HATTERAS,hatteras,C10BA05,C10BA05
HAVRIX,havrix,J07BC02,J07BC02
HBVAXPRO,hbvaxpro,J07BC01,J07BC01
HEADZOL,headzol,N02CC03,N02CC03
HEDERA HELIX DYNAMIS,hedera helix dynamis,V03AX,V03AX
HEDERIX PLAN,hederix plan,R05DA04,R05DA04
HEFIYA,hefiya,L04AB04,L04AB04
HEKLA LAVA DYNAMIS,hekla lava dynamis,V03AX,V03AX
HELICOBACTER TEST INFAI - UREA 13 C,helicobacter test infai - urea 13 c,V04CX05,V04CX05
HELICOKIT,helicokit,V04CX05,V04CX05
HELIDIAG,helidiag,V04CX,V04CX
HELLEBORUS NIGER,helleborus niger,V03AX,V03AX
HELLEBORUS NIGER DYNAMIS,helleborus niger dynamis,V03AX,V03AX
HELONIAS DIOICA,helonias dioica,V03AX,V03AX
HELONIAS DIOICA DYNAMIS,helonias dioica dynamis,V03AX,V03AX
HEMANGIOL,hemangiol,C07AA05,C07AA05
HEMGENIX,hemgenix,B02BD16,B02BD16
HEMLIBRA,hemlibra,B02BX06,B02BX06
HEMOVASAL,hemovasal,C05BA01,C05BA01
HEPAR SULFUR,hepar sulfur,V03AX,V03AX
HEPAR SULFUR DYNAMIS,hepar sulfur dynamis,V03AX,V03AX
HEPAR SULFURIS CALCAREUM,hepar sulfuris calcareum,V03AX,V03AX
HEPAR VIS-HP,hepar vis-hp,V03AX,V03AX
HEPARIN COLLIRIO,heparin collirio,S01XA14,S01XA14
HEPATINE VANDA COMPOSITUM,hepatine vanda compositum,V03AX,V03AX
HEPATINUM DYNAMIS,hepatinum dynamis,V03AX,V03AX
HEPCLUDEX,hepcludex,J05AX28,J05AX28
HEPLISAV B,heplisav b,J07BC01,J07BC01
HERCAL,hercal,A11CC06,A11CC06
HERCEPTIN,herceptin,L01FD01,L01FD01
HERPES SIMPLEX,herpes simplex,V03AX,V03AX
HERPES SIMPLEX GUNA COMPOSITUM,herpes simplex guna compositum,V03AX,V03AX
HERPES ZOSTER,herpes zoster,V03AX,V03AX
HERPMED LABIALE,herpmed labiale,J05AB01,J05AB01
HERWENDA,herwenda,L01FD01,L01FD01
HERZATEC,herzatec,C09AA05,C09AA05
HERZUMA,herzuma,L01FD01,L01FD01
HETLIOZ,hetlioz,N05CH03,N05CH03
HETRONIFLY,hetronifly,L01FF12,L01FF12
HEVASCOL,hevascol,V08AD01,V08AD01
HEXACIMA,hexacima,J07CA09,J07CA09
HEXVIX,hexvix,V04CX,V04CX
HEXYON,hexyon,J07CA09,J07CA09
HIBERIX,hiberix,J07AG51,J07AG51
HIDONAC,hidonac,V03AB23,V03AB23
HIMAVAT,himavat,C10BA05,C10BA05
HIROBRIZ BREEZHALER,hirobriz breezhaler,R03AC18,R03AC18
HIRUDOID,hirudoid,C05BA01,C05BA01
HISTAMINUM,histaminum,V03AX,V03AX
HIZAAR,hizaar,C09DA01,C09DA01
HIZENTRA,hizentra,J06BA01,J06BA01
HOLOCLAR,holoclar,S01XA19,S01XA19
HOLOXAN,holoxan,L01AA06,L01AA06
HOMER,homer,J01CR02,J01CR02
HOMERDELIK,homerdelik,J01CR02,J01CR02
HOSPASOL,hospasol,B05ZB,B05ZB
HUKYNDRA,hukyndra,L04AB04,L04AB04
HULIO,hulio,L04AB04,L04AB04
HUMALOG,humalog,A10AB04|A10AC04|A10AD04,
HUMATIN,humatin,A07AA06,A07AA06
HUMATROPE,humatrope,H01AC01,H01AC01
HUMIRA,humira,L04AB04,L04AB04
HUMULIN,humulin,A10AD01|A10AC01|A10AB01,
HUMULUS LUPULUS,humulus lupulus,V03AX,V03AX
HUMULUS LUPULUS DYNAMIS,humulus lupulus dynamis,V03AX,V03AX
HYALGAN,hyalgan,M09AX01,M09AX01
HYALISTIL,hyalistil,S01XA20,S01XA20
HYCAMTIN,hycamtin,L01CE01,L01CE01
HYDRASTIS CANADENSIS,hydrastis canadensis,V03AX,V03AX
HYDRASTIS CANADENSIS DYNAMIS,hydrastis canadensis dynamis,V03AX,V03AX
HYDROCOTYLE ASIATICA,hydrocotyle asiatica,V03AX,V03AX
HYDROXIA,hydroxia,V03AB32,V03AB32
HYFTOR,hyftor,L04AH01,L04AH01
HYGIGAL,hygigal,N02BE01,N02BE01
HYMPAVZI,hympavzi,B02BX11,B02BX11
HYOSCYAMUS NIGER,hyoscyamus niger,V03AX,V03AX
HYOSCYAMUS NIGER DYNAMIS,hyoscyamus niger dynamis,V03AX,V03AX
HYPERICUM PERFORATUM,hypericum perforatum,V03AX,V03AX
HYPERICUM SYXYL,hypericum syxyl,V03AX,V03AX
HYQVIA,hyqvia,J06BA01,J06BA01
HYRIMOZ,hyrimoz,L04AB04,L04AB04
IBEROGASTADVANCE,iberogastadvance,A03AX,A03AX
IBET,ibet,H02AB01,H02AB01
IBIFEN,ibifen,M01AE03|M02AA10,
IBIMEZOLO,ibimezolo,A02BC01,A02BC01
IBITAZINA,ibitazina,J01CR05,J01CR05
IBITRED,ibitred,A11CC05,A11CC05
IBIXACIN,ibixacin,J01MA02,J01MA02
IBRANCE,ibrance,L01EF01,L01EF01
IBULEV,ibulev,M01AE01,M01AE01
IBUMAL,ibumal,M01AE01,M01AE01
IBUMENOL,ibumenol,M01AE01,M01AE01
IBUPAS,ibupas,M02AA13,M02AA13
IBUPROFENE ABC FARMACEUTICI,ibuprofene abc farmaceutici,M01AE01,M01AE01
IBUPROFENE ALKALOID-INT,ibuprofene alkaloid-int,M02AA13,M02AA13
IBUPROFENE ALTER,ibuprofene alter,M01AE01,M01AE01
IBUPROFENE AUROBINDO PHARMA,ibuprofene aurobindo pharma,M01AE01,M01AE01
IBUPROFENE AUROBINDO PHARMA ITALIA,ibuprofene aurobindo pharma italia,M01AE01,M01AE01
IBUPROFENE B.BRAUN,ibuprofene b.braun,M01AE01,M01AE01
IBUPROFENE B.BRAUN MELSUNGEN,ibuprofene b.braun melsungen,M01AE01,M01AE01
IBUPROFENE DOC,ibuprofene doc,M01AE01,M01AE01
IBUPROFENE DOC GENERICI,ibuprofene doc generici,M01AE01,M01AE01
IBUPROFENE DOCGEN,ibuprofene docgen,M01AE01,M01AE01
IBUPROFENE EG,ibuprofene eg,M01AE01,M01AE01
IBUPROFENE EG STADA,ibuprofene eg stada,M01AE01,M01AE01
IBUPROFENE FG,ibuprofene fg,M01AE01,M01AE01
IBUPROFENE GEN.ORPH,ibuprofene gen.orph,C01EB16,C01EB16
IBUPROFENE LABORATORI ALTER,ibuprofene laboratori alter,M01AE01,M01AE01
IBUPROFENE LIVSANE,ibuprofene livsane,M01AE01,M01AE01
IBUPROFENE PENSA,ibuprofene pensa,M01AE01,M01AE01
IBUPROFENE PENSA ITALIA,ibuprofene pensa italia,M01AE01,M01AE01
IBUPROFENE PENSA PHARMA,ibuprofene pensa pharma,M01AE01,M01AE01
IBUPROFENE PENSAVITAL,ibuprofene pensavital,M01AE01,M01AE01
IBUPROFENE PHARMADEV,ibuprofene pharmadev,M01AE01,M01AE01
IBUPROFENE PHARMEG,ibuprofene pharmeg,M01AE01,M01AE01
IBUPROFENE SANDOZ,ibuprofene sandoz,M01AE01,M01AE01
IBUPROFENE TEVA,ibuprofene teva,M01AE01,M01AE01
IBUPROFENE ZENTIVA,ibuprofene zentiva,M01AE01,M01AE01
IBUPROFENE ZENTIVA GENERICS,ibuprofene zentiva generics,M01AE01,M01AE01
IBUPROFENE ZENTIVA ITALIA,ibuprofene zentiva italia,M01AE01,M01AE01
IBUPROFENE ZENTIVA LAB,ibuprofene zentiva lab,M01AE01,M01AE01
IBUSTRIN,ibustrin,B01AC10,B01AC10
ICALZISS,icalziss,B05XA31,B05XA31
ICANDRA,icandra,A10BD08,A10BD08
ICATIBANT ACCORD,icatibant accord,B06AC02,B06AC02
ICATIBANT AMAROX,icatibant amarox,B06AC02,B06AC02
ICATIBANT EG,icatibant eg,B06AC02,B06AC02
ICATIBANT GP-PHARM,icatibant gp-pharm,B06AC02,B06AC02
ICATIBANT HIKMA,icatibant hikma,B06AC02,B06AC02
ICATIBANT MYLAN,icatibant mylan,B06AC02,B06AC02
ICATIBANT PIRAMAL,icatibant piramal,B06AC02,B06AC02
ICATIBANT TEVA,icatibant teva,B06AC02,B06AC02
ICATIBANT ZENTIVA,icatibant zentiva,B06AC02,B06AC02
ICLUSIG,iclusig,L01EA05,L01EA05
ICOMB,icomb,C09BB07,C09BB07
ICOTHERA,icothera,B05DA,B05DA
ICTAMMOLO AFOM,ictammolo afom,D10AB02,D10AB02
ICTAMMOLO ALMUS,ictammolo almus,D10AB02,D10AB02
ICTAMMOLO MARCO VITI,ictammolo marco viti,D10AB02,D10AB02
ICTAMMOLO NEW.FA.DEM.,ictammolo new.fa.dem.,D10AB02,D10AB02
ICTAMMOLO NOVA ARGENTIA,ictammolo nova argentia,D10AB02,D10AB02
ICTAMMOLO SELLA,ictammolo sella,D10AB02,D10AB02
ICTAMMOLO ZETA,ictammolo zeta,D10AB02,D10AB02
IDACIO,idacio,L04AB04,L04AB04
IDALAZIDE,idalazide,C09DA08,C09DA08
IDALMAN,idalman,C09CA08,C09CA08
IDEFIRIX,idefirix,L04AA41,L04AA41
IDELVION,idelvion,B02BD04,B02BD04
IDEOS,ideos,A12AX,A12AX
IDILLA,idilla,G03AB08,G03AB08
IDRASTIL,idrastil,S01XA20,S01XA20
IDROCHINIDINA LIRCA,idrochinidina lirca,C01BA13,C01BA13
IDROCLOROTIAZIDE AUROBINDO,idroclorotiazide aurobindo,C03AA03,C03AA03
IDROQUARK,idroquark,C09BA05,C09BA05
IDROSSICARBAMIDE AUROBINDO,idrossicarbamide aurobindo,L01XX05,L01XX05
IDROSSICLOROCHINA AUROBINDO,idrossiclorochina aurobindo,P01BA02,P01BA02
IDROSSICLOROCHINA DOC,idrossiclorochina doc,P01BA02,P01BA02
IDROTENS,idrotens,C09DA06,C09DA06
IFENEC,ifenec,G01AF05|D01AC03,
IFIRMACOMBI,ifirmacombi,C09DA04,C09DA04
IFIRMASTA,ifirmasta,C09CA04,C09CA04
IG VENA,ig vena,J06BA02,J06BA02
IGAMAD,igamad,J06BB01,J06BB01
IGANTET,igantet,J06BB02,J06BB02
IGANTIBE,igantibe,J06BA01|J06BB04,
IGNATIA AMARA,ignatia amara,V03AX,V03AX
IGNATIA AMARA DYNAMIS,ignatia amara dynamis,V03AX,V03AX
IGNATIA VIS-HP,ignatia vis-hp,V03AX,V03AX
IGROSELES,igroseles,C07CB03,C07CB03
IGROTON,igroton,C03BA04,C03BA04
IKERVIS,ikervis,S01XA18,S01XA18
ILARIS,ilaris,L04AC08,L04AC08
ILLUCCIX,illuccix,V09IX14,V09IX14
ILMOCIN GOLA DOLORE,ilmocin gola dolore,A01AD11,A01AD11
ILMODEC FEBBRE E NASO CHIUSO,ilmodec febbre e naso chiuso,N02BE51,N02BE51
ILMODOL DOLORE E INFIAMMAZIONE,ilmodol dolore e infiammazione,M02AA07,M02AA07
ILMODOL DOLORI ARTICOLARI E MUSCOLARI,ilmodol dolori articolari e muscolari,M02AA15,M02AA15
ILMOTASK,ilmotask,M01AE03,M01AE03
ILOPROST RAFARM,iloprost rafarm,B01AC11,B01AC11
ILOPROST TEVA,iloprost teva,B01AC11,B01AC11
ILOPROST ZENTIVA,iloprost zentiva,B01AC11,B01AC11
ILOPROST ZENTIVA ITALIA,iloprost zentiva italia,B01AC11,B01AC11
ILUMETRI,ilumetri,L04AC17,L04AC17
ILUVIEN,iluvien,S01BA15,S01BA15
IMAAVY,imaavy,L04AL03,L04AL03
IMAFUSIN,imafusin,D07CC01,D07CC01
IMANIVEC,imanivec,L01EA01,L01EA01
IMATINIB ACCORD,imatinib accord,L01EA01,L01EA01
IMATINIB DR. REDDY'S,imatinib dr. reddy's,L01EA01,L01EA01
IMATINIB EG STADA,imatinib eg stada,L01EA01,L01EA01
IMATINIB SANDOZ,imatinib sandoz,L01EA01,L01EA01
IMATINIB TEVA,imatinib teva,L01EA01,L01EA01
IMBAXIR,imbaxir,C09BA05,C09BA05
IMBRUVICA,imbruvica,L01EL01,L01EL01
IMCIVREE,imcivree,A08AA12,A08AA12
IMFINZI,imfinzi,L01FF03,L01FF03
IMIDAZYL,imidazyl,S01GA01,S01GA01
IMIDAZYL ANTISTAMINICO,imidazyl antistaminico,S01GA51,S01GA51
IMIGRAN,imigran,N02CC01,N02CC01
IMIPENEM CILASTATINA KABI,imipenem cilastatina kabi,J01DH51,J01DH51
IMIPENEM E CILASTATINA AUROBINDO,imipenem e cilastatina aurobindo,J01DH51,J01DH51
IMIPENEM E CILASTATINA HIKMA,imipenem e cilastatina hikma,J01DH51,J01DH51
IMIPENEM E CILASTATINA NORIDEM,imipenem e cilastatina noridem,J01DH51,J01DH51
IMIPENEM E CILASTATINA STERISCIENCE,imipenem e cilastatina steriscience,J01DH51,J01DH51
IMIPENEM E CILASTATINA SUN,imipenem e cilastatina sun,J01DH51,J01DH51
IMJUDO,imjudo,L01FX20,L01FX20
IMLYGIC,imlygic,L01XX51,L01XX51
IMMUBRON,immubron,J07AX,J07AX
IMMUNOHBS,immunohbs,J06BB04,J06BB04
IMMUNORHO,immunorho,J06BB01,J06BB01
IMMUTREX,immutrex,L04AX03,L04AX03
IMNOVID,imnovid,L04AX06,L04AX06
IMO 09,imo 09,V03AX,V03AX
IMO 10,imo 10,V03AX,V03AX
IMODIUM,imodium,A07DA03,A07DA03
IMODIUM DIARREA E METEORISMO,imodium diarrea e meteorismo,A07DA53,A07DA53
IMOLAST,imolast,S01ED51,S01ED51
IMOVANE,imovane,N05CF01,N05CF01
IMOVAX POLIO,imovax polio,J07BF03,J07BF03
IMOVAX TETANO,imovax tetano,J07AM01,J07AM01
IMPETEX,impetex,D07BC04,D07BC04
IMRALDI,imraldi,L04AB04,L04AB04
IMREPLYS,imreplys,L03AA09,L03AA09
IMUKIN,imukin,L03AB03,L03AB03
IMULDOSA,imuldosa,L04AC05,L04AC05
IMUNOCARE,imunocare,D06BB10,D06BB10
IMUPRET,imupret,R02A,R02A
IMVANEX,imvanex,J07BX01,J07BX01
INALOSSIN,inalossin,R07AX01,R07AX01
INAQOVI,inaqovi,L01BC58,L01BC58
INASAL,inasal,R03AL02,R03AL02
INBRIJA,inbrija,N04BA01,N04BA01
INCELLIPAN,incellipan,J07BB02,J07BB02
INCOVES,incoves,G04BD08,G04BD08
INCRELEX,increlex,H01AC03,H01AC03
INCRESYNC,incresync,A10BD09,A10BD09
INCRUSE ELLIPTA,incruse ellipta,R03BB07,R03BB07
INDAPAMIDE AUROBINDO,indapamide aurobindo,C03BA11,C03BA11
INDAPAMIDE DOC GENERICI,indapamide doc generici,C03BA11,C03BA11
INDAPAMIDE MYLAN GENERICS,indapamide mylan generics,C03BA11,C03BA11
INDAPAMIDE MYLAN GENERICS ITALIA,indapamide mylan generics italia,C03BA11,C03BA11
INDAPAMIDE PENSA,indapamide pensa,C03BA11,C03BA11
INDAPAMIDE SANDOZ,indapamide sandoz,C03BA11,C03BA11
INDERAL,inderal,C07AA05,C07AA05
INDIFAXA,indifaxa,B01AF01,B01AF01
INDIO (111-IN) OSSINA CURIUM NETHERLANDS,indio (111-in) ossina curium netherlands,V09HB01,V09HB01
INDIO (111IN) DTPA CURIUM NETHERLANDS,indio (111in) dtpa curium netherlands,V09AX01,V09AX01
INDOBUFENE EG,indobufene eg,B01AC10,B01AC10
INDOCOLLIRIO,indocollirio,S01BC01,S01BC01
INDOM,indom,S01BC01,S01BC01
INDOXEN,indoxen,M01AB01,M01AB01
INDUCTOS,inductos,M05BC01,M05BC01
INDUSIL,indusil,B03BA04,B03BA04
INEGY,inegy,C10BA02,C10BA02
INFANRIX HEXA,infanrix hexa,J07CA09,J07CA09
INFECTOFOS,infectofos,J01XX01,J01XX01
INFECTOSCAB,infectoscab,P03AC04,P03AC04
INFEUR,infeur,J01XX01,J01XX01
INFLORAN,infloran,A07FA51,A07FA51
INFLUVAC S,influvac s,J07BB02,J07BB02
INFLUVAC S TETRA,influvac s tetra,J07BB02,J07BB02
INFRAMIN,inframin,B05BA01,B05BA01
INFUPLAS,infuplas,B05AA06,B05AA06
INHIXA,inhixa,B01AB05,B01AB05
INIBACE,inibace,C09AA08,C09AA08
INIBACE PLUS,inibace plus,C09BA08,C09BA08
INIMUR,inimur,G01AX05,G01AX05
INIMUR COMPLEX,inimur complex,G01AA51,G01AA51
INIPANT,inipant,A02BC02,A02BC02
INITISS,initiss,C09AA08,C09AA08
INITISS PLUS,initiss plus,C09BA08,C09BA08
INIZOL,inizol,A02BC02,A02BC02
INLURIYO,inluriyo,L02BA,L02BA
INLYTA,inlyta,L01EK01,L01EK01
INNOHEP,innohep,B01AB10,B01AB10
INOMAX,inomax,R07AX01,R07AX01
INOVELON,inovelon,N03AF03,N03AF03
INREBIC,inrebic,L01EJ02,L01EJ02
INSPRA,inspra,C03DA04,C03DA04
INSTANYL,instanyl,N02AB03,N02AB03
INSULINA ASPART SANOFI,insulina aspart sanofi,A10AB05,A10AB05
INSULINA LISPRO SANOFI,insulina lispro sanofi,A10AB04,A10AB04
INSUMAN,insuman,A10AB01,A10AB01
INTEB,inteb,A07EA06,A07EA06
INTELENCE,intelence,J05AG04,J05AG04
INTERFOS,interfos,J01XX01,J01XX01
INTERPRIL,interpril,C09BA15,C09BA15
INTESTICORT,intesticort,A07EA06,A07EA06
INTESTICORTMONO,intesticortmono,A07EA06,A07EA06
INTESTICORTPROCT,intesticortproct,A07EA06,A07EA06
INTRAFER,intrafer,B03AB05,B03AB05
INTRALIPID,intralipid,B05BA02,B05BA02
INTRAROSA,intrarosa,G03XX01,G03XX01
INTRATECT,intratect,J06BA02,J06BA02
INUVER,inuver,R03AK08,R03AK08
INVANZ,invanz,J01DH03,J01DH03
INVEGA,invega,N05AX13,N05AX13
INVOKANA,invokana,A10BK02,A10BK02
IODIO ALMUS,iodio almus,D08AG03,D08AG03
IODIO MARCO VITI,iodio marco viti,D08AG03|A12CX,
IODIO NEW.FA.DEM.,iodio new.fa.dem.,D08AG03|A12CX,
IODIO NOVA ARGENTIA,iodio nova argentia,D08AG03|A12CX,
IODIO SELLA,iodio sella,D08AG03|A12CX,
IODIO ZETA,iodio zeta,D08AG03|A12CX,
IODIUM,iodium,V03AX,V03AX
IODOTEN,iodoten,D08AG02,D08AG02
IODUM,iodum,V03AX,V03AX
IODUM DYNAMIS,iodum dynamis,V03AX,V03AX
IODURO DI POTASSIO SERB,ioduro di potassio serb,V03AB21,V03AB21
IOFLUPANE (123I) ROTOP,ioflupane (123i) rotop,V09AB03,V09AB03
IOLAC,iolac,S01BC11,S01BC11
IOMERON,iomeron,V08AB10,V08AB10
IONOVOL,ionovol,B05BB01,B05BB01
IOPAMIRO,iopamiro,V08AB04,V08AB04
IOPASEN,iopasen,V08AB04,V08AB04
IOPIDINE,iopidine,S01EA03,S01EA03
IOPIZE,iopize,S01EE01,S01EE01
IPAMIX,ipamix,C03BA11,C03BA11
IPECA,ipeca,V03AX,V03AX
IPECA DYNAMIS,ipeca dynamis,V03AX,V03AX
IPER G,iper g,V03AX,V03AX
IPERSART,ipersart,C09DA01,C09DA01
IPERTEN,iperten,C08CA11,C08CA11
IPERTROFAN,ipertrofan,G04CX03,G04CX03
IPNOLOR,ipnolor,N05CD06,N05CD06
IPNOVEL,ipnovel,N05CD08,N05CD08
IPOFISI TOTALE,ipofisi totale,V03AX,V03AX
IPOKIMA,ipokima,S01CA01,S01CA01
IPSOFLOG,ipsoflog,M01AC01|M02AA07,
IPSTYL,ipstyl,H01CB03,H01CB03
IQIRVO,iqirvo,A05AX06,A05AX06
IQYMUNE,iqymune,J06BA02,J06BA02
IRBEDIUR,irbediur,C09DA04,C09DA04
IRBESARTAN ACCORD,irbesartan accord,C09CA04,C09CA04
IRBESARTAN AUROBINDO,irbesartan aurobindo,C09CA04,C09CA04
IRBESARTAN DOC GENERICI,irbesartan doc generici,C09CA04,C09CA04
IRBESARTAN E IDROCLOROTIAZIDE ALTER,irbesartan e idroclorotiazide alter,C09DA04,C09DA04
IRBESARTAN E IDROCLOROTIAZIDE AUROBINDO,irbesartan e idroclorotiazide aurobindo,C09DA04,C09DA04
IRBESARTAN E IDROCLOROTIAZIDE DOC GENERICI,irbesartan e idroclorotiazide doc generici,C09DA04,C09DA04
IRBESARTAN E IDROCLOROTIAZIDE EG,irbesartan e idroclorotiazide eg,C09DA04,C09DA04
IRBESARTAN E IDROCLOROTIAZIDE MYLAN,irbesartan e idroclorotiazide mylan,C09DA04,C09DA04
IRBESARTAN E IDROCLOROTIAZIDE PENSA,irbesartan e idroclorotiazide pensa,C09DA04,C09DA04
IRBESARTAN E IDROCLOROTIAZIDE SANDOZ,irbesartan e idroclorotiazide sandoz,C09DA04,C09DA04
IRBESARTAN E IDROCLOROTIAZIDE TECNIGEN,irbesartan e idroclorotiazide tecnigen,C09DA04,C09DA04
IRBESARTAN EG,irbesartan eg,C09CA04,C09CA04
IRBESARTAN HYDROCLOROTHIAZIDE ZENTIVA,irbesartan hydroclorothiazide zentiva,C09DA04,C09DA04
IRBESARTAN MACLEODS PHARMA,irbesartan macleods pharma,C09CA04,C09CA04
IRBESARTAN MYLAN,irbesartan mylan,C09CA04,C09CA04
IRBESARTAN SANDOZ,irbesartan sandoz,C09CA04,C09CA04
IRBESARTAN TECNIGEN,irbesartan tecnigen,C09CA04,C09CA04
IRBESARTAN TEVA,irbesartan teva,C09CA04,C09CA04
IRBESARTAN ZENTIVA,irbesartan zentiva,C09CA04,C09CA04
IRBESARTAN/IDROCLOROTIAZIDE TEVA,irbesartan/idroclorotiazide teva,C09DA04,C09DA04
IRBETENS,irbetens,C09CA04,C09CA04
IRESSA,iressa,L01EB01,L01EB01
IRETIG,iretig,G04BD12,G04BD12
IRGASS,irgass,S01BC11,S01BC11
IRIDINA ANTIBIOTICO,iridina antibiotico,S02AA,S02AA
IRIDINA DUE,iridina due,S01GA01,S01GA01
IRIDINA INFEZIONI E INFIAMMAZIONI,iridina infezioni e infiammazioni,S01CA01,S01CA01
IRIDINA LIGHT,iridina light,S01AX,S01AX
IRINOTECAN ACCORD,irinotecan accord,L01CE02,L01CE02
IRINOTECAN AUROBINDO,irinotecan aurobindo,L01CE02,L01CE02
IRINOTECAN GLENMARK,irinotecan glenmark,L01CE02,L01CE02
IRINOTECAN KABI,irinotecan kabi,L01CE02,L01CE02
IRINOTECAN MYLAN GENERICS,irinotecan mylan generics,L01CE02,L01CE02
IRINOTECAN SUN **,irinotecan sun **,L01CE02,L01CE02
IRINTO,irinto,L01CE02,L01CE02
IRIREACT,irireact,S01GA52,S01GA52
IRIREOS ANTISTAMINICO,irireos antistaminico,R06AE07,R06AE07
IRIS VERSICOLOR,iris versicolor,V03AX,V03AX
IRIS VERSICOLOR DYNAMIS,iris versicolor dynamis,V03AX,V03AX
IRISYX,irisyx,V03AX,V03AX
IRPLUS (SYNERGIPLUS N.504),irplus (synergiplus n.504),V03AX,V03AX
IRUXOL,iruxol,D03BA52,D03BA52
ISCOVER,iscover,B01AC04,B01AC04
ISDIBEN,isdiben,D10BA01,D10BA01
ISENTRESS,isentress,J05AJ01,J05AJ01
ISKIDROP,iskidrop,C08CA06,C08CA06
ISMIGEN,ismigen,J07AX,J07AX
ISMO,ismo,C01DA14,C01DA14
ISOCEF,isocef,J01DD14,J01DD14
ISOCOLAN,isocolan,A06AD65,A06AD65
ISODIFA,isodifa,D10BA01,D10BA01
ISODOL,isodol,M01AX17,M01AX17
ISOFENAL,isofenal,M01AE03,M01AE03
ISOLYTE,isolyte,B05BB02,B05BB02
ISONLY,isonly,C01CA02,C01CA02
ISOPRENALINA CLORIDRATO GALENICA SENESE,isoprenalina cloridrato galenica senese,C01CA02,C01CA02
ISOPRENALINA CLORIDRATO MONICO,isoprenalina cloridrato monico,C01CA02,C01CA02
ISOPRENALINA CLORIDRATO S.A.L.F.,isoprenalina cloridrato s.a.l.f.,C01CA02,C01CA02
ISOPTIN,isoptin,C08DA01,C08DA01
ISOPURAMIN,isopuramin,B05BA01,B05BA01
ISORAM,isoram,B05BA01,B05BA01
ISOREN,isoren,B05BA01,B05BA01
ISORIAC,isoriac,D10BA01,D10BA01
ISOSELECT,isoselect,B05BA01,B05BA01
ISOSORBIDE MONONITRATO DOC GENERICI,isosorbide mononitrato doc generici,C01DA14,C01DA14
ISOSORBIDE MONONITRATO EG,isosorbide mononitrato eg,C01DA14,C01DA14
ISOSORBIDE MONONITRATO SANDOZ,isosorbide mononitrato sandoz,C01DA14,C01DA14
ISOTIORGA,isotiorga,D10BA01,D10BA01
ISOTRETINOINA DIFA,isotretinoina difa,D10AD04,D10AD04
ISOTRETINOINA DIFA COOPER,isotretinoina difa cooper,D10BA01,D10BA01
ISOTRETINOINA DOC,isotretinoina doc,D10AB01,D10AB01
ISTURISA,isturisa,H02CA02,H02CA02
ITALEPT,italept,N03AX14,N03AX14
ITALPRID,italprid,N05AL03,N05AL03
ITAMI,itami,M02AA15,M02AA15
ITAMI UNIDIE,itami unidie,M02AA15,M02AA15
ITAMIDOL,itamidol,M02AA15,M02AA15
ITAMIFAST,itamifast,M01AB05,M01AB05
ITOVEBI,itovebi,L,L
ITRACONAZOLO DOC GENERICI,itraconazolo doc generici,J02AC02,J02AC02
ITRACONAZOLO EG,itraconazolo eg,J02AC02,J02AC02
ITRACONAZOLO MYLAN GENERICS,itraconazolo mylan generics,J02AC02,J02AC02
ITRACONAZOLO SANDOZ,itraconazolo sandoz,J02AC02,J02AC02
ITRACONAZOLO TEVA,itraconazolo teva,J02AC02,J02AC02
ITRAGERM,itragerm,J02AC02,J02AC02
ITRIN,itrin,C02CA,C02CA
ITTRIO (90Y) CITRATO CURIUM ITALY,ittrio (90y) citrato curium italy,V10AA01,V10AA01
ITUXREDI,ituxredi,L01XC02,L01XC02
IVABRADINA ACCORD,ivabradina accord,C01EB17,C01EB17
IVABRADINA ANPHARM,ivabradina anpharm,C01EB17,C01EB17
IVABRADINA AUROBINDO,ivabradina aurobindo,C01EB17,C01EB17
IVABRADINA DOC GENERICI,ivabradina doc generici,C01EB17,C01EB17
IVABRADINA EG,ivabradina eg,C01EB17,C01EB17
IVABRADINA KRKA,ivabradina krka,C01EB17,C01EB17
IVABRADINA MYLAN PHARMA,ivabradina mylan pharma,C01EB17,C01EB17
IVABRADINA SANDOZ,ivabradina sandoz,C01EB17,C01EB17
IVABRADINA TEVA ITALIA,ivabradina teva italia,C01EB17,C01EB17
IVABRADINA ZENTIVA,ivabradina zentiva,C01EB17,C01EB17
IVACAFTOR ACCORD,ivacaftor accord,R07AX02,R07AX02
IVACAFTOR SUN,ivacaftor sun,R07AX02,R07AX02
IVEMEND,ivemend,A04AD12,A04AD12
IVERCARE,ivercare,D11AX22,D11AX22
IVERMECTINA DIFA,ivermectina difa,P02CF01,P02CF01
IVERMECTINA GIULIANI,ivermectina giuliani,P02CF01,P02CF01
IVERSCAB,iverscab,P02CF01,P02CF01
IVOR,ivor,B01AB12,B01AB12
IXCHIQ,ixchiq,J07BX,J07BX
IXED,ixed,B02BD04,B02BD04
IXIARO,ixiaro,J07BA02,J07BA02
IXILANIA,ixilania,N06AX16,N06AX16
IZAMBY,izamby,M05BX04,M05BX04
IZBA,izba,S01EE04,S01EE04
IZINOVA,izinova,A06AD10,A06AD10
IZUMIS,izumis,A10BA02,A10BA02
JABORANDI DYNAMIS,jaborandi dynamis,V03AX,V03AX
JADIZA,jadiza,G03AA07,G03AA07
JAKAVI,jakavi,L01EJ01,L01EJ01
JALRA,jalra,A10BH02,A10BH02
JANUMET,janumet,A10BD07,A10BD07
JANUVIA,januvia,A10BH01,A10BH01
JARDIANCE,jardiance,A10BK03,A10BK03
JAVLOR,javlor,L01CA05,L01CA05
JAYDESS,jaydess,G02BA03,G02BA03
JAYEMPI,jayempi,L04AX01,L04AX01
JAYPIRCA,jaypirca,L01EL05,L01EL05
JELNU,jelnu,G04CA52,G04CA52
JEMPERLI,jemperli,L01FF07,L01FF07
JENTADUETO,jentadueto,A10BD11,A10BD11
JEVTANA,jevtana,L01CD04,L01CD04
JEXT,jext,C01CA24,C01CA24
JINARC,jinarc,C03XA01,C03XA01
JIVI,jivi,B02BD02,B02BD02
JODOCUR,jodocur,D08AG02,D08AG02
JOINTRAL,jointral,M02AA13,M02AA13
JOLASTIC,jolastic,N02BE51,N02BE51
JORVEZA,jorveza,A07EA06,A07EA06
JUBBONTI,jubbonti,M05BX04,M05BX04
JUBEREQ,jubereq,M05BX04,M05BX04
JUBLIA,jublia,D01AC19,D01AC19
JUGLANS REGIA,juglans regia,V03AX,V03AX
JUGLANS REGIA DYNAMIS,juglans regia dynamis,V03AX,V03AX
JULUCA,juluca,J05AR21,J05AR21
JUMEX,jumex,N04BD01,N04BD01
JUNIPERUS COMMUNIS DYNAMIS,juniperus communis dynamis,V03AX,V03AX
JUNOD,junod,M05BX04,M05BX04
"JYNNEOS (AUT. D.LGS. 219/2006 ART.5, C.2)","jynneos (aut. d.lgs. 219/2006 art.5, c.2)",J07BX,J07BX
JYSELECA,jyseleca,L04AF04,L04AF04
K2 F DIA,k2 f dia,V03AX,V03AX
KABIVEN,kabiven,B05BA10,B05BA10
KADCYLA,kadcyla,L01FD03,L01FD03
KADIUR,kadiur,C03EA14,C03EA14
KAFENAC,kafenac,M01AB16|M02AA25,
KAFTRIO,kaftrio,R07AX32,R07AX32
KAIDOR,kaidor,N06AB04,N06AB04
KALED,kaled,A11CC06,A11CC06
KALETRA,kaletra,J05AR10,J05AR10
KALINOX,kalinox,N01AX63,N01AX63
KALIUM BICHROMICUM,kalium bichromicum,V03AX,V03AX
KALIUM BICHROMICUM DYNAMIS,kalium bichromicum dynamis,V03AX,V03AX
KALIUM BROMATUM,kalium bromatum,V03AX,V03AX
KALIUM BROMATUM DYNAMIS,kalium bromatum dynamis,V03AX,V03AX
KALIUM CARBONICUM,kalium carbonicum,V03AX,V03AX
KALIUM CARBONICUM DYNAMIS,kalium carbonicum dynamis,V03AX,V03AX
KALIUM CHLORATUM D6 SALE DR. SCHUSSLER N. 4,kalium chloratum d6 sale dr. schussler n. 4,V03AX,V03AX
KALIUM IODATUM,kalium iodatum,V03AX,V03AX
KALIUM IODATUM DYNAMIS,kalium iodatum dynamis,V03AX,V03AX
KALIUM MURIATICUM,kalium muriaticum,V03AX,V03AX
KALIUM MURIATICUM DYNAMIS,kalium muriaticum dynamis,V03AX,V03AX
KALIUM NITRICUM,kalium nitricum,V03AX,V03AX
KALIUM NITRICUM DYNAMIS,kalium nitricum dynamis,V03AX,V03AX
KALIUM PHOSPHORICUM,kalium phosphoricum,V03AX,V03AX
KALIUM PHOSPHORICUM D6 SALE DR. SCHUSSLER N. 5,kalium phosphoricum d6 sale dr. schussler n. 5,V03AX,V03AX
KALIUM PHOSPHORICUM DYNAMIS,kalium phosphoricum dynamis,V03AX,V03AX
KALIUM SULFURICUM,kalium sulfuricum,V03AX,V03AX
KALIUM SULFURICUM D6 SALE DR. SCHUSSLER N. 6,kalium sulfuricum d6 sale dr. schussler n. 6,V03AX,V03AX
KALIUM SULFURICUM DYNAMIS,kalium sulfuricum dynamis,V03AX,V03AX
KALMIA LATIFOLIA,kalmia latifolia,V03AX,V03AX
KALMIA LATIFOLIA DYNAMIS,kalmia latifolia dynamis,V03AX,V03AX
KALMIA OTI COMPOSTO,kalmia oti composto,V03AX,V03AX
KALOBA,kaloba,R05X,R05X
KALYDECO,kalydeco,R07AX02,R07AX02
KAMAN,kaman,A07AA06,A07AA06
KANJINTI,kanjinti,L01FD01,L01FD01
KANRENOL,kanrenol,C03DA02,C03DA02
KANUMA,kanuma,A16AB14,A16AB14
KAPDOLEN,kapdolen,N02BF02,N02BF02
KAPRUVIA,kapruvia,V03AX04,V03AX04
KARVEA,karvea,C09CA04,C09CA04
KARVEZIDE,karvezide,C09DA04,C09DA04
KATARFLUID,katarfluid,R05CB03,R05CB03
KATAVAL,kataval,D07CB01,D07CB01
KAULIV,kauliv,H05AA02,H05AA02
KAVIGALE,kavigale,J06BD09,J06BD09
KAVOFLOG,kavoflog,A01AD11,A01AD11
KAYEXALATE,kayexalate,V03AE01,V03AE01
KAYFANDA,kayfanda,A05AX,A05AX
KCL RETARD,kcl retard,A12BA01,A12BA01
KEDCOM,kedcom,B02BD01,B02BD01
KEDHBS,kedhbs,J06BB04,J06BB04
KEFORAL,keforal,J01DB01,J01DB01
KELIS,kelis,M01AE03,M01AE03
KELIS DOLORE E INFIAMMAZIONE,kelis dolore e infiammazione,M01AE03,M01AE03
KELSEE,kelsee,G03AA16,G03AA16
KEMIC,kemic,M01AE17,M01AE17
KENACORT,kenacort,H02AB08,H02AB08
KENDO,kendo,M01AE01,M01AE01
KENGREXAL,kengrexal,B01AC25,B01AC25
KENTERA,kentera,G04BD04,G04BD04
KEPLAT,keplat,M02AA10,M02AA10
KEPPRA,keppra,N03AX14,N03AX14
KERAFLOX,keraflox,J01MA17,J01MA17
KERENDIA,kerendia,C03DA05,C03DA05
KERITRINA,keritrina,C01DA02,C01DA02
KERLON,kerlon,C07AB05,C07AB05
KESIMPTA,kesimpta,L04AG12,L04AG12
KESOL,kesol,R01AD05,R01AD05
KESSAR,kessar,L02BA01,L02BA01
KESTINE,kestine,R06AX22,R06AX22
KESTINLYO,kestinlyo,R06AX22,R06AX22
KESTRELLE,kestrelle,G03AC09,G03AC09
KETAMINA MOLTENI,ketamina molteni,N01AX03,N01AX03
KETAZED,ketazed,S01GX08,S01GX08
KETESSE,ketesse,M01AE17,M01AE17
KETIRIX,ketirix,S01GX08,S01GX08
KETOCONAZOLE ESTEVE,ketoconazole esteve,H02CA03,H02CA03
KETODIPIL,ketodipil,M01AE03,M01AE03
KETODOL,ketodol,M01AE53,M01AE53
KETODOTASK,ketodotask,M01AE03,M01AE03
KETOFTIL,ketoftil,S01GX08,S01GX08
KETONOVA,ketonova,D01AC08,D01AC08
KETOPLUS,ketoplus,M01AE03,M01AE03
KETOPROFENE EG,ketoprofene eg,M01AE03,M01AE03
KETOPROFENE EG STADA,ketoprofene eg stada,M01AE03|M02AA10,
KETOPROFENE SALE DI LISINA COOP,ketoprofene sale di lisina coop,M01AE03,M01AE03
KETOPROFENE SALE DI LISINA DOC,ketoprofene sale di lisina doc,M01AE03,M01AE03
KETOPROFENE SALE DI LISINA DOMPE',ketoprofene sale di lisina dompe',M01AE03,M01AE03
KETOPROFENE SALE DI LISINA EG,ketoprofene sale di lisina eg,M01AE03,M01AE03
KETOPROFENE SALE DI LISINA MYLAN GENERICS,ketoprofene sale di lisina mylan generics,M01AE03,M01AE03
KETOPROFENE SALE DI LISINA PENSA,ketoprofene sale di lisina pensa,M01AE03,M01AE03
KETOPROFENE SALE DI LISINA PHARMEG,ketoprofene sale di lisina pharmeg,M01AE03,M01AE03
KETOPROFENE SALE DI LISINA RATIOPHARM,ketoprofene sale di lisina ratiopharm,M01AE03,M01AE03
KETOPROFENE SALE DI LISINA ZENTIVA ITALIA,ketoprofene sale di lisina zentiva italia,M01AE03,M01AE03
KETOROLAC ABC,ketorolac abc,M01AB15,M01AB15
KETOROLAC ACCORD,ketorolac accord,M01AB15,M01AB15
KETOROLAC AUROBINDO,ketorolac aurobindo,M01AB15,M01AB15
KETOROLAC DOC GENERICI,ketorolac doc generici,M01AB15,M01AB15
KETOROLAC EG,ketorolac eg,M01AB15,M01AB15
KETOROLAC MYLAN,ketorolac mylan,M01AB15,M01AB15
KETOROLAC S.A.L.F.,ketorolac s.a.l.f.,M01AB15,M01AB15
KETOSTERIL,ketosteril,V06DD,V06DD
KETOTIFENE FARMIGEA,ketotifene farmigea,S01GX08,S01GX08
KETOTIFENE POLIFARMA,ketotifene polifarma,S01GX08,S01GX08
KEVINDOL,kevindol,M01AB15,M01AB15
KEVZARA,kevzara,L04AC14,L04AC14
KEXROLT,kexrolt,C10BA05,C10BA05
KEYCUTE,keycute,J06BA01,J06BA01
KEYMET,keymet,A10BA02,A10BA02
KEYTRUDA,keytruda,L01FF02,L01FF02
KIDTRAYZE,kidtrayze,B05AX,B05AX
KIGABEQ,kigabeq,N03AG04,N03AG04
KIMMTRAK,kimmtrak,L01XX75,L01XX75
KIMURA,kimura,C02CA04,C02CA04
KINERET,kineret,L04AC03,L04AC03
KINOFTA,kinofta,S01AE05,S01AE05
KINOX,kinox,J01MA02,J01MA02
KINPEYGO,kinpeygo,A07EA06,A07EA06
KIOVIG,kiovig,J06BA02,J06BA02
KIPLING,kipling,G03AA10,G03AA10
KIRSTY,kirsty,A10AB05,A10AB05
KISPLYX,kisplyx,L01EX08,L01EX08
KISQALI,kisqali,L01EF02,L01EF02
KISUNLA,kisunla,N06DX05,N06DX05
KIVEXA,kivexa,J05AR02,J05AR02
KLACID,klacid,J01FA09,J01FA09
KLAIDER,klaider,J02AC01,J02AC01
KLAIRA,klaira,G03AB08,G03AB08
KLAVUX,klavux,J01CR02,J01CR02
KLEDER,kleder,L04AX04,L04AX04
KLEKTICA,klektica,J01MA12,J01MA12
KLIACEF,kliacef,J01DC04,J01DC04
KLIMAKTOPLANT,klimaktoplant,V03AX,V03AX
KLISYRI,klisyri,D06BX03,D06BX03
KLODIN,klodin,B01AC05,B01AC05
KLOSTENAL,klostenal,A07EA07,A07EA07
KLOTT,klott,B02BD02,B02BD02
KOBEY,kobey,C10AX09,C10AX09
KOCEFAN,kocefan,J01DD04,J01DD04
KODIAK,kodiak,M01AE03,M01AE03
KOFIMUCIL MUCOLITICO,kofimucil mucolitico,R05CB01,R05CB01
KOFITUSS MUCOLITICO,kofituss mucolitico,R05CB03,R05CB03
KOFITUSS SEDATIVO TOSSE,kofituss sedativo tosse,R05DB27,R05DB27
KOLEKLIN,koleklin,C10AA07,C10AA07
KOLEROS,koleros,C10AA07,C10AA07
KOLESTER,kolester,C10AA05,C10AA05
KOLIBRI,kolibri,N02AJ13,N02AJ13
KOLOSYX,kolosyx,V03AX,V03AX
KOMBOGLYZE,komboglyze,A10BD10,A10BD10
KOMEZOL,komezol,A02BC01,A02BC01
KOMOREBI,komorebi,S01BC05,S01BC05
KONAKION,konakion,B02BA01,B02BA01
KORTANT,kortant,R01AD58,R01AD58
KOSELUGO,koselugo,L01EE04,L01EE04
KOSTAIVE,kostaive,J07BX03,J07BX03
KOVALTRY,kovaltry,B02BD02,B02BD02
KRAZATI,krazati,L01XX77,L01XX77
KRENOSIN,krenosin,C01EB10,C01EB10
KREOSOTUM,kreosotum,V03AX,V03AX
KREOSOTUM DYNAMIS,kreosotum dynamis,V03AX,V03AX
KROVANEG,krovaneg,A02BC03,A02BC03
KRUDIPIN,krudipin,C08CA01,C08CA01
KRUKLAR,kruklar,J01FA09,J01FA09
KRUPIL,krupil,C09AA05,C09AA05
KRUPLUS,kruplus,C09BA05,C09BA05
KRUSTAT,krustat,C10AA01,C10AA01
KRUXADE,kruxade,J01CR02,J01CR02
KRUXAGON,kruxagon,A02BC01,A02BC01
KRYPTOCUR,kryptocur,H01CA01,H01CA01
KUROVENT,kurovent,R03AC13,R03AC13
KUVAN,kuvan,A16AX07,A16AX07
KYBERNIN P,kybernin p,B01AB02,B01AB02
KYLEENA,kyleena,G02BA03,G02BA03
KYMRIAH,kymriah,L01XL04,L01XL04
KYNMOBI,kynmobi,N04BC07,N04BC07
KYNTHEUM,kyntheum,L04AC12,L04AC12
KYPROLIS,kyprolis,L01XG02,L01XG02
KYTRIL,kytril,A04AA02,A04AA02
L 107,l 107,V03AX,V03AX
L 28,l 28,V03AX,V03AX
LABETALOLO S.A.L.F.,labetalolo s.a.l.f.,C07AG01,C07AG01
LABIGAT,labigat,C01EB18,C01EB18
LABYSYX,labysyx,V03AX,V03AX
LACHESIS MUTUS,lachesis mutus,V03AX,V03AX
LACHNANTHES TINCTORIA,lachnanthes tinctoria,V03AX,V03AX
LACIDIPINA DOC GENERICI,lacidipina doc generici,C08CA09,C08CA09
LACIDIPINA EG,lacidipina eg,C08CA09,C08CA09
LACIDIPINA MYLAN PHARMA,lacidipina mylan pharma,C08CA09,C08CA09
LACIDIPINA TECNIGEN,lacidipina tecnigen,C08CA09,C08CA09
LACIDIPINA TEVA,lacidipina teva,C08CA09,C08CA09
LACIPIL,lacipil,C08CA09,C08CA09
LACIREX,lacirex,C08CA09,C08CA09
LACOSAMIDE ACCORD,lacosamide accord,N03AX18,N03AX18
LACOSAMIDE ADROIQ,lacosamide adroiq,N03AX18,N03AX18
LACOSAMIDE AUROBINDO,lacosamide aurobindo,N03AX18,N03AX18
LACOSAMIDE DOC,lacosamide doc,N03AX18,N03AX18
LACOSAMIDE DR. REDDY'S,lacosamide dr. reddy's,N03AX18,N03AX18
LACOSAMIDE EG,lacosamide eg,N03AX18,N03AX18
LACOSAMIDE EUGIA,lacosamide eugia,N03AX18,N03AX18
LACOSAMIDE FRESENIUS KABI,lacosamide fresenius kabi,N03AX03,N03AX03
LACOSAMIDE HAMELN,lacosamide hameln,N03AX18,N03AX18
LACOSAMIDE HIKMA,lacosamide hikma,N03AX18,N03AX18
LACOSAMIDE KRKA,lacosamide krka,N03AX18,N03AX18
LACOSAMIDE MYLAN,lacosamide mylan,N03AX18,N03AX18
LACOSAMIDE OLPHA,lacosamide olpha,N03AX18,N03AX18
LACOSAMIDE SANDOZ,lacosamide sandoz,N03AX18,N03AX18
LACOSAMIDE TECNIGEN,lacosamide tecnigen,N03AX18,N03AX18
LACOSAMIDE TEVA,lacosamide teva,N03AX18,N03AX18
LACOSAMIDE TILLOMED,lacosamide tillomed,N03AX18,N03AX18
LACOSAMIDE UCB,lacosamide ucb,N03AX18,N03AX18
LACOSAMIDE VIVANTA,lacosamide vivanta,N03AX18,N03AX18
LACOSAMIDE ZENTIVA,lacosamide zentiva,N03AX18,N03AX18
LACRILUBE,lacrilube,S01XA20,S01XA20
LACRIMART,lacrimart,S01XA20,S01XA20
LACRINORM,lacrinorm,S01XA20,S01XA20
LACRISOL,lacrisol,S01XA20,S01XA20
LACTEOL,lacteol,A07FA01,A07FA01
LADIP,ladip,C08CA09,C08CA09
LAEVOLAC,laevolac,A06AD11,A06AD11
LAEVOLAC EPS,laevolac eps,V03AB,V03AB
LAILA,laila,N05BX05,N05BX05
LAMERA,lamera,C09DB02,C09DB02
LAMICTAL,lamictal,N03AX09,N03AX09
LAMISIL,lamisil,D01AE,D01AE
LAMIUM ALBUM DYNAMIS,lamium album dynamis,V03AX,V03AX
LAMIVUDINA AUROBINDO,lamivudina aurobindo,J05AF05,J05AF05
LAMIVUDINA AUROBINDO ITALIA,lamivudina aurobindo italia,J05AF05,J05AF05
LAMIVUDINA E ZIDOVUDINA AUROBINDO,lamivudina e zidovudina aurobindo,J05AR01,J05AR01
LAMIVUDINA E ZIDOVUDINA MYLAN,lamivudina e zidovudina mylan,J05AR01,J05AR01
LAMIVUDINA MYLAN,lamivudina mylan,J05AF05,J05AF05
LAMIVUDINA MYLAN PHARMA,lamivudina mylan pharma,J05AF05,J05AF05
LAMIVUDINA TEVA,lamivudina teva,J05AF05,J05AF05
LAMIVUDINA TEVA PHARMA B.V.,lamivudina teva pharma b.v.,J05AF05,J05AF05
LAMOTRIGINA DESITIN,lamotrigina desitin,N03AX09,N03AX09
LAMOTRIGINA DOC,lamotrigina doc,N03AX09,N03AX09
LAMOTRIGINA EG,lamotrigina eg,N03AX09,N03AX09
LAMOTRIGINA SANDOZ,lamotrigina sandoz,N03AX09,N03AX09
LAMPARD,lampard,A11CC05,A11CC05
LAMZEDE,lamzede,A16AB15,A16AB15
LANDIOBLOC,landiobloc,C07AB14,C07AB14
LANETIK,lanetik,C09BA02,C09BA02
LANEX,lanex,C09AA02,C09AA02
LANGIPRAV,langiprav,C10AA03,C10AA03
LANOXIN,lanoxin,C01AA05,C01AA05
LANRENET,lanrenet,H01CB03,H01CB03
LANREOTIDE SUN,lanreotide sun,H01CB03,H01CB03
LANREOTIDE ZENTIVA,lanreotide zentiva,H01CB03,H01CB03
LANSOCEL,lansocel,A02BC03,A02BC03
LANSODOR,lansodor,A02BC03,A02BC03
LANSOPRAZOLO ABC,lansoprazolo abc,A02BC03,A02BC03
LANSOPRAZOLO ALMUS,lansoprazolo almus,A02BC03,A02BC03
LANSOPRAZOLO ALTER,lansoprazolo alter,A02BC03,A02BC03
LANSOPRAZOLO AUROBINDO,lansoprazolo aurobindo,A02BC03,A02BC03
LANSOPRAZOLO DOC,lansoprazolo doc,A02BC03,A02BC03
LANSOPRAZOLO EG,lansoprazolo eg,A02BC03,A02BC03
LANSOPRAZOLO EG STADA,lansoprazolo eg stada,A02BC03,A02BC03
LANSOPRAZOLO FG,lansoprazolo fg,A02BC03,A02BC03
LANSOPRAZOLO HEXAL,lansoprazolo hexal,A02BC03,A02BC03
LANSOPRAZOLO KRKA,lansoprazolo krka,A02BC03,A02BC03
LANSOPRAZOLO LABORATORI ALTER,lansoprazolo laboratori alter,A02BC03,A02BC03
LANSOPRAZOLO MYLAN GENERICS,lansoprazolo mylan generics,A02BC03,A02BC03
LANSOPRAZOLO MYLAN GENERICS ITALIA,lansoprazolo mylan generics italia,A02BC03,A02BC03
LANSOPRAZOLO PENSA,lansoprazolo pensa,A02BC03,A02BC03
LANSOPRAZOLO SANDOZ BV,lansoprazolo sandoz bv,A02BC03,A02BC03
LANSOPRAZOLO SUN,lansoprazolo sun,A02BC03,A02BC03
LANSOPRAZOLO SUN PHARMA,lansoprazolo sun pharma,A02BC03,A02BC03
LANSOPRAZOLO TECNIGEN,lansoprazolo tecnigen,A02BC03,A02BC03
LANSOPRAZOLO TECNIGEN ITALIA,lansoprazolo tecnigen italia,A02BC03,A02BC03
LANSOPRAZOLO TECNIMEDE,lansoprazolo tecnimede,A02BC03,A02BC03
LANSOPRAZOLO TEVA ITALIA,lansoprazolo teva italia,A02BC03,A02BC03
LANSOPRAZOLO ZENTIVA,lansoprazolo zentiva,A02BC03,A02BC03
LANSOX,lansox,A02BC03,A02BC03
LANTANON,lantanon,N06AX03,N06AX03
LANTIGEN B,lantigen b,J07AX,J07AX
LANTUS,lantus,A10AE04,A10AE04
LAOSSIAN,laossian,A10BD07,A10BD07
LAPATINIB EG,lapatinib eg,L01EH01,L01EH01
LAPRYSTA,laprysta,N03AX18,N03AX18
LARGACTIL,largactil,N05AA01,N05AA01
LARIAM,lariam,P01BC02,P01BC02
LAROXYL,laroxyl,N06AA09,N06AA09
LASCA,lasca,G03AA07,G03AA07
LASEA,lasea,N05BX,N05BX
LASER,laser,M01AE02,M01AE02
LASITONE,lasitone,C03EB01,C03EB01
LASIX,lasix,C03CA01,C03CA01
LASIX FIALE,lasix fiale,C03CA01,C03CA01
LASONIL ANTIDOLORE,lasonil antidolore,M02AA13,M02AA13
LASONIL ANTINFIAMMATORIO E ANTIREUMATICO,lasonil antinfiammatorio e antireumatico,M01AE02,M01AE02
LASTAFRY,lastafry,S01EE01,S01EE01
LASTAN,lastan,C09CA01,C09CA01
LASTICOM,lasticom,S01GX07,S01GX07
LATAFIX,latafix,S01ED51,S01ED51
LATANOPROST AUROBINDO,latanoprost aurobindo,S01EE01,S01EE01
LATANOPROST E TIMOLOLO AUROBINDO ITALIA,latanoprost e timololo aurobindo italia,S01ED51,S01ED51
LATANOPROST E TIMOLOLO EG,latanoprost e timololo eg,S01ED51,S01ED51
LATANOPROST E TIMOLOLO PHARMATHEN,latanoprost e timololo pharmathen,S01ED51,S01ED51
LATANOPROST E TIMOLOLO ZENTIVA,latanoprost e timololo zentiva,S01ED51,S01ED51
LATANOPROST EG,latanoprost eg,S01EE01,S01EE01
LATANOPROST MYLAN GENERICS ITALIA,latanoprost mylan generics italia,S01EE01,S01EE01
LATANOPROST PENSA PHARMA,latanoprost pensa pharma,S01EE01,S01EE01
LATANOPROST RATIOPHARM ITALIA,latanoprost ratiopharm italia,S01EE01,S01EE01
LATANOPROST SANDOZ,latanoprost sandoz,S01EE01,S01EE01
LATANOPROST SIFI,latanoprost sifi,S01EE01,S01EE01
LATANOPROST ZENTIVA,latanoprost zentiva,S01EE01,S01EE01
LATANOSTILL,latanostill,S01EE01,S01EE01
LATATIM,latatim,S01ED51,S01ED51
LATAY,latay,S01EE01,S01EE01
LATHYRUS SATIVUS DYNAMIS,lathyrus sativus dynamis,V03AX,V03AX
LATTULAC,lattulac,A06AD11,A06AD11
LATTULAC EPS,lattulac eps,A06AD11,A06AD11
LATTULOSIO ABC,lattulosio abc,A06AD11,A06AD11
LATTULOSIO ALMUS,lattulosio almus,A06AD11,A06AD11
LATTULOSIO ALTER,lattulosio alter,A06AD11,A06AD11
LATTULOSIO AUROBINDO,lattulosio aurobindo,A06AD11,A06AD11
LATTULOSIO COOPER,lattulosio cooper,A06AD11,A06AD11
LATTULOSIO EG,lattulosio eg,A06AD11,A06AD11
LATTULOSIO PENSA,lattulosio pensa,A06AD11,A06AD11
LATTULOSIO SANDOZ,lattulosio sandoz,A06AD11,A06AD11
LATTULOSIO TEVA,lattulosio teva,A06AD11,A06AD11
LATTULOSIO ZENTIVA,lattulosio zentiva,A06AD11,A06AD11
LATUDA,latuda,N05AE05,N05AE05
LAUROCERASUS,laurocerasus,V03AX,V03AX
LAUROCERASUS DYNAMIS,laurocerasus dynamis,V03AX,V03AX
LAUROMICINA,lauromicina,D07CC02,D07CC02
LAVANCAP,lavancap,N05BX05,N05BX05
LAVENTAIR ELLIPTA,laventair ellipta,R03AL03,R03AL03
LAXIDO,laxido,A06AD65,A06AD65
LAXIPEG,laxipeg,A06AD15,A06AD15
LAZAPIR,lazapir,N05AH03,N05AH03
LAZCLUZE,lazcluze,L01EB09,L01EB09
LECIGIMON,lecigimon,N04BA03,N04BA03
LECITHINUM,lecithinum,V03AX,V03AX
LECROSINE,lecrosine,S01GX01,S01GX01
LEDAGA,ledaga,L01AA05,L01AA05
LEDERFOLIN,lederfolin,V03AF04,V03AF04
LEDOREN,ledoren,M01AX17,M01AX17
LEDUM PALUSTRE,ledum palustre,V03AX,V03AX
LEFISYO,lefisyo,N07BC05,N07BC05
LEFLUNOMIDE AUROBINDO,leflunomide aurobindo,L04AK01,L04AK01
LEFLUNOMIDE MEDAC,leflunomide medac,L04AK01,L04AK01
LEFLUNOMIDE MYLAN,leflunomide mylan,L04AK01,L04AK01
LEFLUNOMIDE RATIOPHARM,leflunomide ratiopharm,L04AK01,L04AK01
LEFLUNOMIDE SANDOZ,leflunomide sandoz,L04AK01,L04AK01
LEFLUNOMIDE ZENTIVA,leflunomide zentiva,L04AK01,L04AK01
LEFUNZOL,lefunzol,J02AC01,J02AC01
LEGALON,legalon,A05BA03,A05BA03
LEGAMENTI ARTICOLAZIONE GINOCCHIO,legamenti articolazione ginocchio,V03AX,V03AX
LEMAXIL,lemaxil,J01MA12,J01MA12
LEMNA MINOR DYNAMIS,lemna minor dynamis,V03AX,V03AX
LEMTRADA,lemtrada,L04AG06,L04AG06
LENALIDOMIDE ACCORD,lenalidomide accord,L04AX04,L04AX04
LENALIDOMIDE AUROBINDO,lenalidomide aurobindo,L04AX04,L04AX04
LENALIDOMIDE BIOCON,lenalidomide biocon,L04AX04,L04AX04
LENALIDOMIDE GLENMARK,lenalidomide glenmark,L04AX04,L04AX04
LENALIDOMIDE GRINDEKS,lenalidomide grindeks,L04AX04,L04AX04
LENALIDOMIDE KRKA,lenalidomide krka,L04AX04,L04AX04
LENALIDOMIDE MYLAN,lenalidomide mylan,L04AX04,L04AX04
LENALIDOMIDE OLPHA,lenalidomide olpha,L04AX04,L04AX04
LENALIDOMIDE QILU,lenalidomide qilu,L04AX04,L04AX04
LENALIDOMIDE SANDOZ,lenalidomide sandoz,L04AX04,L04AX04
LENALIDOMIDE SUN,lenalidomide sun,L04AX04,L04AX04
LENALIDOMIDE TEVA,lenalidomide teva,L04AX04,L04AX04
LENALIDOMIDE ZENTIVA,lenalidomide zentiva,L04AX04,L04AX04
LENAXOLAN,lenaxolan,C02CA04,C02CA04
LENCYA,lencya,G03AD02,G03AD02
LENDORMIN,lendormin,N05CD09,N05CD09
LENIDENT ZETA,lenident zeta,A01AD11,A01AD11
LENIL ANTIMICOTICO,lenil antimicotico,D01AC01,D01AC01
LENIL ANTIPRURITO,lenil antiprurito,D04AA10,D04AA10
LENIRIT,lenirit,D07AA02,D07AA02
LENIRIT MICOSI,lenirit micosi,D01AC01,D01AC01
LENIRIT UNGUEALE,lenirit ungueale,D01AE16,D01AE16
LENIZAK,lenizak,N02AJ14,N02AJ14
LENOSPREAD,lenospread,M02AA07,M02AA07
LENOTAC,lenotac,M02AA07,M02AA07
LENTOKALIUM,lentokalium,A12BA01,A12BA01
LENVATINIB ACCORD,lenvatinib accord,L01EX08,L01EX08
LENVATINIB SANDOZ,lenvatinib sandoz,L01EX08,L01EX08
LENVATINIB TEVA,lenvatinib teva,L01EX08,L01EX08
LENVIMA,lenvima,L01EX08,L01EX08
LENZETTO,lenzetto,G03CA03,G03CA03
LEODIZCOL,leodizcol,M03BX01,M03BX01
LEPONEX,leponex,N05AH02,N05AH02
LEPTANDRA VIRGINICA,leptandra virginica,V03AX,V03AX
LEPTANDRA VIRGINICA DYNAMIS,leptandra virginica dynamis,V03AX,V03AX
LEPTOPROL,leptoprol,L02AE02,L02AE02
LEQEMBI,leqembi,N06DX04,N06DX04
LEQVIO,leqvio,C10AX16,C10AX16
LERCADIP,lercadip,C08CA13,C08CA13
LERCANIDIPINA ACCORD,lercanidipina accord,C08CA,C08CA
LERCANIDIPINA AUROBINDO,lercanidipina aurobindo,C08CA13,C08CA13
LERCANIDIPINA CLORIDRATO PENSA,lercanidipina cloridrato pensa,C08CA13,C08CA13
LERCANIDIPINA DOC GENERICI,lercanidipina doc generici,C08CA13,C08CA13
LERCANIDIPINA EG,lercanidipina eg,C08CA13,C08CA13
LERCANIDIPINA MYLAN ITALIA,lercanidipina mylan italia,C08CA13,C08CA13
LERCANIDIPINA OMNIAPHARM,lercanidipina omniapharm,C08CA13,C08CA13
LERCANIDIPINA RATIOPHARM ITALIA,lercanidipina ratiopharm italia,C08CA13,C08CA13
LERCANIDIPINA SANDOZ,lercanidipina sandoz,C08CA13,C08CA13
LERCANIDIPINA TECNIGEN,lercanidipina tecnigen,C08CA13,C08CA13
LERCANIDIPINA ZENTIVA,lercanidipina zentiva,C08CA13,C08CA13
LERCAPREL,lercaprel,C09BB02,C09BB02
LERNA,lerna,G03AA12,G03AA12
LESCOL,lescol,C10AA04,C10AA04
LESTRONETTE,lestronette,G03AA07,G03AA07
LETRIX,letrix,L02BG04,L02BG04
LETROZOLO ALMUS,letrozolo almus,L02BG04,L02BG04
LETROZOLO ALTER,letrozolo alter,L02BG04,L02BG04
LETROZOLO AUROBINDO ITALIA,letrozolo aurobindo italia,L02BG04,L02BG04
LETROZOLO DOC GENERICI,letrozolo doc generici,L02BG04,L02BG04
LETROZOLO EG,letrozolo eg,L02BG04,L02BG04
LETROZOLO MYLAN GENERICS,letrozolo mylan generics,L02BG04,L02BG04
LETROZOLO PENSA,letrozolo pensa,L02BG04,L02BG04
LETROZOLO PENSA PHARMA,letrozolo pensa pharma,L02BG04,L02BG04
LETROZOLO SANDOZ,letrozolo sandoz,L02BG04,L02BG04
LETROZOLO SUN,letrozolo sun,L02BG04,L02BG04
LETROZOLO TECNIGEN,letrozolo tecnigen,L02BG04,L02BG04
LETROZOLO TEVA,letrozolo teva,L02BG04,L02BG04
LETROZOLO ZENTIVA,letrozolo zentiva,L02BG04,L02BG04
LETROZOLOP-CARE,letrozolop-care,L02BG04,L02BG04
LETYBO,letybo,M03AX01,M03AX01
LEUKAST,leukast,R03DC03,R03DC03
LEUKERAN,leukeran,L01AA02,L01AA02
LEUSTATIN,leustatin,L01BB04,L01BB04
LEVAIR,levair,N05AL07,N05AL07
LEVEMIR,levemir,A10AE05,A10AE05
LEVETIRACETAM ACCORD,levetiracetam accord,N03AX14,N03AX14
LEVETIRACETAM ACCORD HEALTHCARE,levetiracetam accord healthcare,N03AX14,N03AX14
LEVETIRACETAM ACTAVIS,levetiracetam actavis,N03AX14,N03AX14
LEVETIRACETAM ACTAVIS GROUP,levetiracetam actavis group,N03AX14,N03AX14
LEVETIRACETAM ALMUS,levetiracetam almus,N03AX14,N03AX14
LEVETIRACETAM ALTER,levetiracetam alter,N03AX14,N03AX14
LEVETIRACETAM ARISTO PHARMA,levetiracetam aristo pharma,N03AX14,N03AX14
LEVETIRACETAM AUROBINDO,levetiracetam aurobindo,N03AX14,N03AX14
LEVETIRACETAM AUROBINDO ITALIA,levetiracetam aurobindo italia,N03AX14,N03AX14
LEVETIRACETAM AUROBINDO PHARMA ITALIA,levetiracetam aurobindo pharma italia,N03AX14,N03AX14
LEVETIRACETAM DOC,levetiracetam doc,N03AX14,N03AX14
LEVETIRACETAM DOC GENERICS,levetiracetam doc generics,N03AX14,N03AX14
LEVETIRACETAM DOCGEN,levetiracetam docgen,N03AX14,N03AX14
LEVETIRACETAM EG,levetiracetam eg,N03AX14,N03AX14
LEVETIRACETAM EG STADA,levetiracetam eg stada,N03AX14,N03AX14
LEVETIRACETAM EG STADA ITALIA,levetiracetam eg stada italia,N03AX14,N03AX14
LEVETIRACETAM EIGNAPHARMA,levetiracetam eignapharma,N03AX14,N03AX14
LEVETIRACETAM HIKMA,levetiracetam hikma,N03AX14,N03AX14
LEVETIRACETAM HOSPIRA,levetiracetam hospira,N03AX14,N03AX14
LEVETIRACETAM KRKA,levetiracetam krka,N03AX14,N03AX14
LEVETIRACETAM MYLAN,levetiracetam mylan,N03AX14,N03AX14
LEVETIRACETAM MYLAN GENERICS,levetiracetam mylan generics,N03AX14,N03AX14
LEVETIRACETAM NORIDEM,levetiracetam noridem,N03AX14,N03AX14
LEVETIRACETAM PENSA,levetiracetam pensa,N03AX14,N03AX14
LEVETIRACETAM RATIOPHARM,levetiracetam ratiopharm,N03AX14,N03AX14
LEVETIRACETAM SANDOZ,levetiracetam sandoz,N03AX14,N03AX14
LEVETIRACETAM SUN,levetiracetam sun,N03AX14,N03AX14
LEVETIRACETAM TECNIGEN,levetiracetam tecnigen,N03AX14,N03AX14
LEVETIRACETAM TEVA,levetiracetam teva,N03AX14,N03AX14
LEVETIRACETAM TEVA ITALIA,levetiracetam teva italia,N03AX14,N03AX14
LEVETIRACETAM TILLOMED,levetiracetam tillomed,N03AX14,N03AX14
LEVETIRACETAM ZENTIVA,levetiracetam zentiva,N03AX14,N03AX14
LEVIADEX,leviadex,M01AE17,M01AE17
LEVIFEN,levifen,M01AE01,M01AE01
LEVIOFLEX,levioflex,M02AA15,M02AA15
LEVIOGEL,leviogel,M02AA15,M02AA15
LEVIOSA,leviosa,S01CA01,S01CA01
LEVIOXAP,levioxap,N01AX63,N01AX63
LEVITRA,levitra,G04BE09,G04BE09
LEVOBAT,levobat,J01MA12,J01MA12
LEVOBREN,levobren,N05AL07,N05AL07
LEVOBUPIVACAINA ALTAN,levobupivacaina altan,N01BB10,N01BB10
LEVOBUPIVACAINA BIOINDUSTRIA L.I.M.,levobupivacaina bioindustria l.i.m.,N01BB10,N01BB10
LEVOBUPIVACAINA KABI,levobupivacaina kabi,N01BB10,N01BB10
LEVOBUPIVACAINA MOLTENI,levobupivacaina molteni,N01BB10,N01BB10
LEVOCETIRIZINA AUROBINDO,levocetirizina aurobindo,R06AE09,R06AE09
LEVOCETIRIZINA DOC GENERICI,levocetirizina doc generici,R06AE09,R06AE09
LEVOCETIRIZINA EG,levocetirizina eg,R06AE09,R06AE09
LEVOCETIRIZINA KRKA,levocetirizina krka,R06AE09,R06AE09
LEVOCETIRIZINA MYLAN,levocetirizina mylan,R06AE09,R06AE09
LEVOCETIRIZINA PENSA,levocetirizina pensa,R06AE09,R06AE09
LEVOCETIRIZINA SANDOZ,levocetirizina sandoz,R06AE09,R06AE09
LEVOCETIRIZINA TEVA,levocetirizina teva,R06AE09,R06AE09
LEVODOPA CARBIDOPA HEXAL,levodopa carbidopa hexal,N04BA02,N04BA02
LEVODOPA E CARBIDOPA DOC,levodopa e carbidopa doc,N04BA02,N04BA02
LEVODOPA/CARBIDOPA/ENTACAPONE MYLAN,levodopa/carbidopa/entacapone mylan,N04BA03,N04BA03
LEVODOPA/CARBIDOPA/ENTACAPONE ORION,levodopa/carbidopa/entacapone orion,N04BA03,N04BA03
LEVODOPA/CARBIDOPA/ENTACAPONE TEVA,levodopa/carbidopa/entacapone teva,N04BA03,N04BA03
LEVODROP,levodrop,S01AE05,S01AE05
LEVODROPROPIZINA EPIFARMA,levodropropizina epifarma,R05DB27,R05DB27
LEVODROPROPIZINA FG,levodropropizina fg,R05DB27,R05DB27
LEVOFLOXACINA ABC,levofloxacina abc,J01MA12,J01MA12
LEVOFLOXACINA ACCORD,levofloxacina accord,J01MA12,J01MA12
LEVOFLOXACINA ALMUS,levofloxacina almus,J01MA12,J01MA12
LEVOFLOXACINA ALTER,levofloxacina alter,J01MA12,J01MA12
LEVOFLOXACINA AUROBINDO,levofloxacina aurobindo,J01MA12,J01MA12
LEVOFLOXACINA AUROBINDO ITALIA,levofloxacina aurobindo italia,J01MA12,J01MA12
LEVOFLOXACINA BIOINDUSTRIA L.I.M.,levofloxacina bioindustria l.i.m.,J01MA12,J01MA12
LEVOFLOXACINA DOC,levofloxacina doc,J01MA12,J01MA12
LEVOFLOXACINA EG,levofloxacina eg,J01MA12,J01MA12
LEVOFLOXACINA GALENICA SENESE,levofloxacina galenica senese,J01MA12,J01MA12
LEVOFLOXACINA KABI,levofloxacina kabi,J01MA12,J01MA12
LEVOFLOXACINA KRKA,levofloxacina krka,J01MA12,J01MA12
LEVOFLOXACINA MYLAN GENERICS ITALIA,levofloxacina mylan generics italia,J01MA12,J01MA12
LEVOFLOXACINA NORIDEM,levofloxacina noridem,J01MA12,J01MA12
LEVOFLOXACINA PENSA PHARMA,levofloxacina pensa pharma,J01MA12,J01MA12
LEVOFLOXACINA SANDOZ,levofloxacina sandoz,J01MA12,J01MA12
LEVOFLOXACINA TECNIGEN ITALIA,levofloxacina tecnigen italia,J01MA12,J01MA12
LEVOFLOXACINA TEVA,levofloxacina teva,J01MA12,J01MA12
LEVOFLOXACINA ZENTIVA,levofloxacina zentiva,J01MA12,J01MA12
LEVOFOLENE,levofolene,V03AF04,V03AF04
LEVOGENIX,levogenix,A02BC03,A02BC03
LEVONIS,levonis,R03BA03,R03BA03
LEVOPRAID,levopraid,N05AL07,N05AL07
LEVOREACT,levoreact,R01AC02,R01AC02
LEVOREACT OFTALMICO,levoreact oftalmico,S01GX02,S01GX02
LEVOSIMENDAN ACCORD,levosimendan accord,C01CX08,C01CX08
LEVOSIMENDAN ALTAN,levosimendan altan,C01CX08,C01CX08
LEVOSIMENDAN EG,levosimendan eg,C01CX08,C01CX08
LEVOSIMENDAN IBI,levosimendan ibi,C01CX08,C01CX08
LEVOSIMENDAN KALCEKS,levosimendan kalceks,C01CX08,C01CX08
LEVOSIMENDAN REIG JOFRE,levosimendan reig jofre,C01CX08,C01CX08
LEVOSIMENDAN TILLOMED,levosimendan tillomed,C01CX08,C01CX08
LEVOSIMENDAN WAYMADE,levosimendan waymade,C01CX08,C01CX08
LEVOSULPIRIDE EG,levosulpiride eg,N05AL07,N05AL07
LEVOSULPIRIDE FERRER,levosulpiride ferrer,N05AL07,N05AL07
LEVOTIROXINA ABDI,levotiroxina abdi,H03AA01,H03AA01
LEVOTIROXINA DOC,levotiroxina doc,H03AA01,H03AA01
LEVOTIRSOL,levotirsol,H03AA01,H03AA01
LEVOTONAL,levotonal,V03AF04,V03AF04
LEVOTUSS,levotuss,R05DB27,R05DB27
LEVOTUSS TOSSE,levotuss tosse,R05DB27,R05DB27
LEVOVANOX,levovanox,J01XA01|A07AA09,
LEVOVENT,levovent,R03AC13,R03AC13
LEVOXIGRAM,levoxigram,J01MA12,J01MA12
LEXIL,lexil,A03CA34,A03CA34
LEXOTAN,lexotan,N05BA08,N05BA08
LIAFLOX,liaflox,S01AE01,S01AE01
LIBEDOL,libedol,M02AA15,M02AA15
LIBMELDY,libmeldy,A16AB21,A16AB21
LIBRADIN,libradin,C08CA12,C08CA12
LIBRIUM,librium,N05BA02,N05BA02
LIBTAYO,libtayo,L01FF06,L01FF06
LIDOCAINA AGUETTANT,lidocaina aguettant,N01BB02,N01BB02
LIDOCAINA CLORIDRATO BIOINDUSTRIA L.I.M.,lidocaina cloridrato bioindustria l.i.m.,N01BB02,N01BB02
LIDOCAINA CLORIDRATO E IDROCORTISONE ACETATO MARCO VITI,lidocaina cloridrato e idrocortisone acetato marco viti,D07XA01,D07XA01
LIDOCAINA CLORIDRATO E IDROCORTISONE ACETATO ZETA,lidocaina cloridrato e idrocortisone acetato zeta,D07XA01,D07XA01
LIDOCAINA CLORIDRATO FISIOPHARMA,lidocaina cloridrato fisiopharma,N01BB02,N01BB02
LIDOCAINA CLORIDRATO GALENICA SENESE,lidocaina cloridrato galenica senese,N01BB02,N01BB02
LIDOCAINA CLORIDRATO INTES,lidocaina cloridrato intes,S01HA07,S01HA07
LIDOCAINA CLORIDRATO MONICO,lidocaina cloridrato monico,N01BB02,N01BB02
LIDOCAINA CLORIDRATO OGNA,lidocaina cloridrato ogna,D04AB01,D04AB01
LIDOCAINA CLORIDRATO S.A.L.F.,lidocaina cloridrato s.a.l.f.,N01BB02,N01BB02
LIDOCAINA E ADRENALINA AGUETTANT,lidocaina e adrenalina aguettant,N01BB52,N01BB52
LIDOCAINA E PRILOCAINA TEVA,lidocaina e prilocaina teva,N01BB52,N01BB52
LIDOCAINA GRINDEKS,lidocaina grindeks,N01BB02,N01BB02
LIDOCAINA KABI,lidocaina kabi,N01BB02,N01BB02
LIDOCAINA NORIDEM,lidocaina noridem,N01BB02,N01BB02
LIDOCAINA OGNA,lidocaina ogna,A01AD11,A01AD11
LIDODEPOMEDROL,lidodepomedrol,H02BX01,H02BX01
LIDOFAST,lidofast,N01BB02,N01BB02
LIDOPROCTENE,lidoproctene,D07XA01,D07XA01
LIDOSEN,lidosen,N01BB02,N01BB02
LIFEROL,liferol,R03AC13,R03AC13
LIFODUO,lifoduo,S01ED51,S01ED51
LIFOG,lifog,S01EE01,S01EE01
LIGOSAN,ligosan,A01AB22,A01AB22
LIKACIN,likacin,J01GB06|D06AX12,
LILADROS,liladros,G03AA12,G03AA12
LILIUM TIGRINUM,lilium tigrinum,V03AX,V03AX
LILIUM TIGRINUM DYNAMIS,lilium tigrinum dynamis,V03AX,V03AX
LIMBITRYL,limbitryl,N06CA01,N06CA01
LIMERIK,limerik,J01CR05,J01CR05
LIMICAN,limican,A03FA05,A03FA05
LIMNOS,limnos,A02BC01,A02BC01
LIMPIDEX,limpidex,A02BC03,A02BC03
LINAGLIPTIN ABDI,linagliptin abdi,A10BH05,A10BH05
LINAGLIPTIN AUROBINDO,linagliptin aurobindo,A10BH05,A10BH05
LINAGLIPTIN E METFORMINA SANDOZ,linagliptin e metformina sandoz,A10BD11,A10BD11
LINAGLIPTIN EG,linagliptin eg,A10BH05,A10BH05
LINAGLIPTIN INTAS,linagliptin intas,A10BH05,A10BH05
LINAGLIPTIN KRKA,linagliptin krka,A10BH05,A10BH05
LINAGLIPTIN MACLEODS,linagliptin macleods,A10BH05,A10BH05
LINAGLIPTIN MYLAN,linagliptin mylan,A10BH05,A10BH05
LINAGLIPTIN PENSA,linagliptin pensa,A10BH05,A10BH05
LINAGLIPTIN SANDOZ,linagliptin sandoz,A10BH05,A10BH05
LINAGLIPTIN VIVANTA,linagliptin vivanta,A10BH05,A10BH05
LINAGLIPTIN ZENTIVA,linagliptin zentiva,A10BH05,A10BH05
LINCOCIN,lincocin,J01FF02,J01FF02
LINDA'S ECHINACEA 34,linda's echinacea 34,V03AX,V03AX
LINDONE,lindone,N03AX16,N03AX16
LINEZOLID AUROBINDO,linezolid aurobindo,J01XX08,J01XX08
LINEZOLID AUROBINDO ITALIA,linezolid aurobindo italia,J01XX08,J01XX08
LINEZOLID DEMO,linezolid demo,J01XX08,J01XX08
LINEZOLID HIKMA,linezolid hikma,J01XX08,J01XX08
LINEZOLID KABI,linezolid kabi,J01XX08,J01XX08
LINEZOLID KRKA,linezolid krka,J01XX08,J01XX08
LINEZOLID KRKA D.D.,linezolid krka d.d.,J01XX08,J01XX08
LINEZOLID S.A.L.F.,linezolid s.a.l.f.,J01XX08,J01XX08
LINEZOLID TEVA,linezolid teva,J01XX08,J01XX08
LIOMETACEN,liometacen,M01AB01,M01AB01
LIORESAL,lioresal,M03BX01,M03BX01
LIOTIR,liotir,H03AA02,H03AA02
LIOTIXIL,liotixil,J01DD02,J01DD02
LIOTONTRAUMA,liotontrauma,M02AC,M02AC
LIPAXAN,lipaxan,C10AA04,C10AA04
LIPAZETOR,lipazetor,C10BA05,C10BA05
LIPENIL,lipenil,C10AA01,C10AA01
LIPERIAL,liperial,C10AB05,C10AB05
LIPIDEM,lipidem,B05BA02,B05BA02
LIPIDOVER,lipidover,C10AA07,C10AA07
LIPOFENE,lipofene,C10AB05,C10AB05
LIPOFLEX,lipoflex,B05BA10,B05BA10
LIPOFUNDIN MCT,lipofundin mct,B05BA02,B05BA02
LIPONORM,liponorm,C10AA01,C10AA01
LIPOPLUS(SYNERGIPLUS N.517),lipoplus(synergiplus n.517),V03AX,V03AX
LIPOSOM,liposom,N07XX,N07XX
LIPOVISC,lipovisc,S01XA20,S01XA20
LIPSIN,lipsin,C10AB05,C10AB05
LIRAGLUTIDE DR. REDDY?S,liraglutide dr. reddy?s,A10BJ02,A10BJ02
LIRAGLUTIDE MYLAN,liraglutide mylan,A10BJ02,A10BJ02
LIRAGLUTIDE ZENTIVA,liraglutide zentiva,A10BJ02,A10BJ02
LIRATIGHT,liratight,A10BJ02,A10BJ02
LISAMETHYLE,lisamethyle,H02AB04,H02AB04
LISATHYONE,lisathyone,V03AB32,V03AB32
LISERDOL,liserdol,G02CB05,G02CB05
LISINOPRIL AUROBINDO,lisinopril aurobindo,C09AA03,C09AA03
LISINOPRIL DOC GENERICI,lisinopril doc generici,C09AA03,C09AA03
LISINOPRIL E IDROCLOROTIAZIDE DOC GENERICI,lisinopril e idroclorotiazide doc generici,C09BA03,C09BA03
LISINOPRIL E IDROCLOROTIAZIDE PENSA,lisinopril e idroclorotiazide pensa,C09BA03,C09BA03
LISINOPRIL E IDROCLOROTIAZIDE ZENTIVA,lisinopril e idroclorotiazide zentiva,C09BA03,C09BA03
LISINOPRIL EG,lisinopril eg,C09AA03,C09AA03
LISINOPRIL GRINDEKS,lisinopril grindeks,C09AA03,C09AA03
LISINOPRIL IDROCLOROTIAZIDE EG,lisinopril idroclorotiazide eg,C09BA03,C09BA03
LISINOPRIL IDROCLOROTIAZIDE MYLAN GENERICS,lisinopril idroclorotiazide mylan generics,C09BA03,C09BA03
LISINOPRIL IDROCLOROTIAZIDE SANDOZ,lisinopril idroclorotiazide sandoz,C09BA03,C09BA03
LISINOPRIL IDROCLOROTIAZIDE TEVA,lisinopril idroclorotiazide teva,C09BA03,C09BA03
LISINOPRIL MYLAN GENERICS,lisinopril mylan generics,C09AA03,C09AA03
LISINOPRIL PENSA,lisinopril pensa,C09AA03,C09AA03
LISINOPRIL RATIOPHARM,lisinopril ratiopharm,C09AA03,C09AA03
LISINOPRIL SANDOZ,lisinopril sandoz,C09AA03,C09AA03
LISINOPRIL ZENTIVA,lisinopril zentiva,C09AA03,C09AA03
LISITENS,lisitens,C08CA13,C08CA13
LISOMUCIL GOLA,lisomucil gola,A01AD11,A01AD11
LISOMUCIL TOSSE MUCOLITICO,lisomucil tosse mucolitico,R05CB03,R05CB03
LISOMUCIL TOSSE MUCOLITICO UNIDIE,lisomucil tosse mucolitico unidie,R05CB03,R05CB03
LISOMUCIL TOSSE SECCA,lisomucil tosse secca,R05DB27,R05DB27
LISOMUCILGOLMED,lisomucilgolmed,R02AX01,R02AX01
LISOZIMA SPA,lisozima spa,A09AA|J05AX02,
LISTEMUL,listemul,R05CB01,R05CB01
LITAK,litak,L01BB04,L01BB04
LITFULO,litfulo,L04AF08,L04AF08
LITHIUM CARBONICUM DYNAMIS,lithium carbonicum dynamis,V03AX,V03AX
LITIO CARBONATO L.F.M.,litio carbonato l.f.m.,N05AN01,N05AN01
LITIO CARBONATO NOVA ARGENTIA,litio carbonato nova argentia,N05AN01,N05AN01
LITOFF,litoff,A05AA02,A05AA02
LIVAZO,livazo,C10AA08,C10AA08
LIVIAL,livial,G03CX01,G03CX01
LIVMARLI,livmarli,A05AX04,A05AX04
LIVOGIVA,livogiva,H05AA02,H05AA02
LIVOPAN,livopan,N01AX63,N01AX63
LIVTENCITY,livtencity,J05AX10,J05AX10
LIXIANA,lixiana,B01AF03,B01AF03
LIXIDOL,lixidol,M01AB15,M01AB15
LIZIDRA,lizidra,N06DA02,N06DA02
LJLACTO,ljlacto,G01AX,G01AX
LLOYDOL,lloydol,M02AA15,M02AA15
LLOYFLU,lloyflu,N02BE51,N02BE51
LOARGYS,loargys,A16AB24,A16AB24
LOBELIA INFLATA,lobelia inflata,V03AX,V03AX
LOBELIA INFLATA DYNAMIS,lobelia inflata dynamis,V03AX,V03AX
LOBEZYL,lobezyl,A10BJ02,A10BJ02
LOBIDIUR,lobidiur,C07BB12,C07BB12
LOBIVON,lobivon,C07AB12,C07AB12
LOCALYN,localyn,S02CA05,S02CA05
LOCAMETZ,locametz,V09IX14,V09IX14
LOCOIDON,locoidon,D07AB02,D07AB02
LODICAND,lodicand,C09DB07,C09DB07
LODOTRA,lodotra,H02AB07,H02AB07
LODOZ,lodoz,C07BB07,C07BB07
LOETTE,loette,G03AA07,G03AA07
LOGNIF,lognif,L04AE01,L04AE01
LOJUXTA,lojuxta,C10AX12,C10AX12
LOKELMA,lokelma,V03AE10,V03AE10
LOMARIN,lomarin,A04AD,A04AD
LOMEXIN,lomexin,G01AF12|D01AC12,
LOMITRAV,lomitrav,S01ED51,S01ED51
LONDAR,londar,C09DX06,C09DX06
LONITEN,loniten,C02DC01,C02DC01
LONQUEX,lonquex,L03AA14,L03AA14
LONSURF,lonsurf,L01BC59,L01BC59
LOPEMID,lopemid,A07DA03,A07DA03
LOPERAMIDE AUROBINDO,loperamide aurobindo,A07DA03,A07DA03
LOPERAMIDE DOC GENERICI,loperamide doc generici,A07DA03,A07DA03
LOPERAMIDE EG,loperamide eg,A07DA03,A07DA03
LOPERAMIDE GRINDEKS,loperamide grindeks,A07DA03,A07DA03
LOPERAMIDE HEXAL,loperamide hexal,A07DA03,A07DA03
LOPERAMIDE MYLAN,loperamide mylan,A07DA03,A07DA03
LOPID,lopid,C10AB04,C10AB04
LOPINAVIR E RITONAVIR VIATRIS,lopinavir e ritonavir viatris,J05AR10,J05AR10
LOPRESOR,lopresor,C07AB02,C07AB02
LOPRIDAM,lopridam,C09BX01,C09BX01
LOQTORZI,loqtorzi,L01FF13,L01FF13
LORAMYC,loramyc,A01AB09,A01AB09
LORANS,lorans,N05BA06,N05BA06
LORATADINA EG,loratadina eg,R06AX13,R06AX13
LORATADINA HEXAL,loratadina hexal,R06AX13,R06AX13
LORATADINA TEVA,loratadina teva,R06AX13,R06AX13
LORAZEPAM ABC,lorazepam abc,N05BA06,N05BA06
LORAZEPAM ACCORD,lorazepam accord,N05BA06,N05BA06
LORAZEPAM ALMUS,lorazepam almus,N05BA06,N05BA06
LORAZEPAM ALTER,lorazepam alter,N05BA06,N05BA06
LORAZEPAM AUROBINDO,lorazepam aurobindo,N05BA06,N05BA06
LORAZEPAM AUROBINDO ITALIA,lorazepam aurobindo italia,N05BA06,N05BA06
LORAZEPAM DOC,lorazepam doc,N05BA06,N05BA06
LORAZEPAM DOC GENERICI,lorazepam doc generici,N05BA06,N05BA06
LORAZEPAM DOROM,lorazepam dorom,N05BA06,N05BA06
LORAZEPAM EG,lorazepam eg,N05BA06,N05BA06
LORAZEPAM HUALAN,lorazepam hualan,N05BA06,N05BA06
LORAZEPAM MACURE,lorazepam macure,N05BA06,N05BA06
LORAZEPAM MYLAN GENERICS,lorazepam mylan generics,N05BA06,N05BA06
LORAZEPAM PENSA,lorazepam pensa,N05BA06,N05BA06
LORAZEPAM RATIOPHARM,lorazepam ratiopharm,N05BA06,N05BA06
LORAZEPAM SANDOZ,lorazepam sandoz,N05BA06,N05BA06
LORAZEPAM TECNIGEN,lorazepam tecnigen,N05BA06,N05BA06
LORAZEPAM ZENTIVA,lorazepam zentiva,N05BA06,N05BA06
LORENIL,lorenil,D01AC12|G01AF12,
LORMETAZEPAM ABC,lormetazepam abc,N05CD06,N05CD06
LORMETAZEPAM ALMUS,lormetazepam almus,N05CD06,N05CD06
LORMETAZEPAM ALTER,lormetazepam alter,N05CD06,N05CD06
LORMETAZEPAM AUROBINDO ITALIA,lormetazepam aurobindo italia,N05CD06,N05CD06
LORMETAZEPAM DOC,lormetazepam doc,N05CD06,N05CD06
LORMETAZEPAM DOC GENERICI,lormetazepam doc generici,N05CD06,N05CD06
LORMETAZEPAM EG,lormetazepam eg,N05CD06,N05CD06
LORMETAZEPAM HEXAL,lormetazepam hexal,N05CD06,N05CD06
LORMETAZEPAM MYLAN GENERICS,lormetazepam mylan generics,N05CD06,N05CD06
LORMETAZEPAM PENSA,lormetazepam pensa,N05CD06,N05CD06
LORMETAZEPAM RATIOPHARM ITALIA,lormetazepam ratiopharm italia,N05CD06,N05CD06
LORMETAZEPAM SANDOZ,lormetazepam sandoz,N05CD06,N05CD06
LORMETAZEPAM SANDOZ GMBH,lormetazepam sandoz gmbh,N05CD06,N05CD06
LORMETAZEPAM ZENTIVA,lormetazepam zentiva,N05CD06,N05CD06
LORTAAN,lortaan,C09CA01,C09CA01
LORVIQUA,lorviqua,L01ED05,L01ED05
LORXAGEN,lorxagen,N05BA06,N05BA06
LOSAPREX,losaprex,C09CA01,C09CA01
LOSARTAN AHCL,losartan ahcl,C09CA01,C09CA01
LOSARTAN AUROBINDO,losartan aurobindo,C09CA01,C09CA01
LOSARTAN DOC,losartan doc,C09CA01,C09CA01
LOSARTAN E IDROCLOROTIAZIDE AUROBINDO,losartan e idroclorotiazide aurobindo,C09DA01,C09DA01
LOSARTAN E IDROCLOROTIAZIDE DOC,losartan e idroclorotiazide doc,C09DA01,C09DA01
LOSARTAN E IDROCLOROTIAZIDE EG,losartan e idroclorotiazide eg,C09DA01,C09DA01
LOSARTAN E IDROCLOROTIAZIDE EG STADA,losartan e idroclorotiazide eg stada,C09DA01,C09DA01
LOSARTAN E IDROCLOROTIAZIDE HCS,losartan e idroclorotiazide hcs,C09DA01,C09DA01
LOSARTAN E IDROCLOROTIAZIDE LABORATORI ALTER,losartan e idroclorotiazide laboratori alter,C09DA01,C09DA01
LOSARTAN E IDROCLOROTIAZIDE PENSA,losartan e idroclorotiazide pensa,C09DA01,C09DA01
LOSARTAN E IDROCLOROTIAZIDE TECNIGEN,losartan e idroclorotiazide tecnigen,C09DA01,C09DA01
LOSARTAN E IDROCLOROTIAZIDE ZENTIVA ITALIA,losartan e idroclorotiazide zentiva italia,C09DA01,C09DA01
LOSARTAN EG,losartan eg,C09CA01,C09CA01
LOSARTAN EG STADA ITALIA,losartan eg stada italia,C09CA01,C09CA01
LOSARTAN IDROCLOROTIAZIDE MYLAN GENERICS,losartan idroclorotiazide mylan generics,C09DA01,C09DA01
LOSARTAN IDROCLOROTIAZIDE SANDOZ,losartan idroclorotiazide sandoz,C09DA01,C09DA01
LOSARTAN KRKA,losartan krka,C09CA01,C09CA01
LOSARTAN LABORATORI ALTER,losartan laboratori alter,C09CA01,C09CA01
LOSARTAN MYLAN GENERICS,losartan mylan generics,C09CA01,C09CA01
LOSARTAN PENSA,losartan pensa,C09CA01,C09CA01
LOSARTAN PHARMACLAN,losartan pharmaclan,C09CA01,C09CA01
LOSARTAN SANDOZ,losartan sandoz,C09CA01,C09CA01
LOSARTAN TECNIGEN,losartan tecnigen,C09CA01,C09CA01
LOSARTAN TEVA,losartan teva,C09CA01,C09CA01
LOSARTAN ZENTIVA,losartan zentiva,C09CA01,C09CA01
LOSARTAN/IDROCLOROTIAZIDE TEVA,losartan/idroclorotiazide teva,C09DA01,C09DA01
LOSAZID,losazid,C09DA01,C09DA01
LOSEC,losec,A02BC01,A02BC01
LOSEDIN,losedin,C08CA01,C08CA01
LOSFERRON,losferron,B03AA03,B03AA03
LOSS,loss,M05BA04,M05BA04
LOTEMAX,lotemax,S01BA14,S01BA14
LOVASTATINA DOC,lovastatina doc,C10AA02,C10AA02
LOVASTATINA EG,lovastatina eg,C10AA02,C10AA02
LOVASTATINA MYLAN PHARMA,lovastatina mylan pharma,C10AA02,C10AA02
LOVASTATINA TEVA,lovastatina teva,C10AA02,C10AA02
LOVINACOR,lovinacor,C10AA02,C10AA02
LOVOLDYL,lovoldyl,A06AB02,A06AB02
LOYADA,loyada,S01ED51,S01ED51
LOZID,lozid,C09DA01,C09DA01
LOZIONE VITTORIA,lozione vittoria,D08AJ01,D08AJ01
LUAN,luan,N01BB02,N01BB02
LUBERSAN,lubersan,C09DA04,C09DA04
LUCANDIOL,lucandiol,J02AC01,J02AC01
LUCEN,lucen,A02BC05,A02BC05
LUCENTIS,lucentis,S01LA04,S01LA04
LUCILLE,lucille,G03AB05,G03AB05
LUDIOMIL,ludiomil,N06AA21,N06AA21
LUESINUM,luesinum,V03AX,V03AX
LUFFA OPERCULATA DYNAMIS,luffa operculata dynamis,V03AX,V03AX
LUGAREXIA,lugarexia,C10BX05,C10BX05
LUKADIN,lukadin,J01GB06,J01GB06
LUKANOF,lukanof,R03DC03,R03DC03
LUKASM,lukasm,R03DC03,R03DC03
LUMEBLUE,lumeblue,V04CX,V04CX
LUMIGAN,lumigan,S01EE03,S01EE03
LUMINALE,luminale,N03AA02,N03AA02
LUMINITY,luminity,V08DA04,V08DA04
LUMOBRY,lumobry,S01GA07,S01GA07
LUMYKRAS,lumykras,L01XX73,L01XX73
LUNIBRON,lunibron,R03BA03,R03BA03
LUNIS,lunis,R01AD04,R01AD04
LUNPLORO,lunploro,V04CX,V04CX
LUNSUMIO,lunsumio,L01FX25,L01FX25
LUPKYNIS,lupkynis,L04AD03,L04AD03
LURA,lura,G04CA02,G04CA02
LURACIN,luracin,G04CA53,G04CA53
LURASIDONE ACCORD,lurasidone accord,N05AE05,N05AE05
LURASIDONE DOC,lurasidone doc,N05AE05,N05AE05
LURASIDONE LICONSA,lurasidone liconsa,N05AE05,N05AE05
LURASIDONE TEVA,lurasidone teva,N05AE05,N05AE05
LUSINE,lusine,G03AA12,G03AA12
LUSINELLE,lusinelle,G03AA12,G03AA12
LUSOPRESS,lusopress,C08CA08,C08CA08
LUTATHERA,lutathera,V10XX04,V10XX04
LUTENYL,lutenyl,G03DB04,G03DB04
LUTEZIO (177LU) CLORURO BILLEV,lutezio (177lu) cloruro billev,V10X,V10X
LUTIZ,lutiz,G03AA12,G03AA12
LUVERIS,luveris,G03GA07,G03GA07
LUVION,luvion,C03DA03|C03DA02,
LUXABIOTIC,luxabiotic,S01CA01,S01CA01
LUXAMIDE,luxamide,N05AL07,N05AL07
LUXAZONE,luxazone,S01BA01,S01BA01
LUXOMER,luxomer,J01DH02,J01DH02
LUXTURNA,luxturna,S01XA27,S01XA27
LUZUL,luzul,N05CD06,N05CD06
LYBELLA,lybella,G03AA15,G03AA15
LYCO.NUX HP LINDA'S,lyco.nux hp linda's,V03AX,V03AX
LYCOPODIUM CLAVATUM,lycopodium clavatum,V03AX,V03AX
LYCOPODIUM CLAVATUM DYNAMIS,lycopodium clavatum dynamis,V03AX,V03AX
LYCOPUS,lycopus,V03AX,V03AX
LYCOPUS VIRGINICUS,lycopus virginicus,V03AX,V03AX
LYCOPUS VIRGINICUS DYNAMIS,lycopus virginicus dynamis,V03AX,V03AX
LYFNUA,lyfnua,R05DB29,R05DB29
LYNKUET,lynkuet,G02CX07,G02CX07
LYNOZYFIC,lynozyfic,L01FX,L01FX
LYNPARZA,lynparza,L01XK01,L01XK01
LYPNAS,lypnas,R01AD08,R01AD08
LYRICA,lyrica,N02BF02|N03AX16,
LYSAKARE,lysakare,V03AF11,V03AF11
LYSODREN,lysodren,L01XX23,L01XX23
LYTGOBI,lytgobi,L01EN04,L01EN04
LYTHOSYX,lythosyx,V03AX,V03AX
LYUMJEV,lyumjev,A10AB04,A10AB04
LYVDELZI,lyvdelzi,A05AX07,A05AX07
M-M-RVAXPRO,m-m-rvaxpro,J07BD52,J07BD52
MAALOX,maalox,A02AD01|A02AF02,
MAALOX NAUSEA,maalox nausea,A03FA01,A03FA01
MAALOX REFLUSSO,maalox reflusso,A02BC02,A02BC02
MAAPLIV,maapliv,B05BA01,B05BA01
MABELIO,mabelio,J01DI01,J01DI01
MABTHERA,mabthera,L01FA01,L01FA01
MACAR,macar,J01MA02,J01MA02
MACITENTAN AUROBINDO,macitentan aurobindo,C02KX04,C02KX04
MACITENTAN EG,macitentan eg,C02KX04,C02KX04
MACITENTAN GLENMARK,macitentan glenmark,C02KX04,C02KX04
MACITENTAN MEDAC,macitentan medac,C02KX04,C02KX04
MACITENTAN OLPHA,macitentan olpha,C02KX04,C02KX04
MACITENTAN REIG JOFRE,macitentan reig jofre,C02KX04,C02KX04
MACITENTAN SANDOZ,macitentan sandoz,C02KX04,C02KX04
MACITENTAN TECNIGEN,macitentan tecnigen,C02KX04,C02KX04
MACITENTAN TEVA,macitentan teva,C02KX04,C02KX04
MACITENTAN VIATRIS,macitentan viatris,C02KX04,C02KX04
MACITENTAN ZENTIVA,macitentan zentiva,C02KX04,C02KX04
MACIVIR,macivir,J05AB09,J05AB09
MACLADIN,macladin,J01FA09,J01FA09
MACMIROR COMPLEX,macmiror complex,G01AA51,G01AA51
MACRO P,macro p,A06AD15,A06AD15
MACRO REG,macro reg,V03AX,V03AX
MACROCYLUX,macrocylux,V08CA02,V08CA02
MACROGOL AUROBINDO,macrogol aurobindo,A06AD15,A06AD15
MACROGOL EG,macrogol eg,A06AD65,A06AD65
MACROGOL SANDOZ,macrogol sandoz,A06AD65,A06AD65
MACROLAX,macrolax,A06AG10,A06AG10
MACROSALB MEDI-RADIOPHARMA,macrosalb medi-radiopharma,V09EB01,V09EB01
MACROZIT,macrozit,J01FA10,J01FA10
MADAR,madar,N05BA16,N05BA16
MADDACOL,maddacol,V09IX07,V09IX07
MADOPAR,madopar,N04BA02,N04BA02
MADRAS,madras,M05BA02,M05BA02
MAG 2,mag 2,A12CC08,A12CC08
MAG3 ROTOP,mag3 rotop,V09CA03,V09CA03
MAGALDRATO DOC,magaldrato doc,A02AD02,A02AD02
MAGALDRATO MYLAN,magaldrato mylan,A02AD02,A02AD02
MAGALDRATO SPECIAL PRODUCT'S LINE,magaldrato special product's line,A02AD02,A02AD02
MAGALDRATO TEVA,magaldrato teva,A02AD02,A02AD02
MAGNESIA BISURATA AROMATIC,magnesia bisurata aromatic,A02AH,A02AH
MAGNESIA CARBONICA,magnesia carbonica,V03AX,V03AX
MAGNESIA EFFERVESCENTE SELLA,magnesia effervescente sella,A02AA04,A02AA04
MAGNESIA MURIATICA,magnesia muriatica,V03AX,V03AX
MAGNESIA PHOSPHORICA,magnesia phosphorica,V03AX,V03AX
MAGNESIA S. PELLEGRINO,magnesia s. pellegrino,A02AA04,A02AA04
MAGNESIO SOLFATO BIOINDUSTRIA L.I.M.,magnesio solfato bioindustria l.i.m.,B05XA05,B05XA05
MAGNESIO SOLFATO GALENICA SENESE,magnesio solfato galenica senese,B05XA05,B05XA05
MAGNESIO SOLFATO MONICO,magnesio solfato monico,B05XA05,B05XA05
MAGNESIO SOLFATO S.A.L.F.,magnesio solfato s.a.l.f.,B05XA05,B05XA05
MAGNESIUM METALLICUM DYNAMIS,magnesium metallicum dynamis,V03AX,V03AX
MAGNESIUM MURIATICUM DYNAMIS,magnesium muriaticum dynamis,V03AX,V03AX
MAGNESIUM PHOSPHORICUM,magnesium phosphoricum,V03AX,V03AX
MAGNESIUM PHOSPHORICUM D6 SALE DR. SCHUSSLER N. 7,magnesium phosphoricum d6 sale dr. schussler n. 7,V03AX,V03AX
MAGNESIUM PHOSPHORICUM DYNAMIS,magnesium phosphoricum dynamis,V03AX,V03AX
MAGNESIUM SULFURICUM DYNAMIS,magnesium sulfuricum dynamis,V03AX,V03AX
MAICOX,maicox,J02AC01,J02AC01
MALARONE,malarone,P01BB51,P01BB51
MANASA,manasa,C10BX05,C10BX05
MANDELSYX,mandelsyx,V03AX,V03AX
MANDRAGORA OFFICINARUM,mandragora officinarum,V03AX,V03AX
MANGANUM METALLICUM,manganum metallicum,V03AX,V03AX
MANGANUM METALLICUM DYNAMIS,manganum metallicum dynamis,V03AX,V03AX
MANIDIPINA AUROBINDO,manidipina aurobindo,C08CA11,C08CA11
MANIDIPINA DOC GENERICI,manidipina doc generici,C08CA11,C08CA11
MANIDIPINA EG,manidipina eg,C08CA11,C08CA11
MANIDIPINA MYLAN GENERICS,manidipina mylan generics,C08CA11,C08CA11
MANIDIPINA PHARMACARE,manidipina pharmacare,C08CA11,C08CA11
MANIDIPINA SANDOZ,manidipina sandoz,C08CA11,C08CA11
MANIDIPINA TEVA,manidipina teva,C08CA11,C08CA11
MANIDIPINA ZENTIVA,manidipina zentiva,C08CA11,C08CA11
MANNITOLO BIOINDUSTRIA L.I.M.,mannitolo bioindustria l.i.m.,B05BC01,B05BC01
MANNITOLO CON SODIO CLORURO GALENICA SENESE,mannitolo con sodio cloruro galenica senese,B05BC01,B05BC01
MANNITOLO DIACO,mannitolo diaco,B05BC01,B05BC01
MANNITOLO EUROSPITAL,mannitolo eurospital,B05BC01,B05BC01
MANNITOLO FKI,mannitolo fki,B05BC01,B05BC01
MANNITOLO GALENICA SENESE,mannitolo galenica senese,B05BC01,B05BC01
MANNITOLO MONICO,mannitolo monico,B05BC01,B05BC01
MANNITOLO S.A.L.F.,mannitolo s.a.l.f.,B05BC01,B05BC01
MANTADAN,mantadan,N04BB01,N04BB01
MAORIS,maoris,C10BA06,C10BA06
MARAVIROC WAYMADE,maraviroc waymade,J05AX09,J05AX09
MARCAINA,marcaina,N01BB01,N01BB01
MAREB,mareb,C09DB02,C09DB02
MARICRIO,maricrio,A02BC01,A02BC01
MARIXINO,marixino,N06DX01,N06DX01
MARSIXYL,marsixyl,V03AX,V03AX
MASAROV,masarov,C10BX05,C10BX05
MASTER-AID DISINFETTANTE,master-aid disinfettante,D08AC02,D08AC02
MATEVER,matever,N03AX14,N03AX14
MATIC,matic,A02AD02,A02AD02
MATRIFEN,matrifen,N02AB03,N02AB03
MAVENCLAD,mavenclad,L04AA40,L04AA40
MAVERAL,maveral,N06AB08,N06AB08
MAVIRET,maviret,J05AP57,J05AP57
MAXALT,maxalt,N02CC04,N02CC04
MAXIVANIL,maxivanil,J01XA01|A07AA09,
MAYZENT,mayzent,L04AE03,L04AE03
MCOMBRIAX,mcombriax,J07B,J07B
MECLODERM,mecloderm,D06AA|G01AA,
MECLON,meclon,G01AF20,G01AF20
MEDEOROS,medeoros,M05BA07,M05BA07
MEDEPIDOL,medepidol,N02AA03,N02AA03
MEDIASYX,mediasyx,V03AX,V03AX
MEDIKINET,medikinet,N06BA04,N06BA04
MEDIMIBI,medimibi,V09GA01,V09GA01
MEDIPO,medipo,C10AA01,C10AA01
MEDIRENOSCINT,medirenoscint,V09CA03,V09CA03
MEDIVID,medivid,A11CC05,A11CC05
MEDORRHINUM,medorrhinum,V03AX,V03AX
MEDROL,medrol,H02AB04,H02AB04
MEDULLINUM DYNAMIS,medullinum dynamis,V03AX,V03AX
MEFOXIN,mefoxin,J01DC01,J01DC01
MEGACE,megace,L02AB01,L02AB01
MEGESTIL,megestil,L02AB01,L02AB01
MEGEXIA,megexia,L02AB01,L02AB01
MEKINIST,mekinist,L01EE01,L01EE01
MEKTOVI,mektovi,L01EE03,L01EE03
MELATONIN NEURIM,melatonin neurim,N05CH01,N05CH01
MELATONINA ADOH,melatonina adoh,N05CH01,N05CH01
MELATONINA AUROBINDO,melatonina aurobindo,N05CH01,N05CH01
MELATONINA DOC,melatonina doc,N05CH01,N05CH01
MELATONINA NOXAREM,melatonina noxarem,N05CH01,N05CH01
MELATONINA VIATRIS,melatonina viatris,N05CH01,N05CH01
MELATONINA ZENTIVA,melatonina zentiva,N05CH01,N05CH01
MELEMIB,melemib,C10AA05,C10AA05
MELET,melet,S01GA52,S01GA52
MELFALAN HIKMA,melfalan hikma,L01AA03,L01AA03
MELFALAN SUN,melfalan sun,L01AA03,L01AA03
MELFALAN TILLOMED,melfalan tillomed,L01AA03,L01AA03
MELIGLIX,meliglix,A10BH01,A10BH01
MELILOTUS ALBA,melilotus alba,V03AX,V03AX
MELILOTUS OFFICINALIS DYNAMIS,melilotus officinalis dynamis,V03AX,V03AX
MELLOZZAN,mellozzan,N05CH01,N05CH01
MELOXICAM EG,meloxicam eg,M01AC06,M01AC06
MELOXICAM MYLAN GENERICS,meloxicam mylan generics,M01AC06,M01AC06
MELOXICAM ZENTIVA,meloxicam zentiva,M01AC06,M01AC06
MEMANTINA ACCORD,memantina accord,N06DX01,N06DX01
MEMANTINA AUROBINDO,memantina aurobindo,N06DX01,N06DX01
MEMANTINA DOC,memantina doc,N06DX01,N06DX01
MEMANTINA DOC GENERICI,memantina doc generici,N06DX01,N06DX01
MEMANTINA MERZ,memantina merz,N06DX01,N06DX01
MEMANTINA MYLAN,memantina mylan,N06DX01,N06DX01
MEMANTINA RATIOPHARM,memantina ratiopharm,N06DX01,N06DX01
MEMANTINA SANDOZ,memantina sandoz,N06DX01,N06DX01
MEMANTINA TECNIGEN,memantina tecnigen,N06DX01,N06DX01
MEMOVIT B12,memovit b12,A13A,A13A
MENADERM,menaderm,D07CC04,D07CC04
MENADERM SIMPLEX,menaderm simplex,D07AC15,D07AC15
MENDALUR,mendalur,C01CX08,C01CX08
MENEC,menec,G03CX01,G03CX01
MENEZON,menezon,S01EE04,S01EE04
MENJUGATE,menjugate,J07AH07,J07AH07
MENQUADFI,menquadfi,J07AH08,J07AH08
MENSIFEM,mensifem,G02CX04,G02CX04
MENTOLO SELLA,mentolo sella,D04AX,D04AX
MENVEO,menveo,J07AH08,J07AH08
MENYELES,menyeles,R03AL02,R03AL02
MEPACT,mepact,L03AX15,L03AX15
MEPI MYNOL,mepi mynol,N01BB03|N01BB53,
MEPICAIN,mepicain,N01BB03,N01BB03
MEPICAIN CON ADRENALINA,mepicain con adrenalina,N01BB53,N01BB53
MEPIVACAINA CLORIDRATO S.A.L.F.,mepivacaina cloridrato s.a.l.f.,N01BB03,N01BB03
MEPIVACAINA CON ADRENALINA OGNA,mepivacaina con adrenalina ogna,N01BB53,N01BB53
MEPIVACAINA CON ADRENALINA PIERREL,mepivacaina con adrenalina pierrel,N01BB53,N01BB53
MEPIVACAINA GUARDANT,mepivacaina guardant,N01BB03,N01BB03
MEPIVACAINA OGNA,mepivacaina ogna,N01BB03,N01BB03
MEPIVACAINA PIERREL,mepivacaina pierrel,N01BB03,N01BB03
MEPRAL,mepral,A02BC01,A02BC01
MEPSEVII,mepsevii,A16AB18,A16AB18
MERCAPTOBENZOTIAZOLO ALLERGEAZE,mercaptobenzotiazolo allergeaze,V04CL,V04CL
MERCILON,mercilon,G03AA09,G03AA09
MERCURIUS CORROSIVUS,mercurius corrosivus,V03AX,V03AX
MERCURIUS CORROSIVUS DYNAMIS,mercurius corrosivus dynamis,V03AX,V03AX
MERCURIUS CYANATUS,mercurius cyanatus,V03AX,V03AX
MERCURIUS CYANATUS DYNAMIS,mercurius cyanatus dynamis,V03AX,V03AX
MERCURIUS DULCIS,mercurius dulcis,V03AX,V03AX
MERCURIUS DULCIS DYNAMIS,mercurius dulcis dynamis,V03AX,V03AX
MERCURIUS IODATUS RUBER DYNAMIS,mercurius iodatus ruber dynamis,V03AX,V03AX
MERCURIUS SOLUBILIS,mercurius solubilis,V03AX,V03AX
MERCURIUS SOLUBILIS DYNAMIS,mercurius solubilis dynamis,V03AX,V03AX
MERCURIUS SOLUBILIS HAHNEMANNI,mercurius solubilis hahnemanni,V03AX,V03AX
MERCURIUS-HEEL,mercurius-heel,V03AX,V03AX
MERIBEN,meriben,V03AX,V03AX
MERIDIANO TAO 10,meridiano tao 10,V03AX,V03AX
MERIDIANO TAO 12,meridiano tao 12,V03AX,V03AX
MERIDIANO TAO 14,meridiano tao 14,V03AX,V03AX
MERIDIANO TAO 16,meridiano tao 16,V03AX,V03AX
MERIDIANO TAO 18,meridiano tao 18,V03AX,V03AX
MERIDIANO TAO 2,meridiano tao 2,V03AX,V03AX
MERIDIANO TAO 20,meridiano tao 20,V03AX,V03AX
MERIDIANO TAO 22,meridiano tao 22,V03AX,V03AX
MERIDIANO TAO 24,meridiano tao 24,V03AX,V03AX
MERIDIANO TAO 4,meridiano tao 4,V03AX,V03AX
MERIDIANO TAO 6,meridiano tao 6,V03AX,V03AX
MERIDIANO TAO 8,meridiano tao 8,V03AX,V03AX
MERIOFERT,meriofert,G03GA02,G03GA02
MEROPENEM ACS DOBFAR,meropenem acs dobfar,J01DH02,J01DH02
MEROPENEM AUROBINDO,meropenem aurobindo,J01DH02,J01DH02
MEROPENEM HIKMA,meropenem hikma,J01DH02,J01DH02
MEROPENEM KABI,meropenem kabi,J01DH02,J01DH02
MEROPENEM KALCEKS,meropenem kalceks,J01DH02,J01DH02
MEROPENEM QILU,meropenem qilu,J01DH02,J01DH02
MEROPENEM STERISCIENCE B.V.,meropenem steriscience b.v.,J01DH02,J01DH02
MEROPENEM VENUS PHARMA,meropenem venus pharma,J01DH02,J01DH02
MEROPUR,meropur,G03GA02,G03GA02
MERREM,merrem,J01DH02,J01DH02
MESAFLOR,mesaflor,A07EC02,A07EC02
MESALAZINA DOC,mesalazina doc,A07EC02,A07EC02
MESALAZINA DOROM,mesalazina dorom,A07EC02,A07EC02
MESALAZINA EG,mesalazina eg,A07EC02,A07EC02
MESALAZINA MYLAN GENERICS,mesalazina mylan generics,A07EC02,A07EC02
MESALAZINA SANDOZ,mesalazina sandoz,A07EC02,A07EC02
MESAVANCOL,mesavancol,A07EC02,A07EC02
MESTANE,mestane,L02BG06,L02BG06
MESTINON,mestinon,N07AA02,N07AA02
METACOLINA LOFARMA,metacolina lofarma,V04CX,V04CX
METACORT,metacort,R01AD09,R01AD09
METADONE CLORIDRATO MOLTENI,metadone cloridrato molteni,N07BC02,N07BC02
METADOXIL,metadoxil,N07BB,N07BB
METALYSE,metalyse,B01AD11,B01AD11
METAMIZOLO SODICO ABC,metamizolo sodico abc,N02BB02,N02BB02
METARAMINOLO MONICO,metaraminolo monico,C01CA09,C01CA09
METEOSIM,meteosim,A03AX13,A03AX13
METFONORM,metfonorm,A10BA02,A10BA02
METFORAL,metforal,A10BA02,A10BA02
METFORALMILLE,metforalmille,A10BA02,A10BA02
METFORMINA ACCORD,metformina accord,A10BA02,A10BA02
METFORMINA ACCORDPHARMA,metformina accordpharma,A10BA02,A10BA02
METFORMINA ALMUS,metformina almus,A10BA02,A10BA02
METFORMINA ALTER,metformina alter,A10BA02,A10BA02
METFORMINA AUROBINDO,metformina aurobindo,A10BA02,A10BA02
METFORMINA AUROBINDO ITALIA,metformina aurobindo italia,A10BA02,A10BA02
METFORMINA DOC,metformina doc,A10BA02,A10BA02
METFORMINA DOC GENERICI,metformina doc generici,A10BA02,A10BA02
METFORMINA DOC GENERICS,metformina doc generics,A10BA02,A10BA02
METFORMINA EG,metformina eg,A10BA02,A10BA02
METFORMINA EG STADA,metformina eg stada,A10BA02,A10BA02
METFORMINA EG STADA GROUP,metformina eg stada group,A10BA02,A10BA02
METFORMINA EG STADA ITALIA,metformina eg stada italia,A10BA02,A10BA02
METFORMINA HEXAL,metformina hexal,A10BA02,A10BA02
METFORMINA HEXAL AG,metformina hexal ag,A10BA02,A10BA02
METFORMINA MYLAN GENERICS,metformina mylan generics,A10BA02,A10BA02
METFORMINA PENSA,metformina pensa,A10BA02,A10BA02
METFORMINA PHARMACARE,metformina pharmacare,A10BA02,A10BA02
METFORMINA SANDOZ,metformina sandoz,A10BA02,A10BA02
METFORMINA TEVA,metformina teva,A10BA02,A10BA02
METFORMINA TEVA ITALIA,metformina teva italia,A10BA02,A10BA02
METHERGIN,methergin,G02AB01,G02AB01
METHOTREXATE,methotrexate,L01BA01|L04AX03,
METILDROL,metildrol,H02AB04,H02AB04
METILE SALICILATO NOVA ARGENTIA,metile salicilato nova argentia,M02AC,M02AC
METILPREDNISOLONE DOC,metilprednisolone doc,H02AB04,H02AB04
METILPREDNISOLONE EG,metilprednisolone eg,H02AB04,H02AB04
METILPREDNISOLONE HIKMA,metilprednisolone hikma,H02AB04,H02AB04
METILPREDNISOLONE SKIN CARE,metilprednisolone skin care,D07AC14,D07AC14
METILTIONINIO CLORURO BIOINDUSTRIA L.I.M.,metiltioninio cloruro bioindustria l.i.m.,V03AB17,V03AB17
METILTIONINIO CLORURO MONICO,metiltioninio cloruro monico,V03AB17,V03AB17
METILTIONINIO CLORURO PROVEBLUE,metiltioninio cloruro proveblue,V03AB17,V03AB17
METILTIONINIO CLORURO S.A.L.F.,metiltioninio cloruro s.a.l.f.,V03AB17,V03AB17
METOCAL VITAMINA D3,metocal vitamina d3,A12AX,A12AX
METOCLOPRAMIDE ACCORD,metoclopramide accord,A03FA01,A03FA01
METOCLOPRAMIDE CLORIDRATO NORIDEM,metoclopramide cloridrato noridem,A03FA01,A03FA01
METOCLOPRAMIDE SALF,metoclopramide salf,A03FA01,A03FA01
METOPROLOLO AUROBINDO,metoprololo aurobindo,C07AB02,C07AB02
METOPROLOLO DOC GENERICI,metoprololo doc generici,C07AB02,C07AB02
METOPROLOLO EG,metoprololo eg,C07AB02,C07AB02
METOPROLOLO HEXAL,metoprololo hexal,C07AB02,C07AB02
METOTHER,metother,L04AX03,L04AX03
METOTRESSATO TEVA,metotressato teva,L01BA01,L01BA01
METOTREXATO AUROBINDO,metotrexato aurobindo,L04AX03,L04AX03
METOTREXATO DOC GENERICI,metotrexato doc generici,L04AX03,L04AX03
METOTREXATO MYLAN,metotrexato mylan,L04AX03,L04AX03
METOXSALENE G.L. PHARMA,metoxsalene g.l. pharma,L03AX,L03AX
METOXSALENE S.A.L.F.,metoxsalene s.a.l.f.,L03AX,L03AX
METRONIDAZOLO AUROBINDO,metronidazolo aurobindo,P01AB01,P01AB01
METRONIDAZOLO B. BRAUN,metronidazolo b. braun,J01XD01,J01XD01
METRONIDAZOLO BAXTER S.P.A.,metronidazolo baxter s.p.a.,J01XD01,J01XD01
METRONIDAZOLO BIOINDUSTRIA LIM,metronidazolo bioindustria lim,J01XD01,J01XD01
METRONIDAZOLO KABI,metronidazolo kabi,J01XD01,J01XD01
METRONIDAZOLO NORIDEM,metronidazolo noridem,J01XD01,J01XD01
METRONIDAZOLO S.A.L.F.,metronidazolo s.a.l.f.,J01XD01,J01XD01
METRONIDAZOLO SAME,metronidazolo same,D06BX01,D06BX01
METSUNIX,metsunix,A10BD07,A10BD07
METVIX,metvix,L01XD03,L01XD03
MEVLYQ,mevlyq,L01XX41,L01XX41
MEXABREST,mexabrest,L02BG06,L02BG06
MEXYLOR,mexylor,N05CD06,N05CD06
MEZEREUM,mezereum,V03AX,V03AX
MEZEREUM DYNAMIS,mezereum dynamis,V03AX,V03AX
MIAMBUTOL,miambutol,J04AK02,J04AK02
MIASTINA,miastina,C10AA07,C10AA07
MIBECOL,mibecol,C10AX09,C10AX09
MIBEG,mibeg,V09IX01,V09IX01
MIBISPECT,mibispect,V09GA01,V09GA01
MICAFUNGINA ACCORD,micafungina accord,J02AX05,J02AX05
MICAFUNGINA BIOCON,micafungina biocon,J02AX05,J02AX05
MICAFUNGINA HIKMA,micafungina hikma,J02AX05,J02AX05
MICAFUNGINA REIG JOFRE,micafungina reig jofre,J02AX05,J02AX05
MICAFUNGINA TEVA,micafungina teva,J02AX05,J02AX05
MICARDIS,micardis,C09CA07,C09CA07
MICARDISPLUS,micardisplus,C09DA07,C09DA07
MICLAST,miclast,D01AE14,D01AE14
MICOFENOLATO MOFETILE ACCORD,micofenolato mofetile accord,L04AA06,L04AA06
MICOFENOLATO MOFETILE AHCL,micofenolato mofetile ahcl,L04AA06,L04AA06
MICOFENOLATO MOFETILE AUROBINDO,micofenolato mofetile aurobindo,L04AA06,L04AA06
MICOFENOLATO MOFETILE SANDOZ,micofenolato mofetile sandoz,L04AA06,L04AA06
MICOFENOLATO MOFETILE TILLOMED,micofenolato mofetile tillomed,L04AA06,L04AA06
MICOFENOLATO MOFETILE TILLOMED ITALIA,micofenolato mofetile tillomed italia,L04AA06,L04AA06
MICOMICEN,micomicen,G01AX12,G01AX12
MICONAL,miconal,G01AF04|D01AC02,
MICONIX,miconix,J02AC01,J02AC01
MICOTEF,micotef,D01AC|A01AB09|D01AC02|G01AF04,
MICOXOLAMINA,micoxolamina,D01AE14|G01AX12,
MICROPAM,micropam,N05BA01,N05BA01
MICROSER,microser,N07CA01,N07CA01
MICTONORM,mictonorm,G04BD06,G04BD06
MICUTAN,micutan,D01BA02,D01BA02
MIDAMID,midamid,L02BB04,L02BB04
MIDANEX,midanex,L02BB04,L02BB04
MIDAZOLAM ACCORD HEALTHCARE,midazolam accord healthcare,N05CD08,N05CD08
MIDAZOLAM AGUETTANT,midazolam aguettant,N05CD08,N05CD08
MIDAZOLAM B.BRAUN,midazolam b.braun,N05CD08,N05CD08
MIDAZOLAM BIOINDUSTRIA LIM,midazolam bioindustria lim,N05CD08,N05CD08
MIDAZOLAM EIGNAPHARMA,midazolam eignapharma,N05CD08,N05CD08
MIDAZOLAM HAMELN,midazolam hameln,N05CD08,N05CD08
MIDAZOLAM IBI,midazolam ibi,N05CD08,N05CD08
MIDAZOLAM KALCEKS,midazolam kalceks,N05CD08,N05CD08
MIDELUT,midelut,L02BB03,L02BB03
MIDIANA,midiana,G03AA12,G03AA12
MIFEGYNE,mifegyne,G03XB01,G03XB01
MIFLONIDE,miflonide,R03BA02,R03BA02
MIGLUSTAT ACCORD,miglustat accord,A16AX06,A16AX06
MIGLUSTAT DIPHARMA,miglustat dipharma,A16AX06,A16AX06
MIGLUSTAT GEN.ORPH,miglustat gen.orph,A16AX06,A16AX06
MIGLUSTAT WAYMADE,miglustat waymade,A16AX06,A16AX06
MIKAN,mikan,J01GB06,J01GB06
MIKOCARE,mikocare,D01AE16,D01AE16
MILLEFOLIUM,millefolium,V03AX,V03AX
MILLIBAR,millibar,C03BA11,C03BA11
MINALIX,minalix,N06BA12,N06BA12
MINERALREG,mineralreg,V03AX,V03AX
MINESSE,minesse,G03AA10,G03AA10
MINIAS,minias,N05CD06,N05CD06
MINIDIAB,minidiab,A10BB07,A10BB07
MINIMS DIAGNOSTICO CON ANESTETICO,minims diagnostico con anestetico,S01JA51,S01JA51
MINIRIN/DDAVP,minirin/ddavp,H01BA02,H01BA02
MINITRAN,minitran,C01DA02,C01DA02
MINJUVI,minjuvi,L01FX12,L01FX12
MINOCIN,minocin,J01AA08,J01AA08
MINOVITAL,minovital,D11AX01,D11AX01
MINOXIDIL BAILLEUL,minoxidil bailleul,D11AX01,D11AX01
MINOXIDIL BIORGA,minoxidil biorga,D11AX01,D11AX01
MINOXIMEN,minoximen,D11AX01,D11AX01
MINULET,minulet,G03AA10,G03AA10
MIOREXIL,miorexil,M03BX05,M03BX05
MIOTENS,miotens,M03BX05,M03BX05
MIOTENS CONTRATTURE E DOLORE,miotens contratture e dolore,M02AX10,M02AX10
MIOVISIN,miovisin,S01EB09,S01EB09
MIOZAC,miozac,C01CA07,C01CA07
MIPRIND,miprind,C09BA05,C09BA05
MIRABEGRON DOC,mirabegron doc,G04BD12,G04BD12
MIRACLIN,miraclin,J01AA02,J01AA02
MIRANOVA,miranova,G03AA07,G03AA07
MIRAPEXIN,mirapexin,N04BC05,N04BC05
MIRCERA,mircera,B03XA03,B03XA03
MIREBAX,mirebax,B01AF01,B01AF01
MIRENA,mirena,G02BA03,G02BA03
MIRTAZAPINA ALMUS,mirtazapina almus,N06AX11,N06AX11
MIRTAZAPINA ALTER,mirtazapina alter,N06AX11,N06AX11
MIRTAZAPINA AUROBINDO,mirtazapina aurobindo,N06AX11,N06AX11
MIRTAZAPINA DOC,mirtazapina doc,N06AX11,N06AX11
MIRTAZAPINA DOC GENERICI,mirtazapina doc generici,N06AX11,N06AX11
MIRTAZAPINA EG,mirtazapina eg,N06AX11,N06AX11
MIRTAZAPINA EG STADA,mirtazapina eg stada,N06AX11,N06AX11
MIRTAZAPINA GRINDEKS,mirtazapina grindeks,N06AX11,N06AX11
MIRTAZAPINA KRKA,mirtazapina krka,N06AX11,N06AX11
MIRTAZAPINA MYLAN GENERICS,mirtazapina mylan generics,N06AX11,N06AX11
MIRTAZAPINA MYLAN GENERICS ITALIA,mirtazapina mylan generics italia,N06AX11,N06AX11
MIRTAZAPINA SANDOZ BV,mirtazapina sandoz bv,N06AX11,N06AX11
MIRTAZAPINA SANDOZ GMBH,mirtazapina sandoz gmbh,N06AX11,N06AX11
MIRTAZAPINA TEVA ITALIA,mirtazapina teva italia,N06AX11,N06AX11
MIRTAZAPINA ZENTIVA,mirtazapina zentiva,N06AX11,N06AX11
MIRTILENE,mirtilene,S01XA,S01XA
MIRTILLO ROSSO FRUTTI ESTRATTO SECCO LABORATOIRE PHARMACEUTIQUE PHARMATOKA,mirtillo rosso frutti estratto secco laboratoire pharmaceutique pharmatoka,G04BX,G04BX
MIRVASO,mirvaso,D11AX21,D11AX21
MISOFENAC,misofenac,M01AB55,M01AB55
MISOONE,misoone,G02AD06,G02AD06
MISTICK ANTISTAMINICO,mistick antistaminico,D04AA10,D04AA10
MISTRAL,mistral,B01AX04,B01AX04
MITOBRIN,mitobrin,S02AA,S02AA
MITOMICINA MEDAC,mitomicina medac,L01DC03,L01DC03
MITTOVAL,mittoval,G04CA01,G04CA01
MITUROX,miturox,L01DC03,L01DC03
MIVACRON,mivacron,M03AC10,M03AC10
MIXOTONE,mixotone,S02CA03,S02CA03
MIZOLLEN,mizollen,R06AX25,R06AX25
MNEXSPIKE,mnexspike,J07BN01,J07BN01
MOBIC,mobic,M01AC06,M01AC06
MOBILISIN,mobilisin,M02AA,M02AA
MODALINA,modalina,N05AB06,N05AB06
MODICOMP,modicomp,C10BA06,C10BA06
MODIGRAF,modigraf,L04AD02,L04AD02
MODURETIC,moduretic,C03EA01,C03EA01
MOFESYX,mofesyx,V03AX,V03AX
MOGADON,mogadon,N05CD02,N05CD02
MOLAXOLE,molaxole,A06AD65,A06AD65
MOMECORT,momecort,R01AD09,R01AD09
MOMENACTCOMPI',momenactcompi',M01AE03,M01AE03
MOMENDOL,momendol,M01AE02|M02AA12,
MOMENFLOGO,momenflogo,M01AE01,M01AE01
MOMENT,moment,M01AE01,M01AE01
MOMENT INFLUENZA E RAFFREDDORE,moment influenza e raffreddore,M01AE51,M01AE51
MOMENT OROSOLUBILE,moment orosolubile,M01AE01,M01AE01
MOMENTACT,momentact,M01AE01,M01AE01
MOMENTACT ANALGESICO,momentact analgesico,M01AE01,M01AE01
MOMENTFENE,momentfene,M01AE01,M01AE01
MOMENTKID,momentkid,M01AE01,M01AE01
MOMETASONE EG,mometasone eg,R01AD09,R01AD09
MOMETASONE TEVA,mometasone teva,R01AD09,R01AD09
MOMETASONE ZENTIVA,mometasone zentiva,R01AD09,R01AD09
MOMIL,momil,R01AD09,R01AD09
MOMORDICA BALSAMINA,momordica balsamina,V03AX,V03AX
MONACEF,monacef,J01DC02,J01DC02
MONAST,monast,R03DC03,R03DC03
MONDEX,mondex,J01CR02,J01CR02
MONKASTA,monkasta,R03DC03,R03DC03
MONLUNCA,monlunca,V10X,V10X
MONOCINQUE,monocinque,C01DA14,C01DA14
MONOFERRIC,monoferric,B03AC,B03AC
MONOFLOXOFTA,monofloxofta,S01AE01,S01AE01
MONOKET,monoket,C01DA14,C01DA14
MONOLAN,monolan,S01EE01,S01EE01
MONOPROST,monoprost,S01EE01,S01EE01
MONORES,monores,R03CC13,R03CC13
MONOS,monos,J01MA10,J01MA10
MONTEGEN,montegen,R03DC03,R03DC03
MONTEK,montek,V09FX01,V09FX01
MONTELUKAST ACCORD,montelukast accord,R03DC03,R03DC03
MONTELUKAST ALTER,montelukast alter,R03DC03,R03DC03
MONTELUKAST AUROBINDO,montelukast aurobindo,R03DC03,R03DC03
MONTELUKAST AUROBINDO PHARMA ITALIA,montelukast aurobindo pharma italia,R03DC03,R03DC03
MONTELUKAST DOC,montelukast doc,R03DC03,R03DC03
MONTELUKAST DOC GENERICI,montelukast doc generici,R03DC03,R03DC03
MONTELUKAST DOROM,montelukast dorom,R03DC03,R03DC03
MONTELUKAST EG,montelukast eg,R03DC03,R03DC03
MONTELUKAST MYLAN,montelukast mylan,R03DC03,R03DC03
MONTELUKAST MYLAN GENERICS,montelukast mylan generics,R03DC03,R03DC03
MONTELUKAST PENSA,montelukast pensa,R03DC03,R03DC03
MONTELUKAST SANDOZ,montelukast sandoz,R03DC03,R03DC03
MONTELUKAST SANDOZ GMBH,montelukast sandoz gmbh,R03DC03,R03DC03
MONTELUKAST SUN,montelukast sun,R03DC03,R03DC03
MONTELUKAST TECNIGEN,montelukast tecnigen,R03DC03,R03DC03
MONTELUKAST TEVA,montelukast teva,R03DC03,R03DC03
MONTELUKAST TEVA ITALIA,montelukast teva italia,R03DC03,R03DC03
MONTELUKAST ZENTIVA,montelukast zentiva,R03DC03,R03DC03
MONURIL,monuril,J01XX01,J01XX01
MORELAC,morelac,A07FA01,A07FA01
MORFINA CLORIDRATO MOLTENI,morfina cloridrato molteni,N02AA01,N02AA01
MORFINA CLORIDRATO MONICO,morfina cloridrato monico,N02AA01,N02AA01
MORFINA CLORIDRATO S.A.L.F.,morfina cloridrato s.a.l.f.,N02AA01,N02AA01
MORNIFLU,morniflu,M01AX22,M01AX22
MOSTAXYL,mostaxyl,R06AX28,R06AX28
MOTAC,motac,C10AX06,C10AX06
MOTILEX,motilex,A03FA06,A03FA06
MOTILIUM,motilium,A03FA03,A03FA03
MOUNJARO,mounjaro,A10BX16,A10BX16
MOVENTIG,moventig,A06AH03,A06AH03
MOVICOL,movicol,A06AD65,A06AD65
MOVIPREP,moviprep,A06AD65,A06AD65
MOVYMIA,movymia,H05AA02,H05AA02
MOXIDROP,moxidrop,S01AE07,S01AE07
MOXIFLOXACINA AUROBINDO,moxifloxacina aurobindo,J01MA14,J01MA14
MOXIFLOXACINA KRKA,moxifloxacina krka,J01MA14,J01MA14
MOXIFLOXACINA PENSA,moxifloxacina pensa,J01MA14,J01MA14
MOXIFLOXACINA TEVA,moxifloxacina teva,J01MA14,J01MA14
MOXONIDINA EG,moxonidina eg,C02AC05,C02AC05
MOXONIDINA MYLAN GENERICS,moxonidina mylan generics,C02AC05,C02AC05
MOZOBIL,mozobil,L03AX16,L03AX16
MRESVIA,mresvia,J07BX05,J07BX05
MS CONTIN,ms contin,N02AA01,N02AA01
MUCICLAR,muciclar,R05CB06,R05CB06
MUCOARICODIL,mucoaricodil,R05CB06,R05CB06
MUCOCIS,mucocis,R05CB03,R05CB03
MUCODOX,mucodox,R05CB07,R05CB07
MUCOFRIN,mucofrin,R05CB01,R05CB01
MUCOLASE,mucolase,R05CB03,R05CB03
MUCOMUCIL,mucomucil,R05CB01,R05CB01
MUCOSA GASTRICA,mucosa gastrica,V03AX,V03AX
MUCOSOLVAN,mucosolvan,R05CB06,R05CB06
MUCOSTAR,mucostar,R05CB03,R05CB03
MUCOTREIS,mucotreis,R05CB03,R05CB03
MUKES,mukes,J02AC01,J02AC01
MULFINYA,mulfinya,L04AE01,L04AE01
MULLUSIEM,mullusiem,C10AA05,C10AA05
MULTAQ,multaq,C01BD07,C01BD07
MULTIBIC,multibic,B05ZB,B05ZB
MULTIFLOXOFTA,multifloxofta,S01AE01,S01AE01
MULTIHANCE,multihance,V08CA08,V08CA08
MUNDOSON,mundoson,D07AC13,D07AC13
MUPIDER,mupider,D06AX09,D06AX09
MUPIDER NASALE,mupider nasale,R01AX06,R01AX06
MURIATICUM ACIDUM,muriaticum acidum,V03AX,V03AX
MUSCADVANCE,muscadvance,M01AB05,M01AB05
MUSCOFLEX,muscoflex,M03BX05,M03BX05
MUSCOPOCKET,muscopocket,M01AE01,M01AE01
MUSCORIDOL,muscoridol,M02AA15,M02AA15
MUSCORIL,muscoril,M03BX05,M03BX05
MUSCORIL DOLORE,muscoril dolore,M02AA15,M02AA15
MUSCORIL DOLORE E INFIAMMAZIONE,muscoril dolore e infiammazione,M02AA15,M02AA15
MUSRELAN,musrelan,M03AB01,M03AB01
MUSTEF,mustef,L04AX07,L04AX07
MUTABON,mutabon,N06CA01,N06CA01
MVASI,mvasi,L01FG01,L01FG01
MYALEPTA,myalepta,A16AA07,A16AA07
MYCAMINE,mycamine,J02AX05,J02AX05
MYCOBUTIN,mycobutin,J04AB04,J04AB04
MYCOPHENOLATE MOFETIL TEVA,mycophenolate mofetil teva,L04AA06,L04AA06
MYCOPLASMA,mycoplasma,V03AX,V03AX
MYCOSTATIN,mycostatin,A07AA02,A07AA02
MYCYCLAMEN,mycyclamen,G03AA12,G03AA12
MYDITIN,myditin,M03BX03,M03BX03
MYDRANE,mydrane,S01FA56,S01FA56
MYDRIASERT,mydriasert,S01FA56,S01FA56
MYFENAX,myfenax,L04AA06,L04AA06
MYFORTIC,myfortic,L04AA06,L04AA06
MYFREESIA,myfreesia,G03AA07,G03AA07
MYLATABI,mylatabi,B02BX05,B02BX05
MYLERAN,myleran,L01AB01,L01AB01
MYLICON,mylicon,A03AX13,A03AX13
MYLICONGAS,mylicongas,A03AX13,A03AX13
MYLOTARG,mylotarg,L01FX02,L01FX02
MYNZEPLI,mynzepli,S01LA05,S01LA05
MYOCET LIPOSOMAL,myocet liposomal,L01DB01,L01DB01
MYOSOTIS OTI COMPOSTO,myosotis oti composto,V03AX,V03AX
MYOVIEW,myoview,V09GA02,V09GA02
MYOZYME,myozyme,A16AB07,A16AB07
MYPRIMOSE,myprimose,G02BB01,G02BB01
MYRELEZ?,myrelez?,H01CB03,H01CB03
MYSILDECARD,mysildecard,G04BE03,G04BE03
MYSIMBA,mysimba,A08AA62,A08AA62
MYSOLINE,mysoline,N03AA03,N03AA03
MYTULIP,mytulip,G03AA15,G03AA15
MYVIOLET,myviolet,G03AA12,G03AA12
MYWY,mywy,G03AA12,G03AA12
NAAXIA,naaxia,S01GX03,S01GX03
NABUSER,nabuser,M01AX01,M01AX01
NACREZ,nacrez,G03AC09,G03AC09
NADIXA,nadixa,D10AF05,D10AF05
NADOLOLO CHEPLAPHARM,nadololo cheplapharm,C07AA12,C07AA12
NAEGOTI,naegoti,L04AA27,L04AA27
NAEMIS,naemis,G03FB12,G03FB12
NAFAZOLINA DOC,nafazolina doc,R01AA08,R01AA08
NAFAZOLINA PENSA,nafazolina pensa,R01AA08,R01AA08
NAFLOX,naflox,S01AE02,S01AE02
NAGLAZYME,naglazyme,A16AB08,A16AB08
NAKAFRI,nakafri,R01AD08,R01AD08
NAKYS,nakys,R05CB01,R05CB01
NALADOR,nalador,G02AD05,G02AD05
NALAPRES,nalapres,C09BA03,C09BA03
NALCROM,nalcrom,A07EB01,A07EB01
NALISAR,nalisar,N04BD02,N04BD02
NALOREX,nalorex,N07BB04,N07BB04
NALOXONE ACCORD,naloxone accord,V03AB15,V03AB15
NALOXONE B.BRAUN,naloxone b.braun,V03AB15,V03AB15
NALOXONE CLORIDRATO GALENICA SENESE,naloxone cloridrato galenica senese,V03AB15,V03AB15
NALOXONE CLORIDRATO MOLTENI,naloxone cloridrato molteni,V03AB15,V03AB15
NALOXONE CLORIDRATO S.A.L.F.,naloxone cloridrato s.a.l.f.,V03AB15,V03AB15
NALTREXONE ACCORD HEALTHCARE,naltrexone accord healthcare,N07BB04,N07BB04
NAMBROL,nambrol,R03BA03,R03BA03
NAMUSCLA,namuscla,C01BB02,C01BB02
NANOALBUMON,nanoalbumon,V09GA04,V09GA04
NANOTOP,nanotop,V09GA04,V09GA04
NANSEN,nansen,A02BC01,A02BC01
NAOMI,naomi,G03AA07,G03AA07
NAOS,naos,R03AL02,R03AL02
NAPHTALINUM,naphtalinum,V03AX,V03AX
NAPRILENE,naprilene,C09AA02,C09AA02
NAPRIUS,naprius,M01AE02|M02AA12,
NAPROSSENE AUROBINDO,naprossene aurobindo,M01AE02,M01AE02
NAPROSSENE E ESOMEPRAZOLO ABDI,naprossene e esomeprazolo abdi,M01AE52,M01AE52
NAPROSSENE EG,naprossene eg,M01AE02,M01AE02
NAPROSYN,naprosyn,M01AE02|M02AA12,
NAPROXENE SODICO DOC GENERICI,naproxene sodico doc generici,M01AE02,M01AE02
NAPROXENE SODICO HCS,naproxene sodico hcs,M01AE02,M01AE02
NAROPINA,naropina,N01BB09,N01BB09
NASACORT,nasacort,R01AD11,R01AD11
NASIPRAL,nasipral,R01AX03,R01AX03
NASOMIXIN C.M.,nasomixin c.m.,R01AA04,R01AA04
NASONEX,nasonex,R01AD09,R01AD09
NASVICAL,nasvical,M01AB15,M01AB15
NATAM,natam,C08CA01,C08CA01
NATECAL D3,natecal d3,A12AX,A12AX
NATEMILLE,natemille,A12AX,A12AX
NATISPRAY,natispray,C01DA02,C01DA02
NATRILIX,natrilix,C03BA11,C03BA11
NATRIUM CARBONICUM DYNAMIS,natrium carbonicum dynamis,V03AX,V03AX
NATRIUM CHLORATUM,natrium chloratum,V03AX,V03AX
NATRIUM CHLORATUM D6 SALE DR. SCHUSSLER N. 8,natrium chloratum d6 sale dr. schussler n. 8,V03AX,V03AX
NATRIUM MURIATICUM DYNAMIS,natrium muriaticum dynamis,V03AX,V03AX
NATRIUM PHOSPHORICUM,natrium phosphoricum,V03AX,V03AX
NATRIUM PHOSPHORICUM D6 SALE DR. SCHUSSLER N. 9,natrium phosphoricum d6 sale dr. schussler n. 9,V03AX,V03AX
NATRIUM PHOSPHORICUM DYNAMIS,natrium phosphoricum dynamis,V03AX,V03AX
NATRIUM SILICICUM DYNAMIS,natrium silicicum dynamis,V03AX,V03AX
NATRIUM SULFURICUM,natrium sulfuricum,V03AX,V03AX
NATRIUM SULFURICUM D6 SALE DR. SCHUSSLER N. 10,natrium sulfuricum d6 sale dr. schussler n. 10,V03AX,V03AX
NATRIUM SULFURICUM DYNAMIS,natrium sulfuricum dynamis,V03AX,V03AX
NATRUM CARBONICUM,natrum carbonicum,V03AX,V03AX
NATRUM MURIATICUM,natrum muriaticum,V03AX,V03AX
NATRUM PHOSPHORICUM,natrum phosphoricum,V03AX,V03AX
NATRUM PIRUVICUM SOL OTI,natrum piruvicum sol oti,V03AX,V03AX
NATRUM SULFURICUM,natrum sulfuricum,V03AX,V03AX
NATULAN,natulan,L01XB01,L01XB01
NAVELBINE,navelbine,L01CA04,L01CA04
NAVERUCLIF,naveruclif,L01CD01,L01CD01
NAVIZAN,navizan,M03BX02,M03BX02
NAXIGLO,naxiglo,J06BA01,J06BA01
NAXIM,naxim,R05CB06,R05CB06
NAZAR,nazar,R01AA08,R01AA08
NEBICINA,nebicina,J01GB01,J01GB01
NEBID,nebid,G03BA03,G03BA03
NEBILOX,nebilox,C07AB12,C07AB12
NEBIOTIN,nebiotin,A11HA05,A11HA05
NEBISCON,nebiscon,C07AB12,C07AB12
NEBIVOLOLO ABC,nebivololo abc,C07AB12,C07AB12
NEBIVOLOLO ACCORD,nebivololo accord,C07AB12,C07AB12
NEBIVOLOLO ALTER,nebivololo alter,C07AB12,C07AB12
NEBIVOLOLO AUROBINDO ITALIA,nebivololo aurobindo italia,C07AB12,C07AB12
NEBIVOLOLO DOC,nebivololo doc,C07AB12,C07AB12
NEBIVOLOLO E IDROCLOROTIAZIDE DOC GENERICI,nebivololo e idroclorotiazide doc generici,C07BB12,C07BB12
NEBIVOLOLO E IDROCLOROTIAZIDE EG,nebivololo e idroclorotiazide eg,C07BB12,C07BB12
NEBIVOLOLO E IDROCLOROTIAZIDE MYLAN,nebivololo e idroclorotiazide mylan,C07BB12,C07BB12
NEBIVOLOLO E IDROCLOROTIAZIDE SANDOZ,nebivololo e idroclorotiazide sandoz,C07BB12,C07BB12
NEBIVOLOLO E IDROCLOROTIAZIDE TEVA ITALIA,nebivololo e idroclorotiazide teva italia,C07BB12,C07BB12
NEBIVOLOLO EG,nebivololo eg,C07AB12,C07AB12
NEBIVOLOLO KRKA,nebivololo krka,C07AB12,C07AB12
NEBIVOLOLO MYLAN ITALIA,nebivololo mylan italia,C07AB12,C07AB12
NEBIVOLOLO PENSA,nebivololo pensa,C07AB12,C07AB12
NEBIVOLOLO SANDOZ,nebivololo sandoz,C07AB12,C07AB12
NEBIVOLOLO TECNIGEN,nebivololo tecnigen,C07AB12,C07AB12
NEBIVOLOLO TEVA ITALIA,nebivololo teva italia,C07AB12,C07AB12
NEBIVOLOLO ZENTIVA,nebivololo zentiva,C07AB12,C07AB12
NEBKLIQ,nebkliq,C07FB12,C07FB12
NEBULCORT,nebulcort,R03BA03,R03BA03
NEBULGEN,nebulgen,R03BA03,R03BA03
NECLORAL,necloral,J01DC04,J01DC04
NEFAZOL,nefazol,J01DB04,J01DB04
NEFLUAN,nefluan,N01BB52,N01BB52
NEKACIN,nekacin,J01GB06,J01GB06
NELEDIADEN,nelediaden,C10AA05,C10AA05
NELIP,nelip,C10AA05,C10AA05
NELOVA,nelova,G02BB01,G02BB01
NEMDATINE,nemdatine,N06DX01,N06DX01
NEMLUVIO,nemluvio,D11AH12,D11AH12
NEO BOROCILLINA,neo borocillina,R02AA20,R02AA20
NEO BOROCILLINA ANTISETTICO OROFARINGEO,neo borocillina antisettico orofaringeo,R02AA20,R02AA20
NEO BOROCILLINA FLUIDIFICANTE TOSSE,neo borocillina fluidificante tosse,R05CB06,R05CB06
NEO BOROCILLINA GOLA DOLORE,neo borocillina gola dolore,A01AD11,A01AD11
NEO BOROCILLINA INFIAMMAZIONE E DOLORE,neo borocillina infiammazione e dolore,M01AE01,M01AE01
NEO BOROCILLINA TOSSE,neo borocillina tosse,R05DA20,R05DA20
NEO CROMATON BICOMPLESSO,neo cromaton bicomplesso,A11EA,A11EA
NEO CYTAMEN,neo cytamen,B03BA03,B03BA03
NEO FURADANTIN,neo furadantin,J01XE01,J01XE01
NEO NISIDINA,neo nisidina,N02BE51,N02BE51
NEO OPTALIDON,neo optalidon,N02BE51,N02BE51
NEO-EMOCICATROL,neo-emocicatrol,R01AX30,R01AX30
NEO-LOTAN,neo-lotan,C09CA01,C09CA01
NEO-LOTAN PLUS,neo-lotan plus,C09DA01,C09DA01
NEO-SYNEPHRINE,neo-synephrine,R01AA04,R01AA04
NEOATRICON,neoatricon,C01CA04,C01CA04
NEOCLARITYN,neoclarityn,R06AX27,R06AX27
NEODIDRO,neodidro,A11CC06,A11CC06
NEODISET,neodiset,A11CC06,A11CC06
NEODUPLAMOX,neoduplamox,J01CR02,J01CR02
NEOFORDEX,neofordex,H02AB02,H02AB02
NEOHEPATECT,neohepatect,J06BB04,J06BB04
NEOIODARSOLO,neoiodarsolo,A13A,A13A
NEOMEDIL,neomedil,D08AJ01,D08AJ01
NEOMERCUROCROMO,neomercurocromo,D08AX,D08AX
NEOMERCUROCROMOBIANCO,neomercurocromobianco,D08AC02,D08AC02
NEOPHYR,neophyr,R07AX01,R07AX01
NEORECORMON,neorecormon,B03XA01,B03XA01
NEOTIGASON,neotigason,D05BB02,D05BB02
NEOXENE,neoxene,G01AX,G01AX
NEOXINAL,neoxinal,D08AC02,D08AC02
NEOXINAL ALCOLICO,neoxinal alcolico,D08AC52,D08AC52
NEPARVIS,neparvis,C09DX04,C09DX04
NEPEXTO,nepexto,L04AB01,L04AB01
NEPILEX,nepilex,N03AX18,N03AX18
NERISONA,nerisona,D07AC06,D07AC06
NERIXIA,nerixia,M05BA,M05BA
NERLYNX,nerlynx,L01EH02,L01EH02
NERVAXON,nervaxon,N06AX25,N06AX25
NERVINUM DYNAMIS,nervinum dynamis,V03AX,V03AX
NESEPHOS,nesephos,V03AX,V03AX
NESYRGY,nesyrgy,C07FB12,C07FB12
NETEKA,neteka,M03BX01,M03BX01
NETILDEX,netildex,S01CA01,S01CA01
NETTACIN COLLIRIO,nettacin collirio,S01AA23,S01AA23
NETTACIN VISCOSO,nettacin viscoso,S01AA23,S01AA23
NEULASTA,neulasta,L03AA13,L03AA13
NEULEPTIL,neuleptil,N05AC01,N05AC01
NEUPRO,neupro,N04BC09,N04BC09
NEURABEN,neuraben,A11DB,A11DB
NEURACEQ,neuraceq,V09AX06,V09AX06
NEUREX,neurex,N06BX06,N06BX06
NEUROBION,neurobion,A11DB,A11DB
NEURONTIN,neurontin,N02BF01,N02BF01
NEUROTON,neuroton,N06BX06,N06BX06
NEVANAC,nevanac,S01BC10,S01BC10
NEVIRAPINA AUROBINDO,nevirapina aurobindo,J05AG01,J05AG01
NEVIRAPINA MYLAN,nevirapina mylan,J05AG01,J05AG01
NEXAG,nexag,B02AA02,B02AA02
NEXAVAR,nexavar,L01EX02,L01EX02
NEXIUM,nexium,A02BC05,A02BC05
NEXIUM CONTROL,nexium control,A02BC05,A02BC05
NEXOBRID,nexobrid,D03BA03,D03BA03
NEXPLANON,nexplanon,G03AC08,G03AC08
NEXPOVIO,nexpovio,L01XX66,L01XX66
NEXVIADYME,nexviadyme,A16AB22,A16AB22
NGENLA,ngenla,H01AC08,H01AC08
NIAOULI ESSENZA MARCO VITI,niaouli essenza marco viti,R01AX10,R01AX10
NIAOULI ESSENZA SELLA,niaouli essenza sella,R01AX10,R01AX10
NIAOULI ESSENZA ZETA,niaouli essenza zeta,R01AX10,R01AX10
NIAPELF,niapelf,N05AX13,N05AX13
NIBESTAN,nibestan,L02BG06,L02BG06
NICARDIPINA MYLAN GENERICS,nicardipina mylan generics,C08CA04,C08CA04
NICCOLUM METALLICUM DYNAMIS,niccolum metallicum dynamis,V03AX,V03AX
NICETILE,nicetile,N06BX12,N06BX12
NICHEL SOLFATO ESAIDRATO ALLERGEAZE,nichel solfato esaidrato allergeaze,V04CL,V04CL
NICORETTE,nicorette,N07BA01,N07BA01
NICORETTEICY,nicoretteicy,N07BA01,N07BA01
NICORETTEQUICK,nicorettequick,N07BA01,N07BA01
NICOTINAMIDE IDI,nicotinamide idi,A11HA01,A11HA01
NICOZID,nicozid,J04AC01,J04AC01
NIDIPRES,nidipres,C08CA13,C08CA13
NIFEDICOR,nifedicor,C08CA05,C08CA05
NIFEDIPINA DOC,nifedipina doc,C08CA05,C08CA05
NIFEDIPINA DOC GENERICI,nifedipina doc generici,C08CA05,C08CA05
NIFEDIPINA EG,nifedipina eg,C08CA05,C08CA05
NIFEDIPINA MYLAN GENERICS,nifedipina mylan generics,C08CA05,C08CA05
NIFEDIPINA MYLAN GENERICS ITALIA,nifedipina mylan generics italia,C08CA05,C08CA05
NIFEDIPINA SANDOZ,nifedipina sandoz,C08CA05,C08CA05
NIFEREX,niferex,B03AA01,B03AA01
NIFLAM,niflam,M01AX22|M01AX02,
NIGLINA,niglina,C01DA02,C01DA02
NIKLOD,niklod,M05BA02,M05BA02
NILEMDO,nilemdo,C10AX15,C10AX15
NILOTINIB ACCORD,nilotinib accord,L01EA03,L01EA03
NILOTINIB EG,nilotinib eg,L01EA03,L01EA03
NILOTINIB MYLAN,nilotinib mylan,L01EA03,L01EA03
NILOTINIB TEVA,nilotinib teva,L01EA03,L01EA03
NILOTINIB ZENTIVA,nilotinib zentiva,L01EA03,L01EA03
NILSON,nilson,J01DD04,J01DD04
NIMBEX,nimbex,M03AC11,M03AC11
NIMEDEX,nimedex,M01AX17,M01AX17
NIMENRIX,nimenrix,J07AH08,J07AH08
NIMESULENE,nimesulene,M01AX17,M01AX17
NIMESULIDE ALMUS,nimesulide almus,M01AX17,M01AX17
NIMESULIDE ALTER,nimesulide alter,M01AX17,M01AX17
NIMESULIDE DOC GENERICI,nimesulide doc generici,M01AX17,M01AX17
NIMESULIDE EG,nimesulide eg,M01AX17,M01AX17
NIMESULIDE MYLAN GENERICS,nimesulide mylan generics,M01AX17,M01AX17
NIMESULIDE PENSA,nimesulide pensa,M01AX17,M01AX17
NIMESULIDE RATIOPHARM,nimesulide ratiopharm,M01AX17,M01AX17
NIMESULIDE SANDOZ,nimesulide sandoz,M01AX17,M01AX17
NIMOBRAIN,nimobrain,C08CA06,C08CA06
NIMODIPINA ALTAN,nimodipina altan,C08CA06,C08CA06
NIMODIPINA DOC GENERICI,nimodipina doc generici,C08CA06,C08CA06
NIMODIPINA EG,nimodipina eg,C08CA06,C08CA06
NIMODIPINA PENSA,nimodipina pensa,C08CA06,C08CA06
NIMOTOP,nimotop,C08CA06,C08CA06
NIMVASTID,nimvastid,N06DA03,N06DA03
NINLARO,ninlaro,L01XG03,L01XG03
NINOXAN,ninoxan,N01AX13,N01AX13
NINTEDANIB ACCORD,nintedanib accord,L01EX09,L01EX09
NINTEDANIB ACCORDPHARMA,nintedanib accordpharma,L01EX09,L01EX09
NINTEDANIB AUROBINDO,nintedanib aurobindo,L01EX09,L01EX09
NINTEDANIB CIPLA,nintedanib cipla,L01EX09,L01EX09
NINTEDANIB DR. REDDY?S,nintedanib dr. reddy?s,L01EX09,L01EX09
NINTEDANIB EG,nintedanib eg,L01EX09,L01EX09
NINTEDANIB GLENMARK,nintedanib glenmark,L01XE31,L01XE31
NINTEDANIB INTAS,nintedanib intas,L01EX09,L01EX09
NINTEDANIB SANDOZ,nintedanib sandoz,L01EX09,L01EX09
NINTEDANIB TEVA,nintedanib teva,L01EX09,L01EX09
NINTEDANIB VIATRIS,nintedanib viatris,L01EX09,L01EX09
NIOGERMOX,niogermox,D01AE14,D01AE14
NIPENT,nipent,L01XX08,L01XX08
NIPFILAN,nipfilan,L01EX09,L01EX09
NIPIN,nipin,C08CA05,C08CA05
NIQUITIN,niquitin,N07BA01,N07BA01
NIQUITINMINT,niquitinmint,N07BA01,N07BA01
NIREDIL,niredil,C01DA02,C01DA02
NIROLEX FEBBRE E DOLORE,nirolex febbre e dolore,N02BE01,N02BE01
NIROLEX TOSSE E CATARRO,nirolex tosse e catarro,R05CB02,R05CB02
NIROLEX TOSSE SECCA,nirolex tosse secca,R05DA09,R05DA09
NISEGAL,nisegal,S02CA06,S02CA06
NISIDINASOL,nisidinasol,N02BE01,N02BE01
NITISINONE DIPHARMA,nitisinone dipharma,A16AX04,A16AX04
NITRICUM ACIDUM,nitricum acidum,V03AX,V03AX
NITRODERM TTS,nitroderm tts,C01DA02,C01DA02
NITROFURANTOINA DOC,nitrofurantoina doc,J01XE01,J01XE01
NITROFURANTOINA MYLAN PHARMA,nitrofurantoina mylan pharma,J01XE01,J01XE01
NITROGLICERINA BIOINDUSTRIA LIM,nitroglicerina bioindustria lim,C01DA02,C01DA02
NITROGLICERINA DOC GENERICI,nitroglicerina doc generici,C01DA02,C01DA02
NITROGLICERINA EG,nitroglicerina eg,C01DA02,C01DA02
NITROGLICERINA EG STADA,nitroglicerina eg stada,C01DA02,C01DA02
NITROGLICERINA SANDOZ,nitroglicerina sandoz,C01DA02,C01DA02
NITROGLICERINA TEVA,nitroglicerina teva,C01DA02,C01DA02
NITROGLICERINA ZENTIVA,nitroglicerina zentiva,C01DA02,C01DA02
NIULIVA,niuliva,J06BB04,J06BB04
NIVESTIM,nivestim,L03AA02,L03AA02
NIZACOL,nizacol,J02AB01,J02AB01
NIZOBLUE,nizoblue,D01AC08,D01AC08
NIZORAL,nizoral,D01AC08,D01AC08
NOAN,noan,N05BA01,N05BA01
NOBECUTANE,nobecutane,D08AX,D08AX
NOBISTAR,nobistar,C07AB12,C07AB12
NOBIZIDE,nobizide,C07BB12,C07BB12
NODIGAP,nodigap,A11CC05,A11CC05
NOFRATTIL,nofrattil,M05BA04,M05BA04
NOGREG,nogreg,B01AC04,B01AC04
NOIDAK,noidak,D10BA01,D10BA01
NOKU,noku,N06BA04,N06BA04
NOLITERAX,noliterax,C09BA04,C09BA04
NOLOK,nolok,S01BA14,S01BA14
NOLPAZA,nolpaza,A02BC02,A02BC02
NOLUS,nolus,R03DC03,R03DC03
NOLVADEX,nolvadex,L02BA01,L02BA01
NOMAFEN,nomafen,L02BA01,L02BA01
NOOTROPIL,nootropil,N06BX03,N06BX03
NORADOX,noradox,C02CA04,C02CA04
NORADRENALINA TARTRATO AGUETTANT,noradrenalina tartrato aguettant,C01CA03,C01CA03
NORADRENALINA TARTRATO GALENICA SENESE,noradrenalina tartrato galenica senese,C01CA03,C01CA03
NORADRENALINA TARTRATO LABORATOIRE AGUETTANT,noradrenalina tartrato laboratoire aguettant,C01CA03,C01CA03
NORADRENALINA TARTRATO MONICO,noradrenalina tartrato monico,C01CA03,C01CA03
NORADRENALINA TARTRATO S.A.L.F.,noradrenalina tartrato s.a.l.f.,C01CA03,C01CA03
NORAPRIL,norapril,C09AA05,C09AA05
NORAZIDE,norazide,C09BA05,C09BA05
NORCAPTO,norcapto,N06AA10,N06AA10
NORCHOL,norchol,V09XA01,V09XA01
NORDIMET,nordimet,L04AX03,L04AX03
NORDITROPIN,norditropin,H01AC01,H01AC01
NOREPINEFRINA KALCEKS,norepinefrina kalceks,C01CA03,C01CA03
NORFLESYX,norflesyx,V03AX,V03AX
NORFLOXACINA ABC,norfloxacina abc,J01MA06,J01MA06
NORFLOXACINA EG,norfloxacina eg,J01MA06,J01MA06
NORFLOXACINA SANDOZ,norfloxacina sandoz,J01MA06,J01MA06
NORITREN,noritren,N06AA10,N06AA10
NORLEVO,norlevo,G03AD01,G03AD01
NORMALENE,normalene,A06AB02,A06AB02
NORMASE,normase,A06AD11,A06AD11
NORMASE EPS,normase eps,A06AD11,A06AD11
NORMIX,normix,A07AA11,A07AA11
NORMOGIN,normogin,G01AX,G01AX
NORMOPARIN,normoparin,B01AB01,B01AB01
NORMOPRESS,normopress,C07CB03,C07CB03
NORMOSANG,normosang,B06AB01,B06AB01
NORMOTHEN,normothen,C02CA04,C02CA04
NORUXOL,noruxol,D03BA52,D03BA52
NORVASC,norvasc,C08CA01,C08CA01
NORVIR,norvir,J05AE03,J05AE03
NOTECOR,notecor,B05DA,B05DA
NOTTEM,nottem,N05CF02,N05CF02
NOVACID,novacid,B03BB01,B03BB01
NOVADIEN,novadien,G03AA16,G03AA16
NOVAGO,novago,R06AA02,R06AA02
NOVALGINA,novalgina,N02BB02,N02BB02
NOVAPHERGAN,novaphergan,D04AA10,D04AA10
NOVASTAN,novastan,B01AE03,B01AE03
NOVESINA,novesina,S01HA02,S01HA02
NOVOEIGHT,novoeight,B02BD02,B02BD02
NOVOMIX,novomix,A10AD05,A10AD05
NOVONORM,novonorm,A10BX02,A10BX02
NOVORAPID,novorapid,A10AB05,A10AB05
NOVOSEVEN,novoseven,B02BD08,B02BD08
NOVOTHIRTEEN,novothirteen,B02BD11,B02BD11
NOVYNETTE,novynette,G03AA09,G03AA09
NOXAFIL,noxafil,J02AC04,J02AC04
NOXAP,noxap,R07AX01,R07AX01
NOZINAN,nozinan,N05AA02,N05AA02
NPLATE,nplate,B02BX04,B02BX04
NTR,ntr,R01AB01,R01AB01
NUBEQA,nubeqa,L02BB06,L02BB06
NUBRIVEO,nubriveo,N03AX23,N03AX23
NUCALA,nucala,R03DX09,R03DX09
NUCEIVA,nuceiva,M03AX01,M03AX01
NULOJIX,nulojix,L04AA28,L04AA28
NUMETA,numeta,B05BA01,B05BA01
NUPERAL,nuperal,A04AD,A04AD
NUPHAR LUTEUM DYNAMIS,nuphar luteum dynamis,V03AX,V03AX
NUROFEN,nurofen,M01AE01,M01AE01
NUROFEN EFFETTO PROLUNGATO,nurofen effetto prolungato,M01AE01,M01AE01
NUROFEN FEBBRE E DOLORE,nurofen febbre e dolore,M01AE01,M01AE01
NUROFEN FEBBRE E DOLORE .,nurofen febbre e dolore .,M01AE01,M01AE01
NUROFEN INFLUENZA E RAFFREDDORE,nurofen influenza e raffreddore,M01AE51|R01BA52,
NUROFENBABY,nurofenbaby,M01AE01,M01AE01
NUROFENCAPS,nurofencaps,M01AE01,M01AE01
NUROFENIMMEDIA,nurofenimmedia,M01AE01,M01AE01
NUROFENJUNIOR,nurofenjunior,M01AE01,M01AE01
NUROFENKID FEBBRE E DOLORE,nurofenkid febbre e dolore,M01AE01,M01AE01
NUROFENTEEN,nurofenteen,M01AE01,M01AE01
NUROFENXS,nurofenxs,M01AE01,M01AE01
NUROFLEX DOLORI MUSCOLARI E ARTICOLARI,nuroflex dolori muscolari e articolari,M02AA13,M02AA13
NUSPAX,nuspax,V03AX,V03AX
NUSTENDI,nustendi,C10BA10,C10BA10
NUSYX,nusyx,V03AX,V03AX
NUTRINEAL PD4,nutrineal pd4,B05DB,B05DB
NUTRIPLUS OMEGA,nutriplus omega,B05BA10,B05BA10
NUVARING,nuvaring,G02BB01,G02BB01
NUVAXOVID,nuvaxovid,J07BN04,J07BN04
NUVAXOVID JN.1,nuvaxovid jn.1,J07BX03,J07BX03
NUVAXOVID XBB.1.5,nuvaxovid xbb.1.5,J07BN04,J07BN04
NUWIQ,nuwiq,B02BD02,B02BD02
NUX MOSCHATA,nux moschata,V03AX,V03AX
NUX MOSCHATA DYNAMIS,nux moschata dynamis,V03AX,V03AX
NUX VOMICA,nux vomica,V03AX,V03AX
NUX VOMICA COMPLEXE 49,nux vomica complexe 49,V03AX,V03AX
NUX VOMICA DYNAMIS,nux vomica dynamis,V03AX,V03AX
NYVEPRIA,nyvepria,L03AA13,L03AA13
NYXOID,nyxoid,V03AB15,V03AB15
OBGEMSA,obgemsa,G04BD15,G04BD15
OBIMAL,obimal,A03AB06,A03AB06
OBISPAX,obispax,A03CA04,A03CA04
OBIZUR,obizur,B02BD14,B02BD14
OBODENCE,obodence,M05BX04,M05BX04
OCCHIO TOTALE,occhio totale,V03AX,V03AX
OCREVUS,ocrevus,L04AG08,L04AG08
OCTAGAM,octagam,J06BA02,J06BA02
OCTANATE,octanate,B02BD06,B02BD06
OCTANINE,octanine,B02BD04,B02BD04
OCTANORM,octanorm,J06BA01,J06BA01
OCTAPLAS,octaplas,B05AA02,B05AA02
OCTILIA,octilia,S01GA02,S01GA02
OCTILIA ALLERGIA E INFIAMMAZIONE,octilia allergia e infiammazione,S01GA52,S01GA52
OCTOSEDAN,octosedan,N01BB02,N01BB02
OCTREOSCAN,octreoscan,V09IB01,V09IB01
OCTREOTIDE BIOINDUSTRIA L.I.M.,octreotide bioindustria l.i.m.,H01CB02,H01CB02
OCTREOTIDE SUN,octreotide sun,H01CB02,H01CB02
OCTREOTIDE TEVA,octreotide teva,H01CB02,H01CB02
OCUFEN,ocufen,S01BC04,S01BC04
OCUFLOX,ocuflox,S01AE01,S01AE01
OCULATAX,oculatax,S01EE01,S01EE01
OCUPIX,ocupix,S01AA12,S01AA12
OCUSYNT,ocusynt,S01EE01,S01EE01
OCZYESA,oczyesa,H01CB02,H01CB02
ODEFSEY,odefsey,J05AR19,J05AR19
ODOMZO,odomzo,L01XJ02,L01XJ02
OENANTHE CROCATA DYNAMIS,oenanthe crocata dynamis,V03AX,V03AX
OFEV,ofev,L01EX09,L01EX09
OFLATON,oflaton,S01AE01,S01AE01
OFTACILOX,oftacilox,S01AE03,S01AE03
OFTACORTAL,oftacortal,S01BA01,S01BA01
OFTALMIL,oftalmil,S01GA51,S01GA51
OFTAQUIX,oftaquix,S01AE05,S01AE05
OFTASTERIL,oftasteril,S01AX18,S01AX18
OFUXAL,ofuxal,G04CA01,G04CA01
OGIVRI,ogivri,L01FD01,L01FD01
OKEDI,okedi,N05AX08,N05AX08
OKI,oki,M01AE03,M01AE03
OKI DOLORE E FEBBRE,oki dolore e febbre,M01AE03,M01AE03
OKI GOLA,oki gola,A01AD11,A01AD11
OKIDOL,okidol,M01AE03,M01AE03
OKITASK,okitask,M01AE03,M01AE03
OLANIX,olanix,G04CA52,G04CA52
OLANZAPINA ACCORD,olanzapina accord,N05AH03,N05AH03
OLANZAPINA AUROBINDO,olanzapina aurobindo,N05AH03,N05AH03
OLANZAPINA AUROBINDO PHARMA ITALIA,olanzapina aurobindo pharma italia,N05AH03,N05AH03
OLANZAPINA CHEPLAPHARM,olanzapina cheplapharm,N05AH03,N05AH03
OLANZAPINA DOC,olanzapina doc,N05AH03,N05AH03
OLANZAPINA DOC GENERICI,olanzapina doc generici,N05AH03,N05AH03
OLANZAPINA EG,olanzapina eg,N05AH03,N05AH03
OLANZAPINA EG STADA,olanzapina eg stada,N05AH03,N05AH03
OLANZAPINA GLENMARK,olanzapina glenmark,N05AH03,N05AH03
OLANZAPINA MYLAN PHARMA,olanzapina mylan pharma,N05AH03,N05AH03
OLANZAPINA PENSA,olanzapina pensa,N05AH03,N05AH03
OLANZAPINA PENSA PHARMA,olanzapina pensa pharma,N05AH03,N05AH03
OLANZAPINA SANDOZ,olanzapina sandoz,N05AH03,N05AH03
OLANZAPINA SUN,olanzapina sun,N05AH03,N05AH03
OLANZAPINA TEVA,olanzapina teva,N05AH03,N05AH03
OLANZAPINA VIATRIS,olanzapina viatris,N05AH03,N05AH03
OLANZAPINA ZENTIVA,olanzapina zentiva,N05AH03,N05AH03
OLATALIN,olatalin,S01ED51,S01ED51
OLAZAX,olazax,N05AH03,N05AH03
OLAZAX DISPERZI,olazax disperzi,N05AH03,N05AH03
OLBETAM,olbetam,C10AD06,C10AD06
OLEANDER,oleander,V03AX,V03AX
OLEVIA,olevia,C10AX06,C10AX06
OLIGOSYN MANGANESE COBALTO,oligosyn manganese cobalto,V03AX,V03AX
OLIGOSYN MANGANESE RAME,oligosyn manganese rame,V03AX,V03AX
OLIGOSYN ORO-RAME-ARGENTO,oligosyn oro-rame-argento,V03AX,V03AX
OLIMEL,olimel,B05BA10,B05BA10
OLITOTI IODIO,olitoti iodio,V03AX,V03AX
OLITOTI LITIO,olitoti litio,V03AX,V03AX
OLITOTI MANGANESE,olitoti manganese,V03AX,V03AX
OLITOTI MANGANESE COBALTO,olitoti manganese cobalto,V03AX,V03AX
OLITOTI MANGANESE RAME,olitoti manganese rame,V03AX,V03AX
OLITOTI ZINCO NICHEL COBALTO,olitoti zinco nichel cobalto,V03AX,V03AX
OLITOTI ZINCO RAME,olitoti zinco rame,V03AX,V03AX
OLITOTI ZOLFO,olitoti zolfo,V03AX,V03AX
OLITRACE,olitrace,B05XA30,B05XA30
OLLAT,ollat,N03AX18,N03AX18
OLMAMPID,olmampid,C09DB02,C09DB02
OLMEDIE,olmedie,C09CA08,C09CA08
OLMEGAN,olmegan,C09DA08,C09DA08
OLMESARTAN DOC GENERICI,olmesartan doc generici,C09CA08,C09CA08
OLMESARTAN E AMLODIPINA AUROBINDO,olmesartan e amlodipina aurobindo,C09DB02,C09DB02
OLMESARTAN E AMLODIPINA DOC,olmesartan e amlodipina doc,C09DB02,C09DB02
OLMESARTAN E AMLODIPINA EG,olmesartan e amlodipina eg,C09DB02,C09DB02
OLMESARTAN E AMLODIPINA HCS,olmesartan e amlodipina hcs,C09DB02,C09DB02
OLMESARTAN E AMLODIPINA PENSA,olmesartan e amlodipina pensa,C09DB02,C09DB02
OLMESARTAN E IDROCLOROTIAZIDE AUROBINDO,olmesartan e idroclorotiazide aurobindo,C09DA08,C09DA08
OLMESARTAN E IDROCLOROTIAZIDE DOC,olmesartan e idroclorotiazide doc,C09DA08,C09DA08
OLMESARTAN E IDROCLOROTIAZIDE EG,olmesartan e idroclorotiazide eg,C09DA08,C09DA08
OLMESARTAN E IDROCLOROTIAZIDE SANDOZ,olmesartan e idroclorotiazide sandoz,C09DA08,C09DA08
OLMESARTAN E IDROCLOROTIAZIDE ZENTIVA,olmesartan e idroclorotiazide zentiva,C09DA08,C09DA08
OLMESARTAN HCS,olmesartan hcs,C09CA08,C09CA08
OLMESARTAN MEDOXOMIL ACCORD,olmesartan medoxomil accord,C09CA08,C09CA08
OLMESARTAN MEDOXOMIL ALTER,olmesartan medoxomil alter,C09CA08,C09CA08
OLMESARTAN MEDOXOMIL AUROBINDO,olmesartan medoxomil aurobindo,C09CA08,C09CA08
OLMESARTAN MEDOXOMIL E ALMLODIPINA MYLAN ITALIA,olmesartan medoxomil e almlodipina mylan italia,C09DB02,C09DB02
OLMESARTAN MEDOXOMIL E AMLODIPINA ACCORD,olmesartan medoxomil e amlodipina accord,C09DB02,C09DB02
OLMESARTAN MEDOXOMIL E AMLODIPINA SANDOZ,olmesartan medoxomil e amlodipina sandoz,C09DB02,C09DB02
OLMESARTAN MEDOXOMIL E AMLODIPINA TEVA,olmesartan medoxomil e amlodipina teva,C09DB02,C09DB02
OLMESARTAN MEDOXOMIL E AMLODIPINA ZENTIVA,olmesartan medoxomil e amlodipina zentiva,C09DB02,C09DB02
OLMESARTAN MEDOXOMIL E IDROCLOROTIAZIDE ALTER,olmesartan medoxomil e idroclorotiazide alter,C09DA08,C09DA08
OLMESARTAN MEDOXOMIL E IDROCLOROTIAZIDE HCS,olmesartan medoxomil e idroclorotiazide hcs,C09DA08,C09DA08
OLMESARTAN MEDOXOMIL E IDROCLOROTIAZIDE MYLAN,olmesartan medoxomil e idroclorotiazide mylan,C09DA08,C09DA08
OLMESARTAN MEDOXOMIL E IDROCLOROTIAZIDE PENSA,olmesartan medoxomil e idroclorotiazide pensa,C09DA08,C09DA08
OLMESARTAN MEDOXOMIL E IDROCLOROTIAZIDE TEVA ITALIA,olmesartan medoxomil e idroclorotiazide teva italia,C09DA08,C09DA08
OLMESARTAN MEDOXOMIL EG,olmesartan medoxomil eg,C09CA08,C09CA08
OLMESARTAN MEDOXOMIL MYLAN,olmesartan medoxomil mylan,C09CA08,C09CA08
OLMESARTAN MEDOXOMIL PENSA,olmesartan medoxomil pensa,C09CA08,C09CA08
OLMESARTAN MEDOXOMIL SANDOZ,olmesartan medoxomil sandoz,C09CA08,C09CA08
OLMESARTAN MEDOXOMIL TEVA ITALIA,olmesartan medoxomil teva italia,C09CA08,C09CA08
OLMESARTAN MEDOXOMIL ZENTIVA,olmesartan medoxomil zentiva,C09CA08,C09CA08
"OLMESARTAN, AMLODIPINA E IDROCLOROTIAZIDE EG","olmesartan, amlodipina e idroclorotiazide eg",C09DX03,C09DX03
OLMETEC,olmetec,C09CA08,C09CA08
OLMETRIVART,olmetrivart,C09DX03,C09DX03
OLMITZE,olmitze,C09DA08,C09DA08
OLONET,olonet,S01GX09,S01GX09
OLOPATADINA FARTO,olopatadina farto,S01GX09,S01GX09
OLPIDUS,olpidus,C09DB02,C09DB02
OLPRESS,olpress,C09CA08,C09CA08
OLPREZIDE,olprezide,C09DA08,C09DA08
OLSART,olsart,C09DB02,C09DB02
OLUMIANT,olumiant,L04AF02,L04AF02
OLUX,olux,D07AD01,D07AD01
OMASEPT,omasept,A02BC01,A02BC01
OMEGA 3 AUROBINDO,omega 3 aurobindo,C10AX06,C10AX06
OMEGA 3 BOUTY,omega 3 bouty,C10AX06,C10AX06
OMEGA 3 DOC,omega 3 doc,C10AX06,C10AX06
OMEGA 3 DOC GENERICI,omega 3 doc generici,C10AX06,C10AX06
OMEGA 3 EG,omega 3 eg,C10AX06,C10AX06
OMEGA 3 MYLAN,omega 3 mylan,C10AX06,C10AX06
OMEGA 3 PENSA,omega 3 pensa,C10AX06,C10AX06
OMEGA 3 SANDOZ,omega 3 sandoz,C10AX06,C10AX06
OMEGA 3 SPA SOCIETA' PRODOTTI ANTIBIOTICI,omega 3 spa societa' prodotti antibiotici,C10AX06,C10AX06
OMEGA 3 TEVA ITALIA,omega 3 teva italia,C10AX06,C10AX06
OMEGA 3 ZENTIVA,omega 3 zentiva,C10AX06,C10AX06
OMEGAFLEX,omegaflex,B05BA10,B05BA10
OMEGAPRO,omegapro,B05BA10,B05BA10
OMEGASTATIN,omegastatin,C10AA05,C10AA05
OMEGAVEN,omegaven,B05BA02,B05BA02
OMEGOIL,omegoil,C10AX06,C10AX06
OMEKON,omekon,C10AX06,C10AX06
OMEOGRIPHI,omeogriphi,V03AX,V03AX
OMEOL CV,omeol cv,V03AX,V03AX
OMEOL D,omeol d,V03AX,V03AX
OMEOL DA,omeol da,V03AX,V03AX
OMEOL DE,omeol de,V03AX,V03AX
OMEOL G,omeol g,V03AX,V03AX
OMEOL STM,omeol stm,V03AX,V03AX
OMEPRAZEN,omeprazen,A02BC01,A02BC01
OMEPRAZOLO ABC,omeprazolo abc,A02BC01,A02BC01
OMEPRAZOLO ALMUS PHARMA,omeprazolo almus pharma,A02BC01,A02BC01
OMEPRAZOLO ALTER,omeprazolo alter,A02BC01,A02BC01
OMEPRAZOLO ARISTO PHARMA,omeprazolo aristo pharma,A02BC01,A02BC01
OMEPRAZOLO AUROBINDO,omeprazolo aurobindo,A02BC01,A02BC01
OMEPRAZOLO AUROBINDO PHARMA ITALIA,omeprazolo aurobindo pharma italia,A02BC01,A02BC01
OMEPRAZOLO AZEVEDOS,omeprazolo azevedos,A02BC01,A02BC01
OMEPRAZOLO DOC GENERICI,omeprazolo doc generici,A02BC01,A02BC01
OMEPRAZOLO EG STADA,omeprazolo eg stada,A02BC01,A02BC01
OMEPRAZOLO FG,omeprazolo fg,A02BC01,A02BC01
OMEPRAZOLO GIT,omeprazolo git,A02BC01,A02BC01
OMEPRAZOLO HEXAL A/S,omeprazolo hexal a/s,A02BC01,A02BC01
OMEPRAZOLO HIKMA,omeprazolo hikma,A02BC01,A02BC01
OMEPRAZOLO LICONSA,omeprazolo liconsa,A02BC01,A02BC01
OMEPRAZOLO MYLAN GENERICS ITALIA,omeprazolo mylan generics italia,A02BC01,A02BC01
OMEPRAZOLO MYLAN PHARMA,omeprazolo mylan pharma,A02BC01,A02BC01
OMEPRAZOLO NORIDEM,omeprazolo noridem,A02BC01,A02BC01
OMEPRAZOLO P-CARE,omeprazolo p-care,A02BC01,A02BC01
OMEPRAZOLO PENSA,omeprazolo pensa,A02BC01,A02BC01
OMEPRAZOLO PHARMACARE,omeprazolo pharmacare,A02BC01,A02BC01
OMEPRAZOLO SANDOZ BV,omeprazolo sandoz bv,A02BC01,A02BC01
OMEPRAZOLO SANDOZ GMBH,omeprazolo sandoz gmbh,A02BC01,A02BC01
OMEPRAZOLO SUN,omeprazolo sun,A02BC01,A02BC01
OMEPRAZOLO TECNIGEN ITALIA,omeprazolo tecnigen italia,A02BC01,A02BC01
OMEPRAZOLO TEVA ITALIA,omeprazolo teva italia,A02BC01,A02BC01
OMEPRAZOLO ZENTIVA ITALIA,omeprazolo zentiva italia,A02BC01,A02BC01
OMEPRAZOLO ZENTIVA SRL,omeprazolo zentiva srl,A02BC01,A02BC01
OMERIA,omeria,C07AG02,C07AG02
OMISTAT,omistat,C10AA01,C10AA01
OMJJARA,omjjara,L01EJ04,L01EJ04
OMKASA COMOD,omkasa comod,S01BC08,S01BC08
OMKIPO,omkipo,S01ED01,S01ED01
OMLYCLO,omlyclo,R03DX05,R03DX05
OMNIC,omnic,G04CA02,G04CA02
OMNIFEN,omnifen,S01GX08,S01GX08
OMNIMOXA,omnimoxa,S01AE07,S01AE07
OMNIPAQUE,omnipaque,V08AB02,V08AB02
OMNISCAN,omniscan,V08CA03,V08CA03
OMNITROPE,omnitrope,H01AC01,H01AC01
OMOLIN,omolin,A02BC01,A02BC01
OMPLESYX,omplesyx,V03AX,V03AX
OMTISA,omtisa,N07BC02,N07BC02
OMVOH,omvoh,L04AC24,L04AC24
ONAKA,onaka,L03AX05,L03AX05
ONAVUO,onavuo,L04AX07,L04AX07
ONBREZ BREEZHALER,onbrez breezhaler,R03AC18,R03AC18
ONCASPAR,oncaspar,L01XX24,L01XX24
ONCO CARBIDE,onco carbide,L01XX05,L01XX05
ONCOTICE,oncotice,L03AX03,L03AX03
ONDANSETRON ACCORD,ondansetron accord,A04AA01,A04AA01
ONDANSETRON B. BRAUN,ondansetron b. braun,A04AA01,A04AA01
ONDANSETRON DOC,ondansetron doc,A04AA01,A04AA01
ONDANSETRON EG,ondansetron eg,A04AA01,A04AA01
ONDANSETRON KABI,ondansetron kabi,A04AA01,A04AA01
ONDANSETRON KALCEKS,ondansetron kalceks,A04AA01,A04AA01
ONDANSETRON NORIDEM,ondansetron noridem,A04AA01,A04AA01
ONDANSETRONE ACCORD HEALTHCARE,ondansetrone accord healthcare,A04AA01,A04AA01
ONDANSETRONE AUROBINDO,ondansetrone aurobindo,A04AA01,A04AA01
ONDANSETRONE HIKMA,ondansetrone hikma,A04AA01,A04AA01
ONDANSETRONE MYLAN GENERICS,ondansetrone mylan generics,A04AA01,A04AA01
ONDANSETRONE MYLAN GENERICS ITALIA,ondansetrone mylan generics italia,A04AA01,A04AA01
ONDANSETRONE TEVA,ondansetrone teva,A04AA01,A04AA01
ONDEXXYA,ondexxya,V03AB38,V03AB38
ONDIBTA,ondibta,A10AE04,A10AE04
ONGENTYS,ongentys,N04BX04,N04BX04
ONGLYZA,onglyza,A10BH03,A10BH03
ONICOTER,onicoter,D01AE15,D01AE15
ONILAQ,onilaq,D01AE16,D01AE16
ONILAQARE,onilaqare,D01AE16,D01AE16
ONISID,onisid,D01AC07,D01AC07
ONIVYDE PEGYLATED LIPOSOMAL,onivyde pegylated liposomal,L01CE02,L01CE02
ONKOTRONE,onkotrone,L01DB07,L01DB07
ONOPRIM,onoprim,V03AX,V03AX
ONPATTRO,onpattro,N07XX12,N07XX12
ONTILYV,ontilyv,N04BX04,N04BX04
ONTOZRY,ontozry,N03AX25,N03AX25
ONTRUZANT,ontruzant,L01FD01,L01FD01
ONUREG,onureg,L01BC07,L01BC07
OPATANOL,opatanol,S01GX09,S01GX09
OPDIVO,opdivo,L01FF01,L01FF01
OPDUALAG,opdualag,L01FY02,L01FY02
OPFOLDA,opfolda,A16AX06,A16AX06
OPHTESIC,ophtesic,S01HA07,S01HA07
OPIXAF,opixaf,B01AF02,B01AF02
OPRYMEA,oprymea,N04BC05,N04BC05
OPSUMIT,opsumit,C02KX04,C02KX04
OPTALIDON,optalidon,N02BB74,N02BB74
OPTINATE,optinate,M05BA07,M05BA07
OPTIRAY,optiray,V08AB07,V08AB07
OPTISON,optison,V08DA01,V08DA01
OPTOCAIN,optocain,N01BB53|N01BB03,
OPUVIZ,opuviz,S01LA05,S01LA05
OPZELURA,opzelura,D11AH09,D11AH09
ORALAIR,oralair,V01AA02,V01AA02
ORAMORPH,oramorph,N02AA01,N02AA01
ORAP,orap,N05AG02,N05AG02
ORAQIX,oraqix,N01BB20,N01BB20
ORAXIM,oraxim,J01DC02,J01DC02
ORDSPONO,ordspono,L01FX,L01FX
ORENCIA,orencia,L04AA24,L04AA24
ORFADIN,orfadin,A16AX04,A16AX04
ORGALUTRAN,orgalutran,H01CC01,H01CC01
ORGANOSYN COMPOSE N. 35,organosyn compose n. 35,V03AX,V03AX
ORGANOSYN COMPOSE N.13,organosyn compose n.13,V03AX,V03AX
ORGOVYX,orgovyx,L02BX04,L02BX04
ORIDOPA,oridopa,N04BA02,N04BA02
ORIGANUM MAJORANA DYNAMIS,origanum majorana dynamis,V03AX,V03AX
ORIGANUM VULGARE DYNAMIS,origanum vulgare dynamis,V03AX,V03AX
ORKAMBI,orkambi,R07AX30,R07AX30
ORLADEYO,orladeyo,B06AC06,B06AC06
ORMICTON,ormicton,G04CB01,G04CB01
ORNIBEL,ornibel,G02BB01,G02BB01
ORNITHOGALLUM UMBELLATUM DYNAMIS,ornithogallum umbellatum dynamis,V03AX,V03AX
OROBICIN,orobicin,A07AA51,A07AA51
ORODAX,orodax,G04BD08,G04BD08
OROTRE,orotre,A12AX,A12AX
OROXELAM,oroxelam,N05CD08,N05CD08
ORPHACOL,orphacol,A05AA03,A05AA03
ORSERDU,orserdu,L02BA04,L02BA04
ORTODERMINA,ortodermina,D04AB01,D04AB01
ORUDIS,orudis,M01AE03,M01AE03
ORVATEZ,orvatez,C10BA05,C10BA05
ORYLMYTE,orylmyte,V01AA03,V01AA03
OSCILLOCOCCINUM,oscillococcinum,V03AX,V03AX
OSEFFYL,oseffyl,H05AA02,H05AA02
OSENVELT,osenvelt,M05BX04,M05BX04
OSMIUM METALLICUM DYNAMIS,osmium metallicum dynamis,V03AX,V03AX
OSPOLOT,ospolot,N03AX03,N03AX03
OSQAY,osqay,M05BX04,M05BX04
OSSEINE,osseine,V03AX,V03AX
OSSEINUM DYNAMIS,osseinum dynamis,V03AX,V03AX
OSSIBENZONE ALLERGEAZE,ossibenzone allergeaze,V04CL,V04CL
OSSIBUTININA CLORIDRATO MYLAN GENERICS,ossibutinina cloridrato mylan generics,G04BD04,G04BD04
OSSICODONE AUROBINDO,ossicodone aurobindo,N02AA05,N02AA05
OSSICODONE E NALOXONE TEVA,ossicodone e naloxone teva,N02AA55,N02AA55
OSSICODONE MOLTENI,ossicodone molteni,N02AA05,N02AA05
OSSIGENO AIR LIQUIDE SANITA',ossigeno air liquide sanita',V03AN01,V03AN01
OSSIGENO C.I.O.,ossigeno c.i.o.,V03AN01,V03AN01
OSSIGENO CER MEDICAL,ossigeno cer medical,V03AN01,V03AN01
OSSIGENO DOMOLIFE,ossigeno domolife,V03AN01,V03AN01
OSSIGENO FARMA GAS MEDICAL AND TECHNICAL GASES,ossigeno farma gas medical and technical gases,V03AN01,V03AN01
OSSIGENO GAS TECNICI FOLIGNO,ossigeno gas tecnici foligno,V03AN01,V03AN01
OSSIGENO LINDE MEDICALE,ossigeno linde medicale,V03AN01,V03AN01
OSSIGENO MAGALDI LIFE,ossigeno magaldi life,V03AN01,V03AN01
OSSIGENO MEDICAIR,ossigeno medicair,V03AN01,V03AN01
OSSIGENO MEDIGAS ITALIA,ossigeno medigas italia,V03AN01,V03AN01
OSSIGENO NIPPON GASES,ossigeno nippon gases,V03AN01,V03AN01
OSSIGENO SAPIO,ossigeno sapio,V03AN01,V03AN01
OSSIGENO SAPIO LIFE,ossigeno sapio life,V03AN01,V03AN01
OSSIGENO SIAD,ossigeno siad,V03AN01,V03AN01
OSSIGENO SICO,ossigeno sico,V03AN01,V03AN01
OSSIGENO SOL,ossigeno sol,V03AN01,V03AN01
OSSIGENO TER.GAS,ossigeno ter.gas,V03AN01,V03AN01
OSSIGENO VITALAIRE,ossigeno vitalaire,V03AN01,V03AN01
OSSIGENO VIVISOL,ossigeno vivisol,V03AN01,V03AN01
OSSIGENO VOXISUD,ossigeno voxisud,V03AN01,V03AN01
OSSITOCINA GRINDEKS,ossitocina grindeks,H01BB02,H01BB02
OSTEONORM,osteonorm,M05BA,M05BA
OSTIDIL-D3,ostidil-d3,A11CC03,A11CC03
OSVAREN,osvaren,V03AE04,V03AE04
OSVYRTI,osvyrti,M05BX04,M05BX04
OTALGAN,otalgan,S02DA30,S02DA30
OTEZLA,otezla,L04AA32,L04AA32
OTIRESK,otiresk,V03AX,V03AX
OTODEC,otodec,S02CA06,S02CA06
OTOMIDONE,otomidone,S02DA30,S02DA30
OTULFI,otulfi,L04AC05,L04AC05
OVALEAP,ovaleap,G03GA05,G03GA05
OVAMEX,ovamex,H01CC01,H01CC01
OVISON,ovison,D07AC13,D07AC13
OVITRELLE,ovitrelle,G03GA08,G03GA08
OVIXAN,ovixan,D07AC13,D07AC13
OXA,oxa,S01AE07,S01AE07
OXALIPLATINO ACCORD,oxaliplatino accord,L01XA03,L01XA03
OXALIPLATINO AUROBINDO ITALIA,oxaliplatino aurobindo italia,L01XA03,L01XA03
OXALIPLATINO FOSUN PHARMA,oxaliplatino fosun pharma,L01XA03,L01XA03
OXALIPLATINO HIKMA,oxaliplatino hikma,L01XA03,L01XA03
OXALIPLATINO KABI,oxaliplatino kabi,L01XA03,L01XA03
OXALIPLATINO SANDOZ,oxaliplatino sandoz,L01XA03,L01XA03
OXALIPLATINO SUN,oxaliplatino sun,L01XA03,L01XA03
OXALIPLATINO TEVA,oxaliplatino teva,L01XA03,L01XA03
OXBRYTA,oxbryta,B06AX03,B06AX03
OXCARBAZEPINA TECNIGEN,oxcarbazepina tecnigen,N03AF02,N03AF02
OXCIVA,oxciva,J01CF04,J01CF04
OXERVATE,oxervate,S01XA24,S01XA24
OXIBUTININA EG,oxibutinina eg,G04BD04,G04BD04
OXICODONE ACCORD,oxicodone accord,N02AA05,N02AA05
OXIS,oxis,R03AC13,R03AC13
OXLUMO,oxlumo,A16AX18,A16AX18
OXO,oxo,V03AN01,V03AN01
OXYCONTIN,oxycontin,N02AA05,N02AA05
OXYPRONAL,oxypronal,N02AA55,N02AA55
OYAVAS,oyavas,L01FG01,L01FG01
OZASED,ozased,N05CD08,N05CD08
OZAWADE,ozawade,N07XX11,N07XX11
OZEMPIC,ozempic,A10BJ06,A10BJ06
OZURDEX,ozurdex,S01BA01,S01BA01
PACLITAXEL ACCORD HEALTHCARE ITALIA,paclitaxel accord healthcare italia,L01CD01,L01CD01
PACLITAXEL ALBUMINA DR. REDDY?S,paclitaxel albumina dr. reddy?s,L01CD01,L01CD01
PACLITAXEL AUROBINDO,paclitaxel aurobindo,L01CD01,L01CD01
PACLITAXEL KABI,paclitaxel kabi,L01CD01,L01CD01
PACLITAXEL SANDOZ,paclitaxel sandoz,L01CD01,L01CD01
PACLITAXEL TEVA,paclitaxel teva,L01CD01,L01CD01
PADCEV,padcev,L01FX13,L01FX13
PADOVIEW,padoview,V09IX05,V09IX05
PAEONIA,paeonia,V03AX,V03AX
PAEONIA OFFICINALIS,paeonia officinalis,V03AX,V03AX
PAEONIA OFFICINALIS DYNAMIS,paeonia officinalis dynamis,V03AX,V03AX
PAF,paf,P03AX99,P03AX99
PAFINUR,pafinur,R06AX28,R06AX28
PAIDOFEN,paidofen,M01AE01,M01AE01
PAIDOMICINA,paidomicina,S01AA12,S01AA12
PAINKET,painket,M01AE03,M01AE03
PALBRAN,palbran,N05AX13,N05AX13
PALEXIA,palexia,N02AX06,N02AX06
PALFORZIA,palforzia,V01AA08,V01AA08
PALIPERIDONE EG,paliperidone eg,N05AX13,N05AX13
PALIPERIDONE KRKA,paliperidone krka,N05AX13,N05AX13
PALIPERIDONE SANDOZ,paliperidone sandoz,N05AX13,N05AX13
PALIPERIDONE SANDOZ GMBH,paliperidone sandoz gmbh,N05AX13,N05AX13
PALIPERIDONE TEVA,paliperidone teva,N05AX13,N05AX13
PALIPERIDONE TEVA ITALIA,paliperidone teva italia,N05AX13,N05AX13
PALIPERIDONE VIATRIS PHARMA,paliperidone viatris pharma,N05AX13,N05AX13
PALIPERIDONE ZENTIVA,paliperidone zentiva,N05AX13,N05AX13
PALLADIUM METALLICUM DYNAMIS,palladium metallicum dynamis,V03AX,V03AX
PALMEUX,palmeux,N05AX13,N05AX13
PALONOSETRON ACCORD,palonosetron accord,A04AA05,A04AA05
PALONOSETRON DR. REDDY'S,palonosetron dr. reddy's,A04AA05,A04AA05
PALONOSETRON FRESENIUS KABI,palonosetron fresenius kabi,A04AA05,A04AA05
PALONOSETRON KALCEKS,palonosetron kalceks,A04AA05,A04AA05
PALONOSETRON REIG JOFRE,palonosetron reig jofre,A04AA05,A04AA05
PALYNZIQ,palynziq,A16AB19,A16AB19
PANACEF,panacef,J01DC04,J01DC04
PANATRIX,panatrix,J01DD04,J01DD04
PANCLEUS,pancleus,A02BC02,A02BC02
PANCREAS,pancreas,V03AX,V03AX
PANDEMIC INFLUENZA VACCINE H5N1 ASTRAZENECA,pandemic influenza vaccine h5n1 astrazeneca,J07BB03,J07BB03
PANDIOL,pandiol,A04AA02,A04AA02
PANTECTA,pantecta,A02BC02,A02BC02
PANTETINA,pantetina,A11HA32,A11HA32
PANTOFIR,pantofir,A02BC02,A02BC02
PANTOPAN,pantopan,A02BC02,A02BC02
PANTOPRAZOLO ABC,pantoprazolo abc,A02BC02,A02BC02
PANTOPRAZOLO ACCORD HEALTHCARE,pantoprazolo accord healthcare,A02BC02,A02BC02
PANTOPRAZOLO ALMUS,pantoprazolo almus,A02BC02,A02BC02
PANTOPRAZOLO ALTER,pantoprazolo alter,A02BC02,A02BC02
PANTOPRAZOLO ARISTO PHARMA,pantoprazolo aristo pharma,A02BC02,A02BC02
PANTOPRAZOLO AUROBINDO,pantoprazolo aurobindo,A02BC02,A02BC02
PANTOPRAZOLO AUROBINDO PHARMA ITALIA,pantoprazolo aurobindo pharma italia,A02BC02,A02BC02
PANTOPRAZOLO DOC,pantoprazolo doc,A02BC02,A02BC02
PANTOPRAZOLO EG,pantoprazolo eg,A02BC02,A02BC02
PANTOPRAZOLO GIT,pantoprazolo git,A02BC02,A02BC02
PANTOPRAZOLO HIKMA,pantoprazolo hikma,A02BC02,A02BC02
PANTOPRAZOLO KRKA,pantoprazolo krka,A02BC02,A02BC02
PANTOPRAZOLO MYLAN,pantoprazolo mylan,A02BC02,A02BC02
PANTOPRAZOLO MYLAN ITALIA,pantoprazolo mylan italia,A02BC02,A02BC02
PANTOPRAZOLO NORIDEM,pantoprazolo noridem,A02BC02,A02BC02
PANTOPRAZOLO PENSA,pantoprazolo pensa,A02BC02,A02BC02
PANTOPRAZOLO SANDOZ,pantoprazolo sandoz,A02BC02,A02BC02
PANTOPRAZOLO SANDOZ GMBH,pantoprazolo sandoz gmbh,A02BC02,A02BC02
PANTOPRAZOLO SUN,pantoprazolo sun,A02BC02,A02BC02
PANTOPRAZOLO SUN PHARMA,pantoprazolo sun pharma,A02BC02,A02BC02
PANTOPRAZOLO SUN PHARMACEUTICAL INDUSTRIES LIMITED,pantoprazolo sun pharmaceutical industries limited,A02BC02,A02BC02
PANTOPRAZOLO TECNIGEN ITALIA,pantoprazolo tecnigen italia,A02BC02,A02BC02
PANTOPRAZOLO TEVA ITALIA,pantoprazolo teva italia,A02BC02,A02BC02
PANTOPRAZOLO TILLOMED,pantoprazolo tillomed,A02BC02,A02BC02
PANTOPRAZOLO TOWA,pantoprazolo towa,A02BC02,A02BC02
PANTOPRAZOLO ZENTIVA,pantoprazolo zentiva,A02BC02,A02BC02
PANTOPRAZOLO ZENTIVA ITALIA,pantoprazolo zentiva italia,A02BC02,A02BC02
PANTOPRAZOLO ZENTIVA LAB,pantoprazolo zentiva lab,A02BC02,A02BC02
PANTORC,pantorc,A02BC02,A02BC02
PANTOREX,pantorex,A02BC02,A02BC02
PANTOXON,pantoxon,J01DD04,J01DD04
PANTOZOL CONTROL,pantozol control,A02BC02,A02BC02
PANUP,panup,N02AE01|H05AA02,
PAOSONELLE,paosonelle,G03FA17,G03FA17
PAPAVERINA CLORIDRATO GALENICA SENESE,papaverina cloridrato galenica senese,A03AD01,A03AD01
PAPAVERINA CLORIDRATO MONICO,papaverina cloridrato monico,A03AD01,A03AD01
PAPAVERINA CLORIDRATO S.A.L.F.,papaverina cloridrato s.a.l.f.,A03AD01,A03AD01
PARABENI MIX ALLERGEAZE,parabeni mix allergeaze,V04CL,V04CL
PARACALCITOLO MYLAN,paracalcitolo mylan,H05BX02,H05BX02
PARACALCITOLO SANDOZ,paracalcitolo sandoz,H05BX02,H05BX02
PARACALCITOLO TEVA ITALIA,paracalcitolo teva italia,H05BX02,H05BX02
PARACETAMOLO ALTER,paracetamolo alter,N02BE01,N02BE01
PARACETAMOLO AUROBINDO PHARMA,paracetamolo aurobindo pharma,N02BE01,N02BE01
PARACETAMOLO AUROBINDO PHARMA ITALIA,paracetamolo aurobindo pharma italia,N02BE01,N02BE01
PARACETAMOLO B. BRAUN,paracetamolo b. braun,N02BE01,N02BE01
PARACETAMOLO BAXTER,paracetamolo baxter,N02BE01,N02BE01
PARACETAMOLO COOP,paracetamolo coop,N02BE01,N02BE01
PARACETAMOLO DOC GENERICI,paracetamolo doc generici,N02BE01,N02BE01
PARACETAMOLO E CODEINA ACCORD,paracetamolo e codeina accord,N02AJ06,N02AJ06
PARACETAMOLO E CODEINA ACCORD HEALTHCARE,paracetamolo e codeina accord healthcare,N02AJ06,N02AJ06
PARACETAMOLO E CODEINA ALTER,paracetamolo e codeina alter,N02AJ06,N02AJ06
PARACETAMOLO E CODEINA DOC GENERICI,paracetamolo e codeina doc generici,N02AJ06,N02AJ06
PARACETAMOLO E CODEINA EG,paracetamolo e codeina eg,N02BE51,N02BE51
PARACETAMOLO E CODEINA MYLAN PHARMA,paracetamolo e codeina mylan pharma,N02AJ06,N02AJ06
PARACETAMOLO E CODEINA PENSA,paracetamolo e codeina pensa,N02AJ06,N02AJ06
PARACETAMOLO E IBUPROFENE MYLAN,paracetamolo e ibuprofene mylan,M01AE51,M01AE51
PARACETAMOLO EG,paracetamolo eg,N02BE01,N02BE01
PARACETAMOLO EUROSPITAL,paracetamolo eurospital,N02BE01,N02BE01
PARACETAMOLO FARMAKOPEA,paracetamolo farmakopea,N02BE01,N02BE01
PARACETAMOLO GALENICA SENESE,paracetamolo galenica senese,N02BE01,N02BE01
PARACETAMOLO GENA,paracetamolo gena,N02BE01,N02BE01
PARACETAMOLO KABI,paracetamolo kabi,N02BE01,N02BE01
PARACETAMOLO LABORATORI ALTER,paracetamolo laboratori alter,N02BE01,N02BE01
PARACETAMOLO LIVSANE,paracetamolo livsane,N02BE01,N02BE01
PARACETAMOLO MARCO VITI,paracetamolo marco viti,N02BE01,N02BE01
PARACETAMOLO MYLAN,paracetamolo mylan,N02BE01,N02BE01
PARACETAMOLO MYLAN GENERICS,paracetamolo mylan generics,N02BE01,N02BE01
PARACETAMOLO MYLAN ITALIA,paracetamolo mylan italia,N02BE01,N02BE01
PARACETAMOLO MYLAN PHARMA,paracetamolo mylan pharma,N02BE01,N02BE01
PARACETAMOLO NORIDEM,paracetamolo noridem,N02BE01,N02BE01
PARACETAMOLO NOVA ARGENTIA,paracetamolo nova argentia,N02BE01,N02BE01
PARACETAMOLO PENSA PHARMA,paracetamolo pensa pharma,N02BE01,N02BE01
PARACETAMOLO PENSAVITAL,paracetamolo pensavital,N02BE01,N02BE01
PARACETAMOLO RATIOPHARM,paracetamolo ratiopharm,N02BE01,N02BE01
PARACETAMOLO S.A.L.F.,paracetamolo s.a.l.f.,N02BE01,N02BE01
PARACETAMOLO SANDOZ,paracetamolo sandoz,N02BE01,N02BE01
PARACETAMOLO SELLA,paracetamolo sella,N02BE01,N02BE01
PARACETAMOLO ZENTIVA GENERICS,paracetamolo zentiva generics,N02BE01,N02BE01
PARACETAMOLO ZENTIVA ITALIA,paracetamolo zentiva italia,N02BE01,N02BE01
PARACETAMOLO ZENTIVA S.R.L.,paracetamolo zentiva s.r.l.,N02BE01,N02BE01
PARACETAMOLO ZETA,paracetamolo zeta,N02BE01,N02BE01
PARACODINA,paracodina,R05DA,R05DA
PARACODINA SCIROPPO,paracodina sciroppo,R05DA20,R05DA20
PARAFFINA LIQUIDA BIOINDUSTRIA L.I.M.,paraffina liquida bioindustria l.i.m.,V07AY,V07AY
PARAFFINA LIQUIDA MARCO VITI,paraffina liquida marco viti,A06AA01,A06AA01
PARASYMPATHICINUM DYNAMIS,parasympathicinum dynamis,V03AX,V03AX
PAREIRA BRAVA,pareira brava,V03AX,V03AX
PAREIRA BRAVA DYNAMIS,pareira brava dynamis,V03AX,V03AX
PARIET,pariet,A02BC04,A02BC04
PARIS QUADRIFOLIA DYNAMIS,paris quadrifolia dynamis,V03AX,V03AX
PARLODEL,parlodel,N04BC01|G02CB01,
PAROXETINA ALMUS,paroxetina almus,N06AB05,N06AB05
PAROXETINA ALMUS PHARMA,paroxetina almus pharma,N06AB05,N06AB05
PAROXETINA AUROBINDO,paroxetina aurobindo,N06AB05,N06AB05
PAROXETINA DOC,paroxetina doc,N06AB05,N06AB05
PAROXETINA DOC GENERICI,paroxetina doc generici,N06AB05,N06AB05
PAROXETINA EG,paroxetina eg,N06AB05,N06AB05
PAROXETINA EG STADA,paroxetina eg stada,N06AB05,N06AB05
PAROXETINA HEXAL,paroxetina hexal,N06AB05,N06AB05
PAROXETINA MYLAN GENERICS,paroxetina mylan generics,N06AB05,N06AB05
PAROXETINA MYLAN PHARMA,paroxetina mylan pharma,N06AB05,N06AB05
PAROXETINA PENSA,paroxetina pensa,N06AB05,N06AB05
PAROXETINA PENSA PHARMA,paroxetina pensa pharma,N06AB05,N06AB05
PAROXETINA RATIOPHARM,paroxetina ratiopharm,N06AB05,N06AB05
PAROXETINA TEVA,paroxetina teva,N06AB05,N06AB05
PAROXETINA TEVA ITALIA,paroxetina teva italia,N06AB05,N06AB05
PAROXETINA ZENTIVA,paroxetina zentiva,N06AB05,N06AB05
PAROXETINA ZENTIVA ITALIA,paroxetina zentiva italia,N06AB05,N06AB05
PARSABIV,parsabiv,H05BX04,H05BX04
PARVATI,parvati,C09BB07,C09BB07
PARYCOD,parycod,N02AJ06,N02AJ06
PASADEN,pasaden,N05BA19,N05BA19
PASCORBIN,pascorbin,A11GA01,A11GA01
PASPAT,paspat,J07AX,J07AX
PASSIFLORA INCARNATA,passiflora incarnata,V03AX,V03AX
PATRIDE,patride,H05AA02,H05AA02
PATROL,patrol,N02AJ13,N02AJ13
PAUDIEN,paudien,G03FA15,G03FA15
PAVEKET,paveket,S01GX08,S01GX08
PAVETOD,pavetod,R01AD08,R01AD08
PAXABEL,paxabel,A06AD15,A06AD15
PAXLOVID,paxlovid,J05AE30,J05AE30
PAXNEURY,paxneury,C02AC02,C02AC02
PAZENIR,pazenir,L01CD01,L01CD01
PAZOPANIB ACCORD,pazopanib accord,L01EX03,L01EX03
PAZOPANIB DR. REDDY'S,pazopanib dr. reddy's,L01EX03,L01EX03
PAZOPANIB EG,pazopanib eg,L01XE11,L01XE11
PAZOPANIB GLENMARK,pazopanib glenmark,L01EX03,L01EX03
PAZOPANIB MYLAN,pazopanib mylan,L01EX03,L01EX03
PAZOPANIB SANDOZ,pazopanib sandoz,L01EX03,L01EX03
PAZOPANIB TEVA,pazopanib teva,L01EX03,L01EX03
PAZOPANIB ZENTIVA,pazopanib zentiva,L01EX03,L01EX03
PCOLINA,pcolina,V09IX07,V09IX07
PECFENT,pecfent,N02AB03,N02AB03
PEDEA,pedea,C01EB16,C01EB16
PEDIPPI,pedippi,A02BC01,A02BC01
PEDISMOF,pedismof,B05BA10,B05BA10
PEDITRACE,peditrace,B05XA30,B05XA30
PEDMARQSI,pedmarqsi,V,V
PEGASYS,pegasys,L03AB11,L03AB11
PELGRAZ,pelgraz,L03AA13,L03AA13
PELMEG,pelmeg,L03AA13,L03AA13
PEMAZYRE,pemazyre,L01EN02,L01EN02
PEMETREXED ACCORD,pemetrexed accord,L01BA04,L01BA04
PEMETREXED AUROBINDO,pemetrexed aurobindo,L01BA04,L01BA04
PEMETREXED EG,pemetrexed eg,L01BA04,L01BA04
PEMETREXED EVER PHARMA,pemetrexed ever pharma,L01BA04,L01BA04
PEMETREXED FRESENIUS KABI,pemetrexed fresenius kabi,L01BA04,L01BA04
PEMETREXED GLENMARK,pemetrexed glenmark,L01BA04,L01BA04
PEMETREXED HIKMA,pemetrexed hikma,L01BA04,L01BA04
PEMETREXED MEDAC,pemetrexed medac,L01BA04,L01BA04
PEMETREXED MYLAN,pemetrexed mylan,L01BA04,L01BA04
PEMETREXED PFIZER,pemetrexed pfizer,L01BA04,L01BA04
PEMETREXED SANDOZ BV,pemetrexed sandoz bv,L01BA04,L01BA04
PEMETREXED SUN,pemetrexed sun,L01BA04,L01BA04
PENNSAID,pennsaid,M02AA15,M02AA15
PENSTAPHO,penstapho,J01CF04,J01CF04
PENSULVIT SIFI,pensulvit sifi,S01AA30,S01AA30
PENTACARINAT,pentacarinat,P01CX01,P01CX01
PENTACOL,pentacol,A07EC02,A07EC02
PENTAGLOBIN,pentaglobin,J06BA02,J06BA02
PENTASA,pentasa,A07EC02,A07EC02
PEPAXTI,pepaxti,L01AA10,L01AA10
PEPTAZOL,peptazol,A02BC02,A02BC02
PEPTIREX,peptirex,A02BC03,A02BC03
PERAMIND,peramind,C09BX01,C09BX01
PERAMPANEL DOC,perampanel doc,N03AX22,N03AX22
PERAMPANEL EG,perampanel eg,N03AX22,N03AX22
PERAMPANEL TEVA,perampanel teva,N03AX22,N03AX22
PERFAN,perfan,C01CE03,C01CE03
PERFORMER,performer,J01DC04,J01DC04
PERGASTID,pergastid,A02BC03,A02BC03
PERGIDAL,pergidal,A06AD15,A06AD15
PERGOVERIS,pergoveris,G03GA30,G03GA30
PERIACTIN,periactin,R06AX02,R06AX02
PERICAINA,pericaina,N01BB03,N01BB03
PERIDON,peridon,A03FA03,A03FA03
PERIFLEX,periflex,B05BA10,B05BA10
PERINDOPRIL DOC GENERICI,perindopril doc generici,C09AA04,C09AA04
PERINDOPRIL E AMLODIPINA AUROBINDO,perindopril e amlodipina aurobindo,C09BB04,C09BB04
PERINDOPRIL E AMLODIPINA DOC GENERICI,perindopril e amlodipina doc generici,C09BB04,C09BB04
PERINDOPRIL E AMLODIPINA EG STADA,perindopril e amlodipina eg stada,C09BB04,C09BB04
PERINDOPRIL E AMLODIPINA HCS,perindopril e amlodipina hcs,C09BB04,C09BB04
PERINDOPRIL E AMLODIPINA MYLAN PHARMA,perindopril e amlodipina mylan pharma,C09BB04,C09BB04
PERINDOPRIL E AMLODIPINA TEVA ITALIA,perindopril e amlodipina teva italia,C09BB04,C09BB04
PERINDOPRIL E AMLODIPINA ZENTIVA,perindopril e amlodipina zentiva,C09BB04,C09BB04
PERINDOPRIL E INDAPAMIDE DOC,perindopril e indapamide doc,C09BA04,C09BA04
PERINDOPRIL E INDAPAMIDE EG,perindopril e indapamide eg,C09BA04,C09BA04
PERINDOPRIL E INDAPAMIDE MYLAN,perindopril e indapamide mylan,C09BA04,C09BA04
PERINDOPRIL E INDAPAMIDE MYLAN GENERICS,perindopril e indapamide mylan generics,C09BA04,C09BA04
PERINDOPRIL E INDAPAMIDE SANDOZ,perindopril e indapamide sandoz,C09BA04,C09BA04
PERINDOPRIL E INDAPAMIDE TECNIGEN,perindopril e indapamide tecnigen,C09BA04,C09BA04
PERINDOPRIL E INDAPAMIDE TEVA,perindopril e indapamide teva,C09BA04,C09BA04
PERINDOPRIL E INDAPAMIDE TEVA ITALIA,perindopril e indapamide teva italia,C09BA04,C09BA04
PERINDOPRIL E INDAPAMIDE ZENTIVA,perindopril e indapamide zentiva,C09BA04,C09BA04
PERINDOPRIL EG,perindopril eg,C09AA04,C09AA04
PERINDOPRIL INDAPAMIDE RATIOPHARM,perindopril indapamide ratiopharm,C09BA04,C09BA04
PERINDOPRIL KRKA,perindopril krka,C09AA04,C09AA04
PERINDOPRIL MYLAN GENERICS,perindopril mylan generics,C09AA04,C09AA04
PERINDOPRIL SANDOZ,perindopril sandoz,C09AA04,C09AA04
PERINDOPRIL SUN,perindopril sun,C09AA04,C09AA04
PERINDOPRIL TEVA GENERICS,perindopril teva generics,C09AA04,C09AA04
PERINDOPRIL TEVA ITALIA,perindopril teva italia,C09AA04,C09AA04
PERINDOPRIL ZENTIVA,perindopril zentiva,C09AA04,C09AA04
"PERINDOPRIL, INDAPAMIDE E AMLODIPINA EG","perindopril, indapamide e amlodipina eg",C09BX01,C09BX01
PERINDOPRIL/INDAPAMIDE/AMLODIPINA TEVA,perindopril/indapamide/amlodipina teva,C09BX01,C09BX01
PERINDOPRIL/INDAPAMIDE/AMLODIPINA TEVA ITALIA,perindopril/indapamide/amlodipina teva italia,C09BX01,C09BX01
PERIOCHIP,periochip,A01AB03,A01AB03
PERIPLUM,periplum,C08CA06,C08CA06
PERISMOFVEN,perismofven,B05BA10,B05BA10
PERIVEN,periven,B05BA10,B05BA10
PERJETA,perjeta,L01FD02,L01FD02
PERMIXON,permixon,G04CX02,G04CX02
PERSANTIN,persantin,B01AC07,B01AC07
PERZECEN,perzecen,R03BA02,R03BA02
PETAS,petas,S01AE05,S01AE05
PETIDINA CLORIDRATO MOLTENI,petidina cloridrato molteni,N02AB02,N02AB02
PETIDINA CLORIDRATO MONICO,petidina cloridrato monico,N02AB02,N02AB02
PETIDINA CLORIDRATO S.A.L.F.,petidina cloridrato s.a.l.f.,N02AB02,N02AB02
PETROLEUM,petroleum,V03AX,V03AX
PETROLEUM RECTIFICATUM DYNAMIS,petroleum rectificatum dynamis,V03AX,V03AX
PETROSELINUM SATIVUM DYNAMIS,petroselinum sativum dynamis,V03AX,V03AX
PEVAONICO,pevaonico,D01AE15,D01AE15
PEVARYL,pevaryl,D01AC03|G01AF05,
PEVISONE,pevisone,D01AC20,D01AC20
PEYONA,peyona,N06BC01,N06BC01
PHALANX,phalanx,D11AX01,D11AX01
PHAREPA,pharepa,B01AB01,B01AB01
PHARMACORT,pharmacort,H02AB08,H02AB08
PHEBURANE,pheburane,A16AX03,A16AX03
PHELINUN,phelinun,L01AA03,L01AA03
PHELLANDRIUM AQUATICUM DYNAMIS,phellandrium aquaticum dynamis,V03AX,V03AX
PHESGO,phesgo,L01FY01,L01FY01
PHOMILOT,phomilot,L04AA32,L04AA32
PHOSPHO LAX,phospho lax,A06AD17,A06AD17
PHOSPHORICUM ACIDUM,phosphoricum acidum,V03AX,V03AX
PHOSPHORUS,phosphorus,V03AX,V03AX
PHOSPHORUS HOMEO SAPIENS COMP,phosphorus homeo sapiens comp,V03AX,V03AX
PHOXILIUM,phoxilium,B05ZB,B05ZB
PHYSIONEAL,physioneal,B05DB,B05DB
PHYSOSTIGMA VENENOSUM DYNAMIS,physostigma venenosum dynamis,V03AX,V03AX
PHYTOLACCA DECANDRA,phytolacca decandra,V03AX,V03AX
PHYTOLACCA DECANDRA DYNAMIS,phytolacca decandra dynamis,V03AX,V03AX
PIASKY,piasky,L04AJ07,L04AJ07
PICOPREP,picoprep,A06AB58,A06AB58
PICRICUM ACIDUM,picricum acidum,V03AX,V03AX
PIFELTRO,pifeltro,J05AG06,J05AG06
PIFLUSYX,piflusyx,V03AX,V03AX
PIGITIL,pigitil,L03AX05,L03AX05
PILESIA,pilesia,N03AX22,N03AX22
PILOCARPINA FARMIGEA,pilocarpina farmigea,S01EB01,S01EB01
PILOSELLA COMPOSITUM,pilosella compositum,V03AX,V03AX
PIOFELEK,piofelek,G04BE03,G04BE03
PIOGLITAZONE ACCORD,pioglitazone accord,A10BG03,A10BG03
PIOGLITAZONE ACTAVIS,pioglitazone actavis,A10BG03,A10BG03
PIOGLITAZONE AUROBINDO,pioglitazone aurobindo,A10BG03,A10BG03
PIOGLITAZONE DOC GENERICI,pioglitazone doc generici,A10BG03,A10BG03
PIOGLITAZONE E METFORMINA ARISTO,pioglitazone e metformina aristo,A10BD05,A10BD05
PIOGLITAZONE E METFORMINA DOCGEN,pioglitazone e metformina docgen,A10BD05,A10BD05
PIOGLITAZONE E METFORMINA EG,pioglitazone e metformina eg,A10BD05,A10BD05
PIOGLITAZONE E METFORMINA TEVA,pioglitazone e metformina teva,A10BD05,A10BD05
PIOGLITAZONE MYLAN,pioglitazone mylan,A10BG03,A10BG03
PIOGLITAZONE TECNIGEN,pioglitazone tecnigen,A10BG03,A10BG03
PIOGLITAZONE ZENTIVA,pioglitazone zentiva,A10BG03,A10BG03
PIPEMID,pipemid,J01MB04,J01MB04
PIPER METHYSTICUM DYNAMIS,piper methysticum dynamis,V03AX,V03AX
PIPERACILLINA E TAZOBACTAM AUROBINDO,piperacillina e tazobactam aurobindo,J01CR05,J01CR05
PIPERACILLINA E TAZOBACTAM IBIGEN,piperacillina e tazobactam ibigen,J01CR05,J01CR05
PIPERACILLINA E TAZOBACTAM KABI,piperacillina e tazobactam kabi,J01CR05,J01CR05
PIPERACILLINA E TAZOBACTAM MYLAN GENERICS,piperacillina e tazobactam mylan generics,J01CR05,J01CR05
PIPERACILLINA E TAZOBACTAM NORIDEM,piperacillina e tazobactam noridem,J01CR05,J01CR05
PIPERACILLINA E TAZOBACTAM SANDOZ,piperacillina e tazobactam sandoz,J01CR05,J01CR05
PIPERACILLINA E TAZOBACTAM TEVA,piperacillina e tazobactam teva,J01CR05,J01CR05
PIPERACILLINA K24 PHARMACEUTICALS,piperacillina k24 pharmaceuticals,J01CA12,J01CA12
PIPERACILLINA/TAZOBACTAM HIKMA,piperacillina/tazobactam hikma,J01CR05,J01CR05
PIPERACILLINA/TAZOBACTAM KALCEKS,piperacillina/tazobactam kalceks,J01CR05,J01CR05
PIPERACILLINA/TAZOBACTAM QILU,piperacillina/tazobactam qilu,J01CR05,J01CR05
PIPERACILLINA/TAZOBACTAM REIG JOFRE,piperacillina/tazobactam reig jofre,J01CR05,J01CR05
PIPERACILLINA/TAZOBACTAM TILLOMED,piperacillina/tazobactam tillomed,J01CR05,J01CR05
PIPERITAL,piperital,J01CA12,J01CA12
PIPERTEX,pipertex,J01CA12,J01CA12
PIQRAY,piqray,L01EM03,L01EM03
PIRALGIN,piralgin,N02BB02,N02BB02
PIRFENIDONE ACCORD,pirfenidone accord,L04AX05,L04AX05
PIRFENIDONE AUROBINDO,pirfenidone aurobindo,L04AX05,L04AX05
PIRFENIDONE AXUNIO,pirfenidone axunio,L04AX05,L04AX05
PIRFENIDONE CIPLA,pirfenidone cipla,L04AX05,L04AX05
PIRFENIDONE DR. REDDY?S,pirfenidone dr. reddy?s,L04AX05,L04AX05
PIRFENIDONE EG,pirfenidone eg,L04AX05,L04AX05
PIRFENIDONE SANDOZ,pirfenidone sandoz,L04AX05,L04AX05
PIRFENIDONE TECNIGEN,pirfenidone tecnigen,L04AX05,L04AX05
PIRFENIDONE TEVA,pirfenidone teva,L04AX05,L04AX05
PIRFENIDONE VIATRIS,pirfenidone viatris,L04AX05,L04AX05
PIRFENIDONE ZENTIVA,pirfenidone zentiva,L04AX05,L04AX05
PIROBEC,pirobec,M02AA07,M02AA07
PIROFTAL,piroftal,S01BC06,S01BC06
PIROS,piros,N02BE01,N02BE01
PIROXICAM DOC,piroxicam doc,M01AC01|M02AA07,
PIROXICAM DOC GENERICI,piroxicam doc generici,M01AC01,M01AC01
PIROXICAM EG,piroxicam eg,M01AC01,M01AC01
PIXADIL,pixadil,B01AF02,B01AF02
PIXUVRI,pixuvri,L01DB11,L01DB11
PIXXOSCAN,pixxoscan,V08CA09,V08CA09
PLACENTA,placenta,V03AX,V03AX
PLACENTEX,placentex,D03AX|V03AX|S01XA,
PLACENTINUM DYNAMIS,placentinum dynamis,V03AX,V03AX
PLACTIDIL,plactidil,B01AC03,B01AC03
PLAK OUT,plak out,A01AB03,A01AB03
PLANICID,planicid,J01XA02,J01XA02
PLANTAGO MAJOR,plantago major,V03AX,V03AX
PLANTAGO MAJOR DYNAMIS,plantago major dynamis,V03AX,V03AX
PLANUM,planum,G03AA09,G03AA09
PLAQUENIL,plaquenil,P01BA02,P01BA02
PLASBUMIN,plasbumin,B05AA01,B05AA01
PLASIL,plasil,A03FA01,A03FA01
PLASMAGRADE,plasmagrade,B05AA02,B05AA02
PLASMASAFE,plasmasafe,B05AA02,B05AA02
PLATINA,platina,V03AX,V03AX
PLATINUM METALLICUM DYNAMIS,platinum metallicum dynamis,V03AX,V03AX
PLAUDIT,plaudit,R03BA03,R03BA03
PLAUNAC,plaunac,C09CA08,C09CA08
PLAUNAZIDE,plaunazide,C09DA08,C09DA08
PLAVIX,plavix,B01AC04,B01AC04
PLEGIK,plegik,S01FA04,S01FA04
PLEGRIDY,plegridy,L03AB13,L03AB13
PLENADREN,plenadren,H02AB09,H02AB09
PLENDIL,plendil,C08CA02,C08CA02
PLENVU,plenvu,A06AD65,A06AD65
PLERIXAFOR ACCORD,plerixafor accord,L03AX16,L03AX16
PLERIXAFOR AUROBINDO,plerixafor aurobindo,L03AX16,L03AX16
PLERIXAFOR EG,plerixafor eg,L03AX16,L03AX16
PLERIXAFOR SEACROSS,plerixafor seacross,L03AX16,L03AX16
PLERIXAFOR TEVA,plerixafor teva,L03AX16,L03AX16
PLERIXAFOR TILLOMED,plerixafor tillomed,L03AX16,L03AX16
PLERIXAFOR VIATRIS,plerixafor viatris,L03AX16,L03AX16
PLEYRIS,pleyris,G03DA04,G03DA04
PLIAGLIS,pliaglis,N01BB52,N01BB52
PLITAGAMMA,plitagamma,J06BA02,J06BA02
PLITALFA,plitalfa,B02AB02,B02AB02
PLITATE,plitate,B02BD06,B02BD06
PLUMBUM ACETICUM DYNAMIS,plumbum aceticum dynamis,V03AX,V03AX
PLUMBUM METALLICUM,plumbum metallicum,V03AX,V03AX
PLUMBUM METALLICUM DYNAMIS,plumbum metallicum dynamis,V03AX,V03AX
PLUSFLEX,plusflex,B05BA10,B05BA10
PLUVICTO,pluvicto,V10XX05,V10XX05
PLYZARI,plyzari,A10BJ02,A10BJ02
PNEUMOVAX,pneumovax,J07AL01,J07AL01
PODOPHYLLUM PELTATUM,podophyllum peltatum,V03AX,V03AX
PODOPHYLLUM PELTATUM DYNAMIS,podophyllum peltatum dynamis,V03AX,V03AX
PODVIT,podvit,V03AX,V03AX
POLARAMIN,polaramin,D04AA|R06AB02,
POLGEN,polgen,V09FX01,V09FX01
POLIMOD,polimod,L03AX05,L03AX05
POLIOBOOSTRIX,polioboostrix,J07CA02,J07CA02
POLIOINFANRIX,polioinfanrix,J07CA02,J07CA02
POLITRATE,politrate,L02AE02,L02AE02
POLIVY,polivy,L01FX14,L01FX14
POLLIVAL,pollival,S01GX07,S01GX07
POLYCEPSYX,polycepsyx,V03AX,V03AX
POLYGALA SENEGA DYNAMIS,polygala senega dynamis,V03AX,V03AX
POMALIDOMIDE ABDI,pomalidomide abdi,L04AX06,L04AX06
POMALIDOMIDE ACCORD,pomalidomide accord,L04AX06,L04AX06
POMALIDOMIDE AUROBINDO,pomalidomide aurobindo,L04AX06,L04AX06
POMALIDOMIDE EG,pomalidomide eg,L04AX06,L04AX06
POMALIDOMIDE EVER PHARMA,pomalidomide ever pharma,L04AX06,L04AX06
POMALIDOMIDE G.L. PHARMA,pomalidomide g.l. pharma,L04AX06,L04AX06
POMALIDOMIDE GLENMARK,pomalidomide glenmark,L04AX06,L04AX06
POMALIDOMIDE GRINDEKS,pomalidomide grindeks,L04AX06,L04AX06
POMALIDOMIDE KRKA,pomalidomide krka,L04AX06,L04AX06
POMALIDOMIDE REIG JOFRE,pomalidomide reig jofre,L04AX06,L04AX06
POMALIDOMIDE SANDOZ,pomalidomide sandoz,L04AX06,L04AX06
POMALIDOMIDE TEVA,pomalidomide teva,L04AX06,L04AX06
POMALIDOMIDE VIATRIS,pomalidomide viatris,L04AX06,L04AX06
POMALIDOMIDE ZENTIVA,pomalidomide zentiva,L04AX06,L04AX06
POMBILITI,pombiliti,A16AB23,A16AB23
PONLIMSI,ponlimsi,M05BX04,M05BX04
PONVORY,ponvory,L04AE04,L04AE04
POPULUS TREMULA DYNAMIS,populus tremula dynamis,V03AX,V03AX
PORODRON,porodron,M05BA04,M05BA04
PORONAL,poronal,M05BA04,M05BA04
PORTEX,portex,J01FA10,J01FA10
PORTOLAC,portolac,A06AD12,A06AD12
PORTOLAC EPS,portolac eps,A06AD12,A06AD12
POSACONAZOLO ABDI,posaconazolo abdi,J02AC04,J02AC04
POSACONAZOLO ACCORD,posaconazolo accord,J02AC04,J02AC04
POSACONAZOLO AHCL,posaconazolo ahcl,J02AC04,J02AC04
POSACONAZOLO AUROBINDO,posaconazolo aurobindo,J02AC04,J02AC04
POSACONAZOLO BIOCON,posaconazolo biocon,J02AC04,J02AC04
POSACONAZOLO EG,posaconazolo eg,J02AC04,J02AC04
POSACONAZOLO EG STADA,posaconazolo eg stada,J02AC04,J02AC04
POSACONAZOLO FRESENIUS KABI,posaconazolo fresenius kabi,J02AC04,J02AC04
POSACONAZOLO MYLAN,posaconazolo mylan,J02AC04,J02AC04
POSACONAZOLO MYLAN PHARMA,posaconazolo mylan pharma,J02AC04,J02AC04
POSACONAZOLO TEVA,posaconazolo teva,J02AC04,J02AC04
POSACONAZOLO TILLOMED,posaconazolo tillomed,J02AC04,J02AC04
POSACONAZOLO ZENTIVA,posaconazolo zentiva,J02AC04,J02AC04
POSIFORLID,posiforlid,S01AX05,S01AX05
POSMOX,posmox,J01CR02,J01CR02
POTACTASOL,potactasol,L01CE01,L01CE01
POTASSIO ACETATO MONICO,potassio acetato monico,B05XA17,B05XA17
POTASSIO ASPARTATO MONICO,potassio aspartato monico,B05XA,B05XA
POTASSIO ASPARTATO PHARMATEX,potassio aspartato pharmatex,B05XA,B05XA
POTASSIO CANRENOATO EG,potassio canrenoato eg,C03DA02,C03DA02
POTASSIO CANRENOATO PENSA,potassio canrenoato pensa,C03DA02,C03DA02
POTASSIO CANRENOATO SANDOZ,potassio canrenoato sandoz,C03DA02,C03DA02
POTASSIO CLORURO BIOINDUSTRIA L.I.M.,potassio cloruro bioindustria l.i.m.,B05XA01,B05XA01
POTASSIO CLORURO E SODIO CLORURO KABI,potassio cloruro e sodio cloruro kabi,B05BB01,B05BB01
POTASSIO CLORURO FKI,potassio cloruro fki,B05XA01,B05XA01
POTASSIO CLORURO GALENICA SENESE,potassio cloruro galenica senese,B05XA01,B05XA01
POTASSIO CLORURO MONICO,potassio cloruro monico,B05XA01,B05XA01
POTASSIO CLORURO S.A.L.F.,potassio cloruro s.a.l.f.,B05XA01,B05XA01
POTASSIO FOSFATO BIOINDUSTRIA L.I.M.,potassio fosfato bioindustria l.i.m.,B05XA06,B05XA06
POTASSIO FOSFATO GALENICA SENESE,potassio fosfato galenica senese,B05XA06,B05XA06
POTASSIO FOSFATO MONICO,potassio fosfato monico,B05XA06,B05XA06
POTASSIO FOSFATO S.A.L.F.,potassio fosfato s.a.l.f.,B05XA06,B05XA06
POTASSIO LATTATO MONICO,potassio lattato monico,B05XA15,B05XA15
POTASSION,potassion,A12BA30,A12BA30
POTELIGEO,poteligeo,L01FX09,L01FX09
POVIDERM,poviderm,D08AG02,D08AG02
PRACTIL,practil,G03AA09,G03AA09
PRADAXA,pradaxa,B01AE07,B01AE07
PRAFSIA,prafsia,B01AC22,B01AC22
PRALUENT,praluent,C10AX14,C10AX14
PRAMEFFEX,prameffex,N06AB10,N06AB10
PRAMIPERAL,pramiperal,N04BC05,N04BC05
PRAMIPEXOLO AUROBINDO,pramipexolo aurobindo,N04BC05,N04BC05
PRAMIPEXOLO DOC,pramipexolo doc,N04BC05,N04BC05
PRAMIPEXOLO EG,pramipexolo eg,N04BC05,N04BC05
PRAMIPEXOLO EG STADA,pramipexolo eg stada,N04BC05,N04BC05
PRAMIPEXOLO MYLAN,pramipexolo mylan,N04BC05,N04BC05
PRAMIPEXOLO MYLAN PHARMA,pramipexolo mylan pharma,N04BC05,N04BC05
PRAMIPEXOLO PENSA,pramipexolo pensa,N04BC05,N04BC05
PRAMIPEXOLO PENSA PHARMA,pramipexolo pensa pharma,N04BC05,N04BC05
PRAMIPEXOLO SANDOZ A/S,pramipexolo sandoz a/s,N04BC05,N04BC05
PRAMIPEXOLO TEVA,pramipexolo teva,N04BC05,N04BC05
PRAMIPEXOLO TEVA ITALIA,pramipexolo teva italia,N04BC05,N04BC05
PRAMIPEXOLO ZENTIVA,pramipexolo zentiva,N04BC05,N04BC05
PRANDIN,prandin,A10BX02,A10BX02
PRASTEROL,prasterol,C10AA03,C10AA03
PRASUGREL TEVA,prasugrel teva,B01AC22,B01AC22
PRASUGREL VIATRIS,prasugrel viatris,B01AC22,B01AC22
PRAVAFENIX,pravafenix,C10BA03,C10BA03
PRAVASELECT,pravaselect,C10AA03,C10AA03
PRAVASTATINA ALTER,pravastatina alter,C10AA03,C10AA03
PRAVASTATINA AUROBINDO,pravastatina aurobindo,C10AA03,C10AA03
PRAVASTATINA DOC GENERICI,pravastatina doc generici,C10AA03,C10AA03
PRAVASTATINA EG,pravastatina eg,C10AA03,C10AA03
PRAVASTATINA MYLAN,pravastatina mylan,C10AA03,C10AA03
PRAVASTATINA RATIOPHARM,pravastatina ratiopharm,C10AA03,C10AA03
PRAVASTATINA SANDOZ GMBH,pravastatina sandoz gmbh,C10AA03,C10AA03
PRAVASTATINA ZENTIVA,pravastatina zentiva,C10AA03,C10AA03
PRAXBIND,praxbind,V03AB37,V03AB37
PRAZENE,prazene,N05BA11,N05BA11
PRAZEPAM EG,prazepam eg,N05BA11,N05BA11
PRECTEN,precten,C09CA01,C09CA01
PRECTIAZIDE,prectiazide,C09DA01,C09DA01
PREDNISOLONE MEDIPHA SANTE,prednisolone medipha sante,H02AB06,H02AB06
PREDNISONE DOC GENERICI,prednisone doc generici,H02AB07,H02AB07
PREDNISONE EG,prednisone eg,H02AB07,H02AB07
PREDNISONE MYLAN PHARMA,prednisone mylan pharma,H02AB07,H02AB07
PREDNISONE PENSA,prednisone pensa,H02AB07,H02AB07
PREDNISONE TEVA,prednisone teva,H02AB07,H02AB07
PREDNISONE ZENTIVA,prednisone zentiva,H02AB07,H02AB07
PREFOLIC,prefolic,B03BB,B03BB
PREGABALIN ACCORD,pregabalin accord,N02BF02,N02BF02
PREGABALIN ALTER,pregabalin alter,N02BF02,N02BF02
PREGABALIN AUROBINDO,pregabalin aurobindo,N02BF02,N02BF02
PREGABALIN DOC GENERICI,pregabalin doc generici,N02BF02,N02BF02
PREGABALIN EG STADA ITALIA,pregabalin eg stada italia,N02BF02,N02BF02
PREGABALIN HCS,pregabalin hcs,N02BF02,N02BF02
PREGABALIN MEDREG,pregabalin medreg,N02BF02,N02BF02
PREGABALIN PENSA PHARMA,pregabalin pensa pharma,N02BF02,N02BF02
PREGABALIN SANDOZ,pregabalin sandoz,N02BF02|N03AX16,
PREGABALIN TECNIGEN,pregabalin tecnigen,N02BF02,N02BF02
PREGABALIN TEVA ITALIA,pregabalin teva italia,N02BF02|N03AX16,
PREGABALIN VIATRIS,pregabalin viatris,N02BF02|N03AX16,
PREGABALIN VIATRIS PHARMA,pregabalin viatris pharma,N03AX16,N03AX16
PREGABALIN ZENTIVA,pregabalin zentiva,N02BF02|N03AX16,
PREGENAQ,pregenaq,N02BF02,N02BF02
PREKISAN,prekisan,N07BC01,N07BC01
PRELECTAL,prelectal,C09BA04,C09BA04
PRELUD,prelud,G04BE03,G04BE03
PRELYNCA,prelynca,N02BF02,N02BF02
PREPARAZIONE H,preparazione h,C05AX,C05AX
PREPIDIL,prepidil,G02AD02,G02AD02
PRESCOFIL,prescofil,G04BE03,G04BE03
PRESDIUR,presdiur,C09DA08,C09DA08
PRESSAFIX,pressafix,C09BX03,C09BX03
PRESSLOVAL,pressloval,C09CA03,C09CA03
PRESSURAL,pressural,C03BA11,C03BA11
PRETERAX,preterax,C09BA04,C09BA04
PREVENAR 13,prevenar 13,J07AL02,J07AL02
PREVENAR 20,prevenar 20,J07AL02,J07AL02
PREVEX,prevex,C08CA02,C08CA02
PREVYMIS,prevymis,J05AX18,J05AX18
PREXILEV,prexilev,H02AB07,H02AB07
PREZISTA,prezista,J05AE10,J05AE10
PRIALT,prialt,N02BG08,N02BG08
PRILACE,prilace,C09BA05,C09BA05
PRILIGY,priligy,G04BX14,G04BX14
PRILOTEKAL,prilotekal,N01BB04,N01BB04
PRIMENE,primene,B05BA01,B05BA01
PRIMOLUT NOR,primolut nor,G03DC02,G03DC02
PRIMOVIST,primovist,V08CA10,V08CA10
PRINIVIL,prinivil,C09AA03,C09AA03
PRINZIDE,prinzide,C09BA03,C09BA03
PRINZOL,prinzol,A02BC02,A02BC02
PRIORIX,priorix,J07BD52,J07BD52
PRIORIX TETRA,priorix tetra,J07BD54,J07BD54
PRISMA,prisma,B01AB,B01AB
PRISMASOL,prismasol,B05ZB,B05ZB
PRIVIGEN,privigen,J06BA02,J06BA02
PRIVITUSS,privituss,R05DB21,R05DB21
PRIZITEC,prizitec,R06AE07,R06AE07
PROBIOS,probios,V03AX,V03AX
PROBUMIN,probumin,B05AA01,B05AA01
PROCAPTAN,procaptan,C09AA04,C09AA04
PROCIFLOR,prociflor,J01MA02,J01MA02
PROCORALAN,procoralan,C01EB17,C01EB17
PROCTASACOL,proctasacol,A07EC02,A07EC02
PROCTOLYN,proctolyn,C05AA10,C05AA10
PROCTOSEDYL,proctosedyl,C05AA|C05AA01,
PROCTOSOLL,proctosoll,C05AA01,C05AA01
PROCYSBI,procysbi,A16AA04,A16AA04
PRODIREXAN,prodirexan,G04CB02,G04CB02
PRODUTAL,produtal,G04CB02,G04CB02
PRODUXEN,produxen,G04CB02,G04CB02
PROFUZO,profuzo,G04CA01,G04CA01
PROGEFFIK,progeffik,G03DA04,G03DA04
PROGIT,progit,A03FA07,A03FA07
PROGLICEM,proglicem,V03AH01,V03AH01
PROGRAF,prograf,L04AD02,L04AD02
PROGYNOVA,progynova,G03CA03,G03CA03
PROHANCE,prohance,V08CA04,V08CA04
PROLASTIN,prolastin,B02AB02,B02AB02
PROLEUKIN,proleukin,L03AC01,L03AC01
PROLIA,prolia,M05BX04,M05BX04
PROLIZIP,prolizip,J01DC10,J01DC10
PROMAZINA DOC,promazina doc,N05AA03,N05AA03
PROMAZINA EG,promazina eg,N05AA03,N05AA03
PROMAZINA ZENTIVA,promazina zentiva,N05AA03,N05AA03
PROMETAX,prometax,N06DA03,N06DA03
PROMETAZINA DAY ZERO,prometazina day zero,R06AD02,R06AD02
PROMETRIUM,prometrium,G03DA04,G03DA04
PROMIXIN,promixin,J01XB01,J01XB01
PRONATIV,pronativ,B02BD01,B02BD01
PRONTALGIN,prontalgin,N02AX02,N02AX02
PRONTINAL,prontinal,R03BA01,R03BA01
PRONTOBARIO COLON,prontobario colon,V08BA01,V08BA01
PRONTOBARIO HD,prontobario hd,V08BA01,V08BA01
PRONTOFERRO,prontoferro,B03AA03,B03AA03
PRONTOGEST,prontogest,G03DA04,G03DA04
PROPAFENONE ACCORD,propafenone accord,C01BC03,C01BC03
PROPAFENONE DOC GENERICI,propafenone doc generici,C01BC03,C01BC03
PROPAFENONE EG,propafenone eg,C01BC03,C01BC03
PROPAFENONE PENSA,propafenone pensa,C01BC03,C01BC03
PROPAFENONE RATIOPHARM,propafenone ratiopharm,C01BC03,C01BC03
PROPECIA,propecia,D11AX10,D11AX10
PROPESS,propess,G02AD02,G02AD02
PROPLEX,proplex,B02BD01,B02BD01
PROPOFOL B.BRAUN,propofol b.braun,N01AX10,N01AX10
PROPOFOL KABI,propofol kabi,N01AX10,N01AX10
PROQUAD,proquad,J07BD54,J07BD54
PROSCAR,proscar,G04CB01,G04CB01
PROSOPTIMA,prosoptima,S01ED51,S01ED51
PROSTAPLANT,prostaplant,G04CX,G04CX
PROSTATA,prostata,V03AX,V03AX
PROSTATIL,prostatil,G04CA03,G04CA03
PROSTIDE,prostide,G04CB01,G04CB01
PROSTIN VR,prostin vr,C01EA01,C01EA01
PROTAMINA MEDA,protamina meda,V03AB14,V03AB14
PROTAMINA SOLFATO LEO PHARMA,protamina solfato leo pharma,V03AB14,V03AB14
PROTAPHANE,protaphane,A10AC01,A10AC01
PROTEC,protec,A02BC01,A02BC01
PROTIADEN,protiaden,N06AA16,N06AA16
PROTLEVA,protleva,G03AD01,G03AD01
PROTOPIC,protopic,D11AH01,D11AH01
PROTOX,protox,N01AX63,N01AX63
PROTROMPLEX TIM 3,protromplex tim 3,B02BD,B02BD
PROURSAN,proursan,A05AA02,A05AA02
PROVENAL,provenal,B01AB11,B01AB11
PROVERA,provera,L02AB02,L02AB02
PROVERA G,provera g,G03DA02,G03DA02
PROVERTINUM,provertinum,B02BD05,B02BD05
PROVIGIL,provigil,N06BA07,N06BA07
PROVISACOR,provisacor,C10AA07,C10AA07
PROXEDOX,proxedox,J01DD13,J01DD13
PROZAC,prozac,N06AB03,N06AB03
PRUNUS SPINOSA,prunus spinosa,V03AX,V03AX
PSEUDONEB,pseudoneb,J01XB01,J01XB01
PSEURIN,pseurin,H01BA02,H01BA02
PSORINUM,psorinum,V03AX,V03AX
PSOTRIOL,psotriol,D05AX52,D05AX52
PULMAXAN,pulmaxan,R03BA02,R03BA02
PULMELIA,pulmelia,R03AK07,R03AK07
PULMINUM DYNAMIS,pulminum dynamis,V03AX,V03AX
PULMIST,pulmist,R03BA03,R03BA03
PULMOCIS,pulmocis,V09GA04,V09GA04
PULMOTEC,pulmotec,V09EA02,V09EA02
PULMOZYME,pulmozyme,R05CB13,R05CB13
PULSATILLA,pulsatilla,V03AX,V03AX
PULSATILLA PRATENSIS DYNAMIS,pulsatilla pratensis dynamis,V03AX,V03AX
PULSINA,pulsina,C01CA24,C01CA24
PUMILFLU INFLUENZA E RAFFREDDORE,pumilflu influenza e raffreddore,N02BE51,N02BE51
PUNGLYDEP,punglydep,N06AX11,N06AX11
PUQOD,puqod,L01EX09,L01EX09
PUREGON,puregon,G03GA06,G03GA06
PURICLAV,puriclav,J01CR02,J01CR02
PURINETHOL,purinethol,L01BB02,L01BB02
PURPREP,purprep,D08AG02,D08AG02
PURSENNID,pursennid,A06AB06,A06AB06
PYLCLARI,pylclari,V09IX16,V09IX16
PYLERA,pylera,A02BD08,A02BD08
PYLOBACTELL,pylobactell,V04CX05,V04CX05
PYRALVEX,pyralvex,A01AB11,A01AB11
PYRUKYND,pyrukynd,B06AX04,B06AX04
PYZCHIVA,pyzchiva,L04AC05,L04AC05
QAIALDO,qaialdo,C03DA01,C03DA01
QALSODY,qalsody,N07XX22,N07XX22
QARZIBA,qarziba,L01FX06,L01FX06
QDENGA,qdenga,J07BX04,J07BX04
QINLOCK,qinlock,L01EX19,L01EX19
QTERN,qtern,A10BD21,A10BD21
QUADRAMET,quadramet,V10BX02,V10BX02
QUALIDOFTA,qualidofta,S01EA05,S01EA05
QUANTICO,quantico,M01AH05,M01AH05
QUARK,quark,C09AA05,C09AA05
QUASSIA AMARA DYNAMIS,quassia amara dynamis,V03AX,V03AX
QUENTIAX,quentiax,N05AH04,N05AH04
QUESTRAN,questran,C10AC01,C10AC01
QUETIAPINA ACCORD,quetiapina accord,N05AH04,N05AH04
QUETIAPINA AHCL,quetiapina ahcl,N05AH04,N05AH04
QUETIAPINA ALTER,quetiapina alter,N05AH04,N05AH04
QUETIAPINA AUROBINDO,quetiapina aurobindo,N05AH04,N05AH04
QUETIAPINA DOC,quetiapina doc,N05AH04,N05AH04
QUETIAPINA DOC GENERICI,quetiapina doc generici,N05AH04,N05AH04
QUETIAPINA EG,quetiapina eg,N05AH04,N05AH04
QUETIAPINA EG STADA,quetiapina eg stada,N05AH04,N05AH04
QUETIAPINA LABORATORI ALTER,quetiapina laboratori alter,N05AH04,N05AH04
QUETIAPINA MYLAN,quetiapina mylan,N05AH04,N05AH04
QUETIAPINA MYLAN GENERICS,quetiapina mylan generics,N05AH04,N05AH04
QUETIAPINA MYLAN ITALIA,quetiapina mylan italia,N05AH04,N05AH04
QUETIAPINA PENSA,quetiapina pensa,N05AH04,N05AH04
QUETIAPINA PENSA PHARMA,quetiapina pensa pharma,N05AH04,N05AH04
QUETIAPINA SANDOZ,quetiapina sandoz,N05AH04,N05AH04
QUETIAPINA SANDOZ BV,quetiapina sandoz bv,N05AH04,N05AH04
QUETIAPINA SANDOZ GMBH,quetiapina sandoz gmbh,N05AH04,N05AH04
QUETIAPINA TEVA,quetiapina teva,N05AH04,N05AH04
QUETIAPINA TEVA ITALIA,quetiapina teva italia,N05AH04,N05AH04
QUETIAPINA ZENTIVA,quetiapina zentiva,N05AH04,N05AH04
QUILOGA,quiloga,C10BA06,C10BA06
QUIMOX,quimox,S01AE07,S01AE07
QUINAPRIL E IDROCLOROTIAZIDE MYLAN GENERICS,quinapril e idroclorotiazide mylan generics,C09BA06,C09BA06
QUINAPRIL EG,quinapril eg,C09AA06,C09AA06
QUINAPRIL IDROCLOROTIAZIDE AUROBINDO,quinapril idroclorotiazide aurobindo,C09BA06,C09BA06
QUINAPRIL IDROCLOROTIAZIDE EG,quinapril idroclorotiazide eg,C09BA06,C09BA06
QUINAZIDE,quinazide,C09BA06,C09BA06
QUINAZIL,quinazil,C09AA06,C09AA06
QUINSAIR,quinsair,J01MA12,J01MA12
QUOFENIX,quofenix,J01MA23,J01MA23
QUORUM,quorum,C02CA04,C02CA04
QUTENZA,qutenza,N01BX04,N01BX04
QUVIVIQ,quviviq,N05CJ03,N05CJ03
RABEPRAZOLO ALTER,rabeprazolo alter,A02BC04,A02BC04
RABEPRAZOLO AUROBINDO ITALIA,rabeprazolo aurobindo italia,A02BC04,A02BC04
RABEPRAZOLO DOC GENERICI,rabeprazolo doc generici,A02BC04,A02BC04
RABEPRAZOLO KRKA,rabeprazolo krka,A02BC04,A02BC04
RABEPRAZOLO SANDOZ,rabeprazolo sandoz,A02BC04,A02BC04
RABEPRAZOLO TECNIGEN,rabeprazolo tecnigen,A02BC04,A02BC04
RABEPRAZOLO ZENTIVA,rabeprazolo zentiva,A02BC04,A02BC04
RABESAT,rabesat,C09CA04,C09CA04
RABESTROM,rabestrom,G04BE03,G04BE03
RABEX,rabex,A02BC04,A02BC04
RABIPUR,rabipur,J07BG01,J07BG01
RABISOP,rabisop,C09BX05,C09BX05
RADELUMIN,radelumin,V09IX,V09IX
RAGEX,ragex,J01DD04,J01DD04
RALOXIFENE SANDOZ,raloxifene sandoz,G03XC01,G03XC01
RALTEGRAVIR DR. REDDY?S,raltegravir dr. reddy?s,J05AJ01,J05AJ01
RALTEGRAVIR MYLAN,raltegravir mylan,J05AJ01,J05AJ01
RAMANDIUR,ramandiur,C09BX03,C09BX03
RAMANTAL,ramantal,C09BB07,C09BB07
RAMATES,ramates,L02BG04,L02BG04
RAMILOLO,ramilolo,C09BX05,C09BX05
RAMIPRIL ABC,ramipril abc,C09AA05,C09AA05
RAMIPRIL ALMUS,ramipril almus,C09AA05,C09AA05
RAMIPRIL ALTER,ramipril alter,C09AA05,C09AA05
RAMIPRIL AUROBINDO,ramipril aurobindo,C09AA05,C09AA05
RAMIPRIL DOC GENERICI,ramipril doc generici,C09AA05,C09AA05
RAMIPRIL E AMLODIPINA DOC GENERICI,ramipril e amlodipina doc generici,C09BB07,C09BB07
RAMIPRIL E AMLODIPINA EG,ramipril e amlodipina eg,C09BB07,C09BB07
RAMIPRIL E AMLODIPINA KRKA,ramipril e amlodipina krka,C09BB07,C09BB07
Ramipril e Amlodipina Sandoz,ramipril e amlodipina sandoz,C09BB07,C09BB07
RAMIPRIL E AMLODIPINA TEVA,ramipril e amlodipina teva,C09BB07,C09BB07
RAMIPRIL E AMLODIPINA ZENTIVA,ramipril e amlodipina zentiva,C09BB07,C09BB07
RAMIPRIL E IDROCLOROTIAZIDE AUROBINDO,ramipril e idroclorotiazide aurobindo,C09BA05,C09BA05
RAMIPRIL E IDROCLOROTIAZIDE DOC GENERICI,ramipril e idroclorotiazide doc generici,C09BA05,C09BA05
RAMIPRIL E IDROCLOROTIAZIDE KRKA,ramipril e idroclorotiazide krka,C09BA05,C09BA05
RAMIPRIL E IDROCLOROTIAZIDE MYLAN GENERICS,ramipril e idroclorotiazide mylan generics,C09BA05,C09BA05
RAMIPRIL E IDROCLOROTIAZIDE PENSA,ramipril e idroclorotiazide pensa,C09BA05,C09BA05
RAMIPRIL E IDROCLOROTIAZIDE ZENTIVA,ramipril e idroclorotiazide zentiva,C09BA05,C09BA05
RAMIPRIL E INDAPAMIDE EGIS,ramipril e indapamide egis,C09BA05,C09BA05
RAMIPRIL EG,ramipril eg,C09AA05,C09AA05
RAMIPRIL GIT,ramipril git,C09AA05,C09AA05
RAMIPRIL HEXAL,ramipril hexal,C09AA05,C09AA05
RAMIPRIL IDROCLOROTIAZIDE EG STADA,ramipril idroclorotiazide eg stada,C09BA05,C09BA05
RAMIPRIL IDROCLOROTIAZIDE HEXAL,ramipril idroclorotiazide hexal,C09BA05,C09BA05
RAMIPRIL IDROCLOROTIAZIDE RATIOPHARM,ramipril idroclorotiazide ratiopharm,C09BA05,C09BA05
RAMIPRIL IDROCLOROTIAZIDE SANDOZ,ramipril idroclorotiazide sandoz,C09BA05,C09BA05
RAMIPRIL KRKA,ramipril krka,C09AA05,C09AA05
RAMIPRIL MYLAN GENERICS,ramipril mylan generics,C09AA05,C09AA05
RAMIPRIL PENSA,ramipril pensa,C09AA05,C09AA05
RAMIPRIL RATIOPHARM,ramipril ratiopharm,C09AA05,C09AA05
RAMIPRIL RATIOPHARM ITALIA,ramipril ratiopharm italia,C09AA05,C09AA05
RAMIPRIL SANDOZ,ramipril sandoz,C09AA05,C09AA05
RAMIPRIL SUN,ramipril sun,C09AA05,C09AA05
RAMIPRIL ZENTIVA,ramipril zentiva,C09AA05,C09AA05
RAMLOID,ramloid,C09BX03,C09BX03
RANEXA,ranexa,C01EB18,C01EB18
RANITIDINA DOC GENERICI,ranitidina doc generici,A02BA02,A02BA02
RANITIDINA EG,ranitidina eg,A02BA02,A02BA02
RANITIDINA TECNIGEN,ranitidina tecnigen,A02BA02,A02BA02
RANIVISIO,ranivisio,S01LA04,S01LA04
RANLUSPEC,ranluspec,S01LA04,S01LA04
RANOLAZINA ACCORD,ranolazina accord,C01EB18,C01EB18
RANOLAZINA DOC,ranolazina doc,C01EB18,C01EB18
RANOLAZINA DOC GENERICI,ranolazina doc generici,C01EB18,C01EB18
RANOLAZINA EG,ranolazina eg,C01EB18,C01EB18
RANOLAZINA KRKA,ranolazina krka,C01EB18,C01EB18
RANOLAZINA PENSA,ranolazina pensa,C01EB18,C01EB18
RANOLAZINA SANDOZ,ranolazina sandoz,C01EB18,C01EB18
RANOLAZINA TEVA,ranolazina teva,C01EB18,C01EB18
RANOLAZINA ZENTIVA,ranolazina zentiva,C01EB18,C01EB18
RANOZEK,ranozek,C01EB18,C01EB18
RANUNCULUS BULBOSUS,ranunculus bulbosus,V03AX,V03AX
RANUNCULUS BULBOSUS DYNAMIS,ranunculus bulbosus dynamis,V03AX,V03AX
RANVA,ranva,C01EB18,C01EB18
RAOLOZ,raoloz,L02BG03,L02BG03
RAPAMUNE,rapamune,L04AH01,L04AH01
RAPHANUS NIGER DYNAMIS,raphanus niger dynamis,V03AX,V03AX
RAPHANUS SATIVUS NIGER,raphanus sativus niger,V03AX,V03AX
RAPISCAN,rapiscan,C01EB21,C01EB21
RAPIVA,rapiva,N01AX10,N01AX10
RASABON,rasabon,N04BD02,N04BD02
RASAGILINA ACCORD,rasagilina accord,N04BD02,N04BD02
RASAGILINA AUROBINDO,rasagilina aurobindo,N04BD02,N04BD02
RASAGILINA DOC GENERICI,rasagilina doc generici,N04BD02,N04BD02
RASAGILINA EG,rasagilina eg,N04BD02,N04BD02
RASAGILINA KRKA,rasagilina krka,N04BD02,N04BD02
RASAGILINA RATIOPHARM,rasagilina ratiopharm,N04BD02,N04BD02
RASAGILINA SANDOZ,rasagilina sandoz,N04BD02,N04BD02
RASAGILINA TEVA,rasagilina teva,N04BD02,N04BD02
RASAGILINA VIATRIS,rasagilina viatris,N04BD02,N04BD02
RASARAL,rasaral,N04BD02,N04BD02
RASILEZ,rasilez,C09XA02,C09XA02
RATACAND,ratacand,C09CA06,C09CA06
RATACAND PLUS,ratacand plus,C09DA06,C09DA06
RATANHIA,ratanhia,V03AX,V03AX
RATANHIA DYNAMIS,ratanhia dynamis,V03AX,V03AX
RATHANIA,rathania,V03AX,V03AX
RATIOGRASTIM,ratiograstim,L03AA02,L03AA02
RATIPRED,ratipred,C09DA04,C09DA04
RAUWOLFIA SERPENTINA DYNAMIS,rauwolfia serpentina dynamis,V03AX,V03AX
RAVICTI,ravicti,A16AX09,A16AX09
RAXAR,raxar,A03FA03,A03FA03
RAXONE,raxone,N06BX13,N06BX13
RAYALDEE,rayaldee,A11CC06,A11CC06
RAYVOW,rayvow,N02CC|N02CC08,
RAZIOLET,raziolet,L02BG04,L02BG04
REACTIFARGAN,reactifargan,D04AA10,D04AA10
REACTINE,reactine,R01BA52,R01BA52
REAGILA,reagila,N05AX15,N05AX15
REALEN,realen,M05BA04,M05BA04
REAPTAN,reaptan,C09BB04,C09BB04
REBIF,rebif,L03AB07,L03AB07
REBLOZYL,reblozyl,B03XA06,B03XA06
RECARBRIO,recarbrio,J01DH56,J01DH56
RECIGAR,recigar,N07BA04,N07BA04
RECOFLUID,recofluid,R05CB03,R05CB03
RECOMBINATE,recombinate,B02BD02,B02BD02
RECOTUSS SEDATIVO,recotuss sedativo,R05DA09,R05DA09
RECTODELT,rectodelt,H02AB07,H02AB07
RECTOGESIC,rectogesic,C05AE01,C05AE01
REDEGUAN,redeguan,J01DD16,J01DD16
REDOXIN C,redoxin c,A11GA01,A11GA01
REFACTO AF,refacto af,B02BD02,B02BD02
REFIXIA,refixia,B02BD04,B02BD04
REGAINE,regaine,D11AX01,D11AX01
REGALBAX,regalbax,N02BF02,N02BF02
REGIAM,regiam,C09BX05,C09BX05
REGIOCIT,regiocit,B05ZB,B05ZB
REGOLINT,regolint,A06AD15,A06AD15
REKAMBYS,rekambys,J05AG05,J05AG05
REKOVELLE,rekovelle,G03GA10,G03GA10
RELENZA,relenza,J05AH01,J05AH01
RELESTAT,relestat,S01GX10,S01GX10
RELFYDESS,relfydess,M03AX01,M03AX01
RELIPIC,relipic,D04AA13,D04AA13
RELISTOR,relistor,A06AH01,A06AH01
RELOGEN,relogen,R05CB07,R05CB07
RELPAX,relpax,N02CC06,N02CC06
RELUVIZ,reluviz,S01GX08,S01GX08
RELVAR ELLIPTA,relvar ellipta,R03AK10,R03AK10
REMERON,remeron,N06AX11,N06AX11
REMICADE,remicade,L04AB02,L04AB02
REMIFENTANIL HAMELN,remifentanil hameln,N01AH06,N01AH06
REMIFENTANIL MYLAN GENERICS,remifentanil mylan generics,N01AH06,N01AH06
REMINYL,reminyl,N06DA04,N06DA04
REMODULIN,remodulin,B01AC21,B01AC21
REMSIMA,remsima,L04AB02,L04AB02
RENAGEL,renagel,V03AE02,V03AE02
RENAZOLE,renazole,L02BG03,L02BG03
RENE,rene,V03AX,V03AX
RENOCIS,renocis,V09CA02,V09CA02
RENVELA,renvela,V03AE02,V03AE02
REOMAX,reomax,C03CC01,C03CC01
REPAGLINIDE ACCORD,repaglinide accord,A10BX02,A10BX02
REPAGLINIDE AUROBINDO,repaglinide aurobindo,A10BX02,A10BX02
REPAGLINIDE DOC GENERICI,repaglinide doc generici,A10BX02,A10BX02
REPAGLINIDE EG,repaglinide eg,A10BX02,A10BX02
REPAGLINIDE KRKA,repaglinide krka,A10BX02,A10BX02
REPAGLINIDE MYLAN GENERICS,repaglinide mylan generics,A10BX02,A10BX02
REPAGLINIDE PENSA,repaglinide pensa,A10BX02,A10BX02
REPAGLINIDE SANDOZ,repaglinide sandoz,A10BX02,A10BX02
REPAGLINIDE TEVA,repaglinide teva,A10BX02,A10BX02
REPAGLINIDE ZENTIVA,repaglinide zentiva,A10BX02,A10BX02
REPARIL,reparil,M02AC,M02AC
REPARILEXIN,reparilexin,C05CX,C05CX
REPATHA,repatha,C10AX13,C10AX13
REPLAGAL,replagal,A16AB03,A16AB03
REPUSOX,repusox,R05CB07,R05CB07
REQUIP,requip,N04BC04,N04BC04
RESILIENT,resilient,N05AN01,N05AN01
RESINA P-TER-BUTILFENOLO FORMALDEIDICA ALLERGEAZE,resina p-ter-butilfenolo formaldeidica allergeaze,V04CL,V04CL
RESOLOR,resolor,A06AX05,A06AX05
RESPREEZA,respreeza,B02AB02,B02AB02
RESURMIDE,resurmide,H01CB01,H01CB01
RETACRIT,retacrit,B03XA01,B03XA01
RETENSIR,retensir,C09CA04,C09CA04
RETROVIR,retrovir,J05AF01,J05AF01
RETSEVMO,retsevmo,L01EX22,L01EX22
RETURN,return,N06AB04,N06AB04
REUMAFLEX,reumaflex,L04AX03,L04AX03
REUMAGIL,reumagil,M01AC01,M01AC01
REVATIO,revatio,G04BE03,G04BE03
REVESTIVE,revestive,A16AX08,A16AX08
REVINTY ELLIPTA,revinty ellipta,R03AK10,R03AK10
REVLIMID,revlimid,L04AX04,L04AX04
REVOLADE,revolade,B02BX05,B02BX05
REXORUBIA,rexorubia,V03AX,V03AX
REXTAT,rextat,C10AA02,C10AA02
REYATAZ,reyataz,J05AE08,J05AE08
REZAN,rezan,J01FA10,J01FA10
REZDIFFRA,rezdiffra,A05BA11,A05BA11
REZOLSTA,rezolsta,J05AR14,J05AR14
REZZAYO,rezzayo,J02AX08,J02AX08
RHESONATIV,rhesonativ,J06BB01,J06BB01
RHEUM OFFICINALE DYNAMIS,rheum officinale dynamis,V03AX,V03AX
RHODODENDRON CHRYSANTHUM,rhododendron chrysanthum,V03AX,V03AX
RHODODENDRON FERRUGINEUM DYNAMIS,rhododendron ferrugineum dynamis,V03AX,V03AX
RHOKIINSA,rhokiinsa,S01EX05,S01EX05
RHOPHYLAC,rhophylac,J06BB01,J06BB01
RHUS TOXICODENDRON,rhus toxicodendron,V03AX,V03AX
RHUS TOXICODENDRON DYNAMIS,rhus toxicodendron dynamis,V03AX,V03AX
RIASTAP,riastap,B02BB01,B02BB01
RIBAVIRINA AUROBINDO,ribavirina aurobindo,J05AP01,J05AP01
RIBOMICIN,ribomicin,S01AA11,S01AA11
RICAP,ricap,N06AB04,N06AB04
RICINUS COMMUNIS,ricinus communis,V03AX,V03AX
RICINUS COMMUNIS DYNAMIS,ricinus communis dynamis,V03AX,V03AX
RIDESTIN,ridestin,G04CB01,G04CB01
RIDUTOX,ridutox,V03AB32,V03AB32
RIFACOL,rifacol,A07AA11,A07AA11
RIFADIN,rifadin,J04AB02,J04AB02
RIFATER,rifater,J04AM05,J04AM05
RIFINAH,rifinah,J04AM02,J04AM02
RIFLAX,riflax,J02AC01,J02AC01
RIFLETUS,rifletus,R05DB27,R05DB27
RIFLONET,riflonet,M01AE01,M01AE01
RIFOCIN,rifocin,J04AB03,J04AB03
RIGE 2,rige 2,V03AX,V03AX
RIGE 3,rige 3,V03AX,V03AX
RIGE 4,rige 4,V03AX,V03AX
RIGE 5,rige 5,V03AX,V03AX
RIGE 6,rige 6,V03AX,V03AX
RIGE 7,rige 7,V03AX,V03AX
RIGE 8,rige 8,V03AX,V03AX
RIGE 9,rige 9,V03AX,V03AX
RIGENTEX,rigentex,A11HA03,A11HA03
RIGES,riges,A03FA03,A03FA03
RIKEDOL,rikedol,M01AB15,M01AB15
RILAMIG,rilamig,N02CC07,N02CC07
RILATEN,rilaten,A03AA06,A03AA06
RILISCAL,riliscal,A12AX,A12AX
RILOVANS,rilovans,M05BA07,M05BA07
RILTRAVA AEROSPHERE,riltrava aerosphere,R03AL11,R03AL11
RILUTEK,rilutek,N07XX02,N07XX02
RILUZOLO AUROBINDO,riluzolo aurobindo,N07XX02,N07XX02
RILUZOLO SANDOZ,riluzolo sandoz,N07XX02,N07XX02
RILUZOLO SUN,riluzolo sun,N07XX02,N07XX02
RILUZOLO ZENTIVA,riluzolo zentiva,N07XX02,N07XX02
RIMET,rimet,R01AA07,R01AA07
RIMMYRAH,rimmyrah,S01LA04,S01LA04
RINAADVANCE,rinaadvance,R01AA07,R01AA07
RINALGIT,rinalgit,R01AD09,R01AD09
RINAZINA,rinazina,R01AA08,R01AA08
RINAZINA ANTIALLERGICA,rinazina antiallergica,R01AC03,R01AC03
RINAZINA DOPPIA AZIONE,rinazina doppia azione,R01AB06,R01AB06
RINDOX,rindox,D11AX18,D11AX18
RINEFFIX,rineffix,R01AD59,R01AD59
RINELON,rinelon,R01AD09,R01AD09
RINGER ACETATO BAXTER,ringer acetato baxter,B05BB01,B05BB01
RINGER ACETATO DIACO,ringer acetato diaco,B05BB01,B05BB01
RINGER ACETATO FKI,ringer acetato fki,B05BB01,B05BB01
RINGER ACETATO GALENICA SENESE,ringer acetato galenica senese,B05BB01,B05BB01
RINGER ACETATO MONICO,ringer acetato monico,B05BB01,B05BB01
RINGER ACETATO S.A.L.F.,ringer acetato s.a.l.f.,B05BB01,B05BB01
RINGER GALENICA SENESE,ringer galenica senese,B05BB01,B05BB01
RINGER LATTATO B. BRAUN,ringer lattato b. braun,B05BB01,B05BB01
RINGER LATTATO BAXTER,ringer lattato baxter,B05BB01,B05BB01
RINGER LATTATO DIACO,ringer lattato diaco,B05BB01,B05BB01
RINGER LATTATO EUROSPITAL,ringer lattato eurospital,B05BB01,B05BB01
RINGER LATTATO FKI,ringer lattato fki,B05BB01,B05BB01
RINGER LATTATO GALENICA SENESE,ringer lattato galenica senese,B05BB01,B05BB01
RINGER LATTATO MONICO,ringer lattato monico,B05BB01,B05BB01
RINGER LATTATO S.A.L.F.,ringer lattato s.a.l.f.,B05BB01,B05BB01
RINGER MONICO,ringer monico,B05BB01,B05BB01
RINO CALYPTOL,rino calyptol,R01AA05,R01AA05
RINOCIDINA,rinocidina,R01AB02,R01AB02
RINOCLENIL,rinoclenil,R01AD01,R01AD01
RINOFF,rinoff,R01AD09,R01AD09
RINOFLUIMUCIL,rinofluimucil,R01AB08,R01AB08
RINOFRENAL,rinofrenal,R01AC51,R01AC51
RINOGUTT,rinogutt,R01AA09,R01AA09
RINOTRICINA,rinotricina,R01AX10,R01AX10
RINOVAGOS,rinovagos,R01AX03,R01AX03
RINVOQ,rinvoq,L04AF03,L04AF03
RIOPAN,riopan,A02AD02,A02AD02
RIPOL,ripol,N01AX10,N01AX10
RIPRISTO,ripristo,A02AD01,A02AD01
RISECEUS,riseceus,M05BA07,M05BA07
RISECTOL,risectol,M05BA07,M05BA07
RISEDRONATO ACCORD,risedronato accord,M05BA07,M05BA07
RISEDRONATO ACCORDPHARMA,risedronato accordpharma,M05BA07,M05BA07
RISEDRONATO ALTER,risedronato alter,M05BA07,M05BA07
RISEDRONATO AUROBINDO,risedronato aurobindo,M05BA07,M05BA07
RISEDRONATO DOC,risedronato doc,M05BA07,M05BA07
RISEDRONATO DOC GENERICI,risedronato doc generici,M05BA07,M05BA07
RISEDRONATO EG,risedronato eg,M05BA07,M05BA07
RISEDRONATO EG STADA,risedronato eg stada,M05BA07,M05BA07
RISEDRONATO MYLAN,risedronato mylan,M05BA07,M05BA07
RISEDRONATO SANDOZ,risedronato sandoz,M05BA07,M05BA07
RISEDRONATO TECNIGEN,risedronato tecnigen,M05BA07,M05BA07
RISEDRONATO ZENTIVA,risedronato zentiva,M05BA07,M05BA07
RISENCAL,risencal,M05BA07,M05BA07
RISPERDAL,risperdal,N05AX08,N05AX08
RISPERIDONE AUROBINDO,risperidone aurobindo,N05AX08,N05AX08
RISPERIDONE AUROBINDO PHARMA ITALIA,risperidone aurobindo pharma italia,N05AX08,N05AX08
RISPERIDONE GRINDEKS,risperidone grindeks,N05AX08,N05AX08
RISPERIDONE MYLAN GENERICS,risperidone mylan generics,N05AX08,N05AX08
RISPERIDONE MYLAN PHARMA,risperidone mylan pharma,N05AX08,N05AX08
RISPERIDONE SANDOZ,risperidone sandoz,N05AX08,N05AX08
RISPERIDONE SANDOZ GMBH,risperidone sandoz gmbh,N05AX08,N05AX08
RISPERIDONE TEVA GENERICS,risperidone teva generics,N05AX08,N05AX08
RISPERIDONE TEVA GROUP,risperidone teva group,N05AX08,N05AX08
RISTABEN,ristaben,A10BH01,A10BH01
RITALIN,ritalin,N06BA04,N06BA04
RITALIN EFFETTO PROLUNGATO,ritalin effetto prolungato,N06BA04,N06BA04
RITION,rition,V03AB32,V03AB32
RITMODAN,ritmodan,C01BA03,C01BA03
RITMODAN RETARD,ritmodan retard,C01BA03,C01BA03
RITONAVIR SANDOZ,ritonavir sandoz,J05AE03,J05AE03
RITONAVIR VIATRIS,ritonavir viatris,J05AE03,J05AE03
RIULVY,riulvy,L04AX10,L04AX10
RIVAROXABAN ABDI,rivaroxaban abdi,B01AF01,B01AF01
RIVAROXABAN ACCORD,rivaroxaban accord,B01AF01,B01AF01
RIVAROXABAN ALTER,rivaroxaban alter,B01AF01,B01AF01
RIVAROXABAN AUROBINDO,rivaroxaban aurobindo,B01AF01,B01AF01
RIVAROXABAN CIPLA,rivaroxaban cipla,B01AF01,B01AF01
RIVAROXABAN DOC,rivaroxaban doc,B01AF01,B01AF01
RIVAROXABAN DR. REDDY'S,rivaroxaban dr. reddy's,B01AF01,B01AF01
RIVAROXABAN E ACIDO ACETILSALICILICO DOC,rivaroxaban e acido acetilsalicilico doc,B01AF51,B01AF51
RIVAROXABAN EG,rivaroxaban eg,B01AF01,B01AF01
RIVAROXABAN GRINDEKS,rivaroxaban grindeks,B01AF01,B01AF01
RIVAROXABAN HCS,rivaroxaban hcs,B01AF01,B01AF01
RIVAROXABAN HUAHAI,rivaroxaban huahai,B01AF01,B01AF01
RIVAROXABAN IBSA,rivaroxaban ibsa,B01AF01,B01AF01
RIVAROXABAN MEDICAL VALLEY,rivaroxaban medical valley,B01AF01,B01AF01
RIVAROXABAN MYLAN,rivaroxaban mylan,B01AF01,B01AF01
RIVAROXABAN OLPHA,rivaroxaban olpha,B01AF01,B01AF01
RIVAROXABAN PENSA,rivaroxaban pensa,B01AF01,B01AF01
RIVAROXABAN PHARMACARE,rivaroxaban pharmacare,B01AF01,B01AF01
RIVAROXABAN SANDOZ,rivaroxaban sandoz,B01AF01,B01AF01
RIVAROXABAN SUN,rivaroxaban sun,B01AF01,B01AF01
RIVAROXABAN TECNIGEN,rivaroxaban tecnigen,B01AF01,B01AF01
RIVAROXABAN TEVA,rivaroxaban teva,B01AF01,B01AF01
RIVAROXABAN TILLOMED,rivaroxaban tillomed,B01AF01,B01AF01
RIVAROXABAN VIATRIS,rivaroxaban viatris,B01AF01,B01AF01
RIVAROXABAN ZENTIVA,rivaroxaban zentiva,B01AF01,B01AF01
RIVAROXABAN ZENTIVA ITALIA,rivaroxaban zentiva italia,B01AF01,B01AF01
RIVASTIGMINA ACTAVIS,rivastigmina actavis,N06DA03,N06DA03
RIVASTIGMINA AUROBINDO,rivastigmina aurobindo,N06DA03,N06DA03
RIVASTIGMINA DOC,rivastigmina doc,N06DA03,N06DA03
RIVASTIGMINA MYLAN PHARMA,rivastigmina mylan pharma,N06DA03,N06DA03
RIVASTIGMINA SANDOZ,rivastigmina sandoz,N06DA03,N06DA03
RIVASTIGMINA SANDOZ GMBH,rivastigmina sandoz gmbh,N06DA03,N06DA03
RIVASTIGMINA ZENTIVA,rivastigmina zentiva,N06DA03,N06DA03
RIVONOX,rivonox,R07AX01,R07AX01
RIVOTRIL,rivotril,N03AE01,N03AE01
RIXACAM,rixacam,B01AF01,B01AF01
RIXATHON,rixathon,L01FA01,L01FA01
RIXIL,rixil,C09CA03,C09CA03
RIXIMYO,riximyo,L01FA01,L01FA01
RIXUBIS,rixubis,B02BD04,B02BD04
RIZALIV,rizaliv,N02CC04,N02CC04
RIZATRIPTAN AUROBINDO,rizatriptan aurobindo,N02CC04,N02CC04
RIZATRIPTAN DOC,rizatriptan doc,N02CC04,N02CC04
RIZATRIPTAN DOC GENERICI,rizatriptan doc generici,N02CC04,N02CC04
RIZATRIPTAN EG,rizatriptan eg,N02CC04,N02CC04
RIZATRIPTAN MYLAN GENERICS,rizatriptan mylan generics,N02CC04,N02CC04
RIZATRIPTAN SANDOZ,rizatriptan sandoz,N02CC04,N02CC04
RIZATRIPTAN TEVA,rizatriptan teva,N02CC04,N02CC04
RIZATRIPTAN ZENTIVA ITALIA,rizatriptan zentiva italia,N02CC04,N02CC04
RIZEN,rizen,N05BA21,N05BA21
RIZMOIC,rizmoic,A06AH05,A06AH05
ROACTEMRA,roactemra,L04AC07,L04AC07
ROBILAS,robilas,R06AX29|S01GX13,
ROBINIA PSEUDACACIA DYNAMIS,robinia pseudacacia dynamis,V03AX,V03AX
ROBINIA PSEUDO ACACIA,robinia pseudo acacia,V03AX,V03AX
ROCALTROL,rocaltrol,A11CC04,A11CC04
ROCEFIN,rocefin,J01DD04,J01DD04
ROCLANDA,roclanda,S01EE51,S01EE51
ROCURONIO ACCORD,rocuronio accord,M03AC09,M03AC09
ROCURONIO B.BRAUN,rocuronio b.braun,M03AC09,M03AC09
ROCURONIO BROMURO AGUETTANT,rocuronio bromuro aguettant,M03AC09,M03AC09
ROCURONIO BROMURO NORIDEM,rocuronio bromuro noridem,M03AC09,M03AC09
ROCURONIO BROMURO SALF,rocuronio bromuro salf,M03AC09,M03AC09
ROCURONIO HIKMA,rocuronio hikma,M03AC09,M03AC09
ROCURONIO KABI,rocuronio kabi,M03AC09,M03AC09
ROFIXDOL,rofixdol,M01AE03,M01AE03
ROFIXDOL GOLA,rofixdol gola,A01AD11,A01AD11
ROFIXDOL INFIAMMAZIONE E DOLORE,rofixdol infiammazione e dolore,A01AD11,A01AD11
ROIPNOL,roipnol,N05CD03,N05CD03
ROLDAP,roldap,N04BD02,N04BD02
ROLENIUM,rolenium,R03AK06,R03AK06
ROLUFTA ELLIPTA,rolufta ellipta,R03BB07,R03BB07
ROMVIMZA,romvimza,L01EX29,L01EX29
ROPINIROLO DOC GENERICI,ropinirolo doc generici,N04BC04,N04BC04
ROPINIROLO EG,ropinirolo eg,N04BC04,N04BC04
ROPINIROLO EG STADA,ropinirolo eg stada,N04BC04,N04BC04
ROPINIROLO KRKA,ropinirolo krka,N04BC04,N04BC04
ROPINIROLO SANDOZ,ropinirolo sandoz,N04BC04,N04BC04
ROPINIROLO TEVA ITALIA,ropinirolo teva italia,N04BC04,N04BC04
ROPIRAL,ropiral,N04BC04,N04BC04
ROPIVACAINA B. BRAUN,ropivacaina b. braun,N01BB09,N01BB09
ROPIVACAINA BIOQ,ropivacaina bioq,N01BB09,N01BB09
ROPIVACAINA CLORIDRATO ALTAN,ropivacaina cloridrato altan,N01BB09,N01BB09
ROPIVACAINA CLORIDRATO ALTAN PHARMA,ropivacaina cloridrato altan pharma,N01BB09,N01BB09
ROPIVACAINA CLORIDRATO BIOINDUSTRIA L.I.M.,ropivacaina cloridrato bioindustria l.i.m.,N01BB09,N01BB09
ROPIVACAINA CLORIDRATO S.A.L.F.,ropivacaina cloridrato s.a.l.f.,N01BB09,N01BB09
ROPIVACAINA GALENICA SENESE,ropivacaina galenica senese,N01BB09,N01BB09
ROPIVACAINA KABI,ropivacaina kabi,N01BB09,N01BB09
ROPIVACAINA MOLTENI,ropivacaina molteni,N01BB09,N01BB09
ROPIVACAINA NORIDEM,ropivacaina noridem,N01BB09,N01BB09
ROSANTA,rosanta,C10AA07,C10AA07
ROSETEM,rosetem,C10BA06,C10BA06
ROSICED,rosiced,D06BX01,D06BX01
ROSUASA,rosuasa,C10BX05,C10BX05
ROSUBEROL,rosuberol,C10AA07,C10AA07
ROSUCETIL,rosucetil,C10BX05,C10BX05
ROSULOD,rosulod,C10BX09,C10BX09
ROSUMIBE,rosumibe,C10BA06,C10BA06
ROSUVASTATINA ABC FARMACEUTICI,rosuvastatina abc farmaceutici,C10AA07,C10AA07
ROSUVASTATINA ADAMED,rosuvastatina adamed,C10AA07,C10AA07
ROSUVASTATINA ADAMED PHARMA,rosuvastatina adamed pharma,C10AA07,C10AA07
ROSUVASTATINA ALMUS,rosuvastatina almus,C10AA07,C10AA07
ROSUVASTATINA ALTER,rosuvastatina alter,C10AA07,C10AA07
ROSUVASTATINA AUROBINDO,rosuvastatina aurobindo,C10AA07,C10AA07
ROSUVASTATINA DOC GENERICI,rosuvastatina doc generici,C10AA07,C10AA07
ROSUVASTATINA E ACIDO ACETILSALICILICO TEVA,rosuvastatina e acido acetilsalicilico teva,C10BX05,C10BX05
ROSUVASTATINA E EZETIMIBE DOC,rosuvastatina e ezetimibe doc,C10BA06,C10BA06
ROSUVASTATINA E EZETIMIBE DOC GENERICS,rosuvastatina e ezetimibe doc generics,C10BA06,C10BA06
ROSUVASTATINA E EZETIMIBE EG,rosuvastatina e ezetimibe eg,C10BA06,C10BA06
ROSUVASTATINA E EZETIMIBE PENSA,rosuvastatina e ezetimibe pensa,C10BA06,C10BA06
ROSUVASTATINA E EZETIMIBE SANDOZ,rosuvastatina e ezetimibe sandoz,C10BA06,C10BA06
ROSUVASTATINA E EZETIMIBE TECNIGEN,rosuvastatina e ezetimibe tecnigen,C10BA06,C10BA06
ROSUVASTATINA E EZETIMIBE TEVA,rosuvastatina e ezetimibe teva,C10BA06,C10BA06
ROSUVASTATINA E OMEGA 3 SPA SOCIETA PRODOTTI ANTIBIOTICI,rosuvastatina e omega 3 spa societa prodotti antibiotici,C01BA07,C01BA07
ROSUVASTATINA EG,rosuvastatina eg,C10AA07,C10AA07
ROSUVASTATINA HCS,rosuvastatina hcs,C10AA07,C10AA07
ROSUVASTATINA MYLAN,rosuvastatina mylan,C10AA07,C10AA07
ROSUVASTATINA MYLAN ITALIA,rosuvastatina mylan italia,C10AA07,C10AA07
ROSUVASTATINA PENSA,rosuvastatina pensa,C10AA07,C10AA07
ROSUVASTATINA SANDOZ,rosuvastatina sandoz,C10AA07,C10AA07
ROSUVASTATINA SPECIAL PRODUCT'S LINE,rosuvastatina special product's line,C10AA07,C10AA07
ROSUVASTATINA SUN,rosuvastatina sun,C10AA07,C10AA07
ROSUVASTATINA TECNIGEN,rosuvastatina tecnigen,C10AA07,C10AA07
ROSUVASTATINA TEVA,rosuvastatina teva,C10AA07,C10AA07
ROSUVASTATINA ZENTIVA,rosuvastatina zentiva,C10AA07,C10AA07
ROTARIX,rotarix,J07BH01,J07BH01
ROTATEQ,rotateq,J07BH02,J07BH02
ROTERUTI,roteruti,G04BX,G04BX
ROTIGOTINA DOC,rotigotina doc,N04BC09,N04BC09
ROVAMICINA,rovamicina,J01FA02,J01FA02
ROVIGON,rovigon,A11JA,A11JA
ROVINADIL,rovinadil,B01AB05,B01AB05
ROXOLAC,roxolac,D01AE14,D01AE14
ROZETIMAD,rozetimad,C10BA06,C10BA06
ROZEX,rozex,D06BX01,D06BX01
ROZLYTREK,rozlytrek,L01EX14,L01EX14
RUBICOLAN S,rubicolan s,V03AX,V03AX
RUBIDELLE,rubidelle,G03AA12,G03AA12
RUBIRA,rubira,G03AA12,G03AA12
RUBRACA,rubraca,L01XK03,L01XK03
RUCONEST,ruconest,B06AC04,B06AC04
RUKOBIA,rukobia,J05AX29,J05AX29
RULID,rulid,J01FA06,J01FA06
RUMBOT,rumbot,N02BF02,N02BF02
RUMEX CRISPUS,rumex crispus,V03AX,V03AX
RUMEX CRISPUS DYNAMIS,rumex crispus dynamis,V03AX,V03AX
RUPAFIN,rupafin,R06AX28,R06AX28
RUPATADINA AUROBINDO,rupatadina aurobindo,R06AX28,R06AX28
RUPATADINA DOC GENERICI,rupatadina doc generici,R06AX28,R06AX28
RUPATADINA EG,rupatadina eg,R06AX28,R06AX28
RUPATADINA MYLAN PHARMA,rupatadina mylan pharma,R06AX28,R06AX28
RURIK,rurik,G04CA02,G04CA02
RUSCOROID,ruscoroid,C05AD02,C05AD02
RUTA GRAVEOLENS,ruta graveolens,V03AX,V03AX
RUTA GRAVEOLENS DYNAMIS,ruta graveolens dynamis,V03AX,V03AX
RUXIENCE,ruxience,L01FA01,L01FA01
RUXOLITINIB VIVANTA,ruxolitinib vivanta,L01EJ01,L01EJ01
RXULTI,rxulti,N05AX16,N05AX16
RYALTRIS,ryaltris,R01AD59,R01AD59
RYBELSUS,rybelsus,A10BJ06,A10BJ06
RYBREVANT,rybrevant,L01FX18,L01FX18
RYDAPT,rydapt,L01EX10,L01EX10
RYEQO,ryeqo,H01CC54,H01CC54
RYJUNEA,ryjunea,S01FA01,S01FA01
RYSTIGGO,rystiggo,L04AG16,L04AG16
RYTELO,rytelo,L01XX80,L01XX80
RYTMOBETA,rytmobeta,C07AA07,C07AA07
RYTMONORM,rytmonorm,C01BC03,C01BC03
RYZNEUTA,ryzneuta,L03AA18,L03AA18
RYZODEG,ryzodeg,A10AD06,A10AD06
SABA,saba,G04CX02,G04CX02
SABADILLA OFFICINARUM,sabadilla officinarum,V03AX,V03AX
SABADILLA OFFICINARUM DYNAMIS,sabadilla officinarum dynamis,V03AX,V03AX
SABAL OTI COMPOSTO,sabal oti composto,V03AX,V03AX
SABAL SERRULATA,sabal serrulata,V03AX,V03AX
SABAL SERRULATA DYNAMIS,sabal serrulata dynamis,V03AX,V03AX
SABINA,sabina,V03AX,V03AX
SABINA DYNAMIS,sabina dynamis,V03AX,V03AX
SABRIL,sabril,N03AG04,N03AG04
SACUBITRIL E VALSARTAN ACCORD,sacubitril e valsartan accord,C09DX04,C09DX04
SACUBITRIL E VALSARTAN ALTER,sacubitril e valsartan alter,C09DX04,C09DX04
SACUBITRIL E VALSARTAN DOC,sacubitril e valsartan doc,C09DX04,C09DX04
SACUBITRIL E VALSARTAN DOC GENERICI,sacubitril e valsartan doc generici,C09DX04,C09DX04
SACUBITRIL E VALSARTAN EG,sacubitril e valsartan eg,C09DX04,C09DX04
SACUBITRIL E VALSARTAN KRKA,sacubitril e valsartan krka,C09DX04,C09DX04
SACUBITRIL E VALSARTAN PENSA,sacubitril e valsartan pensa,C09DX04,C09DX04
SACUBITRIL E VALSARTAN TEVA,sacubitril e valsartan teva,C09DX04,C09DX04
SAFINAMIDE AUROBINDO,safinamide aurobindo,N04BD03,N04BD03
SAFINAMIDE DOC,safinamide doc,N04BD03,N04BD03
SAFINAMIDE DOC GENERICI,safinamide doc generici,N04BD03,N04BD03
SAFINAMIDE EG,safinamide eg,N04BD03,N04BD03
SAFINAMIDE TEVA,safinamide teva,N04BD03,N04BD03
SAFINAMIDE TIEFENBACHER,safinamide tiefenbacher,N04BD03,N04BD03
SAFLINEB,saflineb,R03BA03,R03BA03
SAFLUROUND,safluround,S01EE05,S01EE05
SAFLUTAN,saflutan,S01EE05,S01EE05
SAFUBREF,safubref,R03AK06,R03AK06
SAFUMIX,safumix,R03AK06,R03AK06
SAIDOX,saidox,C02CA04,C02CA04
SAIZEN,saizen,H01AC01,H01AC01
SAKITOL,sakitol,M01AE01,M01AE01
SALAGEN,salagen,N07AX01,N07AX01
SALATIV,salativ,C08CA05,C08CA05
SALAZOPYRIN EN,salazopyrin en,A07EC01,A07EC01
SALBUTAMOLO E IPRATROPIO BROMURO EG,salbutamolo e ipratropio bromuro eg,R03AL02,R03AL02
SALBUTAMOLO GLENMARK,salbutamolo glenmark,R03AC02,R03AC02
SALBUTAMOLO NORIDEM,salbutamolo noridem,R03AC02,R03AC02
SALBUTAMOLO SANDOZ,salbutamolo sandoz,R03AC02,R03AC02
SALCROZINE,salcrozine,A07EC02,A07EC02
SALIX ALBA DYNAMIS,salix alba dynamis,V03AX,V03AX
SALMETEDUR,salmetedur,R03AC12,R03AC12
SALMETEROLO E FLUTICASONE DOC GENERICS,salmeterolo e fluticasone doc generics,R03AK06,R03AK06
SALMETEROLO E FLUTICASONE DOCGEN,salmeterolo e fluticasone docgen,R03AK06,R03AK06
SALMETEROLO E FLUTICASONE EG,salmeterolo e fluticasone eg,R03AK06,R03AK06
SALMETEROLO E FLUTICASONE EG STADA,salmeterolo e fluticasone eg stada,R03AK06,R03AK06
SALMETEROLO E FLUTICASONE MEBEL,salmeterolo e fluticasone mebel,R03AK06,R03AK06
SALMETEROLO E FLUTICASONE MYLAN,salmeterolo e fluticasone mylan,R03AK06,R03AK06
SALMETEROLO E FLUTICASONE SANDOZ GMBH,salmeterolo e fluticasone sandoz gmbh,R03AK06,R03AK06
SALMETEROLO E FLUTICASONE SF,salmeterolo e fluticasone sf,R03AK06,R03AK06
SALMETEROLO E FLUTICASONE TEVA,salmeterolo e fluticasone teva,R03AK06,R03AK06
SALMETEROLO E FLUTICASONE TEVA ITALIA,salmeterolo e fluticasone teva italia,R03AK06,R03AK06
SALMETEROLO E FLUTICASONE ZENTIVA ITALIA,salmeterolo e fluticasone zentiva italia,R03AK06,R03AK06
SALMETEROLO FLUTICASONE SANDOZ,salmeterolo fluticasone sandoz,R03AK06,R03AK06
SALOCEF,salocef,J01DD01,J01DD01
SALONPAS,salonpas,M02AC,M02AC
SALONPAS FLESSIBILE,salonpas flessibile,M02AC,M02AC
SALVUDEX,salvudex,N01BB01,N01BB01
SAMBETAN,sambetan,C09BB07,C09BB07
SAMBUCUS NIGRA,sambucus nigra,V03AX,V03AX
SAMBUCUS NIGRA DYNAMIS,sambucus nigra dynamis,V03AX,V03AX
SAMPER,samper,J01MA02,J01MA02
SAMSCA,samsca,C03XA01,C03XA01
SAMYR,samyr,N06AX|A16AA02,
SANCUSO,sancuso,A04AA02,A04AA02
SANDIMMUN,sandimmun,L04AD01,L04AD01
SANDIMMUN NEORAL,sandimmun neoral,L04AD01,L04AD01
SANDOSTATINA,sandostatina,H01CB02,H01CB02
SANDRENA,sandrena,G03CA03,G03CA03
SANERGY,sanergy,N01BB01,N01BB01
SANGUINARIA CANADENSIS,sanguinaria canadensis,V03AX,V03AX
SANGUINARIA CANADENSIS DYNAMIS,sanguinaria canadensis dynamis,V03AX,V03AX
SANICULA EUROPAEA DYNAMIS,sanicula europaea dynamis,V03AX,V03AX
SAPHNELO,saphnelo,L04AG11,L04AG11
SAPROPTERINA AUROBINDO,sapropterina aurobindo,A16AX07,A16AX07
SAPROPTERINA DIPHARMA,sapropterina dipharma,A16AX07,A16AX07
SARASVATI,sarasvati,C09BX03,C09BX03
SARCLISA,sarclisa,L01FC02,L01FC02
SAREX,sarex,C09DX03,C09DX03
SARIDON,saridon,N02BE51,N02BE51
SARKAMEX,sarkamex,C09DX03,C09DX03
SAROMOX,saromox,J01CR02,J01CR02
SARSAPARILLA,sarsaparilla,V03AX,V03AX
SARSAPARILLA DYNAMIS,sarsaparilla dynamis,V03AX,V03AX
SARTICAIN,sarticain,N01BB58,N01BB58
SASLONG,saslong,R03DC03,R03DC03
SATIVEX,sativex,N02BG10,N02BG10
SAVENE,savene,V03AF02,V03AF02
SAXENDA,saxenda,A10BJ02,A10BJ02
SCABIACID,scabiacid,P03AC04,P03AC04
SCABIANIL,scabianil,P03AC04,P03AC04
SCANDONEST,scandonest,N01BB03|N01BB53,
SCAVER,scaver,P02CF01,P02CF01
SCEMBLIX,scemblix,L01EA06,L01EA06
SCENESSE,scenesse,D02BB02,D02BB02
SCEVADIL,scevadil,D11AX01,D11AX01
SCHOLLMED ONICOMICOSI,schollmed onicomicosi,D01AE16,D01AE16
SCINORUS,scinorus,R03BB04,R03BB04
SCINTIMUN,scintimun,V09HA03,V09HA03
SCIOMIR,sciomir,M03BX05,M03BX05
SCLERYDA,scleryda,L04AX07,L04AX07
SCOPOLAMINA BUTILBROMURO KALCEKS,scopolamina butilbromuro kalceks,A03BB01,A03BB01
SCROPHULARIA NODOSA DYNAMIS,scrophularia nodosa dynamis,V03AX,V03AX
SEACOR,seacor,C10AX06,C10AX06
SEASONIQUE,seasonique,G03AA07,G03AA07
SECALE CORNUTUM,secale cornutum,V03AX,V03AX
SECRETIL,secretil,R05CB06,R05CB06
SECTRAL,sectral,C07AB04,C07AB04
SECURGIN,securgin,G03AA09,G03AA09
SEDACONDA,sedaconda,N01AB06,N01AB06
SEDIPANTO,sedipanto,A02BC02,A02BC02
SEEBRI BREEZHALER,seebri breezhaler,R03BB06,R03BB06
SEFAL,sefal,A11CC03,A11CC03
SEFFALAIR SPIROMAX,seffalair spiromax,R03AK06,R03AK06
SEGLUROMET,segluromet,A10BD23,A10BD23
SEHCAT,sehcat,V09DX01,V09DX01
SEKI,seki,R05DB21,R05DB21
SELADIK,seladik,G04BE03,G04BE03
SELDEK,seldek,G04BE03,G04BE03
SELDOMALFA,seldomalfa,C01EB06,C01EB06
SELECOM,selecom,N04BD01,N04BD01
SELEDIE,seledie,B01AB06,B01AB06
SELENIUM DYNAMIS,selenium dynamis,V03AX,V03AX
SELENIUM METALLICUM,selenium metallicum,V03AX,V03AX
SELENIUM-HOMACCORD,selenium-homaccord,V03AX,V03AX
SELEPARINA,seleparina,B01AB06,B01AB06
SELES BETA,seles beta,C07AB03,C07AB03
SELESYN,selesyn,A12CE02,A12CE02
SELEXIPAG ACCORD,selexipag accord,B01AC27,B01AC27
SELEXIPAG EG,selexipag eg,B01AC27,B01AC27
SELG,selg,A06AD65,A06AD65
SELG ESSE,selg esse,A06AD65,A06AD65
SELGAMIS,selgamis,D10AD06,D10AD06
SELINCRO,selincro,N07BB05,N07BB05
SELIT,selit,A12CE02,A12CE02
SELOKEN,seloken,C07AB02,C07AB02
SELVICLOR,selviclor,J01DC04,J01DC04
SEMGLEE,semglee,A10AE04,A10AE04
SENECIO AUREUS,senecio aureus,V03AX,V03AX
SENECTUS F,senectus f,V03AX,V03AX
SENECTUS M,senectus m,V03AX,V03AX
SENEGA,senega,V03AX,V03AX
SENNA,senna,V03AX,V03AX
SENNA DYNAMIS,senna dynamis,V03AX,V03AX
SENSHIO,senshio,G03XC05,G03XC05
SEPIA COMPOSITUM,sepia compositum,V03AX,V03AX
SEPTAFAR,septafar,R02AX03,R02AX03
SEPTANEST,septanest,N01BB58,N01BB58
SEPTOLETE,septolete,A01AD02|R02AX03,
SEPTRAPAT,septrapat,N02AE01,N02AE01
SEQUACOR,sequacor,C07AB07,C07AB07
SERACTIL,seractil,M01AE14,M01AE14
SERENASE,serenase,N05AD01,N05AD01
SEREPRILE,sereprile,N05AL03,N05AL03
SERESTILL,serestill,N06AB05,N06AB05
SERETIDE,seretide,R03AK06,R03AK06
SEREUPIN,sereupin,N06AB05,N06AB05
SEREVENT,serevent,R03AC12,R03AC12
SERISIMA,serisima,G03AA16,G03AA16
SEROCKFIL,serockfil,G04BE03,G04BE03
SEROPRAM,seropram,N06AB04,N06AB04
SEROQUEL,seroquel,N05AH04,N05AH04
SEROXAT,seroxat,N06AB05,N06AB05
SERPAX,serpax,N05BA04,N05BA04
SERPENS,serpens,G04CX02,G04CX02
SERRANOV,serranov,N02BF02,N02BF02
SERTACREAM,sertacream,D01AC14,D01AC14
SERTADERM,sertaderm,D01AC14,D01AC14
SERTADIE,sertadie,G01AF19,G01AF19
SERTAGYN,sertagyn,G01AF19,G01AF19
SERTAM,sertam,L02BA01,L02BA01
SERTRALINA ACCORD,sertralina accord,N06AB06,N06AB06
SERTRALINA ALMUS,sertralina almus,N06AB06,N06AB06
SERTRALINA ALTER,sertralina alter,N06AB06,N06AB06
SERTRALINA AUROBINDO,sertralina aurobindo,N06AB06,N06AB06
SERTRALINA DOC GENERICI,sertralina doc generici,N06AB06,N06AB06
SERTRALINA EG STADA,sertralina eg stada,N06AB06,N06AB06
SERTRALINA HEXAL,sertralina hexal,N06AB06,N06AB06
SERTRALINA KRKA,sertralina krka,N06AB06,N06AB06
SERTRALINA MEDREG,sertralina medreg,N06AB06,N06AB06
SERTRALINA MYLAN GENERICS,sertralina mylan generics,N06AB06,N06AB06
SERTRALINA PENSA,sertralina pensa,N06AB06,N06AB06
SERTRALINA SANDOZ,sertralina sandoz,N06AB06,N06AB06
SERTRALINA SUN,sertralina sun,N06AB06,N06AB06
SERTRALINA TECNIGEN,sertralina tecnigen,N06AB06,N06AB06
SERTRALINA TEVA PHARMA B.V.,sertralina teva pharma b.v.,N06AB06,N06AB06
SERTRALINA ZENTIVA,sertralina zentiva,N06AB06,N06AB06
SESARA,sesara,G04BE08,G04BE08
SETAC,setac,C10AA03,C10AA03
SETOFILM,setofilm,A04AA01,A04AA01
SETORILIN,setorilin,C10AA01,C10AA01
SETRIOX,setriox,J01DD04,J01DD04
SEVELAMER AUROBINDO,sevelamer aurobindo,V03AE02,V03AE02
SEVELAMER CARBONATO WINTHROP,sevelamer carbonato winthrop,V03AE02,V03AE02
SEVELAMER DOC GENERICI,sevelamer doc generici,V03AE02,V03AE02
SEVELAMER EG,sevelamer eg,V03AE02,V03AE02
SEVELAMER EG STADA,sevelamer eg stada,V03AE02,V03AE02
SEVELAMER MYLAN PHARMA,sevelamer mylan pharma,V03AE02,V03AE02
SEVELAMER SANDOZ,sevelamer sandoz,V03AE02,V03AE02
SEVELAMER SANDOZ GMBH,sevelamer sandoz gmbh,V03AE02,V03AE02
SEVENDOC,sevendoc,S01CA01,S01CA01
SEVIKAR,sevikar,C09DB02,C09DB02
SEVITREX,sevitrex,C09DX03,C09DX03
SEVOFLURANE BAXTER,sevoflurane baxter,N01AB08,N01AB08
SEVOFLURANE PIRAMAL,sevoflurane piramal,N01AB08,N01AB08
SEVORANE,sevorane,N01AB08,N01AB08
SHINGRIX,shingrix,J07BK03,J07BK03
SHYLA,shyla,G03CX01,G03CX01
SIALANAR,sialanar,A03AB02,A03AB02
SIBILLA,sibilla,G03AA16,G03AA16
SIBILLETTE,sibillette,G03AA16,G03AA16
SIBNAYAL,sibnayal,A12BA30,A12BA30
SICCAFLUID,siccafluid,S01XA20,S01XA20
SICLEA,siclea,D10AD53,D10AD53
SIDONIA,sidonia,G03AA16,G03AA16
SIEVERT,sievert,J01CA04,J01CA04
SIFRAMIN,siframin,B05BA01,B05BA01
SIGMACILLINA,sigmacillina,J01CE08,J01CE08
SIGNIFOR,signifor,H01CB05,H01CB05
SIGROLEM,sigrolem,C10AA07,C10AA07
SIILTIBCY,siiltibcy,V04,V04
SIKLOS,siklos,L01XX05,L01XX05
SILDENAFIL ABC,sildenafil abc,G04BE03,G04BE03
SILDENAFIL ACCORD,sildenafil accord,G04BE03,G04BE03
SILDENAFIL ACTAVIS,sildenafil actavis,G04BE03,G04BE03
SILDENAFIL ALMUS,sildenafil almus,G04BE03,G04BE03
SILDENAFIL ALTER,sildenafil alter,G04BE03,G04BE03
SILDENAFIL AUROBINDO,sildenafil aurobindo,G04BE03,G04BE03
SILDENAFIL AUROBINDO ITALIA,sildenafil aurobindo italia,G04BE03,G04BE03
SILDENAFIL DOC,sildenafil doc,G04BE03,G04BE03
SILDENAFIL DOC GENERICS,sildenafil doc generics,G04BE03,G04BE03
SILDENAFIL EG,sildenafil eg,G04BE03,G04BE03
SILDENAFIL EG STADA,sildenafil eg stada,G04BE03,G04BE03
SILDENAFIL EG STADA ITALIA,sildenafil eg stada italia,G04BE03,G04BE03
SILDENAFIL LABORATORI ALTER,sildenafil laboratori alter,G04BE03,G04BE03
SILDENAFIL MAXMIND,sildenafil maxmind,G04BE03,G04BE03
SILDENAFIL MEDREG,sildenafil medreg,G04BE03,G04BE03
SILDENAFIL MYLAN,sildenafil mylan,G04BE03,G04BE03
SILDENAFIL PENSA PHARMA,sildenafil pensa pharma,G04BE03,G04BE03
SILDENAFIL RATIOPHARM,sildenafil ratiopharm,G04BE03,G04BE03
SILDENAFIL SANDOZ,sildenafil sandoz,G04BE03,G04BE03
SILDENAFIL TECNIGEN,sildenafil tecnigen,G04BE03,G04BE03
SILDENAFIL TEVA,sildenafil teva,G04BE03,G04BE03
SILDENAFIL TEVA ITALIA,sildenafil teva italia,G04BE03,G04BE03
SILDENAFIL VIATRIS,sildenafil viatris,G04BE03,G04BE03
SILDENAFIL ZENTIVA,sildenafil zentiva,G04BE03,G04BE03
SILER,siler,G04BE03,G04BE03
SILICEA,silicea,V03AX,V03AX
SILICEA D12 SALE DR. SCHUSSLER N. 11,silicea d12 sale dr. schussler n. 11,V03AX,V03AX
SILIMARIN,silimarin,A05BA03,A05BA03
SILKIS,silkis,D05AX03,D05AX03
SILMAR,silmar,A05BA03,A05BA03
SILMIXYL,silmixyl,V03AX,V03AX
SILODOSINA ARISTO,silodosina aristo,G04CA04,G04CA04
SILODOSINA AUROBINDO,silodosina aurobindo,G04CA04,G04CA04
SILODOSINA DOC,silodosina doc,G04CA04,G04CA04
SILODOSINA EG,silodosina eg,G04CA04,G04CA04
SILODOSINA KRKA,silodosina krka,G04CA04,G04CA04
SILODOSINA MYLAN,silodosina mylan,G04CA04,G04CA04
SILODOSINA RECORDATI,silodosina recordati,G04CA04,G04CA04
SILODOSINA SANDOZ,silodosina sandoz,G04CA04,G04CA04
SILODOSINA TEVA,silodosina teva,G04CA04,G04CA04
SILODOSINA ZENTIVA,silodosina zentiva,G04CA04,G04CA04
SILODYX,silodyx,G04CA04,G04CA04
SILOXEZOL,siloxezol,N06AX21,N06AX21
SIMALVIA,simalvia,A03AX58,A03AX58
SIMBATRIX,simbatrix,C10AA01,C10AA01
SIMBRINZA,simbrinza,S01EC54,S01EC54
SIMDAX,simdax,C01CX08,C01CX08
SIMECRIN,simecrin,A03AX13,A03AX13
SIMEGUT,simegut,A03AX13,A03AX13
SIMESTAT,simestat,C10AA07,C10AA07
SIMETICONE DOMPE',simeticone dompe',A03AX13,A03AX13
SIMETICONE IBI,simeticone ibi,A03AX13,A03AX13
SIMPONI,simponi,L04AB06,L04AB06
SIMULECT,simulect,L04AC02,L04AC02
SIMVASTATINA ABC,simvastatina abc,C10AA01,C10AA01
SIMVASTATINA ALMUS,simvastatina almus,C10AA01,C10AA01
SIMVASTATINA ALTER,simvastatina alter,C10AA01,C10AA01
SIMVASTATINA AUROBINDO,simvastatina aurobindo,C10AA01,C10AA01
SIMVASTATINA DOC,simvastatina doc,C10AA01,C10AA01
SIMVASTATINA EG,simvastatina eg,C10AA01,C10AA01
SIMVASTATINA HEXAL,simvastatina hexal,C10AA01,C10AA01
SIMVASTATINA KRKA,simvastatina krka,C10AA01,C10AA01
SIMVASTATINA MYLAN GENERICS,simvastatina mylan generics,C10AA01,C10AA01
SIMVASTATINA PENSA,simvastatina pensa,C10AA01,C10AA01
SIMVASTATINA SANDOZ,simvastatina sandoz,C10AA01,C10AA01
SIMVASTATINA SUN,simvastatina sun,C10AA01,C10AA01
SIMVASTATINA TECNIGEN,simvastatina tecnigen,C10AA01,C10AA01
SIMVASTATINA TEVA ITALIA,simvastatina teva italia,C10AA01,C10AA01
SIMVASTATINA ZENTIVA,simvastatina zentiva,C10AA01,C10AA01
SIN 1,sin 1,V03AX,V03AX
SIN 12,sin 12,V03AX,V03AX
SIN 20,sin 20,V03AX,V03AX
SIN 23,sin 23,V03AX,V03AX
SIN 24,sin 24,V03AX,V03AX
SIN 33,sin 33,V03AX,V03AX
SIN 37,sin 37,V03AX,V03AX
SIN 38,sin 38,V03AX,V03AX
SIN 43,sin 43,V03AX,V03AX
SIN 44,sin 44,V03AX,V03AX
SIN 5,sin 5,V03AX,V03AX
SIN 50,sin 50,V03AX,V03AX
SIN 51,sin 51,V03AX,V03AX
SIN 54,sin 54,V03AX,V03AX
SIN 57,sin 57,V03AX,V03AX
SIN 60,sin 60,V03AX,V03AX
SINAPIS NIGRA DYNAMIS,sinapis nigra dynamis,V03AX,V03AX
SINCOL,sincol,C10AA01,C10AA01
SINCROVER,sincrover,N07CA01,N07CA01
SINECOD TOSSE SEDATIVO,sinecod tosse sedativo,R05DB13,R05DB13
SINEFLOX,sineflox,J01MA12,J01MA12
SINEMET,sinemet,N04BA02,N04BA02
SINERTEC,sinertec,C09BA02,C09BA02
SINESTIC,sinestic,R03AK07,R03AK07
SINGULAIR,singulair,R03DC03,R03DC03
SINNALCA,sinnalca,S01BC11,S01BC11
SINTAMIN,sintamin,B05BA01,B05BA01
SINTOPRAM,sintopram,N06AB04,N06AB04
SINTOTRAT,sintotrat,D07AA02,D07AA02
SINTREDIUS,sintredius,H02AB06,H02AB06
SINTROM,sintrom,B01AA07,B01AA07
SINUPRET SINUSITE,sinupret sinusite,R05X,R05X
SINVACOR,sinvacor,C10AA01,C10AA01
SINVALIP,sinvalip,C10AA01,C10AA01
SINVAT,sinvat,C10AA01,C10AA01
SIRDALUD,sirdalud,M03BX02,M03BX02
SIRIO,sirio,N04BA05,N04BA05
SIRKAVA,sirkava,R03BB04,R03BB04
SIRTAP,sirtap,J01DD04,J01DD04
SIRTURO,sirturo,J04AK05,J04AK05
SITAGLIPTIN ABDI,sitagliptin abdi,A10BH01,A10BH01
SITAGLIPTIN ACCORD,sitagliptin accord,A10BH01,A10BH01
SITAGLIPTIN AUROBINDO,sitagliptin aurobindo,A10BH01,A10BH01
SITAGLIPTIN DOC,sitagliptin doc,A10BH01,A10BH01
SITAGLIPTIN E METFORMINA AUROBINDO,sitagliptin e metformina aurobindo,A10BD07,A10BD07
SITAGLIPTIN E METFORMINA DOC,sitagliptin e metformina doc,A10BD07,A10BD07
SITAGLIPTIN E METFORMINA DR. REDDY?S,sitagliptin e metformina dr. reddy?s,A10BD07,A10BD07
SITAGLIPTIN E METFORMINA EG,sitagliptin e metformina eg,A10BD07,A10BD07
SITAGLIPTIN E METFORMINA KRKA,sitagliptin e metformina krka,A10BD07,A10BD07
SITAGLIPTIN E METFORMINA MACLEODS,sitagliptin e metformina macleods,A10BD07,A10BD07
SITAGLIPTIN E METFORMINA MYLAN ITALIA,sitagliptin e metformina mylan italia,A10BD07,A10BD07
SITAGLIPTIN E METFORMINA OLPHA,sitagliptin e metformina olpha,A10BD07,A10BD07
SITAGLIPTIN E METFORMINA P-CARE,sitagliptin e metformina p-care,A10BD07,A10BD07
SITAGLIPTIN E METFORMINA PENSA,sitagliptin e metformina pensa,A10BD07,A10BD07
SITAGLIPTIN E METFORMINA PHARMACARE,sitagliptin e metformina pharmacare,A10BD07,A10BD07
SITAGLIPTIN E METFORMINA SANDOZ,sitagliptin e metformina sandoz,A10BD07,A10BD07
SITAGLIPTIN E METFORMINA TEVA,sitagliptin e metformina teva,A10BD07,A10BD07
SITAGLIPTIN E METFORMINA ZENTIVA S.R.L.,sitagliptin e metformina zentiva s.r.l.,A10BD07,A10BD07
SITAGLIPTIN EG,sitagliptin eg,A10BH01,A10BH01
SITAGLIPTIN GRINDEKS,sitagliptin grindeks,A10BH01,A10BH01
SITAGLIPTIN HCS,sitagliptin hcs,A10BH01,A10BH01
SITAGLIPTIN MYLAN,sitagliptin mylan,A10BH01,A10BH01
SITAGLIPTIN MYLAN ITALIA,sitagliptin mylan italia,A10BH01,A10BH01
SITAGLIPTIN OLPHA,sitagliptin olpha,A10BH01,A10BH01
SITAGLIPTIN PENSA,sitagliptin pensa,A10BH01,A10BH01
SITAGLIPTIN PHARMACARE,sitagliptin pharmacare,A10BH01,A10BH01
SITAGLIPTIN SANDOZ,sitagliptin sandoz,A10BH01,A10BH01
SITAGLIPTIN SUN,sitagliptin sun,A10BH01,A10BH01
SITAGLIPTIN TECNIGEN ITALIA,sitagliptin tecnigen italia,A10BH01,A10BH01
SITAGLIPTIN TEVA,sitagliptin teva,A10BH01,A10BH01
SITAGLIPTIN ZENTIVA ITALIA,sitagliptin zentiva italia,A10BH01,A10BH01
SITAGLIPTIN/METFORMINA CLORIDRATO ACCORD,sitagliptin/metformina cloridrato accord,A10BD07,A10BD07
SITAGLIPTIN/METFORMINA CLORIDRATO MYLAN,sitagliptin/metformina cloridrato mylan,A10BD07,A10BD07
SITAGLIPTIN/METFORMINA CLORIDRATO PHARMATHEN,sitagliptin/metformina cloridrato pharmathen,A10BD07,A10BD07
SITAGLIPTIN/METFORMINA CLORIDRATO SUN,sitagliptin/metformina cloridrato sun,A10BD07,A10BD07
SITAGLIPTIN/METFORMINA GRINDEKS,sitagliptin/metformina grindeks,A10BD07,A10BD07
SITAS,sitas,G04CB01,G04CB01
SIVASTIN,sivastin,C10AA01,C10AA01
SIVEXTRO,sivextro,J01XX11,J01XX11
SIXATOR,sixator,C10AA05,C10AA05
SKILARENCE,skilarence,L04AX07,L04AX07
SKINOREN,skinoren,D10AX03,D10AX03
SKYCLARYS,skyclarys,N,N
SKYRIZI,skyrizi,L04AC18,L04AC18
SKYTROFA,skytrofa,H01AC|H01AC09,
SLANER,slaner,S01CA01,S01CA01
SLENYTO,slenyto,N05CH01,N05CH01
SLINDA,slinda,G03AC10,G03AC10
SLOREMINA,sloremina,N05CH01,N05CH01
SLOWMET,slowmet,A10BA02,A10BA02
SMOFKABIVEN,smofkabiven,B05BA10,B05BA10
SMOFLIPID,smoflipid,B05BA02,B05BA02
SNAPTAG,snaptag,C10AA07,C10AA07
SNOVERID,snoverid,C09DA08,C09DA08
SOBILON,sobilon,R05CB07,R05CB07
SOBREFLUID,sobrefluid,R05CB07,R05CB07
SOBREFRI,sobrefri,R05CB07,R05CB07
SOBREPIN,sobrepin,R05CB07,R05CB07
SOBREPIN AEROSOL,sobrepin aerosol,R05CB07,R05CB07
SOBREPIN TOSSE INFLUENZA RAFFREDDORE,sobrepin tosse influenza raffreddore,N02BE51,N02BE51
SOBREPIN TOSSE SEDATIVO,sobrepin tosse sedativo,R05DA09,R05DA09
SOBRETUSS,sobretuss,R05DB27,R05DB27
SOCIN,socin,S01AE05,S01AE05
SODERM,soderm,D07XC01,D07XC01
SODIO ACETATO MONICO,sodio acetato monico,B05XA08,B05XA08
SODIO BICARBONATO BIOINDUSTRIA L.I.M.,sodio bicarbonato bioindustria l.i.m.,B05BB01|B05XA02,
SODIO BICARBONATO DIACO,sodio bicarbonato diaco,B05BB01,B05BB01
SODIO BICARBONATO FKI,sodio bicarbonato fki,B05BB01,B05BB01
SODIO BICARBONATO GALENICA SENESE,sodio bicarbonato galenica senese,B05XA02,B05XA02
SODIO BICARBONATO L.F.M.,sodio bicarbonato l.f.m.,A02AH,A02AH
SODIO BICARBONATO MARCO VITI,sodio bicarbonato marco viti,A02AH,A02AH
SODIO BICARBONATO MONICO,sodio bicarbonato monico,B05BB01|B05XA02,
SODIO BICARBONATO NOVA ARGENTIA,sodio bicarbonato nova argentia,A02AH,A02AH
SODIO BICARBONATO S.A.L.F.,sodio bicarbonato s.a.l.f.,B05BB01|B05XA02,
SODIO BICARBONATO SELLA,sodio bicarbonato sella,A02AH,A02AH
SODIO BICARBONATO ZETA,sodio bicarbonato zeta,A02AH,A02AH
SODIO CALCIO EDETATO MONICO,sodio calcio edetato monico,V03AB03,V03AB03
SODIO CALCIO EDETATO S.A.L.F.,sodio calcio edetato s.a.l.f.,V03AB03,V03AB03
SODIO CITRATO GALENICA SENESE,sodio citrato galenica senese,V07AC,V07AC
SODIO CITRATO MONICO,sodio citrato monico,V07AC,V07AC
SODIO CITRATO S.A.L.F.,sodio citrato s.a.l.f.,V07AC,V07AC
"SODIO CLORURO 0,9% BAXTER","sodio cloruro 0,9% baxter",B05BB01,B05BB01
"SODIO CLORURO 0,9% CON POTASSIO CLORURO 0,3% BAXTER","sodio cloruro 0,9% con potassio cloruro 0,3% baxter",B05BB01,B05BB01
SODIO CLORURO B. BRAUN,sodio cloruro b. braun,B05BB01|V07AB,
SODIO CLORURO BAXTER S.P.A.,sodio cloruro baxter s.p.a.,B05BB01,B05BB01
SODIO CLORURO BIOINDUSTRIA L.I.M.,sodio cloruro bioindustria l.i.m.,B05BB01|B05XA03,
SODIO CLORURO DIACO,sodio cloruro diaco,B05BB01,B05BB01
SODIO CLORURO E POTASSIO CLORURO MONICO,sodio cloruro e potassio cloruro monico,B05BB01,B05BB01
SODIO CLORURO EUROSPITAL,sodio cloruro eurospital,B05BB01,B05BB01
SODIO CLORURO F K I,sodio cloruro f k i,B05BB01,B05BB01
SODIO CLORURO FKI,sodio cloruro fki,V07AB|B05BB01|B05XA03,
SODIO CLORURO GALENICA SENESE,sodio cloruro galenica senese,B05BB01|V07AB|B05XA03|B05CB01,
SODIO CLORURO MONICO,sodio cloruro monico,B05BB01|V07AB|B05XA03,
SODIO CLORURO OGNA,sodio cloruro ogna,B05CB01,B05CB01
SODIO CLORURO S.A.L.F..,sodio cloruro s.a.l.f..,B05BB01|V07AB|B05XA03,
SODIO EDETATO MONICO,sodio edetato monico,V03AB03,V03AB03
SODIO FLUORURO (18F) CURIUM AUSTRIA,sodio fluoruro (18f) curium austria,V09IX06,V09IX06
SODIO FLUORURO (18F) ITEL,sodio fluoruro (18f) itel,V09IX06,V09IX06
SODIO FOSFATO AFOM,sodio fosfato afom,A06AG01,A06AG01
SODIO FOSFATO ALFASIGMA,sodio fosfato alfasigma,A06AG01,A06AG01
SODIO FOSFATO MARCO VITI,sodio fosfato marco viti,A06AG01,A06AG01
SODIO FOSFATO NEW.FA.DEM.,sodio fosfato new.fa.dem.,A06AG01,A06AG01
SODIO FOSFATO NOVA ARGENTIA,sodio fosfato nova argentia,A06AG01,A06AG01
SODIO FOSFATO POLIFARMA BENESSERE,sodio fosfato polifarma benessere,A06AG01,A06AG01
SODIO FOSFATO SELLA,sodio fosfato sella,A06AG01,A06AG01
SODIO FOSFATO ZETA,sodio fosfato zeta,A06AG01,A06AG01
SODIO INDIGOTINDISOLFONATO MONICO,sodio indigotindisolfonato monico,V04CH02,V04CH02
SODIO IODURO (123I) CAPSULE GE HEALTHCARE S.R.L.,sodio ioduro (123i) capsule ge healthcare s.r.l.,V09FX02,V09FX02
SODIO IODURO (123I) CURIUM NETHERLANDS,sodio ioduro (123i) curium netherlands,V09FX02,V09FX02
SODIO IODURO (123I) GE HEALTHCARE,sodio ioduro (123i) ge healthcare,V09FX02,V09FX02
SODIO IODURO (131I) CURIUM NETHERLANDS,sodio ioduro (131i) curium netherlands,V09FX03,V09FX03
SODIO IODURO 131I POLATOM,sodio ioduro 131i polatom,V10XA01,V10XA01
SODIO LATTATO MONICO,sodio lattato monico,B05XA49|B05XA,
SODIO LEVOFOLINATO MEDAC,sodio levofolinato medac,V03AF10,V03AF10
SODIO OXIBATO ACCORD,sodio oxibato accord,N07XX04,N07XX04
SODIO OXIBATO KALCEKS,sodio oxibato kalceks,N07XX04,N07XX04
SODIO TIOSOLFATO MONICO,sodio tiosolfato monico,V03AB06,V03AB06
SODIO TIOSOLFATO S.A.L.F.,sodio tiosolfato s.a.l.f.,V03AB06,V03AB06
SODIO VALPROATO AUROBINDO,sodio valproato aurobindo,N03AG01,N03AG01
SODIO VALPROATO AUROBINDO ITALIA,sodio valproato aurobindo italia,N03AG01,N03AG01
SODIO VALPROATO SEACROSS,sodio valproato seacross,N03AG01,N03AG01
SOFACOR,sofacor,S01BA02,S01BA02
SOFARGEN,sofargen,D06BA01,D06BA01
SOFLON,soflon,H02AB07,H02AB07
SOGENEX,sogenex,R05CB07,R05CB07
SOGROYA,sogroya,H01AC07,H01AC07
SOKETOL,soketol,S01GX08,S01GX08
SOLACUTAN,solacutan,D11AX18,D11AX18
SOLARAZE,solaraze,D11AX18,D11AX18
SOLDESAM,soldesam,H02AB02,H02AB02
SOLEMANTIS,solemantis,N06DX01,N06DX01
SOLGEKMA,solgekma,L01BC05,L01BC05
SOLIAN,solian,N05AL05,N05AL05
SOLIDAGO VIRGAUREA DYNAMIS,solidago virgaurea dynamis,V03AX,V03AX
SOLIFENACINA ARISTO,solifenacina aristo,G04BD08,G04BD08
SOLIFENACINA AUROBINDO,solifenacina aurobindo,G04BD08,G04BD08
SOLIFENACINA DOC,solifenacina doc,G04BD08,G04BD08
SOLIFENACINA E TAMSULOSIN MYLAN,solifenacina e tamsulosin mylan,G04CA53,G04CA53
SOLIFENACINA KRKA,solifenacina krka,G04BD08,G04BD08
SOLIFENACINA MYLAN,solifenacina mylan,G04BD08,G04BD08
SOLIFENACINA SANDOZ,solifenacina sandoz,G04BD08,G04BD08
SOLIFENACINA TEVA,solifenacina teva,G04BD08,G04BD08
SOLIRIS,soliris,L04AJ01,L04AJ01
SOLKET,solket,M01AE03,M01AE03
SOLKET INFIAMMAZIONE E DOLORE,solket infiammazione e dolore,A01AD11,A01AD11
SOLMUCOL MUCOLITICO,solmucol mucolitico,R05CB01,R05CB01
SOLOSA,solosa,A10BB12,A10BB12
SOLPRENE,solprene,S01CA02,S01CA02
SOLU MEDROL,solu medrol,H02AB04,H02AB04
SOLUCIS,solucis,R05CB03,R05CB03
SOLUMAG,solumag,A12CC08,A12CC08
SOLUVIT,soluvit,B05XC,B05XC
SOLUZIONE CARDIOPLEGICA GALENICA SENESE,soluzione cardioplegica galenica senese,B05XA16,B05XA16
SOLUZIONE CARDIOPLEGICA MONICO,soluzione cardioplegica monico,B05XA16,B05XA16
SOLUZIONE DI EUROCOLLINS MONICO,soluzione di eurocollins monico,V07AY,V07AY
SOLUZIONE PER DIALISI PERITONEALE FME,soluzione per dialisi peritoneale fme,B05DA,B05DA
SOLUZIONE PER DIALISI PERITONEALE GALENICA SENESE,soluzione per dialisi peritoneale galenica senese,B05DA,B05DA
SOLUZIONE PER DIALISI PERITONEALE VANTIVE,soluzione per dialisi peritoneale vantive,B05DA,B05DA
SOLUZIONE PER EMODIAFILTRAZIONE GALENICA SENESE,soluzione per emodiafiltrazione galenica senese,B05ZB,B05ZB
SOLUZIONE PER EMODIALISI CONCENTRATA ACIDA GALENICA SENESE,soluzione per emodialisi concentrata acida galenica senese,B05ZA,B05ZA
SOLUZIONE PER EMODIALISI CONCENTRATA BASICA GALENICA SENESE,soluzione per emodialisi concentrata basica galenica senese,B05ZA,B05ZA
SOLUZIONE PER EMODIALISI CONCENTRATA CON ACETATO GALENICA SENESE,soluzione per emodialisi concentrata con acetato galenica senese,B05ZA,B05ZA
SOLUZIONE PER EMODIALISI CONCENTRATA SENZA ACETATO GALENICA SENESE,soluzione per emodialisi concentrata senza acetato galenica senese,B05ZA,B05ZA
SOLUZIONE PER EMOFILTRAZIONE GALENICA SENESE,soluzione per emofiltrazione galenica senese,B05ZB,B05ZB
SOLUZIONE PER EMOFILTRAZIONE HBIOFLUIDS,soluzione per emofiltrazione hbiofluids,B05ZB,B05ZB
SOLUZIONE POLISALINICA CONCENTRATA CON POTASSIO MONICO,soluzione polisalinica concentrata con potassio monico,B05XA30,B05XA30
SOLUZIONE POLISALINICA CONCENTRATA SENZA POTASSIO,soluzione polisalinica concentrata senza potassio,B05XA30,B05XA30
SOLUZIONE SCHOUM,soluzione schoum,G04BX,G04BX
SOLVETTA,solvetta,G02BB01,G02BB01
SOMAC CONTROL,somac control,A02BC02,A02BC02
SOMAKIT TOC,somakit toc,V09IX09,V09IX09
SOMATOLINE,somatoline,D11AX,D11AX
SOMATOSTATINA HIKMA,somatostatina hikma,H01CB01,H01CB01
SOMAVERT,somavert,H01AX01,H01AX01
SOMINGATIM,somingatim,S01ED51,S01ED51
SONDELBAY,sondelbay,H05AA02,H05AA02
SONGAR,songar,N05CD05,N05CD05
SONIREM,sonirem,N05CF02,N05CF02
SONOVUE,sonovue,V08DA05,V08DA05
SOPAVI,sopavi,C10AA05,C10AA05
SOPULMIN,sopulmin,R05CB07,R05CB07
SORAFENIB ACCORD,sorafenib accord,L01EX02,L01EX02
SORAFENIB EG,sorafenib eg,L01EX02,L01EX02
SORAFENIB MEDAC,sorafenib medac,L01EX02,L01EX02
SORAFENIB MYLAN,sorafenib mylan,L01EX02,L01EX02
SORAFENIB TEVA,sorafenib teva,L01EX02,L01EX02
SORAFENIB ZENTIVA,sorafenib zentiva,L01EX02,L01EX02
SORBICLIS,sorbiclis,A06AG10,A06AG10
SORBISTERIT,sorbisterit,V03AE01,V03AE01
SORMODREN,sormodren,N04AA11,N04AA11
SOSARIA,sosaria,R03AL02,R03AL02
SOSECIT,sosecit,N06AB10,N06AB10
SOSEFEN,sosefen,R06AX17,R06AX17
SOSEFLUSS,sosefluss,B01AB01,B01AB01
SOTALEX,sotalex,C07AA07,C07AA07
SOTALOLO HEXAL,sotalolo hexal,C07AA07,C07AA07
SOTALOLO MYLAN GENERICS,sotalolo mylan generics,C07AA07,C07AA07
SOTALOLO TEVA,sotalolo teva,C07AA07,C07AA07
SOTRIZOL,sotrizol,R06AE07,R06AE07
SOTYKTU,sotyktu,L04AF07,L04AF07
SOVALDI,sovaldi,J05AP08,J05AP08
SPASMESORO,spasmesoro,A03AX12,A03AX12
SPASMEX,spasmex,A03AX12,A03AX12
SPASMODIL,spasmodil,A03AA,A03AA
SPASMOMEN,spasmomen,A03AB06,A03AB06
SPASMOMEN SOMATICO,spasmomen somatico,A03CA04,A03CA04
SPECIALFLEX,specialflex,B05BA10,B05BA10
SPECTRILA,spectrila,L01XX02,L01XX02
SPEDRA,spedra,G04BE10,G04BE10
SPEVIGO,spevigo,L04AC22,L04AC22
SPEXOTRAS,spexotras,L01EE01,L01EE01
SPHEROX,spherox,M09AX02,M09AX02
SPIDIDOL,spididol,M01AE01,M01AE01
SPIDIDOL ANALGESICO,spididol analgesico,M01AE01,M01AE01
SPIDIDOLPOCKET,spididolpocket,M01AE01,M01AE01
SPIDIFEN,spidifen,M01AE01,M01AE01
SPIGANSYX,spigansyx,V03AX,V03AX
SPIGELIA ANTHELMIA,spigelia anthelmia,V03AX,V03AX
SPIGELIA ANTHELMIA DYNAMIS,spigelia anthelmia dynamis,V03AX,V03AX
SPIKEVAX (EX COVID-19 VACCINE MODERNA),spikevax (ex covid-19 vaccine moderna),J07BN01,J07BN01
SPIKEVAX BIVALENT ORIGINAL/OMICRON BA.1,spikevax bivalent original/omicron ba.1,J07BN01,J07BN01
SPIKEVAX BIVALENT ORIGINAL/OMICRON BA.4-5,spikevax bivalent original/omicron ba.4-5,J07BN01,J07BN01
SPIKEVAX JN.1,spikevax jn.1,J07BN01,J07BN01
SPIKEVAX LP.8.1,spikevax lp.8.1,J07BN01,J07BN01
SPIKEVAX XBB.1.5,spikevax xbb.1.5,J07BN01,J07BN01
SPINRAZA,spinraza,M09AX07,M09AX07
SPIOLTO RESPIMAT,spiolto respimat,R03AL06,R03AL06
SPIRAEA ULMARIA DYNAMIS,spiraea ulmaria dynamis,V03AX,V03AX
SPIRIDAZIDE,spiridazide,C03EA01,C03EA01
SPIRIVA,spiriva,R03BB04,R03BB04
SPIRIVA RESPIMAT,spiriva respimat,R03BB04,R03BB04
SPIROFUR,spirofur,C03EB01,C03EB01
SPIROLANG,spirolang,C03DA01,C03DA01
SPONGIA TOSTA,spongia tosta,V03AX,V03AX
SPONGIA TOSTA DYNAMIS,spongia tosta dynamis,V03AX,V03AX
SPORANOX,sporanox,J02AC02,J02AC02
SPRAVATO,spravato,N06AX27,N06AX27
SPRYCEL,sprycel,L01EA02,L01EA02
STABIVERT,stabivert,N07CA52,N07CA52
STADIUM,stadium,J01DD08,J01DD08
STADMYCIN,stadmycin,A07AA13,A07AA13
STALEVO,stalevo,N04BA03,N04BA03
STAMARIL,stamaril,J07BL01,J07BL01
STAMICIS,stamicis,V09GA01,V09GA01
STAMIDIX,stamidix,R06AE07,R06AE07
STANEXAM,stanexam,L02BG06,L02BG06
STANNUM METALLICUM,stannum metallicum,V03AX,V03AX
STANNUM METALLICUM DYNAMIS,stannum metallicum dynamis,V03AX,V03AX
STAPHYLOCOCCINUM,staphylococcinum,V03AX,V03AX
STAPHYSAGRIA,staphysagria,V03AX,V03AX
STAPHYSAGRIA DYNAMIS,staphysagria dynamis,V03AX,V03AX
STARAB,starab,A02BC04,A02BC04
STARCEF,starcef,J01DD02,J01DD02
STAROS,staros,C10AA07,C10AA07
STATICOL,staticol,C10BA02,C10BA02
STAXAR,staxar,G04BE03,G04BE03
STECUR,stecur,G04CB01,G04CB01
STEGLATRO,steglatro,A10BK04,A10BK04
STEGLUJAN,steglujan,A10BD24,A10BD24
STELARA,stelara,L04AC05,L04AC05
STEMETIL,stemetil,A04AD,A04AD
STEMOX,stemox,J01CR02,J01CR02
STEOFEN,steofen,M01AE03,M01AE03
STEQEYMA,steqeyma,L04AC05,L04AC05
STERIDROLO,steridrolo,D08AX04,D08AX04
STEROFUNDIN,sterofundin,B05BB01,B05BB01
STEROZINIL,sterozinil,D07CC01,D07CC01
STERSED,stersed,D10AD53,D10AD53
STEZEROL,stezerol,C10BA06,C10BA06
STICTA PULMONARIA,sticta pulmonaria,V03AX,V03AX
STICTA PULMONARIA DYNAMIS,sticta pulmonaria dynamis,V03AX,V03AX
STILIDEN,stiliden,N06AB05,N06AB05
STILLA DECONGESTIONANTE,stilla decongestionante,S01GA02,S01GA02
STILNOX,stilnox,N05CF02,N05CF02
STIMUFEND,stimufend,L03AA13,L03AA13
STIRIPENTOLO BILLEV,stiripentolo billev,N03AX17,N03AX17
STITILAX,stitilax,A06AG11,A06AG11
STIVARGA,stivarga,L01EX05,L01EX05
STIXENIL,stixenil,A06AB02,A06AB02
STOBOCLO,stoboclo,M05BX04,M05BX04
STODAL,stodal,V03AX,V03AX
STOMADOL REFLUSSO,stomadol reflusso,A02BC02,A02BC02
STRAMONIUM,stramonium,V03AX,V03AX
STRAMONIUM DYNAMIS,stramonium dynamis,V03AX,V03AX
STRENSIQ,strensiq,A16AB13,A16AB13
STREPTOCOCCINUM,streptococcinum,V03AX,V03AX
STREPTOSIL CON NEOMICINA,streptosil con neomicina,D06C,D06C
STREPTOZOCINA KEOCYT,streptozocina keocyt,L01AD04,L01AD04
STRIALISIN,strialisin,M03BX05,M03BX05
STRIASCAN,striascan,V09AB03,V09AB03
STRIBILD,stribild,J05AR09,J05AR09
STRIMVELIS,strimvelis,L03AX,L03AX
STRIVERDI RESPIMAT,striverdi respimat,R03AC19,R03AC19
STRONTIUM CARBONICUM DYNAMIS,strontium carbonicum dynamis,V03AX,V03AX
STRUMEL,strumel,R03BA02,R03BA02
STUTAN,stutan,N03AX18,N03AX18
SUADIAN,suadian,D01AE22,D01AE22
SUBITENE,subitene,M01AE01,M01AE01
SUBLASOL,sublasol,D07AD01,D07AD01
SUBLIFEN,sublifen,N02AB03,N02AB03
SUBLIVAC BETULLA,sublivac betulla,V01AA05,V01AA05
SUBLIVAC BETULLA/NOCCIOLO/ONTANO,sublivac betulla/nocciolo/ontano,V01AA05,V01AA05
SUBOXONE,suboxone,N07BC51,N07BC51
SUCRALFATO DOC GENERICI,sucralfato doc generici,A02BX02,A02BX02
SUCRAMAL,sucramal,A02BX02,A02BX02
SUCRATE,sucrate,A02BX02,A02BX02
SUFENTANIL HAMELN,sufentanil hameln,N01AH03,N01AH03
SUFENTANIL PIRAMAL,sufentanil piramal,N01AH03,N01AH03
SUGAMMADEX ABDI FARMA,sugammadex abdi farma,V03AB35,V03AB35
SUGAMMADEX ACCORD,sugammadex accord,V03AB35,V03AB35
SUGAMMADEX ADROIQ,sugammadex adroiq,V03AB35,V03AB35
SUGAMMADEX AGUETTANT,sugammadex aguettant,V03AB35,V03AB35
SUGAMMADEX AMOMED,sugammadex amomed,V03AB35,V03AB35
SUGAMMADEX ASPEN,sugammadex aspen,V03AB35,V03AB35
SUGAMMADEX BAXTER,sugammadex baxter,V03AB35,V03AB35
SUGAMMADEX DR. REDDY'S,sugammadex dr. reddy's,V03AB35,V03AB35
SUGAMMADEX EG,sugammadex eg,V03AB35,V03AB35
SUGAMMADEX FISIOPHARMA,sugammadex fisiopharma,V03AB35,V03AB35
SUGAMMADEX FRESENIUS KABI,sugammadex fresenius kabi,V03AB35,V03AB35
SUGAMMADEX GLENMARK,sugammadex glenmark,V03AB35,V03AB35
SUGAMMADEX IBI,sugammadex ibi,V03AB35,V03AB35
SUGAMMADEX JUTA,sugammadex juta,V03AB35,V03AB35
SUGAMMADEX KALCEKS,sugammadex kalceks,V03AB35,V03AB35
SUGAMMADEX MEDAC,sugammadex medac,V03AB35,V03AB35
SUGAMMADEX MYLAN,sugammadex mylan,V03AB35,V03AB35
SUGAMMADEX NORIDEM,sugammadex noridem,V03AB35,V03AB35
SUGAMMADEX PIRAMAL,sugammadex piramal,V03AB35,V03AB35
SUGAMMADEX QILU,sugammadex qilu,V03AB35,V03AB35
SUGAMMADEX S.A.L.F.,sugammadex s.a.l.f.,V03AB35,V03AB35
SUGAMMADEX SANDOZ,sugammadex sandoz,V03AB35,V03AB35
SUGAMMADEX TEVA,sugammadex teva,V03AB35,V03AB35
SUGAMMADEX TILLOMED,sugammadex tillomed,V03AB35,V03AB35
SUGAMMADEX VIVANTA,sugammadex vivanta,V03AB35,V03AB35
SUGAMMADEX ZENTIVA,sugammadex zentiva,V03AB35,V03AB35
SULAMID,sulamid,N05AL05,N05AL05
SULFUR,sulfur,V03AX,V03AX
SULFUR COMPLEXE 12,sulfur complexe 12,V03AX,V03AX
SULFUR DYNAMIS,sulfur dynamis,V03AX,V03AX
SULFUR IODATUM,sulfur iodatum,V03AX,V03AX
SULFUR IODATUM DYNAMIS,sulfur iodatum dynamis,V03AX,V03AX
SULFURICUM ACIDUM,sulfuricum acidum,V03AX,V03AX
SULFURUM IODATUM,sulfurum iodatum,V03AX,V03AX
SULIDAMOR,sulidamor,M01AX17,M01AX17
SULIQUA,suliqua,A10AE54,A10AE54
SULOTAM,sulotam,G04CA02,G04CA02
SULOXINA,suloxina,G04CA53,G04CA53
SULPHUR HP LINDA'S,sulphur hp linda's,V03AX,V03AX
SUMANET,sumanet,N02CC,N02CC
SUMATRIPTAN AUROBINDO ITALIA,sumatriptan aurobindo italia,N02CC01,N02CC01
SUMATRIPTAN CNX THERAPEUTICS,sumatriptan cnx therapeutics,N02CC01,N02CC01
SUMATRIPTAN DOC,sumatriptan doc,N02CC01,N02CC01
SUMATRIPTAN DOC GENERICI,sumatriptan doc generici,N02CC01,N02CC01
SUMATRIPTAN EG,sumatriptan eg,N02CC01,N02CC01
SUMATRIPTAN MYLAN,sumatriptan mylan,N02CC01,N02CC01
SUMATRIPTAN SANDOZ,sumatriptan sandoz,N02CC01,N02CC01
SUMATRIPTAN SUN,sumatriptan sun,N02CC01,N02CC01
SUMATRIPTAN SUN PHARMA,sumatriptan sun pharma,N02CC01,N02CC01
SUMATRIPTAN TEVA,sumatriptan teva,N02CC01,N02CC01
SUMATRIPTAN ZENTIVA,sumatriptan zentiva,N02CC01,N02CC01
SUMMAFLOX,summaflox,J01MA12,J01MA12
SUNITINIB ACCORD,sunitinib accord,L01EX01,L01EX01
SUNITINIB AUROBINDO,sunitinib aurobindo,L01EX01,L01EX01
SUNITINIB DR. REDDY'S,sunitinib dr. reddy's,L01EX01,L01EX01
SUNITINIB EG,sunitinib eg,L01EX01,L01EX01
SUNITINIB MYLAN,sunitinib mylan,L01EX01,L01EX01
SUNITINIB SANDOZ,sunitinib sandoz,L01EX01,L01EX01
SUNITINIB TEVA,sunitinib teva,L01EX01,L01EX01
SUNITINIB ZENTIVA,sunitinib zentiva,L01EX01,L01EX01
SUNLENCA,sunlenca,J05AX31,J05AX31
SUNOSI,sunosi,N06BA14,N06BA14
SUPEMTEK,supemtek,J07BB02,J07BB02
SUPEMTEK TETRA,supemtek tetra,J07BB02,J07BB02
SUPPLYELT,supplyelt,B05XA31,B05XA31
SUPPOSTE DI GLICERINA VITI,supposte di glicerina viti,A06AX01,A06AX01
SUPRACEF,supracef,J01DD08,J01DD08
SUPRANE,suprane,N01AB07,N01AB07
SUPREFACT,suprefact,L02AE01,L02AE01
SURFEDEX,surfedex,S01BA01,S01BA01
SURFOLASE,surfolase,R03DA,R03DA
SURGAMYL,surgamyl,M01AE11,M01AE11
SURMONTIL,surmontil,N06AA06,N06AA06
SURRENE,surrene,V03AX,V03AX
SURRENOL,surrenol,H02AB13,H02AB13
SURSUM,sursum,A11HA03,A11HA03
SURSUMOTI,sursumoti,V03AX,V03AX
SUSPIRIA,suspiria,R06AE07,R06AE07
SUSTANON,sustanon,G03BA03,G03BA03
SUSTEMIAL,sustemial,B03AA03,B03AA03
SUTENT,sutent,L01EX01,L01EX01
SUVAMOD,suvamod,C10BX09,C10BX09
SYCREST,sycrest,N05AH05,N05AH05
SYKURZUKI,sykurzuki,A10BD08,A10BD08
SYLVANT,sylvant,L04AC11,L04AC11
SYMBICORT,symbicort,R03AK07,R03AK07
SYMBICORTMITE,symbicortmite,R03AK07,R03AK07
SYMKEVI,symkevi,R07AX31,R07AX31
SYMPHYTUM OFFICINALE,symphytum officinale,V03AX,V03AX
SYMPHYTUM OFFICINALIS,symphytum officinalis,V03AX,V03AX
SYMTUZA,symtuza,J05AR22,J05AR22
SYNACTHEN,synacthen,H01AA02,H01AA02
SYNAGIS,synagis,J06BD01,J06BD01
SYNCROPINE,syncropine,N05CH01,N05CH01
SYNFLEX,synflex,M01AE02,M01AE02
SYNFLORIX,synflorix,J07AL52,J07AL52
SYNJARDY,synjardy,A10BD20,A10BD20
SYNTARIS,syntaris,R01AD04,R01AD04
SYNTOCINON,syntocinon,H01BB02,H01BB02
SYNTRAGUT,syntragut,S01ED51,S01ED51
SYXVAR,syxvar,V03AX,V03AX
SYZYGIUM JAMBOLANUM DYNAMIS,syzygium jambolanum dynamis,V03AX,V03AX
T.K.,t.k.,V03AX,V03AX
T.R.U.E. TEST SMARTPRACTICE,t.r.u.e. test smartpractice,V04CL,V04CL
T4 REG,t4 reg,V03AX,V03AX
TABACUM,tabacum,V03AX,V03AX
TABACUM DYNAMIS,tabacum dynamis,V03AX,V03AX
TABOXEA,taboxea,N02AX06,N02AX06
TABRECTA,tabrecta,L01EX17,L01EX17
TABUMOL,tabumol,N02BE51,N02BE51
TACFORIUS,tacforius,L04AD02,L04AD02
TACHICAF,tachicaf,N02BE51,N02BE51
TACHIDOL,tachidol,N02AJ06,N02AJ06
TACHIFENE,tachifene,N02BE51,N02BE51
TACHIFENEKID,tachifenekid,N02BE51,N02BE51
TACHIFLUACTIV,tachifluactiv,N02BE51,N02BE51
TACHIFLUACTIV INFLUENZA E RAFFREDDORE,tachifluactiv influenza e raffreddore,N02BE51,N02BE51
TACHIFLUDEC,tachifludec,N02BE51,N02BE51
TACHIFLUTASK,tachiflutask,N02BE51,N02BE51
TACHIPIRINA,tachipirina,N02BE01,N02BE01
TACHIPIRINA FLASHTAB,tachipirina flashtab,N02BE01,N02BE01
TACHIPIRINA OROSOLUBILE,tachipirina orosolubile,N02BE01,N02BE01
TACHIPIRINAKID,tachipirinakid,N02BE01,N02BE01
TACHIVERDE,tachiverde,N02BE01,N02BE01
TACHOSIL,tachosil,B02BC30,B02BC30
TACNI,tacni,L04AD02,L04AD02
TACROLIMUS ATNAHS PHARMA,tacrolimus atnahs pharma,L04AD02,L04AD02
TACROLIMUS EG,tacrolimus eg,L04AD02,L04AD02
TAD,tad,V03AB32,V03AB32
TADALAFIL ABC,tadalafil abc,G04BE08,G04BE08
TADALAFIL ABDI,tadalafil abdi,G04BE08,G04BE08
TADALAFIL ACCORD,tadalafil accord,G04BE08,G04BE08
TADALAFIL ALMUS,tadalafil almus,G04BE08,G04BE08
TADALAFIL ALTER,tadalafil alter,G04BE08,G04BE08
TADALAFIL ARISTO,tadalafil aristo,G04BE08,G04BE08
TADALAFIL AUROBINDO,tadalafil aurobindo,G04BE08,G04BE08
TADALAFIL DOC GENERICI,tadalafil doc generici,G04BE08,G04BE08
TADALAFIL EG,tadalafil eg,G04BE08,G04BE08
TADALAFIL EG STADA,tadalafil eg stada,G04BE08,G04BE08
TADALAFIL EG STADA ITALIA,tadalafil eg stada italia,G04BE08,G04BE08
TADALAFIL KRKA,tadalafil krka,G04BE08,G04BE08
TADALAFIL LABORATORI ALTER,tadalafil laboratori alter,G04BE08,G04BE08
TADALAFIL LILLY,tadalafil lilly,G04BE08,G04BE08
TADALAFIL MEDREG,tadalafil medreg,G04BE08,G04BE08
TADALAFIL MYLAN,tadalafil mylan,G04BE08,G04BE08
TADALAFIL PENSA PHARMA,tadalafil pensa pharma,G04BE08,G04BE08
TADALAFIL SANDOZ,tadalafil sandoz,G04BE08,G04BE08
TADALAFIL TECNIGEN,tadalafil tecnigen,G04BE08,G04BE08
TADALAFIL TEVA,tadalafil teva,G04BE08,G04BE08
TADALAFIL ZENTIVA,tadalafil zentiva,G04BE08,G04BE08
TADAP,tadap,G04BE08,G04BE08
TADOMON,tadomon,N02AX06,N02AX06
TADUR,tadur,G04BE08,G04BE08
TAFINLAR,tafinlar,L01EC02,L01EC02
TAFLODIM,taflodim,S01ED51,S01ED51
TAGRISSO,tagrisso,L01EB04,L01EB04
TAIOFTAL,taioftal,S01BA05,S01BA05
TAIPER,taiper,J01CR05,J01CR05
TAKAWITA,takawita,C09BB04,C09BB04
TAKHZYRO,takhzyro,B06AC05,B06AC05
TALATE,talate,B02BD06,B02BD06
TALAVIR,talavir,J05AB11,J05AB11
TALENTUM,talentum,N05CD08,N05CD08
TALIDOMIDE ACCORD,talidomide accord,L04AX02,L04AX02
TALIDOMIDE AUROBINDO,talidomide aurobindo,L04AX02,L04AX02
TALIDOMIDE BMS,talidomide bms,L04AX02,L04AX02
TALLIO (201TL) CLORURO CURIUM NETHERLANDS,tallio (201tl) cloruro curium netherlands,V09GX01,V09GX01
TALMANCO,talmanco,G04BE08,G04BE08
TALOFEN,talofen,N05AA03,N05AA03
TALOXA,taloxa,N03AX10,N03AX10
TALTZ,taltz,L04AC13,L04AC13
TALVEY,talvey,L01FX,L01FX
TALZENNA,talzenna,L01XK04,L01XK04
TAMARINE,tamarine,A06AB06,A06AB06
TAMESAD,tamesad,S01BA01,S01BA01
TAMIFLU,tamiflu,J05AH02,J05AH02
TAMLIC,tamlic,G04CA02,G04CA02
TAMOXENE,tamoxene,L02BA01,L02BA01
TAMOXIFENE EG,tamoxifene eg,L02BA01,L02BA01
TAMOXIFENE RATIOPHARM,tamoxifene ratiopharm,L02BA01,L02BA01
TAMSULOSIN DOC GENERICI,tamsulosin doc generici,G04CA02,G04CA02
TAMSULOSIN MYLAN GENERICS,tamsulosin mylan generics,G04CA02,G04CA02
TAMSULOSIN PENSA,tamsulosin pensa,G04CA02,G04CA02
TAMSULOSIN TEVA,tamsulosin teva,G04CA02,G04CA02
TAMSULOSINA ABC,tamsulosina abc,G04CA02,G04CA02
TAMSULOSINA ACCORD,tamsulosina accord,G04CA02,G04CA02
TAMSULOSINA ALMUS,tamsulosina almus,G04CA02,G04CA02
TAMSULOSINA AUROBINDO,tamsulosina aurobindo,G04CA02,G04CA02
TAMSULOSINA EG,tamsulosina eg,G04CA02,G04CA02
TAMSULOSINA EG STADA,tamsulosina eg stada,G04CA02,G04CA02
TAMSULOSINA HEXAL,tamsulosina hexal,G04CA02,G04CA02
TAMSULOSINA KRKA,tamsulosina krka,G04CA02,G04CA02
TAMSULOSINA MEDREG,tamsulosina medreg,G04CA02,G04CA02
TAMSULOSINA MYLAN,tamsulosina mylan,G04CA02,G04CA02
TAMSULOSINA SANDOZ,tamsulosina sandoz,G04CA02,G04CA02
TAMSULOSINA SUN,tamsulosina sun,G04CA02,G04CA02
TAMSULOSINA ZENTIVA ITALIA,tamsulosina zentiva italia,G04CA02,G04CA02
TANDEMACT,tandemact,A10BD06,A10BD06
TANOF,tanof,S01ED51,S01ED51
TANTUM VERDE,tantum verde,A01AD02,A01AD02
TANTUM VERDE ANTISETTICO,tantum verde antisettico,R02AA03,R02AA03
TANTUM VERDE ANTISETTICO E ANTINFIAMMATORIO,tantum verde antisettico e antinfiammatorio,R02AA20,R02AA20
TANTUM VERDE GENGIVITE E STOMATITE,tantum verde gengivite e stomatite,R02AA20,R02AA20
TANTUM VERDE GOLA,tantum verde gola,A01AD11,A01AD11
TANTUM VERDE NASO CHIUSO,tantum verde naso chiuso,R01AA08,R01AA08
TANTUM VERDE P,tantum verde p,R02AX03,R02AX03
TANTUM VERDEDOL,tantum verdedol,A01AD11,A01AD11
TANTUM VERDEGOL ANTISETTICO,tantum verdegol antisettico,R02AA03,R02AA03
TANZOLAN,tanzolan,A02BC03,A02BC03
TAPAZOLE,tapazole,H03BB02,H03BB02
TAPELOD,tapelod,N02AX06,N02AX06
TAPENTADOLO EG,tapentadolo eg,N02AX06,N02AX06
TAPENTADOLO KRKA,tapentadolo krka,N02AX06,N02AX06
TAPENTADOLO TEVA,tapentadolo teva,N02AX06,N02AX06
TARASYX,tarasyx,V03AX,V03AX
TARAXACUM DENS LEONIS,taraxacum dens leonis,V03AX,V03AX
TARAXACUM OFFICINALE,taraxacum officinale,V03AX,V03AX
TARCEVA,tarceva,L01EB02,L01EB02
TARDYFER,tardyfer,B03AA07,B03AA07
TAREG,tareg,C09CA03,C09CA03
TARGET,target,C07CB03,C07CB03
TARGIN,targin,N02AA55,N02AA55
TARGOSID,targosid,J01XA02,J01XA02
TARGRETIN,targretin,L01XF03,L01XF03
TARLIDOCIN,tarlidocin,J01CE08,J01CE08
TARTARUS STIBIATUS,tartarus stibiatus,V03AX,V03AX
TASIGNA,tasigna,L01EA03,L01EA03
TASMAR,tasmar,N04BX01,N04BX01
TASOLPROS,tasolpros,G04CA53,G04CA53
TATIG,tatig,N06AB06,N06AB06
TATIONIL,tationil,V03AB32,V03AB32
TAURO,tauro,A05AA,A05AA
TAUVID,tauvid,V09AX07,V09AX07
TAUXIB,tauxib,M01AH05,M01AH05
TAVACOR,tavacor,C10AA02,C10AA02
TAVANIC,tavanic,J01MA12,J01MA12
TAVLESSE,tavlesse,B02BX09,B02BX09
TAVNEOS,tavneos,L04AJ05,L04AJ05
TAVOR,tavor,N05BA06,N05BA06
TAXAT,taxat,C10AA05,C10AA05
TAXIME,taxime,J01DD01,J01DD01
TAXOL,taxol,L01CD01,L01CD01
TAXOTERE,taxotere,L01CD02,L01CD02
TAZIDIF,tazidif,J01DD02,J01DD02
TAZOCIN,tazocin,J01CR05,J01CR05
TAZOPENIL,tazopenil,J01CR05,J01CR05
TEBARAT,tebarat,S01GX07|R06AX19,
TECARTUS,tecartus,L01XL06,L01XL06
TECENTRIQ,tecentriq,L01FF05,L01FF05
TECFIDERA,tecfidera,L04AX07,L04AX07
TECHNEMIBI,technemibi,V09GA01,V09GA01
TECHNESCAN DTPA,technescan dtpa,V09CA01,V09CA01
TECHNESCAN HDP,technescan hdp,V09BA01,V09BA01
TECHNESCAN MAG 3 DRN 4334,technescan mag 3 drn 4334,V09CA03,V09CA03
TECHNESCAN PYP,technescan pyp,V09GA06,V09GA06
TECOVIRIMAT SIGA,tecovirimat siga,J05AX24,J05AX24
TECVAYLI,tecvayli,L01FX24,L01FX24
TEDIM,tedim,J02AC01,J02AC01
TEDUGLUTIDE VIATRIS,teduglutide viatris,A16AX08,A16AX08
TEGENS,tegens,C05CA,C05CA
TEGLUTIK,teglutik,N07XX02,N07XX02
TEGRETOL,tegretol,N03AF01,N03AF01
TEGSEDI,tegsedi,N07XX15,N07XX15
TEICOPLANINA ALTAN,teicoplanina altan,J01XA02,J01XA02
TEICOPLANINA BRADEX,teicoplanina bradex,J01XA02,J01XA02
TEICOPLANINA HIKMA,teicoplanina hikma,J01XA02,J01XA02
TEICOPLANINA IBIGEN,teicoplanina ibigen,J01XA02,J01XA02
TEICOPLANINA SANDOZ,teicoplanina sandoz,J01XA02,J01XA02
TEICOPLANINA SEACROSS,teicoplanina seacross,J01XA02,J01XA02
TEICOPLANINA SUN,teicoplanina sun,J01XA02,J01XA02
TEICOPLANINA ZENTIVA,teicoplanina zentiva,J01XA02,J01XA02
TEKTROTYD,tektrotyd,V09IA07,V09IA07
TEKVAS,tekvas,C10AA07,C10AA07
TELEFIL,telefil,G04BE08,G04BE08
TELFAST,telfast,R06AX26,R06AX26
TELMISARTAN ACTAVIS,telmisartan actavis,C09CA07,C09CA07
TELMISARTAN ALMUS,telmisartan almus,C09CA07,C09CA07
TELMISARTAN ALTER,telmisartan alter,C09CA07,C09CA07
TELMISARTAN AUROBINDO,telmisartan aurobindo,C09CA07,C09CA07
TELMISARTAN DOC GENERICI,telmisartan doc generici,C09CA07,C09CA07
TELMISARTAN E IDROCLOROTIAZIDE ALTER,telmisartan e idroclorotiazide alter,C09DA07,C09DA07
TELMISARTAN E IDROCLOROTIAZIDE DOC GENERICI,telmisartan e idroclorotiazide doc generici,C09DA07,C09DA07
TELMISARTAN E IDROCLOROTIAZIDE EG,telmisartan e idroclorotiazide eg,C09DA07,C09DA07
TELMISARTAN E IDROCLOROTIAZIDE MYLAN PHARMA,telmisartan e idroclorotiazide mylan pharma,C09DA07,C09DA07
TELMISARTAN E IDROCLOROTIAZIDE SANDOZ,telmisartan e idroclorotiazide sandoz,C09DA07,C09DA07
TELMISARTAN E IDROCLOROTIAZIDE TEVA ITALIA,telmisartan e idroclorotiazide teva italia,C09DA07,C09DA07
TELMISARTAN E IDROCLOROTIAZIDE ZENTIVA,telmisartan e idroclorotiazide zentiva,C09DA07,C09DA07
TELMISARTAN EG,telmisartan eg,C09CA07,C09CA07
TELMISARTAN MYLAN,telmisartan mylan,C09CA07,C09CA07
TELMISARTAN PENSA,telmisartan pensa,C09CA07,C09CA07
TELMISARTAN SANDOZ,telmisartan sandoz,C09CA07,C09CA07
TELMISARTAN TEVA ITALIA,telmisartan teva italia,C09CA07,C09CA07
TELMISARTAN ZENTIVA,telmisartan zentiva,C09CA07,C09CA07
TEMETEX,temetex,D07AC06,D07AC06
TEMGESIC,temgesic,N02AE01,N02AE01
TEMODAL,temodal,L01AX03,L01AX03
TEMOMEDAC,temomedac,L01AX03,L01AX03
TEMOZOLOMIDE ACCORD,temozolomide accord,L01AX03,L01AX03
TEMOZOLOMIDE SUN,temozolomide sun,L01AX03,L01AX03
TEMOZOLOMIDE TEVA,temozolomide teva,L01AX03,L01AX03
TEMYBRIC ELLIPTA,temybric ellipta,R03AL08,R03AL08
TENAMPER,tenamper,C09BB04,C09BB04
TENDININUM DYNAMIS,tendininum dynamis,V03AX,V03AX
TENKASI,tenkasi,J01XA05,J01XA05
TENOFOVIR DISOPROXIL AUROBINDO,tenofovir disoproxil aurobindo,J05AF07,J05AF07
TENOFOVIR DISOPROXIL DOC GENERICI,tenofovir disoproxil doc generici,J05AF07,J05AF07
TENOFOVIR DISOPROXIL SANDOZ,tenofovir disoproxil sandoz,J05AF07,J05AF07
TENOFOVIR DISOPROXIL TEVA,tenofovir disoproxil teva,J05AF07,J05AF07
TENOFOVIR DISOPROXIL VIATRIS,tenofovir disoproxil viatris,J05AF07,J05AF07
TENOFOVIR DISOPROXIL ZENTIVA,tenofovir disoproxil zentiva,J05AF07,J05AF07
TENORETIC,tenoretic,C07CB03,C07CB03
TENORMIN,tenormin,C07AB03,C07AB03
TENSIBLOCK,tensiblock,C07AB03,C07AB03
TENSIRAM,tensiram,C09AA05,C09AA05
TENSOGARD,tensogard,C09AA09,C09AA09
TENSOZIDE,tensozide,C09BA09,C09BA09
TEPADINA,tepadina,L01AC01,L01AC01
TEPEZZA,tepezza,L04AG13,L04AG13
TEPKINLY,tepkinly,L,L
TEPMETKO,tepmetko,L01EX21,L01EX21
TERAFLUSS,terafluss,G04CA03,G04CA03
TERAIR,terair,R03AK08,R03AK08
TERAMAN,teraman,G04BE08,G04BE08
TERAPROST,teraprost,G04CA03,G04CA03
TERASIDE,teraside,M03BX05,M03BX05
TERAXANS,teraxans,C09BA04,C09BA04
TERAZOSINA DOC GENERICI,terazosina doc generici,G04CA03,G04CA03
TERAZOSINA TEVA,terazosina teva,G04CA03,G04CA03
TERAZOSINA ZENTIVA,terazosina zentiva,G04CA03,G04CA03
TERBINAFINA ALTER,terbinafina alter,D01BA02,D01BA02
TERBINAFINA AUROBINDO PHARMA ITALIA,terbinafina aurobindo pharma italia,D01BA02,D01BA02
TERBINAFINA DOC GENERICI,terbinafina doc generici,D01BA02,D01BA02
TERBINAFINA EG,terbinafina eg,D01BA02,D01BA02
TERBINAFINA HEXAL,terbinafina hexal,D01BA02,D01BA02
TERBINAFINA MYLAN GENERICS,terbinafina mylan generics,D01BA02,D01BA02
TERBINAFINA SANDOZ GMBH,terbinafina sandoz gmbh,D01BA02,D01BA02
TERBINAFINA TECNIGEN,terbinafina tecnigen,D01BA02,D01BA02
TEREBENTHINA RESINA DYNAMIS,terebenthina resina dynamis,V03AX,V03AX
TEREBINTHINA,terebinthina,V03AX,V03AX
TEREBYO,terebyo,L04AK02,L04AK02
TERGIO,tergio,L04AK02,L04AK02
TERIFLUNOMIDE ABDI,teriflunomide abdi,L04AK02,L04AK02
TERIFLUNOMIDE ACCORD,teriflunomide accord,L04AK02,L04AK02
TERIFLUNOMIDE AUROBINDO,teriflunomide aurobindo,L04AA31,L04AA31
TERIFLUNOMIDE DR. REDDY'S,teriflunomide dr. reddy's,L04AK02,L04AK02
TERIFLUNOMIDE EG,teriflunomide eg,L04AK02,L04AK02
TERIFLUNOMIDE GLENMARK,teriflunomide glenmark,L04AA31,L04AA31
TERIFLUNOMIDE HCS,teriflunomide hcs,L04AK02,L04AK02
TERIFLUNOMIDE NEURAXPHARM,teriflunomide neuraxpharm,L04AK02,L04AK02
TERIFLUNOMIDE TEVA ITALIA,teriflunomide teva italia,L04AK02,L04AK02
TERIFLUNOMIDE VIATRIS,teriflunomide viatris,L04AK02,L04AK02
TERIFLUNOMIDE VIATRIS PHARMA,teriflunomide viatris pharma,L04AK02,L04AK02
TERIFLUNOMIDE ZENTIVA,teriflunomide zentiva,L04AK02,L04AK02
TERIP,terip,G04CB01,G04CB01
TERIPARATIDE SUN,teriparatide sun,H05AA02,H05AA02
TERIPARATIDE TEVA,teriparatide teva,H05AA02,H05AA02
TERLIPRESSINA ACETATO EVER PHARMA,terlipressina acetato ever pharma,H01BA04,H01BA04
TERLIPRESSINA SUN,terlipressina sun,H01BA04,H01BA04
TERROSA,terrosa,H05AA02,H05AA02
TESAVEL,tesavel,A10BH01,A10BH01
TESTAVAN,testavan,G03BA03,G03BA03
TESTEX,testex,G03BA03,G03BA03
TESTOGEL,testogel,G03BA03,G03BA03
TESTOMED,testomed,G03BA03,G03BA03
TESTOSTERONE ENANTATO SIT,testosterone enantato sit,G03BA03,G03BA03
TESTOSTERONE UNDECANOATO BESINS,testosterone undecanoato besins,G03BA03,G03BA03
TESTOSTERONE UNDECANOATO SUN,testosterone undecanoato sun,G03BA03,G03BA03
TESTOVIRON,testoviron,G03BA03,G03BA03
TESTOVIS,testovis,G03BA03,G03BA03
TETANUS GAMMA,tetanus gamma,J06BB02,J06BB02
TETRABENAZINA ARISTO,tetrabenazina aristo,N07XX06,N07XX06
TETRABENAZINA SUN,tetrabenazina sun,N07XX06,N07XX06
TETRALYSAL,tetralysal,J01AA04,J01AA04
TETRAMIL,tetramil,S01GA52,S01GA52
TETRAVAC,tetravac,J07CA02,J07CA02
TETRIS,tetris,J01FA10,J01FA10
TETROFOSMINA ROTOP,tetrofosmina rotop,V09GA02,V09GA02
TEUCRIUM MARUM,teucrium marum,V03AX,V03AX
TEVAGRASTIM,tevagrastim,L03AA02,L03AA02
TEVIMBRA,tevimbra,L01FF09,L01FF09
TEXPAMI,texpami,M05BA03,M05BA03
TEXTAZO,textazo,J01CR05,J01CR05
TEYSUNO,teysuno,L01BC53,L01BC53
TEZASTIN,tezastin,R06AE07,R06AE07
TEZSPIRE,tezspire,R03DX11,R03DX11
THALLIUM METALLICUM,thallium metallicum,V03AX,V03AX
THAMESOL,thamesol,B05BB03,B05BB03
THEDITRAX,theditrax,L04AA31,L04AA31
THERALUGAND,theralugand,V10X,V10X
THEROFLAN,theroflan,A10BX02,A10BX02
THIOGAMMA,thiogamma,A16AX01,A16AX01
THIOMED,thiomed,V03AB32,V03AB32
THIOTEPA MEDAC,thiotepa medac,L01AC01,L01AC01
THIOTEPA RIEMSER,thiotepa riemser,L01AC01,L01AC01
THLASPI BURSA PASTORIS DYNAMIS,thlaspi bursa pastoris dynamis,V03AX,V03AX
THUJA,thuja,V03AX,V03AX
THUJA HOMEO SAPIENS COMP,thuja homeo sapiens comp,V03AX,V03AX
THUYA LOBII,thuya lobii,V03AX,V03AX
THUYA OCCIDENTALIS,thuya occidentalis,V03AX,V03AX
THUYAPLUS (SYNERGIPLUS N.109),thuyaplus (synergiplus n.109),V03AX,V03AX
THYMOGLOBULINE,thymoglobuline,L04AA04,L04AA04
THYROGEN,thyrogen,V04CJ01,V04CJ01
THYROIDINUM,thyroidinum,V03AX,V03AX
THYROIDINUM DYNAMIS,thyroidinum dynamis,V03AX,V03AX
TIBLELAN,tiblelan,N02AA03,N02AA03
TIBOCINA,tibocina,G03CX01,G03CX01
TIBOLONE ARISTO,tibolone aristo,G03CX01,G03CX01
TIBSOVO,tibsovo,L01XM02,L01XM02
TICAGRELOR ABDI,ticagrelor abdi,B01AC24,B01AC24
TICAGRELOR ACCORD,ticagrelor accord,B01AC24,B01AC24
TICAGRELOR AUROBINDO,ticagrelor aurobindo,B01AC24,B01AC24
TICAGRELOR DOC,ticagrelor doc,B01AC24,B01AC24
TICAGRELOR DR. REDDY'S,ticagrelor dr. reddy's,B01AC24,B01AC24
TICAGRELOR EG,ticagrelor eg,B01AC24|M04AA03,
TICAGRELOR INTAS,ticagrelor intas,B01AC24,B01AC24
TICAGRELOR KRKA,ticagrelor krka,B01AC24,B01AC24
TICAGRELOR MEDICAL VALLEY,ticagrelor medical valley,B01AC24,B01AC24
TICAGRELOR MENARINI,ticagrelor menarini,B01AC24,B01AC24
TICAGRELOR MYLAN,ticagrelor mylan,B01AC24,B01AC24
TICAGRELOR OLPHA,ticagrelor olpha,B01AC24,B01AC24
TICAGRELOR PENSA,ticagrelor pensa,B01AC24,B01AC24
TICAGRELOR SANDOZ,ticagrelor sandoz,B01AC24,B01AC24
TICAGRELOR SUN,ticagrelor sun,B01AC24,B01AC24
TICAGRELOR TECNIGEN,ticagrelor tecnigen,B01AC24,B01AC24
TICAGRELOR TEVA,ticagrelor teva,B01AC24,B01AC24
TICAGRELOR VIVANTA,ticagrelor vivanta,B01AC24,B01AC24
TICAGRELOR ZENTIVA,ticagrelor zentiva,B01AC24,B01AC24
TICALMA,ticalma,N05CM09,N05CM09
TICHE,tiche,H03AA01,H03AA01
TICLOPIDINA ALTER,ticlopidina alter,B01AC05,B01AC05
TICLOPIDINA AUROBINDO,ticlopidina aurobindo,B01AC05,B01AC05
TICLOPIDINA DOC GENERICI,ticlopidina doc generici,B01AC05,B01AC05
TICLOPIDINA DOROM,ticlopidina dorom,B01AC05,B01AC05
TICLOPIDINA EG,ticlopidina eg,B01AC05,B01AC05
TICLOPIDINA MYLAN GENERICS,ticlopidina mylan generics,B01AC05,B01AC05
TICLOPIDINA PENSA,ticlopidina pensa,B01AC05,B01AC05
TICOVAC,ticovac,J07BA01,J07BA01
TIDOCOMB,tidocomb,S01ED51,S01ED51
TIENOR,tienor,N05BA21,N05BA21
TIFACTOR,tifactor,H03AA01,H03AA01
TIGECICLINA ACCORD,tigeciclina accord,J01AA12,J01AA12
TIGECICLINA AMAROX,tigeciclina amarox,J01AA12,J01AA12
TIGECICLINA CIPLA,tigeciclina cipla,J01AA12,J01AA12
TIGECICLINA HIKMA,tigeciclina hikma,J01AA12,J01AA12
TIGECICLINA MYLAN PHARMA,tigeciclina mylan pharma,J01AA12,J01AA12
TIGECICLINA NORIDEM,tigeciclina noridem,J01AA12,J01AA12
TIGECICLINA PIRAMAL,tigeciclina piramal,J01AA12,J01AA12
TIGECICLINA TEVA,tigeciclina teva,J01AA12,J01AA12
TIKATA,tikata,B01AC24,B01AC24
TIKLID,tiklid,B01AC05,B01AC05
TILCA,tilca,V03AX,V03AX
TILDIEM,tildiem,C08DB01,C08DB01
TILEXIM,tilexim,J01DC02,J01DC02
TILIA EUROPAEA DYNAMIS,tilia europaea dynamis,V03AX,V03AX
TIMBRIX,timbrix,S01ED51,S01ED51
TIMO,timo,V03AX,V03AX
TIMOD,timod,S01ED01,S01ED01
TIMOGEL,timogel,S01ED01,S01ED01
TIMOLABAK,timolabak,S01ED01,S01ED01
TIMOLOLO OMNIVISION,timololo omnivision,S01ED01,S01ED01
TIMOPTOL,timoptol,S01ED01,S01ED01
TINSET,tinset,R06AE06|D04AA,
TIOCALMINA,tiocalmina,R05FB02,R05FB02
TIOCOLCHICOSIDE DOC GENERICI,tiocolchicoside doc generici,M03BX05,M03BX05
TIOCOLCHICOSIDE EG,tiocolchicoside eg,M03BX05,M03BX05
TIOCOLCHICOSIDE MYLAN GENERICS,tiocolchicoside mylan generics,M03BX05,M03BX05
TIOCONAZOLO EG,tioconazolo eg,D01AC07,D01AC07
TIOCONAZOLO IPSO PHARMA,tioconazolo ipso pharma,D01AC07,D01AC07
TIOCONAZOLO PHARMEG,tioconazolo pharmeg,D01AC07,D01AC07
TIOGUANINA ASPEN,tioguanina aspen,L01BB03,L01BB03
TIOREDOX,tioredox,V03AB32,V03AB32
TIORFAN,tiorfan,A07XA04,A07XA04
TIORFANOR,tiorfanor,A07XA04,A07XA04
TIORFIX,tiorfix,A07XA04,A07XA04
TIOSIDE,tioside,M03BX05|M02AX10,
TIOTEPA FRESENIUS KABI,tiotepa fresenius kabi,L01AC01,L01AC01
TIOTEPA HIKMA,tiotepa hikma,L01AC01,L01AC01
TIOTEPA SEACROSS,tiotepa seacross,L01AC01,L01AC01
TIOTEPA VIVANTA,tiotepa vivanta,L01AC01,L01AC01
TIOTROPIO DOC,tiotropio doc,R03BB04,R03BB04
TIOTROPIO EG,tiotropio eg,R03BB04,R03BB04
TIOTROPIO GLENMARK,tiotropio glenmark,R03BB04,R03BB04
TIOTROPIO TEVA ITALIA,tiotropio teva italia,R03BB04,R03BB04
TIOTROPIO ZENTIVA,tiotropio zentiva,R03BB04,R03BB04
TIROCULAR,tirocular,S01XA08,S01XA08
TIROFIBAN AUROBINDO,tirofiban aurobindo,B01AC17,B01AC17
TIROFIBAN IBISQUS,tirofiban ibisqus,B01AC17,B01AC17
TIROSINT,tirosint,H03AA01,H03AA01
TISANA KELEMATA,tisana kelemata,A06AB06,A06AB06
TISSEEL,tisseel,B02BC30,B02BC30
TITENUR,titenur,G04BD08,G04BD08
TIVDAK,tivdak,L01FX23,L01FX23
TIVICAY,tivicay,J05AJ03,J05AJ03
TIXTAR,tixtar,A07AA11,A07AA11
TIXTELLER,tixteller,A07AA11,A07AA11
TIZAGELAN,tizagelan,M03BX02,M03BX02
TIZANIDINA DOC,tizanidina doc,M03BX02,M03BX02
TOBI PODHALER,tobi podhaler,J01GB01,J01GB01
TOBRADEX,tobradex,S01CA01|S02CA06,
TOBRAL,tobral,S01AA12,S01AA12
TOBRAMICINA DOC GENERICI,tobramicina doc generici,S01AA12,S01AA12
TOBRAMICINA E DESAMETASONE DOC GENERICI,tobramicina e desametasone doc generici,S01CA01,S01CA01
TOBRAMICINA E DESAMETASONE EG,tobramicina e desametasone eg,S01CA01,S01CA01
TOBRAMICINA EG,tobramicina eg,S01AA12,S01AA12
TOBRAMICINA OMNIVISION,tobramicina omnivision,S01AA12,S01AA12
TOBRAMICINA SUN,tobramicina sun,J01GB01,J01GB01
TOBRASTILL,tobrastill,S01AA12,S01AA12
TOBRINEB,tobrineb,J01GB01,J01GB01
TOCALFA,tocalfa,A11JA,A11JA
TOCTINO,toctino,D11AH04,D11AH04
TOFIDENCE,tofidence,L04AC07,L04AC07
TOLEP,tolep,N03AF02,N03AF02
TOLERAK,tolerak,L01BC02,L01BC02
TOLIMAN,toliman,N07CA02,N07CA02
TOLTERODINA DOC,tolterodina doc,G04BD07,G04BD07
TOLTERODINA DOC GENERICI,tolterodina doc generici,G04BD07,G04BD07
TOLUCOMBI,tolucombi,C09DA07,C09DA07
TOLURA,tolura,C09CA07,C09CA07
TOLVAPTAN ACCORD,tolvaptan accord,C03XA01,C03XA01
TOLVAPTAN TEVA,tolvaptan teva,C03XA01,C03XA01
TOLVAPTAN TEVA ITALIA,tolvaptan teva italia,C03XA01,C03XA01
TOMAINO,tomaino,A11CC05,A11CC05
TOMUDEX,tomudex,L01BA03,L01BA03
TONACAL D3,tonacal d3,A12AX,A12AX
TONOCIAN,tonocian,B03BA01,B03BA01
TONOGEN VITAMINICO,tonogen vitaminico,A11EA,A11EA
TONSINO,tonsino,A01AD02,A01AD02
TOOKAD,tookad,L01XD07,L01XD07
TOPAMAX,topamax,N03AX11,N03AX11
TOPIRAMATO AUROBINDO,topiramato aurobindo,N03AX11,N03AX11
TOPIRAMATO DOC GENERICI,topiramato doc generici,N03AX11,N03AX11
TOPIRAMATO EG,topiramato eg,N03AX11,N03AX11
TOPIRAMATO MYLAN GENERICS,topiramato mylan generics,N03AX11,N03AX11
TOPIRAMATO SANDOZ,topiramato sandoz,N03AX11,N03AX11
TOPOTECAN AHCL,topotecan ahcl,L01CE01,L01CE01
TOPOTECAN HOSPIRA,topotecan hospira,L01CE01,L01CE01
TOPSTER,topster,A07EA07,A07EA07
TOPSYN,topsyn,D07AC08,D07AC08
TORA-DOL,tora-dol,M01AB15,M01AB15
TORADIUR,toradiur,C03CA04,C03CA04
TORASEMIDE HEXAL,torasemide hexal,C03CA04,C03CA04
TORASEMIDE MYLAN GENERICS,torasemide mylan generics,C03CA04,C03CA04
TORASEMIDE TEVA ITALIA,torasemide teva italia,C03CA04,C03CA04
TORASEMIDE ZENTIVA,torasemide zentiva,C03CA04,C03CA04
TORASTIN,torastin,C10AA05,C10AA05
TOREZ,torez,C10BA05,C10BA05
TORISEL,torisel,L01EG01,L01EG01
TORMENTILLA DYNAMIS,tormentilla dynamis,V03AX,V03AX
TORMENTILLA-HEEL,tormentilla-heel,V03AX,V03AX
TORVACOL,torvacol,C10AA05,C10AA05
TORVAST,torvast,C10AA05,C10AA05
TOSTREX,tostrex,G03BA03,G03BA03
TOTALIP,totalip,C10AA05,C10AA05
TOTTIZIM,tottizim,J01DD02,J01DD02
TOTYLEM,totylem,B03AE02,B03AE02
TOUJEO,toujeo,A10AE04,A10AE04
TOVANIRA,tovanira,C10AA05,C10AA05
TOVANOR BREEZHALER,tovanor breezhaler,R03BB06,R03BB06
TOVASTIBE,tovastibe,C10BA05,C10BA05
TOVIAZ,toviaz,G04BD11,G04BD11
TPH,tph,B05BA01,B05BA01
TRABECTEDINA ACCORD,trabectedina accord,L01CX01,L01CX01
TRABECTEDINA EG,trabectedina eg,L01CX01,L01CX01
TRABECTEDINA EVER PHARMA,trabectedina ever pharma,L01CX01,L01CX01
TRABECTEDINA SUN,trabectedina sun,L01CX01,L01CX01
TRABECTEDINA TEVA,trabectedina teva,L01CX01,L01CX01
TRACLEER,tracleer,C02KX01,C02KX01
TRACTAMED,tractamed,N05CM,N05CM
TRACTANA,tractana,N05CM,N05CM
TRACTIVA,tractiva,N05AX12,N05AX12
TRACTOCILE,tractocile,G02CX01,G02CX01
TRACYELT,tracyelt,B05XA31,B05XA31
TRADOGUT,tradogut,N02AX02,N02AX02
TRADONAL,tradonal,N02AX02,N02AX02
TRAFLASH,traflash,N02AX02,N02AX02
TRAGLASIN,traglasin,S01EE04,S01EE04
TRAJENTA,trajenta,A10BH05,A10BH05
TRALEUSIN,traleusin,B01AB09,B01AB09
TRALODIE,tralodie,N02AX02,N02AX02
TRAMADOLO ABC,tramadolo abc,N02AX02,N02AX02
TRAMADOLO E PARACETAMOLO ARISTO,tramadolo e paracetamolo aristo,N02AJ13,N02AJ13
TRAMADOLO E PARACETAMOLO AUROBINDO,tramadolo e paracetamolo aurobindo,N02AJ13,N02AJ13
TRAMADOLO E PARACETAMOLO EG,tramadolo e paracetamolo eg,N02AJ13,N02AJ13
TRAMADOLO E PARACETAMOLO KRKA,tramadolo e paracetamolo krka,N02AJ13,N02AJ13
TRAMADOLO EG,tramadolo eg,N02AX02,N02AX02
TRAMADOLO HCL SANDOZ,tramadolo hcl sandoz,N02AX02,N02AX02
TRAMADOLO HEXAL,tramadolo hexal,N02AX02,N02AX02
TRAMADOLO S.A.L.F.,tramadolo s.a.l.f.,N02AX02,N02AX02
TRAMALIN,tramalin,N02AX02,N02AX02
TRANDATE,trandate,C07AG01,C07AG01
TRANDOLAPRIL MYLAN GENERICS,trandolapril mylan generics,C09AA10,C09AA10
TRANEX,tranex,B02AA02,B02AA02
TRANQUIRIT,tranquirit,N05BA01,N05BA01
TRANS-VER-SAL,trans-ver-sal,D11AF,D11AF
TRANSACT LAT,transact lat,M02AA19,M02AA19
TRANSENE,transene,N05BA05,N05BA05
TRANSISOFT,transisoft,A06AD15,A06AD15
TRANSMETIL,transmetil,A05BA,A05BA
TRANSTEC,transtec,N02AE01,N02AE01
TRAOTIM,traotim,S01ED51,S01ED51
TRAULEN,traulen,M01AB05|M02AA15,
TRAUSAN,trausan,N06BX06,N06BX06
TRAVATAN,travatan,S01EE04,S01EE04
TRAVELGUM,travelgum,R06AA02,R06AA02
TRAVIOP,traviop,S01EE04,S01EE04
TRAVOCORT,travocort,D01AC20,D01AC20
TRAVOFIX,travofix,S01ED51,S01ED51
TRAVOGEN,travogen,D01AC05|G01AF07,
TRAVOPROST DOC GENERICI,travoprost doc generici,S01EE04,S01EE04
TRAVOPROST E TIMOLOLO EG,travoprost e timololo eg,S01ED51,S01ED51
TRAVOPROST E TIMOLOLO MYLAN,travoprost e timololo mylan,S01ED51,S01ED51
TRAVOPROST E TIMOLOLO ZENTIVA,travoprost e timololo zentiva,S01ED51,S01ED51
TRAVOPROST EG,travoprost eg,S01EE04,S01EE04
TRAVOPROST MYLAN,travoprost mylan,S01EE04,S01EE04
TRAVOPROST SANDOZ,travoprost sandoz,S01EE04,S01EE04
TRAVOPROST TEVA,travoprost teva,S01EE04,S01EE04
TRAVOPROST ZENTIVA,travoprost zentiva,S01EE04,S01EE04
TRAVOSEPT,travosept,D07BC04,D07BC04
TRAZER,trazer,J02AC02,J02AC02
TRAZIMERA,trazimera,L01FD01,L01FD01
TRAZODONE EG,trazodone eg,N06AX05,N06AX05
TRAZYL,trazyl,S01FB03,S01FB03
TRECONDI,trecondi,L01AB02,L01AB02
TRECOR,trecor,C10AX06,C10AX06
TREDIMIN,tredimin,A11CC05,A11CC05
TREFOSTIL,trefostil,D11AX01,D11AX01
TRELEGY ELLIPTA,trelegy ellipta,R03AL08,R03AL08
TREMFYA,tremfya,L04AC16,L04AC16
TRENTAL,trental,C04AD03,C04AD03
TREOJECT,treoject,H01CB02,H01CB02
TREPARIN,treparin,B01AB11,B01AB11
TREPOLIT,trepolit,R03BA02,R03BA02
TREPROSTINIL DR. REDDY'S,treprostinil dr. reddy's,B01AC21,B01AC21
TREPROSTINIL TILLOMED,treprostinil tillomed,B01AC21,B01AC21
TREPULMIX,trepulmix,B01AC21,B01AC21
TRESIBA,tresiba,A10AE06,A10AE06
TRESUVI,tresuvi,B01AC21,B01AC21
TRETINOINA SAME,tretinoina same,D10AD01,D10AD01
TREVICTA,trevicta,N05AX13,N05AX13
TREVID,trevid,A11CC05,A11CC05
TREXOTHER,trexother,L04AX03,L04AX03
TRIACORT,triacort,H02AB08,H02AB08
TRIAMLO,triamlo,C09BB07,C09BB07
TRIAPIN,triapin,C09BB05,C09BB05
TRIASPORIN,triasporin,J02AC02,J02AC02
TRIATEC,triatec,C09AA05,C09AA05
TRIATEC HCT,triatec hct,C09BA05,C09BA05
TRIAXIS,triaxis,J07AJ52,J07AJ52
TRIAXIS POLIO,triaxis polio,J07CA02,J07CA02
TRIAZOLAM DOC GENERICI,triazolam doc generici,N05CD05,N05CD05
TRIAZOLAM EG,triazolam eg,N05CD05,N05CD05
TRIAZOLAM MYLAN GENERICS,triazolam mylan generics,N05CD05,N05CD05
TRIAZOLAM PENSA,triazolam pensa,N05CD05,N05CD05
TRIAZOLAM RATIOPHARM ITALIA,triazolam ratiopharm italia,N05CD05,N05CD05
TRIAZOLAM ZENTIVA,triazolam zentiva,N05CD05,N05CD05
TRIBACCINE,tribaccine,J07AJ52,J07AJ52
TRIBOK,tribok,C10AX06,C10AX06
TRICORTIN,tricortin,N06BX,N06BX
TRIENTINA TILLOMED,trientina tillomed,A16AX12,A16AX12
TRIENTINA WAYMADE,trientina waymade,A16AX12,A16AX12
TRIGON,trigon,S01CA01|S02CA06,
TRILAFON,trilafon,N05AB03,N05AB03
TRILLIUM PENDULUM,trillium pendulum,V03AX,V03AX
TRILLIUM PENDULUM DYNAMIS,trillium pendulum dynamis,V03AX,V03AX
TRILOND,trilond,C10BX19,C10BX19
TRIMBOW,trimbow,R03AL09,R03AL09
TRIMETON,trimeton,R06AB04,R06AB04
TRIMIKOS,trimikos,J02AC01,J02AC01
TRIMINULET,triminulet,G03AB06,G03AB06
TRIMMER,trimmer,M05BA07,M05BA07
TRIMONASE,trimonase,P01AB02,P01AB02
TRINIPLAS,triniplas,C01DA02,C01DA02
TRINITRINA,trinitrina,C01DA02,C01DA02
TRINOCARD,trinocard,C10BX18,C10BX18
TRIOLM,triolm,C09DX03,C09DX03
TRIOREG,trioreg,C10AX06,C10AX06
TRIOSSIDO DI ARSENICO ACCORD,triossido di arsenico accord,L01XX27,L01XX27
TRIOSSIDO DI ARSENICO MEDAC,triossido di arsenico medac,L01XX27,L01XX27
TRIPLIAM,tripliam,C09BX01,C09BX01
TRIPT-OH,tript-oh,N06AX01,N06AX01
TRIPTIZOL,triptizol,N06AA09,N06AA09
TRIRAMID,triramid,C09BX03,C09BX03
TRISCUDIL,triscudil,C10AX06,C10AX06
TRISENOX,trisenox,L01XX27,L01XX27
TRISSIL,trissil,J01MA12,J01MA12
TRITTICO,trittico,N06AX05,N06AX05
TRIUMEQ,triumeq,J05AR13,J05AR13
TRIVALS,trivals,C09DX01,C09DX01
TRIVERAM,triveram,C10BX11,C10BX11
TRIXEO AEROSPHERE,trixeo aerosphere,R03AL11,R03AL11
TRIZIBE,trizibe,C10AX09,C10AX09
TRIZIVIR,trizivir,J05AR04,J05AR04
TRODELVY,trodelvy,L01FX17,L01FX17
TROFODERMIN,trofodermin,D11AE,D11AE
TROFONEUSIXYL,trofoneusixyl,V03AX,V03AX
TROPIMIL,tropimil,S01FA06,S01FA06
TROSID,trosid,D01AC07,D01AC07
TROSYD,trosyd,D01AC07,D01AC07
TROSYD DERMATITE SEBORROICA E FORFORA,trosyd dermatite seborroica e forfora,D01AC08,D01AC08
TROSYD GINECOLOGICO,trosyd ginecologico,D01AC03|G01AF05,
TROZAMIL,trozamil,J01FA10,J01FA10
TROZOCINA,trozocina,J01FA10,J01FA10
TRULICITY,trulicity,A10BJ05,A10BJ05
TRUMENBA,trumenba,J07AH09,J07AH09
TRUQAP,truqap,L01EX27,L01EX27
TRUSOPT,trusopt,S01EC03,S01EC03
TRUVADA,truvada,J05AR03,J05AR03
TRUVINUT,truvinut,N01BB02,N01BB02
TRUXIMA,truxima,L01FA01,L01FA01
TRYDONIS,trydonis,R03AL09,R03AL09
TRYNGOLZA,tryngolza,C10AX,C10AX
TUCLOR,tuclor,J05AB01,J05AB01
TUDCABIL,tudcabil,A05AA,A05AA
TUKYSA,tukysa,L01EH03,L01EH03
TURCER,turcer,B01AC30,B01AC30
TUSCALMAN,tuscalman,R05FA02,R05FA02
TUSSELIM FLUIDIFICANTE TOSSE,tusselim fluidificante tosse,R05CB03,R05CB03
TUSSEVAL MUCOLITICO,tusseval mucolitico,R05CB02,R05CB02
TUSSEVAL SEDATIVO TOSSE,tusseval sedativo tosse,R05DB21,R05DB21
TUSSIBRON,tussibron,R05DB07,R05DB07
TUXIFLUD,tuxiflud,R05CB06,R05CB06
TUZNUE,tuznue,L01FD01,L01FD01
TUZULBY,tuzulby,N06BA04,N06BA04
TWICE,twice,N02AA01,N02AA01
TWINRIX,twinrix,J07BC20,J07BC20
TWYNSTA,twynsta,C09DB04,C09DB04
TYENNE,tyenne,L04AC07,L04AC07
TYGACIL,tygacil,J01AA12,J01AA12
TYOMOL,tyomol,N02BE51,N02BE51
TYPHIM VI,typhim vi,J07AP03,J07AP03
TYRUKO,tyruko,L04AG03,L04AG03
TYSABRI,tysabri,L04AG03,L04AG03
TYVERB,tyverb,L01EH01,L01EH01
UBIMAIOR,ubimaior,C01EB09,C01EB09
UCEDANE,ucedane,A16AA05,A16AA05
UGUROL,ugurol,B02AA02,B02AA02
ULCEZOL,ulcezol,A02BC01,A02BC01
ULIPRISTAL ARISTO,ulipristal aristo,G03AD02,G03AD02
ULLAX,ullax,J01MA02,J01MA02
ULTIBRO BREEZHALER,ultibro breezhaler,R03AL04,R03AL04
ULTIVA,ultiva,N01AH06,N01AH06
ULTOMIRIS,ultomiris,L04AJ02,L04AJ02
ULTRAPROCT,ultraproct,C05AA08,C05AA08
ULTRATECHNEKOW,ultratechnekow,V09FX01,V09FX01
ULTRAVIST,ultravist,V08AB05,V08AB05
ULUNAR BREEZHALER,ulunar breezhaler,R03AL04,R03AL04
UMAN ALBUMIN,uman albumin,B05AA01,B05AA01
UMAN BIG,uman big,J06BB04,J06BB04
UMAN COMPLEX,uman complex,B02BD,B02BD
UMAN SERUM,uman serum,B05AA02,B05AA02
UMOSTIL,umostil,S01EE04,S01EE04
UNASYN,unasyn,J01CR01|J01CR04,
UNICEXAL,unicexal,S02AA15,S02AA15
UNIDROX,unidrox,J01MA17,J01MA17
UNIFOL,unifol,N01AX10,N01AX10
UNIPITIRAM,unipitiram,N03AX14,N03AX14
UNIPRIL,unipril,C09AA05,C09AA05
UNIPRILDIUR,uniprildiur,C09BA05,C09BA05
UNIXIME,unixime,J01DD08,J01DD08
UNOPROST,unoprost,G04CA03,G04CA03
UNOXIR,unoxir,B01AF01,B01AF01
UPLIZNA,uplizna,L04AG10,L04AG10
UPSTAZA,upstaza,A16AB26,A16AB26
UPTRAVI,uptravi,B01AC27,B01AC27
URACTONE,uractone,C03DA01,C03DA01
URALYT U,uralyt u,G04BC,G04BC
URAPIDIL KALCEKS,urapidil kalceks,C02CA06,C02CA06
URAPIDIL STRAGEN,urapidil stragen,C02CA06,C02CA06
URASAP,urasap,C02CA06,C02CA06
URBASON,urbason,H02AB04,H02AB04
URBASON SOLUBILE,urbason solubile,H02AB04,H02AB04
URDES,urdes,A05AA02,A05AA02
URIQUID,uriquid,M04AA03,M04AA03
URISAX,urisax,G04CA04,G04CA04
URIVESC,urivesc,G04BD09,G04BD09
UROCHINASI EG,urochinasi eg,B01AD04,B01AD04
URODIE,urodie,G04CA03,G04CA03
UROFLUS,uroflus,G04CA03,G04CA03
UROFOS,urofos,J01XX01,J01XX01
UROKINASI PFIZER,urokinasi pfizer,B01AD04,B01AD04
UROMEN,uromen,G04CA02,G04CA02
UROMITEXAN,uromitexan,V03AF01,V03AF01
UROREC,urorec,G04CA04,G04CA04
URSAB,ursab,S01AE01,S01AE01
URSACOL,ursacol,A05AA02,A05AA02
URSAFLOG COMOD,ursaflog comod,S01BC08,S01BC08
URSILON,ursilon,A05AA02,A05AA02
URSOBIL,ursobil,A05AA02,A05AA02
URSOBIL HT,ursobil ht,A05AA02,A05AA02
URSOFLOR,ursoflor,A05AA02,A05AA02
URSOLISIN,ursolisin,A05AA02,A05AA02
URTICA DIOICA DYNAMIS,urtica dioica dynamis,V03AX,V03AX
URTICA URENS,urtica urens,V03AX,V03AX
URTICA URENS DYNAMIS,urtica urens dynamis,V03AX,V03AX
URTICAPLUS(SYNERGIPLUS N.121),urticaplus(synergiplus n.121),V03AX,V03AX
USGENA,usgena,L04AC05,L04AC05
USOLDEC,usoldec,S01BA01,S01BA01
USRENTY,usrenty,L04AC05,L04AC05
USTILAGO MAIDIS,ustilago maidis,V03AX,V03AX
USTIOSAN,ustiosan,D04AB,D04AB
USYMRO,usymro,L04AC05,L04AC05
UTROGESTAN,utrogestan,G03DA04,G03DA04
UVADEX,uvadex,D05BA02,D05BA02
UVESOL,uvesol,S01BA,S01BA
UZPRUVO,uzpruvo,L04AC05,L04AC05
VABOREM,vaborem,J01DH52,J01DH52
VABYSMO,vabysmo,S01LA09,S01LA09
VACPERTAGEN,vacpertagen,J07AJ02,J07AJ02
VADERIC,vaderic,G04BE09,G04BE09
VAFSEO,vafseo,B03XA08,B03XA08
VAGAN,vagan,G02BB01,G02BB01
VAGIFEM,vagifem,G03CA03,G03CA03
VAGILEN,vagilen,G01AF01|P01AB01,
VAGIRUX,vagirux,G03CA03,G03CA03
VAGISIL,vagisil,D04AB01,D04AB01
VAGISIL ANTIMICOTICO,vagisil antimicotico,G01AF02,G01AF02
VALACICLOVIR AUROBINDO,valaciclovir aurobindo,J05AB11,J05AB11
VALACICLOVIR EG,valaciclovir eg,J05AB11,J05AB11
VALACICLOVIR MYLAN GENERICS,valaciclovir mylan generics,J05AB11,J05AB11
VALACICLOVIR SANDOZ,valaciclovir sandoz,J05AB11,J05AB11
VALBACOMP,valbacomp,C09DA03,C09DA03
VALCYTE,valcyte,J05AB14,J05AB14
VALDORM,valdorm,N05CD01,N05CD01
VALDOXAN,valdoxan,N06AX22,N06AX22
VALEANS,valeans,N05BA12,N05BA12
VALECLOR,valeclor,J01DC04,J01DC04
VALERIANA DISPERT,valeriana dispert,N05CM09,N05CM09
VALERIANA HOMEOSYN COMPLEX,valeriana homeosyn complex,V03AX,V03AX
VALERIANA OFFICINALIS,valeriana officinalis,V03AX,V03AX
VALERIANA VEMEDIA,valeriana vemedia,N05CM09,N05CM09
VALEXIME,valexime,J01DD04,J01DD04
VALGANCICLOVIR ACCORD,valganciclovir accord,J05AB14,J05AB14
VALGANCICLOVIR AUROBINDO,valganciclovir aurobindo,J05AB14,J05AB14
VALGANCICLOVIR MYLAN,valganciclovir mylan,J05AB14,J05AB14
VALGANCICLOVIR SANDOZ,valganciclovir sandoz,J05AB14,J05AB14
VALGANCICLOVIR TEVA,valganciclovir teva,J05AB14,J05AB14
VALIDROC,validroc,C09DA03,C09DA03
VALIUM,valium,N05BA01,N05BA01
VALKOZIN,valkozin,A10BK01,A10BK01
VALONTAN,valontan,R06AA11,R06AA11
VALPINAX,valpinax,A03CB,A03CB
VALPRESSION,valpression,C09CA03,C09CA03
VALSARTAN ALMUS,valsartan almus,C09CA03,C09CA03
VALSARTAN ALTER,valsartan alter,C09CA03,C09CA03
VALSARTAN DOC GENERICI,valsartan doc generici,C09CA03,C09CA03
VALSARTAN E IDROCLOROTIAZIDE ALMUS,valsartan e idroclorotiazide almus,C09DA03,C09DA03
VALSARTAN E IDROCLOROTIAZIDE AUROBINDO,valsartan e idroclorotiazide aurobindo,C09DA03,C09DA03
VALSARTAN E IDROCLOROTIAZIDE DOC GENERICI,valsartan e idroclorotiazide doc generici,C09DA03,C09DA03
VALSARTAN E IDROCLOROTIAZIDE EG,valsartan e idroclorotiazide eg,C09DA03,C09DA03
VALSARTAN E IDROCLOROTIAZIDE HCS,valsartan e idroclorotiazide hcs,C09DA03,C09DA03
VALSARTAN E IDROCLOROTIAZIDE MYLAN,valsartan e idroclorotiazide mylan,C09DA03,C09DA03
VALSARTAN E IDROCLOROTIAZIDE PENSA,valsartan e idroclorotiazide pensa,C09DA03,C09DA03
VALSARTAN E IDROCLOROTIAZIDE SANDOZ,valsartan e idroclorotiazide sandoz,C09DA03,C09DA03
VALSARTAN E IDROCLOROTIAZIDE TECNIGEN,valsartan e idroclorotiazide tecnigen,C09DA03,C09DA03
VALSARTAN E IDROCLOROTIAZIDE TEVA,valsartan e idroclorotiazide teva,C09DA03,C09DA03
VALSARTAN E IDROCLOROTIAZIDE TEVA ITALIA,valsartan e idroclorotiazide teva italia,C09DA03,C09DA03
VALSARTAN E IDROCLOROTIAZIDE ZENTIVA ITALIA,valsartan e idroclorotiazide zentiva italia,C09DA03,C09DA03
VALSARTAN EG,valsartan eg,C09CA03,C09CA03
VALSARTAN HCS,valsartan hcs,C09CA03,C09CA03
VALSARTAN MYLAN GENERICS,valsartan mylan generics,C09CA03,C09CA03
VALSARTAN MYLAN GENERICS ITALIA,valsartan mylan generics italia,C09CA03,C09CA03
VALSARTAN PENSA,valsartan pensa,C09CA03,C09CA03
VALSARTAN SANDOZ,valsartan sandoz,C09CA03,C09CA03
VALSARTAN TECNIGEN,valsartan tecnigen,C09CA03,C09CA03
VALSARTAN ZENTIVA,valsartan zentiva,C09CA03,C09CA03
VALTRAX,valtrax,A03CA01,A03CA01
VANCOCINA A.P.,vancocina a.p.,J01XA01,J01XA01
VANCOMICINA HIKMA,vancomicina hikma,J01XA01,J01XA01
VANCOMICINA MYLAN,vancomicina mylan,J01XA01,J01XA01
VANCOMICINA REIG JOFRE,vancomicina reig jofre,J01XA01,J01XA01
VANCOTEX,vancotex,J01XA01,J01XA01
VANDA 1,vanda 1,V03AX,V03AX
VANDA 11,vanda 11,V03AX,V03AX
VANDA 12,vanda 12,V03AX,V03AX
VANDA 15,vanda 15,V03AX,V03AX
VANDA 17,vanda 17,V03AX,V03AX
VANDA 2,vanda 2,V03AX,V03AX
VANDA 21,vanda 21,V03AX,V03AX
VANDA 23,vanda 23,V03AX,V03AX
VANDA 25,vanda 25,V03AX,V03AX
VANDA 26,vanda 26,V03AX,V03AX
VANDA 29,vanda 29,V03AX,V03AX
VANDA 32,vanda 32,V03AX,V03AX
VANDA 37,vanda 37,V03AX,V03AX
VANDA 39,vanda 39,V03AX,V03AX
VANDA 44,vanda 44,V03AX,V03AX
VANDA 47,vanda 47,V03AX,V03AX
VANDA 5,vanda 5,V03AX,V03AX
VANDA 50,vanda 50,V03AX,V03AX
VANDA 6,vanda 6,V03AX,V03AX
VANDA 64,vanda 64,V03AX,V03AX
VANDA 69,vanda 69,V03AX,V03AX
VANDA 7,vanda 7,V03AX,V03AX
VANDA 71,vanda 71,V03AX,V03AX
VANDA 73,vanda 73,V03AX,V03AX
VANDA 74,vanda 74,V03AX,V03AX
VANDA 8,vanda 8,V03AX,V03AX
VANDA 9,vanda 9,V03AX,V03AX
VANFLYTA,vanflyta,L01EX11,L01EX11
VANIQA,vaniqa,D11AX16,D11AX16
VANTAVO,vantavo,M05BB03,M05BB03
VANTOBRA,vantobra,J01GB01,J01GB01
VAQTA,vaqta,J07BC02,J07BC02
VARCODES,varcodes,H02AB02,H02AB02
VARDAMIR,vardamir,S01CA01,S01CA01
VARDENAFIL ACCORD,vardenafil accord,G04BE09,G04BE09
VARDENAFIL DOC,vardenafil doc,G04BE09,G04BE09
VARDENAFIL EG,vardenafil eg,G04BE09,G04BE09
VARDENAFIL EG STADA,vardenafil eg stada,G04BE09,G04BE09
VARDENAFIL KRKA,vardenafil krka,G04BE09,G04BE09
VARDENAFIL MYLAN,vardenafil mylan,G04BE09,G04BE09
VARDENAFIL PENSA,vardenafil pensa,G04BE09,G04BE09
VARDENAFIL SANDOZ,vardenafil sandoz,G04BE09,G04BE09
VARDENAFIL TECNIGEN,vardenafil tecnigen,G04BE09,G04BE09
VARDENAFIL TEVA GENERICS,vardenafil teva generics,G04BE09,G04BE09
VARDENAFIL TEVA ITALIA,vardenafil teva italia,G04BE09,G04BE09
VARDENAFIL ZENTIVA,vardenafil zentiva,G04BE09,G04BE09
VARENICLINA AUROBINDO,vareniclina aurobindo,N07BA03,N07BA03
VARENICLINA MYLAN,vareniclina mylan,N07BA03,N07BA03
VARENICLINA ZENTIVA,vareniclina zentiva,N07BA03,N07BA03
VARGATEF,vargatef,L01EX09,L01EX09
VARILRIX,varilrix,J07BK01,J07BK01
VARIVAX,varivax,J07BK01,J07BK01
VASCOMAN,vascoman,C08CA11,C08CA11
VASEXTEN,vasexten,C08CA12,C08CA12
VASMINA,vasmina,C05CA53,C05CA53
VASOKINOX,vasokinox,R07AX01,R07AX01
VASORETIC,vasoretic,C09BA02,C09BA02
VASTAREL,vastarel,C01EB15,C01EB15
VASTAT,vastat,C10AA05,C10AA05
VASTGEN,vastgen,C10AA01,C10AA01
VASTICOR,vasticor,C10AA03,C10AA03
VATRAN,vatran,N05BA01,N05BA01
VAXCHORA,vaxchora,J07AE02,J07AE02
VAXELIS,vaxelis,J07CA09,J07CA09
VAXIGRIP,vaxigrip,J07BB02,J07BB02
VAXIGRIP TETRA,vaxigrip tetra,J07BB02,J07BB02
VAXNEUVANCE,vaxneuvance,J07AL02,J07AL02
VAZKEPA,vazkepa,C10AX06,C10AX06
VEBIKED,vebiked,J06BB04,J06BB04
VECLAM,veclam,J01FA09,J01FA09
VECTAVIR,vectavir,D06BB06,D06BB06
VECTAVIR LABIALE,vectavir labiale,D06BB06,D06BB06
VECTIBIX,vectibix,L01FE02,L01FE02
VEDROP,vedrop,A11HA08,A11HA08
VEGEDOL,vegedol,M01AE01,M01AE01
VEGETALLUMINA ANTIDOLORE,vegetallumina antidolore,M02AA13,M02AA13
VEGETALLUMINA DOLORE E FEBBRE,vegetallumina dolore e febbre,M01AE01,M01AE01
VEGZELMA,vegzelma,L01FG01,L01FG01
VEKLURY,veklury,J05AB16,J05AB16
VELAMOX,velamox,J01CA04,J01CA04
VELARIQ,velariq,G04BD04,G04BD04
VELBE,velbe,L01CA01,L01CA01
VELBIENNE,velbienne,G03AB08,G03AB08
VELCADE,velcade,L01XG01,L01XG01
VELITIX,velitix,M01AE01,M01AE01
VELLOFENT,vellofent,N02AB03,N02AB03
VELMETIA,velmetia,A10BD07,A10BD07
VELOS,velos,L04AX03,L04AX03
VELPHORO,velphoro,V03AE05,V03AE05
VELSIPITY,velsipity,L04AE05,L04AE05
VELTASSA,veltassa,V03AE09,V03AE09
VEMLIDY,vemlidy,J05AF13,J05AF13
VENBIG,venbig,J06BB04,J06BB04
VENCLYXTO,venclyxto,L01XX52,L01XX52
VENINUM DYNAMIS,veninum dynamis,V03AX,V03AX
VENITAL,venital,J06BA02,J06BA02
VENITRIN,venitrin,C01DA02,C01DA02
VENLAFAXINA ALTER,venlafaxina alter,N06AX16,N06AX16
VENLAFAXINA AUROBINDO,venlafaxina aurobindo,N06AX16,N06AX16
VENLAFAXINA DOC GENERICI,venlafaxina doc generici,N06AX16,N06AX16
VENLAFAXINA EG STADA ITALIA,venlafaxina eg stada italia,N06AX16,N06AX16
VENLAFAXINA KRKA,venlafaxina krka,N06AX16,N06AX16
VENLAFAXINA MYLAN GENERICS,venlafaxina mylan generics,N06AX16,N06AX16
VENLAFAXINA SANDOZ,venlafaxina sandoz,N06AX16,N06AX16
VENLAFAXINA TEVA,venlafaxina teva,N06AX16,N06AX16
VENLAFAXINA TEVA ITALIA,venlafaxina teva italia,N06AX16,N06AX16
VENLAFAXINA VIATRIS,venlafaxina viatris,N06AX16,N06AX16
VENLAFAXINA ZENTIVA,venlafaxina zentiva,N06AX16,N06AX16
VENOFER,venofer,B03AC,B03AC
VENOLEN,venolen,C05CA04,C05CA04
VENORUTON,venoruton,C05CA54,C05CA54
VENOSMIDINE,venosmidine,C05CA53,C05CA53
VENOSMINE,venosmine,C05CA03,C05CA03
VENTAVIS,ventavis,B01AC11,B01AC11
VENTIZOLVE,ventizolve,V03AB15,V03AB15
VENTOFLU,ventoflu,R03BA03,R03BA03
VENTOLIN,ventolin,R03CC02|R03AC02,
VENUMREST,venumrest,C05CA03,C05CA03
VEOPLORE,veoplore,V04CX,V04CX
VEOZA,veoza,G02CX06,G02CX06
VEPESID,vepesid,L01CB01,L01CB01
VERACER,veracer,B01AB01,B01AB01
VERAPAMIL DOC GENERICI,verapamil doc generici,C08DA01,C08DA01
VERAPAMIL EG,verapamil eg,C08DA01,C08DA01
VERAPAMIL HEXAL,verapamil hexal,C08DA01,C08DA01
VERASEAL,veraseal,B02BC,B02BC
VERATRUM ALBUM,veratrum album,V03AX,V03AX
VERATRUM VIRIDE,veratrum viride,V03AX,V03AX
VERATRUM VIRIDE DYNAMIS,veratrum viride dynamis,V03AX,V03AX
VERBASCUM THAPSIFORME DYNAMIS,verbascum thapsiforme dynamis,V03AX,V03AX
VERBENA OFFICINALIS,verbena officinalis,V03AX,V03AX
VERDYE,verdye,V04CX,V04CX
VERECOLENE C.M.,verecolene c.m.,A06AB02,A06AB02
VEREGEN,veregen,D06BB12,D06BB12
VERIZINA,verizina,N07CA52,N07CA52
VERKAZIA,verkazia,S01XA18,S01XA18
VERLAMGA,verlamga,L02BX03,L02BX03
VERMOX,vermox,P02CA01,P02CA01
VEROLAX,verolax,A06AG04|A06AX01|A06AX,
VERORAB,verorab,J07BG01,J07BG01
VERQUVO,verquvo,C01DX22,C01DX22
VERSATIS,versatis,N01BB02,N01BB02
VERTISERC,vertiserc,N07CA01,N07CA01
VERUNEC,verunec,D11AF,D11AF
VERZENIOS,verzenios,L01EF03,L01EF03
VESACIN,vesacin,G04BD08,G04BD08
VESANOID,vesanoid,L01XF01,L01XF01
VESIKER,vesiker,G04BD08,G04BD08
VESNAR,vesnar,M05BA07,M05BA07
VESOMNI,vesomni,G04CA53,G04CA53
VESOXX,vesoxx,G04BD04,G04BD04
VESSEL,vessel,B01AB11,B01AB11
VETIDUMOR,vetidumor,B03AC,B03AC
VEVIZYE,vevizye,S01XA18,S01XA18
VEVZUO,vevzuo,M05BX04,M05BX04
VEYVONDI,veyvondi,B02BD10,B02BD10
VFEND,vfend,J02AC03,J02AC03
VIAGRA,viagra,G04BE03,G04BE03
VIAGRAVIL,viagravil,G04BE03,G04BE03
VIAMAL TRAUMA,viamal trauma,M02AC,M02AC
VIAPRES,viapres,C08CA09,C08CA09
VIBON,vibon,A11CC05,A11CC05
VIBURNUM OPULUS,viburnum opulus,V03AX,V03AX
VIBURNUM OPULUS DYNAMIS,viburnum opulus dynamis,V03AX,V03AX
VICI,vici,A11GA01,A11GA01
VICKS FLU ACTION,vicks flu action,R01BA52,R01BA52
VICKS FLU GIORNO NOTTE,vicks flu giorno notte,N02BE51,N02BE51
VICKS FLU TRIPLA AZIONE,vicks flu tripla azione,N02BE51,N02BE51
VICKS GOLA,vicks gola,R02AA05,R02AA05
VICKS INALANTE,vicks inalante,R01AX10,R01AX10
VICKS MEDINAIT,vicks medinait,R05DA20,R05DA20
VICKS SINEX,vicks sinex,R01AA05,R01AA05
VICKS TOSSE FLUIDIFICANTE,vicks tosse fluidificante,R05CA03,R05CA03
VICKS TOSSE SEDATIVO,vicks tosse sedativo,R05DA09,R05DA09
VICKS VAPORUB,vicks vaporub,R05X,R05X
VICTOZA,victoza,A10BJ02,A10BJ02
VICUM,vicum,G04BE08,G04BE08
VIDAGEST,vidagest,G03DB08,G03DB08
VIDAZA,vidaza,L01BC07,L01BC07
VIDENKA,videnka,A11CC06,A11CC06
VIEWPROST,viewprost,V09IX14,V09IX14
VIGAMOX,vigamox,S01AE07,S01AE07
VIGZIP,vigzip,N03AG04,N03AG04
VILACIR,vilacir,J05AB09,J05AB09
VILDAGLIPTIN ACCORD,vildagliptin accord,A10BH02,A10BH02
VILDAGLIPTIN AUROBINDO,vildagliptin aurobindo,A10BH02,A10BH02
VILDAGLIPTIN DOC,vildagliptin doc,A10BH02,A10BH02
VILDAGLIPTIN E METFORMINA DOC,vildagliptin e metformina doc,A10BD08,A10BD08
VILDAGLIPTIN E METFORMINA EG,vildagliptin e metformina eg,A10BD08,A10BD08
VILDAGLIPTIN E METFORMINA KRKA,vildagliptin e metformina krka,A10BD08,A10BD08
VILDAGLIPTIN E METFORMINA PENSA,vildagliptin e metformina pensa,A10BD08,A10BD08
VILDAGLIPTIN E METFORMINA PHARMACARE,vildagliptin e metformina pharmacare,A10BD08,A10BD08
VILDAGLIPTIN E METFORMINA SANDOZ,vildagliptin e metformina sandoz,A10BD08,A10BD08
VILDAGLIPTIN E METFORMINA TEVA,vildagliptin e metformina teva,A10BD08,A10BD08
VILDAGLIPTIN E METFORMINA ZENTIVA,vildagliptin e metformina zentiva,A10BD08,A10BD08
VILDAGLIPTIN EG,vildagliptin eg,A10BH02,A10BH02
VILDAGLIPTIN KRKA,vildagliptin krka,A10BH02,A10BH02
VILDAGLIPTIN MYLAN,vildagliptin mylan,A10BH02,A10BH02
VILDAGLIPTIN OLPHA,vildagliptin olpha,A10BH02,A10BH02
VILDAGLIPTIN PENSA,vildagliptin pensa,A10BH02,A10BH02
VILDAGLIPTIN PHARMACARE,vildagliptin pharmacare,A10BH02,A10BH02
VILDAGLIPTIN SANDOZ,vildagliptin sandoz,A10BH02,A10BH02
VILDAGLIPTIN TEVA,vildagliptin teva,A10BH02,A10BH02
VILDAGLIPTIN/METFORMINA CLORIDRATO ACCORD,vildagliptin/metformina cloridrato accord,A10BD08,A10BD08
VIMIZIM,vimizim,A16AB12,A16AB12
VIMKUNYA,vimkunya,J07X,J07X
VIMOVO,vimovo,M01AE52,M01AE52
VIMPAT,vimpat,N03AX18,N03AX18
VINCETOXICUM OFFICINALE DYNAMIS,vincetoxicum officinale dynamis,V03AX,V03AX
VINCRISTINA PFIZER ITALIA,vincristina pfizer italia,L01CA02,L01CA02
VINCRISTINA TEVA ITALIA,vincristina teva italia,L01CA02,L01CA02
VINORELBINA ACCORD,vinorelbina accord,L01CA04,L01CA04
VINORELBINA ACCORD HEALTHCARE,vinorelbina accord healthcare,L01CA04,L01CA04
VINORELBINA AUROBINDO,vinorelbina aurobindo,L01CA04,L01CA04
VINORELBINA DOC,vinorelbina doc,L01CA04,L01CA04
VINORELBINA MEDAC,vinorelbina medac,L01CA04,L01CA04
VINTOX,vintox,G04BE08,G04BE08
VIOLA ODORATA DYNAMIS,viola odorata dynamis,V03AX,V03AX
VIOLA TRICOLOR DYNAMIS,viola tricolor dynamis,V03AX,V03AX
VIPDOMET,vipdomet,A10BD13,A10BD13
VIPIDIA,vipidia,A10BH04,A10BH04
VIPRANOP,vipranop,C01CA03,C01CA03
VIRAMUNE,viramune,J05AG01,J05AG01
VIRDEX,virdex,N02CA52,N02CA52
VIREAD,viread,J05AF07,J05AF07
VIRGAN,virgan,S01AD09,S01AD09
VIRSIL,virsil,G04CA04,G04CA04
VISANNE,visanne,G03DB08,G03DB08
VISCOMUCIL,viscomucil,R05CB06,R05CB06
VISCUM ALBUM,viscum album,V03AX,V03AX
VISCUM ALBUM DYNAMIS,viscum album dynamis,V03AX,V03AX
VISIOCETINA,visiocetina,S01AA01,S01AA01
VISIOFEN,visiofen,S01GX08,S01GX08
VISIPAQUE,visipaque,V08AB09,V08AB09
VISKEN,visken,C07AA03,C07AA03
VISOFID,visofid,G03HB01,G03HB01
VISTABEX,vistabex,M03AX01,M03AX01
VISTAGAN,vistagan,S01ED03,S01ED03
VISUBLEND,visublend,S01ED51,S01ED51
VISUCLOBEN,visucloben,S01BA09,S01BA09
VISUCOMBIDEX,visucombidex,S01CA01,S01CA01
VISUCORTEX,visucortex,S01BA01,S01BA01
VISUDYNE,visudyne,S01LA01,S01LA01
VISUFLOX,visuflox,S01AE05,S01AE05
VISUGLICAN,visuglican,S01GX51,S01GX51
VISUMIDRIATIC,visumidriatic,S01FA06,S01FA06
VISUMIDRIATIC FENILEFRINA,visumidriatic fenilefrina,S01FA56,S01FA56
VISUNAC,visunac,S01BC03,S01BC03
VISUPLAIN,visuplain,S01EE03,S01EE03
VISUSTRIN,visustrin,S01GA02,S01GA02
VITALIPID,vitalipid,B05XC,B05XC
VITAMINA B1 SALF,vitamina b1 salf,A11DA01,A11DA01
VITAMINA C SALF,vitamina c salf,A11GA01,A11GA01
VITAMINA C TEVA,vitamina c teva,A11GA01,A11GA01
VITAMINA D3 S.A.L.F.,vitamina d3 s.a.l.f.,A11CC05,A11CC05
VITANGO,vitango,A13A,A13A
VITAROS,vitaros,G04BE01,G04BE01
VITENBI,vitenbi,A11DB,A11DB
VITENSON,vitenson,A11CC05,A11CC05
VITENSONSOK,vitensonsok,A11CC05,A11CC05
VITRAKVI,vitrakvi,L01EX12,L01EX12
VIVIDRIN,vividrin,R01AC03,R01AC03
VIVIDRIN OCCHI,vividrin occhi,S01GX07,S01GX07
VIVIN,vivin,N02BA01,N02BA01
VIVIN C,vivin c,N02BA51,N02BA51
VIVINDUO FEBBRE E CONGESTIONE NASALE,vivinduo febbre e congestione nasale,N02BE51,N02BE51
VIVISTER,vivister,G04CB02,G04CB02
VIVLIPEG,vivlipeg,L03AA13,L03AA13
VIVOTIF,vivotif,J07AP01,J07AP01
VIZAMYL,vizamyl,V09AX04,V09AX04
VIZARSIN,vizarsin,G04BE03,G04BE03
VIZIMPRO,vizimpro,L01EB07,L01EB07
VOCABRIA,vocabria,J05AJ04,J05AJ04
VOKANAMET,vokanamet,A10BD16,A10BD16
VOLIBRIS,volibris,C02KX02,C02KX02
VOLTADEXI,voltadexi,M01AE14,M01AE14
VOLTADOL,voltadol,M02AA15,M02AA15
VOLTADOL UNIDIE,voltadol unidie,M02AA15,M02AA15
VOLTADVANCE,voltadvance,M01AB05,M01AB05
VOLTADVANCEGO,voltadvancego,M01AB05,M01AB05
VOLTAFLEX,voltaflex,M02AX,M02AX
VOLTALGAN,voltalgan,M02AA15,M02AA15
VOLTAREN,voltaren,M01AB05,M01AB05
VOLTAREN EMULGEL,voltaren emulgel,M02AA15,M02AA15
VOLTAREN OFTA,voltaren ofta,S01BC03,S01BC03
VOLTAREN OFTABAK,voltaren oftabak,S01BC03,S01BC03
VOLTFAST,voltfast,M01AB05,M01AB05
VONCENTO,voncento,B02BD06,B02BD06
VORANIGO,voranigo,L01XM04,L01XM04
VORAXAZE,voraxaze,V03AF09,V03AF09
VORICONAZOLO ACCORD,voriconazolo accord,J02AC03,J02AC03
VORICONAZOLO AMAROX,voriconazolo amarox,J02AC03,J02AC03
VORICONAZOLO AUROBINDO,voriconazolo aurobindo,J02AC03,J02AC03
VORICONAZOLO HAMELN,voriconazolo hameln,J02AC03,J02AC03
VORICONAZOLO HIKMA,voriconazolo hikma,J02AC03,J02AC03
VORICONAZOLO IBISQUS,voriconazolo ibisqus,J02AC03,J02AC03
VORICONAZOLO MYLAN,voriconazolo mylan,J02AC03,J02AC03
VORICONAZOLO NORIDEM,voriconazolo noridem,J02AC03,J02AC03
VORICONAZOLO SANDOZ,voriconazolo sandoz,J02AC03,J02AC03
VORICONAZOLO SANDOZ GMBH,voriconazolo sandoz gmbh,J02AC03,J02AC03
VORICONAZOLO TEVA,voriconazolo teva,J02AC03,J02AC03
VORTIOXETINA EG,vortioxetina eg,N06AX26,N06AX26
VORTIOXETINA KRKA,vortioxetina krka,N06AX26,N06AX26
VORTIOXETINA VIATRIS,vortioxetina viatris,N06AX26,N06AX26
VOSEVI,vosevi,J05AP56,J05AP56
VOTRIENT,votrient,L01EX03,L01EX03
VOTUBIA,votubia,L01EG02,L01EG02
VOXZOGO,voxzogo,M05BX07,M05BX07
VOYDEYA,voydeya,L04AJ09,L04AJ09
VPRIV,vpriv,A16AB10,A16AB10
VUEWAY,vueway,V08CA12,V08CA12
VUMERITY,vumerity,L04AX,L04AX
VYDURA,vydura,N02CD06,N02CD06
VYEPTI,vyepti,N02CD05,N02CD05
VYLOY,vyloy,L01FX31,L01FX31
VYNDAQEL,vyndaqel,N07XX08,N07XX08
VYTORIN,vytorin,C10BA02,C10BA02
VYVGART,vyvgart,L04AA58,L04AA58
VYXEOS LIPOSOMAL,vyxeos liposomal,L01XY01,L01XY01
WAINZUA,wainzua,N07XX21,N07XX21
WAKIX,wakix,N07XX11,N07XX11
WAYLIVRA,waylivra,C10AX18,C10AX18
WAYRILZ,wayrilz,L01,L01
WEGOVY,wegovy,A10BJ06,A10BJ06
WELIREG,welireg,L01XX74,L01XX74
WELLBUTRIN,wellbutrin,N06AX12,N06AX12
WELLVONE,wellvone,P01AX06,P01AX06
WEZENLA,wezenla,L04AC05,L04AC05
WILATE,wilate,B02BD06,B02BD06
WILFACTIN,wilfactin,B02BD10,B02BD10
WILZIN,wilzin,A16AX05,A16AX05
WINCH,winch,J02AC01,J02AC01
WINLEVI,winlevi,D10AX06,D10AX06
WINREVAIR,winrevair,C02KC|C02KX06,
WROM,wrom,A16AA01,A16AA01
WYNZORA,wynzora,D05AX52,D05AX52
WYOST,wyost,M05BX04,M05BX04
XADAGO,xadago,N04BD03,N04BD03
XAGRID,xagrid,L01XX35,L01XX35
XALACOM,xalacom,S01ED51,S01ED51
XALATAN,xalatan,S01EE01,S01EE01
XALIBUR,xalibur,S01EE01,S01EE01
XALKORI,xalkori,L01ED01,L01ED01
XALOST,xalost,S01EE01,S01EE01
XALUPRINE,xaluprine,L01BB02,L01BB02
XAMAMINA MAL DI VIAGGIO,xamamina mal di viaggio,R06AA02,R06AA02
XAMIOL,xamiol,D05AX52,D05AX52
XANAX,xanax,N05BA12,N05BA12
XANTURENASI,xanturenasi,A11HA02,A11HA02
XARATOR,xarator,C10AA05,C10AA05
XARELTO,xarelto,B01AF01,B01AF01
XARENEL,xarenel,A11CC05,A11CC05
XAREXEN,xarexen,A11CC05,A11CC05
XATRAL,xatral,G04CA01,G04CA01
XBONZY,xbonzy,M05BX04,M05BX04
XBRYK,xbryk,M05BX04,M05BX04
XELAMIN,xelamin,L02BG06,L02BG06
XELEVIA,xelevia,A10BH01,A10BH01
XELJANZ,xeljanz,L04AF01,L04AF01
XELLTEMPRA,xelltempra,J01XX09,J01XX09
XELODA,xeloda,L01BC06,L01BC06
XEMBIFY,xembify,J06BA01,J06BA01
XENAZINA,xenazina,N07XX06,N07XX06
XENETIX,xenetix,V08AB11,V08AB11
XENICAL,xenical,A08AB01,A08AB01
XENLETA,xenleta,J01XX12,J01XX12
XENPOZYME,xenpozyme,A16AB25,A16AB25
XEOMIN,xeomin,M03AX01,M03AX01
XEPLION,xeplion,N05AX13,N05AX13
XERAVA,xerava,J01AA13,J01AA13
XEREDIEN,xeredien,N06AB03,N06AB03
XERMELO,xermelo,A16AX15,A16AX15
XETAMED,xetamed,N05AH04,N05AH04
XETORIB,xetorib,M01AH05,M01AH05
XGEVA,xgeva,M05BX04,M05BX04
XIGDUO,xigduo,A10BD15,A10BD15
XILIARX,xiliarx,A10BH02,A10BH02
XILO MYNOL,xilo mynol,N01BB52,N01BB52
XILOMETAZOLINA EG,xilometazolina eg,R01AA07,R01AA07
XIMARACT,ximaract,S01AA27,S01AA27
XIMLUCI,ximluci,S01LA04,S01LA04
XIPOCOL,xipocol,C10AA01,C10AA01
XIPRAM,xipram,N06AB10,N06AB10
XITOP,xitop,N03AX11,N03AX11
XOANACYL,xoanacyl,V03AE08,V03AE08
XOFIGO,xofigo,V10XX03,V10XX03
XOFLUZA,xofluza,J05AX25,J05AX25
XOLAIR,xolair,R03DX05,R03DX05
XOMOLIX,xomolix,N05AD08,N05AD08
XOOLAM REFLUSSO,xoolam reflusso,A02BC02,A02BC02
XOSPATA,xospata,L01EX13,L01EX13
XOTERNA BREEZHALER,xoterna breezhaler,R03AL04,R03AL04
XSYSTO,xsysto,J01CA08,J01CA08
XTANDI,xtandi,L02BB04,L02BB04
XULTOPHY,xultophy,A10AE56,A10AE56
XYDALBA,xydalba,J01XA04,J01XA04
XYLOCAINA,xylocaina,N01BB02,N01BB02
XYREM,xyrem,N07XX04,N07XX04
XYZAL,xyzal,R06AE09,R06AE09
YADINA,yadina,N05AH04,N05AH04
YAMUNA,yamuna,A10BH01,A10BH01
YARGESA,yargesa,A16AX06,A16AX06
YASMIN,yasmin,G03AA12,G03AA12
YASMINELLE,yasminelle,G03AA12,G03AA12
YASNAL,yasnal,N06DA02,N06DA02
YASNORO,yasnoro,N06DA02,N06DA02
YAXWER,yaxwer,M05BX04,M05BX04
YAYOI,yayoi,N05CH01,N05CH01
YAZ,yaz,G03AA12,G03AA12
YELLOX,yellox,S01BC11,S01BC11
YENTREVE,yentreve,N06AX21,N06AX21
YERVOY,yervoy,L01FX04,L01FX04
YESAFILI,yesafili,S01LA05,S01LA05
YESCARTA,yescarta,L01XL03,L01XL03
YESINTEK,yesintek,L04AC05,L04AC05
YEYTUO,yeytuo,J05AX31,J05AX31
YIMMUGO,yimmugo,J06BA02,J06BA02
YOMESAN,yomesan,P02DA01,P02DA01
YONDELIS,yondelis,L01CX01,L01CX01
YORVIPATH,yorvipath,H05AA05,H05AA05
YOVIS,yovis,A07FA01,A07FA01
YSELTY,yselty,H01CC04,H01CC04
YTTRIGA,yttriga,V10X,V10X
YUFLYMA,yuflyma,L04AB04,L04AB04
YUVANCI,yuvanci,C02KX54,C02KX54
YVETTE,yvette,G03AA10,G03AA10
ZADAXIN,zadaxin,L03AX,L03AX
ZADENVI,zadenvi,M05BX04,M05BX04
ZADITEN,zaditen,R06AX17,R06AX17
ZADITEN OFTABAK,zaditen oftabak,S01GX08,S01GX08
ZAFRILLA,zafrilla,G03DB08,G03DB08
ZAKFIL,zakfil,G04BE03,G04BE03
ZALASTA,zalasta,N05AH03,N05AH03
ZALTRAP,zaltrap,L01XX44,L01XX44
ZAMIDINE,zamidine,S01AX08,S01AX08
ZAMIZOL,zamizol,J02AC01,J02AC01
ZANCLORA,zanclora,C09DB02,C09DB02
ZANEDIP,zanedip,C08CA13,C08CA13
ZANIPRIL,zanipril,C09BB02,C09BB02
ZANTIPRES,zantipres,C09AA15,C09AA15
ZANTIPRIDE,zantipride,C09BA15,C09BA15
ZAPIN,zapin,N06AX11,N06AX11
ZAREDROP,zaredrop,N06AX16,N06AX16
ZARELIS,zarelis,N06AX16,N06AX16
ZARIVIZ,zariviz,J01DD01,J01DD01
ZARONTIN,zarontin,N03AD01,N03AD01
ZAROXOLYN,zaroxolyn,C03BA08,C03BA08
ZARZIO,zarzio,L03AA02,L03AA02
ZAVEDOS,zavedos,L01DB06,L01DB06
ZAVESCA,zavesca,A16AX06,A16AX06
ZAVICEFTA,zavicefta,J01DD52,J01DD52
ZEBINIX,zebinix,N03AF04,N03AF04
ZECOVIR,zecovir,J05AB15,J05AB15
ZEFFIX,zeffix,J05AF05,J05AF05
ZEFLAVON,zeflavon,C05CA53,C05CA53
ZEFYLTI,zefylti,L03AA02,L03AA02
ZEJULA,zejula,L01XK02,L01XK02
ZELBORAF,zelboraf,L01EC01,L01EC01
ZELDOX,zeldox,N05AE04,N05AE04
ZELITREX,zelitrex,J05AB11,J05AB11
ZEMCELPRO,zemcelpro,B05AX04,B05AX04
ZEMPLAR,zemplar,H05BX02,H05BX02
ZENGAC,zengac,J01XA01,J01XA01
ZENTEL,zentel,P02CA03,P02CA03
ZEPATIER,zepatier,J05AP54,J05AP54
ZEPOSIA,zeposia,L04AE02,L04AE02
ZERBAXA,zerbaxa,J01DI54,J01DI54
ZERCEPAC,zercepac,L01FD01,L01FD01
ZERFUN,zerfun,J02AC01,J02AC01
ZERINOACTIV,zerinoactiv,M01AE51,M01AE51
ZERINOACTIV GOLA,zerinoactiv gola,A01AD11,A01AD11
ZERINODEK DECONGESTIONANTE NASALE,zerinodek decongestionante nasale,R01AA07,R01AA07
ZERINOFEBB,zerinofebb,N02BE51,N02BE51
ZERINOL,zerinol,N02BE51,N02BE51
ZERINOL GOLA,zerinol gola,R05CB06,R05CB06
ZERINOL GOLA MENTA,zerinol gola menta,R02AD05,R02AD05
ZERINOLFLU,zerinolflu,N02BE51,N02BE51
ZERINOMED GOLA,zerinomed gola,A01AD11,A01AD11
ZERINOTUSS,zerinotuss,R05DB27,R05DB27
ZEROFLOG,zeroflog,A01AD11,A01AD11
ZESSLY,zessly,L04AB02,L04AB02
ZESTAN,zestan,C10BA02,C10BA02
ZESTORETIC,zestoretic,C09BA03,C09BA03
ZESTRIL,zestril,C09AA03,C09AA03
ZETACAIN,zetacain,N01BB53,N01BB53
ZETACAIN CON ADRENALINA,zetacain con adrenalina,N01BB53,N01BB53
ZETALAX,zetalax,A06AX01|A06AG04,
ZETALAX CLISMA FOSFATO,zetalax clisma fosfato,A06AG01,A06AG01
ZETAMICIN,zetamicin,J01GB07,J01GB07
ZETANEST,zetanest,N01BB58,N01BB58
ZETIA,zetia,C10AX09,C10AX09
ZETOVAR,zetovar,C10BA05,C10BA05
ZEUSEFF,zeuseff,N02AJ06,N02AJ06
ZEVALIN,zevalin,V10XX02,V10XX02
ZEVISTAT,zevistat,C10BA02,C10BA02
ZHAJON,zhajon,M05BA02,M05BA02
ZHEKORT,zhekort,R01AD09,R01AD09
ZIAGEN,ziagen,J05AF06,J05AF06
ZIBENAK,zibenak,A11CC05,A11CC05
ZICLOR,ziclor,S01CA05,S01CA05
ZIDOVAL,zidoval,G01AF01,G01AF01
ZIEXTENZO,ziextenzo,L03AA13,L03AA13
ZIGABAL,zigabal,N03AF02,N03AF02
ZIIHERA,ziihera,L01FD07,L01FD07
ZIKARVIT,zikarvit,A11CC05,A11CC05
ZILBRYSQ,zilbrysq,L04AJ06,L04AJ06
ZIMACROL,zimacrol,J01FA10,J01FA10
ZIMANEL,zimanel,J01DD01,J01DD01
ZIMBUS BREEZHALER,zimbus breezhaler,R03AL12,R03AL12
ZINADIUR,zinadiur,C09BA07,C09BA07
ZINADRIL,zinadril,C09AA07,C09AA07
ZINCO OSSIDO MARCO VITI,zinco ossido marco viti,D02AB,D02AB
ZINCO OSSIDO NOVA ARGENTIA,zinco ossido nova argentia,D02AB,D02AB
ZINCO OSSIDO SELLA,zinco ossido sella,D02AB,D02AB
ZINCO OSSIDO ZETA,zinco ossido zeta,D02AB,D02AB
ZINCO SOLFATO IDI,zinco solfato idi,A12CB01,A12CB01
ZINCOMETIL,zincometil,S01AX,S01AX
ZINCUM METALLICUM,zincum metallicum,V03AX,V03AX
ZINCUM METALLICUM DYNAMIS,zincum metallicum dynamis,V03AX,V03AX
ZINCUM PHOSPHORICUM DYNAMIS,zincum phosphoricum dynamis,V03AX,V03AX
ZINCUM SULFURICUM DYNAMIS,zincum sulfuricum dynamis,V03AX,V03AX
ZINCUM VALERIANICUM DYNAMIS,zincum valerianicum dynamis,V03AX,V03AX
ZINCUMPLUS (SYNERGIPLUS N.805),zincumplus (synergiplus n.805),V03AX,V03AX
ZINDACLIN,zindaclin,D10AF01,D10AF01
ZINDEL,zindel,J01FA10,J01FA10
ZINERYT,zineryt,D10AF52,D10AF52
ZINFORO,zinforo,J01DI02,J01DI02
ZINNAT,zinnat,J01DC02,J01DC02
ZINODAP,zinodap,A10BK01,A10BK01
ZINPLAVA,zinplava,J06BC03,J06BC03
ZIPRASIDONE SANDOZ,ziprasidone sandoz,N05AE04,N05AE04
ZIRABEV,zirabev,L01FG01,L01FG01
ZIREMILON,ziremilon,B05BA02,B05BA02
ZIRTEC,zirtec,R06AE07,R06AE07
ZIRTEC DECONGESTIONANTE ANTISTAMINICO,zirtec decongestionante antistaminico,R01BA52,R01BA52
ZITODOR,zitodor,S01ED51,S01ED51
ZITROBIOTIC,zitrobiotic,J01FA10,J01FA10
ZITROGRAM,zitrogram,J01FA10,J01FA10
ZITROMAX,zitromax,J01FA10,J01FA10
ZITRONOVA,zitronova,J01FA10,J01FA10
ZOCOR,zocor,C10AA01,C10AA01
ZOELY,zoely,G03AA14,G03AA14
ZOFENOPRIL DOC GENERICI,zofenopril doc generici,C09AA15,C09AA15
ZOFENOPRIL E IDROCLOROTIAZIDE DOC GENERICI,zofenopril e idroclorotiazide doc generici,C09BA15,C09BA15
ZOFENOPRIL E IDROCLOROTIAZIDE EG,zofenopril e idroclorotiazide eg,C09BA15,C09BA15
ZOFENOPRIL E IDROCLOROTIAZIDE MYLAN,zofenopril e idroclorotiazide mylan,C09BA15,C09BA15
ZOFENOPRIL E IDROCLOROTIAZIDE TEVA,zofenopril e idroclorotiazide teva,C09BA15,C09BA15
ZOFENOPRIL EG,zofenopril eg,C09AA15,C09AA15
ZOFENOPRIL MYLAN GENERICS,zofenopril mylan generics,C09AA15,C09AA15
ZOFRAN,zofran,A04AA01,A04AA01
ZOKINVY,zokinvy,A16AX20,A16AX20
ZOLADEX,zoladex,L02AE03,L02AE03
ZOLEMER REFLUSSO,zolemer reflusso,A02BC02,A02BC02
ZOLFO E POTASSIO CARBONATO NEW.FA.DEM.,zolfo e potassio carbonato new.fa.dem.,P03AA,P03AA
ZOLGENSMA,zolgensma,M09AX09,M09AX09
ZOLIOP,zoliop,S01EC03,S01EC03
ZOLISTAM,zolistam,R06AX25,R06AX25
ZOLIUM,zolium,A02BC02,A02BC02
ZOLMITRIPTAN AUROBINDO,zolmitriptan aurobindo,N02CC03,N02CC03
ZOLMITRIPTAN AUROBINDO PHARMA ITALIA,zolmitriptan aurobindo pharma italia,N02CC03,N02CC03
ZOLMITRIPTAN DOC GENERICI,zolmitriptan doc generici,N02CC03,N02CC03
ZOLOBREST,zolobrest,L02BG04,L02BG04
ZOLODER,zoloder,J02AC01,J02AC01
ZOLOFT,zoloft,N06AB06,N06AB06
ZOLONIB,zolonib,A02BC02,A02BC02
ZOLPEDUAR,zolpeduar,N05CF02,N05CF02
ZOLPIDEM AUROBINDO,zolpidem aurobindo,N05CF02,N05CF02
ZOLPIDEM DOC GENERICI,zolpidem doc generici,N05CF02,N05CF02
ZOLPIDEM EG,zolpidem eg,N05CF02,N05CF02
ZOLPIDEM RATIOPHARM,zolpidem ratiopharm,N05CF02,N05CF02
ZOLPIDEM SANDOZ,zolpidem sandoz,N05CF02,N05CF02
ZOLPIDEM ZENTIVA,zolpidem zentiva,N05CF02,N05CF02
ZOLPREM,zolprem,N05CF02,N05CF02
ZOLSKETIL PEGYLATED LIPOSOMAL,zolsketil pegylated liposomal,L01DB01,L01DB01
ZOLTRON,zoltron,L02BG04,L02BG04
ZOMARIST,zomarist,A10BD08,A10BD08
ZOMETA,zometa,M05BA08,M05BA08
ZOMIG,zomig,N02CC03,N02CC03
ZONA CUTANEA PILO SEBACEA,zona cutanea pilo sebacea,V03AX,V03AX
ZONEGRAN,zonegran,N03AX15,N03AX15
ZONISAMIDE DOC GENERICI,zonisamide doc generici,N03AX15,N03AX15
ZONISAMIDE VIATRIS,zonisamide viatris,N03AX15,N03AX15
ZOONOTIC INFLUENZA VACCINE SEQIRUS,zoonotic influenza vaccine seqirus,J07BB02,J07BB02
ZOPICLONE ARISTO,zopiclone aristo,N05CF01,N05CF01
ZOPICLONE EG,zopiclone eg,N05CF01,N05CF01
ZOPICLONE GRINDEKS,zopiclone grindeks,N05CF01,N05CF01
ZOPICLONE OLPHA,zopiclone olpha,N05CF01,N05CF01
ZOPRANOL,zopranol,C09AA15,C09AA15
ZOPRAZIDE,zoprazide,C09BA15,C09BA15
ZORIAS,zorias,D05BB02,D05BB02
ZORIPOT,zoripot,D05AX52,D05AX52
ZOTON,zoton,A02BC03,A02BC03
ZOVIRAX,zovirax,D06BB03,D06BB03
ZOVIRAXLABIALE,zoviraxlabiale,D06BB03,D06BB03
ZTALMY,ztalmy,N03AX27,N03AX27
ZUBSOLV,zubsolv,N07BC51,N07BC51
ZUGLIMET,zuglimet,A10BA02,A10BA02
ZURZUVAE,zurzuvae,N06AX31,N06AX31
ZUTECTRA,zutectra,J06BB04,J06BB04
ZYCLARA,zyclara,D06BB10,D06BB10
ZYDELIG,zydelig,L01EM01,L01EM01
ZYKADIA,zykadia,L01ED02,L01ED02
ZYLLT,zyllt,B01AC04,B01AC04
ZYLORIC,zyloric,M04AA01,M04AA01
ZYMAFLUOR,zymafluor,A01AA|A01AA01,
ZYNLONTA,zynlonta,L01FX22,L01FX22
ZYNYZ,zynyz,L01FF10,L01FF10
ZYPADHERA,zypadhera,N05AH03,N05AH03
ZYPREXA,zyprexa,N05AH03,N05AH03
ZYTIGA,zytiga,L02BX03,L02BX03
ZYVOXID,zyvoxid,J01XX08,J01XX08
