preferred_label,entity_type,source,aliases,lookup_key,atc_link,atc4,atc_exact,atc_source,RXCUI,rxcui_source,DDINTER,ddinter_source,ddinter_similarity
131-I Iodomethyl Norcholesterol,INGREDIENT,AIFA package table,131-I Iodomethyl Norcholesterol,131-i iodomethyl norcholesterol,V09XA01,V09XA,V09XA01,monotherapy_confezioni,,not_found,,not_found,0.883283
[18F]Psma-1007,INGREDIENT,AIFA package table,[18F]Psma-1007,[18f]psma-1007,V09IX,V09IX,V09IX,monotherapy_confezioni,2586016,rxnav_atc_verified,,not_found,0.84792
Abacavir,INGREDIENT,AIFA package table,Abacavir,abacavir,J05AF06,J05AF,J05AF06,monotherapy_confezioni,190521,rxnav_atc_verified,DDInter1,ddinter_retrieval,0.924199
Abaloparatide,INGREDIENT,AIFA package table,Abaloparatide,abaloparatide,H05AA04,H05AA,H05AA04,monotherapy_confezioni,1921069,rxnav_atc_verified,DDInter2,ddinter_retrieval,0.944689
Abatacept,INGREDIENT,AIFA package table,Abatacept,abatacept,L04AA24,L04AA,L04AA24,monotherapy_confezioni,614391,rxnav_atc_verified,DDInter5,ddinter_retrieval,0.935563
Abemaciclib,INGREDIENT,AIFA package table,Abemaciclib,abemaciclib,L01EF03,L01EF,L01EF03,monotherapy_confezioni,1946825,rxnav_atc_verified,DDInter7,ddinter_retrieval,0.94246
Abies Nigra,INGREDIENT,AIFA package table,Abies Nigra,abies nigra,V03AX,V03AX,V03AX,monotherapy_confezioni,,not_found,,not_found,0.872434
Abiraterone,INGREDIENT,AIFA package table,Abiraterone,abiraterone,L02BX03,L02BX,L02BX03,monotherapy_confezioni,1100072,rxnav_atc_verified,DDInter8,ddinter_retrieval,0.936889
Abrocitinib,INGREDIENT,AIFA package table,Abrocitinib,abrocitinib,D11AH08,D11AH,D11AH08,monotherapy_confezioni,2591476,rxnav_atc_verified,,not_found,0.894064
Acalabrutinib,INGREDIENT,AIFA package table,Acalabrutinib,acalabrutinib,L01EL02,L01EL,L01EL02,monotherapy_confezioni,1986808,rxnav_atc_verified,DDInter9,ddinter_retrieval,0.939996
Acamprosato,INGREDIENT,AIFA package table,Acamprosato,acamprosato,N07BB03,N07BB,N07BB03,monotherapy_confezioni,82819,rxnav_atc_verified,DDInter10,ddinter_retrieval,0.929189
Acarbosio,INGREDIENT,AIFA package table,Acarbosio,acarbosio,A10BF01,A10BF,A10BF01,monotherapy_confezioni,16681,rxnav_atc_verified,DDInter11,ddinter_retrieval,0.94022
Acebutololo,INGREDIENT,AIFA package table,Acebutololo,acebutololo,C07AB04,C07AB,C07AB04,monotherapy_confezioni,149,rxnav_atc_verified,,not_found,0.892933
Aceclofenac,INGREDIENT,AIFA package table,Aceclofenac,aceclofenac,M01AB16,M01AB,M01AB16,monotherapy_confezioni,16689,rxnav_atc_verified,DDInter537,ddinter_retrieval,0.9152
Acenocumarolo,INGREDIENT,AIFA package table,Acenocumarolo,acenocumarolo,B01AA07,B01AA,B01AA07,monotherapy_confezioni,154,rxnav_atc_verified,DDInter13,ddinter_retrieval,0.926153
Acetazolamide,INGREDIENT,AIFA package table,Acetazolamide,acetazolamide,S01EC01,S01EC,S01EC01,monotherapy_confezioni,167,rxnav_atc_verified,DDInter15,ddinter_retrieval,0.938744
Acetilcisteina,INGREDIENT,AIFA package table,Acetilcisteina,acetilcisteina,R05CB01,R05CB,R05CB01,monotherapy_confezioni,197,rxnav_atc_verified,,not_found,0.899227
Acetilcolina Cloruro,INGREDIENT,AIFA package table,Acetilcolina Cloruro,acetilcolina cloruro,S01EB09,S01EB,S01EB09,monotherapy_confezioni,194,rxnav_atc_verified,,not_found,0.897149
Acetossietilcefuroxima,INGREDIENT,AIFA package table,Acetossietilcefuroxima,acetossietilcefuroxima,J01DC02,J01DC,J01DC02,monotherapy_confezioni,,not_found,,not_found,0.897671
Acetylcysteine,INGREDIENT,AIFA package table,Acetylcysteine,acetylcysteine,R05CB01,R05CB,R05CB01,monotherapy_confezioni,197,rxnav_atc_verified,DDInter19,ddinter_retrieval,0.940893
Achillea Millefolium,INGREDIENT,AIFA package table,Achillea Millefolium,achillea millefolium,V03AX,V03AX,V03AX,monotherapy_confezioni,,not_found,,not_found,0.861386
Aciclovir,INGREDIENT,AIFA package table,Aciclovir,aciclovir,J05AB01,J05AB,J05AB01,monotherapy_confezioni,281,rxnav_atc_verified,DDInter25,ddinter_retrieval,0.930114
Aciclovir Sale Sodico,INGREDIENT,AIFA package table,Aciclovir Sale Sodico,aciclovir sale,J05AB01,J05AB,J05AB01,monotherapy_confezioni,281,rxnav_atc_verified,,not_found,0.89721
Acidi Omega 3 Esteri Etilici 90,INGREDIENT,AIFA package table,Acidi Omega 3 Esteri Etilici 90,acidi omega 3 esteri etilici,C10AX06,C10AX,C10AX06,monotherapy_confezioni,,not_found,DDInter1339,ddinter_retrieval,0.905734
Acido 5-Aminolevulinico,INGREDIENT,AIFA package table,Acido 5-Aminolevulinico,acido 5-aminolevulinico,L01XD04,L01XD,L01XD04,monotherapy_confezioni,683,rxnav_atc_verified,DDInter72,ddinter_retrieval,0.928429
Acido Acetilsalicilico,INGREDIENT,AIFA package table,Acido Acetilsalicilico,acido acetilsalicilico,B01AC06,B01AC,B01AC06,monotherapy_confezioni,1191,rxnav_atc_verified,DDInter20,ddinter_retrieval,0.938566
Acido Alendronico,INGREDIENT,AIFA package table,Acido Alendronico,acido alendronico,M05BA04,M05BA,M05BA04,monotherapy_confezioni,236083,rxnav_atc_verified,DDInter42,ddinter_retrieval,0.958384
Acido Arsenioso,INGREDIENT,AIFA package table,Acido Arsenioso,acido arsenioso,L01XX27,L01XX,L01XX27,monotherapy_confezioni,,not_found,DDInter120,ddinter_retrieval,0.925383
Acido Ascorbico,INGREDIENT,AIFA package table,Acido Ascorbico,acido ascorbico,A11GA01,A11GA,A11GA01,monotherapy_confezioni,1151,rxnav_atc_verified,DDInter124,ddinter_retrieval,0.948024
Acido Azelaico,INGREDIENT,AIFA package table,Acido Azelaico,acido azelaico,D10AX03,D10AX,D10AX03,monotherapy_confezioni,18602,rxnav_atc_verified,DDInter151,ddinter_retrieval,0.964498
Acido Bempedoico,INGREDIENT,AIFA package table,Acido Bempedoico,acido bempedoico,C10AX15,C10AX,C10AX15,monotherapy_confezioni,2282403,rxnav_atc_verified,DDInter176,ddinter_retrieval,0.968831
Acido Borico,INGREDIENT,AIFA package table,Acido Borico,acido borico,D08AD,D08AD,D08AD,monotherapy_confezioni,,not_found,DDInter1913,ddinter_retrieval,0.907952
Acido Carglumico,INGREDIENT,AIFA package table,Acido Carglumico,acido carglumico,A16AA05,A16AA,A16AA05,monotherapy_confezioni,401713,rxnav_atc_verified,DDInter449,ddinter_retrieval,0.923402
Acido Chenodesossicolico,INGREDIENT,AIFA package table,Acido Chenodesossicolico,acido chenodesossicolico,A05AA01,A05AA,A05AA01,monotherapy_confezioni,,not_found,DDInter348,ddinter_retrieval,0.940859
Acido Clodronico,INGREDIENT,AIFA package table,Acido Clodronico,acido clodronico,M05BA02,M05BA,M05BA02,monotherapy_confezioni,3350,rxnav_atc_verified,DDInter1968,ddinter_retrieval,0.935369
Acido Colico,INGREDIENT,AIFA package table,Acido Colico,acido colico,A05AA03,A05AA,A05AA03,monotherapy_confezioni,,not_found,DDInter369,ddinter_retrieval,0.917207
Acido Cromoglicico Sale Disodico,INGREDIENT,AIFA package table,Acido Cromoglicico Sale Disodico,acido cromoglicico sale disodico,A07EB01,A07EB,A07EB01,monotherapy_confezioni,42612,rxnav_atc_verified,DDInter449,ddinter_retrieval,0.919523
Acido Dimercaptosuccinico (Dmsa),INGREDIENT,AIFA package table,Acido Dimercaptosuccinico (Dmsa),acido dimercaptosuccinico (dmsa),V09CA02,V09CA,V09CA02,monotherapy_confezioni,,not_found,DDInter564,ddinter_retrieval,0.912836
Acido Edetico Sale Di Calcio Bisodico,INGREDIENT,AIFA package table,Acido Edetico Sale Di Calcio Bisodico,acido edetico sale di bisodico,V03AB03,V03AB,V03AB03,monotherapy_confezioni,,not_found,,not_found,0.882671
Acido Edetico Sale Disodico,INGREDIENT,AIFA package table,Acido Edetico Sale Disodico,acido edetico sale disodico,V03AB03,V03AB,V03AB03,monotherapy_confezioni,,not_found,DDInter620,ddinter_retrieval,0.908264
Acido Etacrinico,INGREDIENT,AIFA package table,Acido Etacrinico,acido etacrinico,C03CC01,C03CC,C03CC01,monotherapy_confezioni,4109,rxnav_atc_verified,DDInter686,ddinter_retrieval,0.937905
Acido Etacrinico Sale Sodico,INGREDIENT,AIFA package table,Acido Etacrinico Sale Sodico,acido etacrinico sale,C03CC01,C03CC,C03CC01,monotherapy_confezioni,4109,rxnav_atc_verified,DDInter1633,ddinter_retrieval,0.903863
Acido Folico,INGREDIENT,AIFA package table,Acido Folico,acido folico,B03BB01,B03BB,B03BB01,monotherapy_confezioni,4511,rxnav_atc_verified,DDInter771,ddinter_retrieval,0.94778
Acido Fusidico,INGREDIENT,AIFA package table,Acido Fusidico,acido fusidico,D06AX01,D06AX,D06AX01,monotherapy_confezioni,4608,rxnav_atc_verified,DDInter1464,ddinter_retrieval,0.919219
Acido Fusidico Sale Sodico,INGREDIENT,AIFA package table,Acido Fusidico Sale Sodico,acido fusidico sale,D06AX01,D06AX,D06AX01,monotherapy_confezioni,4608,rxnav_atc_verified,DDInter1633,ddinter_retrieval,0.911935
Acido Gadobenico Sale Dimegluminico,INGREDIENT,AIFA package table,Acido Gadobenico Sale Dimegluminico,acido gadobenico sale dimegluminico,V08CA08,V08CA,V08CA08,monotherapy_confezioni,,not_found,DDInter792,ddinter_retrieval,0.921471
Acido Gadoterico,INGREDIENT,AIFA package table,Acido Gadoterico,acido gadoterico,V08CA02,V08CA,V08CA02,monotherapy_confezioni,25483,rxnav_atc_verified,DDInter797,ddinter_retrieval,0.959597
Acido Gadoxetico Disodio,INGREDIENT,AIFA package table,Acido Gadoxetico Disodio,acido gadoxetico disodio,V08CA10,V08CA,V08CA10,monotherapy_confezioni,,not_found,DDInter800,ddinter_retrieval,0.933681
Acido Ialuronico,INGREDIENT,AIFA package table,Acido Ialuronico,acido ialuronico,S01XA20,S01XA,S01XA20,monotherapy_confezioni,,not_found,DDInter880,ddinter_retrieval,0.941789
Acido Ialuronico Sale Sodico,INGREDIENT,AIFA package table,Acido Ialuronico Sale Sodico,acido ialuronico sale,D03AX05,D03AX,D03AX05,monotherapy_confezioni,,not_found,DDInter1682,ddinter_retrieval,0.908205
Acido Ibandronico,INGREDIENT,AIFA package table,Acido Ibandronico,acido ibandronico,M05BA06,M05BA,M05BA06,monotherapy_confezioni,115265,rxnav_atc_verified,DDInter42,ddinter_retrieval,0.916247
Acido Levo Folinico,INGREDIENT,AIFA package table,Acido Levo Folinico,acido levo folinico,V03AF10,V03AF,V03AF10,monotherapy_confezioni,6313,rxnav_atc_verified,DDInter1057,ddinter_retrieval,0.940235
Acido Micofenolico,INGREDIENT,AIFA package table,Acido Micofenolico,acido micofenolico,L04AA06,L04AA,L04AA06,monotherapy_confezioni,7145,rxnav_atc_verified,DDInter1135,ddinter_retrieval,0.937202
Acido Neridronico,INGREDIENT,AIFA package table,Acido Neridronico,acido neridronico,M05BA,M05BA,M05BA,monotherapy_confezioni,,not_found,DDInter1604,ddinter_retrieval,0.930381
Acido Niflumico,INGREDIENT,AIFA package table,Acido Niflumico,acido niflumico,M01AX02,M01AX,M01AX02,monotherapy_confezioni,7418,rxnav_atc_verified,DDInter1259,ddinter_retrieval,0.916135
Acido Pentetico,INGREDIENT,AIFA package table,Acido Pentetico,acido pentetico,V09CA01,V09CA,V09CA01,monotherapy_confezioni,,not_found,DDInter796,ddinter_retrieval,0.920887
Acido Pipemidico Triidrato,INGREDIENT,AIFA package table,Acido Pipemidico Triidrato,acido pipemidico,J01MB04,J01MB,J01MB04,monotherapy_confezioni,8337,rxnav_atc_verified,DDInter1844,ddinter_retrieval,0.913339
Acido Risedronico,INGREDIENT,AIFA package table,Acido Risedronico,acido risedronico,M05BA07,M05BA,M05BA07,monotherapy_confezioni,55685,rxnav_atc_verified,DDInter1604,ddinter_retrieval,0.95482
Acido Salicilico,INGREDIENT,AIFA package table,Acido Salicilico,acido salicilico,D11AF,D11AF,D11AF,monotherapy_confezioni,,not_found,DDInter1449,ddinter_retrieval,0.927636
Acido Spaglumico Sale Sodico,INGREDIENT,AIFA package table,Acido Spaglumico Sale Sodico,acido spaglumico sale,S01GX03,S01GX,S01GX03,monotherapy_confezioni,,not_found,DDInter1684,ddinter_retrieval,0.915353
Acido Tauroursodesossicolico Diidrato,INGREDIENT,AIFA package table,Acido Tauroursodesossicolico Diidrato,acido tauroursodesossicolico diidrato,A05AA,A05AA,A05AA,monotherapy_confezioni,,not_found,DDInter724,ddinter_retrieval,0.915534
Acido Tiaprofenico,INGREDIENT,AIFA package table,Acido Tiaprofenico,acido tiaprofenico,M01AE11,M01AE,M01AE11,monotherapy_confezioni,38253,rxnav_atc_verified,DDInter1895,ddinter_retrieval,0.93177
Acido Tioctico,INGREDIENT,AIFA package table,Acido Tioctico,acido tioctico,A16AX01,A16AX,A16AX01,monotherapy_confezioni,6417,rxnav_atc_verified,DDInter1895,ddinter_retrieval,0.915881
Acido Tranexamico,INGREDIENT,AIFA package table,Acido Tranexamico,acido tranexamico,B02AA02,B02AA,B02AA02,monotherapy_confezioni,10691,rxnav_atc_verified,DDInter1844,ddinter_retrieval,0.970115
Acido Tricloracetico,INGREDIENT,AIFA package table,Acido Tricloracetico,acido tricloracetico,D11AF,D11AF,D11AF,monotherapy_confezioni,,not_found,DDInter1844,ddinter_retrieval,0.928342
Acido Ursodesossicolico,INGREDIENT,AIFA package table,Acido Ursodesossicolico,acido ursodesossicolico,A05AA02,A05AA,A05AA02,monotherapy_confezioni,,not_found,DDInter1906,ddinter_retrieval,0.947057
Acido Ursodesossicolico Estere Solforico Sale Sodico,INGREDIENT,AIFA package table,Acido Ursodesossicolico Estere Solforico Sale Sodico,acido ursodesossicolico estere solforico sale,A05AA02,A05AA,A05AA02,monotherapy_confezioni,,not_found,DDInter1906,ddinter_retrieval,0.918599
Acido Zoledronico,INGREDIENT,AIFA package table,Acido Zoledronico,acido zoledronico,M05BA08,M05BA,M05BA08,monotherapy_confezioni,77655,rxnav_atc_verified,DDInter1968,ddinter_retrieval,0.959755
Acidum Benzoicum,INGREDIENT,AIFA package table,Acidum Benzoicum,acidum benzoicum,V03AX,V03AX,V03AX,monotherapy_confezioni,,not_found,,not_found,0.880616
Acidum Fluoricum,INGREDIENT,AIFA package table,Acidum Fluoricum,acidum fluoricum,V03AX,V03AX,V03AX,monotherapy_confezioni,,not_found,,not_found,0.879897
Acidum Muriaticum,INGREDIENT,AIFA package table,Acidum Muriaticum,acidum muriaticum,V03AX,V03AX,V03AX,monotherapy_confezioni,,not_found,,not_found,0.869526
Acidum Nitricum,INGREDIENT,AIFA package table,Acidum Nitricum,acidum nitricum,V03AX,V03AX,V03AX,monotherapy_confezioni,,not_found,,not_found,0.889403
Acidum Phosphoricum,INGREDIENT,AIFA package table,Acidum Phosphoricum,acidum phosphoricum,V03AX,V03AX,V03AX,monotherapy_confezioni,,not_found,,not_found,0.884203
Acidum Picricum,INGREDIENT,AIFA package table,Acidum Picricum,acidum picricum,V03AX,V03AX,V03AX,monotherapy_confezioni,,not_found,,not_found,0.89366
Acidum Sulfuricum,INGREDIENT,AIFA package table,Acidum Sulfuricum,acidum sulfuricum,V03AX,V03AX,V03AX,monotherapy_confezioni,,not_found,,not_found,0.891128
Acipimox,INGREDIENT,AIFA package table,Acipimox,acipimox,C10AD06,C10AD,C10AD06,monotherapy_confezioni,16817,rxnav_atc_verified,,not_found,0.857092
Acitretina,INGREDIENT,AIFA package table,Acitretina,acitretina,D05BB02,D05BB,D05BB02,monotherapy_confezioni,16818,rxnav_atc_verified,DDInter21,ddinter_retrieval,0.943595
Aconitum Napellus,INGREDIENT,AIFA package table,Aconitum Napellus,aconitum napellus,V03AX,V03AX,V03AX,monotherapy_confezioni,,not_found,,not_found,0.850102
Acoramidis,INGREDIENT,AIFA package table,Acoramidis,acoramidis,C01EB,C01EB,C01EB,monotherapy_confezioni,2698312,rxnav_atc_verified,,not_found,0.845377
Acqua Per Preparazioni Iniettabili,INGREDIENT,AIFA package table,Acqua Per Preparazioni Iniettabili,acqua per preparazioni iniettabili,V07AB,V07AB,V07AB,monotherapy_confezioni,,not_found,,not_found,0.859441
Actaea Racemosa,INGREDIENT,AIFA package table,Actaea Racemosa,actaea racemosa,V03AX,V03AX,V03AX,monotherapy_confezioni,,not_found,,not_found,0.867029
Actaea Spicata,INGREDIENT,AIFA package table,Actaea Spicata,actaea spicata,V03AX,V03AX,V03AX,monotherapy_confezioni,,not_found,,not_found,0.866736
Adagrasib,INGREDIENT,AIFA package table,Adagrasib,adagrasib,L01XX77,L01XX,L01XX77,monotherapy_confezioni,2625882,rxnav_atc_verified,,not_found,0.850821
Adalimumab,INGREDIENT,AIFA package table,Adalimumab,adalimumab,L04AB04,L04AB,L04AB04,monotherapy_confezioni,327361,rxnav_atc_verified,DDInter27,ddinter_retrieval,0.910165
Adapalene,INGREDIENT,AIFA package table,Adapalene,adapalene,D10AD03,D10AD,D10AD03,monotherapy_confezioni,60223,rxnav_atc_verified,DDInter28,ddinter_retrieval,0.92567
Ademetionina,INGREDIENT,AIFA package table,Ademetionina,ademetionina,A05BA,A05BA,A05BA,monotherapy_confezioni,,not_found,,not_found,0.892398
Ademetionina Butandisolfonato,INGREDIENT,AIFA package table,Ademetionina Butandisolfonato,ademetionina butandisolfonato,N06AX,N06AX,N06AX,monotherapy_confezioni,,not_found,DDInter888,ddinter_retrieval,0.906388
Ademetionina  Tosilato Disolfato,INGREDIENT,AIFA package table,Ademetionina  Tosilato Disolfato,ademetionina tosilato disolfato,A16AA02,A16AA,A16AA02,monotherapy_confezioni,,not_found,DDInter620,ddinter_retrieval,0.902054
Adenoidi,INGREDIENT,AIFA package table,Adenoidi,adenoidi,V03AX,V03AX,V03AX,monotherapy_confezioni,,not_found,,not_found,0.882943
Adenosina,INGREDIENT,AIFA package table,Adenosina,adenosina,C01EB10,C01EB,C01EB10,monotherapy_confezioni,296,rxnav_atc_verified,DDInter31,ddinter_retrieval,0.905427
Adrenalina,INGREDIENT,AIFA package table,Adrenalina,adrenalina,N01BB53,N01BB,N01BB53,monotherapy_confezioni,,not_found,,not_found,0.867487
Adrenalinum,INGREDIENT,AIFA package table,Adrenalinum,adrenalinum,N01BB58,N01BB,N01BB58,monotherapy_confezioni,,not_found,,not_found,0.85478
Aethusa Cynapium,INGREDIENT,AIFA package table,Aethusa Cynapium,aethusa cynapium,V03AX,V03AX,V03AX,monotherapy_confezioni,,not_found,,not_found,0.862405
Afamelanotide,INGREDIENT,AIFA package table,Afamelanotide,afamelanotide,D02BB02,D02BB,D02BB02,monotherapy_confezioni,2262250,rxnav_atc_verified,DDInter227,ddinter_retrieval,0.900837
Afatinib,INGREDIENT,AIFA package table,Afatinib,afatinib,L01EB03,L01EB,L01EB03,monotherapy_confezioni,1430438,rxnav_atc_verified,DDInter32,ddinter_retrieval,0.92419
Aflibercept,INGREDIENT,AIFA package table,Aflibercept,aflibercept,S01LA05,S01LA,S01LA05,monotherapy_confezioni,1232150,rxnav_atc_verified,DDInter33,ddinter_retrieval,0.940381
Agalsidasi Alfa,INGREDIENT,AIFA package table,Agalsidasi Alfa,agalsidasi alfa,A16AB03,A16AB,A16AB03,monotherapy_confezioni,2691830,rxnav_atc_verified,DDInter104,ddinter_retrieval,0.903931
Agalsidasi Beta,INGREDIENT,AIFA package table,Agalsidasi Beta,agalsidasi beta,A16AB04,A16AB,A16AB04,monotherapy_confezioni,338817,rxnav_atc_verified,DDInter34,ddinter_retrieval,0.929949
Agni Casti Fructus Extractum Siccum,INGREDIENT,AIFA package table,Agni Casti Fructus Extractum Siccum,agni casti fructus extractum siccum,G02CX03,G02CX,G02CX03,monotherapy_confezioni,236664,rxnav_atc_verified,,not_found,0.863469
Agnus Castus,INGREDIENT,AIFA package table,Agnus Castus,agnus castus,V03AX,V03AX,V03AX,monotherapy_confezioni,,not_found,,not_found,0.837551
Agomelatina,INGREDIENT,AIFA package table,Agomelatina,agomelatina,N06AX22,N06AX,N06AX22,monotherapy_confezioni,,not_found,,not_found,0.870073
Agraphis Nutans,INGREDIENT,AIFA package table,Agraphis Nutans,agraphis nutans,V03AX,V03AX,V03AX,monotherapy_confezioni,,not_found,,not_found,0.874127
Ailanthus Altissima,INGREDIENT,AIFA package table,Ailanthus Altissima,ailanthus altissima,V03AX,V03AX,V03AX,monotherapy_confezioni,,not_found,,not_found,0.853906
Alanilglutamina,INGREDIENT,AIFA package table,Alanilglutamina,alanilglutamina,B05XB02,B05XB,B05XB02,monotherapy_confezioni,1359422,rxnav_atc_verified,,not_found,0.888391
Albendazolo,INGREDIENT,AIFA package table,Albendazolo,albendazolo,P02CA03,P02CA,P02CA03,monotherapy_confezioni,430,rxnav_atc_verified,,not_found,0.888767
Albumina Umana,INGREDIENT,AIFA package table,Albumina Umana,albumina umana,B05AA01,B05AA,B05AA01,monotherapy_confezioni,,not_found,,not_found,0.894664
Albumina Umana Macroaggregati (Macrosalb),INGREDIENT,AIFA package table,Albumina Umana Macroaggregati (Macrosalb),albumina umana macroaggregati (macrosalb),V09GA04,V09GA,V09GA04,monotherapy_confezioni,,not_found,,not_found,0.885855
Albumina Umana Macrogrregati,INGREDIENT,AIFA package table,Albumina Umana Macrogrregati,albumina umana macrogrregati,V09EB01,V09EB,V09EB01,monotherapy_confezioni,,not_found,,not_found,0.882837
Albumina Umana Particelle Nanocolloidali,INGREDIENT,AIFA package table,Albumina Umana Particelle Nanocolloidali,albumina umana particelle nanocolloidali,V09GA04,V09GA,V09GA04,monotherapy_confezioni,,not_found,,not_found,0.880338
Albutrepenonacog Alfa,INGREDIENT,AIFA package table,Albutrepenonacog Alfa,albutrepenonacog alfa,B02BD04,B02BD,B02BD04,monotherapy_confezioni,1743992,rxnav_atc_verified,,not_found,0.88581
Alcinonide,INGREDIENT,AIFA package table,Alcinonide,alcinonide,D07AD02,D07AD,D07AD02,monotherapy_confezioni,5084,rxnav_atc_verified,DDInter63,ddinter_retrieval,0.901816
Alcool Benzilico,INGREDIENT,AIFA package table,Alcool Benzilico,alcool benzilico,V04CL,V04CL,V04CL,monotherapy_confezioni,,not_found,DDInter183,ddinter_retrieval,0.905915
Aldesleuchina,INGREDIENT,AIFA package table,Aldesleuchina,aldesleuchina,L03AC01,L03AC,L03AC01,monotherapy_confezioni,70223,rxnav_atc_verified,DDInter38,ddinter_retrieval,0.928006
Alectinib,INGREDIENT,AIFA package table,Alectinib,alectinib,L01ED03,L01ED,L01ED03,monotherapy_confezioni,1727455,rxnav_atc_verified,DDInter39,ddinter_retrieval,0.928777
Alemtuzumab,INGREDIENT,AIFA package table,Alemtuzumab,alemtuzumab,L04AG06,L04AG,L04AG06,monotherapy_confezioni,117055,rxnav_atc_verified,DDInter41,ddinter_retrieval,0.921002
Alendronato Sodico,INGREDIENT,AIFA package table,Alendronato Sodico,alendronato,M05BA04,M05BA,M05BA04,monotherapy_confezioni,46041,rxnav_atc_verified,DDInter42,ddinter_retrieval,0.910389
Alfa Ketoanaloghi,INGREDIENT,AIFA package table,Alfa Ketoanaloghi,alfa ketoanaloghi,V06DD,V06DD,V06DD,monotherapy_confezioni,,not_found,DDInter479,ddinter_retrieval,0.90131
Alfa Tocoferolo,INGREDIENT,AIFA package table,Alfa Tocoferolo,alfa tocoferolo,A11HA03,A11HA,A11HA03,monotherapy_confezioni,,not_found,,not_found,0.899309
Alfacalcidolo,INGREDIENT,AIFA package table,Alfacalcidolo,alfacalcidolo,A11CC03,A11CC,A11CC03,monotherapy_confezioni,12062,rxnav_atc_verified,,not_found,0.880455
Alfuzosina Cloridrato,INGREDIENT,AIFA package table,Alfuzosina Cloridrato,alfuzosina,G04CA01,G04CA,G04CA01,monotherapy_confezioni,17300,rxnav_atc_verified,DDInter44,ddinter_retrieval,0.91266
Alglucosidasi Acida Umana Ricombinante,INGREDIENT,AIFA package table,Alglucosidasi Acida Umana Ricombinante,alglucosidasi acida umana ricombinante,A16AB07,A16AB,A16AB07,monotherapy_confezioni,629565,rxnav_atc_verified,DDInter102,ddinter_retrieval,0.912531
Alirocumab,INGREDIENT,AIFA package table,Alirocumab,alirocumab,C10AX14,C10AX,C10AX14,monotherapy_confezioni,1659152,rxnav_atc_verified,,not_found,0.891503
Aliskiren,INGREDIENT,AIFA package table,Aliskiren,aliskiren,C09XA02,C09XA,C09XA02,monotherapy_confezioni,325646,rxnav_atc_verified,DDInter46,ddinter_retrieval,0.935139
Alitretinoina,INGREDIENT,AIFA package table,Alitretinoina,alitretinoina,D11AH04,D11AH,D11AH04,monotherapy_confezioni,81864,rxnav_atc_verified,DDInter1853,ddinter_retrieval,0.915023
Alizapride,INGREDIENT,AIFA package table,Alizapride,alizapride,A03FA05,A03FA,A03FA05,monotherapy_confezioni,17311,rxnav_atc_verified,DDInter77,ddinter_retrieval,0.904458
"Allergeni, Veleno Di Insetti",INGREDIENT,AIFA package table,"Allergeni, Veleno Di Insetti","allergeni, veleno di insetti",V01AA07,V01AA,V01AA07,monotherapy_confezioni,,not_found,,not_found,0.876829
Allium Cepa,INGREDIENT,AIFA package table,Allium Cepa,allium cepa,V03AX,V03AX,V03AX,monotherapy_confezioni,,not_found,,not_found,0.86721
Allium Sativum,INGREDIENT,AIFA package table,Allium Sativum,allium sativum,V03AX,V03AX,V03AX,monotherapy_confezioni,,not_found,,not_found,0.865753
Allopurinolo,INGREDIENT,AIFA package table,Allopurinolo,allopurinolo,M04AA01,M04AA,M04AA01,monotherapy_confezioni,519,rxnav_atc_verified,,not_found,0.895172
Almotriptan Idrogenomalato,INGREDIENT,AIFA package table,Almotriptan Idrogenomalato,almotriptan idrogenomalato,N02CC05,N02CC,N02CC05,monotherapy_confezioni,279645,rxnav_atc_verified,DDInter49,ddinter_retrieval,0.903643
Aloe,INGREDIENT,AIFA package table,Aloe,aloe,V03AX,V03AX,V03AX,monotherapy_confezioni,,not_found,,not_found,0.876692
Alogliptin,INGREDIENT,AIFA package table,Alogliptin,alogliptin,A10BH04,A10BH,A10BH04,monotherapy_confezioni,1368001,rxnav_atc_verified,DDInter51,ddinter_retrieval,0.948301
Aloperidolo,INGREDIENT,AIFA package table,Aloperidolo,aloperidolo,N05AD01,N05AD,N05AD01,monotherapy_confezioni,5093,rxnav_atc_verified,,not_found,0.875823
Aloperidolo Decanoato,INGREDIENT,AIFA package table,Aloperidolo Decanoato,aloperidolo decanoato,N05AD01,N05AD,N05AD01,monotherapy_confezioni,26420,rxnav_atc_verified,,not_found,0.887831
Alpelisib,INGREDIENT,AIFA package table,Alpelisib,alpelisib,L01EM03,L01EM,L01EM03,monotherapy_confezioni,2169285,rxnav_atc_verified,DDInter53,ddinter_retrieval,0.916642
Alprazolam,INGREDIENT,AIFA package table,Alprazolam,alprazolam,N05BA12,N05BA,N05BA12,monotherapy_confezioni,596,rxnav_atc_verified,DDInter54,ddinter_retrieval,0.948115
Alprostadil,INGREDIENT,AIFA package table,Alprostadil,alprostadil,G04BE01,G04BE,G04BE01,monotherapy_confezioni,598,rxnav_atc_verified,DDInter55,ddinter_retrieval,0.927104
Alprostadil Alfaciclodestrina,INGREDIENT,AIFA package table,Alprostadil Alfaciclodestrina,alprostadil alfaciclodestrina,C01EA01,C01EA,C01EA01,monotherapy_confezioni,598,rxnav_atc_verified,DDInter55,ddinter_retrieval,0.91657
Alteplasi,INGREDIENT,AIFA package table,Alteplasi,alteplasi,B01AD02,B01AD,B01AD02,monotherapy_confezioni,8410,rxnav_atc_verified,DDInter56,ddinter_retrieval,0.924447
Alumina,INGREDIENT,AIFA package table,Alumina,alumina,V03AX,V03AX,V03AX,monotherapy_confezioni,,not_found,,not_found,0.8602
Amantadina,INGREDIENT,AIFA package table,Amantadina,amantadina,N04BB01,N04BB,N04BB01,monotherapy_confezioni,620,rxnav_atc_verified,DDInter60,ddinter_retrieval,0.918752
Ambra Grisea,INGREDIENT,AIFA package table,Ambra Grisea,ambra grisea,V03AX,V03AX,V03AX,monotherapy_confezioni,,not_found,,not_found,0.866575
Ambrisentan,INGREDIENT,AIFA package table,Ambrisentan,ambrisentan,C02KX02,C02KX,C02KX02,monotherapy_confezioni,358274,rxnav_atc_verified,DDInter62,ddinter_retrieval,0.933516
Ambroxolo,INGREDIENT,AIFA package table,Ambroxolo,ambroxolo,R05CB06,R05CB,R05CB06,monotherapy_confezioni,625,rxnav_atc_verified,,not_found,0.883572
Ambroxolo Acefillinato,INGREDIENT,AIFA package table,Ambroxolo Acefillinato,ambroxolo acefillinato,R03DA,R03DA,R03DA,monotherapy_confezioni,,not_found,,not_found,0.889838
Amfotericina B,INGREDIENT,AIFA package table,Amfotericina B,amfotericina b,J02AA01,J02AA,J02AA01,monotherapy_confezioni,732,rxnav_atc_verified,DDInter85,ddinter_retrieval,0.948845
Amfotericina B Liposomal,INGREDIENT,AIFA package table,Amfotericina B Liposomal,amfotericina b liposomal,J02AA01,J02AA,J02AA01,monotherapy_confezioni,732,rxnav_atc_verified,DDInter88,ddinter_retrieval,0.940974
Amifampridina Fosfato,INGREDIENT,AIFA package table,Amifampridina Fosfato,amifampridina,N07XX05,N07XX,N07XX05,monotherapy_confezioni,2106338,rxnav_atc_verified,DDInter64,ddinter_retrieval,0.919537
Amifampridine,INGREDIENT,AIFA package table,Amifampridine,amifampridine,N07XX05,N07XX,N07XX05,monotherapy_confezioni,2106338,rxnav_atc_verified,DDInter64,ddinter_retrieval,0.939377
Amikacina Solfato,INGREDIENT,AIFA package table,Amikacina Solfato,amikacina,J01GB06,J01GB,J01GB06,monotherapy_confezioni,641,rxnav_atc_verified,,not_found,0.897882
Aminaftone,INGREDIENT,AIFA package table,Aminaftone,aminaftone,C05CX,C05CX,C05CX,monotherapy_confezioni,,not_found,,not_found,0.873137
Aminoacidi,INGREDIENT,AIFA package table,Aminoacidi,aminoacidi,B05BA01,B05BA,B05BA01,monotherapy_confezioni,,not_found,DDInter69,ddinter_retrieval,0.909869
Aminofillina,INGREDIENT,AIFA package table,Aminofillina,aminofillina,R03DA05,R03DA,R03DA05,monotherapy_confezioni,,not_found,,not_found,0.877831
Aminofillina Biidrata,INGREDIENT,AIFA package table,Aminofillina Biidrata,aminofillina biidrata,R03DA05,R03DA,R03DA05,monotherapy_confezioni,,not_found,,not_found,0.887897
Amiodarone,INGREDIENT,AIFA package table,Amiodarone,amiodarone,C01BD01,C01BD,C01BD01,monotherapy_confezioni,703,rxnav_atc_verified,DDInter76,ddinter_retrieval,0.913721
Amisulpride,INGREDIENT,AIFA package table,Amisulpride,amisulpride,N05AL05,N05AL,N05AL05,monotherapy_confezioni,46303,rxnav_atc_verified,DDInter77,ddinter_retrieval,0.949077
Amisulpride (Td),INGREDIENT,AIFA package table,Amisulpride (Td),amisulpride (td),N05AL05,N05AL,N05AL05,monotherapy_confezioni,46303,rxnav_atc_verified,DDInter77,ddinter_retrieval,0.941921
Amitriptilina,INGREDIENT,AIFA package table,Amitriptilina,amitriptilina,N06AA09,N06AA,N06AA09,monotherapy_confezioni,704,rxnav_atc_verified,DDInter78,ddinter_retrieval,0.930197
Amivantamab,INGREDIENT,AIFA package table,Amivantamab,amivantamab,L01FX18,L01FX,L01FX18,monotherapy_confezioni,2549199,rxnav_atc_verified,,not_found,0.883875
Amlodipina,INGREDIENT,AIFA package table,Amlodipina,amlodipina,C08CA01,C08CA,C08CA01,monotherapy_confezioni,17767,rxnav_atc_verified,,not_found,0.8975
Ammonio Solfoittiolato,INGREDIENT,AIFA package table,Ammonio Solfoittiolato,ammonio solfoittiolato,D10AB02,D10AB,D10AB02,monotherapy_confezioni,,not_found,,not_found,0.87149
Ammonium Carbonicum,INGREDIENT,AIFA package table,Ammonium Carbonicum,ammonium carbonicum,V03AX,V03AX,V03AX,monotherapy_confezioni,,not_found,,not_found,0.890534
Ammonium Muriaticum,INGREDIENT,AIFA package table,Ammonium Muriaticum,ammonium muriaticum,V03AX,V03AX,V03AX,monotherapy_confezioni,,not_found,,not_found,0.882389
Amorolfina,INGREDIENT,AIFA package table,Amorolfina,amorolfina,D01AE16,D01AE,D01AE16,monotherapy_confezioni,17804,rxnav_atc_verified,,not_found,0.881871
Amorolfine,INGREDIENT,AIFA package table,Amorolfine,amorolfine,D01AE16,D01AE,D01AE16,monotherapy_confezioni,17804,rxnav_atc_verified,,not_found,0.882686
Amoxicillina,INGREDIENT,AIFA package table,Amoxicillina,amoxicillina,J01CA04,J01CA,J01CA04,monotherapy_confezioni,723,rxnav_atc_verified,DDInter83,ddinter_retrieval,0.923973
Ampicillina,INGREDIENT,AIFA package table,Ampicillina,ampicillina,J01CA01,J01CA,J01CA01,monotherapy_confezioni,733,rxnav_atc_verified,DDInter89,ddinter_retrieval,0.904373
Amsacrina,INGREDIENT,AIFA package table,Amsacrina,amsacrina,L01XX01,L01XX,L01XX01,monotherapy_confezioni,739,rxnav_atc_verified,,not_found,0.863225
Anacardium,INGREDIENT,AIFA package table,Anacardium,anacardium,V03AX,V03AX,V03AX,monotherapy_confezioni,,not_found,,not_found,0.865889
Anagrelide Cloridrato,INGREDIENT,AIFA package table,Anagrelide Cloridrato,anagrelide,L01XX35,L01XX,L01XX35,monotherapy_confezioni,596724,rxnav_atc_verified,DDInter93,ddinter_retrieval,0.925923
Anagrelide (Td),INGREDIENT,AIFA package table,Anagrelide (Td),anagrelide (td),L01XX35,L01XX,L01XX35,monotherapy_confezioni,596724,rxnav_atc_verified,DDInter93,ddinter_retrieval,0.928704
Anakinra,INGREDIENT,AIFA package table,Anakinra,anakinra,L04AC03,L04AC,L04AC03,monotherapy_confezioni,72435,rxnav_atc_verified,DDInter94,ddinter_retrieval,0.91889
Anas Barbarie Hepatis Et Cordis Extractum,INGREDIENT,AIFA package table,Anas Barbarie Hepatis Et Cordis Extractum,anas barbarie hepatis et cordis extractum,V03AX,V03AX,V03AX,monotherapy_confezioni,,not_found,,not_found,0.863639
Anastrozolo,INGREDIENT,AIFA package table,Anastrozolo,anastrozolo,L02BG03,L02BG,L02BG03,monotherapy_confezioni,84857,rxnav_atc_verified,DDInter95,ddinter_retrieval,0.90629
Andexanet Alfa,INGREDIENT,AIFA package table,Andexanet Alfa,andexanet alfa,V03AB38,V03AB,V03AB38,monotherapy_confezioni,2045114,rxnav_atc_verified,DDInter104,ddinter_retrieval,0.912206
Andusomeran,INGREDIENT,AIFA package table,Andusomeran,andusomeran,J07BN01,J07BN,J07BN01,monotherapy_confezioni,2664725,rxnav_atc_verified,,not_found,0.883013
Angiotensina Ii,INGREDIENT,AIFA package table,Angiotensina Ii,angiotensina ii,C01CX09,C01CX,C01CX09,monotherapy_confezioni,1999003,rxnav_atc_verified,,not_found,0.884756
Anidulafungina,INGREDIENT,AIFA package table,Anidulafungina,anidulafungina,J02AX06,J02AX,J02AX06,monotherapy_confezioni,341018,rxnav_atc_verified,DDInter97,ddinter_retrieval,0.90478
Anifrolumab,INGREDIENT,AIFA package table,Anifrolumab,anifrolumab,L04AG11,L04AG,L04AG11,monotherapy_confezioni,2565265,rxnav_atc_verified,,not_found,0.869312
Anti Cd 11,INGREDIENT,AIFA package table,Anti Cd 11,anti cd,V03AX,V03AX,V03AX,monotherapy_confezioni,,not_found,,not_found,0.867125
Antigene Di Superficie Dell''Epatite B,INGREDIENT,AIFA package table,Antigene Di Superficie Dell''Epatite B,antigene di superficie dell''epatite b,J07BC01,J07BC,J07BC01,monotherapy_confezioni,,not_found,,not_found,0.860482
Antimonium Crudum,INGREDIENT,AIFA package table,Antimonium Crudum,antimonium crudum,V03AX,V03AX,V03AX,monotherapy_confezioni,,not_found,,not_found,0.884303
Antimonium Tartaricum,INGREDIENT,AIFA package table,Antimonium Tartaricum,antimonium tartaricum,V03AX,V03AX,V03AX,monotherapy_confezioni,,not_found,,not_found,0.863532
Antitrombina Iii Umana,INGREDIENT,AIFA package table,Antitrombina Iii Umana,antitrombina iii umana,B01AB02,B01AB,B01AB02,monotherapy_confezioni,221062,rxnav_atc_verified,DDInter105,ddinter_retrieval,0.940545
Apalutamide,INGREDIENT,AIFA package table,Apalutamide,apalutamide,L02BB05,L02BB,L02BB05,monotherapy_confezioni,1999574,rxnav_atc_verified,DDInter107,ddinter_retrieval,0.924204
Apatite,INGREDIENT,AIFA package table,Apatite,apatite,V03AX,V03AX,V03AX,monotherapy_confezioni,,not_found,,not_found,0.875075
Apis,INGREDIENT,AIFA package table,Apis,apis,V03AX,V03AX,V03AX,monotherapy_confezioni,,not_found,,not_found,0.82477
Apixaban,INGREDIENT,AIFA package table,Apixaban,apixaban,B01AF02,B01AF,B01AF02,monotherapy_confezioni,1364430,rxnav_atc_verified,DDInter108,ddinter_retrieval,0.930539
Apocynum Cannabinum,INGREDIENT,AIFA package table,Apocynum Cannabinum,apocynum cannabinum,V03AX,V03AX,V03AX,monotherapy_confezioni,,not_found,,not_found,0.872396
Apomorfina Cloridrato,INGREDIENT,AIFA package table,Apomorfina Cloridrato,apomorfina,N04BC07,N04BC,N04BC07,monotherapy_confezioni,1043,rxnav_atc_verified,DDInter109,ddinter_retrieval,0.906518
Apomorfina Cloridrata Emiidrata,INGREDIENT,AIFA package table,Apomorfina Cloridrata Emiidrata,apomorfina cloridrata emiidrata,N04BC07,N04BC,N04BC07,monotherapy_confezioni,1043,rxnav_atc_verified,,not_found,0.892807
Apraclonidina Cloridrato,INGREDIENT,AIFA package table,Apraclonidina Cloridrato,apraclonidina,S01EA03,S01EA,S01EA03,monotherapy_confezioni,14845,rxnav_atc_verified,DDInter110,ddinter_retrieval,0.911355
Apremilast,INGREDIENT,AIFA package table,Apremilast,apremilast,L04AA32,L04AA,L04AA32,monotherapy_confezioni,1492727,rxnav_atc_verified,DDInter111,ddinter_retrieval,0.940611
Aprepitant,INGREDIENT,AIFA package table,Aprepitant,aprepitant,A04AD12,A04AD,A04AD12,monotherapy_confezioni,358255,rxnav_atc_verified,DDInter112,ddinter_retrieval,0.955335
Apteni Singoli O In Miscela (Totale).,INGREDIENT,AIFA package table,Apteni Singoli O In Miscela (Totale).,apteni singoli o in miscela (totale).,V04CL,V04CL,V04CL,monotherapy_confezioni,,not_found,,not_found,0.854321
Arctium Lappa,INGREDIENT,AIFA package table,Arctium Lappa,arctium lappa,V03AX,V03AX,V03AX,monotherapy_confezioni,,not_found,,not_found,0.868451
Arctostaphylos Uva Ursina Foglia,INGREDIENT,AIFA package table,Arctostaphylos Uva Ursina Foglia,arctostaphylos uva ursina foglia,G04BX,G04BX,G04BX,monotherapy_confezioni,,not_found,,not_found,0.874056
Argatroban,INGREDIENT,AIFA package table,Argatroban,argatroban,B01AE03,B01AE,B01AE03,monotherapy_confezioni,15202,rxnav_atc_verified,DDInter117,ddinter_retrieval,0.931253
Argento Proteinato,INGREDIENT,AIFA package table,Argento Proteinato,argento proteinato,R01AX10,R01AX,R01AX10,monotherapy_confezioni,,not_found,,not_found,0.897541
Argentum Metallicum,INGREDIENT,AIFA package table,Argentum Metallicum,argentum metallicum,V03AX,V03AX,V03AX,monotherapy_confezioni,,not_found,,not_found,0.847038
Argentum Nitricum,INGREDIENT,AIFA package table,Argentum Nitricum,argentum nitricum,V03AX,V03AX,V03AX,monotherapy_confezioni,,not_found,,not_found,0.880706
Argipressina Acetato,INGREDIENT,AIFA package table,Argipressina Acetato,argipressina,H01BA01,H01BA,H01BA01,monotherapy_confezioni,1098,rxnav_atc_verified,DDInter118,ddinter_retrieval,0.917768
Aripiprazolo,INGREDIENT,AIFA package table,Aripiprazolo,aripiprazolo,N05AX12,N05AX,N05AX12,monotherapy_confezioni,89013,rxnav_atc_verified,DDInter118,ddinter_retrieval,0.9296
Arnica Essenza,INGREDIENT,AIFA package table,Arnica Essenza,arnica essenza,M02AX,M02AX,M02AX,monotherapy_confezioni,,not_found,,not_found,0.887877
Arnica Montana,INGREDIENT,AIFA package table,Arnica Montana,arnica montana,V03AX,V03AX,V03AX,monotherapy_confezioni,,not_found,,not_found,0.843506
Arnica Planta Tota,INGREDIENT,AIFA package table,Arnica Planta Tota,arnica planta tota,V03AX,V03AX,V03AX,monotherapy_confezioni,,not_found,,not_found,0.889853
Arsenicum Album,INGREDIENT,AIFA package table,Arsenicum Album,arsenicum album,V03AX,V03AX,V03AX,monotherapy_confezioni,,not_found,,not_found,0.856865
Arsenicum Iodatum,INGREDIENT,AIFA package table,Arsenicum Iodatum,arsenicum iodatum,V03AX,V03AX,V03AX,monotherapy_confezioni,,not_found,,not_found,0.88569
Artemisia Abrotanum,INGREDIENT,AIFA package table,Artemisia Abrotanum,artemisia abrotanum,V03AX,V03AX,V03AX,monotherapy_confezioni,,not_found,,not_found,0.883415
Artemisinina,INGREDIENT,AIFA package table,Artemisinina,artemisinina,P01BE01,P01BE,P01BE01,monotherapy_confezioni,2367409,rxnav_atc_verified,,not_found,0.845049
Artesunato,INGREDIENT,AIFA package table,Artesunato,artesunato,P01BE03,P01BE,P01BE03,monotherapy_confezioni,18346,rxnav_atc_verified,DDInter122,ddinter_retrieval,0.936754
Arum Triphyllum,INGREDIENT,AIFA package table,Arum Triphyllum,arum triphyllum,V03AX,V03AX,V03AX,monotherapy_confezioni,,not_found,,not_found,0.856996
Asa Foetida,INGREDIENT,AIFA package table,Asa Foetida,asa foetida,V03AX,V03AX,V03AX,monotherapy_confezioni,,not_found,,not_found,0.886461
Asarum Europaeum,INGREDIENT,AIFA package table,Asarum Europaeum,asarum europaeum,V03AX,V03AX,V03AX,monotherapy_confezioni,,not_found,,not_found,0.862348
Asciminib,INGREDIENT,AIFA package table,Asciminib,asciminib,L01EA06,L01EA,L01EA06,monotherapy_confezioni,2584304,rxnav_atc_verified,,not_found,0.891927
Asenapina Maleato,INGREDIENT,AIFA package table,Asenapina Maleato,asenapina,N05AH05,N05AH,N05AH05,monotherapy_confezioni,784649,rxnav_atc_verified,,not_found,0.896664
Asfotase Alfa,INGREDIENT,AIFA package table,Asfotase Alfa,asfotase alfa,A16AB13,A16AB,A16AB13,monotherapy_confezioni,1720259,rxnav_atc_verified,DDInter104,ddinter_retrieval,0.912428
Asparaginasi,INGREDIENT,AIFA package table,Asparaginasi,asparaginasi,L01XX02,L01XX,L01XX02,monotherapy_confezioni,1156,rxnav_atc_verified,,not_found,0.878284
Asperula Odorata,INGREDIENT,AIFA package table,Asperula Odorata,asperula odorata,V03AX,V03AX,V03AX,monotherapy_confezioni,,not_found,,not_found,0.881468
Atazanavir Solfato,INGREDIENT,AIFA package table,Atazanavir Solfato,atazanavir,J05AE08,J05AE,J05AE08,monotherapy_confezioni,343047,rxnav_atc_verified,DDInter1696,ddinter_retrieval,0.9005
Atazanavir (Td),INGREDIENT,AIFA package table,Atazanavir (Td),atazanavir (td),J05AE08,J05AE,J05AE08,monotherapy_confezioni,343047,rxnav_atc_verified,DDInter26,ddinter_retrieval,0.914515
Atenololo,INGREDIENT,AIFA package table,Atenololo,atenololo,C07AB03,C07AB,C07AB03,monotherapy_confezioni,1202,rxnav_atc_verified,,not_found,0.877815
Atezolizumab,INGREDIENT,AIFA package table,Atezolizumab,atezolizumab,L01FF05,L01FF,L01FF05,monotherapy_confezioni,1792776,rxnav_atc_verified,DDInter131,ddinter_retrieval,0.919461
Atogepant,INGREDIENT,AIFA package table,Atogepant,atogepant,N02CD07,N02CD,N02CD07,monotherapy_confezioni,2571813,rxnav_atc_verified,,not_found,0.893908
Atorvastatina,INGREDIENT,AIFA package table,Atorvastatina,atorvastatina,C10AA05,C10AA,C10AA05,monotherapy_confezioni,83367,rxnav_atc_verified,DDInter133,ddinter_retrieval,0.954735
Atosiban Acetato,INGREDIENT,AIFA package table,Atosiban Acetato,atosiban,G02CX01,G02CX,G02CX01,monotherapy_confezioni,59639,rxnav_atc_verified,,not_found,0.899771
Atovaquone,INGREDIENT,AIFA package table,Atovaquone,atovaquone,P01AX06,P01AX,P01AX06,monotherapy_confezioni,60212,rxnav_atc_verified,DDInter134,ddinter_retrieval,0.932697
Atracurio Besilato,INGREDIENT,AIFA package table,Atracurio Besilato,atracurio,M03AC04,M03AC,M03AC04,monotherapy_confezioni,1218,rxnav_atc_verified,,not_found,0.892227
Atropina,INGREDIENT,AIFA package table,Atropina,atropina,S01FA01,S01FA,S01FA01,monotherapy_confezioni,1223,rxnav_atc_verified,DDInter136,ddinter_retrieval,0.910073
Aumolertinib,INGREDIENT,AIFA package table,Aumolertinib,aumolertinib,L01EB11,L01EB,L01EB11,monotherapy_confezioni,,not_found,,not_found,0.882004
Aurum Metallicum,INGREDIENT,AIFA package table,Aurum Metallicum,aurum metallicum,V03AX,V03AX,V03AX,monotherapy_confezioni,,not_found,,not_found,0.861756
Aurum Muriaticum,INGREDIENT,AIFA package table,Aurum Muriaticum,aurum muriaticum,V03AX,V03AX,V03AX,monotherapy_confezioni,,not_found,,not_found,0.881135
Aurum Muriaticum Natronatum,INGREDIENT,AIFA package table,Aurum Muriaticum Natronatum,aurum muriaticum natronatum,V03AX,V03AX,V03AX,monotherapy_confezioni,,not_found,,not_found,0.86644
Avacopan,INGREDIENT,AIFA package table,Avacopan,avacopan,L04AJ05,L04AJ,L04AJ05,monotherapy_confezioni,2572100,rxnav_atc_verified,,not_found,0.885314
Avalglucosidasi Alfa,INGREDIENT,AIFA package table,Avalglucosidasi Alfa,avalglucosidasi alfa,A16AB22,A16AB,A16AB22,monotherapy_confezioni,2565814,rxnav_atc_verified,DDInter104,ddinter_retrieval,0.9047
Avanafil,INGREDIENT,AIFA package table,Avanafil,avanafil,G04BE10,G04BE,G04BE10,monotherapy_confezioni,1291301,rxnav_atc_verified,DDInter141,ddinter_retrieval,0.927043
Avapritinib,INGREDIENT,AIFA package table,Avapritinib,avapritinib,L01EX18,L01EX,L01EX18,monotherapy_confezioni,2272107,rxnav_atc_verified,DDInter142,ddinter_retrieval,0.932775
Avatrombopag,INGREDIENT,AIFA package table,Avatrombopag,avatrombopag,B02BX08,B02BX,B02BX08,monotherapy_confezioni,2045726,rxnav_atc_verified,DDInter143,ddinter_retrieval,0.937455
Avelumab,INGREDIENT,AIFA package table,Avelumab,avelumab,L01FF04,L01FF,L01FF04,monotherapy_confezioni,1875534,rxnav_atc_verified,DDInter144,ddinter_retrieval,0.916674
Axicabtagene Ciloleucel,INGREDIENT,AIFA package table,Axicabtagene Ciloleucel,axicabtagene ciloleucel,L01XL03,L01XL,L01XL03,monotherapy_confezioni,1987398,rxnav_atc_verified,DDInter146,ddinter_retrieval,0.964877
Axitinib,INGREDIENT,AIFA package table,Axitinib,axitinib,L01EK01,L01EK,L01EK01,monotherapy_confezioni,1242999,rxnav_atc_verified,DDInter147,ddinter_retrieval,0.921716
Azacitidina,INGREDIENT,AIFA package table,Azacitidina,azacitidina,L01BC07,L01BC,L01BC07,monotherapy_confezioni,1251,rxnav_atc_verified,DDInter148,ddinter_retrieval,0.918234
Azathioprine,INGREDIENT,AIFA package table,Azathioprine,azathioprine,L04AX01,L04AX,L04AX01,monotherapy_confezioni,1256,rxnav_atc_verified,DDInter150,ddinter_retrieval,0.944907
Azatioprina,INGREDIENT,AIFA package table,Azatioprina,azatioprina,L04AX01,L04AX,L04AX01,monotherapy_confezioni,1256,rxnav_atc_verified,,not_found,0.889265
Azelastina Cloridrato,INGREDIENT,AIFA package table,Azelastina Cloridrato,azelastina,S01GX07,S01GX,S01GX07,monotherapy_confezioni,18603,rxnav_atc_verified,DDInter156,ddinter_retrieval,0.906552
Azilsartan Medoxomil,INGREDIENT,AIFA package table,Azilsartan Medoxomil,azilsartan medoxomil,C09CA09,C09CA,C09CA09,monotherapy_confezioni,1091642,rxnav_atc_verified,DDInter156,ddinter_retrieval,0.938772
Azitromicina,INGREDIENT,AIFA package table,Azitromicina,azitromicina,J01FA10,J01FA,J01FA10,monotherapy_confezioni,18631,rxnav_atc_verified,DDInter157,ddinter_retrieval,0.915736
Azitromicina Diidrato,INGREDIENT,AIFA package table,Azitromicina Diidrato,azitromicina diidrato,J01FA10,J01FA,J01FA10,monotherapy_confezioni,18631,rxnav_atc_verified,DDInter157,ddinter_retrieval,0.91649
Aztreonam,INGREDIENT,AIFA package table,Aztreonam,aztreonam,J01DF01,J01DF,J01DF01,monotherapy_confezioni,1272,rxnav_atc_verified,DDInter158,ddinter_retrieval,0.942846
Bacampicillina Cloridrato,INGREDIENT,AIFA package table,Bacampicillina Cloridrato,bacampicillina,J01CA06,J01CA,J01CA06,monotherapy_confezioni,18687,rxnav_atc_verified,DDInter159,ddinter_retrieval,0.910075
"Bacillo Di Calmette-Guerin (Bcg), Ceppo Tice",INGREDIENT,AIFA package table,"Bacillo Di Calmette-Guerin (Bcg), Ceppo Tice","bacillo di calmette-guerin (bcg), ceppo tice",L03AX03,L03AX,L03AX03,monotherapy_confezioni,,not_found,,not_found,0.871707
Bacillo Di Doederlein,INGREDIENT,AIFA package table,Bacillo Di Doederlein,bacillo di doederlein,G01AX,G01AX,G01AX,monotherapy_confezioni,,not_found,,not_found,0.865841
Bacillus Clausii,INGREDIENT,AIFA package table,Bacillus Clausii,bacillus clausii,A07FA,A07FA,A07FA,monotherapy_confezioni,,not_found,,not_found,0.8599
Baclofen,INGREDIENT,AIFA package table,Baclofen,baclofen,M03BX01,M03BX,M03BX01,monotherapy_confezioni,1292,rxnav_atc_verified,DDInter162,ddinter_retrieval,0.935842
Baclofene,INGREDIENT,AIFA package table,Baclofene,baclofene,M03BX01,M03BX,M03BX01,monotherapy_confezioni,1292,rxnav_atc_verified,DDInter162,ddinter_retrieval,0.925662
Baloxavir Marboxil,INGREDIENT,AIFA package table,Baloxavir Marboxil,baloxavir marboxil,J05AX25,J05AX,J05AX25,monotherapy_confezioni,2099995,rxnav_atc_verified,DDInter163,ddinter_retrieval,0.948112
Balsalazide Bisodico,INGREDIENT,AIFA package table,Balsalazide Bisodico,balsalazide bisodico,A07EC04,A07EC,A07EC04,monotherapy_confezioni,18747,rxnav_atc_verified,,not_found,0.899439
Baptisia Tinctoria,INGREDIENT,AIFA package table,Baptisia Tinctoria,baptisia tinctoria,V03AX,V03AX,V03AX,monotherapy_confezioni,,not_found,,not_found,0.88186
Baricitinib,INGREDIENT,AIFA package table,Baricitinib,baricitinib,L04AF02,L04AF,L04AF02,monotherapy_confezioni,2047232,rxnav_atc_verified,DDInter165,ddinter_retrieval,0.938751
Bario Solfato,INGREDIENT,AIFA package table,Bario Solfato,bario,V08BA01,V08BA,V08BA01,monotherapy_confezioni,,not_found,,not_found,0.887303
Barnidipina Cloridrato,INGREDIENT,AIFA package table,Barnidipina Cloridrato,barnidipina,C08CA12,C08CA,C08CA12,monotherapy_confezioni,39879,rxnav_atc_verified,,not_found,0.888705
Baryta Carbonica,INGREDIENT,AIFA package table,Baryta Carbonica,baryta carbonica,V03AX,V03AX,V03AX,monotherapy_confezioni,,not_found,,not_found,0.882871
Baryta Muriatica,INGREDIENT,AIFA package table,Baryta Muriatica,baryta muriatica,V03AX,V03AX,V03AX,monotherapy_confezioni,,not_found,,not_found,0.874252
Basiliximab,INGREDIENT,AIFA package table,Basiliximab,basiliximab,L04AC02,L04AC,L04AC02,monotherapy_confezioni,196102,rxnav_atc_verified,DDInter166,ddinter_retrieval,0.931614
Bazedoxifene Acetato,INGREDIENT,AIFA package table,Bazedoxifene Acetato,bazedoxifene,G03XC02,G03XC,G03XC02,monotherapy_confezioni,1441386,rxnav_atc_verified,DDInter167,ddinter_retrieval,0.93924
Bcg - Bacillo Di Calmette E Guerin,INGREDIENT,AIFA package table,Bcg - Bacillo Di Calmette E Guerin,bcg - bacillo di calmette e guerin,L03AX03,L03AX,L03AX03,monotherapy_confezioni,,not_found,,not_found,0.894246
Beclometasone,INGREDIENT,AIFA package table,Beclometasone,beclometasone,A07EA07,A07EA,A07EA07,monotherapy_confezioni,1347,rxnav_atc_verified,DDInter168,ddinter_retrieval,0.905789
Bedaquilina,INGREDIENT,AIFA package table,Bedaquilina,bedaquilina,J04AK05,J04AK,J04AK05,monotherapy_confezioni,1364504,rxnav_atc_verified,DDInter170,ddinter_retrieval,0.945136
Belantamab Mafodotin,INGREDIENT,AIFA package table,Belantamab Mafodotin,belantamab mafodotin,L01FX15,L01FX,L01FX15,monotherapy_confezioni,2387834,rxnav_atc_verified,DDInter171,ddinter_retrieval,0.902764
Belatacept,INGREDIENT,AIFA package table,Belatacept,belatacept,L04AA28,L04AA,L04AA28,monotherapy_confezioni,1112973,rxnav_atc_verified,DDInter172,ddinter_retrieval,0.93594
Belimumab,INGREDIENT,AIFA package table,Belimumab,belimumab,L04AG04,L04AG,L04AG04,monotherapy_confezioni,1092437,rxnav_atc_verified,DDInter173,ddinter_retrieval,0.909332
Belladonna,INGREDIENT,AIFA package table,Belladonna,belladonna,V03AX,V03AX,V03AX,monotherapy_confezioni,,not_found,DDInter175,ddinter_retrieval,0.917804
Bellis Perennis,INGREDIENT,AIFA package table,Bellis Perennis,bellis perennis,V03AX,V03AX,V03AX,monotherapy_confezioni,,not_found,,not_found,0.854827
Belzutifan,INGREDIENT,AIFA package table,Belzutifan,belzutifan,L01XX74,L01XX,L01XX74,monotherapy_confezioni,2567226,rxnav_atc_verified,,not_found,0.869121
Bemiparina Sodica,INGREDIENT,AIFA package table,Bemiparina Sodica,bemiparina,B01AB12,B01AB,B01AB12,monotherapy_confezioni,280611,rxnav_atc_verified,DDInter176,ddinter_retrieval,0.903777
Benazepril Cloridrato,INGREDIENT,AIFA package table,Benazepril Cloridrato,benazepril,C09AA07,C09AA,C09AA07,monotherapy_confezioni,18867,rxnav_atc_verified,DDInter177,ddinter_retrieval,0.926678
Bendamustina Cloridrato,INGREDIENT,AIFA package table,Bendamustina Cloridrato,bendamustina,L01AA09,L01AA,L01AA09,monotherapy_confezioni,134547,rxnav_atc_verified,DDInter178,ddinter_retrieval,0.909204
Bendazac Sale Di L-Lisina,INGREDIENT,AIFA package table,Bendazac Sale Di L-Lisina,bendazac sale di l-lisina,S01BC07,S01BC,S01BC07,monotherapy_confezioni,,not_found,,not_found,0.866686
Benralizumab,INGREDIENT,AIFA package table,Benralizumab,benralizumab,R03DX10,R03DX,R03DX10,monotherapy_confezioni,1989100,rxnav_atc_verified,,not_found,0.882703
Benzalconio,INGREDIENT,AIFA package table,Benzalconio,benzalconio,S01AX,S01AX,S01AX,monotherapy_confezioni,,not_found,,not_found,0.889592
Benzalconio Cloruro,INGREDIENT,AIFA package table,Benzalconio Cloruro,benzalconio cloruro,D08AJ01,D08AJ,D08AJ01,monotherapy_confezioni,,not_found,DDInter1790,ddinter_retrieval,0.904419
Benzidamina,INGREDIENT,AIFA package table,Benzidamina,benzidamina,A01AD02,A01AD,A01AD02,monotherapy_confezioni,1425,rxnav_atc_verified,,not_found,0.886106
Benzilpenicillina Benzatinica,INGREDIENT,AIFA package table,Benzilpenicillina Benzatinica,benzilpenicillina benzatinica,J01CE08,J01CE,J01CE08,monotherapy_confezioni,,not_found,DDInter189,ddinter_retrieval,0.919197
Benzoil Perossido,INGREDIENT,AIFA package table,Benzoil Perossido,benzoil perossido,D10AE01,D10AE,D10AE01,monotherapy_confezioni,,not_found,DDInter186,ddinter_retrieval,0.919686
Benzoilperossido,INGREDIENT,AIFA package table,Benzoilperossido,benzoilperossido,D10AE01,D10AE,D10AE01,monotherapy_confezioni,,not_found,,not_found,0.892845
Benzoperossido,INGREDIENT,AIFA package table,Benzoperossido,benzoperossido,D10AE01,D10AE,D10AE01,monotherapy_confezioni,,not_found,,not_found,0.875759
Benzoxonio Cloruro,INGREDIENT,AIFA package table,Benzoxonio Cloruro,benzoxonio cloruro,D08AJ05,D08AJ,D08AJ05,monotherapy_confezioni,236962,rxnav_atc_verified,DDInter1790,ddinter_retrieval,0.909162
Berberis Aquifolium,INGREDIENT,AIFA package table,Berberis Aquifolium,berberis aquifolium,V03AX,V03AX,V03AX,monotherapy_confezioni,,not_found,,not_found,0.874949
Berberis Vulgaris,INGREDIENT,AIFA package table,Berberis Vulgaris,berberis vulgaris,V03AX,V03AX,V03AX,monotherapy_confezioni,,not_found,,not_found,0.867884
Berotralstat,INGREDIENT,AIFA package table,Berotralstat,berotralstat,B06AC06,B06AC,B06AC06,monotherapy_confezioni,2467540,rxnav_atc_verified,DDInter193,ddinter_retrieval,0.945358
Besilesomab,INGREDIENT,AIFA package table,Besilesomab,besilesomab,V09HA03,V09HA,V09HA03,monotherapy_confezioni,,not_found,,not_found,0.879542
Betaina Anidra,INGREDIENT,AIFA package table,Betaina Anidra,betaina anidra,A16AA06,A16AA,A16AA06,monotherapy_confezioni,,not_found,,not_found,0.874915
Betaine,INGREDIENT,AIFA package table,Betaine,betaine,A16AA06,A16AA,A16AA06,monotherapy_confezioni,1512,rxnav_atc_verified,,not_found,0.8507
Betaistina,INGREDIENT,AIFA package table,Betaistina,betaistina,N07CA01,N07CA,N07CA01,monotherapy_confezioni,1511,rxnav_atc_verified,,not_found,0.855127
Betaistina Dicloridrato,INGREDIENT,AIFA package table,Betaistina Dicloridrato,betaistina dicloridrato,N07CA01,N07CA,N07CA01,monotherapy_confezioni,1511,rxnav_atc_verified,,not_found,0.896687
Betametasone,INGREDIENT,AIFA package table,Betametasone,betametasone,D05AX52,D05AX,D05AX52,monotherapy_confezioni,1514,rxnav_atc_verified,,not_found,0.899542
Betametasone Sodio Fosfato,INGREDIENT,AIFA package table,Betametasone Sodio Fosfato,betametasone sodio,H02AB01,H02AB,H02AB01,monotherapy_confezioni,1514,rxnav_atc_verified,DDInter1684,ddinter_retrieval,0.918452
Betaxololo Cloridrato,INGREDIENT,AIFA package table,Betaxololo Cloridrato,betaxololo,C07AB05,C07AB,C07AB05,monotherapy_confezioni,1520,rxnav_atc_verified,DDInter888,ddinter_retrieval,0.906022
Betiatide,INGREDIENT,AIFA package table,Betiatide,betiatide,V09CA03,V09CA,V09CA03,monotherapy_confezioni,,not_found,,not_found,0.878852
Bevacizumab,INGREDIENT,AIFA package table,Bevacizumab,bevacizumab,L01FG01,L01FG,L01FG01,monotherapy_confezioni,253337,rxnav_atc_verified,DDInter201,ddinter_retrieval,0.91923
Bexarotene,INGREDIENT,AIFA package table,Bexarotene,bexarotene,L01XF03,L01XF,L01XF03,monotherapy_confezioni,233272,rxnav_atc_verified,DDInter202,ddinter_retrieval,0.928925
Bezafibrato,INGREDIENT,AIFA package table,Bezafibrato,bezafibrato,C10AB02,C10AB,C10AB02,monotherapy_confezioni,1525,rxnav_atc_verified,,not_found,0.879869
Bezlotoxumab,INGREDIENT,AIFA package table,Bezlotoxumab,bezlotoxumab,J06BC03,J06BC,J06BC03,monotherapy_confezioni,1855048,rxnav_atc_verified,,not_found,0.865784
Bibrocathol,INGREDIENT,AIFA package table,Bibrocathol,bibrocathol,S01AX05,S01AX,S01AX05,monotherapy_confezioni,,not_found,DDInter256,ddinter_retrieval,0.906803
Bicalutamide,INGREDIENT,AIFA package table,Bicalutamide,bicalutamide,L02BB03,L02BB,L02BB03,monotherapy_confezioni,83008,rxnav_atc_verified,DDInter204,ddinter_retrieval,0.939574
Bifonazolo,INGREDIENT,AIFA package table,Bifonazolo,bifonazolo,D01AC10,D01AC,D01AC10,monotherapy_confezioni,19295,rxnav_atc_verified,,not_found,0.857644
Bilastina,INGREDIENT,AIFA package table,Bilastina,bilastina,R06AX29,R06AX,R06AX29,monotherapy_confezioni,,not_found,,not_found,0.85175
Bimatoprost,INGREDIENT,AIFA package table,Bimatoprost,bimatoprost,S01EE03,S01EE,S01EE03,monotherapy_confezioni,283810,rxnav_atc_verified,DDInter207,ddinter_retrieval,0.937689
Bimekizumab,INGREDIENT,AIFA package table,Bimekizumab,bimekizumab,L04AC21,L04AC,L04AC21,monotherapy_confezioni,2668041,rxnav_atc_verified,,not_found,0.8651
Binimetinib,INGREDIENT,AIFA package table,Binimetinib,binimetinib,L01EE03,L01EE,L01EE03,monotherapy_confezioni,2049122,rxnav_atc_verified,DDInter210,ddinter_retrieval,0.910073
Biotina,INGREDIENT,AIFA package table,Biotina,biotina,A11HA05,A11HA,A11HA05,monotherapy_confezioni,1588,rxnav_atc_verified,,not_found,0.846032
Biperidene,INGREDIENT,AIFA package table,Biperidene,biperidene,N04AA02,N04AA,N04AA02,monotherapy_confezioni,1589,rxnav_atc_verified,DDInter211,ddinter_retrieval,0.9349
Biperidene Lattato,INGREDIENT,AIFA package table,Biperidene Lattato,biperidene lattato,N04AA02,N04AA,N04AA02,monotherapy_confezioni,1589,rxnav_atc_verified,,not_found,0.897618
Fosfato Bipotassico,INGREDIENT,AIFA package table,Fosfato Bipotassico,bipotassico,V03AX,V03AX,V03AX,monotherapy_confezioni,,not_found,DDInter785,ddinter_retrieval,0.91432
Bisacodile,INGREDIENT,AIFA package table,Bisacodile,bisacodile,A06AB02,A06AB,A06AB02,monotherapy_confezioni,1596,rxnav_atc_verified,DDInter212,ddinter_retrieval,0.91473
Bisbutilcarboetilene,INGREDIENT,AIFA package table,Bisbutilcarboetilene,bisbutilcarboetilene,P03AX99,P03AX,P03AX99,monotherapy_confezioni,,not_found,,not_found,0.895434
Bismuthum Metallicum,INGREDIENT,AIFA package table,Bismuthum Metallicum,bismuthum metallicum,V03AX,V03AX,V03AX,monotherapy_confezioni,,not_found,,not_found,0.87695
Bisoprololo Emifumarato,INGREDIENT,AIFA package table,Bisoprololo Emifumarato,bisoprololo,C07AB07,C07AB,C07AB07,monotherapy_confezioni,19484,rxnav_atc_verified,,not_found,0.886673
Bivalirudina,INGREDIENT,AIFA package table,Bivalirudina,bivalirudina,B01AE06,B01AE,B01AE06,monotherapy_confezioni,60819,rxnav_atc_verified,DDInter217,ddinter_retrieval,0.909622
Bleomicina Solfato,INGREDIENT,AIFA package table,Bleomicina Solfato,bleomicina,L01DC01,L01DC,L01DC01,monotherapy_confezioni,1622,rxnav_atc_verified,DDInter371,ddinter_retrieval,0.901655
Blinatumomab,INGREDIENT,AIFA package table,Blinatumomab,blinatumomab,L01FX07,L01FX,L01FX07,monotherapy_confezioni,1597258,rxnav_atc_verified,DDInter220,ddinter_retrieval,0.916555
Blu Di Metilene,INGREDIENT,AIFA package table,Blu Di Metilene,blu di metilene,V03AB17,V03AB,V03AB17,monotherapy_confezioni,,not_found,DDInter1186,ddinter_retrieval,0.915671
Borace,INGREDIENT,AIFA package table,Borace,borace,V03AX,V03AX,V03AX,monotherapy_confezioni,,not_found,,not_found,0.828041
Bornaprina Cloridrato,INGREDIENT,AIFA package table,Bornaprina Cloridrato,bornaprina,N04AA11,N04AA,N04AA11,monotherapy_confezioni,19610,rxnav_atc_verified,,not_found,0.887746
Bortezomib,INGREDIENT,AIFA package table,Bortezomib,bortezomib,L01XG01,L01XG,L01XG01,monotherapy_confezioni,358258,rxnav_atc_verified,DDInter222,ddinter_retrieval,0.925543
Bosentan,INGREDIENT,AIFA package table,Bosentan,bosentan,C02KX01,C02KX,C02KX01,monotherapy_confezioni,75207,rxnav_atc_verified,DDInter223,ddinter_retrieval,0.925915
Bosutinib,INGREDIENT,AIFA package table,Bosutinib,bosutinib,L01EA04,L01EA,L01EA04,monotherapy_confezioni,1307619,rxnav_atc_verified,DDInter224,ddinter_retrieval,0.928022
Bovista Gigantea,INGREDIENT,AIFA package table,Bovista Gigantea,bovista gigantea,V03AX,V03AX,V03AX,monotherapy_confezioni,,not_found,,not_found,0.854291
Brensocatib,INGREDIENT,AIFA package table,Brensocatib,brensocatib,R03,,R03,monotherapy_confezioni,,not_found,,not_found,0.867143
Brentuximab Vedotin,INGREDIENT,AIFA package table,Brentuximab Vedotin,brentuximab vedotin,L01FX05,L01FX,L01FX05,monotherapy_confezioni,1147320,rxnav_atc_verified,DDInter228,ddinter_retrieval,0.938575
Bretovameran,INGREDIENT,AIFA package table,Bretovameran,bretovameran,J07BN01,J07BN,J07BN01,monotherapy_confezioni,,not_found,,not_found,0.844458
Brexpiprazolo,INGREDIENT,AIFA package table,Brexpiprazolo,brexpiprazolo,N05AX16,N05AX,N05AX16,monotherapy_confezioni,1658314,rxnav_atc_verified,DDInter231,ddinter_retrieval,0.93828
Brigatinib,INGREDIENT,AIFA package table,Brigatinib,brigatinib,L01ED04,L01ED,L01ED04,monotherapy_confezioni,1921217,rxnav_atc_verified,DDInter233,ddinter_retrieval,0.936552
Brimonidina,INGREDIENT,AIFA package table,Brimonidina,brimonidina,S01EA05,S01EA,S01EA05,monotherapy_confezioni,134615,rxnav_atc_verified,DDInter234,ddinter_retrieval,0.914097
Brinzolamide,INGREDIENT,AIFA package table,Brinzolamide,brinzolamide,S01EC04,S01EC,S01EC04,monotherapy_confezioni,194881,rxnav_atc_verified,DDInter237,ddinter_retrieval,0.937662
Brivaracetam,INGREDIENT,AIFA package table,Brivaracetam,brivaracetam,N03AX23,N03AX,N03AX23,monotherapy_confezioni,1739745,rxnav_atc_verified,DDInter239,ddinter_retrieval,0.951902
Brivudina,INGREDIENT,AIFA package table,Brivudina,brivudina,J05AB15,J05AB,J05AB15,monotherapy_confezioni,59161,rxnav_atc_verified,,not_found,0.854914
Brodalumab,INGREDIENT,AIFA package table,Brodalumab,brodalumab,L04AC12,L04AC,L04AC12,monotherapy_confezioni,1872251,rxnav_atc_verified,DDInter240,ddinter_retrieval,0.921048
Brolucizumab,INGREDIENT,AIFA package table,Brolucizumab,brolucizumab,S01LA06,S01LA,S01LA06,monotherapy_confezioni,2204915,rxnav_atc_verified,,not_found,0.874094
Bromazepam,INGREDIENT,AIFA package table,Bromazepam,bromazepam,N05BA08,N05BA,N05BA08,monotherapy_confezioni,1749,rxnav_atc_verified,,not_found,0.896826
Bromelina,INGREDIENT,AIFA package table,Bromelina,bromelina,D03BA03,D03BA,D03BA03,monotherapy_confezioni,1752,rxnav_atc_verified,,not_found,0.870041
Bromexina,INGREDIENT,AIFA package table,Bromexina,bromexina,R05CB02,R05CB,R05CB02,monotherapy_confezioni,1753,rxnav_atc_verified,,not_found,0.877298
Bromfenac,INGREDIENT,AIFA package table,Bromfenac,bromfenac,S01BC11,S01BC,S01BC11,monotherapy_confezioni,19737,rxnav_atc_verified,DDInter241,ddinter_retrieval,0.937744
Bromocriptina,INGREDIENT,AIFA package table,Bromocriptina,bromocriptina,N04BC01,N04BC,N04BC01,monotherapy_confezioni,1760,rxnav_atc_verified,DDInter243,ddinter_retrieval,0.922792
Brotizolam,INGREDIENT,AIFA package table,Brotizolam,brotizolam,N05CD09,N05CD,N05CD09,monotherapy_confezioni,19790,rxnav_atc_verified,,not_found,0.884308
Bryonia,INGREDIENT,AIFA package table,Bryonia,bryonia,V03AX,V03AX,V03AX,monotherapy_confezioni,,not_found,,not_found,0.800988
Budesonide,INGREDIENT,AIFA package table,Budesonide,budesonide,R03BA02,R03BA,R03BA02,monotherapy_confezioni,19831,rxnav_atc_verified,DDInter246,ddinter_retrieval,0.921141
Bulevirtide,INGREDIENT,AIFA package table,Bulevirtide,bulevirtide,J05AX28,J05AX,J05AX28,monotherapy_confezioni,2743603,rxnav_atc_verified,,not_found,0.887512
Bupivacaina,INGREDIENT,AIFA package table,Bupivacaina,bupivacaina,N01BB01,N01BB,N01BB01,monotherapy_confezioni,1815,rxnav_atc_verified,DDInter249,ddinter_retrieval,0.908178
Buprenorfina,INGREDIENT,AIFA package table,Buprenorfina,buprenorfina,N02AE01,N02AE,N02AE01,monotherapy_confezioni,1819,rxnav_atc_verified,DDInter251,ddinter_retrieval,0.923206
Bupropione,INGREDIENT,AIFA package table,Bupropione,bupropione,N06AX12,N06AX,N06AX12,monotherapy_confezioni,42347,rxnav_atc_verified,DDInter252,ddinter_retrieval,0.92303
Burosumab,INGREDIENT,AIFA package table,Burosumab,burosumab,M05BX05,M05BX,M05BX05,monotherapy_confezioni,2043855,rxnav_atc_verified,DDInter253,ddinter_retrieval,0.927673
Buserelin Acetato,INGREDIENT,AIFA package table,Buserelin Acetato,buserelin,L02AE01,L02AE,L02AE01,monotherapy_confezioni,1825,rxnav_atc_verified,,not_found,0.896853
Busulfan,INGREDIENT,AIFA package table,Busulfan,busulfan,L01AB01,L01AB,L01AB01,monotherapy_confezioni,1828,rxnav_atc_verified,DDInter255,ddinter_retrieval,0.930037
Busulfano,INGREDIENT,AIFA package table,Busulfano,busulfano,L01AB01,L01AB,L01AB01,monotherapy_confezioni,1828,rxnav_atc_verified,DDInter255,ddinter_retrieval,0.908306
Butamirato Citrato,INGREDIENT,AIFA package table,Butamirato Citrato,butamirato,R05DB13,R05DB,R05DB13,monotherapy_confezioni,19862,rxnav_atc_verified,DDInter1498,ddinter_retrieval,0.910637
Butilbromuro Di Joscina,INGREDIENT,AIFA package table,Butilbromuro Di Joscina,butilbromuro di joscina,A03BB01,A03BB,A03BB01,monotherapy_confezioni,27085,rxnav_atc_verified,,not_found,0.877937
Buxamina,INGREDIENT,AIFA package table,Buxamina,buxamina,N03AG03,N03AG,N03AG03,monotherapy_confezioni,,not_found,,not_found,0.871102
"C1-Inhibitor, Plasma Derived",INGREDIENT,AIFA package table,"C1-Inhibitor, Plasma Derived","c1-inhibitor, plasma derived",B06AC01,B06AC,B06AC01,monotherapy_confezioni,809864,rxnav_atc_verified,,not_found,0.895607
Cabazitaxel,INGREDIENT,AIFA package table,Cabazitaxel,cabazitaxel,L01CD04,L01CD,L01CD04,monotherapy_confezioni,996051,rxnav_atc_verified,DDInter259,ddinter_retrieval,0.94357
Cabergolina,INGREDIENT,AIFA package table,Cabergolina,cabergolina,N04BC06,N04BC,N04BC06,monotherapy_confezioni,47579,rxnav_atc_verified,DDInter260,ddinter_retrieval,0.919478
Cabotegravir,INGREDIENT,AIFA package table,Cabotegravir,cabotegravir,J05AJ04,J05AJ,J05AJ04,monotherapy_confezioni,2475077,rxnav_atc_verified,DDInter261,ddinter_retrieval,0.95876
Cabozantinib,INGREDIENT,AIFA package table,Cabozantinib,cabozantinib,L01EX07,L01EX,L01EX07,monotherapy_confezioni,1363268,rxnav_atc_verified,DDInter262,ddinter_retrieval,0.954886
Cactus Grandiflorus,INGREDIENT,AIFA package table,Cactus Grandiflorus,cactus grandiflorus,V03AX,V03AX,V03AX,monotherapy_confezioni,,not_found,,not_found,0.830345
Cadmium Sulfuricum,INGREDIENT,AIFA package table,Cadmium Sulfuricum,cadmium sulfuricum,V03AX,V03AX,V03AX,monotherapy_confezioni,,not_found,,not_found,0.872965
Caffeina Citrato,INGREDIENT,AIFA package table,Caffeina Citrato,caffeina,N06BC01,N06BC,N06BC01,monotherapy_confezioni,1886,rxnav_atc_verified,DDInter273,ddinter_retrieval,0.915364
Caffeine,INGREDIENT,AIFA package table,Caffeine,caffeine,N06BC01,N06BC,N06BC01,monotherapy_confezioni,1886,rxnav_atc_verified,DDInter263,ddinter_retrieval,0.913394
Caladium Seguinum,INGREDIENT,AIFA package table,Caladium Seguinum,caladium seguinum,V03AX,V03AX,V03AX,monotherapy_confezioni,,not_found,,not_found,0.873865
Calcarea Carbonica,INGREDIENT,AIFA package table,Calcarea Carbonica,calcarea carbonica,V03AX,V03AX,V03AX,monotherapy_confezioni,,not_found,,not_found,0.887251
Calcarea Fluorica,INGREDIENT,AIFA package table,Calcarea Fluorica,calcarea fluorica,V03AX,V03AX,V03AX,monotherapy_confezioni,,not_found,,not_found,0.868682
Calcarea  Iodata,INGREDIENT,AIFA package table,Calcarea  Iodata,calcarea iodata,V03AX,V03AX,V03AX,monotherapy_confezioni,,not_found,,not_found,0.879875
Calcarea Phosphorica,INGREDIENT,AIFA package table,Calcarea Phosphorica,calcarea phosphorica,V03AX,V03AX,V03AX,monotherapy_confezioni,,not_found,,not_found,0.883589
Calcarea Sulfurica,INGREDIENT,AIFA package table,Calcarea Sulfurica,calcarea sulfurica,V03AX,V03AX,V03AX,monotherapy_confezioni,,not_found,,not_found,0.893012
Calcifediol,INGREDIENT,AIFA package table,Calcifediol,calcifediol,A11CC06,A11CC,A11CC06,monotherapy_confezioni,1889,rxnav_atc_verified,DDInter265,ddinter_retrieval,0.935942
Calcifediolo,INGREDIENT,AIFA package table,Calcifediolo,calcifediolo,A11CC06,A11CC,A11CC06,monotherapy_confezioni,1889,rxnav_atc_verified,DDInter265,ddinter_retrieval,0.904164
Calcio,INGREDIENT,AIFA package table,Calcio,calcio,A12AA20,A12AA,A12AA20,monotherapy_confezioni,,not_found,,not_found,0.850375
Calcipotriolo,INGREDIENT,AIFA package table,Calcipotriolo,calcipotriolo,D05AX02,D05AX,D05AX02,monotherapy_confezioni,29365,rxnav_atc_verified,,not_found,0.89721
Calcitonin,INGREDIENT,AIFA package table,Calcitonin,calcitonin,V03AX,V03AX,V03AX,monotherapy_confezioni,,not_found,,not_found,0.892764
Calcitonina Di Salmone,INGREDIENT,AIFA package table,Calcitonina Di Salmone,calcitonina di salmone,H05BA01,H05BA,H05BA01,monotherapy_confezioni,36118,rxnav_atc_verified,DDInter1636,ddinter_retrieval,0.934048
Calcitriolo,INGREDIENT,AIFA package table,Calcitriolo,calcitriolo,A11CC04,A11CC,A11CC04,monotherapy_confezioni,1894,rxnav_atc_verified,DDInter268,ddinter_retrieval,0.912863
Calcium (Different Salts In Combination),INGREDIENT,AIFA package table,Calcium (Different Salts In Combination),calcium (different salts in combination),V03AX,V03AX,V03AX,monotherapy_confezioni,,not_found,,not_found,0.856472
Calcium Mefolinate,INGREDIENT,AIFA package table,Calcium Mefolinate,calcium mefolinate,A02A,,A02A,monotherapy_confezioni,,not_found,,not_found,0.894463
Calcium Phosphoricum,INGREDIENT,AIFA package table,Calcium Phosphoricum,calcium phosphoricum,V03AX,V03AX,V03AX,monotherapy_confezioni,,not_found,DDInter279,ddinter_retrieval,0.911521
Calendula Officinalis,INGREDIENT,AIFA package table,Calendula Officinalis,calendula officinalis,V03AX,V03AX,V03AX,monotherapy_confezioni,,not_found,,not_found,0.872983
Camomilla Essenza,INGREDIENT,AIFA package table,Camomilla Essenza,camomilla essenza,V03AX,V03AX,V03AX,monotherapy_confezioni,,not_found,,not_found,0.882463
Canagliflozin,INGREDIENT,AIFA package table,Canagliflozin,canagliflozin,A10BK02,A10BK,A10BK02,monotherapy_confezioni,1373458,rxnav_atc_verified,DDInter280,ddinter_retrieval,0.927462
Canakinumab,INGREDIENT,AIFA package table,Canakinumab,canakinumab,L04AC08,L04AC,L04AC08,monotherapy_confezioni,853491,rxnav_atc_verified,DDInter281,ddinter_retrieval,0.922148
Candesartan,INGREDIENT,AIFA package table,Candesartan,candesartan,C09CA06,C09CA,C09CA06,monotherapy_confezioni,214354,rxnav_atc_verified,,not_found,0.879641
Candesartan Cilexetil,INGREDIENT,AIFA package table,Candesartan Cilexetil,candesartan cilexetil,C09CA06,C09CA,C09CA06,monotherapy_confezioni,135481,rxnav_atc_verified,DDInter156,ddinter_retrieval,0.913626
Candida Albicans,INGREDIENT,AIFA package table,Candida Albicans,candida albicans,V03AX,V03AX,V03AX,monotherapy_confezioni,,not_found,DDInter282,ddinter_retrieval,0.955501
Canfora,INGREDIENT,AIFA package table,Canfora,canfora,M02AX10,M02AX,M02AX10,monotherapy_confezioni,,not_found,,not_found,0.838072
Cangrelor Tetrasodio,INGREDIENT,AIFA package table,Cangrelor Tetrasodio,cangrelor tetrasodio,B01AC25,B01AC,B01AC25,monotherapy_confezioni,1656051,rxnav_atc_verified,DDInter283,ddinter_retrieval,0.904806
Cannabidiolo (Via Sintetica),INGREDIENT,AIFA package table,Cannabidiolo (Via Sintetica),cannabidiolo (via sintetica),N03AX24,N03AX,N03AX24,monotherapy_confezioni,2045371,rxnav_atc_verified,,not_found,0.891882
Capecitabina,INGREDIENT,AIFA package table,Capecitabina,capecitabina,L01BC06,L01BC,L01BC06,monotherapy_confezioni,194000,rxnav_atc_verified,DDInter285,ddinter_retrieval,0.923728
Capivasertib,INGREDIENT,AIFA package table,Capivasertib,capivasertib,L01EX27,L01EX,L01EX27,monotherapy_confezioni,2669967,rxnav_atc_verified,,not_found,0.875013
Caplacizumab,INGREDIENT,AIFA package table,Caplacizumab,caplacizumab,B01AX07,B01AX,B01AX07,monotherapy_confezioni,2110605,rxnav_atc_verified,DDInter286,ddinter_retrieval,0.926884
Capmatinib,INGREDIENT,AIFA package table,Capmatinib,capmatinib,L01EX17,L01EX,L01EX17,monotherapy_confezioni,2362165,rxnav_atc_verified,DDInter287,ddinter_retrieval,0.926498
Capsaicina,INGREDIENT,AIFA package table,Capsaicina,capsaicina,M02AB01,M02AB,M02AB01,monotherapy_confezioni,1992,rxnav_atc_verified,,not_found,0.884424
Capsicum Annuum,INGREDIENT,AIFA package table,Capsicum Annuum,capsicum annuum,V03AX,V03AX,V03AX,monotherapy_confezioni,,not_found,,not_found,0.895414
Captopril,INGREDIENT,AIFA package table,Captopril,captopril,C09AA01,C09AA,C09AA01,monotherapy_confezioni,1998,rxnav_atc_verified,DDInter292,ddinter_retrieval,0.930257
Carbamazepina,INGREDIENT,AIFA package table,Carbamazepina,carbamazepina,N03AF01,N03AF,N03AF01,monotherapy_confezioni,2002,rxnav_atc_verified,DDInter293,ddinter_retrieval,0.926542
Carbetocina,INGREDIENT,AIFA package table,Carbetocina,carbetocina,H01BB03,H01BB,H01BB03,monotherapy_confezioni,,not_found,,not_found,0.89724
Carbo Vegetabilis,INGREDIENT,AIFA package table,Carbo Vegetabilis,carbo vegetabilis,V03AX,V03AX,V03AX,monotherapy_confezioni,,not_found,,not_found,0.877095
Carbocisteina,INGREDIENT,AIFA package table,Carbocisteina,carbocisteina,R05CB03,R05CB,R05CB03,monotherapy_confezioni,2023,rxnav_atc_verified,,not_found,0.879829
Carbocisteina Sale Di Lisina,INGREDIENT,AIFA package table,Carbocisteina Sale Di Lisina,carbocisteina sale di lisina,R05CB03,R05CB,R05CB03,monotherapy_confezioni,2023,rxnav_atc_verified,,not_found,0.881826
Carbomer,INGREDIENT,AIFA package table,Carbomer,carbomer,S01XA20,S01XA,S01XA20,monotherapy_confezioni,,not_found,,not_found,0.865488
Calcio Carbonato,INGREDIENT,AIFA package table,Calcio Carbonato,carbonato,A12AA04,A12AA,A12AA04,monotherapy_confezioni,1897,rxnav_atc_verified,,not_found,0.851558
Carboplatino,INGREDIENT,AIFA package table,Carboplatino,carboplatino,L01XA02,L01XA,L01XA02,monotherapy_confezioni,40048,rxnav_atc_verified,DDInter298,ddinter_retrieval,0.924887
Carbossimaltosio Ferrico,INGREDIENT,AIFA package table,Carbossimaltosio Ferrico,carbossimaltosio ferrico,B03AC,B03AC,B03AC,monotherapy_confezioni,,not_found,DDInter723,ddinter_retrieval,0.936853
Cardiospermum Halicacabum,INGREDIENT,AIFA package table,Cardiospermum Halicacabum,cardiospermum halicacabum,V03AX,V03AX,V03AX,monotherapy_confezioni,,not_found,,not_found,0.862188
Carduus Marianus,INGREDIENT,AIFA package table,Carduus Marianus,carduus marianus,V03AX,V03AX,V03AX,monotherapy_confezioni,,not_found,,not_found,0.853876
Carfilzomib,INGREDIENT,AIFA package table,Carfilzomib,carfilzomib,L01XG02,L01XG,L01XG02,monotherapy_confezioni,1302966,rxnav_atc_verified,DDInter299,ddinter_retrieval,0.926702
Carglumic Acid,INGREDIENT,AIFA package table,Carglumic Acid,carglumic acid,A16AA05,A16AA,A16AA05,monotherapy_confezioni,401713,rxnav_atc_verified,DDInter830,ddinter_retrieval,0.905543
Cariprazina Cloridrato,INGREDIENT,AIFA package table,Cariprazina Cloridrato,cariprazina,N05AX15,N05AX,N05AX15,monotherapy_confezioni,1667655,rxnav_atc_verified,DDInter300,ddinter_retrieval,0.925245
Carmellosa Sodica,INGREDIENT,AIFA package table,Carmellosa Sodica,carmellosa,S01XA20,S01XA,S01XA20,monotherapy_confezioni,,not_found,,not_found,0.874039
Carmustina,INGREDIENT,AIFA package table,Carmustina,carmustina,L01AD01,L01AD,L01AD01,monotherapy_confezioni,2105,rxnav_atc_verified,DDInter302,ddinter_retrieval,0.913869
Carnitina,INGREDIENT,AIFA package table,Carnitina,carnitina,V03AX,V03AX,V03AX,monotherapy_confezioni,,not_found,,not_found,0.876359
Carteololo,INGREDIENT,AIFA package table,Carteololo,carteololo,S01ED05,S01ED,S01ED05,monotherapy_confezioni,2116,rxnav_atc_verified,DDInter303,ddinter_retrieval,0.904167
Cartilagine,INGREDIENT,AIFA package table,Cartilagine,cartilagine,V03AX,V03AX,V03AX,monotherapy_confezioni,,not_found,,not_found,0.861213
Carvedilolo,INGREDIENT,AIFA package table,Carvedilolo,carvedilolo,C07AG02,C07AG,C07AG02,monotherapy_confezioni,20352,rxnav_atc_verified,,not_found,0.899311
Caspofungin,INGREDIENT,AIFA package table,Caspofungin,caspofungin,J02AX04,J02AX,J02AX04,monotherapy_confezioni,140108,rxnav_atc_verified,DDInter306,ddinter_retrieval,0.934177
Catalasi,INGREDIENT,AIFA package table,Catalasi,catalasi,D03BA,D03BA,D03BA,monotherapy_confezioni,,not_found,,not_found,0.843477
Catridecacog,INGREDIENT,AIFA package table,Catridecacog,catridecacog,B02BD11,B02BD,B02BD11,monotherapy_confezioni,1488293,rxnav_atc_verified,,not_found,0.859164
Caulophyllum Thalictroides,INGREDIENT,AIFA package table,Caulophyllum Thalictroides,caulophyllum thalictroides,V03AX,V03AX,V03AX,monotherapy_confezioni,,not_found,,not_found,0.864336
Causticum Hahnemanni,INGREDIENT,AIFA package table,Causticum Hahnemanni,causticum hahnemanni,V03AX,V03AX,V03AX,monotherapy_confezioni,,not_found,,not_found,0.862578
Ceanothus Americanus,INGREDIENT,AIFA package table,Ceanothus Americanus,ceanothus americanus,V03AX,V03AX,V03AX,monotherapy_confezioni,,not_found,,not_found,0.842439
Cefacloro,INGREDIENT,AIFA package table,Cefacloro,cefacloro,J01DC04,J01DC,J01DC04,monotherapy_confezioni,2176,rxnav_atc_verified,DDInter309,ddinter_retrieval,0.943526
Cefalexina,INGREDIENT,AIFA package table,Cefalexina,cefalexina,J01DB01,J01DB,J01DB01,monotherapy_confezioni,2231,rxnav_atc_verified,DDInter311,ddinter_retrieval,0.911375
Cefazolina Sodica,INGREDIENT,AIFA package table,Cefazolina Sodica,cefazolina,J01DB04,J01DB,J01DB04,monotherapy_confezioni,2180,rxnav_atc_verified,DDInter329,ddinter_retrieval,0.905371
Cefazolina Acida,INGREDIENT,AIFA package table,Cefazolina Acida,cefazolina acida,J01DB04,J01DB,J01DB04,monotherapy_confezioni,2180,rxnav_atc_verified,DDInter329,ddinter_retrieval,0.918397
Cefditoren Pivoxil,INGREDIENT,AIFA package table,Cefditoren Pivoxil,cefditoren pivoxil,J01DD16,J01DD,J01DD16,monotherapy_confezioni,72611,rxnav_atc_verified,DDInter316,ddinter_retrieval,0.91251
Cefepime,INGREDIENT,AIFA package table,Cefepime,cefepime,J01DE01,J01DE,J01DE01,monotherapy_confezioni,20481,rxnav_atc_verified,DDInter317,ddinter_retrieval,0.93807
Cefepime Dicloridrato Monoidrato,INGREDIENT,AIFA package table,Cefepime Dicloridrato Monoidrato,cefepime dicloridrato,J01DE01,J01DE,J01DE01,monotherapy_confezioni,20481,rxnav_atc_verified,DDInter317,ddinter_retrieval,0.900489
Cefiderocol,INGREDIENT,AIFA package table,Cefiderocol,cefiderocol,J01DI04,J01DI,J01DI04,monotherapy_confezioni,2265702,rxnav_atc_verified,DDInter318,ddinter_retrieval,0.944686
Cefixima,INGREDIENT,AIFA package table,Cefixima,cefixima,J01DD08,J01DD,J01DD08,monotherapy_confezioni,25033,rxnav_atc_verified,DDInter319,ddinter_retrieval,0.925902
Cefixime Triidrato,INGREDIENT,AIFA package table,Cefixime Triidrato,cefixime,J01DD08,J01DD,J01DD08,monotherapy_confezioni,25033,rxnav_atc_verified,DDInter319,ddinter_retrieval,0.912985
Cefotaxima,INGREDIENT,AIFA package table,Cefotaxima,cefotaxima,J01DD01,J01DD,J01DD01,monotherapy_confezioni,2186,rxnav_atc_verified,,not_found,0.89682
Cefoxitina Sodica,INGREDIENT,AIFA package table,Cefoxitina Sodica,cefoxitina,J01DC01,J01DC,J01DC01,monotherapy_confezioni,2189,rxnav_atc_verified,DDInter325,ddinter_retrieval,0.926537
Cefpodoxima,INGREDIENT,AIFA package table,Cefpodoxima,cefpodoxima,J01DD13,J01DD,J01DD13,monotherapy_confezioni,20489,rxnav_atc_verified,DDInter326,ddinter_retrieval,0.93054
Cefpodoxime Proxetil,INGREDIENT,AIFA package table,Cefpodoxime Proxetil,cefpodoxime proxetil,J01DD13,J01DD,J01DD13,monotherapy_confezioni,47835,rxnav_atc_verified,DDInter326,ddinter_retrieval,0.926541
Cefprozil,INGREDIENT,AIFA package table,Cefprozil,cefprozil,J01DC10,J01DC,J01DC10,monotherapy_confezioni,19552,rxnav_atc_verified,DDInter327,ddinter_retrieval,0.934954
Ceftarolina,INGREDIENT,AIFA package table,Ceftarolina,ceftarolina,J01DI02,J01DI,J01DI02,monotherapy_confezioni,,not_found,,not_found,0.893757
Ceftarolina Fosamil Sterile,INGREDIENT,AIFA package table,Ceftarolina Fosamil Sterile,ceftarolina fosamil sterile,J01DI02,J01DI,J01DI02,monotherapy_confezioni,1040004,rxnav_atc_verified,DDInter329,ddinter_retrieval,0.935117
Ceftazidima,INGREDIENT,AIFA package table,Ceftazidima,ceftazidima,J01DD02,J01DD,J01DD02,monotherapy_confezioni,2191,rxnav_atc_verified,DDInter330,ddinter_retrieval,0.904411
Ceftazidima Pentaidrato Con Sodio Carbonato Sterile,INGREDIENT,AIFA package table,Ceftazidima Pentaidrato Con Sodio Carbonato Sterile,ceftazidima con sodio carbonato sterile,J01DD02,J01DD,J01DD02,monotherapy_confezioni,,not_found,,not_found,0.87039
Ceftibuten,INGREDIENT,AIFA package table,Ceftibuten,ceftibuten,J01DD14,J01DD,J01DD14,monotherapy_confezioni,20492,rxnav_atc_verified,DDInter331,ddinter_retrieval,0.949626
Ceftobiprolo Medocaril Sodico,INGREDIENT,AIFA package table,Ceftobiprolo Medocaril Sodico,ceftobiprolo medocaril,J01DI01,J01DI,J01DI01,monotherapy_confezioni,,not_found,DDInter329,ddinter_retrieval,0.902678
Ceftriaxone,INGREDIENT,AIFA package table,Ceftriaxone,ceftriaxone,J01DD04,J01DD,J01DD04,monotherapy_confezioni,2193,rxnav_atc_verified,DDInter334,ddinter_retrieval,0.951901
Ceftriaxone Disodico,INGREDIENT,AIFA package table,Ceftriaxone Disodico,ceftriaxone disodico,J01DD04,J01DD,J01DD04,monotherapy_confezioni,2193,rxnav_atc_verified,DDInter334,ddinter_retrieval,0.936268
Cefuroxima,INGREDIENT,AIFA package table,Cefuroxima,cefuroxima,J01DC02,J01DC,J01DC02,monotherapy_confezioni,2194,rxnav_atc_verified,DDInter335,ddinter_retrieval,0.921642
Celecoxib,INGREDIENT,AIFA package table,Celecoxib,celecoxib,M01AH01,M01AH,M01AH01,monotherapy_confezioni,140587,rxnav_atc_verified,DDInter336,ddinter_retrieval,0.945069
Celiprololo Cloridrato,INGREDIENT,AIFA package table,Celiprololo Cloridrato,celiprololo,C07AB08,C07AB,C07AB08,monotherapy_confezioni,20498,rxnav_atc_verified,,not_found,0.894572
Cellule Autologhe Cd34+ Codificanti Per Il Gene Arsa,INGREDIENT,AIFA package table,Cellule Autologhe Cd34+ Codificanti Per Il Gene Arsa,cellule autologhe cd34+ codificanti per il gene arsa,A16AB21,A16AB,A16AB21,monotherapy_confezioni,,not_found,,not_found,0.829121
Cellule Cd3 + Autologhe Trasdotte Anti-Cd19,INGREDIENT,AIFA package table,Cellule Cd3 + Autologhe Trasdotte Anti-Cd19,cellule cd3 + autologhe trasdotte anti-cd19,L01XL06,L01XL,L01XL06,monotherapy_confezioni,,not_found,,not_found,0.854296
Cellule Epiteliali Corneali Umane Autologhe Espanse Ex Vivo E Contenenti Cellule Staminali,INGREDIENT,AIFA package table,Cellule Epiteliali Corneali Umane Autologhe Espanse Ex Vivo E Contenenti Cellule Staminali,cellule epiteliali corneali umane autologhe espanse ex vivo e contenenti cellule staminali,S01XA19,S01XA,S01XA19,monotherapy_confezioni,,not_found,,not_found,0.875133
Cemiplimab,INGREDIENT,AIFA package table,Cemiplimab,cemiplimab,L01FF06,L01FF,L01FF06,monotherapy_confezioni,2058826,rxnav_atc_verified,DDInter337,ddinter_retrieval,0.940497
Cenegermin,INGREDIENT,AIFA package table,Cenegermin,cenegermin,S01XA24,S01XA,S01XA24,monotherapy_confezioni,2104332,rxnav_atc_verified,,not_found,0.853216
Cenobamato,INGREDIENT,AIFA package table,Cenobamato,cenobamato,N03AX25,N03AX,N03AX25,monotherapy_confezioni,2265690,rxnav_atc_verified,,not_found,0.888066
Centasina,INGREDIENT,AIFA package table,Centasina,centasina,C05CX,C05CX,C05CX,monotherapy_confezioni,,not_found,,not_found,0.848815
Ceritinib,INGREDIENT,AIFA package table,Ceritinib,ceritinib,L01ED02,L01ED,L01ED02,monotherapy_confezioni,1535457,rxnav_atc_verified,DDInter340,ddinter_retrieval,0.923455
Cerliponase Alfa,INGREDIENT,AIFA package table,Cerliponase Alfa,cerliponase alfa,A16AB17,A16AB,A16AB17,monotherapy_confezioni,1922436,rxnav_atc_verified,DDInter587,ddinter_retrieval,0.911413
Certolizumab Pegol,INGREDIENT,AIFA package table,Certolizumab Pegol,certolizumab pegol,L04AB05,L04AB,L04AB05,monotherapy_confezioni,709271,rxnav_atc_verified,DDInter342,ddinter_retrieval,0.949297
Cervello,INGREDIENT,AIFA package table,Cervello,cervello,V03AX,V03AX,V03AX,monotherapy_confezioni,,not_found,,not_found,0.835093
Cetilpiridinio Cloruro,INGREDIENT,AIFA package table,Cetilpiridinio Cloruro,cetilpiridinio cloruro,D08AJ03,D08AJ,D08AJ03,monotherapy_confezioni,,not_found,,not_found,0.888178
Cetirizina,INGREDIENT,AIFA package table,Cetirizina,cetirizina,R06AE07,R06AE,R06AE07,monotherapy_confezioni,20610,rxnav_atc_verified,DDInter343,ddinter_retrieval,0.912288
Cetirizina Dicloridrato,INGREDIENT,AIFA package table,Cetirizina Dicloridrato,cetirizina dicloridrato,R06AE07,R06AE,R06AE07,monotherapy_confezioni,20610,rxnav_atc_verified,DDInter343,ddinter_retrieval,0.908633
Cetrorelix,INGREDIENT,AIFA package table,Cetrorelix,cetrorelix,H01CC02,H01CC,H01CC02,monotherapy_confezioni,68147,rxnav_atc_verified,,not_found,0.881136
Cetuximab,INGREDIENT,AIFA package table,Cetuximab,cetuximab,L01FE01,L01FE,L01FE01,monotherapy_confezioni,318341,rxnav_atc_verified,DDInter344,ddinter_retrieval,0.933153
Chamomilla,INGREDIENT,AIFA package table,Chamomilla,chamomilla,V03AX,V03AX,V03AX,monotherapy_confezioni,,not_found,,not_found,0.882839
Chelidonium Majus,INGREDIENT,AIFA package table,Chelidonium Majus,chelidonium majus,V03AX,V03AX,V03AX,monotherapy_confezioni,,not_found,,not_found,0.859965
Chimaphila Umbellata,INGREDIENT,AIFA package table,Chimaphila Umbellata,chimaphila umbellata,V03AX,V03AX,V03AX,monotherapy_confezioni,,not_found,,not_found,0.874152
China,INGREDIENT,AIFA package table,China,china,V03AX,V03AX,V03AX,monotherapy_confezioni,,not_found,,not_found,0.852755
Chinina Cloridrato,INGREDIENT,AIFA package table,Chinina Cloridrato,chinina,P01BC01,P01BC,P01BC01,monotherapy_confezioni,9071,rxnav_atc_verified,DDInter1790,ddinter_retrieval,0.901475
Chinina Bicloridrato,INGREDIENT,AIFA package table,Chinina Bicloridrato,chinina bicloridrato,P01BC01,P01BC,P01BC01,monotherapy_confezioni,9071,rxnav_atc_verified,,not_found,0.894316
Chininum Arsenicosum,INGREDIENT,AIFA package table,Chininum Arsenicosum,chininum arsenicosum,V03AX,V03AX,V03AX,monotherapy_confezioni,,not_found,,not_found,0.877693
Chininum Sulfuricum,INGREDIENT,AIFA package table,Chininum Sulfuricum,chininum sulfuricum,V03AX,V03AX,V03AX,monotherapy_confezioni,,not_found,,not_found,0.880442
Cholesterinum,INGREDIENT,AIFA package table,Cholesterinum,cholesterinum,V03AX,V03AX,V03AX,monotherapy_confezioni,,not_found,,not_found,0.880178
Cianocobalamina,INGREDIENT,AIFA package table,Cianocobalamina,cianocobalamina,B03BA01,B03BA,B03BA01,monotherapy_confezioni,11248,rxnav_atc_verified,DDInter451,ddinter_retrieval,0.92271
Ciclesonide,INGREDIENT,AIFA package table,Ciclesonide,ciclesonide,R03BA08,R03BA,R03BA08,monotherapy_confezioni,274964,rxnav_atc_verified,DDInter375,ddinter_retrieval,0.933991
Ciclobenzaprina Cloridrato,INGREDIENT,AIFA package table,Ciclobenzaprina Cloridrato,ciclobenzaprina,M03BX08,M03BX,M03BX08,monotherapy_confezioni,21949,rxnav_atc_verified,DDInter454,ddinter_retrieval,0.905499
Ciclofosfamide,INGREDIENT,AIFA package table,Ciclofosfamide,ciclofosfamide,L01AA01,L01AA,L01AA01,monotherapy_confezioni,3002,rxnav_atc_verified,DDInter456,ddinter_retrieval,0.926827
Ciclofosfamide Monoidrata,INGREDIENT,AIFA package table,Ciclofosfamide Monoidrata,ciclofosfamide monoidrata,L01AA01,L01AA,L01AA01,monotherapy_confezioni,3002,rxnav_atc_verified,DDInter1240,ddinter_retrieval,0.904764
Ciclopentolato Cloridrato,INGREDIENT,AIFA package table,Ciclopentolato Cloridrato,ciclopentolato,S01FA04,S01FA,S01FA04,monotherapy_confezioni,3001,rxnav_atc_verified,DDInter374,ddinter_retrieval,0.90047
Ciclopirox,INGREDIENT,AIFA package table,Ciclopirox,ciclopirox,D01AE14,D01AE,D01AE14,monotherapy_confezioni,21090,rxnav_atc_verified,DDInter377,ddinter_retrieval,0.923502
Ciclopirox Sale Di Olamina,INGREDIENT,AIFA package table,Ciclopirox Sale Di Olamina,ciclopirox sale di olamina,G01AX12,G01AX,G01AX12,monotherapy_confezioni,52172,rxnav_atc_verified,,not_found,0.865382
Ciclosilicato Di Sodio E Zirconio,INGREDIENT,AIFA package table,Ciclosilicato Di Sodio E Zirconio,ciclosilicato e zirconio,V03AE10,V03AE,V03AE10,monotherapy_confezioni,,not_found,DDInter1694,ddinter_retrieval,0.933623
Ciclosporina,INGREDIENT,AIFA package table,Ciclosporina,ciclosporina,L04AD01,L04AD,L04AD01,monotherapy_confezioni,3008,rxnav_atc_verified,DDInter458,ddinter_retrieval,0.921232
Cicuta Virosa,INGREDIENT,AIFA package table,Cicuta Virosa,cicuta virosa,V03AX,V03AX,V03AX,monotherapy_confezioni,,not_found,,not_found,0.87491
Cidofovir,INGREDIENT,AIFA package table,Cidofovir,cidofovir,J05AB12,J05AB,J05AB12,monotherapy_confezioni,83171,rxnav_atc_verified,DDInter378,ddinter_retrieval,0.921318
Cilazapril,INGREDIENT,AIFA package table,Cilazapril,cilazapril,C09AA08,C09AA,C09AA08,monotherapy_confezioni,21102,rxnav_atc_verified,,not_found,0.875147
Cilostazolo,INGREDIENT,AIFA package table,Cilostazolo,cilostazolo,B01AC23,B01AC,B01AC23,monotherapy_confezioni,21107,rxnav_atc_verified,,not_found,0.89401
Ciltacabtagene Autoleucel,INGREDIENT,AIFA package table,Ciltacabtagene Autoleucel,ciltacabtagene autoleucel,L01XL05,L01XL,L01XL05,monotherapy_confezioni,2594775,rxnav_atc_verified,DDInter232,ddinter_retrieval,0.917994
Cimicifuga Estratto Secco,INGREDIENT,AIFA package table,Cimicifuga Estratto Secco,cimicifuga estratto secco,G02CX04,G02CX,G02CX04,monotherapy_confezioni,236665,rxnav_atc_verified,,not_found,0.871623
Cina,INGREDIENT,AIFA package table,Cina,cina,V03AX,V03AX,V03AX,monotherapy_confezioni,,not_found,,not_found,0.834249
Cinacalcet,INGREDIENT,AIFA package table,Cinacalcet,cinacalcet,H05BX01,H05BX,H05BX01,monotherapy_confezioni,407990,rxnav_atc_verified,DDInter381,ddinter_retrieval,0.940044
Cincocaina Cloridrato,INGREDIENT,AIFA package table,Cincocaina Cloridrato,cincocaina,V04CL,V04CL,V04CL,monotherapy_confezioni,,not_found,DDInter1790,ddinter_retrieval,0.900743
Cineraria Maritima,INGREDIENT,AIFA package table,Cineraria Maritima,cineraria maritima,V03AX,V03AX,V03AX,monotherapy_confezioni,,not_found,,not_found,0.86505
Cinnabaris,INGREDIENT,AIFA package table,Cinnabaris,cinnabaris,V03AX,V03AX,V03AX,monotherapy_confezioni,,not_found,,not_found,0.84069
Cinnamomum Zeylanicum,INGREDIENT,AIFA package table,Cinnamomum Zeylanicum,cinnamomum zeylanicum,V03AX,V03AX,V03AX,monotherapy_confezioni,,not_found,,not_found,0.85555
Cinnarizina,INGREDIENT,AIFA package table,Cinnarizina,cinnarizina,N07CA02,N07CA,N07CA02,monotherapy_confezioni,2549,rxnav_atc_verified,,not_found,0.879107
Cipaglucosidasi Alfa,INGREDIENT,AIFA package table,Cipaglucosidasi Alfa,cipaglucosidasi alfa,A16AB23,A16AB,A16AB23,monotherapy_confezioni,2667433,rxnav_atc_verified,DDInter104,ddinter_retrieval,0.905292
Ciproeptadina Cloridrato,INGREDIENT,AIFA package table,Ciproeptadina Cloridrato,ciproeptadina,R06AX02,R06AX,R06AX02,monotherapy_confezioni,3013,rxnav_atc_verified,DDInter459,ddinter_retrieval,0.901211
Ciprofloxacina,INGREDIENT,AIFA package table,Ciprofloxacina,ciprofloxacina,J01MA02,J01MA,J01MA02,monotherapy_confezioni,2551,rxnav_atc_verified,DDInter384,ddinter_retrieval,0.94506
Ciprofloxacina Lattato,INGREDIENT,AIFA package table,Ciprofloxacina Lattato,ciprofloxacina lattato,J01MA02,J01MA,J01MA02,monotherapy_confezioni,2551,rxnav_atc_verified,DDInter384,ddinter_retrieval,0.918122
Ciproterone Acetato,INGREDIENT,AIFA package table,Ciproterone Acetato,ciproterone,G03HA01,G03HA,G03HA01,monotherapy_confezioni,3014,rxnav_atc_verified,DDInter1141,ddinter_retrieval,0.90603
Cisatracurio Besilato,INGREDIENT,AIFA package table,Cisatracurio Besilato,cisatracurio,M03AC11,M03AC,M03AC11,monotherapy_confezioni,319864,rxnav_atc_verified,,not_found,0.884306
Cisplatino,INGREDIENT,AIFA package table,Cisplatino,cisplatino,L01XA01,L01XA,L01XA01,monotherapy_confezioni,2555,rxnav_atc_verified,DDInter387,ddinter_retrieval,0.914879
Cisteamina Cloridrato,INGREDIENT,AIFA package table,Cisteamina Cloridrato,cisteamina,S01XA21,S01XA,S01XA21,monotherapy_confezioni,3022,rxnav_atc_verified,,not_found,0.8883
Citalopram,INGREDIENT,AIFA package table,Citalopram,citalopram,N06AB04,N06AB,N06AB04,monotherapy_confezioni,2556,rxnav_atc_verified,DDInter388,ddinter_retrieval,0.924978
Citalopram Bromidrato,INGREDIENT,AIFA package table,Citalopram Bromidrato,citalopram bromidrato,N06AB04,N06AB,N06AB04,monotherapy_confezioni,2556,rxnav_atc_verified,DDInter388,ddinter_retrieval,0.914694
Citarabina,INGREDIENT,AIFA package table,Citarabina,citarabina,L01BC01,L01BC,L01BC01,monotherapy_confezioni,3041,rxnav_atc_verified,,not_found,0.89324
Citicolina,INGREDIENT,AIFA package table,Citicolina,citicolina,N06BX06,N06BX,N06BX06,monotherapy_confezioni,997602,rxnav_atc_verified,,not_found,0.858722
Citisina,INGREDIENT,AIFA package table,Citisina,citisina,N07BA04,N07BA,N07BA04,monotherapy_confezioni,1723152,rxnav_atc_verified,,not_found,0.885588
Citrullus Colocynthis,INGREDIENT,AIFA package table,Citrullus Colocynthis,citrullus colocynthis,V03AX,V03AX,V03AX,monotherapy_confezioni,,not_found,,not_found,0.85666
Cladribina,INGREDIENT,AIFA package table,Cladribina,cladribina,L04AA40,L04AA,L04AA40,monotherapy_confezioni,44157,rxnav_atc_verified,DDInter392,ddinter_retrieval,0.911651
Claritromicina,INGREDIENT,AIFA package table,Claritromicina,claritromicina,J01FA09,J01FA,J01FA09,monotherapy_confezioni,21212,rxnav_atc_verified,DDInter393,ddinter_retrieval,0.918583
Claritromicina Lattobionato,INGREDIENT,AIFA package table,Claritromicina Lattobionato,claritromicina lattobionato,J01FA09,J01FA,J01FA09,monotherapy_confezioni,21212,rxnav_atc_verified,DDInter393,ddinter_retrieval,0.902612
Clascoterone,INGREDIENT,AIFA package table,Clascoterone,clascoterone,D10AX06,D10AX,D10AX06,monotherapy_confezioni,2474340,rxnav_atc_verified,,not_found,0.871952
Clebopride Malato Acido,INGREDIENT,AIFA package table,Clebopride Malato Acido,clebopride malato acido,A03FA06,A03FA,A03FA06,monotherapy_confezioni,236701,rxnav_atc_verified,DDInter449,ddinter_retrieval,0.910719
Clematis Recta,INGREDIENT,AIFA package table,Clematis Recta,clematis recta,V03AX,V03AX,V03AX,monotherapy_confezioni,,not_found,,not_found,0.874914
Clenbuterolo Cloridrato,INGREDIENT,AIFA package table,Clenbuterolo Cloridrato,clenbuterolo,R03CC13,R03CC,R03CC13,monotherapy_confezioni,2580,rxnav_atc_verified,,not_found,0.895189
Clevidipina,INGREDIENT,AIFA package table,Clevidipina,clevidipina,C08CA16,C08CA,C08CA16,monotherapy_confezioni,233603,rxnav_atc_verified,DDInter396,ddinter_retrieval,0.91965
Clindamicina,INGREDIENT,AIFA package table,Clindamicina,clindamicina,J01FF01,J01FF,J01FF01,monotherapy_confezioni,2582,rxnav_atc_verified,DDInter398,ddinter_retrieval,0.91781
Clobazam,INGREDIENT,AIFA package table,Clobazam,clobazam,N05BA09,N05BA,N05BA09,monotherapy_confezioni,21241,rxnav_atc_verified,DDInter401,ddinter_retrieval,0.929283
Clobetasol,INGREDIENT,AIFA package table,Clobetasol,clobetasol,S01BA,S01BA,S01BA,monotherapy_confezioni,2590,rxnav_atc_verified,DDInter402,ddinter_retrieval,0.933671
Clobetasolo Propionato,INGREDIENT,AIFA package table,Clobetasolo Propionato,clobetasolo propionato,D07AD01,D07AD,D07AD01,monotherapy_confezioni,21245,rxnav_atc_verified,DDInter168,ddinter_retrieval,0.902643
Clobetasone Butirrato,INGREDIENT,AIFA package table,Clobetasone Butirrato,clobetasone butirrato,S01BA09,S01BA,S01BA09,monotherapy_confezioni,108074,rxnav_atc_verified,DDInter402,ddinter_retrieval,0.914756
Clofarabina,INGREDIENT,AIFA package table,Clofarabina,clofarabina,L01BB06,L01BB,L01BB06,monotherapy_confezioni,44151,rxnav_atc_verified,DDInter405,ddinter_retrieval,0.909605
Clofoctolo,INGREDIENT,AIFA package table,Clofoctolo,clofoctolo,J01XX03,J01XX,J01XX03,monotherapy_confezioni,21264,rxnav_atc_verified,,not_found,0.892691
Clomifene Citrato,INGREDIENT,AIFA package table,Clomifene Citrato,clomifene,G03GB02,G03GB,G03GB02,monotherapy_confezioni,2596,rxnav_atc_verified,DDInter409,ddinter_retrieval,0.934265
Clomipramina Cloridrato,INGREDIENT,AIFA package table,Clomipramina Cloridrato,clomipramina,N06AA04,N06AA,N06AA04,monotherapy_confezioni,2597,rxnav_atc_verified,DDInter410,ddinter_retrieval,0.92975
Clonazepam,INGREDIENT,AIFA package table,Clonazepam,clonazepam,N03AE01,N03AE,N03AE01,monotherapy_confezioni,2598,rxnav_atc_verified,DDInter411,ddinter_retrieval,0.938411
Clonidina,INGREDIENT,AIFA package table,Clonidina,clonidina,C02AC01,C02AC,C02AC01,monotherapy_confezioni,2599,rxnav_atc_verified,,not_found,0.898205
Cloperastina Cloridrato,INGREDIENT,AIFA package table,Cloperastina Cloridrato,cloperastina,R05DB21,R05DB,R05DB21,monotherapy_confezioni,2104180,rxnav_atc_verified,,not_found,0.897371
Cloperastina Fendizoato,INGREDIENT,AIFA package table,Cloperastina Fendizoato,cloperastina fendizoato,R05DB21,R05DB,R05DB21,monotherapy_confezioni,2104180,rxnav_atc_verified,,not_found,0.881694
Clopidogrel,INGREDIENT,AIFA package table,Clopidogrel,clopidogrel,B01AC04,B01AC,B01AC04,monotherapy_confezioni,32968,rxnav_atc_verified,DDInter413,ddinter_retrieval,0.942572
Clopidogrel Idrogeno Solfato,INGREDIENT,AIFA package table,Clopidogrel Idrogeno Solfato,clopidogrel idrogeno,B01AC04,B01AC,B01AC04,monotherapy_confezioni,32968,rxnav_atc_verified,DDInter413,ddinter_retrieval,0.921048
Clorambucile,INGREDIENT,AIFA package table,Clorambucile,clorambucile,L01AA02,L01AA,L01AA02,monotherapy_confezioni,2346,rxnav_atc_verified,DDInter350,ddinter_retrieval,0.908301
Cloramfenicolo,INGREDIENT,AIFA package table,Cloramfenicolo,cloramfenicolo,S01AA01,S01AA,S01AA01,monotherapy_confezioni,,not_found,DDInter351,ddinter_retrieval,0.90076
Cloramina,INGREDIENT,AIFA package table,Cloramina,cloramina,D08AX04,D08AX,D08AX04,monotherapy_confezioni,,not_found,,not_found,0.872567
Cloramina T (Tosilcloramide Sodica),INGREDIENT,AIFA package table,Cloramina T (Tosilcloramide Sodica),cloramina t (tosilcloramide ),D08AX04,D08AX,D08AX04,monotherapy_confezioni,,not_found,DDInter1858,ddinter_retrieval,0.907211
Clorazepato Dipotassico,INGREDIENT,AIFA package table,Clorazepato Dipotassico,clorazepato dipotassico,N05BA05,N05BA,N05BA05,monotherapy_confezioni,2607,rxnav_atc_verified,DDInter30,ddinter_retrieval,0.925427
Clordiazepossido Cloridrato,INGREDIENT,AIFA package table,Clordiazepossido Cloridrato,clordiazepossido,N05BA02,N05BA,N05BA02,monotherapy_confezioni,2356,rxnav_atc_verified,DDInter355,ddinter_retrieval,0.901528
Clorexidina Digluconato,INGREDIENT,AIFA package table,Clorexidina Digluconato,clorexidina digluconato,A01AB03,A01AB,A01AB03,monotherapy_confezioni,2358,rxnav_atc_verified,DDInter168,ddinter_retrieval,0.903644
Clorexidina Gluconato,INGREDIENT,AIFA package table,Clorexidina Gluconato,clorexidina gluconato,A01AB03,A01AB,A01AB03,monotherapy_confezioni,20791,rxnav_atc_verified,DDInter275,ddinter_retrieval,0.910825
Clorfenamina Maleato,INGREDIENT,AIFA package table,Clorfenamina Maleato,clorfenamina,R06AB04,R06AB,R06AB04,monotherapy_confezioni,2400,rxnav_atc_verified,DDInter1145,ddinter_retrieval,0.907968
Clormetina,INGREDIENT,AIFA package table,Clormetina,clormetina,L01AA05,L01AA,L01AA05,monotherapy_confezioni,6674,rxnav_atc_verified,,not_found,0.877364
Cloroprocaina Cloridrato,INGREDIENT,AIFA package table,Cloroprocaina Cloridrato,cloroprocaina,N01BA04,N01BA,N01BA04,monotherapy_confezioni,20859,rxnav_atc_verified,DDInter358,ddinter_retrieval,0.924252
Clorpromazina,INGREDIENT,AIFA package table,Clorpromazina,clorpromazina,N05AA01,N05AA,N05AA01,monotherapy_confezioni,2403,rxnav_atc_verified,DDInter363,ddinter_retrieval,0.919637
Clortalidone,INGREDIENT,AIFA package table,Clortalidone,clortalidone,C03BA04,C03BA,C03BA04,monotherapy_confezioni,2409,rxnav_atc_verified,DDInter365,ddinter_retrieval,0.907437
Clortetraciclina Cloridrato,INGREDIENT,AIFA package table,Clortetraciclina Cloridrato,clortetraciclina,D06AA02,D06AA,D06AA02,monotherapy_confezioni,2408,rxnav_atc_verified,,not_found,0.897167
Calcio Cloruro,INGREDIENT,AIFA package table,Calcio Cloruro,cloruro,B05XA07,B05XA,B05XA07,monotherapy_confezioni,1901,rxnav_atc_verified,,not_found,0.873371
Cloruro Di Calcio,INGREDIENT,AIFA package table,Cloruro Di Calcio,cloruro di,B05XA07,B05XA,B05XA07,monotherapy_confezioni,1901,rxnav_atc_verified,,not_found,0.886548
Cloruro Di Tallio (201-Tl)*,INGREDIENT,AIFA package table,Cloruro Di Tallio (201-Tl)*,cloruro di tallio (201-tl)*,V09GX01,V09GX,V09GX01,monotherapy_confezioni,91588,rxnav_atc_verified,,not_found,0.889184
Calcio Cloruro Diidrato,INGREDIENT,AIFA package table,Calcio Cloruro Diidrato,cloruro diidrato,B05XA07,B05XA,B05XA07,monotherapy_confezioni,1901,rxnav_atc_verified,,not_found,0.877174
Clostridium Botulinum,INGREDIENT,AIFA package table,Clostridium Botulinum,clostridium botulinum,M03AX01,M03AX,M03AX01,monotherapy_confezioni,,not_found,,not_found,0.888542
Clotiapina,INGREDIENT,AIFA package table,Clotiapina,clotiapina,N05AH06,N05AH,N05AH06,monotherapy_confezioni,2620,rxnav_atc_verified,,not_found,0.866301
Clotiazepam,INGREDIENT,AIFA package table,Clotiazepam,clotiazepam,N05BA21,N05BA,N05BA21,monotherapy_confezioni,2622,rxnav_atc_verified,DDInter411,ddinter_retrieval,0.913222
Clotrimazolo,INGREDIENT,AIFA package table,Clotrimazolo,clotrimazolo,D01AC01,D01AC,D01AC01,monotherapy_confezioni,2623,rxnav_atc_verified,DDInter416,ddinter_retrieval,0.916212
Clozapina,INGREDIENT,AIFA package table,Clozapina,clozapina,N05AH02,N05AH,N05AH02,monotherapy_confezioni,2626,rxnav_atc_verified,DDInter419,ddinter_retrieval,0.90385
Cobamamide,INGREDIENT,AIFA package table,Cobamamide,cobamamide,B03BA04,B03BA,B03BA04,monotherapy_confezioni,21373,rxnav_atc_verified,,not_found,0.879029
Cobimetinib,INGREDIENT,AIFA package table,Cobimetinib,cobimetinib,L01EE02,L01EE,L01EE02,monotherapy_confezioni,1722365,rxnav_atc_verified,DDInter425,ddinter_retrieval,0.929081
Cocculus,INGREDIENT,AIFA package table,Cocculus,cocculus,V03AX,V03AX,V03AX,monotherapy_confezioni,,not_found,,not_found,0.832326
Coffea,INGREDIENT,AIFA package table,Coffea,coffea,V03AX,V03AX,V03AX,monotherapy_confezioni,,not_found,,not_found,0.849862
Colchicina,INGREDIENT,AIFA package table,Colchicina,colchicina,M04AC01,M04AC,M04AC01,monotherapy_confezioni,2683,rxnav_atc_verified,DDInter431,ddinter_retrieval,0.912664
Colchicum Autumnale,INGREDIENT,AIFA package table,Colchicum Autumnale,colchicum autumnale,V03AX,V03AX,V03AX,monotherapy_confezioni,,not_found,,not_found,0.874352
Colecalciferolo,INGREDIENT,AIFA package table,Colecalciferolo,colecalciferolo,A11CC05,A11CC,A11CC05,monotherapy_confezioni,2418,rxnav_atc_verified,DDInter367,ddinter_retrieval,0.900815
Colestiramina Cloridrato,INGREDIENT,AIFA package table,Colestiramina Cloridrato,colestiramina,C10AC01,C10AC,C10AC01,monotherapy_confezioni,2447,rxnav_atc_verified,DDInter416,ddinter_retrieval,0.91309
Colibacillinum,INGREDIENT,AIFA package table,Colibacillinum,colibacillinum,V03AX,V03AX,V03AX,monotherapy_confezioni,,not_found,,not_found,0.869797
Colina Alfoscerato,INGREDIENT,AIFA package table,Colina Alfoscerato,colina alfoscerato,N07AX02,N07AX,N07AX02,monotherapy_confezioni,,not_found,,not_found,0.863115
Colistimetato Sodico,INGREDIENT,AIFA package table,Colistimetato Sodico,colistimetato,J01XB01,J01XB,J01XB01,monotherapy_confezioni,2708,rxnav_atc_verified,DDInter1684,ddinter_retrieval,0.904603
Collagenasi,INGREDIENT,AIFA package table,Collagenasi,collagenasi,D03BA52,D03BA,D03BA52,monotherapy_confezioni,58939,rxnav_atc_verified,,not_found,0.885723
Collagene,INGREDIENT,AIFA package table,Collagene,collagene,V03AX,V03AX,V03AX,monotherapy_confezioni,,not_found,,not_found,0.886288
Collinsonia Canadensis,INGREDIENT,AIFA package table,Collinsonia Canadensis,collinsonia canadensis,V03AX,V03AX,V03AX,monotherapy_confezioni,,not_found,,not_found,0.82624
Colon,INGREDIENT,AIFA package table,Colon,colon,V03AX,V03AX,V03AX,monotherapy_confezioni,,not_found,,not_found,0.842532
Complesso Di Coordinazione Del Citrato Ferrico,INGREDIENT,AIFA package table,Complesso Di Coordinazione Del Citrato Ferrico,complesso di coordinazione del ferrico,V03AE08,V03AE,V03AE08,monotherapy_confezioni,,not_found,,not_found,0.887612
Complesso Protrombinico Antiemofilico Umano Attivato,INGREDIENT,AIFA package table,Complesso Protrombinico Antiemofilico Umano Attivato,complesso protrombinico antiemofilico umano attivato,B02BD03,B02BD,B02BD03,monotherapy_confezioni,,not_found,DDInter102,ddinter_retrieval,0.901188
Complesso Protrombinico Umano,INGREDIENT,AIFA package table,Complesso Protrombinico Umano,complesso protrombinico umano,B02BD01,B02BD,B02BD01,monotherapy_confezioni,,not_found,DDInter1944,ddinter_retrieval,0.906416
Complesso Vitaminico,INGREDIENT,AIFA package table,Complesso Vitaminico,complesso vitaminico,A11EA,A11EA,A11EA,monotherapy_confezioni,,not_found,,not_found,0.89557
Concizumab,INGREDIENT,AIFA package table,Concizumab,concizumab,B02BX10,B02BX,B02BX10,monotherapy_confezioni,2708333,rxnav_atc_verified,,not_found,0.880407
Condroitin Sodio Solfato,INGREDIENT,AIFA package table,Condroitin Sodio Solfato,condroitin sodio,M01AX25,M01AX,M01AX25,monotherapy_confezioni,2473,rxnav_atc_verified,DDInter371,ddinter_retrieval,0.923018
Condurango,INGREDIENT,AIFA package table,Condurango,condurango,V03AX,V03AX,V03AX,monotherapy_confezioni,,not_found,,not_found,0.832121
Conestat Alfa,INGREDIENT,AIFA package table,Conestat Alfa,conestat alfa,B06AC04,B06AC,B06AC04,monotherapy_confezioni,1599831,rxnav_atc_verified,DDInter437,ddinter_retrieval,0.945078
Conium Maculatum,INGREDIENT,AIFA package table,Conium Maculatum,conium maculatum,V03AX,V03AX,V03AX,monotherapy_confezioni,,not_found,,not_found,0.851156
Convallaria Majalis,INGREDIENT,AIFA package table,Convallaria Majalis,convallaria majalis,V03AX,V03AX,V03AX,monotherapy_confezioni,,not_found,,not_found,0.856828
Corifollitropina Alfa,INGREDIENT,AIFA package table,Corifollitropina Alfa,corifollitropina alfa,G03GA09,G03GA,G03GA09,monotherapy_confezioni,,not_found,DDInter1800,ddinter_retrieval,0.913391
Coriogonadotropina Alfa,INGREDIENT,AIFA package table,Coriogonadotropina Alfa,coriogonadotropina alfa,G03GA08,G03GA,G03GA08,monotherapy_confezioni,283550,rxnav_atc_verified,DDInter605,ddinter_retrieval,0.92169
Cortisone Acetato,INGREDIENT,AIFA package table,Cortisone Acetato,cortisone,H02AB10,H02AB,H02AB10,monotherapy_confezioni,2878,rxnav_atc_verified,DDInter885,ddinter_retrieval,0.908248
Crataegus,INGREDIENT,AIFA package table,Crataegus,crataegus,V03AX,V03AX,V03AX,monotherapy_confezioni,,not_found,,not_found,0.834302
Crisantaspase,INGREDIENT,AIFA package table,Crisantaspase,crisantaspase,L01XX02,L01XX,L01XX02,monotherapy_confezioni,1431738,rxnav_atc_verified,,not_found,0.876004
Crizotinib,INGREDIENT,AIFA package table,Crizotinib,crizotinib,L01ED01,L01ED,L01ED01,monotherapy_confezioni,1148495,rxnav_atc_verified,DDInter448,ddinter_retrieval,0.931795
Crotamitone,INGREDIENT,AIFA package table,Crotamitone,crotamitone,D04AX,D04AX,D04AX,monotherapy_confezioni,,not_found,,not_found,0.871042
Croton Tiglium,INGREDIENT,AIFA package table,Croton Tiglium,croton tiglium,V03AX,V03AX,V03AX,monotherapy_confezioni,,not_found,,not_found,0.869094
Crovalimab,INGREDIENT,AIFA package table,Crovalimab,crovalimab,L04AJ07,L04AJ,L04AJ07,monotherapy_confezioni,2686619,rxnav_atc_verified,,not_found,0.876745
Cuprum Aceticum,INGREDIENT,AIFA package table,Cuprum Aceticum,cuprum aceticum,V03AX,V03AX,V03AX,monotherapy_confezioni,,not_found,,not_found,0.868177
Cuprum Metallicum,INGREDIENT,AIFA package table,Cuprum Metallicum,cuprum metallicum,V03AX,V03AX,V03AX,monotherapy_confezioni,,not_found,,not_found,0.852709
Cuprum Sulfuricum,INGREDIENT,AIFA package table,Cuprum Sulfuricum,cuprum sulfuricum,V03AX,V03AX,V03AX,monotherapy_confezioni,,not_found,,not_found,0.870459
Cyclamen Europaeum,INGREDIENT,AIFA package table,Cyclamen Europaeum,cyclamen europaeum,V03AX,V03AX,V03AX,monotherapy_confezioni,,not_found,,not_found,0.860085
Cytomegalovirus,INGREDIENT,AIFA package table,Cytomegalovirus,cytomegalovirus,V03AX,V03AX,V03AX,monotherapy_confezioni,,not_found,,not_found,0.89657
Dabigatran Etexilato,INGREDIENT,AIFA package table,Dabigatran Etexilato,dabigatran etexilato,B01AE07,B01AE,B01AE07,monotherapy_confezioni,1037042,rxnav_atc_verified,,not_found,0.893891
Dabrafenib,INGREDIENT,AIFA package table,Dabrafenib,dabrafenib,L01EC02,L01EC,L01EC02,monotherapy_confezioni,1424911,rxnav_atc_verified,DDInter462,ddinter_retrieval,0.937781
Dacarbazina,INGREDIENT,AIFA package table,Dacarbazina,dacarbazina,L01AX04,L01AX,L01AX04,monotherapy_confezioni,3098,rxnav_atc_verified,DDInter463,ddinter_retrieval,0.906641
Dacomitinib,INGREDIENT,AIFA package table,Dacomitinib,dacomitinib,L01EB07,L01EB,L01EB07,monotherapy_confezioni,2058849,rxnav_atc_verified,DDInter465,ddinter_retrieval,0.938145
Dactinomicina,INGREDIENT,AIFA package table,Dactinomicina,dactinomicina,L01DA01,L01DA,L01DA01,monotherapy_confezioni,3100,rxnav_atc_verified,DDInter466,ddinter_retrieval,0.92882
Dalbavancina,INGREDIENT,AIFA package table,Dalbavancina,dalbavancina,J01XA04,J01XA,J01XA04,monotherapy_confezioni,1539239,rxnav_atc_verified,DDInter467,ddinter_retrieval,0.908249
Damlecovateina,INGREDIENT,AIFA package table,Damlecovateina,damlecovateina,J07BN04,J07BN,J07BN04,monotherapy_confezioni,,not_found,,not_found,0.859693
Damoctocog Alfa Pegol,INGREDIENT,AIFA package table,Damoctocog Alfa Pegol,damoctocog alfa pegol,B02BD02,B02BD,B02BD02,monotherapy_confezioni,,not_found,,not_found,0.894682
Danaparoid Sodico,INGREDIENT,AIFA package table,Danaparoid Sodico,danaparoid,B01AB09,B01AB,B01AB09,monotherapy_confezioni,78484,rxnav_atc_verified,DDInter471,ddinter_retrieval,0.924599
Danazolo,INGREDIENT,AIFA package table,Danazolo,danazolo,G03XA01,G03XA,G03XA01,monotherapy_confezioni,3102,rxnav_atc_verified,,not_found,0.890763
Danicopan,INGREDIENT,AIFA package table,Danicopan,danicopan,L04AJ09,L04AJ,L04AJ09,monotherapy_confezioni,2678952,rxnav_atc_verified,,not_found,0.872825
Dantrolene,INGREDIENT,AIFA package table,Dantrolene,dantrolene,M03CA01,M03CA,M03CA01,monotherapy_confezioni,3105,rxnav_atc_verified,DDInter473,ddinter_retrieval,0.935852
Dapagliflozin,INGREDIENT,AIFA package table,Dapagliflozin,dapagliflozin,A10BK01,A10BK,A10BK01,monotherapy_confezioni,1488564,rxnav_atc_verified,DDInter474,ddinter_retrieval,0.92715
Dapagliflozin Propanediolo Monoidrato,INGREDIENT,AIFA package table,Dapagliflozin Propanediolo Monoidrato,dapagliflozin propanediolo,A10BK01,A10BK,A10BK01,monotherapy_confezioni,1486966,rxnav_atc_verified,,not_found,0.891928
Dapiprazolo Cloridrato,INGREDIENT,AIFA package table,Dapiprazolo Cloridrato,dapiprazolo,S01EX02,S01EX,S01EX02,monotherapy_confezioni,22298,rxnav_atc_verified,DDInter414,ddinter_retrieval,0.911531
Dapoxetina,INGREDIENT,AIFA package table,Dapoxetina,dapoxetina,G04BX14,G04BX,G04BX14,monotherapy_confezioni,,not_found,DDInter608,ddinter_retrieval,0.908793
Daptomicina,INGREDIENT,AIFA package table,Daptomicina,daptomicina,J01XX09,J01XX,J01XX09,monotherapy_confezioni,22299,rxnav_atc_verified,DDInter477,ddinter_retrieval,0.92515
Daratumumab,INGREDIENT,AIFA package table,Daratumumab,daratumumab,L01FC01,L01FC,L01FC01,monotherapy_confezioni,1721947,rxnav_atc_verified,DDInter478,ddinter_retrieval,0.923812
Darbepoetina Alfa,INGREDIENT,AIFA package table,Darbepoetina Alfa,darbepoetina alfa,B03XA02,B03XA,B03XA02,monotherapy_confezioni,283838,rxnav_atc_verified,DDInter479,ddinter_retrieval,0.944822
Daridorexant,INGREDIENT,AIFA package table,Daridorexant,daridorexant,N05CJ03,N05CJ,N05CJ03,monotherapy_confezioni,2591497,rxnav_atc_verified,,not_found,0.88959
Darolutamide,INGREDIENT,AIFA package table,Darolutamide,darolutamide,L02BB06,L02BB,L02BB06,monotherapy_confezioni,2180325,rxnav_atc_verified,DDInter481,ddinter_retrieval,0.919088
Darunavir,INGREDIENT,AIFA package table,Darunavir,darunavir,J05AE10,J05AE,J05AE10,monotherapy_confezioni,460132,rxnav_atc_verified,DDInter482,ddinter_retrieval,0.923181
Darunavir Etanolato,INGREDIENT,AIFA package table,Darunavir Etanolato,darunavir etanolato,J05AE10,J05AE,J05AE10,monotherapy_confezioni,644682,rxnav_atc_verified,DDInter482,ddinter_retrieval,0.90031
Dasatinib,INGREDIENT,AIFA package table,Dasatinib,dasatinib,L01EA02,L01EA,L01EA02,monotherapy_confezioni,475342,rxnav_atc_verified,DDInter484,ddinter_retrieval,0.934062
Datopotamab Deruxtecan,INGREDIENT,AIFA package table,Datopotamab Deruxtecan,datopotamab deruxtecan,L01FX35,L01FX,L01FX35,monotherapy_confezioni,2703033,rxnav_atc_verified,DDInter1847,ddinter_retrieval,0.919198
Datura Stramonium,INGREDIENT,AIFA package table,Datura Stramonium,datura stramonium,V03AX,V03AX,V03AX,monotherapy_confezioni,,not_found,,not_found,0.853286
Daunorubicina Cloridrato,INGREDIENT,AIFA package table,Daunorubicina Cloridrato,daunorubicina,L01DB02,L01DB,L01DB02,monotherapy_confezioni,3109,rxnav_atc_verified,DDInter485,ddinter_retrieval,0.901119
Decitabina,INGREDIENT,AIFA package table,Decitabina,decitabina,L01BC08,L01BC,L01BC08,monotherapy_confezioni,15657,rxnav_atc_verified,DDInter487,ddinter_retrieval,0.916072
Deferasirox,INGREDIENT,AIFA package table,Deferasirox,deferasirox,V03AC03,V03AC,V03AC03,monotherapy_confezioni,614373,rxnav_atc_verified,DDInter488,ddinter_retrieval,0.94343
Deferiprone,INGREDIENT,AIFA package table,Deferiprone,deferiprone,V03AC02,V03AC,V03AC02,monotherapy_confezioni,11645,rxnav_atc_verified,DDInter489,ddinter_retrieval,0.952786
Deferoxamina Mesilato,INGREDIENT,AIFA package table,Deferoxamina Mesilato,deferoxamina,V03AC01,V03AC,V03AC01,monotherapy_confezioni,3131,rxnav_atc_verified,DDInter490,ddinter_retrieval,0.920828
Defibrotide,INGREDIENT,AIFA package table,Defibrotide,defibrotide,B01AX01,B01AX,B01AX01,monotherapy_confezioni,1311089,rxnav_atc_verified,DDInter491,ddinter_retrieval,0.943203
Deflazacort,INGREDIENT,AIFA package table,Deflazacort,deflazacort,H02AB13,H02AB,H02AB13,monotherapy_confezioni,22396,rxnav_atc_verified,DDInter492,ddinter_retrieval,0.953678
Degarelix,INGREDIENT,AIFA package table,Degarelix,degarelix,L02BX02,L02BX,L02BX02,monotherapy_confezioni,475230,rxnav_atc_verified,DDInter493,ddinter_retrieval,0.934055
Delafloxacina,INGREDIENT,AIFA package table,Delafloxacina,delafloxacina,J01MA23,J01MA,J01MA23,monotherapy_confezioni,1927663,rxnav_atc_verified,DDInter495,ddinter_retrieval,0.954453
Delamanid,INGREDIENT,AIFA package table,Delamanid,delamanid,J04AK06,J04AK,J04AK06,monotherapy_confezioni,,not_found,,not_found,0.857928
Delgocitinib,INGREDIENT,AIFA package table,Delgocitinib,delgocitinib,D11AH11,D11AH,D11AH11,monotherapy_confezioni,2721163,rxnav_atc_verified,DDInter465,ddinter_retrieval,0.901216
Delorazepam,INGREDIENT,AIFA package table,Delorazepam,delorazepam,N05BA,N05BA,N05BA,monotherapy_confezioni,6470,rxnav_atc_verified,,not_found,0.893223
Denosumab,INGREDIENT,AIFA package table,Denosumab,denosumab,M05BX04,M05BX,M05BX04,monotherapy_confezioni,993449,rxnav_atc_verified,DDInter500,ddinter_retrieval,0.935119
Depemokimab,INGREDIENT,AIFA package table,Depemokimab,depemokimab,R03DX12,R03DX,R03DX12,monotherapy_confezioni,2729265,rxnav_atc_verified,,not_found,0.87783
Dequalinio Cloruro,INGREDIENT,AIFA package table,Dequalinio Cloruro,dequalinio cloruro,R02AA02,R02AA,R02AA02,monotherapy_confezioni,3226,rxnav_atc_verified,DDInter1790,ddinter_retrieval,0.903248
Dermatan Sodio Solfato,INGREDIENT,AIFA package table,Dermatan Sodio Solfato,dermatan sodio,B01AX04,B01AX,B01AX04,monotherapy_confezioni,,not_found,DDInter371,ddinter_retrieval,0.907142
Desametasone,INGREDIENT,AIFA package table,Desametasone,desametasone,H02AB02,H02AB,H02AB02,monotherapy_confezioni,3264,rxnav_atc_verified,DDInter513,ddinter_retrieval,0.925451
Desametasone 21-Fosfato Disodico,INGREDIENT,AIFA package table,Desametasone 21-Fosfato Disodico,desametasone 21- disodico,H02AB02,H02AB,H02AB02,monotherapy_confezioni,22690,rxnav_atc_verified,DDInter168,ddinter_retrieval,0.903131
Desametasone Sodio Fosfato,INGREDIENT,AIFA package table,Desametasone Sodio Fosfato,desametasone sodio,H02AB02,H02AB,H02AB02,monotherapy_confezioni,3264,rxnav_atc_verified,DDInter1684,ddinter_retrieval,0.915434
Desclorfeniramina Maleato,INGREDIENT,AIFA package table,Desclorfeniramina Maleato,desclorfeniramina,R06AB02,R06AB,R06AB02,monotherapy_confezioni,22696,rxnav_atc_verified,DDInter518,ddinter_retrieval,0.910108
Desflurano,INGREDIENT,AIFA package table,Desflurano,desflurano,N01AB07,N01AB,N01AB07,monotherapy_confezioni,27340,rxnav_atc_verified,,not_found,0.899479
Desloratadina,INGREDIENT,AIFA package table,Desloratadina,desloratadina,R06AX27,R06AX,R06AX27,monotherapy_confezioni,275635,rxnav_atc_verified,DDInter506,ddinter_retrieval,0.929562
Desmopressina Acetato,INGREDIENT,AIFA package table,Desmopressina Acetato,desmopressina,H01BA02,H01BA,H01BA02,monotherapy_confezioni,3251,rxnav_atc_verified,DDInter507,ddinter_retrieval,0.944391
Desmopressina Acetato Idrato,INGREDIENT,AIFA package table,Desmopressina Acetato Idrato,desmopressina idrato,H01BA02,H01BA,H01BA02,monotherapy_confezioni,3251,rxnav_atc_verified,DDInter507,ddinter_retrieval,0.925631
Desogestrel,INGREDIENT,AIFA package table,Desogestrel,desogestrel,G03AC09,G03AC,G03AC09,monotherapy_confezioni,22656,rxnav_atc_verified,DDInter508,ddinter_retrieval,0.93998
Desossimetasone,INGREDIENT,AIFA package table,Desossimetasone,desossimetasone,D07AC03,D07AC,D07AC03,monotherapy_confezioni,3255,rxnav_atc_verified,DDInter513,ddinter_retrieval,0.91508
Desossiribonucleasi,INGREDIENT,AIFA package table,Desossiribonucleasi,desossiribonucleasi,R05CB13,R05CB,R05CB13,monotherapy_confezioni,,not_found,,not_found,0.865146
Destrometorfano Bromidrato,INGREDIENT,AIFA package table,Destrometorfano Bromidrato,destrometorfano bromidrato,R05DA09,R05DA,R05DA09,monotherapy_confezioni,,not_found,,not_found,0.891751
Desvenlafaxina,INGREDIENT,AIFA package table,Desvenlafaxina,desvenlafaxina,N06AX23,N06AX,N06AX23,monotherapy_confezioni,734064,rxnav_atc_verified,DDInter511,ddinter_retrieval,0.948406
Deucravacitinib,INGREDIENT,AIFA package table,Deucravacitinib,deucravacitinib,L04AF07,L04AF,L04AF07,monotherapy_confezioni,2612087,rxnav_atc_verified,,not_found,0.884329
Deutetrabenazine,INGREDIENT,AIFA package table,Deutetrabenazine,deutetrabenazine,N07XX16,N07XX,N07XX16,monotherapy_confezioni,1876905,rxnav_atc_verified,DDInter512,ddinter_retrieval,0.941936
Dexamfetamina Solfato,INGREDIENT,AIFA package table,Dexamfetamina Solfato,dexamfetamina,N06BA02,N06BA,N06BA02,monotherapy_confezioni,3288,rxnav_atc_verified,DDInter513,ddinter_retrieval,0.912013
Dexibuprofene,INGREDIENT,AIFA package table,Dexibuprofene,dexibuprofene,M01AE14,M01AE,M01AE14,monotherapy_confezioni,,not_found,DDInter518,ddinter_retrieval,0.902766
Dexketoprofene,INGREDIENT,AIFA package table,Dexketoprofene,dexketoprofene,M01AE17,M01AE,M01AE17,monotherapy_confezioni,237162,rxnav_atc_verified,,not_found,0.89576
Dexketoprofene Sale Di Trometamolo,INGREDIENT,AIFA package table,Dexketoprofene Sale Di Trometamolo,dexketoprofene sale di trometamolo,M01AE17,M01AE,M01AE17,monotherapy_confezioni,233386,rxnav_atc_verified,,not_found,0.886917
Dexketoprofene Trometamolo,INGREDIENT,AIFA package table,Dexketoprofene Trometamolo,dexketoprofene trometamolo,M01AE17,M01AE,M01AE17,monotherapy_confezioni,233386,rxnav_atc_verified,DDInter526,ddinter_retrieval,0.904979
Dexmedetomidina,INGREDIENT,AIFA package table,Dexmedetomidina,dexmedetomidina,N05CM18,N05CM,N05CM18,monotherapy_confezioni,48937,rxnav_atc_verified,DDInter520,ddinter_retrieval,0.925542
Dexpantenolo,INGREDIENT,AIFA package table,Dexpantenolo,dexpantenolo,A11HA30,A11HA,A11HA30,monotherapy_confezioni,22701,rxnav_atc_verified,,not_found,0.872896
Dexrazoxano Cloridrato,INGREDIENT,AIFA package table,Dexrazoxano Cloridrato,dexrazoxano,V03AF02,V03AF,V03AF02,monotherapy_confezioni,42736,rxnav_atc_verified,DDInter522,ddinter_retrieval,0.930685
Bromuro Di Aclidinio,INGREDIENT,AIFA package table,Bromuro Di Aclidinio,di aclidinio,R03BB05,R03BB,R03BB05,monotherapy_confezioni,1303098,rxnav_atc_verified,,not_found,0.888216
Diacereina,INGREDIENT,AIFA package table,Diacereina,diacereina,M01AX21,M01AX,M01AX21,monotherapy_confezioni,22759,rxnav_atc_verified,,not_found,0.861382
Diazepam,INGREDIENT,AIFA package table,Diazepam,diazepam,N05BA01,N05BA,N05BA01,monotherapy_confezioni,3322,rxnav_atc_verified,DDInter534,ddinter_retrieval,0.925499
Diazossido,INGREDIENT,AIFA package table,Diazossido,diazossido,V03AH01,V03AH,V03AH01,monotherapy_confezioni,3327,rxnav_atc_verified,,not_found,0.896746
Dibotermina Alfa,INGREDIENT,AIFA package table,Dibotermina Alfa,dibotermina alfa,M05BC01,M05BC,M05BC01,monotherapy_confezioni,,not_found,DDInter104,ddinter_retrieval,0.909557
Diclofenac,INGREDIENT,AIFA package table,Diclofenac,diclofenac,M02AA15,M02AA,M02AA15,monotherapy_confezioni,3355,rxnav_atc_verified,DDInter537,ddinter_retrieval,0.946141
Diclofenac Dietilamina,INGREDIENT,AIFA package table,Diclofenac Dietilamina,diclofenac dietilamina,M02AA15,M02AA,M02AA15,monotherapy_confezioni,236125,rxnav_atc_verified,DDInter537,ddinter_retrieval,0.920084
Diclofenac Dietilammonio,INGREDIENT,AIFA package table,Diclofenac Dietilammonio,diclofenac dietilammonio,M02AA15,M02AA,M02AA15,monotherapy_confezioni,3355,rxnav_atc_verified,DDInter537,ddinter_retrieval,0.915234
Diclofenac Epolamina,INGREDIENT,AIFA package table,Diclofenac Epolamina,diclofenac epolamina,M01AB05,M01AB,M01AB05,monotherapy_confezioni,40968,rxnav_atc_verified,DDInter538,ddinter_retrieval,0.91728
Diclofenac Idrossietilpirrolidina,INGREDIENT,AIFA package table,Diclofenac Idrossietilpirrolidina,diclofenac idrossietilpirrolidina,M02AA15,M02AA,M02AA15,monotherapy_confezioni,3355,rxnav_atc_verified,,not_found,0.899275
Didrogesterone,INGREDIENT,AIFA package table,Didrogesterone,didrogesterone,G03DB01,G03DB,G03DB01,monotherapy_confezioni,3706,rxnav_atc_verified,,not_found,0.896578
Dienogest,INGREDIENT,AIFA package table,Dienogest,dienogest,G03DB08,G03DB,G03DB08,monotherapy_confezioni,22968,rxnav_atc_verified,DDInter546,ddinter_retrieval,0.929102
Difelikefalin,INGREDIENT,AIFA package table,Difelikefalin,difelikefalin,V03AX04,V03AX,V03AX04,monotherapy_confezioni,2569089,rxnav_atc_verified,,not_found,0.886552
Difenidramina Cloridrato,INGREDIENT,AIFA package table,Difenidramina Cloridrato,difenidramina,D04AA32,D04AA,D04AA32,monotherapy_confezioni,,not_found,,not_found,0.893489
Diflucortolone Valerato,INGREDIENT,AIFA package table,Diflucortolone Valerato,diflucortolone,D07AC06,D07AC,D07AC06,monotherapy_confezioni,3392,rxnav_atc_verified,,not_found,0.889797
Diflunisal,INGREDIENT,AIFA package table,Diflunisal,diflunisal,N02BA11,N02BA,N02BA11,monotherapy_confezioni,3393,rxnav_atc_verified,DDInter551,ddinter_retrieval,0.946309
Digitalis Purpurea,INGREDIENT,AIFA package table,Digitalis Purpurea,digitalis purpurea,V03AX,V03AX,V03AX,monotherapy_confezioni,,not_found,,not_found,0.857763
Digossina,INGREDIENT,AIFA package table,Digossina,digossina,C01AA05,C01AA,C01AA05,monotherapy_confezioni,3407,rxnav_atc_verified,,not_found,0.870313
Diidrochinidina Cloridrato,INGREDIENT,AIFA package table,Diidrochinidina Cloridrato,diidrochinidina,C01BA13,C01BA,C01BA13,monotherapy_confezioni,,not_found,,not_found,0.892606
Diidrocodeina Rodanato,INGREDIENT,AIFA package table,Diidrocodeina Rodanato,diidrocodeina rodanato,R05DA,R05DA,R05DA,monotherapy_confezioni,,not_found,DDInter556,ddinter_retrieval,0.910981
Diidroergotamina Mesilato,INGREDIENT,AIFA package table,Diidroergotamina Mesilato,diidroergotamina,N02CA01,N02CA,N02CA01,monotherapy_confezioni,3418,rxnav_atc_verified,DDInter663,ddinter_retrieval,0.921501
Diltiazem Cloridrato,INGREDIENT,AIFA package table,Diltiazem Cloridrato,diltiazem,C08DB01,C08DB,C08DB01,monotherapy_confezioni,3443,rxnav_atc_verified,DDInter561,ddinter_retrieval,0.918855
Dimenidrinato,INGREDIENT,AIFA package table,Dimenidrinato,dimenidrinato,R06AA02,R06AA,R06AA02,monotherapy_confezioni,3444,rxnav_atc_verified,,not_found,0.877313
Dimeticone,INGREDIENT,AIFA package table,Dimeticone,dimeticone,A03AX13,A03AX,A03AX13,monotherapy_confezioni,,not_found,,not_found,0.887923
Dimeticone Attivato,INGREDIENT,AIFA package table,Dimeticone Attivato,dimeticone attivato,A03AX13,A03AX,A03AX13,monotherapy_confezioni,,not_found,DDInter564,ddinter_retrieval,0.900293
Dimetilfumarato,INGREDIENT,AIFA package table,Dimetilfumarato,dimetilfumarato,L04AX07,L04AX,L04AX07,monotherapy_confezioni,1373478,rxnav_atc_verified,,not_found,0.882549
Dimetindene,INGREDIENT,AIFA package table,Dimetindene,dimetindene,D04AA13,D04AA,D04AA13,monotherapy_confezioni,3449,rxnav_atc_verified,,not_found,0.865874
Dinoprostone,INGREDIENT,AIFA package table,Dinoprostone,dinoprostone,G02AD02,G02AD,G02AD02,monotherapy_confezioni,3478,rxnav_atc_verified,DDInter1100,ddinter_retrieval,0.904937
Dinutuximab Beta,INGREDIENT,AIFA package table,Dinutuximab Beta,dinutuximab beta,L01FX06,L01FX,L01FX06,monotherapy_confezioni,,not_found,DDInter568,ddinter_retrieval,0.917248
Dioscorea Villosa,INGREDIENT,AIFA package table,Dioscorea Villosa,dioscorea villosa,V03AX,V03AX,V03AX,monotherapy_confezioni,,not_found,,not_found,0.873744
Diosmectite,INGREDIENT,AIFA package table,Diosmectite,diosmectite,A07BC05,A07BC,A07BC05,monotherapy_confezioni,,not_found,,not_found,0.883476
Diosmina,INGREDIENT,AIFA package table,Diosmina,diosmina,C05CA53,C05CA,C05CA53,monotherapy_confezioni,3489,rxnav_atc_verified,,not_found,0.828628
Dipiridamolo,INGREDIENT,AIFA package table,Dipiridamolo,dipiridamolo,B01AC07,B01AC,B01AC07,monotherapy_confezioni,3521,rxnav_atc_verified,,not_found,0.879233
Diroximel Fumarate,INGREDIENT,AIFA package table,Diroximel Fumarate,diroximel fumarate,L04AX,L04AX,L04AX,monotherapy_confezioni,2261783,rxnav_atc_verified,DDInter574,ddinter_retrieval,0.952343
Disopiramide,INGREDIENT,AIFA package table,Disopiramide,disopiramide,C01BA03,C01BA,C01BA03,monotherapy_confezioni,3541,rxnav_atc_verified,DDInter575,ddinter_retrieval,0.91908
Disulfiram,INGREDIENT,AIFA package table,Disulfiram,disulfiram,N07BB01,N07BB,N07BB01,monotherapy_confezioni,3554,rxnav_atc_verified,DDInter576,ddinter_retrieval,0.943784
Dobutamina Cloridrato,INGREDIENT,AIFA package table,Dobutamina Cloridrato,dobutamina,C01CA07,C01CA,C01CA07,monotherapy_confezioni,3616,rxnav_atc_verified,,not_found,0.897362
Docetaxel,INGREDIENT,AIFA package table,Docetaxel,docetaxel,L01CD02,L01CD,L01CD02,monotherapy_confezioni,72962,rxnav_atc_verified,DDInter578,ddinter_retrieval,0.949125
Dolutegravir,INGREDIENT,AIFA package table,Dolutegravir,dolutegravir,J05AJ03,J05AJ,J05AJ03,monotherapy_confezioni,1433868,rxnav_atc_verified,DDInter582,ddinter_retrieval,0.939335
Domperidone,INGREDIENT,AIFA package table,Domperidone,domperidone,A03FA03,A03FA,A03FA03,monotherapy_confezioni,3626,rxnav_atc_verified,,not_found,0.879148
Donanemab,INGREDIENT,AIFA package table,Donanemab,donanemab,N06DX05,N06DX,N06DX05,monotherapy_confezioni,2687966,rxnav_atc_verified,,not_found,0.868435
Donepezil,INGREDIENT,AIFA package table,Donepezil,donepezil,N06DA02,N06DA,N06DA02,monotherapy_confezioni,135447,rxnav_atc_verified,DDInter583,ddinter_retrieval,0.932175
Donidalorsen,INGREDIENT,AIFA package table,Donidalorsen,donidalorsen,B06AC,B06AC,B06AC,monotherapy_confezioni,2724361,rxnav_atc_verified,,not_found,0.834567
Dopamina,INGREDIENT,AIFA package table,Dopamina,dopamina,C01CA04,C01CA,C01CA04,monotherapy_confezioni,3628,rxnav_atc_verified,,not_found,0.880683
Doravirina,INGREDIENT,AIFA package table,Doravirina,doravirina,J05AG06,J05AG,J05AG06,monotherapy_confezioni,2055755,rxnav_atc_verified,DDInter585,ddinter_retrieval,0.900937
Dorzolamide,INGREDIENT,AIFA package table,Dorzolamide,dorzolamide,S01EC03,S01EC,S01EC03,monotherapy_confezioni,60207,rxnav_atc_verified,DDInter588,ddinter_retrieval,0.914325
Dostarlimab,INGREDIENT,AIFA package table,Dostarlimab,dostarlimab,L01FF07,L01FF,L01FF07,monotherapy_confezioni,2539967,rxnav_atc_verified,,not_found,0.872519
Dosulepina Cloridrato,INGREDIENT,AIFA package table,Dosulepina Cloridrato,dosulepina,N06AA16,N06AA,N06AA16,monotherapy_confezioni,3634,rxnav_atc_verified,,not_found,0.898246
Doxazosina,INGREDIENT,AIFA package table,Doxazosina,doxazosina,C02CA04,C02CA,C02CA04,monotherapy_confezioni,49276,rxnav_atc_verified,DDInter592,ddinter_retrieval,0.918757
Doxiciclina,INGREDIENT,AIFA package table,Doxiciclina,doxiciclina,J01AA02,J01AA,J01AA02,monotherapy_confezioni,3640,rxnav_atc_verified,DDInter598,ddinter_retrieval,0.92466
Doxiciclina Iclato,INGREDIENT,AIFA package table,Doxiciclina Iclato,doxiciclina iclato,A01AB22,A01AB,A01AB22,monotherapy_confezioni,3640,rxnav_atc_verified,DDInter591,ddinter_retrieval,0.916557
Doxofillina,INGREDIENT,AIFA package table,Doxofillina,doxofillina,R03DA11,R03DA,R03DA11,monotherapy_confezioni,,not_found,DDInter591,ddinter_retrieval,0.906595
Doxorubicin,INGREDIENT,AIFA package table,Doxorubicin,doxorubicin,L01DB01,L01DB,L01DB01,monotherapy_confezioni,3639,rxnav_atc_verified,DDInter596,ddinter_retrieval,0.935568
Doxorubicina,INGREDIENT,AIFA package table,Doxorubicina,doxorubicina,L01DB01,L01DB,L01DB01,monotherapy_confezioni,3639,rxnav_atc_verified,DDInter596,ddinter_retrieval,0.927783
Dronedarone,INGREDIENT,AIFA package table,Dronedarone,dronedarone,C01BD07,C01BD,C01BD07,monotherapy_confezioni,233698,rxnav_atc_verified,DDInter602,ddinter_retrieval,0.938971
Droperidolo,INGREDIENT,AIFA package table,Droperidolo,droperidolo,N05AD08,N05AD,N05AD08,monotherapy_confezioni,3648,rxnav_atc_verified,DDInter603,ddinter_retrieval,0.909663
Dropropizina,INGREDIENT,AIFA package table,Dropropizina,dropropizina,R05DB19,R05DB,R05DB19,monotherapy_confezioni,23419,rxnav_atc_verified,,not_found,0.887581
Drosera Rotundifolia,INGREDIENT,AIFA package table,Drosera Rotundifolia,drosera rotundifolia,V03AX,V03AX,V03AX,monotherapy_confezioni,,not_found,,not_found,0.850205
Drospirenone,INGREDIENT,AIFA package table,Drospirenone,drospirenone,G03AC10,G03AC,G03AC10,monotherapy_confezioni,11636,rxnav_atc_verified,DDInter604,ddinter_retrieval,0.935234
Dulaglutide,INGREDIENT,AIFA package table,Dulaglutide,dulaglutide,A10BJ05,A10BJ,A10BJ05,monotherapy_confezioni,1551291,rxnav_atc_verified,DDInter607,ddinter_retrieval,0.931681
Dulcamara,INGREDIENT,AIFA package table,Dulcamara,dulcamara,V03AX,V03AX,V03AX,monotherapy_confezioni,,not_found,,not_found,0.847444
Duloxetina,INGREDIENT,AIFA package table,Duloxetina,duloxetina,N06AX21,N06AX,N06AX21,monotherapy_confezioni,72625,rxnav_atc_verified,DDInter608,ddinter_retrieval,0.942627
Dupilumab,INGREDIENT,AIFA package table,Dupilumab,dupilumab,D11AH05,D11AH,D11AH05,monotherapy_confezioni,1876376,rxnav_atc_verified,DDInter609,ddinter_retrieval,0.918359
Durvalumab,INGREDIENT,AIFA package table,Durvalumab,durvalumab,L01FF03,L01FF,L01FF03,monotherapy_confezioni,1919503,rxnav_atc_verified,DDInter610,ddinter_retrieval,0.923599
Dutasteride,INGREDIENT,AIFA package table,Dutasteride,dutasteride,G04CB02,G04CB,G04CB02,monotherapy_confezioni,228790,rxnav_atc_verified,DDInter611,ddinter_retrieval,0.939769
Ebastina,INGREDIENT,AIFA package table,Ebastina,ebastina,R06AX22,R06AX,R06AX22,monotherapy_confezioni,23796,rxnav_atc_verified,,not_found,0.841016
Echinacea,INGREDIENT,AIFA package table,Echinacea,echinacea,V03AX,V03AX,V03AX,monotherapy_confezioni,,not_found,DDInter614,ddinter_retrieval,0.91997
Econazolo,INGREDIENT,AIFA package table,Econazolo,econazolo,D01AC03,D01AC,D01AC03,monotherapy_confezioni,3743,rxnav_atc_verified,DDInter616,ddinter_retrieval,0.916385
Eculizumab,INGREDIENT,AIFA package table,Eculizumab,eculizumab,L04AJ01,L04AJ,L04AJ01,monotherapy_confezioni,591781,rxnav_atc_verified,DDInter618,ddinter_retrieval,0.920377
Edera Foglie Estratto Secco,INGREDIENT,AIFA package table,Edera Foglie Estratto Secco,edera foglie estratto secco,R05CA,R05CA,R05CA,monotherapy_confezioni,1309795,rxnav_atc_verified,,not_found,0.87216
Edotreotide,INGREDIENT,AIFA package table,Edotreotide,edotreotide,V09IX09,V09IX,V09IX09,monotherapy_confezioni,2199392,rxnav_atc_verified,DDInter1323,ddinter_retrieval,0.907455
Edoxaban,INGREDIENT,AIFA package table,Edoxaban,edoxaban,B01AF03,B01AF,B01AF03,monotherapy_confezioni,1599538,rxnav_atc_verified,DDInter621,ddinter_retrieval,0.926984
Edoxaban Tosilato,INGREDIENT,AIFA package table,Edoxaban Tosilato,edoxaban tosilato,B01AF03,B01AF,B01AF03,monotherapy_confezioni,1599538,rxnav_atc_verified,DDInter621,ddinter_retrieval,0.916644
Efanesoctocog Alfa,INGREDIENT,AIFA package table,Efanesoctocog Alfa,efanesoctocog alfa,B02BD02,B02BD,B02BD02,monotherapy_confezioni,,not_found,DDInter605,ddinter_retrieval,0.909272
Efavirenz,INGREDIENT,AIFA package table,Efavirenz,efavirenz,J05AG03,J05AG,J05AG03,monotherapy_confezioni,195085,rxnav_atc_verified,DDInter624,ddinter_retrieval,0.943014
Efbemalenograstim Alfa,INGREDIENT,AIFA package table,Efbemalenograstim Alfa,efbemalenograstim alfa,L03AA18,L03AA,L03AA18,monotherapy_confezioni,2670630,rxnav_atc_verified,,not_found,0.881324
Efedrina,INGREDIENT,AIFA package table,Efedrina,efedrina,C01CA26,C01CA,C01CA26,monotherapy_confezioni,3966,rxnav_atc_verified,,not_found,0.864575
Efgartigimod Alfa,INGREDIENT,AIFA package table,Efgartigimod Alfa,efgartigimod alfa,L04AA58,L04AA,L04AA58,monotherapy_confezioni,2587717,rxnav_atc_verified,,not_found,0.892278
Efinaconazolo,INGREDIENT,AIFA package table,Efinaconazolo,efinaconazolo,D01AC19,D01AC,D01AC19,monotherapy_confezioni,1539753,rxnav_atc_verified,,not_found,0.894216
Eflornitina,INGREDIENT,AIFA package table,Eflornitina,eflornitina,D11AX16,D11AX,D11AX16,monotherapy_confezioni,569,rxnav_atc_verified,,not_found,0.863982
Efmoroctocog Alfa,INGREDIENT,AIFA package table,Efmoroctocog Alfa,efmoroctocog alfa,B02BD02,B02BD,B02BD02,monotherapy_confezioni,,not_found,,not_found,0.896444
Eftrenonacog Alfa,INGREDIENT,AIFA package table,Eftrenonacog Alfa,eftrenonacog alfa,B02BD04,B02BD,B02BD04,monotherapy_confezioni,,not_found,DDInter104,ddinter_retrieval,0.908451
Elacestrant Dicloridrato,INGREDIENT,AIFA package table,Elacestrant Dicloridrato,elacestrant dicloridrato,L02BA04,L02BA,L02BA04,monotherapy_confezioni,2628469,rxnav_atc_verified,,not_found,0.884692
Eladocagene Exuparvovec,INGREDIENT,AIFA package table,Eladocagene Exuparvovec,eladocagene exuparvovec,A16AB26,A16AB,A16AB26,monotherapy_confezioni,2698762,rxnav_atc_verified,,not_found,0.884427
Elafibranor,INGREDIENT,AIFA package table,Elafibranor,elafibranor,A05AX06,A05AX,A05AX06,monotherapy_confezioni,2684941,rxnav_atc_verified,,not_found,0.881253
Elasomeran,INGREDIENT,AIFA package table,Elasomeran,elasomeran,J07BN01,J07BN,J07BN01,monotherapy_confezioni,2470232,rxnav_atc_verified,,not_found,0.863293
Eletriptan,INGREDIENT,AIFA package table,Eletriptan,eletriptan,N02CC06,N02CC,N02CC06,monotherapy_confezioni,231049,rxnav_atc_verified,DDInter627,ddinter_retrieval,0.937434
Eletriptan (Td),INGREDIENT,AIFA package table,Eletriptan (Td),eletriptan (td),N02CC06,N02CC,N02CC06,monotherapy_confezioni,231049,rxnav_atc_verified,DDInter627,ddinter_retrieval,0.925152
Eletriptan Bromidrato,INGREDIENT,AIFA package table,Eletriptan Bromidrato,eletriptan bromidrato,N02CC06,N02CC,N02CC06,monotherapy_confezioni,231049,rxnav_atc_verified,DDInter627,ddinter_retrieval,0.927908
Elettroliti,INGREDIENT,AIFA package table,Elettroliti,elettroliti,B05BB02,B05BB,B05BB02,monotherapy_confezioni,,not_found,,not_found,0.865629
Eliglustat Tartarato,INGREDIENT,AIFA package table,Eliglustat Tartarato,eliglustat tartarato,A16AX10,A16AX,A16AX10,monotherapy_confezioni,1547219,rxnav_atc_verified,DDInter629,ddinter_retrieval,0.928282
Elinzanetant,INGREDIENT,AIFA package table,Elinzanetant,elinzanetant,G02CX07,G02CX,G02CX07,monotherapy_confezioni,2725511,rxnav_atc_verified,,not_found,0.889494
Elosulfase Alfa,INGREDIENT,AIFA package table,Elosulfase Alfa,elosulfase alfa,A16AB12,A16AB,A16AB12,monotherapy_confezioni,1489914,rxnav_atc_verified,DDInter104,ddinter_retrieval,0.914285
Elotuzumab,INGREDIENT,AIFA package table,Elotuzumab,elotuzumab,L01FX08,L01FX,L01FX08,monotherapy_confezioni,1726104,rxnav_atc_verified,DDInter630,ddinter_retrieval,0.909318
Elranatamab,INGREDIENT,AIFA package table,Elranatamab,elranatamab,L01FX32,L01FX,L01FX32,monotherapy_confezioni,2644880,rxnav_atc_verified,,not_found,0.870996
Eltrombopag,INGREDIENT,AIFA package table,Eltrombopag,eltrombopag,B02BX05,B02BX,B02BX05,monotherapy_confezioni,711942,rxnav_atc_verified,DDInter631,ddinter_retrieval,0.931978
Eltrombopag Olamina,INGREDIENT,AIFA package table,Eltrombopag Olamina,eltrombopag olamina,B02BX05,B02BX,B02BX05,monotherapy_confezioni,735651,rxnav_atc_verified,,not_found,0.898063
Embrione,INGREDIENT,AIFA package table,Embrione,embrione,V03AX,V03AX,V03AX,monotherapy_confezioni,,not_found,,not_found,0.864294
Emedastina Difumarato,INGREDIENT,AIFA package table,Emedastina Difumarato,emedastina difumarato,S01GX06,S01GX,S01GX06,monotherapy_confezioni,221094,rxnav_atc_verified,,not_found,0.899646
Emicizumab,INGREDIENT,AIFA package table,Emicizumab,emicizumab,B02BX06,B02BX,B02BX06,monotherapy_confezioni,1989794,rxnav_atc_verified,DDInter635,ddinter_retrieval,0.916599
Emina,INGREDIENT,AIFA package table,Emina,emina,B06AB01,B06AB,B06AB01,monotherapy_confezioni,,not_found,,not_found,0.820096
Empagliflozin,INGREDIENT,AIFA package table,Empagliflozin,empagliflozin,A10BK03,A10BK,A10BK03,monotherapy_confezioni,1545653,rxnav_atc_verified,DDInter636,ddinter_retrieval,0.930723
Emtricitabina,INGREDIENT,AIFA package table,Emtricitabina,emtricitabina,J05AF09,J05AF,J05AF09,monotherapy_confezioni,276237,rxnav_atc_verified,DDInter637,ddinter_retrieval,0.90954
Emulsione Lipidica Per Nutrizione Parenterale,INGREDIENT,AIFA package table,Emulsione Lipidica Per Nutrizione Parenterale,emulsione lipidica per nutrizione parenterale,B05BA10,B05BA,B05BA10,monotherapy_confezioni,,not_found,,not_found,0.857095
Enalapril,INGREDIENT,AIFA package table,Enalapril,enalapril,C09AA02,C09AA,C09AA02,monotherapy_confezioni,3827,rxnav_atc_verified,DDInter638,ddinter_retrieval,0.930671
Encorafenib,INGREDIENT,AIFA package table,Encorafenib,encorafenib,L01EC03,L01EC,L01EC03,monotherapy_confezioni,2049106,rxnav_atc_verified,DDInter640,ddinter_retrieval,0.944019
Enfortumab Vedotin,INGREDIENT,AIFA package table,Enfortumab Vedotin,enfortumab vedotin,L01FX13,L01FX,L01FX13,monotherapy_confezioni,2277607,rxnav_atc_verified,DDInter642,ddinter_retrieval,0.944481
Enfuvirtide,INGREDIENT,AIFA package table,Enfuvirtide,enfuvirtide,J05AX07,J05AX,J05AX07,monotherapy_confezioni,139896,rxnav_atc_verified,DDInter643,ddinter_retrieval,0.938109
Enoxaparina,INGREDIENT,AIFA package table,Enoxaparina,enoxaparina,B01AB05,B01AB,B01AB05,monotherapy_confezioni,67108,rxnav_atc_verified,DDInter645,ddinter_retrieval,0.92089
Enoximone,INGREDIENT,AIFA package table,Enoximone,enoximone,C01CE03,C01CE,C01CE03,monotherapy_confezioni,49626,rxnav_atc_verified,,not_found,0.885211
Entacapone,INGREDIENT,AIFA package table,Entacapone,entacapone,N04BX02,N04BX,N04BX02,monotherapy_confezioni,60307,rxnav_atc_verified,DDInter646,ddinter_retrieval,0.933868
Entecavir,INGREDIENT,AIFA package table,Entecavir,entecavir,J05AF10,J05AF,J05AF10,monotherapy_confezioni,306266,rxnav_atc_verified,DDInter647,ddinter_retrieval,0.943206
Entrectinib,INGREDIENT,AIFA package table,Entrectinib,entrectinib,L01EX14,L01EX,L01EX14,monotherapy_confezioni,2197862,rxnav_atc_verified,DDInter648,ddinter_retrieval,0.946176
Enzalutamide,INGREDIENT,AIFA package table,Enzalutamide,enzalutamide,L02BB04,L02BB,L02BB04,monotherapy_confezioni,1307298,rxnav_atc_verified,DDInter649,ddinter_retrieval,0.927202
Eosina,INGREDIENT,AIFA package table,Eosina,eosina,D08AX02,D08AX,D08AX02,monotherapy_confezioni,1310593,rxnav_atc_verified,,not_found,0.853223
Eparan Solfato,INGREDIENT,AIFA package table,Eparan Solfato,eparan,C05BA01,C05BA,C05BA01,monotherapy_confezioni,,not_found,,not_found,0.887761
Eparina Sodica,INGREDIENT,AIFA package table,Eparina Sodica,eparina,B01AB01,B01AB,B01AB01,monotherapy_confezioni,5224,rxnav_atc_verified,,not_found,0.884115
Eparina Calcica,INGREDIENT,AIFA package table,Eparina Calcica,eparina calcica,B01AB01,B01AB,B01AB01,monotherapy_confezioni,5224,rxnav_atc_verified,,not_found,0.87138
Epcoritamab,INGREDIENT,AIFA package table,Epcoritamab,epcoritamab,L,,L,monotherapy_confezioni,,not_found,,not_found,0.874749
Eperisone Cloridrato,INGREDIENT,AIFA package table,Eperisone Cloridrato,eperisone,M03BX09,M03BX,M03BX09,monotherapy_confezioni,,not_found,,not_found,0.895319
Ephedra Vulgaris,INGREDIENT,AIFA package table,Ephedra Vulgaris,ephedra vulgaris,V03AX,V03AX,V03AX,monotherapy_confezioni,,not_found,,not_found,0.873522
Epinastina Cloridrato,INGREDIENT,AIFA package table,Epinastina Cloridrato,epinastina,S01GX10,S01GX,S01GX10,monotherapy_confezioni,39684,rxnav_atc_verified,,not_found,0.888067
Epinefrina,INGREDIENT,AIFA package table,Epinefrina,epinefrina,C01CA24,C01CA,C01CA24,monotherapy_confezioni,3992,rxnav_atc_verified,,not_found,0.88961
Epirubicina Cloridrato,INGREDIENT,AIFA package table,Epirubicina Cloridrato,epirubicina,L01DB03,L01DB,L01DB03,monotherapy_confezioni,3995,rxnav_atc_verified,DDInter655,ddinter_retrieval,0.918765
Eplerenone,INGREDIENT,AIFA package table,Eplerenone,eplerenone,C03DA04,C03DA,C03DA04,monotherapy_confezioni,298869,rxnav_atc_verified,DDInter656,ddinter_retrieval,0.932546
Eplontersen,INGREDIENT,AIFA package table,Eplontersen,eplontersen,N07XX21,N07XX,N07XX21,monotherapy_confezioni,2671939,rxnav_atc_verified,,not_found,0.871516
Epoetina Alfa,INGREDIENT,AIFA package table,Epoetina Alfa,epoetina alfa,B03XA01,B03XA,B03XA01,monotherapy_confezioni,,not_found,DDInter479,ddinter_retrieval,0.920582
Epoetina Beta,INGREDIENT,AIFA package table,Epoetina Beta,epoetina beta,B03XA01,B03XA,B03XA01,monotherapy_confezioni,,not_found,,not_found,0.895441
Epoetina Teta,INGREDIENT,AIFA package table,Epoetina Teta,epoetina teta,B03XA01,B03XA,B03XA01,monotherapy_confezioni,,not_found,,not_found,0.886413
Epoetina Zeta,INGREDIENT,AIFA package table,Epoetina Zeta,epoetina zeta,B03XA01,B03XA,B03XA01,monotherapy_confezioni,,not_found,,not_found,0.886502
Epoprostenolo Sodico,INGREDIENT,AIFA package table,Epoprostenolo Sodico,epoprostenolo,B01AC09,B01AC,B01AC09,monotherapy_confezioni,8814,rxnav_atc_verified,DDInter657,ddinter_retrieval,0.914083
Epstein-Barr Virus,INGREDIENT,AIFA package table,Epstein-Barr Virus,epstein-barr virus,V03AX,V03AX,V03AX,monotherapy_confezioni,,not_found,,not_found,0.840077
Eptacog Alfa Attivato (Fattore Vii Di Coagulazione Da Dna Ricombinante),INGREDIENT,AIFA package table,Eptacog Alfa Attivato (Fattore Vii Di Coagulazione Da Dna Ricombinante),eptacog alfa attivato (fattore vii di coagulazione da dna ricombinante),B02BD08,B02BD,B02BD08,monotherapy_confezioni,4254,rxnav_atc_verified,,not_found,0.870427
Eptacog Beta (Attivato),INGREDIENT,AIFA package table,Eptacog Beta (Attivato),eptacog beta (attivato),B02BD08,B02BD,B02BD08,monotherapy_confezioni,253149,rxnav_atc_verified,DDInter198,ddinter_retrieval,0.904553
Eptifibatide,INGREDIENT,AIFA package table,Eptifibatide,eptifibatide,B01AC16,B01AC,B01AC16,monotherapy_confezioni,75635,rxnav_atc_verified,DDInter659,ddinter_retrieval,0.934943
Eptinezumab,INGREDIENT,AIFA package table,Eptinezumab,eptinezumab,N02CD05,N02CD,N02CD05,monotherapy_confezioni,2282660,rxnav_atc_verified,,not_found,0.884525
Equisetum Arvense,INGREDIENT,AIFA package table,Equisetum Arvense,equisetum arvense,V03AX,V03AX,V03AX,monotherapy_confezioni,,not_found,,not_found,0.882557
Eravaciclina,INGREDIENT,AIFA package table,Eravaciclina,eravaciclina,J01AA13,J01AA,J01AA13,monotherapy_confezioni,2055906,rxnav_atc_verified,DDInter660,ddinter_retrieval,0.927375
Erdafitinib,INGREDIENT,AIFA package table,Erdafitinib,erdafitinib,L01EN01,L01EN,L01EN01,monotherapy_confezioni,2123125,rxnav_atc_verified,DDInter661,ddinter_retrieval,0.920025
Erdosteina,INGREDIENT,AIFA package table,Erdosteina,erdosteina,R05CB15,R05CB,R05CB15,monotherapy_confezioni,24305,rxnav_atc_verified,,not_found,0.860247
Erenumab,INGREDIENT,AIFA package table,Erenumab,erenumab,N02CD01,N02CD,N02CD01,monotherapy_confezioni,2045613,rxnav_atc_verified,,not_found,0.868935
Eribulina,INGREDIENT,AIFA package table,Eribulina,eribulina,L01XX41,L01XX,L01XX41,monotherapy_confezioni,1045453,rxnav_atc_verified,DDInter666,ddinter_retrieval,0.905112
Erigeron Canadensis,INGREDIENT,AIFA package table,Erigeron Canadensis,erigeron canadensis,V03AX,V03AX,V03AX,monotherapy_confezioni,,not_found,,not_found,0.854203
Eritromicina,INGREDIENT,AIFA package table,Eritromicina,eritromicina,D10AF02,D10AF,D10AF02,monotherapy_confezioni,4053,rxnav_atc_verified,DDInter670,ddinter_retrieval,0.901665
Eritromicina Lattobionato,INGREDIENT,AIFA package table,Eritromicina Lattobionato,eritromicina lattobionato,J01FA01,J01FA,J01FA01,monotherapy_confezioni,4053,rxnav_atc_verified,DDInter1097,ddinter_retrieval,0.902063
Erlotinib,INGREDIENT,AIFA package table,Erlotinib,erlotinib,L01EB02,L01EB,L01EB02,monotherapy_confezioni,337525,rxnav_atc_verified,DDInter667,ddinter_retrieval,0.925463
Ertapenem,INGREDIENT,AIFA package table,Ertapenem,ertapenem,J01DH03,J01DH,J01DH03,monotherapy_confezioni,325642,rxnav_atc_verified,DDInter668,ddinter_retrieval,0.934161
Ertugliflozin Acido L-Piroglutammico,INGREDIENT,AIFA package table,Ertugliflozin Acido L-Piroglutammico,ertugliflozin acido l-piroglutammico,A10BK04,A10BK,A10BK04,monotherapy_confezioni,1992674,rxnav_atc_verified,DDInter669,ddinter_retrieval,0.900546
Esametazima,INGREDIENT,AIFA package table,Esametazima,esametazima,V09AA01,V09AA,V09AA01,monotherapy_confezioni,,not_found,,not_found,0.85986
Esaminolevulinato Cloroidrato,INGREDIENT,AIFA package table,Esaminolevulinato Cloroidrato,esaminolevulinato cloroidrato,V04CX,V04CX,V04CX,monotherapy_confezioni,,not_found,,not_found,0.898696
Escina,INGREDIENT,AIFA package table,Escina,escina,C05CX,C05CX,C05CX,monotherapy_confezioni,,not_found,,not_found,0.833516
Escitalopram,INGREDIENT,AIFA package table,Escitalopram,escitalopram,N06AB10,N06AB,N06AB10,monotherapy_confezioni,321988,rxnav_atc_verified,DDInter672,ddinter_retrieval,0.945176
Escitalopram Ossalato,INGREDIENT,AIFA package table,Escitalopram Ossalato,escitalopram ossalato,N06AB10,N06AB,N06AB10,monotherapy_confezioni,321988,rxnav_atc_verified,DDInter672,ddinter_retrieval,0.934084
Esketamina,INGREDIENT,AIFA package table,Esketamina,esketamina,N06AX27,N06AX,N06AX27,monotherapy_confezioni,2119365,rxnav_atc_verified,DDInter673,ddinter_retrieval,0.901812
Eslicarbazepina Acetato,INGREDIENT,AIFA package table,Eslicarbazepina Acetato,eslicarbazepina,N03AF04,N03AF,N03AF04,monotherapy_confezioni,1482502,rxnav_atc_verified,DDInter674,ddinter_retrieval,0.919998
Esmololo Cloridrato,INGREDIENT,AIFA package table,Esmololo Cloridrato,esmololo,C07AB09,C07AB,C07AB09,monotherapy_confezioni,49737,rxnav_atc_verified,DDInter1790,ddinter_retrieval,0.90528
Esomeprazolo,INGREDIENT,AIFA package table,Esomeprazolo,esomeprazolo,A02BC05,A02BC,A02BC05,monotherapy_confezioni,283742,rxnav_atc_verified,DDInter676,ddinter_retrieval,0.929085
Esomeprazolo Magnesio Triidrato,INGREDIENT,AIFA package table,Esomeprazolo Magnesio Triidrato,esomeprazolo magnesio,A02BC05,A02BC,A02BC05,monotherapy_confezioni,283742,rxnav_atc_verified,DDInter1785,ddinter_retrieval,0.902917
Esomeprazolo Magnesio Diidrato,INGREDIENT,AIFA package table,Esomeprazolo Magnesio Diidrato,esomeprazolo magnesio diidrato,A02BC05,A02BC,A02BC05,monotherapy_confezioni,283742,rxnav_atc_verified,,not_found,0.898768
Estazolam,INGREDIENT,AIFA package table,Estazolam,estazolam,N05CD04,N05CD,N05CD04,monotherapy_confezioni,4077,rxnav_atc_verified,DDInter677,ddinter_retrieval,0.953819
Estradiolo,INGREDIENT,AIFA package table,Estradiolo,estradiolo,G03CA03,G03CA,G03CA03,monotherapy_confezioni,4083,rxnav_atc_verified,DDInter679,ddinter_retrieval,0.904735
Estradiolo Emiidrato,INGREDIENT,AIFA package table,Estradiolo Emiidrato,estradiolo emiidrato,G03CA03,G03CA,G03CA03,monotherapy_confezioni,4083,rxnav_atc_verified,DDInter439,ddinter_retrieval,0.922725
Estratto Allergenico Di Polline Di Betulla (Betula Verrucosa),INGREDIENT,AIFA package table,Estratto Allergenico Di Polline Di Betulla (Betula Verrucosa),estratto allergenico di polline di betulla (betula verrucosa),V01AA05,V01AA,V01AA05,monotherapy_confezioni,,not_found,,not_found,0.851468
Estratto Di Allergeni Di Polline Di Graminacee-Phleum Pratense (Codolina),INGREDIENT,AIFA package table,Estratto Di Allergeni Di Polline Di Graminacee-Phleum Pratense (Codolina),estratto di allergeni di polline di graminacee-phleum pratense (codolina),V01AA02,V01AA,V01AA02,monotherapy_confezioni,,not_found,,not_found,0.857497
Estratto Di Allergeni Di Veleno Di Imenotteri - Apis Mellifera (Ape),INGREDIENT,AIFA package table,Estratto Di Allergeni Di Veleno Di Imenotteri - Apis Mellifera (Ape),estratto di allergeni di veleno di imenotteri - apis mellifera (ape),V01AA07,V01AA,V01AA07,monotherapy_confezioni,,not_found,,not_found,0.851293
Estratto Di Corteccia Di Betulla,INGREDIENT,AIFA package table,Estratto Di Corteccia Di Betulla,estratto di corteccia di betulla,D03AX13,D03AX,D03AX13,monotherapy_confezioni,,not_found,,not_found,0.869979
Estratto Di Lavanda,INGREDIENT,AIFA package table,Estratto Di Lavanda,estratto di lavanda,N05BX05,N05BX,N05BX05,monotherapy_confezioni,,not_found,,not_found,0.876373
Estratto Liquido Essiccato Delle Radici Di Pelargonium Sidoides,INGREDIENT,AIFA package table,Estratto Liquido Essiccato Delle Radici Di Pelargonium Sidoides,estratto liquido essiccato delle radici di pelargonium sidoides,R05X,,R05X,monotherapy_confezioni,,not_found,,not_found,0.8559
Estratto Secco Idroalcoolico Di Passiflora,INGREDIENT,AIFA package table,Estratto Secco Idroalcoolico Di Passiflora,estratto secco idroalcoolico di passiflora,N05CM,N05CM,N05CM,monotherapy_confezioni,,not_found,,not_found,0.864711
Estriolo,INGREDIENT,AIFA package table,Estriolo,estriolo,G03CA04,G03CA,G03CA04,monotherapy_confezioni,4094,rxnav_atc_verified,,not_found,0.83915
Eszopiclone,INGREDIENT,AIFA package table,Eszopiclone,eszopiclone,N05CF04,N05CF,N05CF04,monotherapy_confezioni,461016,rxnav_atc_verified,DDInter685,ddinter_retrieval,0.933629
Etambutolo Cloridrato,INGREDIENT,AIFA package table,Etambutolo Cloridrato,etambutolo,J04AK02,J04AK,J04AK02,monotherapy_confezioni,4110,rxnav_atc_verified,,not_found,0.892864
Etanercept,INGREDIENT,AIFA package table,Etanercept,etanercept,L04AB01,L04AB,L04AB01,monotherapy_confezioni,214555,rxnav_atc_verified,DDInter687,ddinter_retrieval,0.939907
Etelcalcetide,INGREDIENT,AIFA package table,Etelcalcetide,etelcalcetide,H05BX04,H05BX,H05BX04,monotherapy_confezioni,1876119,rxnav_atc_verified,DDInter688,ddinter_retrieval,0.951001
Etilefrina Cloridrato,INGREDIENT,AIFA package table,Etilefrina Cloridrato,etilefrina,C01CA01,C01CA,C01CA01,monotherapy_confezioni,4169,rxnav_atc_verified,,not_found,0.898891
Etizolam,INGREDIENT,AIFA package table,Etizolam,etizolam,N05BA19,N05BA,N05BA19,monotherapy_confezioni,,not_found,,not_found,0.894966
Etobromuro Pipetanato,INGREDIENT,AIFA package table,Etobromuro Pipetanato,etobromuro pipetanato,A03AA,A03AA,A03AA,monotherapy_confezioni,,not_found,,not_found,0.892361
Etofenamato,INGREDIENT,AIFA package table,Etofenamato,etofenamato,M02AA06,M02AA,M02AA06,monotherapy_confezioni,24608,rxnav_atc_verified,,not_found,0.863488
Etonogestrel,INGREDIENT,AIFA package table,Etonogestrel,etonogestrel,G03AC08,G03AC,G03AC08,monotherapy_confezioni,14584,rxnav_atc_verified,DDInter701,ddinter_retrieval,0.946185
Etoposide,INGREDIENT,AIFA package table,Etoposide,etoposide,L01CB01,L01CB,L01CB01,monotherapy_confezioni,4179,rxnav_atc_verified,DDInter702,ddinter_retrieval,0.912882
Etoricoxib,INGREDIENT,AIFA package table,Etoricoxib,etoricoxib,M01AH05,M01AH,M01AH05,monotherapy_confezioni,307296,rxnav_atc_verified,DDInter1910,ddinter_retrieval,0.905002
Etosuccimide,INGREDIENT,AIFA package table,Etosuccimide,etosuccimide,N03AD01,N03AD,N03AD01,monotherapy_confezioni,,not_found,DDInter695,ddinter_retrieval,0.923939
Etranacogene Dezaparvovec,INGREDIENT,AIFA package table,Etranacogene Dezaparvovec,etranacogene dezaparvovec,B02BD16,B02BD,B02BD16,monotherapy_confezioni,2626727,rxnav_atc_verified,,not_found,0.874469
Etrasimod,INGREDIENT,AIFA package table,Etrasimod,etrasimod,L04AE05,L04AE,L04AE05,monotherapy_confezioni,2668045,rxnav_atc_verified,,not_found,0.856317
Etravirine,INGREDIENT,AIFA package table,Etravirine,etravirine,J05AG04,J05AG,J05AG04,monotherapy_confezioni,475969,rxnav_atc_verified,DDInter703,ddinter_retrieval,0.937144
Eucalyptus Globulus,INGREDIENT,AIFA package table,Eucalyptus Globulus,eucalyptus globulus,V03AX,V03AX,V03AX,monotherapy_confezioni,,not_found,,not_found,0.847873
Eupatorium Perfoliatum,INGREDIENT,AIFA package table,Eupatorium Perfoliatum,eupatorium perfoliatum,V03AX,V03AX,V03AX,monotherapy_confezioni,,not_found,,not_found,0.860321
Euphorbia Resinifera,INGREDIENT,AIFA package table,Euphorbia Resinifera,euphorbia resinifera,V03AX,V03AX,V03AX,monotherapy_confezioni,,not_found,,not_found,0.846763
Euphrasia Officinalis,INGREDIENT,AIFA package table,Euphrasia Officinalis,euphrasia officinalis,V03AX,V03AX,V03AX,monotherapy_confezioni,,not_found,,not_found,0.871574
Everolimus,INGREDIENT,AIFA package table,Everolimus,everolimus,L01EG02,L01EG,L01EG02,monotherapy_confezioni,141704,rxnav_atc_verified,DDInter704,ddinter_retrieval,0.927892
Evinacumab,INGREDIENT,AIFA package table,Evinacumab,evinacumab,C10AX17,C10AX,C10AX17,monotherapy_confezioni,2478335,rxnav_atc_verified,,not_found,0.889083
Evolocumab,INGREDIENT,AIFA package table,Evolocumab,evolocumab,C10AX13,C10AX,C10AX13,monotherapy_confezioni,1665684,rxnav_atc_verified,,not_found,0.881831
Exagamglogene Autotemcel,INGREDIENT,AIFA package table,Exagamglogene Autotemcel,exagamglogene autotemcel,B06AX05,B06AX,B06AX05,monotherapy_confezioni,2671667,rxnav_atc_verified,,not_found,0.870451
Exemestane,INGREDIENT,AIFA package table,Exemestane,exemestane,L02BG06,L02BG,L02BG06,monotherapy_confezioni,258494,rxnav_atc_verified,DDInter705,ddinter_retrieval,0.941845
Exemestano,INGREDIENT,AIFA package table,Exemestano,exemestano,L02BG06,L02BG,L02BG06,monotherapy_confezioni,258494,rxnav_atc_verified,DDInter705,ddinter_retrieval,0.914334
Exenatide,INGREDIENT,AIFA package table,Exenatide,exenatide,A10BJ01,A10BJ,A10BJ01,monotherapy_confezioni,60548,rxnav_atc_verified,DDInter706,ddinter_retrieval,0.95033
Ezetimibe,INGREDIENT,AIFA package table,Ezetimibe,ezetimibe,C10AX09,C10AX,C10AX09,monotherapy_confezioni,341248,rxnav_atc_verified,DDInter707,ddinter_retrieval,0.935636
Fagopyrum Esculentum,INGREDIENT,AIFA package table,Fagopyrum Esculentum,fagopyrum esculentum,V03AX,V03AX,V03AX,monotherapy_confezioni,,not_found,,not_found,0.854093
Famciclovir,INGREDIENT,AIFA package table,Famciclovir,famciclovir,J05AB09,J05AB,J05AB09,monotherapy_confezioni,68099,rxnav_atc_verified,DDInter711,ddinter_retrieval,0.93276
Famotidina,INGREDIENT,AIFA package table,Famotidina,famotidina,A02BA03,A02BA,A02BA03,monotherapy_confezioni,4278,rxnav_atc_verified,DDInter712,ddinter_retrieval,0.910356
Fampridina,INGREDIENT,AIFA package table,Fampridina,fampridina,N07XX07,N07XX,N07XX07,monotherapy_confezioni,897018,rxnav_atc_verified,,not_found,0.890613
Faricimab,INGREDIENT,AIFA package table,Faricimab,faricimab,S01LA09,S01LA,S01LA09,monotherapy_confezioni,2591519,rxnav_atc_verified,,not_found,0.881477
Fattore Di Von Willebrand,INGREDIENT,AIFA package table,Fattore Di Von Willebrand,fattore di von willebrand,B02BD06,B02BD,B02BD06,monotherapy_confezioni,11274,rxnav_atc_verified,,not_found,0.884916
Fattore Ix Della Coagulazione Umano,INGREDIENT,AIFA package table,Fattore Ix Della Coagulazione Umano,fattore ix della coagulazione umano,B02BD04,B02BD,B02BD04,monotherapy_confezioni,,not_found,DDInter422,ddinter_retrieval,0.910984
Fattore Ix Di Coagulazione Del Sangue Umano Liofilizzato,INGREDIENT,AIFA package table,Fattore Ix Di Coagulazione Del Sangue Umano Liofilizzato,fattore ix di coagulazione del sangue umano liofilizzato,B02BD04,B02BD,B02BD04,monotherapy_confezioni,,not_found,,not_found,0.873034
Fattore Vii Di Coagulazione Del Sangue Umano Liofilizzato,INGREDIENT,AIFA package table,Fattore Vii Di Coagulazione Del Sangue Umano Liofilizzato,fattore vii di coagulazione del sangue umano liofilizzato,B02BD05,B02BD,B02BD05,monotherapy_confezioni,4254,rxnav_atc_verified,,not_found,0.871189
Fattore Viii,INGREDIENT,AIFA package table,Fattore Viii,fattore viii,B02BD02,B02BD,B02BD02,monotherapy_confezioni,4257,rxnav_atc_verified,,not_found,0.861161
Fattore Viii Della Coagulazione Del Plasma Umano,INGREDIENT,AIFA package table,Fattore Viii Della Coagulazione Del Plasma Umano,fattore viii della coagulazione del plasma umano,B02BD02,B02BD,B02BD02,monotherapy_confezioni,826070,rxnav_atc_verified,,not_found,0.880721
Fattore Viii Di Coagulazione Del Sangue Umano Liofilizzato,INGREDIENT,AIFA package table,Fattore Viii Di Coagulazione Del Sangue Umano Liofilizzato,fattore viii di coagulazione del sangue umano liofilizzato,B02BD02,B02BD,B02BD02,monotherapy_confezioni,,not_found,,not_found,0.872223
Fattore Viii Umano Di Coagulazione,INGREDIENT,AIFA package table,Fattore Viii Umano Di Coagulazione,fattore viii umano di coagulazione,B02BD02,B02BD,B02BD02,monotherapy_confezioni,4257,rxnav_atc_verified,,not_found,0.898874
Fattore X Di Coagulazione Del Sangue,INGREDIENT,AIFA package table,Fattore X Di Coagulazione Del Sangue,fattore x di coagulazione del sangue,B02BD13,B02BD,B02BD13,monotherapy_confezioni,,not_found,DDInter422,ddinter_retrieval,0.906516
Fattore Xiii,INGREDIENT,AIFA package table,Fattore Xiii,fattore xiii,B02BD07,B02BD,B02BD07,monotherapy_confezioni,4271,rxnav_atc_verified,,not_found,0.872467
Febuxostat,INGREDIENT,AIFA package table,Febuxostat,febuxostat,M04AA03,M04AA,M04AA03,monotherapy_confezioni,73689,rxnav_atc_verified,DDInter713,ddinter_retrieval,0.936066
Febuxostat Emidrato,INGREDIENT,AIFA package table,Febuxostat Emidrato,febuxostat emidrato,M04AA03,M04AA,M04AA03,monotherapy_confezioni,73689,rxnav_atc_verified,DDInter713,ddinter_retrieval,0.920248
Fedratinib,INGREDIENT,AIFA package table,Fedratinib,fedratinib,L01EJ02,L01EJ,L01EJ02,monotherapy_confezioni,2197490,rxnav_atc_verified,DDInter714,ddinter_retrieval,0.931113
Felbamato,INGREDIENT,AIFA package table,Felbamato,felbamato,N03AX10,N03AX,N03AX10,monotherapy_confezioni,24812,rxnav_atc_verified,DDInter715,ddinter_retrieval,0.902791
Felodipina,INGREDIENT,AIFA package table,Felodipina,felodipina,C08CA02,C08CA,C08CA02,monotherapy_confezioni,4316,rxnav_atc_verified,,not_found,0.898955
Fenfluramina,INGREDIENT,AIFA package table,Fenfluramina,fenfluramina,N03AX26,N03AX,N03AX26,monotherapy_confezioni,4328,rxnav_atc_verified,DDInter717,ddinter_retrieval,0.911568
Fenilbutirrato Sodico,INGREDIENT,AIFA package table,Fenilbutirrato Sodico,fenilbutirrato,A16AX03,A16AX,A16AX03,monotherapy_confezioni,,not_found,DDInter1452,ddinter_retrieval,0.906482
Fenilefrina,INGREDIENT,AIFA package table,Fenilefrina,fenilefrina,C01CA06,C01CA,C01CA06,monotherapy_confezioni,8163,rxnav_atc_verified,,not_found,0.885677
Fenilisopropil-P-Fenilendiamina,INGREDIENT,AIFA package table,Fenilisopropil-P-Fenilendiamina,fenilisopropil-p-fenilendiamina,V04CL,V04CL,V04CL,monotherapy_confezioni,,not_found,,not_found,0.882693
Fenitoina Sodica,INGREDIENT,AIFA package table,Fenitoina Sodica,fenitoina,N03AB02,N03AB,N03AB02,monotherapy_confezioni,8183,rxnav_atc_verified,DDInter719,ddinter_retrieval,0.909033
Fenobarbitale,INGREDIENT,AIFA package table,Fenobarbitale,fenobarbitale,N03AA02,N03AA,N03AA02,monotherapy_confezioni,,not_found,,not_found,0.896061
Fenofibrato,INGREDIENT,AIFA package table,Fenofibrato,fenofibrato,C10AB05,C10AB,C10AB05,monotherapy_confezioni,8703,rxnav_atc_verified,,not_found,0.897196
Fenoldopam Mesilato,INGREDIENT,AIFA package table,Fenoldopam Mesilato,fenoldopam,C01CA19,C01CA,C01CA19,monotherapy_confezioni,24853,rxnav_atc_verified,DDInter720,ddinter_retrieval,0.923322
Fenolo,INGREDIENT,AIFA package table,Fenolo,fenolo,D08AE03,D08AE,D08AE03,monotherapy_confezioni,,not_found,,not_found,0.873828
Fentanil,INGREDIENT,AIFA package table,Fentanil,fentanil,N02AB03,N02AB,N02AB03,monotherapy_confezioni,4337,rxnav_atc_verified,DDInter722,ddinter_retrieval,0.914834
Fentanyl,INGREDIENT,AIFA package table,Fentanyl,fentanyl,N02AB03,N02AB,N02AB03,monotherapy_confezioni,4337,rxnav_atc_verified,DDInter722,ddinter_retrieval,0.934529
Fenticonazolo Nitrato,INGREDIENT,AIFA package table,Fenticonazolo Nitrato,fenticonazolo,G01AF12,G01AF,G01AF12,monotherapy_confezioni,24876,rxnav_atc_verified,,not_found,0.890883
Fermenti Lattici,INGREDIENT,AIFA package table,Fermenti Lattici,fermenti lattici,A07FA01,A07FA,A07FA01,monotherapy_confezioni,,not_found,,not_found,0.879295
Ferriprotinato,INGREDIENT,AIFA package table,Ferriprotinato,ferriprotinato,B03AB09,B03AB,B03AB09,monotherapy_confezioni,,not_found,,not_found,0.887562
Ferrisaccarato,INGREDIENT,AIFA package table,Ferrisaccarato,ferrisaccarato,B03AC,B03AC,B03AC,monotherapy_confezioni,,not_found,,not_found,0.846102
Ferro,INGREDIENT,AIFA package table,Ferro,ferro,B03AA03,B03AA,B03AA03,monotherapy_confezioni,310325,rxnav_atc_verified,,not_found,0.868973
Ferro Maltobionato,INGREDIENT,AIFA package table,Ferro Maltobionato,ferro maltobionato,B03AB10,B03AB,B03AB10,monotherapy_confezioni,,not_found,DDInter726,ddinter_retrieval,0.910459
Ferro Trivalente,INGREDIENT,AIFA package table,Ferro Trivalente,ferro trivalente,B03AB05,B03AB,B03AB05,monotherapy_confezioni,,not_found,,not_found,0.892622
Ferro+++,INGREDIENT,AIFA package table,Ferro+++,ferro+++,B03AC,B03AC,B03AC,monotherapy_confezioni,,not_found,,not_found,0.885846
Ferroglicinasolfato,INGREDIENT,AIFA package table,Ferroglicinasolfato,ferroglicinasolfato,B03AA01,B03AA,B03AA01,monotherapy_confezioni,,not_found,,not_found,0.88136
Ferromaltoso,INGREDIENT,AIFA package table,Ferromaltoso,ferromaltoso,B03AB05,B03AB,B03AB05,monotherapy_confezioni,,not_found,,not_found,0.899016
Ferroso Solfato,INGREDIENT,AIFA package table,Ferroso Solfato,ferroso,B03AA07,B03AA,B03AA07,monotherapy_confezioni,,not_found,DDInter727,ddinter_retrieval,0.911296
Ferroso Gluconato,INGREDIENT,AIFA package table,Ferroso Gluconato,ferroso gluconato,B03AA03,B03AA,B03AA03,monotherapy_confezioni,,not_found,DDInter726,ddinter_retrieval,0.944619
Ferrum Metallicum,INGREDIENT,AIFA package table,Ferrum Metallicum,ferrum metallicum,V03AX,V03AX,V03AX,monotherapy_confezioni,,not_found,,not_found,0.869471
Ferrum Phosphoricum,INGREDIENT,AIFA package table,Ferrum Phosphoricum,ferrum phosphoricum,V03AX,V03AX,V03AX,monotherapy_confezioni,,not_found,,not_found,0.872785
Fesoterodina,INGREDIENT,AIFA package table,Fesoterodina,fesoterodina,G04BD11,G04BD,G04BD11,monotherapy_confezioni,797195,rxnav_atc_verified,DDInter731,ddinter_retrieval,0.909211
Fexofenadina,INGREDIENT,AIFA package table,Fexofenadina,fexofenadina,R06AX26,R06AX,R06AX26,monotherapy_confezioni,87636,rxnav_atc_verified,DDInter732,ddinter_retrieval,0.93346
Fezolinetant,INGREDIENT,AIFA package table,Fezolinetant,fezolinetant,G02CX06,G02CX,G02CX06,monotherapy_confezioni,2637134,rxnav_atc_verified,,not_found,0.876229
Fibrinogeno Umano,INGREDIENT,AIFA package table,Fibrinogeno Umano,fibrinogeno umano,B02BB01,B02BB,B02BB01,monotherapy_confezioni,4385,rxnav_atc_verified,DDInter733,ddinter_retrieval,0.925369
Fibrinogeno Umano Liofilizzato,INGREDIENT,AIFA package table,Fibrinogeno Umano Liofilizzato,fibrinogeno umano liofilizzato,B02BB01,B02BB,B02BB01,monotherapy_confezioni,4385,rxnav_atc_verified,,not_found,0.894655
Fidaxomicina,INGREDIENT,AIFA package table,Fidaxomicina,fidaxomicina,A07AA12,A07AA,A07AA12,monotherapy_confezioni,1111103,rxnav_atc_verified,DDInter734,ddinter_retrieval,0.940728
Filgotinib,INGREDIENT,AIFA package table,Filgotinib,filgotinib,L04AF04,L04AF,L04AF04,monotherapy_confezioni,,not_found,,not_found,0.873793
Filgrastim,INGREDIENT,AIFA package table,Filgrastim,filgrastim,L03AA02,L03AA,L03AA02,monotherapy_confezioni,68442,rxnav_atc_verified,DDInter735,ddinter_retrieval,0.943042
Finasteride,INGREDIENT,AIFA package table,Finasteride,finasteride,G04CB01,G04CB,G04CB01,monotherapy_confezioni,25025,rxnav_atc_verified,DDInter736,ddinter_retrieval,0.932674
Finerenone,INGREDIENT,AIFA package table,Finerenone,finerenone,C03DA05,C03DA,C03DA05,monotherapy_confezioni,2562811,rxnav_atc_verified,,not_found,0.885136
Fingolimod,INGREDIENT,AIFA package table,Fingolimod,fingolimod,L04AE01,L04AE,L04AE01,monotherapy_confezioni,1012892,rxnav_atc_verified,DDInter737,ddinter_retrieval,0.929302
Fitomenadione,INGREDIENT,AIFA package table,Fitomenadione,fitomenadione,B02BA01,B02BA,B02BA01,monotherapy_confezioni,8308,rxnav_atc_verified,,not_found,0.857538
Flavoxato Cloridrato,INGREDIENT,AIFA package table,Flavoxato Cloridrato,flavoxato,G04BD02,G04BD,G04BD02,monotherapy_confezioni,4440,rxnav_atc_verified,DDInter738,ddinter_retrieval,0.928023
Flecainide Acetato,INGREDIENT,AIFA package table,Flecainide Acetato,flecainide,C01BC04,C01BC,C01BC04,monotherapy_confezioni,4441,rxnav_atc_verified,DDInter740,ddinter_retrieval,0.927206
Florbetaben (18 F),INGREDIENT,AIFA package table,Florbetaben (18 F),florbetaben (18 f),V09AX06,V09AX,V09AX06,monotherapy_confezioni,1492940,rxnav_atc_verified,DDInter746,ddinter_retrieval,0.923698
Florbetapir,INGREDIENT,AIFA package table,Florbetapir,florbetapir,V09AX05,V09AX,V09AX05,monotherapy_confezioni,1427225,rxnav_atc_verified,,not_found,0.876481
Floroglucinolo,INGREDIENT,AIFA package table,Floroglucinolo,floroglucinolo,A03AX12,A03AX,A03AX12,monotherapy_confezioni,8196,rxnav_atc_verified,,not_found,0.863542
Flortaucipir (18F),INGREDIENT,AIFA package table,Flortaucipir (18F),flortaucipir (18f),V09AX07,V09AX,V09AX07,monotherapy_confezioni,2372689,rxnav_atc_verified,DDInter746,ddinter_retrieval,0.926249
Fluciclovina (18F),INGREDIENT,AIFA package table,Fluciclovina (18F),fluciclovina (18f),V09IX12,V09IX,V09IX12,monotherapy_confezioni,1796118,rxnav_atc_verified,DDInter746,ddinter_retrieval,0.939894
Flucitosina,INGREDIENT,AIFA package table,Flucitosina,flucitosina,J02AX01,J02AX,J02AX01,monotherapy_confezioni,4451,rxnav_atc_verified,DDInter744,ddinter_retrieval,0.909169
Flucloxacillina Sodica,INGREDIENT,AIFA package table,Flucloxacillina Sodica,flucloxacillina,J01CF05,J01CF,J01CF05,monotherapy_confezioni,4448,rxnav_atc_verified,DDInter1247,ddinter_retrieval,0.910748
Fluconazole,INGREDIENT,AIFA package table,Fluconazole,fluconazole,J02AC01,J02AC,J02AC01,monotherapy_confezioni,4450,rxnav_atc_verified,DDInter743,ddinter_retrieval,0.936627
Fluconazolo,INGREDIENT,AIFA package table,Fluconazolo,fluconazolo,J02AC01,J02AC,J02AC01,monotherapy_confezioni,4450,rxnav_atc_verified,DDInter743,ddinter_retrieval,0.920906
Fludarabina,INGREDIENT,AIFA package table,Fludarabina,fludarabina,L01BB05,L01BB,L01BB05,monotherapy_confezioni,24698,rxnav_atc_verified,DDInter745,ddinter_retrieval,0.909056
Flumazenil,INGREDIENT,AIFA package table,Flumazenil,flumazenil,V03AB25,V03AB,V03AB25,monotherapy_confezioni,4457,rxnav_atc_verified,DDInter748,ddinter_retrieval,0.938815
Flunarizina Dicloridrato,INGREDIENT,AIFA package table,Flunarizina Dicloridrato,flunarizina dicloridrato,N07CA03,N07CA,N07CA03,monotherapy_confezioni,4459,rxnav_atc_verified,DDInter574,ddinter_retrieval,0.902331
Flunisolide,INGREDIENT,AIFA package table,Flunisolide,flunisolide,R03BA03,R03BA,R03BA03,monotherapy_confezioni,25120,rxnav_atc_verified,DDInter749,ddinter_retrieval,0.946823
Flunitrazepam,INGREDIENT,AIFA package table,Flunitrazepam,flunitrazepam,N05CD03,N05CD,N05CD03,monotherapy_confezioni,4460,rxnav_atc_verified,,not_found,0.8916
Fluocinolone Acetonide,INGREDIENT,AIFA package table,Fluocinolone Acetonide,fluocinolone acetonide,S02BA08,S02BA,S02BA08,monotherapy_confezioni,4461,rxnav_atc_verified,DDInter751,ddinter_retrieval,0.953052
Fluocinonide,INGREDIENT,AIFA package table,Fluocinonide,fluocinonide,D07AC08,D07AC,D07AC08,monotherapy_confezioni,4462,rxnav_atc_verified,DDInter752,ddinter_retrieval,0.93502
Fluodeossiglucosio,INGREDIENT,AIFA package table,Fluodeossiglucosio,fluodeossiglucosio,V09IX04,V09IX,V09IX04,monotherapy_confezioni,,not_found,DDInter746,ddinter_retrieval,0.904625
Fluodeossiglucosio (18F),INGREDIENT,AIFA package table,Fluodeossiglucosio (18F),fluodeossiglucosio (18f),V09IX04,V09IX,V09IX04,monotherapy_confezioni,1362737,rxnav_atc_verified,DDInter746,ddinter_retrieval,0.971754
Fluoresceina Sodica,INGREDIENT,AIFA package table,Fluoresceina Sodica,fluoresceina,S01JA01,S01JA,S01JA01,monotherapy_confezioni,25138,rxnav_atc_verified,,not_found,0.897478
Fluoro-18F-Desossiglucosio,INGREDIENT,AIFA package table,Fluoro-18F-Desossiglucosio,fluoro-18f-desossiglucosio,V09IX04,V09IX,V09IX04,monotherapy_confezioni,2571853,rxnav_atc_verified,DDInter746,ddinter_retrieval,0.921144
Fluorodopa (18F),INGREDIENT,AIFA package table,Fluorodopa (18F),fluorodopa (18f),V09IX05,V09IX,V09IX05,monotherapy_confezioni,2571853,rxnav_atc_verified,DDInter746,ddinter_retrieval,0.912633
Fluorometilcolina (18 F) Cloruro,INGREDIENT,AIFA package table,Fluorometilcolina (18 F) Cloruro,fluorometilcolina (18 f) cloruro,V09IX07,V09IX,V09IX07,monotherapy_confezioni,,not_found,DDInter746,ddinter_retrieval,0.91751
Fluorometolone,INGREDIENT,AIFA package table,Fluorometolone,fluorometolone,S01BA07,S01BA,S01BA07,monotherapy_confezioni,4491,rxnav_atc_verified,DDInter755,ddinter_retrieval,0.902538
Fluorouracile,INGREDIENT,AIFA package table,Fluorouracile,fluorouracile,L01BC02,L01BC,L01BC02,monotherapy_confezioni,4492,rxnav_atc_verified,DDInter757,ddinter_retrieval,0.90889
Fluoxetina,INGREDIENT,AIFA package table,Fluoxetina,fluoxetina,N06AB03,N06AB,N06AB03,monotherapy_confezioni,4493,rxnav_atc_verified,DDInter758,ddinter_retrieval,0.935763
Flurazepam Monocloridrato,INGREDIENT,AIFA package table,Flurazepam Monocloridrato,flurazepam monocloridrato,N05CD01,N05CD,N05CD01,monotherapy_confezioni,4501,rxnav_atc_verified,DDInter762,ddinter_retrieval,0.917257
Flurbiprofene,INGREDIENT,AIFA package table,Flurbiprofene,flurbiprofene,A01AD11,A01AD,A01AD11,monotherapy_confezioni,4502,rxnav_atc_verified,DDInter763,ddinter_retrieval,0.933413
Flutamide,INGREDIENT,AIFA package table,Flutamide,flutamide,L02BB01,L02BB,L02BB01,monotherapy_confezioni,4508,rxnav_atc_verified,DDInter765,ddinter_retrieval,0.922947
Flutemetamolo (18F),INGREDIENT,AIFA package table,Flutemetamolo (18F),flutemetamolo (18f),V09AX04,V09AX,V09AX04,monotherapy_confezioni,1486025,rxnav_atc_verified,DDInter746,ddinter_retrieval,0.932173
Fluticasone,INGREDIENT,AIFA package table,Fluticasone,fluticasone,R01AD12,R01AD,R01AD12,monotherapy_confezioni,41126,rxnav_atc_verified,DDInter766,ddinter_retrieval,0.941838
Fluticasone Propionato,INGREDIENT,AIFA package table,Fluticasone Propionato,fluticasone propionato,R03BA05,R03BA,R03BA05,monotherapy_confezioni,50121,rxnav_atc_verified,DDInter766,ddinter_retrieval,0.918697
Fluvastatina,INGREDIENT,AIFA package table,Fluvastatina,fluvastatina,C10AA04,C10AA,C10AA04,monotherapy_confezioni,41127,rxnav_atc_verified,DDInter769,ddinter_retrieval,0.9379
Fluvoxamina Maleato,INGREDIENT,AIFA package table,Fluvoxamina Maleato,fluvoxamina,N06AB08,N06AB,N06AB08,monotherapy_confezioni,42355,rxnav_atc_verified,DDInter770,ddinter_retrieval,0.926523
Calcio Folinato,INGREDIENT,AIFA package table,Calcio Folinato,folinato,V03AF03,V03AF,V03AF03,monotherapy_confezioni,,not_found,,not_found,0.845453
Follitropina Alfa,INGREDIENT,AIFA package table,Follitropina Alfa,follitropina alfa,G03GA05,G03GA,G03GA05,monotherapy_confezioni,386938,rxnav_atc_verified,DDInter1800,ddinter_retrieval,0.917645
Follitropina Beta,INGREDIENT,AIFA package table,Follitropina Beta,follitropina beta,G03GA06,G03GA,G03GA06,monotherapy_confezioni,25357,rxnav_atc_verified,DDInter772,ddinter_retrieval,0.910491
Follitropina Delta,INGREDIENT,AIFA package table,Follitropina Delta,follitropina delta,G03GA10,G03GA,G03GA10,monotherapy_confezioni,,not_found,DDInter772,ddinter_retrieval,0.902174
Fondaparinux Sodico,INGREDIENT,AIFA package table,Fondaparinux Sodico,fondaparinux,B01AX05,B01AX,B01AX05,monotherapy_confezioni,321208,rxnav_atc_verified,DDInter775,ddinter_retrieval,0.915159
Formoterolo Fumarato,INGREDIENT,AIFA package table,Formoterolo Fumarato,formoterolo,R03AC13,R03AC,R03AC13,monotherapy_confezioni,25255,rxnav_atc_verified,DDInter776,ddinter_retrieval,0.905725
Formoterolo Fumarato Diidrato,INGREDIENT,AIFA package table,Formoterolo Fumarato Diidrato,formoterolo diidrato,R03AC13,R03AC,R03AC13,monotherapy_confezioni,25255,rxnav_atc_verified,,not_found,0.889439
Fosaprepitant Dimeglumina,INGREDIENT,AIFA package table,Fosaprepitant Dimeglumina,fosaprepitant dimeglumina,A04AD12,A04AD,A04AD12,monotherapy_confezioni,,not_found,DDInter778,ddinter_retrieval,0.912702
Foscarnet,INGREDIENT,AIFA package table,Foscarnet,foscarnet,J05AD01,J05AD,J05AD01,monotherapy_confezioni,33562,rxnav_atc_verified,DDInter779,ddinter_retrieval,0.933203
Fosfatidi Diencefalici,INGREDIENT,AIFA package table,Fosfatidi Diencefalici,fosfatidi diencefalici,N07XX,N07XX,N07XX,monotherapy_confezioni,,not_found,,not_found,0.885043
Fosfocreatina Sodica,INGREDIENT,AIFA package table,Fosfocreatina Sodica,fosfocreatina,C01EB06,C01EB,C01EB06,monotherapy_confezioni,,not_found,,not_found,0.894592
Fosfomicina,INGREDIENT,AIFA package table,Fosfomicina,fosfomicina,J01XX01,J01XX,J01XX01,monotherapy_confezioni,4550,rxnav_atc_verified,DDInter780,ddinter_retrieval,0.921225
Fosfomicina Trometamolo,INGREDIENT,AIFA package table,Fosfomicina Trometamolo,fosfomicina trometamolo,J01XX01,J01XX,J01XX01,monotherapy_confezioni,4550,rxnav_atc_verified,DDInter329,ddinter_retrieval,0.906319
Fosinopril Sodico,INGREDIENT,AIFA package table,Fosinopril Sodico,fosinopril,C09AA09,C09AA,C09AA09,monotherapy_confezioni,50166,rxnav_atc_verified,DDInter781,ddinter_retrieval,0.926265
Fostamatinib,INGREDIENT,AIFA package table,Fostamatinib,fostamatinib,B02BX09,B02BX,B02BX09,monotherapy_confezioni,2044896,rxnav_atc_verified,DDInter785,ddinter_retrieval,0.927125
Fostemsavir,INGREDIENT,AIFA package table,Fostemsavir,fostemsavir,J05AX29,J05AX,J05AX29,monotherapy_confezioni,2380373,rxnav_atc_verified,DDInter786,ddinter_retrieval,0.932979
Fraxinus Excelsior,INGREDIENT,AIFA package table,Fraxinus Excelsior,fraxinus excelsior,V03AX,V03AX,V03AX,monotherapy_confezioni,,not_found,,not_found,0.880539
Frazione Cellulare Arricchita Di Cellule Autologhe Cd34+ Contenente Cellule Cd34+ Geneticamente Modificate Con Un Vettore Retrovirale Contenente La Sequenza Di Cdna Che Codifica Per L?Adenosina Deaminasi (Ada) Umana,INGREDIENT,AIFA package table,Frazione Cellulare Arricchita Di Cellule Autologhe Cd34+ Contenente Cellule Cd34+ Geneticamente Modificate Con Un Vettore Retrovirale Contenente La Sequenza Di Cdna Che Codifica Per L?Adenosina Deaminasi (Ada) Umana,frazione cellulare arricchita di cellule autologhe cd34+ contenente cellule cd34+ geneticamente modificate con un vettore retrovirale contenente la sequenza di cdna che codifica per l?adenosina deaminasi (ada) umana,L03AX,L03AX,L03AX,monotherapy_confezioni,,not_found,,not_found,0.86353
Frazione Fosfolipidica Da Polmone Di Suino,INGREDIENT,AIFA package table,Frazione Fosfolipidica Da Polmone Di Suino,frazione fosfolipidica da polmone di suino,R07AA02,R07AA,R07AA02,monotherapy_confezioni,,not_found,,not_found,0.877737
Fremanezumab,INGREDIENT,AIFA package table,Fremanezumab,fremanezumab,N02CD03,N02CD,N02CD03,monotherapy_confezioni,2056691,rxnav_atc_verified,,not_found,0.873718
Frovatriptan,INGREDIENT,AIFA package table,Frovatriptan,frovatriptan,N02CC07,N02CC,N02CC07,monotherapy_confezioni,228783,rxnav_atc_verified,DDInter788,ddinter_retrieval,0.942073
Fruquintinib,INGREDIENT,AIFA package table,Fruquintinib,fruquintinib,L01EK04,L01EK,L01EK04,monotherapy_confezioni,2670179,rxnav_atc_verified,DDInter1504,ddinter_retrieval,0.903266
Fruttosio Difosfato Sodico,INGREDIENT,AIFA package table,Fruttosio Difosfato Sodico,fruttosio difosfato,C01EB07,C01EB,C01EB07,monotherapy_confezioni,,not_found,DDInter1684,ddinter_retrieval,0.917378
Fucus Vesciculosus,INGREDIENT,AIFA package table,Fucus Vesciculosus,fucus vesciculosus,V03AX,V03AX,V03AX,monotherapy_confezioni,,not_found,,not_found,0.8779
Fulvestrant,INGREDIENT,AIFA package table,Fulvestrant,fulvestrant,L02BA03,L02BA,L02BA03,monotherapy_confezioni,282357,rxnav_atc_verified,DDInter789,ddinter_retrieval,0.954476
Fumaria,INGREDIENT,AIFA package table,Fumaria,fumaria,V03AX,V03AX,V03AX,monotherapy_confezioni,,not_found,,not_found,0.83676
Furosemide,INGREDIENT,AIFA package table,Furosemide,furosemide,C03CA01,C03CA,C03CA01,monotherapy_confezioni,4603,rxnav_atc_verified,DDInter790,ddinter_retrieval,0.936989
Futibatinib,INGREDIENT,AIFA package table,Futibatinib,futibatinib,L01EN04,L01EN,L01EN04,monotherapy_confezioni,2628190,rxnav_atc_verified,DDInter785,ddinter_retrieval,0.90472
Gabapentin,INGREDIENT,AIFA package table,Gabapentin,gabapentin,N02BF01,N02BF,N02BF01,monotherapy_confezioni,25480,rxnav_atc_verified,DDInter791,ddinter_retrieval,0.949748
Gabapentina,INGREDIENT,AIFA package table,Gabapentina,gabapentina,N02BF01,N02BF,N02BF01,monotherapy_confezioni,25480,rxnav_atc_verified,DDInter791,ddinter_retrieval,0.937647
Gabesato Mesilato,INGREDIENT,AIFA package table,Gabesato Mesilato,gabesato,B02AB,B02AB,B02AB,monotherapy_confezioni,,not_found,,not_found,0.894692
Gadobutrolo,INGREDIENT,AIFA package table,Gadobutrolo,gadobutrolo,V08CA09,V08CA,V08CA09,monotherapy_confezioni,84990,rxnav_atc_verified,DDInter793,ddinter_retrieval,0.910298
Gadodiamide,INGREDIENT,AIFA package table,Gadodiamide,gadodiamide,V08CA03,V08CA,V08CA03,monotherapy_confezioni,41144,rxnav_atc_verified,DDInter794,ddinter_retrieval,0.911469
Gadopiclenol,INGREDIENT,AIFA package table,Gadopiclenol,gadopiclenol,V08CA12,V08CA,V08CA12,monotherapy_confezioni,2618720,rxnav_atc_verified,,not_found,0.895725
Gadoteridolo,INGREDIENT,AIFA package table,Gadoteridolo,gadoteridolo,V08CA04,V08CA,V08CA04,monotherapy_confezioni,25483,rxnav_atc_verified,DDInter798,ddinter_retrieval,0.909069
Galantamina Bromidrato,INGREDIENT,AIFA package table,Galantamina Bromidrato,galantamina bromidrato,N06DA04,N06DA,N06DA04,monotherapy_confezioni,4637,rxnav_atc_verified,DDInter802,ddinter_retrieval,0.903744
Galcanezumab,INGREDIENT,AIFA package table,Galcanezumab,galcanezumab,N02CD02,N02CD,N02CD02,monotherapy_confezioni,2058846,rxnav_atc_verified,,not_found,0.873923
Gallio (67 Ga) Citrato,INGREDIENT,AIFA package table,Gallio (67 Ga) Citrato,gallio (67 ga),V09HX01,V09HX,V09HX01,monotherapy_confezioni,272758,rxnav_atc_verified,DDInter803,ddinter_retrieval,0.90011
Galsulfase,INGREDIENT,AIFA package table,Galsulfase,galsulfase,A16AB08,A16AB,A16AB08,monotherapy_confezioni,578033,rxnav_atc_verified,,not_found,0.883523
Ganaxolone,INGREDIENT,AIFA package table,Ganaxolone,ganaxolone,N03AX27,N03AX,N03AX27,monotherapy_confezioni,2604689,rxnav_atc_verified,,not_found,0.893723
Ganciclovir,INGREDIENT,AIFA package table,Ganciclovir,ganciclovir,J05AB06,J05AB,J05AB06,monotherapy_confezioni,4678,rxnav_atc_verified,DDInter806,ddinter_retrieval,0.932517
Ganirelix,INGREDIENT,AIFA package table,Ganirelix,ganirelix,H01CC01,H01CC,H01CC01,monotherapy_confezioni,35825,rxnav_atc_verified,DDInter807,ddinter_retrieval,0.941493
Garadacimab,INGREDIENT,AIFA package table,Garadacimab,garadacimab,B06AC07,B06AC,B06AC07,monotherapy_confezioni,2717169,rxnav_atc_verified,,not_found,0.859526
Gefapixant Citrato,INGREDIENT,AIFA package table,Gefapixant Citrato,gefapixant,R05DB29,R05DB,R05DB29,monotherapy_confezioni,,not_found,DDInter1498,ddinter_retrieval,0.900149
Gefitinib,INGREDIENT,AIFA package table,Gefitinib,gefitinib,L01EB01,L01EB,L01EB01,monotherapy_confezioni,328134,rxnav_atc_verified,DDInter810,ddinter_retrieval,0.920399
Gelsemium Sempervirens,INGREDIENT,AIFA package table,Gelsemium Sempervirens,gelsemium sempervirens,V03AX,V03AX,V03AX,monotherapy_confezioni,,not_found,,not_found,0.86892
Gemcitabina,INGREDIENT,AIFA package table,Gemcitabina,gemcitabina,L01BC05,L01BC,L01BC05,monotherapy_confezioni,12574,rxnav_atc_verified,DDInter811,ddinter_retrieval,0.912881
Gemfibrozil,INGREDIENT,AIFA package table,Gemfibrozil,gemfibrozil,C10AB04,C10AB,C10AB04,monotherapy_confezioni,4719,rxnav_atc_verified,DDInter812,ddinter_retrieval,0.932905
Gemtuzumab Ozogamicin,INGREDIENT,AIFA package table,Gemtuzumab Ozogamicin,gemtuzumab ozogamicin,L01FX02,L01FX,L01FX02,monotherapy_confezioni,1294580,rxnav_atc_verified,DDInter814,ddinter_retrieval,0.930099
Gentamicina,INGREDIENT,AIFA package table,Gentamicina,gentamicina,J01GB03,J01GB,J01GB03,monotherapy_confezioni,1596450,rxnav_atc_verified,DDInter815,ddinter_retrieval,0.914574
Gentiana Lutea,INGREDIENT,AIFA package table,Gentiana Lutea,gentiana lutea,V03AX,V03AX,V03AX,monotherapy_confezioni,,not_found,,not_found,0.877061
Gilteritinib,INGREDIENT,AIFA package table,Gilteritinib,gilteritinib,L01EX13,L01EX,L01EX13,monotherapy_confezioni,2105806,rxnav_atc_verified,DDInter817,ddinter_retrieval,0.920263
Ginepro,INGREDIENT,AIFA package table,Ginepro,ginepro,V03AX,V03AX,V03AX,monotherapy_confezioni,,not_found,,not_found,0.842703
Givinostat,INGREDIENT,AIFA package table,Givinostat,givinostat,M09AX14,M09AX,M09AX14,monotherapy_confezioni,2678889,rxnav_atc_verified,,not_found,0.873966
Givosiran,INGREDIENT,AIFA package table,Givosiran,givosiran,A16AX16,A16AX,A16AX16,monotherapy_confezioni,2265712,rxnav_atc_verified,DDInter821,ddinter_retrieval,0.920019
Glasdegib,INGREDIENT,AIFA package table,Glasdegib,glasdegib,L01XJ03,L01XJ,L01XJ03,monotherapy_confezioni,2105845,rxnav_atc_verified,DDInter822,ddinter_retrieval,0.929869
Glatiramer Acetato,INGREDIENT,AIFA package table,Glatiramer Acetato,glatiramer,L03AX13,L03AX,L03AX13,monotherapy_confezioni,214582,rxnav_atc_verified,DDInter823,ddinter_retrieval,0.917641
Glibenclamide,INGREDIENT,AIFA package table,Glibenclamide,glibenclamide,A10BB01,A10BB,A10BB01,monotherapy_confezioni,4815,rxnav_atc_verified,DDInter825,ddinter_retrieval,0.905545
Glicerofosforiletanolamina Monoidrata,INGREDIENT,AIFA package table,Glicerofosforiletanolamina Monoidrata,glicerofosforiletanolamina monoidrata,N06BX,N06BX,N06BX,monotherapy_confezioni,,not_found,,not_found,0.873056
Glicerolo,INGREDIENT,AIFA package table,Glicerolo,glicerolo,A06AX01,A06AX,A06AX01,monotherapy_confezioni,4910,rxnav_atc_verified,,not_found,0.862111
Glicerolo Felbutirrato,INGREDIENT,AIFA package table,Glicerolo Felbutirrato,glicerolo felbutirrato,A16AX09,A16AX,A16AX09,monotherapy_confezioni,,not_found,,not_found,0.898669
Gliclazide,INGREDIENT,AIFA package table,Gliclazide,gliclazide,A10BB09,A10BB,A10BB09,monotherapy_confezioni,4816,rxnav_atc_verified,,not_found,0.879916
Glicopirronio,INGREDIENT,AIFA package table,Glicopirronio,glicopirronio,D11AA01,D11AA,D11AA01,monotherapy_confezioni,1546438,rxnav_atc_verified,DDInter834,ddinter_retrieval,0.913788
Glicosaminoglicanopolisolfato,INGREDIENT,AIFA package table,Glicosaminoglicanopolisolfato,glicosaminoglicanopolisolfato,C05BA01,C05BA,C05BA01,monotherapy_confezioni,,not_found,,not_found,0.865711
Glimepiride,INGREDIENT,AIFA package table,Glimepiride,glimepiride,A10BB12,A10BB,A10BB12,monotherapy_confezioni,25789,rxnav_atc_verified,DDInter825,ddinter_retrieval,0.933275
Glipizide,INGREDIENT,AIFA package table,Glipizide,glipizide,A10BB07,A10BB,A10BB07,monotherapy_confezioni,4821,rxnav_atc_verified,DDInter826,ddinter_retrieval,0.921495
Gliquidone,INGREDIENT,AIFA package table,Gliquidone,gliquidone,A10BB08,A10BB,A10BB08,monotherapy_confezioni,25793,rxnav_atc_verified,,not_found,0.887896
Glofitamab,INGREDIENT,AIFA package table,Glofitamab,glofitamab,L01FX28,L01FX,L01FX28,monotherapy_confezioni,2639782,rxnav_atc_verified,,not_found,0.875515
Glonoinum,INGREDIENT,AIFA package table,Glonoinum,glonoinum,V03AX,V03AX,V03AX,monotherapy_confezioni,,not_found,,not_found,0.833091
Glucagone,INGREDIENT,AIFA package table,Glucagone,glucagone,H04AA01,H04AA,H04AA01,monotherapy_confezioni,4832,rxnav_atc_verified,DDInter827,ddinter_retrieval,0.907237
Glucarpidasi,INGREDIENT,AIFA package table,Glucarpidasi,glucarpidasi,V03AF09,V03AF,V03AF09,monotherapy_confezioni,1242127,rxnav_atc_verified,DDInter828,ddinter_retrieval,0.93131
Calcio Gluconato,INGREDIENT,AIFA package table,Calcio Gluconato,gluconato,A12AA03,A12AA,A12AA03,monotherapy_confezioni,1908,rxnav_atc_verified,,not_found,0.887058
Glucosamina Solfato Cristallina,INGREDIENT,AIFA package table,Glucosamina Solfato Cristallina,glucosamina cristallina,M01AX05,M01AX,M01AX05,monotherapy_confezioni,4845,rxnav_atc_verified,DDInter275,ddinter_retrieval,0.902766
Glucosio,INGREDIENT,AIFA package table,Glucosio,glucosio,V04CA02,V04CA,V04CA02,monotherapy_confezioni,,not_found,,not_found,0.896129
Glucosio (Destrosio) Anidro,INGREDIENT,AIFA package table,Glucosio (Destrosio) Anidro,glucosio (destrosio),B05BA03,B05BA,B05BA03,monotherapy_confezioni,,not_found,DDInter525,ddinter_retrieval,0.913423
Glutatione Sodico,INGREDIENT,AIFA package table,Glutatione Sodico,glutatione,V03AB32,V03AB,V03AB32,monotherapy_confezioni,4890,rxnav_atc_verified,DDInter1689,ddinter_retrieval,0.903656
Gnaphalium Polycephalum,INGREDIENT,AIFA package table,Gnaphalium Polycephalum,gnaphalium polycephalum,V03AX,V03AX,V03AX,monotherapy_confezioni,,not_found,,not_found,0.858207
Golimumab,INGREDIENT,AIFA package table,Golimumab,golimumab,L04AB06,L04AB,L04AB06,monotherapy_confezioni,819300,rxnav_atc_verified,DDInter837,ddinter_retrieval,0.923219
Gonadorelina,INGREDIENT,AIFA package table,Gonadorelina,gonadorelina,H01CA01,H01CA,H01CA01,monotherapy_confezioni,6384,rxnav_atc_verified,DDInter838,ddinter_retrieval,0.905047
Gonadotropina Corionica,INGREDIENT,AIFA package table,Gonadotropina Corionica,gonadotropina corionica,G03GA01,G03GA,G03GA01,monotherapy_confezioni,340705,rxnav_atc_verified,DDInter372,ddinter_retrieval,0.918992
Goserelin Acetato,INGREDIENT,AIFA package table,Goserelin Acetato,goserelin,L02AE03,L02AE,L02AE03,monotherapy_confezioni,50610,rxnav_atc_verified,DDInter839,ddinter_retrieval,0.922029
Gozetotide,INGREDIENT,AIFA package table,Gozetotide,gozetotide,V09IX14,V09IX,V09IX14,monotherapy_confezioni,2588949,rxnav_atc_verified,,not_found,0.869389
Granisetron,INGREDIENT,AIFA package table,Granisetron,granisetron,A04AA02,A04AA,A04AA02,monotherapy_confezioni,26237,rxnav_atc_verified,DDInter840,ddinter_retrieval,0.93514
Granisetrone Cloridrato,INGREDIENT,AIFA package table,Granisetrone Cloridrato,granisetrone,A04AA02,A04AA,A04AA02,monotherapy_confezioni,26237,rxnav_atc_verified,DDInter840,ddinter_retrieval,0.902055
Graphites,INGREDIENT,AIFA package table,Graphites,graphites,V03AX,V03AX,V03AX,monotherapy_confezioni,,not_found,,not_found,0.831317
Grindelia,INGREDIENT,AIFA package table,Grindelia,grindelia,V03AX,V03AX,V03AX,monotherapy_confezioni,,not_found,,not_found,0.816908
Grindelia Robusta,INGREDIENT,AIFA package table,Grindelia Robusta,grindelia robusta,V03AX,V03AX,V03AX,monotherapy_confezioni,,not_found,,not_found,0.839239
Griseofulvina,INGREDIENT,AIFA package table,Griseofulvina,griseofulvina,D01BA01,D01BA,D01BA01,monotherapy_confezioni,5021,rxnav_atc_verified,DDInter843,ddinter_retrieval,0.917667
Guaiacum,INGREDIENT,AIFA package table,Guaiacum,guaiacum,V03AX,V03AX,V03AX,monotherapy_confezioni,,not_found,,not_found,0.831865
Guaifenesina,INGREDIENT,AIFA package table,Guaifenesina,guaifenesina,R05CA03,R05CA,R05CA03,monotherapy_confezioni,5032,rxnav_atc_verified,,not_found,0.866118
Guanfacina,INGREDIENT,AIFA package table,Guanfacina,guanfacina,C02AC02,C02AC,C02AC02,monotherapy_confezioni,40114,rxnav_atc_verified,DDInter847,ddinter_retrieval,0.930989
Guselkumab,INGREDIENT,AIFA package table,Guselkumab,guselkumab,L04AC16,L04AC,L04AC16,monotherapy_confezioni,1928588,rxnav_atc_verified,DDInter849,ddinter_retrieval,0.91149
Hamamelis Virginiana,INGREDIENT,AIFA package table,Hamamelis Virginiana,hamamelis virginiana,V03AX,V03AX,V03AX,monotherapy_confezioni,,not_found,,not_found,0.837275
Harpagophythum Procumbens,INGREDIENT,AIFA package table,Harpagophythum Procumbens,harpagophythum procumbens,V03AX,V03AX,V03AX,monotherapy_confezioni,,not_found,,not_found,0.863264
Hedera Helix,INGREDIENT,AIFA package table,Hedera Helix,hedera helix,V03AX,V03AX,V03AX,monotherapy_confezioni,,not_found,,not_found,0.865311
Hekla Lava,INGREDIENT,AIFA package table,Hekla Lava,hekla lava,V03AX,V03AX,V03AX,monotherapy_confezioni,,not_found,,not_found,0.859297
Helleborus Niger,INGREDIENT,AIFA package table,Helleborus Niger,helleborus niger,V03AX,V03AX,V03AX,monotherapy_confezioni,,not_found,,not_found,0.854238
Helonias Dioica,INGREDIENT,AIFA package table,Helonias Dioica,helonias dioica,V03AX,V03AX,V03AX,monotherapy_confezioni,,not_found,,not_found,0.883883
Hepar Sulfur,INGREDIENT,AIFA package table,Hepar Sulfur,hepar sulfur,V03AX,V03AX,V03AX,monotherapy_confezioni,,not_found,,not_found,0.877045
Herpes Simplex,INGREDIENT,AIFA package table,Herpes Simplex,herpes simplex,V03AX,V03AX,V03AX,monotherapy_confezioni,,not_found,,not_found,0.87141
Herpes Zoster,INGREDIENT,AIFA package table,Herpes Zoster,herpes zoster,V03AX,V03AX,V03AX,monotherapy_confezioni,,not_found,,not_found,0.878461
Humulus Lupulus,INGREDIENT,AIFA package table,Humulus Lupulus,humulus lupulus,V03AX,V03AX,V03AX,monotherapy_confezioni,,not_found,,not_found,0.840849
Hydrastis Canadensis,INGREDIENT,AIFA package table,Hydrastis Canadensis,hydrastis canadensis,V03AX,V03AX,V03AX,monotherapy_confezioni,,not_found,,not_found,0.854021
Hydrocotyle Asiatica,INGREDIENT,AIFA package table,Hydrocotyle Asiatica,hydrocotyle asiatica,V03AX,V03AX,V03AX,monotherapy_confezioni,,not_found,,not_found,0.875638
Hyoscyamus Niger,INGREDIENT,AIFA package table,Hyoscyamus Niger,hyoscyamus niger,V03AX,V03AX,V03AX,monotherapy_confezioni,,not_found,,not_found,0.860368
Hypericum Perforatum,INGREDIENT,AIFA package table,Hypericum Perforatum,hypericum perforatum,V03AX,V03AX,V03AX,monotherapy_confezioni,,not_found,,not_found,0.85406
Ibandronato Sodico Monoidrato,INGREDIENT,AIFA package table,Ibandronato Sodico Monoidrato,ibandronato,M05BA06,M05BA,M05BA06,monotherapy_confezioni,115264,rxnav_atc_verified,DDInter1691,ddinter_retrieval,0.906311
Ibopamina Cloridrato,INGREDIENT,AIFA package table,Ibopamina Cloridrato,ibopamina,S01FB03,S01FB,S01FB03,monotherapy_confezioni,51253,rxnav_atc_verified,,not_found,0.892476
Ibritumomab Tiuxetano,INGREDIENT,AIFA package table,Ibritumomab Tiuxetano,ibritumomab tiuxetano,V10XX02,V10XX,V10XX02,monotherapy_confezioni,,not_found,DDInter898,ddinter_retrieval,0.93417
Ibrutinib,INGREDIENT,AIFA package table,Ibrutinib,ibrutinib,L01EL01,L01EL,L01EL01,monotherapy_confezioni,1442981,rxnav_atc_verified,DDInter899,ddinter_retrieval,0.934256
Ibuprofen,INGREDIENT,AIFA package table,Ibuprofen,ibuprofen,M01AE01,M01AE,M01AE01,monotherapy_confezioni,5640,rxnav_atc_verified,DDInter900,ddinter_retrieval,0.921016
Ibuprofene,INGREDIENT,AIFA package table,Ibuprofene,ibuprofene,M01AE01,M01AE,M01AE01,monotherapy_confezioni,5640,rxnav_atc_verified,DDInter900,ddinter_retrieval,0.914622
Ibuprofene Sodico Diidrato,INGREDIENT,AIFA package table,Ibuprofene Sodico Diidrato,ibuprofene diidrato,M01AE01,M01AE,M01AE01,monotherapy_confezioni,5640,rxnav_atc_verified,,not_found,0.896523
Ibuprofene Isobutanolammonio,INGREDIENT,AIFA package table,Ibuprofene Isobutanolammonio,ibuprofene isobutanolammonio,G02CC01,G02CC,G02CC01,monotherapy_confezioni,5640,rxnav_atc_verified,,not_found,0.896089
Ibuprofene Sale Di Arginina,INGREDIENT,AIFA package table,Ibuprofene Sale Di Arginina,ibuprofene sale di arginina,M01AE01,M01AE,M01AE01,monotherapy_confezioni,5640,rxnav_atc_verified,,not_found,0.882811
Ibuprofene Sale Di Lisina,INGREDIENT,AIFA package table,Ibuprofene Sale Di Lisina,ibuprofene sale di lisina,M02AA13,M02AA,M02AA13,monotherapy_confezioni,5640,rxnav_atc_verified,,not_found,0.884074
Ibutilide,INGREDIENT,AIFA package table,Ibutilide,ibutilide,C01BD05,C01BD,C01BD05,monotherapy_confezioni,41289,rxnav_atc_verified,DDInter901,ddinter_retrieval,0.920176
Icatibant,INGREDIENT,AIFA package table,Icatibant,icatibant,B06AC02,B06AC,B06AC02,monotherapy_confezioni,1148138,rxnav_atc_verified,DDInter902,ddinter_retrieval,0.936832
Icatibant Acetate,INGREDIENT,AIFA package table,Icatibant Acetate,icatibant acetate,B06AC02,B06AC,B06AC02,monotherapy_confezioni,1294605,rxnav_atc_verified,DDInter902,ddinter_retrieval,0.929408
Icosapent Etile,INGREDIENT,AIFA package table,Icosapent Etile,icosapent etile,C10AX06,C10AX,C10AX06,monotherapy_confezioni,,not_found,DDInter903,ddinter_retrieval,0.920991
Idarubicina Cloridrato,INGREDIENT,AIFA package table,Idarubicina Cloridrato,idarubicina,L01DB06,L01DB,L01DB06,monotherapy_confezioni,5650,rxnav_atc_verified,DDInter904,ddinter_retrieval,0.906045
Idarucizumab,INGREDIENT,AIFA package table,Idarucizumab,idarucizumab,V03AB37,V03AB,V03AB37,monotherapy_confezioni,1716191,rxnav_atc_verified,,not_found,0.878676
Idebenone,INGREDIENT,AIFA package table,Idebenone,idebenone,N06BX13,N06BX,N06BX13,monotherapy_confezioni,51296,rxnav_atc_verified,,not_found,0.878294
Idecabtagene Vicleucel,INGREDIENT,AIFA package table,Idecabtagene Vicleucel,idecabtagene vicleucel,L01XL07,L01XL,L01XL07,monotherapy_confezioni,2536430,rxnav_atc_verified,DDInter146,ddinter_retrieval,0.925332
Idelalisib,INGREDIENT,AIFA package table,Idelalisib,idelalisib,L01EM01,L01EM,L01EM01,monotherapy_confezioni,1544460,rxnav_atc_verified,DDInter905,ddinter_retrieval,0.931404
Idroclorotiazide,INGREDIENT,AIFA package table,Idroclorotiazide,idroclorotiazide,C09BA02,C09BA,C09BA02,monotherapy_confezioni,,not_found,DDInter883,ddinter_retrieval,0.902089
Idrocortisone,INGREDIENT,AIFA package table,Idrocortisone,idrocortisone,H02AB09,H02AB,H02AB09,monotherapy_confezioni,5492,rxnav_atc_verified,DDInter885,ddinter_retrieval,0.92504
Idrocortisone Butirrato,INGREDIENT,AIFA package table,Idrocortisone Butirrato,idrocortisone butirrato,D07AB02,D07AB,D07AB02,monotherapy_confezioni,5492,rxnav_atc_verified,DDInter888,ddinter_retrieval,0.939182
Idrocortisone Sodio Fosfato,INGREDIENT,AIFA package table,Idrocortisone Sodio Fosfato,idrocortisone sodio,S01BA02,S01BA,S01BA02,monotherapy_confezioni,5492,rxnav_atc_verified,DDInter747,ddinter_retrieval,0.913475
Idromorfone,INGREDIENT,AIFA package table,Idromorfone,idromorfone,N02AA03,N02AA,N02AA03,monotherapy_confezioni,3423,rxnav_atc_verified,,not_found,0.865704
Idrossicarbamide,INGREDIENT,AIFA package table,Idrossicarbamide,idrossicarbamide,L01XX05,L01XX,L01XX05,monotherapy_confezioni,,not_found,,not_found,0.875711
Idrossiclorochina,INGREDIENT,AIFA package table,Idrossiclorochina,idrossiclorochina,P01BA02,P01BA,P01BA02,monotherapy_confezioni,,not_found,,not_found,0.863433
Idrossizina,INGREDIENT,AIFA package table,Idrossizina,idrossizina,N05BB01,N05BB,N05BB01,monotherapy_confezioni,5553,rxnav_atc_verified,,not_found,0.866816
Idrossizina Dicloridrato,INGREDIENT,AIFA package table,Idrossizina Dicloridrato,idrossizina dicloridrato,N05BB01,N05BB,N05BB01,monotherapy_confezioni,5553,rxnav_atc_verified,,not_found,0.894699
Idrossocobalamina,INGREDIENT,AIFA package table,Idrossocobalamina,idrossocobalamina,V03AB33,V03AB,V03AB33,monotherapy_confezioni,,not_found,DDInter891,ddinter_retrieval,0.900146
Idroxicarbamide,INGREDIENT,AIFA package table,Idroxicarbamide,idroxicarbamide,L01XX05,L01XX,L01XX05,monotherapy_confezioni,5552,rxnav_atc_verified,DDInter1002,ddinter_retrieval,0.916828
Idroxizina Dicloridrato,INGREDIENT,AIFA package table,Idroxizina Dicloridrato,idroxizina dicloridrato,N05BB01,N05BB,N05BB01,monotherapy_confezioni,,not_found,DDInter574,ddinter_retrieval,0.908189
Idroxocobalamina,INGREDIENT,AIFA package table,Idroxocobalamina,idroxocobalamina,B03BA03,B03BA,B03BA03,monotherapy_confezioni,5514,rxnav_atc_verified,DDInter891,ddinter_retrieval,0.920614
Idursulfase,INGREDIENT,AIFA package table,Idursulfase,idursulfase,A16AB09,A16AB,A16AB09,monotherapy_confezioni,644101,rxnav_atc_verified,,not_found,0.887417
Ifosfamide,INGREDIENT,AIFA package table,Ifosfamide,ifosfamide,L01AA06,L01AA,L01AA06,monotherapy_confezioni,5657,rxnav_atc_verified,DDInter906,ddinter_retrieval,0.934174
Ignatia,INGREDIENT,AIFA package table,Ignatia,ignatia,V03AX,V03AX,V03AX,monotherapy_confezioni,,not_found,,not_found,0.816541
Iloprost,INGREDIENT,AIFA package table,Iloprost,iloprost,B01AC11,B01AC,B01AC11,monotherapy_confezioni,40138,rxnav_atc_verified,DDInter908,ddinter_retrieval,0.92688
Iloprost Sale Di Trometamolo,INGREDIENT,AIFA package table,Iloprost Sale Di Trometamolo,iloprost sale di trometamolo,B01AC11,B01AC,B01AC11,monotherapy_confezioni,40138,rxnav_atc_verified,,not_found,0.89107
Imatinib,INGREDIENT,AIFA package table,Imatinib,imatinib,L01EA01,L01EA,L01EA01,monotherapy_confezioni,282388,rxnav_atc_verified,DDInter909,ddinter_retrieval,0.922082
Imatinib (Td),INGREDIENT,AIFA package table,Imatinib (Td),imatinib (td),L01EA01,L01EA,L01EA01,monotherapy_confezioni,282388,rxnav_atc_verified,DDInter909,ddinter_retrieval,0.91581
Imetelstat,INGREDIENT,AIFA package table,Imetelstat,imetelstat,L01XX80,L01XX,L01XX80,monotherapy_confezioni,2685236,rxnav_atc_verified,,not_found,0.876279
Imiglucerasi,INGREDIENT,AIFA package table,Imiglucerasi,imiglucerasi,A16AB02,A16AB,A16AB02,monotherapy_confezioni,84959,rxnav_atc_verified,DDInter910,ddinter_retrieval,0.937262
Imipenem + Cilastatina,INGREDIENT,AIFA package table,Imipenem + Cilastatina,imipenem + cilastatina,J01DH51,J01DH,J01DH51,monotherapy_confezioni,34482,rxnav_atc_verified,DDInter911,ddinter_retrieval,0.90268
Imiquimod,INGREDIENT,AIFA package table,Imiquimod,imiquimod,D06BB10,D06BB,D06BB10,monotherapy_confezioni,59943,rxnav_atc_verified,DDInter913,ddinter_retrieval,0.939519
Imlifidase,INGREDIENT,AIFA package table,Imlifidase,imlifidase,L04AA41,L04AA,L04AA41,monotherapy_confezioni,,not_found,,not_found,0.889005
Imlunestrant,INGREDIENT,AIFA package table,Imlunestrant,imlunestrant,L02BA,L02BA,L02BA,monotherapy_confezioni,,not_found,,not_found,0.871917
Immunoglobulina A Umana,INGREDIENT,AIFA package table,Immunoglobulina A Umana,immunoglobulina a umana,J06BB09,J06BB,J06BB09,monotherapy_confezioni,,not_found,DDInter870,ddinter_retrieval,0.917042
"Immunoglobulina Anti-Linfociti T Per Uso Umano, Equina",INGREDIENT,AIFA package table,"Immunoglobulina Anti-Linfociti T Per Uso Umano, Equina","immunoglobulina anti-linfociti t per uso umano, equina",L04AA03,L04AA,L04AA03,monotherapy_confezioni,107044,rxnav_atc_verified,,not_found,0.873443
Immunoglobulina Di Coniglio Anti-Linfociti T Umani,INGREDIENT,AIFA package table,Immunoglobulina Di Coniglio Anti-Linfociti T Umani,immunoglobulina di coniglio anti-linfociti t umani,L04AA04,L04AA,L04AA04,monotherapy_confezioni,107044,rxnav_atc_verified,,not_found,0.8836
Immunoglobulina Di Coniglio Antitimociti Umani,INGREDIENT,AIFA package table,Immunoglobulina Di Coniglio Antitimociti Umani,immunoglobulina di coniglio antitimociti umani,L04AA04,L04AA,L04AA04,monotherapy_confezioni,,not_found,,not_found,0.894441
Immunoglobulina Umana Anti-D,INGREDIENT,AIFA package table,Immunoglobulina Umana Anti-D,immunoglobulina umana anti-d,J06BB01,J06BB,J06BB01,monotherapy_confezioni,35465,rxnav_atc_verified,DDInter873,ddinter_retrieval,0.913439
Immunoglobulina Umana Antiepatite B,INGREDIENT,AIFA package table,Immunoglobulina Umana Antiepatite B,immunoglobulina umana antiepatite b,J06BB04,J06BB,J06BB04,monotherapy_confezioni,26744,rxnav_atc_verified,DDInter870,ddinter_retrieval,0.910572
Immunoglobulina Umana Antitetanica,INGREDIENT,AIFA package table,Immunoglobulina Umana Antitetanica,immunoglobulina umana antitetanica,J06BB02,J06BB,J06BB02,monotherapy_confezioni,,not_found,DDInter106,ddinter_retrieval,0.91047
Immunoglobulina Umana Normale,INGREDIENT,AIFA package table,Immunoglobulina Umana Normale,immunoglobulina umana normale,J06BA01,J06BA,J06BA01,monotherapy_confezioni,,not_found,DDInter874,ddinter_retrieval,0.907472
Immunoglobulina Umana Normale Per Uso Endovenoso,INGREDIENT,AIFA package table,Immunoglobulina Umana Normale Per Uso Endovenoso,immunoglobulina umana normale per uso endovenoso,J06BA02,J06BA,J06BA02,monotherapy_confezioni,,not_found,,not_found,0.897668
Immunoglobulina Umana Rh0,INGREDIENT,AIFA package table,Immunoglobulina Umana Rh0,immunoglobulina umana rh0,J06BB01,J06BB,J06BB01,monotherapy_confezioni,35465,rxnav_atc_verified,DDInter877,ddinter_retrieval,0.917833
Immunoglobulina Umana Uso Endovenoso,INGREDIENT,AIFA package table,Immunoglobulina Umana Uso Endovenoso,immunoglobulina umana uso endovenoso,J06BA02,J06BA,J06BA02,monotherapy_confezioni,,not_found,DDInter870,ddinter_retrieval,0.911655
Inavolisib,INGREDIENT,AIFA package table,Inavolisib,inavolisib,L,,L,monotherapy_confezioni,,not_found,,not_found,0.868829
Inclisiran,INGREDIENT,AIFA package table,Inclisiran,inclisiran,C10AX16,C10AX,C10AX16,monotherapy_confezioni,2588243,rxnav_atc_verified,,not_found,0.875568
Indacaterolo,INGREDIENT,AIFA package table,Indacaterolo,indacaterolo,R03AC18,R03AC,R03AC18,monotherapy_confezioni,1114326,rxnav_atc_verified,DDInter915,ddinter_retrieval,0.925577
Indapamide,INGREDIENT,AIFA package table,Indapamide,indapamide,C03BA11,C03BA,C03BA11,monotherapy_confezioni,5764,rxnav_atc_verified,DDInter916,ddinter_retrieval,0.927486
Indapamide Emidrato,INGREDIENT,AIFA package table,Indapamide Emidrato,indapamide emidrato,C03BA11,C03BA,C03BA11,monotherapy_confezioni,5764,rxnav_atc_verified,DDInter916,ddinter_retrieval,0.916005
Indio (111In) Dtpa,INGREDIENT,AIFA package table,Indio (111In) Dtpa,indio (111in) dtpa,V09AX01,V09AX,V09AX01,monotherapy_confezioni,,not_found,DDInter919,ddinter_retrieval,0.910478
Indio (111In) Ossina,INGREDIENT,AIFA package table,Indio (111In) Ossina,indio (111in) ossina,V09HB01,V09HB,V09HB01,monotherapy_confezioni,,not_found,DDInter918,ddinter_retrieval,0.910507
Indobufene,INGREDIENT,AIFA package table,Indobufene,indobufene,B01AC10,B01AC,B01AC10,monotherapy_confezioni,27518,rxnav_atc_verified,,not_found,0.878742
Indometacina,INGREDIENT,AIFA package table,Indometacina,indometacina,S01BC01,S01BC,S01BC01,monotherapy_confezioni,5781,rxnav_atc_verified,,not_found,0.889436
Indometacina Sale Di Meglumina,INGREDIENT,AIFA package table,Indometacina Sale Di Meglumina,indometacina sale di meglumina,M01AB01,M01AB,M01AB01,monotherapy_confezioni,5781,rxnav_atc_verified,,not_found,0.874209
Inebilizumab,INGREDIENT,AIFA package table,Inebilizumab,inebilizumab,L04AG10,L04AG,L04AG10,monotherapy_confezioni,2373951,rxnav_atc_verified,DDInter922,ddinter_retrieval,0.917319
Infliximab,INGREDIENT,AIFA package table,Infliximab,infliximab,L04AB02,L04AB,L04AB02,monotherapy_confezioni,191831,rxnav_atc_verified,DDInter923,ddinter_retrieval,0.936434
"Influenza, Inactivated, Split Virus Or Surface Antigen",INGREDIENT,AIFA package table,"Influenza, Inactivated, Split Virus Or Surface Antigen","influenza, inactivated, split virus or surface antigen",J07BB02,J07BB,J07BB02,monotherapy_confezioni,,not_found,,not_found,0.898096
Inibitore Dell''Alfa1-Proteinasi Umano,INGREDIENT,AIFA package table,Inibitore Dell''Alfa1-Proteinasi Umano,inibitore dell''alfa1-proteinasi umano,B02AB02,B02AB,B02AB02,monotherapy_confezioni,535,rxnav_atc_verified,,not_found,0.877701
Inibitore Umano C1-Esterasi,INGREDIENT,AIFA package table,Inibitore Umano C1-Esterasi,inibitore umano c1-esterasi,B06AC01,B06AC,B06AC01,monotherapy_confezioni,1599832,rxnav_atc_verified,DDInter869,ddinter_retrieval,0.935942
Inotersen,INGREDIENT,AIFA package table,Inotersen,inotersen,N07XX15,N07XX,N07XX15,monotherapy_confezioni,2099289,rxnav_atc_verified,DDInter926,ddinter_retrieval,0.939581
Inotuzumab Ozogamicin,INGREDIENT,AIFA package table,Inotuzumab Ozogamicin,inotuzumab ozogamicin,L01FB01,L01FB,L01FB01,monotherapy_confezioni,1942950,rxnav_atc_verified,DDInter927,ddinter_retrieval,0.924056
Insulina Aspart,INGREDIENT,AIFA package table,Insulina Aspart,insulina aspart,A10AB05,A10AB,A10AB05,monotherapy_confezioni,51428,rxnav_atc_verified,DDInter929,ddinter_retrieval,0.93798
Insulina Degludec,INGREDIENT,AIFA package table,Insulina Degludec,insulina degludec,A10AE06,A10AE,A10AE06,monotherapy_confezioni,1670007,rxnav_atc_verified,DDInter930,ddinter_retrieval,0.955817
Insulina Detemir,INGREDIENT,AIFA package table,Insulina Detemir,insulina detemir,A10AE05,A10AE,A10AE05,monotherapy_confezioni,139825,rxnav_atc_verified,DDInter931,ddinter_retrieval,0.951876
Insulina Glargine,INGREDIENT,AIFA package table,Insulina Glargine,insulina glargine,A10AE04,A10AE,A10AE04,monotherapy_confezioni,274783,rxnav_atc_verified,DDInter932,ddinter_retrieval,0.945862
Insulina Glulisina,INGREDIENT,AIFA package table,Insulina Glulisina,insulina glulisina,A10AB06,A10AB,A10AB06,monotherapy_confezioni,400008,rxnav_atc_verified,DDInter933,ddinter_retrieval,0.943822
Insulina Icodec,INGREDIENT,AIFA package table,Insulina Icodec,insulina icodec,A10AE07,A10AE,A10AE07,monotherapy_confezioni,2740394,rxnav_atc_verified,DDInter930,ddinter_retrieval,0.917675
Insulina Lispro,INGREDIENT,AIFA package table,Insulina Lispro,insulina lispro,A10AB04,A10AB,A10AB04,monotherapy_confezioni,86009,rxnav_atc_verified,DDInter940,ddinter_retrieval,0.954374
Insulina Umana,INGREDIENT,AIFA package table,Insulina Umana,insulina umana,A10AB01,A10AB,A10AB01,monotherapy_confezioni,253182,rxnav_atc_verified,DDInter934,ddinter_retrieval,0.929842
Interferone Alfa-2A Pegilato,INGREDIENT,AIFA package table,Interferone Alfa-2A Pegilato,interferone alfa-2a pegilato,L03AB11,L03AB,L03AB11,monotherapy_confezioni,5879,rxnav_atc_verified,DDInter1407,ddinter_retrieval,0.926111
Interferone Beta 1A Ricombinante,INGREDIENT,AIFA package table,Interferone Beta 1A Ricombinante,interferone beta 1a ricombinante,L03AB07,L03AB,L03AB07,monotherapy_confezioni,75917,rxnav_atc_verified,DDInter947,ddinter_retrieval,0.925889
Interferone Beta 1B,INGREDIENT,AIFA package table,Interferone Beta 1B,interferone beta 1b,L03AB08,L03AB,L03AB08,monotherapy_confezioni,72257,rxnav_atc_verified,DDInter948,ddinter_retrieval,0.928823
Interferone Beta-1A,INGREDIENT,AIFA package table,Interferone Beta-1A,interferone beta-1a,L03AB07,L03AB,L03AB07,monotherapy_confezioni,75917,rxnav_atc_verified,DDInter947,ddinter_retrieval,0.926923
Interferone Gamma 1B,INGREDIENT,AIFA package table,Interferone Gamma 1B,interferone gamma 1b,L03AB03,L03AB,L03AB03,monotherapy_confezioni,,not_found,DDInter949,ddinter_retrieval,0.921445
Interleuchina 2,INGREDIENT,AIFA package table,Interleuchina 2,interleuchina,V03AX,V03AX,V03AX,monotherapy_confezioni,,not_found,,not_found,0.886389
Iobenguano,INGREDIENT,AIFA package table,Iobenguano,iobenguano,V09IX01,V09IX,V09IX01,monotherapy_confezioni,14448,rxnav_atc_verified,,not_found,0.878641
Iobenguano (123I),INGREDIENT,AIFA package table,Iobenguano (123I),iobenguano (123i),V09IX01,V09IX,V09IX01,monotherapy_confezioni,1426748,rxnav_atc_verified,DDInter951,ddinter_retrieval,0.935032
Iobitridolo,INGREDIENT,AIFA package table,Iobitridolo,iobitridolo,V08AB11,V08AB,V08AB11,monotherapy_confezioni,87639,rxnav_atc_verified,,not_found,0.853212
Iodio,INGREDIENT,AIFA package table,Iodio,iodio,V08AB05,V08AB,V08AB05,monotherapy_confezioni,,not_found,,not_found,0.883253
Iodio Ioflupano-123I,INGREDIENT,AIFA package table,Iodio Ioflupano-123I,iodio ioflupano-123i,V09AB03,V09AB,V09AB03,monotherapy_confezioni,1426874,rxnav_atc_verified,DDInter959,ddinter_retrieval,0.947985
Iodixanolo,INGREDIENT,AIFA package table,Iodixanolo,iodixanolo,V08AB09,V08AB,V08AB09,monotherapy_confezioni,27729,rxnav_atc_verified,DDInter958,ddinter_retrieval,0.925128
Iodopovidone,INGREDIENT,AIFA package table,Iodopovidone,iodopovidone,D08AG02,D08AG,D08AG02,monotherapy_confezioni,8611,rxnav_atc_verified,,not_found,0.887304
Iodum,INGREDIENT,AIFA package table,Iodum,iodum,V03AX,V03AX,V03AX,monotherapy_confezioni,,not_found,,not_found,0.85546
Ioexolo,INGREDIENT,AIFA package table,Ioexolo,ioexolo,V08AB02,V08AB,V08AB02,monotherapy_confezioni,,not_found,,not_found,0.893345
Ioflupane (123I),INGREDIENT,AIFA package table,Ioflupane (123I),ioflupane (123i),V09AB03,V09AB,V09AB03,monotherapy_confezioni,1426874,rxnav_atc_verified,DDInter959,ddinter_retrieval,0.945316
Iomeprolo,INGREDIENT,AIFA package table,Iomeprolo,iomeprolo,V08AB10,V08AB,V08AB10,monotherapy_confezioni,2606484,rxnav_atc_verified,,not_found,0.88075
Iopamidolo,INGREDIENT,AIFA package table,Iopamidolo,iopamidolo,V08AB04,V08AB,V08AB04,monotherapy_confezioni,5966,rxnav_atc_verified,,not_found,0.891912
Ioversolo,INGREDIENT,AIFA package table,Ioversolo,ioversolo,V08AB07,V08AB,V08AB07,monotherapy_confezioni,27792,rxnav_atc_verified,DDInter966,ddinter_retrieval,0.926254
Ipeca,INGREDIENT,AIFA package table,Ipeca,ipeca,V03AX,V03AX,V03AX,monotherapy_confezioni,,not_found,,not_found,0.896171
Iperico Estratto Secco,INGREDIENT,AIFA package table,Iperico Estratto Secco,iperico estratto secco,N06AX25,N06AX,N06AX25,monotherapy_confezioni,,not_found,,not_found,0.877196
Ipilimumab,INGREDIENT,AIFA package table,Ipilimumab,ipilimumab,L01FX04,L01FX,L01FX04,monotherapy_confezioni,1094833,rxnav_atc_verified,DDInter969,ddinter_retrieval,0.909919
Ippocastano Semi,INGREDIENT,AIFA package table,Ippocastano Semi,ippocastano semi,C05CX03,C05CX,C05CX03,monotherapy_confezioni,,not_found,,not_found,0.87969
Ipratropio Bromuro,INGREDIENT,AIFA package table,Ipratropio Bromuro,ipratropio,R03BB01,R03BB,R03BB01,monotherapy_confezioni,7213,rxnav_atc_verified,DDInter971,ddinter_retrieval,0.900287
Ipratropio Bromuro (Monoidrato),INGREDIENT,AIFA package table,Ipratropio Bromuro (Monoidrato),ipratropio (),R01AX03,R01AX,R01AX03,monotherapy_confezioni,7213,rxnav_atc_verified,DDInter971,ddinter_retrieval,0.908392
Iptacopan,INGREDIENT,AIFA package table,Iptacopan,iptacopan,L04AJ08,L04AJ,L04AJ08,monotherapy_confezioni,2671061,rxnav_atc_verified,,not_found,0.876149
Irbesartan,INGREDIENT,AIFA package table,Irbesartan,irbesartan,C09CA04,C09CA,C09CA04,monotherapy_confezioni,83818,rxnav_atc_verified,DDInter972,ddinter_retrieval,0.932689
Irinotecan,INGREDIENT,AIFA package table,Irinotecan,irinotecan,L01CE02,L01CE,L01CE02,monotherapy_confezioni,51499,rxnav_atc_verified,DDInter973,ddinter_retrieval,0.950311
Iris Versicolor,INGREDIENT,AIFA package table,Iris Versicolor,iris versicolor,V03AX,V03AX,V03AX,monotherapy_confezioni,,not_found,,not_found,0.856569
Isatuximab,INGREDIENT,AIFA package table,Isatuximab,isatuximab,L01FC02,L01FC,L01FC02,monotherapy_confezioni,2282018,rxnav_atc_verified,DDInter979,ddinter_retrieval,0.923916
Isavuconazolo,INGREDIENT,AIFA package table,Isavuconazolo,isavuconazolo,J02AC05,J02AC,J02AC05,monotherapy_confezioni,1720882,rxnav_atc_verified,DDInter980,ddinter_retrieval,0.914096
Isoconazolo Nitrato,INGREDIENT,AIFA package table,Isoconazolo Nitrato,isoconazolo,G01AF07,G01AF,G01AF07,monotherapy_confezioni,27901,rxnav_atc_verified,,not_found,0.894892
Isoflurane,INGREDIENT,AIFA package table,Isoflurane,isoflurane,N01AB06,N01AB,N01AB06,monotherapy_confezioni,6026,rxnav_atc_verified,DDInter983,ddinter_retrieval,0.936224
Isoflurano,INGREDIENT,AIFA package table,Isoflurano,isoflurano,N01AB06,N01AB,N01AB06,monotherapy_confezioni,6026,rxnav_atc_verified,DDInter983,ddinter_retrieval,0.907141
Isoniazide,INGREDIENT,AIFA package table,Isoniazide,isoniazide,J04AC01,J04AC,J04AC01,monotherapy_confezioni,6038,rxnav_atc_verified,DDInter986,ddinter_retrieval,0.927319
Isoprenalina Cloridrato,INGREDIENT,AIFA package table,Isoprenalina Cloridrato,isoprenalina,C01CA02,C01CA,C01CA02,monotherapy_confezioni,6054,rxnav_atc_verified,DDInter987,ddinter_retrieval,0.91493
Isosorbide Dinitrato,INGREDIENT,AIFA package table,Isosorbide Dinitrato,isosorbide dinitrato,C01DA08,C01DA,C01DA08,monotherapy_confezioni,6058,rxnav_atc_verified,DDInter989,ddinter_retrieval,0.940222
Isosorbide Mononitrato,INGREDIENT,AIFA package table,Isosorbide Mononitrato,isosorbide mononitrato,C01DA14,C01DA,C01DA14,monotherapy_confezioni,28004,rxnav_atc_verified,DDInter990,ddinter_retrieval,0.943168
Isotretinoina,INGREDIENT,AIFA package table,Isotretinoina,isotretinoina,D10BA01,D10BA,D10BA01,monotherapy_confezioni,6064,rxnav_atc_verified,DDInter991,ddinter_retrieval,0.939563
Isradipina,INGREDIENT,AIFA package table,Isradipina,isradipina,C08CA03,C08CA,C08CA03,monotherapy_confezioni,33910,rxnav_atc_verified,DDInter993,ddinter_retrieval,0.911151
Istamina Dicloridrato,INGREDIENT,AIFA package table,Istamina Dicloridrato,istamina dicloridrato,L03AX14,L03AX,L03AX14,monotherapy_confezioni,5333,rxnav_atc_verified,,not_found,0.893074
Itopride Cloridrato,INGREDIENT,AIFA package table,Itopride Cloridrato,itopride,A03FA07,A03FA,A03FA07,monotherapy_confezioni,,not_found,DDInter1097,ddinter_retrieval,0.907697
Itraconazolo,INGREDIENT,AIFA package table,Itraconazolo,itraconazolo,J02AC02,J02AC,J02AC02,monotherapy_confezioni,28031,rxnav_atc_verified,DDInter995,ddinter_retrieval,0.907656
Ittrio (90Y) Citrato,INGREDIENT,AIFA package table,Ittrio (90Y) Citrato,ittrio (90y),V10AA01,V10AA,V10AA01,monotherapy_confezioni,,not_found,DDInter1498,ddinter_retrieval,0.90056
Ittrio Cloruro,INGREDIENT,AIFA package table,Ittrio Cloruro,ittrio cloruro,V10X,,V10X,monotherapy_confezioni,,not_found,DDInter1790,ddinter_retrieval,0.902296
Ivabradina,INGREDIENT,AIFA package table,Ivabradina,ivabradina,C01EB17,C01EB,C01EB17,monotherapy_confezioni,1649480,rxnav_atc_verified,DDInter996,ddinter_retrieval,0.920541
Ivabradina Ossalato,INGREDIENT,AIFA package table,Ivabradina Ossalato,ivabradina ossalato,C01EB17,C01EB,C01EB17,monotherapy_confezioni,1649480,rxnav_atc_verified,,not_found,0.890538
Ivacaftor,INGREDIENT,AIFA package table,Ivacaftor,ivacaftor,R07AX02,R07AX,R07AX02,monotherapy_confezioni,1243041,rxnav_atc_verified,DDInter997,ddinter_retrieval,0.949133
Ivermectina,INGREDIENT,AIFA package table,Ivermectina,ivermectina,P02CF01,P02CF,P02CF01,monotherapy_confezioni,6069,rxnav_atc_verified,DDInter998,ddinter_retrieval,0.917154
Ivosidenib,INGREDIENT,AIFA package table,Ivosidenib,ivosidenib,L01XM02,L01XM,L01XM02,monotherapy_confezioni,2049873,rxnav_atc_verified,DDInter1000,ddinter_retrieval,0.926539
Ixazomib,INGREDIENT,AIFA package table,Ixazomib,ixazomib,L01XG03,L01XG,L01XG03,monotherapy_confezioni,1723735,rxnav_atc_verified,DDInter1002,ddinter_retrieval,0.926693
Ixekizumab,INGREDIENT,AIFA package table,Ixekizumab,ixekizumab,L04AC13,L04AC,L04AC13,monotherapy_confezioni,1745099,rxnav_atc_verified,DDInter1003,ddinter_retrieval,0.92098
Jaborandi,INGREDIENT,AIFA package table,Jaborandi,jaborandi,V03AX,V03AX,V03AX,monotherapy_confezioni,,not_found,,not_found,0.823204
Juglans Regia,INGREDIENT,AIFA package table,Juglans Regia,juglans regia,V03AX,V03AX,V03AX,monotherapy_confezioni,,not_found,,not_found,0.843538
Kalium Bichromicum,INGREDIENT,AIFA package table,Kalium Bichromicum,kalium bichromicum,V03AX,V03AX,V03AX,monotherapy_confezioni,,not_found,,not_found,0.858811
Kalium Bromatum,INGREDIENT,AIFA package table,Kalium Bromatum,kalium bromatum,V03AX,V03AX,V03AX,monotherapy_confezioni,,not_found,,not_found,0.872148
Kalium Carbonicum,INGREDIENT,AIFA package table,Kalium Carbonicum,kalium carbonicum,V03AX,V03AX,V03AX,monotherapy_confezioni,,not_found,,not_found,0.879948
Kalium Iodatum,INGREDIENT,AIFA package table,Kalium Iodatum,kalium iodatum,V03AX,V03AX,V03AX,monotherapy_confezioni,,not_found,,not_found,0.890867
Kalium Muriaticum,INGREDIENT,AIFA package table,Kalium Muriaticum,kalium muriaticum,V03AX,V03AX,V03AX,monotherapy_confezioni,,not_found,,not_found,0.869582
Kalium Nitricum,INGREDIENT,AIFA package table,Kalium Nitricum,kalium nitricum,V03AX,V03AX,V03AX,monotherapy_confezioni,,not_found,,not_found,0.88969
Kalium Phosphoricum,INGREDIENT,AIFA package table,Kalium Phosphoricum,kalium phosphoricum,V03AX,V03AX,V03AX,monotherapy_confezioni,,not_found,,not_found,0.887117
Kalium Sulfuricum,INGREDIENT,AIFA package table,Kalium Sulfuricum,kalium sulfuricum,V03AX,V03AX,V03AX,monotherapy_confezioni,,not_found,,not_found,0.88335
Kalmia Latifolia,INGREDIENT,AIFA package table,Kalmia Latifolia,kalmia latifolia,V03AX,V03AX,V03AX,monotherapy_confezioni,,not_found,,not_found,0.838081
Kalnacitrato,INGREDIENT,AIFA package table,Kalnacitrato,kalnacitrato,G04BC,G04BC,G04BC,monotherapy_confezioni,,not_found,,not_found,0.844865
Ketamina Cloridrato,INGREDIENT,AIFA package table,Ketamina Cloridrato,ketamina,N01AX03,N01AX,N01AX03,monotherapy_confezioni,6130,rxnav_atc_verified,,not_found,0.893266
Ketazolam,INGREDIENT,AIFA package table,Ketazolam,ketazolam,N05BA10,N05BA,N05BA10,monotherapy_confezioni,28181,rxnav_atc_verified,DDInter677,ddinter_retrieval,0.903691
Ketoconazolo,INGREDIENT,AIFA package table,Ketoconazolo,ketoconazolo,D01AC08,D01AC,D01AC08,monotherapy_confezioni,6135,rxnav_atc_verified,DDInter1008,ddinter_retrieval,0.928657
Ketoprofene,INGREDIENT,AIFA package table,Ketoprofene,ketoprofene,M01AE03,M01AE,M01AE03,monotherapy_confezioni,6142,rxnav_atc_verified,DDInter1009,ddinter_retrieval,0.935076
Ketoprofene Sale Di Lisina,INGREDIENT,AIFA package table,Ketoprofene Sale Di Lisina,ketoprofene sale di lisina,M01AE03,M01AE,M01AE03,monotherapy_confezioni,6142,rxnav_atc_verified,,not_found,0.889263
Ketorolac Trometamina,INGREDIENT,AIFA package table,Ketorolac Trometamina,ketorolac trometamina,M01AB15,M01AB,M01AB15,monotherapy_confezioni,28200,rxnav_atc_verified,DDInter1010,ddinter_retrieval,0.903547
Ketorolac Trometamolo,INGREDIENT,AIFA package table,Ketorolac Trometamolo,ketorolac trometamolo,M01AB15,M01AB,M01AB15,monotherapy_confezioni,35827,rxnav_atc_verified,DDInter1010,ddinter_retrieval,0.909526
Ketotifene,INGREDIENT,AIFA package table,Ketotifene,ketotifene,S01GX08,S01GX,S01GX08,monotherapy_confezioni,6146,rxnav_atc_verified,DDInter1012,ddinter_retrieval,0.923655
Ketotifene Fumarato Acido,INGREDIENT,AIFA package table,Ketotifene Fumarato Acido,ketotifene acido,S01GX08,S01GX,S01GX08,monotherapy_confezioni,6146,rxnav_atc_verified,DDInter329,ddinter_retrieval,0.909557
Kreosotum,INGREDIENT,AIFA package table,Kreosotum,kreosotum,V03AX,V03AX,V03AX,monotherapy_confezioni,,not_found,,not_found,0.8227
L-Arginina Cloridrato,INGREDIENT,AIFA package table,L-Arginina Cloridrato,l-arginina,V03AB,V03AB,V03AB,monotherapy_confezioni,,not_found,,not_found,0.892798
L-Carnitina Sale Interno,INGREDIENT,AIFA package table,L-Carnitina Sale Interno,l-carnitina sale interno,A16AA01,A16AA,A16AA01,monotherapy_confezioni,42955,rxnav_atc_verified,,not_found,0.87593
L-Cistina,INGREDIENT,AIFA package table,L-Cistina,l-cistina,D11AX,D11AX,D11AX,monotherapy_confezioni,,not_found,,not_found,0.856013
L-Lisina,INGREDIENT,AIFA package table,L-Lisina,l-lisina,B05BA10,B05BA,B05BA10,monotherapy_confezioni,,not_found,,not_found,0.884774
Labetalolo Cloridrato,INGREDIENT,AIFA package table,Labetalolo Cloridrato,labetalolo,C07AG01,C07AG,C07AG01,monotherapy_confezioni,6185,rxnav_atc_verified,,not_found,0.897332
Lachesis,INGREDIENT,AIFA package table,Lachesis,lachesis,V03AX,V03AX,V03AX,monotherapy_confezioni,,not_found,,not_found,0.829022
Lachnanthes Tinctoria,INGREDIENT,AIFA package table,Lachnanthes Tinctoria,lachnanthes tinctoria,V03AX,V03AX,V03AX,monotherapy_confezioni,,not_found,,not_found,0.866729
Lacidipina,INGREDIENT,AIFA package table,Lacidipina,lacidipina,C08CA09,C08CA,C08CA09,monotherapy_confezioni,28382,rxnav_atc_verified,,not_found,0.872734
Lacidipine,INGREDIENT,AIFA package table,Lacidipine,lacidipine,C08CA09,C08CA,C08CA09,monotherapy_confezioni,28382,rxnav_atc_verified,,not_found,0.88667
Lacosamide,INGREDIENT,AIFA package table,Lacosamide,lacosamide,N03AX18,N03AX,N03AX18,monotherapy_confezioni,623400,rxnav_atc_verified,DDInter1014,ddinter_retrieval,0.940761
Lactobacillus Plantarum,INGREDIENT,AIFA package table,Lactobacillus Plantarum,lactobacillus plantarum,G01AX14,G01AX,G01AX14,monotherapy_confezioni,,not_found,,not_found,0.881583
Lamium Album,INGREDIENT,AIFA package table,Lamium Album,lamium album,V03AX,V03AX,V03AX,monotherapy_confezioni,,not_found,,not_found,0.84266
Lamivudina,INGREDIENT,AIFA package table,Lamivudina,lamivudina,J05AF05,J05AF,J05AF05,monotherapy_confezioni,68244,rxnav_atc_verified,DDInter1019,ddinter_retrieval,0.902199
Lamotrigina,INGREDIENT,AIFA package table,Lamotrigina,lamotrigina,N03AX09,N03AX,N03AX09,monotherapy_confezioni,28439,rxnav_atc_verified,DDInter1020,ddinter_retrieval,0.909058
Lanadelumab,INGREDIENT,AIFA package table,Lanadelumab,lanadelumab,B06AC05,B06AC,B06AC05,monotherapy_confezioni,2055641,rxnav_atc_verified,,not_found,0.865562
Landiololo Cloridrato,INGREDIENT,AIFA package table,Landiololo Cloridrato,landiololo,C07AB14,C07AB,C07AB14,monotherapy_confezioni,2712070,rxnav_atc_verified,,not_found,0.89274
Lanreotide,INGREDIENT,AIFA package table,Lanreotide,lanreotide,H01CB03,H01CB,H01CB03,monotherapy_confezioni,68092,rxnav_atc_verified,DDInter1021,ddinter_retrieval,0.935333
Lansoprazolo,INGREDIENT,AIFA package table,Lansoprazolo,lansoprazolo,A02BC03,A02BC,A02BC03,monotherapy_confezioni,17128,rxnav_atc_verified,DDInter1022,ddinter_retrieval,0.932868
Lantanio Carbonato Idrato,INGREDIENT,AIFA package table,Lantanio Carbonato Idrato,lantanio carbonato idrato,V03AE03,V03AE,V03AE03,monotherapy_confezioni,,not_found,DDInter1023,ddinter_retrieval,0.905736
Lapatinib,INGREDIENT,AIFA package table,Lapatinib,lapatinib,L01EH01,L01EH,L01EH01,monotherapy_confezioni,480167,rxnav_atc_verified,DDInter1024,ddinter_retrieval,0.927493
Laronidasi,INGREDIENT,AIFA package table,Laronidasi,laronidasi,A16AB05,A16AB,A16AB05,monotherapy_confezioni,392509,rxnav_atc_verified,DDInter1025,ddinter_retrieval,0.903087
Larotrectinib Solfato,INGREDIENT,AIFA package table,Larotrectinib Solfato,larotrectinib,L01EX12,L01EX,L01EX12,monotherapy_confezioni,2105628,rxnav_atc_verified,DDInter1026,ddinter_retrieval,0.935347
Lasmiditan,INGREDIENT,AIFA package table,Lasmiditan,lasmiditan,N02CC,N02CC,N02CC,monotherapy_confezioni,2256930,rxnav_atc_verified,DDInter1027,ddinter_retrieval,0.938301
Latanoprost,INGREDIENT,AIFA package table,Latanoprost,latanoprost,S01EE01,S01EE,S01EE01,monotherapy_confezioni,43611,rxnav_atc_verified,DDInter1028,ddinter_retrieval,0.923782
Lattitolo,INGREDIENT,AIFA package table,Lattitolo,lattitolo,A06AD12,A06AD,A06AD12,monotherapy_confezioni,28395,rxnav_atc_verified,,not_found,0.866993
Lattulosio,INGREDIENT,AIFA package table,Lattulosio,lattulosio,A06AD11,A06AD,A06AD11,monotherapy_confezioni,,not_found,,not_found,0.881488
Laurocerasus,INGREDIENT,AIFA package table,Laurocerasus,laurocerasus,V03AX,V03AX,V03AX,monotherapy_confezioni,,not_found,,not_found,0.822964
Lavanda Essenza,INGREDIENT,AIFA package table,Lavanda Essenza,lavanda essenza,N05BX,N05BX,N05BX,monotherapy_confezioni,,not_found,,not_found,0.883315
Lazertinib,INGREDIENT,AIFA package table,Lazertinib,lazertinib,L01EB09,L01EB,L01EB09,monotherapy_confezioni,2691150,rxnav_atc_verified,,not_found,0.888271
Lebrikizumab,INGREDIENT,AIFA package table,Lebrikizumab,lebrikizumab,D11AH,D11AH,D11AH,monotherapy_confezioni,2693758,rxnav_atc_verified,,not_found,0.86542
Lecanemab,INGREDIENT,AIFA package table,Lecanemab,lecanemab,N06DX04,N06DX,N06DX04,monotherapy_confezioni,2626143,rxnav_atc_verified,,not_found,0.890412
Ledum Palustre,INGREDIENT,AIFA package table,Ledum Palustre,ledum palustre,V03AX,V03AX,V03AX,monotherapy_confezioni,,not_found,,not_found,0.863141
Lefamulin,INGREDIENT,AIFA package table,Lefamulin,lefamulin,J01XX12,J01XX,J01XX12,monotherapy_confezioni,2198944,rxnav_atc_verified,DDInter1032,ddinter_retrieval,0.923421
Leflunomide,INGREDIENT,AIFA package table,Leflunomide,leflunomide,L04AK01,L04AK,L04AK01,monotherapy_confezioni,27169,rxnav_atc_verified,DDInter1033,ddinter_retrieval,0.938357
Legamenti Articolazione Ginocchio,INGREDIENT,AIFA package table,Legamenti Articolazione Ginocchio,legamenti articolazione ginocchio,V03AX,V03AX,V03AX,monotherapy_confezioni,,not_found,,not_found,0.866193
Lenacapavir,INGREDIENT,AIFA package table,Lenacapavir,lenacapavir,J05AX31,J05AX,J05AX31,monotherapy_confezioni,2625651,rxnav_atc_verified,,not_found,0.893886
Lenalidomide,INGREDIENT,AIFA package table,Lenalidomide,lenalidomide,L04AX04,L04AX,L04AX04,monotherapy_confezioni,342369,rxnav_atc_verified,DDInter1035,ddinter_retrieval,0.930044
Lenvatinib,INGREDIENT,AIFA package table,Lenvatinib,lenvatinib,L01EX08,L01EX,L01EX08,monotherapy_confezioni,1603296,rxnav_atc_verified,DDInter1036,ddinter_retrieval,0.922282
Leptandra Virginica,INGREDIENT,AIFA package table,Leptandra Virginica,leptandra virginica,V03AX,V03AX,V03AX,monotherapy_confezioni,,not_found,,not_found,0.84794
Lercanidipina,INGREDIENT,AIFA package table,Lercanidipina,lercanidipina,C08CA,C08CA,C08CA,monotherapy_confezioni,135056,rxnav_atc_verified,,not_found,0.882494
Letermovir,INGREDIENT,AIFA package table,Letermovir,letermovir,J05AX18,J05AX,J05AX18,monotherapy_confezioni,1988648,rxnav_atc_verified,DDInter1039,ddinter_retrieval,0.930258
Letrozolo,INGREDIENT,AIFA package table,Letrozolo,letrozolo,L02BG04,L02BG,L02BG04,monotherapy_confezioni,72965,rxnav_atc_verified,,not_found,0.858258
Leucina,INGREDIENT,AIFA package table,Leucina,leucina,B05BA01,B05BA,B05BA01,monotherapy_confezioni,,not_found,,not_found,0.855968
Leuprorelina,INGREDIENT,AIFA package table,Leuprorelina,leuprorelina,L02AE02,L02AE,L02AE02,monotherapy_confezioni,42375,rxnav_atc_verified,,not_found,0.890789
Levacetilleucina,INGREDIENT,AIFA package table,Levacetilleucina,levacetilleucina,N07XX,N07XX,N07XX,monotherapy_confezioni,2375522,rxnav_atc_verified,,not_found,0.88341
Levetiracetam,INGREDIENT,AIFA package table,Levetiracetam,levetiracetam,N03AX14,N03AX,N03AX14,monotherapy_confezioni,114477,rxnav_atc_verified,DDInter1046,ddinter_retrieval,0.944352
Levoacetilcarnitina,INGREDIENT,AIFA package table,Levoacetilcarnitina,levoacetilcarnitina,N06BX12,N06BX,N06BX12,monotherapy_confezioni,,not_found,DDInter1052,ddinter_retrieval,0.915771
Levobunololo Cloridrato,INGREDIENT,AIFA package table,Levobunololo Cloridrato,levobunololo,S01ED03,S01ED,S01ED03,monotherapy_confezioni,1813,rxnav_atc_verified,,not_found,0.886728
Levobupivacaina Cloridrato,INGREDIENT,AIFA package table,Levobupivacaina Cloridrato,levobupivacaina,N01BB10,N01BB,N01BB10,monotherapy_confezioni,259453,rxnav_atc_verified,DDInter1051,ddinter_retrieval,0.925663
Levocabastina Cloridrato,INGREDIENT,AIFA package table,Levocabastina Cloridrato,levocabastina,S01GX02,S01GX,S01GX02,monotherapy_confezioni,28627,rxnav_atc_verified,DDInter1053,ddinter_retrieval,0.903736
Levocarnitina,INGREDIENT,AIFA package table,Levocarnitina,levocarnitina,A16AA01,A16AA,A16AA01,monotherapy_confezioni,42955,rxnav_atc_verified,DDInter1052,ddinter_retrieval,0.935684
Levocarnitine,INGREDIENT,AIFA package table,Levocarnitine,levocarnitine,A16AA01,A16AA,A16AA01,monotherapy_confezioni,42955,rxnav_atc_verified,DDInter1052,ddinter_retrieval,0.946528
Levocetirizina Dicloridrato,INGREDIENT,AIFA package table,Levocetirizina Dicloridrato,levocetirizina dicloridrato,R06AE09,R06AE,R06AE09,monotherapy_confezioni,356887,rxnav_atc_verified,DDInter1053,ddinter_retrieval,0.905814
Levocetirizine,INGREDIENT,AIFA package table,Levocetirizine,levocetirizine,R06AE09,R06AE,R06AE09,monotherapy_confezioni,356887,rxnav_atc_verified,DDInter1053,ddinter_retrieval,0.948966
Levocloperastina Fendizoato,INGREDIENT,AIFA package table,Levocloperastina Fendizoato,levocloperastina fendizoato,R05DB21,R05DB,R05DB21,monotherapy_confezioni,,not_found,,not_found,0.883472
Levodopa,INGREDIENT,AIFA package table,Levodopa,levodopa,N04BA01,N04BA,N04BA01,monotherapy_confezioni,6375,rxnav_atc_verified,DDInter1054,ddinter_retrieval,0.911663
Levodropropizina,INGREDIENT,AIFA package table,Levodropropizina,levodropropizina,R05DB27,R05DB,R05DB27,monotherapy_confezioni,52014,rxnav_atc_verified,,not_found,0.879914
Levofloxacin,INGREDIENT,AIFA package table,Levofloxacin,levofloxacin,S01AE05,S01AE,S01AE05,monotherapy_confezioni,82122,rxnav_atc_verified,DDInter1055,ddinter_retrieval,0.939871
Levofloxacina,INGREDIENT,AIFA package table,Levofloxacina,levofloxacina,J01MA12,J01MA,J01MA12,monotherapy_confezioni,82122,rxnav_atc_verified,DDInter1055,ddinter_retrieval,0.938063
Levofloxacina Emiidrato,INGREDIENT,AIFA package table,Levofloxacina Emiidrato,levofloxacina emiidrato,J01MA12,J01MA,J01MA12,monotherapy_confezioni,82122,rxnav_atc_verified,DDInter1055,ddinter_retrieval,0.913933
Calcio Levofolinato,INGREDIENT,AIFA package table,Calcio Levofolinato,levofolinato,V03AF04,V03AF,V03AF04,monotherapy_confezioni,,not_found,,not_found,0.875753
Calcio Levofolinato Idrato,INGREDIENT,AIFA package table,Calcio Levofolinato Idrato,levofolinato idrato,V03AF04,V03AF,V03AF04,monotherapy_confezioni,,not_found,,not_found,0.865408
Levomepromazina,INGREDIENT,AIFA package table,Levomepromazina,levomepromazina,N05AA02,N05AA,N05AA02,monotherapy_confezioni,6852,rxnav_atc_verified,,not_found,0.887669
Levometadone Cloridrato,INGREDIENT,AIFA package table,Levometadone Cloridrato,levometadone,N07BC05,N07BC,N07BC05,monotherapy_confezioni,236913,rxnav_atc_verified,DDInter1057,ddinter_retrieval,0.904247
Levonorgestrel,INGREDIENT,AIFA package table,Levonorgestrel,levonorgestrel,G03AD01,G03AD,G03AD01,monotherapy_confezioni,6373,rxnav_atc_verified,DDInter1061,ddinter_retrieval,0.944011
Levopropionilcarnitina,INGREDIENT,AIFA package table,Levopropionilcarnitina,levopropionilcarnitina,A16AA01,A16AA,A16AA01,monotherapy_confezioni,,not_found,DDInter1052,ddinter_retrieval,0.922269
Levosimendan,INGREDIENT,AIFA package table,Levosimendan,levosimendan,C01CX08,C01CX,C01CX08,monotherapy_confezioni,73107,rxnav_atc_verified,,not_found,0.881665
Levosulpiride,INGREDIENT,AIFA package table,Levosulpiride,levosulpiride,N05AL07,N05AL,N05AL07,monotherapy_confezioni,,not_found,,not_found,0.888058
Levothyroxine Sodium,INGREDIENT,AIFA package table,Levothyroxine Sodium,levothyroxine sodium,H03AA01,H03AA,H03AA01,monotherapy_confezioni,40144,rxnav_atc_verified,DDInter1064,ddinter_retrieval,0.913802
Levotiroxina Sodica,INGREDIENT,AIFA package table,Levotiroxina Sodica,levotiroxina,H03AA01,H03AA,H03AA01,monotherapy_confezioni,10582,rxnav_atc_verified,DDInter1064,ddinter_retrieval,0.914255
Lidocaina,INGREDIENT,AIFA package table,Lidocaina,lidocaina,N01BB02,N01BB,N01BB02,monotherapy_confezioni,6387,rxnav_atc_verified,,not_found,0.892272
Lidocaine,INGREDIENT,AIFA package table,Lidocaine,lidocaine,N01BB02,N01BB,N01BB02,monotherapy_confezioni,6387,rxnav_atc_verified,DDInter1066,ddinter_retrieval,0.933144
Lievito Di Birra,INGREDIENT,AIFA package table,Lievito Di Birra,lievito di birra,C05AX,C05AX,C05AX,monotherapy_confezioni,,not_found,,not_found,0.871805
Lilium Tigrinum,INGREDIENT,AIFA package table,Lilium Tigrinum,lilium tigrinum,V03AX,V03AX,V03AX,monotherapy_confezioni,,not_found,,not_found,0.858543
Linaclotide,INGREDIENT,AIFA package table,Linaclotide,linaclotide,A06AX04,A06AX,A06AX04,monotherapy_confezioni,1307404,rxnav_atc_verified,DDInter1069,ddinter_retrieval,0.955869
Linagliptin,INGREDIENT,AIFA package table,Linagliptin,linagliptin,A10BH05,A10BH,A10BH05,monotherapy_confezioni,1100699,rxnav_atc_verified,DDInter1070,ddinter_retrieval,0.94474
Lincomicina,INGREDIENT,AIFA package table,Lincomicina,lincomicina,J01FF02,J01FF,J01FF02,monotherapy_confezioni,6398,rxnav_atc_verified,DDInter1071,ddinter_retrieval,0.922097
Linezolid,INGREDIENT,AIFA package table,Linezolid,linezolid,J01XX08,J01XX,J01XX08,monotherapy_confezioni,190376,rxnav_atc_verified,DDInter1073,ddinter_retrieval,0.913496
Linvoseltamab,INGREDIENT,AIFA package table,Linvoseltamab,linvoseltamab,L01FX,L01FX,L01FX,monotherapy_confezioni,2719416,rxnav_atc_verified,,not_found,0.85081
Linzagolix Colina,INGREDIENT,AIFA package table,Linzagolix Colina,linzagolix colina,H01CC04,H01CC,H01CC04,monotherapy_confezioni,2621019,rxnav_atc_verified,,not_found,0.884755
Liotironina Sodica,INGREDIENT,AIFA package table,Liotironina Sodica,liotironina,H03AA02,H03AA,H03AA02,monotherapy_confezioni,10814,rxnav_atc_verified,,not_found,0.891051
Lipegfilgrastim,INGREDIENT,AIFA package table,Lipegfilgrastim,lipegfilgrastim,L03AA14,L03AA,L03AA14,monotherapy_confezioni,1440046,rxnav_atc_verified,DDInter1405,ddinter_retrieval,0.911278
Liraglutide,INGREDIENT,AIFA package table,Liraglutide,liraglutide,A10BJ02,A10BJ,A10BJ02,monotherapy_confezioni,475968,rxnav_atc_verified,DDInter1077,ddinter_retrieval,0.931049
Lisato Batterico Polivalente,INGREDIENT,AIFA package table,Lisato Batterico Polivalente,lisato batterico polivalente,J07AX,J07AX,J07AX,monotherapy_confezioni,,not_found,,not_found,0.871278
Lisdexamfetamine,INGREDIENT,AIFA package table,Lisdexamfetamine,lisdexamfetamine,N06BA12,N06BA,N06BA12,monotherapy_confezioni,700810,rxnav_atc_verified,DDInter1078,ddinter_retrieval,0.941491
Lisina Acetilsalicilato,INGREDIENT,AIFA package table,Lisina Acetilsalicilato,lisina acetilsalicilato,B01AC06,B01AC,B01AC06,monotherapy_confezioni,1191,rxnav_atc_verified,DDInter20,ddinter_retrieval,0.91123
Lisinopril,INGREDIENT,AIFA package table,Lisinopril,lisinopril,C09AA03,C09AA,C09AA03,monotherapy_confezioni,29046,rxnav_atc_verified,DDInter1079,ddinter_retrieval,0.92487
Lisinopril Diidrato,INGREDIENT,AIFA package table,Lisinopril Diidrato,lisinopril diidrato,C09AA03,C09AA,C09AA03,monotherapy_confezioni,29046,rxnav_atc_verified,DDInter1079,ddinter_retrieval,0.917705
Lisocabtagene Maraleucel,INGREDIENT,AIFA package table,Lisocabtagene Maraleucel,lisocabtagene maraleucel,L01,,L01,monotherapy_confezioni,,not_found,DDInter1080,ddinter_retrieval,0.965648
Lisozima Cloridrato,INGREDIENT,AIFA package table,Lisozima Cloridrato,lisozima,A09AA,A09AA,A09AA,monotherapy_confezioni,,not_found,,not_found,0.894975
Litio,INGREDIENT,AIFA package table,Litio,litio,N05AN01,N05AN,N05AN01,monotherapy_confezioni,,not_found,,not_found,0.851857
Litio Carbonato,INGREDIENT,AIFA package table,Litio Carbonato,litio carbonato,N05AN01,N05AN,N05AN01,monotherapy_confezioni,,not_found,DDInter1081,ddinter_retrieval,0.918955
Lobelia Inflata,INGREDIENT,AIFA package table,Lobelia Inflata,lobelia inflata,V03AX,V03AX,V03AX,monotherapy_confezioni,,not_found,,not_found,0.863365
Lomitapide,INGREDIENT,AIFA package table,Lomitapide,lomitapide,C10AX12,C10AX,C10AX12,monotherapy_confezioni,1364479,rxnav_atc_verified,DDInter1085,ddinter_retrieval,0.92046
Lonafarnib,INGREDIENT,AIFA package table,Lonafarnib,lonafarnib,A16AX20,A16AX,A16AX20,monotherapy_confezioni,2467553,rxnav_atc_verified,DDInter1087,ddinter_retrieval,0.931007
Lonapegsomatropin,INGREDIENT,AIFA package table,Lonapegsomatropin,lonapegsomatropin,H01AC,H01AC,H01AC,monotherapy_confezioni,2569562,rxnav_atc_verified,,not_found,0.880032
Loncastuximab Tesirine,INGREDIENT,AIFA package table,Loncastuximab Tesirine,loncastuximab tesirine,L01FX22,L01FX,L01FX22,monotherapy_confezioni,2540964,rxnav_atc_verified,,not_found,0.886711
Lonoctogoc Alfa,INGREDIENT,AIFA package table,Lonoctogoc Alfa,lonoctogoc alfa,B02BD02,B02BD,B02BD02,monotherapy_confezioni,1796377,rxnav_atc_verified,,not_found,0.895698
Loperamide,INGREDIENT,AIFA package table,Loperamide,loperamide,A07DA03,A07DA,A07DA03,monotherapy_confezioni,6468,rxnav_atc_verified,DDInter1088,ddinter_retrieval,0.9253
Loratadina,INGREDIENT,AIFA package table,Loratadina,loratadina,R06AX13,R06AX,R06AX13,monotherapy_confezioni,28889,rxnav_atc_verified,DDInter1091,ddinter_retrieval,0.901931
Lorazepam,INGREDIENT,AIFA package table,Lorazepam,lorazepam,N05BA06,N05BA,N05BA06,monotherapy_confezioni,6470,rxnav_atc_verified,DDInter1092,ddinter_retrieval,0.935093
Lorlatinib,INGREDIENT,AIFA package table,Lorlatinib,lorlatinib,L01ED05,L01ED,L01ED05,monotherapy_confezioni,2103164,rxnav_atc_verified,DDInter1094,ddinter_retrieval,0.920755
Lormetazepam,INGREDIENT,AIFA package table,Lormetazepam,lormetazepam,N05CD06,N05CD,N05CD06,monotherapy_confezioni,28894,rxnav_atc_verified,,not_found,0.885318
Losartan,INGREDIENT,AIFA package table,Losartan,losartan,C09CA01,C09CA,C09CA01,monotherapy_confezioni,52175,rxnav_atc_verified,DDInter1095,ddinter_retrieval,0.928012
Loteprendololo Etabonato,INGREDIENT,AIFA package table,Loteprendololo Etabonato,loteprendololo etabonato,S01BA14,S01BA,S01BA14,monotherapy_confezioni,,not_found,DDInter1097,ddinter_retrieval,0.929626
Lovastatina,INGREDIENT,AIFA package table,Lovastatina,lovastatina,C10AA02,C10AA,C10AA02,monotherapy_confezioni,6472,rxnav_atc_verified,DDInter1098,ddinter_retrieval,0.937301
Loxapina,INGREDIENT,AIFA package table,Loxapina,loxapina,N05AH01,N05AH,N05AH01,monotherapy_confezioni,6475,rxnav_atc_verified,DDInter1099,ddinter_retrieval,0.91041
Luesinum,INGREDIENT,AIFA package table,Luesinum,luesinum,V03AX,V03AX,V03AX,monotherapy_confezioni,,not_found,,not_found,0.84573
Lumasiran,INGREDIENT,AIFA package table,Lumasiran,lumasiran,A16AX18,A16AX,A16AX18,monotherapy_confezioni,2467140,rxnav_atc_verified,,not_found,0.872649
Lurasidone,INGREDIENT,AIFA package table,Lurasidone,lurasidone,N05AE05,N05AE,N05AE05,monotherapy_confezioni,1040028,rxnav_atc_verified,DDInter1104,ddinter_retrieval,0.926942
Luspatercept,INGREDIENT,AIFA package table,Luspatercept,luspatercept,B03XA06,B03XA,B03XA06,monotherapy_confezioni,2262544,rxnav_atc_verified,,not_found,0.872635
Lutezio (177 Lu) Cloruro,INGREDIENT,AIFA package table,Lutezio (177 Lu) Cloruro,lutezio (177 lu) cloruro,V10X,,V10X,monotherapy_confezioni,,not_found,DDInter1108,ddinter_retrieval,0.908107
Lutezio (177Lu) Oxodotreotide,INGREDIENT,AIFA package table,Lutezio (177Lu) Oxodotreotide,lutezio (177lu) oxodotreotide,V10XX04,V10XX,V10XX04,monotherapy_confezioni,1999335,rxnav_atc_verified,DDInter1108,ddinter_retrieval,0.913072
Lutezio (177Lu) Vipivotide Tetraxetan,INGREDIENT,AIFA package table,Lutezio (177Lu) Vipivotide Tetraxetan,lutezio (177lu) vipivotide tetraxetan,V10XX05,V10XX,V10XX05,monotherapy_confezioni,2597053,rxnav_atc_verified,DDInter1108,ddinter_retrieval,0.906048
Lutropina Alfa,INGREDIENT,AIFA package table,Lutropina Alfa,lutropina alfa,G03GA07,G03GA,G03GA07,monotherapy_confezioni,388084,rxnav_atc_verified,DDInter1800,ddinter_retrieval,0.917577
Lycopodium Clavatum,INGREDIENT,AIFA package table,Lycopodium Clavatum,lycopodium clavatum,V03AX,V03AX,V03AX,monotherapy_confezioni,,not_found,,not_found,0.861003
Lycopus Virginicus,INGREDIENT,AIFA package table,Lycopus Virginicus,lycopus virginicus,V03AX,V03AX,V03AX,monotherapy_confezioni,,not_found,,not_found,0.825591
Macimorelina,INGREDIENT,AIFA package table,Macimorelina,macimorelina,V04CD06,V04CD,V04CD06,monotherapy_confezioni,1999420,rxnav_atc_verified,DDInter1110,ddinter_retrieval,0.920736
Macitentan,INGREDIENT,AIFA package table,Macitentan,macitentan,C02KX04,C02KX,C02KX04,monotherapy_confezioni,1442132,rxnav_atc_verified,DDInter1111,ddinter_retrieval,0.928047
Macrogol,INGREDIENT,AIFA package table,Macrogol,macrogol,A06AD15,A06AD,A06AD15,monotherapy_confezioni,8516,rxnav_atc_verified,,not_found,0.843659
Magaldrato,INGREDIENT,AIFA package table,Magaldrato,magaldrato,A02AD02,A02AD,A02AD02,monotherapy_confezioni,29151,rxnav_atc_verified,DDInter1112,ddinter_retrieval,0.915151
Magnesia Carbonica,INGREDIENT,AIFA package table,Magnesia Carbonica,magnesia carbonica,V03AX,V03AX,V03AX,monotherapy_confezioni,,not_found,DDInter1113,ddinter_retrieval,0.912919
Magnesia Muriatica,INGREDIENT,AIFA package table,Magnesia Muriatica,magnesia muriatica,V03AX,V03AX,V03AX,monotherapy_confezioni,,not_found,,not_found,0.879759
Magnesia Phosphorica,INGREDIENT,AIFA package table,Magnesia Phosphorica,magnesia phosphorica,V03AX,V03AX,V03AX,monotherapy_confezioni,,not_found,,not_found,0.870755
Magnesia Sulfurica,INGREDIENT,AIFA package table,Magnesia Sulfurica,magnesia sulfurica,V03AX,V03AX,V03AX,monotherapy_confezioni,,not_found,DDInter1120,ddinter_retrieval,0.920043
Magnesio Solfato Eptaidrato,INGREDIENT,AIFA package table,Magnesio Solfato Eptaidrato,magnesio eptaidrato,B05XA05,B05XA,B05XA05,monotherapy_confezioni,,not_found,DDInter1120,ddinter_retrieval,0.908505
Magnesio Idrossido,INGREDIENT,AIFA package table,Magnesio Idrossido,magnesio idrossido,A02AA04,A02AA,A02AA04,monotherapy_confezioni,,not_found,DDInter1118,ddinter_retrieval,0.912024
Magnesio Pidolato,INGREDIENT,AIFA package table,Magnesio Pidolato,magnesio pidolato,A12CC08,A12CC,A12CC08,monotherapy_confezioni,,not_found,,not_found,0.897352
Magnesium Metallicum,INGREDIENT,AIFA package table,Magnesium Metallicum,magnesium metallicum,V03AX,V03AX,V03AX,monotherapy_confezioni,,not_found,,not_found,0.89139
Mandragora Officinarum,INGREDIENT,AIFA package table,Mandragora Officinarum,mandragora officinarum,V03AX,V03AX,V03AX,monotherapy_confezioni,,not_found,,not_found,0.846633
Manganum Metallicum,INGREDIENT,AIFA package table,Manganum Metallicum,manganum metallicum,V03AX,V03AX,V03AX,monotherapy_confezioni,,not_found,,not_found,0.862435
Manidipina Cloridrato,INGREDIENT,AIFA package table,Manidipina Cloridrato,manidipina,C08CA11,C08CA,C08CA11,monotherapy_confezioni,29275,rxnav_atc_verified,DDInter414,ddinter_retrieval,0.90723
Mannitolo,INGREDIENT,AIFA package table,Mannitolo,mannitolo,B05BC01,B05BC,B05BC01,monotherapy_confezioni,6628,rxnav_atc_verified,,not_found,0.893127
Maprotilina Cloridrato,INGREDIENT,AIFA package table,Maprotilina Cloridrato,maprotilina,N06AA21,N06AA,N06AA21,monotherapy_confezioni,6646,rxnav_atc_verified,DDInter1124,ddinter_retrieval,0.903049
Maralixibat Cloruro,INGREDIENT,AIFA package table,Maralixibat Cloruro,maralixibat cloruro,A05AX04,A05AX,A05AX04,monotherapy_confezioni,2571074,rxnav_atc_verified,DDInter1790,ddinter_retrieval,0.909459
Maraviroc,INGREDIENT,AIFA package table,Maraviroc,maraviroc,J05AX09,J05AX,J05AX09,monotherapy_confezioni,620216,rxnav_atc_verified,DDInter1125,ddinter_retrieval,0.9344
Maribavir,INGREDIENT,AIFA package table,Maribavir,maribavir,J05AX10,J05AX,J05AX10,monotherapy_confezioni,2586068,rxnav_atc_verified,,not_found,0.87194
Marstacimab,INGREDIENT,AIFA package table,Marstacimab,marstacimab,B02BX11,B02BX,B02BX11,monotherapy_confezioni,2697133,rxnav_atc_verified,,not_found,0.866798
Mavacamten,INGREDIENT,AIFA package table,Mavacamten,mavacamten,C01EB24,C01EB,C01EB24,monotherapy_confezioni,2600867,rxnav_atc_verified,,not_found,0.858515
Mebendazolo,INGREDIENT,AIFA package table,Mebendazolo,mebendazolo,P02CA01,P02CA,P02CA01,monotherapy_confezioni,6672,rxnav_atc_verified,,not_found,0.889311
Mebeverina Cloridrato,INGREDIENT,AIFA package table,Mebeverina Cloridrato,mebeverina,A03AA04,A03AA,A03AA04,monotherapy_confezioni,29410,rxnav_atc_verified,,not_found,0.89313
Mecasermina,INGREDIENT,AIFA package table,Mecasermina,mecasermina,H01AC03,H01AC,H01AC03,monotherapy_confezioni,274403,rxnav_atc_verified,DDInter1131,ddinter_retrieval,0.919113
Meclociclina Solfosalicilato,INGREDIENT,AIFA package table,Meclociclina Solfosalicilato,meclociclina solfosalicilato,D06AA,D06AA,D06AA,monotherapy_confezioni,,not_found,DDInter329,ddinter_retrieval,0.907909
Medorrhinum,INGREDIENT,AIFA package table,Medorrhinum,medorrhinum,V03AX,V03AX,V03AX,monotherapy_confezioni,,not_found,,not_found,0.84514
Medrossiprogesterone Acetato,INGREDIENT,AIFA package table,Medrossiprogesterone Acetato,medrossiprogesterone,G03DA02,G03DA,G03DA02,monotherapy_confezioni,6691,rxnav_atc_verified,DDInter1137,ddinter_retrieval,0.954524
Meflochina Cloridrato,INGREDIENT,AIFA package table,Meflochina Cloridrato,meflochina,P01BC02,P01BC,P01BC02,monotherapy_confezioni,,not_found,DDInter1140,ddinter_retrieval,0.900476
Calcio Mefolinato,INGREDIENT,AIFA package table,Calcio Mefolinato,mefolinato,B03BB,B03BB,B03BB,monotherapy_confezioni,,not_found,,not_found,0.852768
Megestrolo Acetato,INGREDIENT,AIFA package table,Megestrolo Acetato,megestrolo,L02AB01,L02AB,L02AB01,monotherapy_confezioni,6703,rxnav_atc_verified,DDInter1141,ddinter_retrieval,0.92947
Melatonina,INGREDIENT,AIFA package table,Melatonina,melatonina,N05CH01,N05CH,N05CH01,monotherapy_confezioni,6711,rxnav_atc_verified,,not_found,0.894081
Melfalan,INGREDIENT,AIFA package table,Melfalan,melfalan,L01AA03,L01AA,L01AA03,monotherapy_confezioni,6718,rxnav_atc_verified,DDInter1144,ddinter_retrieval,0.913894
Melfalan Flufenamide,INGREDIENT,AIFA package table,Melfalan Flufenamide,melfalan flufenamide,L01AA10,L01AA,L01AA10,monotherapy_confezioni,2531369,rxnav_atc_verified,DDInter1145,ddinter_retrieval,0.941233
Melilotus Alba,INGREDIENT,AIFA package table,Melilotus Alba,melilotus alba,V03AX,V03AX,V03AX,monotherapy_confezioni,,not_found,,not_found,0.858837
Meloxicam,INGREDIENT,AIFA package table,Meloxicam,meloxicam,M01AC06,M01AC,M01AC06,monotherapy_confezioni,41493,rxnav_atc_verified,DDInter1143,ddinter_retrieval,0.960147
Melphalan,INGREDIENT,AIFA package table,Melphalan,melphalan,L01AA03,L01AA,L01AA03,monotherapy_confezioni,6718,rxnav_atc_verified,DDInter1144,ddinter_retrieval,0.950284
Memantina Cloridrato,INGREDIENT,AIFA package table,Memantina Cloridrato,memantina,N06DX01,N06DX,N06DX01,monotherapy_confezioni,6719,rxnav_atc_verified,DDInter1146,ddinter_retrieval,0.90013
Menotropina,INGREDIENT,AIFA package table,Menotropina,menotropina,G03GA02,G03GA,G03GA02,monotherapy_confezioni,,not_found,DDInter1148,ddinter_retrieval,0.900779
Menta Essenza,INGREDIENT,AIFA package table,Menta Essenza,menta essenza,A03AX15,A03AX,A03AX15,monotherapy_confezioni,,not_found,,not_found,0.881061
Mentha Piperitae Aetheroleum,INGREDIENT,AIFA package table,Mentha Piperitae Aetheroleum,mentha piperitae aetheroleum,A03AX15,A03AX,A03AX15,monotherapy_confezioni,33094,rxnav_atc_verified,,not_found,0.864823
Mentolo,INGREDIENT,AIFA package table,Mentolo,mentolo,D04AX,D04AX,D04AX,monotherapy_confezioni,,not_found,,not_found,0.827627
Mepartricina,INGREDIENT,AIFA package table,Mepartricina,mepartricina,G04CX03,G04CX,G04CX03,monotherapy_confezioni,,not_found,,not_found,0.863046
Mepivacaina Cloridrato,INGREDIENT,AIFA package table,Mepivacaina Cloridrato,mepivacaina,N01BB03,N01BB,N01BB03,monotherapy_confezioni,6759,rxnav_atc_verified,DDInter1153,ddinter_retrieval,0.916414
Mepolizumab,INGREDIENT,AIFA package table,Mepolizumab,mepolizumab,R03DX09,R03DX,R03DX09,monotherapy_confezioni,1720597,rxnav_atc_verified,,not_found,0.873445
Mercaptamina,INGREDIENT,AIFA package table,Mercaptamina,mercaptamina,A16AA04,A16AA,A16AA04,monotherapy_confezioni,3022,rxnav_atc_verified,DDInter1156,ddinter_retrieval,0.901255
Mercaptamina Bitartrato,INGREDIENT,AIFA package table,Mercaptamina Bitartrato,mercaptamina bitartrato,A16AA04,A16AA,A16AA04,monotherapy_confezioni,3022,rxnav_atc_verified,DDInter1156,ddinter_retrieval,0.900921
Mercaptobenzotiazolo,INGREDIENT,AIFA package table,Mercaptobenzotiazolo,mercaptobenzotiazolo,V04CL,V04CL,V04CL,monotherapy_confezioni,,not_found,,not_found,0.880811
Mercaptopurina,INGREDIENT,AIFA package table,Mercaptopurina,mercaptopurina,L01BB02,L01BB,L01BB02,monotherapy_confezioni,103,rxnav_atc_verified,DDInter1156,ddinter_retrieval,0.934592
Mercurius Corrosivus,INGREDIENT,AIFA package table,Mercurius Corrosivus,mercurius corrosivus,V03AX,V03AX,V03AX,monotherapy_confezioni,,not_found,,not_found,0.838097
Mercurius Cyanatus,INGREDIENT,AIFA package table,Mercurius Cyanatus,mercurius cyanatus,V03AX,V03AX,V03AX,monotherapy_confezioni,,not_found,,not_found,0.817234
Mercurius Dulcis,INGREDIENT,AIFA package table,Mercurius Dulcis,mercurius dulcis,V03AX,V03AX,V03AX,monotherapy_confezioni,,not_found,,not_found,0.846684
Mercurius Solubilis,INGREDIENT,AIFA package table,Mercurius Solubilis,mercurius solubilis,V03AX,V03AX,V03AX,monotherapy_confezioni,,not_found,,not_found,0.851843
Meropenem,INGREDIENT,AIFA package table,Meropenem,meropenem,J01DH02,J01DH,J01DH02,monotherapy_confezioni,29561,rxnav_atc_verified,DDInter1157,ddinter_retrieval,0.932019
Mertiatide,INGREDIENT,AIFA package table,Mertiatide,mertiatide,V09CA03,V09CA,V09CA03,monotherapy_confezioni,,not_found,,not_found,0.872187
Mesalazina,INGREDIENT,AIFA package table,Mesalazina,mesalazina,A07EC02,A07EC,A07EC02,monotherapy_confezioni,52582,rxnav_atc_verified,,not_found,0.889979
Mesna,INGREDIENT,AIFA package table,Mesna,mesna,V03AF01,V03AF,V03AF01,monotherapy_confezioni,44,rxnav_atc_verified,,not_found,0.81323
Mesoglicano Sodico,INGREDIENT,AIFA package table,Mesoglicano Sodico,mesoglicano,B01AB,B01AB,B01AB,monotherapy_confezioni,,not_found,,not_found,0.880821
Metacolina Cloruro,INGREDIENT,AIFA package table,Metacolina Cloruro,metacolina cloruro,V04CX,V04CX,V04CX,monotherapy_confezioni,,not_found,,not_found,0.896023
Metadone Cloridrato,INGREDIENT,AIFA package table,Metadone Cloridrato,metadone,N07BC02,N07BC,N07BC02,monotherapy_confezioni,6813,rxnav_atc_verified,DDInter1166,ddinter_retrieval,0.904892
Metadoxina,INGREDIENT,AIFA package table,Metadoxina,metadoxina,N07BB,N07BB,N07BB,monotherapy_confezioni,,not_found,,not_found,0.886246
Metamizolo Sodico,INGREDIENT,AIFA package table,Metamizolo Sodico,metamizolo,N02BB02,N02BB,N02BB02,monotherapy_confezioni,3523,rxnav_atc_verified,,not_found,0.886682
Metaraminolo Bitartrato,INGREDIENT,AIFA package table,Metaraminolo Bitartrato,metaraminolo bitartrato,C01CA09,C01CA,C01CA09,monotherapy_confezioni,6806,rxnav_atc_verified,,not_found,0.88574
Metergolina,INGREDIENT,AIFA package table,Metergolina,metergolina,G02CB05,G02CB,G02CB05,monotherapy_confezioni,6834,rxnav_atc_verified,,not_found,0.866701
Metformina,INGREDIENT,AIFA package table,Metformina,metformina,A10BA02,A10BA,A10BA02,monotherapy_confezioni,6809,rxnav_atc_verified,DDInter1164,ddinter_retrieval,0.911225
Methylprednisolone,INGREDIENT,AIFA package table,Methylprednisolone,methylprednisolone,H02AB04,H02AB,H02AB04,monotherapy_confezioni,6902,rxnav_atc_verified,DDInter1191,ddinter_retrieval,0.92827
Metil Aminolevulinato Cloridrato,INGREDIENT,AIFA package table,Metil Aminolevulinato Cloridrato,metil aminolevulinato,L01XD03,L01XD,L01XD03,monotherapy_confezioni,,not_found,DDInter1182,ddinter_retrieval,0.910596
Metildopa,INGREDIENT,AIFA package table,Metildopa,metildopa,C02AB01,C02AB,C02AB01,monotherapy_confezioni,6876,rxnav_atc_verified,,not_found,0.864788
Metile Salicilato,INGREDIENT,AIFA package table,Metile Salicilato,metile salicilato,M02AC,M02AC,M02AC,monotherapy_confezioni,,not_found,DDInter1449,ddinter_retrieval,0.921176
Metilergometrina Maleato,INGREDIENT,AIFA package table,Metilergometrina Maleato,metilergometrina,G02AB01,G02AB,G02AB01,monotherapy_confezioni,6883,rxnav_atc_verified,,not_found,0.890444
Metilfenidato,INGREDIENT,AIFA package table,Metilfenidato,metilfenidato,N06BA04,N06BA,N06BA04,monotherapy_confezioni,6901,rxnav_atc_verified,,not_found,0.896756
Metilnaltrexone,INGREDIENT,AIFA package table,Metilnaltrexone,metilnaltrexone,A06AH01,A06AH,A06AH01,monotherapy_confezioni,29899,rxnav_atc_verified,DDInter1188,ddinter_retrieval,0.94247
Metilprednisolone,INGREDIENT,AIFA package table,Metilprednisolone,metilprednisolone,H02AB04,H02AB,H02AB04,monotherapy_confezioni,6902,rxnav_atc_verified,DDInter1191,ddinter_retrieval,0.934712
Metilprednisolone Aceponato,INGREDIENT,AIFA package table,Metilprednisolone Aceponato,metilprednisolone aceponato,D07AC14,D07AC,D07AC14,monotherapy_confezioni,62136,rxnav_atc_verified,DDInter1191,ddinter_retrieval,0.923602
Metilprednisolone Emisuccinato Sodico,INGREDIENT,AIFA package table,Metilprednisolone Emisuccinato Sodico,metilprednisolone emisuccinato,H02AB04,H02AB,H02AB04,monotherapy_confezioni,6902,rxnav_atc_verified,DDInter1191,ddinter_retrieval,0.915692
Metilprednisolone Idrogeno Succinato Sodico,INGREDIENT,AIFA package table,Metilprednisolone Idrogeno Succinato Sodico,metilprednisolone idrogeno,H02AB04,H02AB,H02AB04,monotherapy_confezioni,6902,rxnav_atc_verified,,not_found,0.898475
Metilprednisolone Sodio Succinato,INGREDIENT,AIFA package table,Metilprednisolone Sodio Succinato,metilprednisolone sodio,H02AB04,H02AB,H02AB04,monotherapy_confezioni,6902,rxnav_atc_verified,DDInter1191,ddinter_retrieval,0.913212
Metiltioninio Cloruro,INGREDIENT,AIFA package table,Metiltioninio Cloruro,metiltioninio cloruro,V03AB17,V03AB,V03AB17,monotherapy_confezioni,6878,rxnav_atc_verified,DDInter1790,ddinter_retrieval,0.902307
Metirapone,INGREDIENT,AIFA package table,Metirapone,metirapone,V04CD01,V04CD,V04CD01,monotherapy_confezioni,6923,rxnav_atc_verified,DDInter1204,ddinter_retrieval,0.902946
Metoclopramide,INGREDIENT,AIFA package table,Metoclopramide,metoclopramide,A03FA01,A03FA,A03FA01,monotherapy_confezioni,6915,rxnav_atc_verified,DDInter1197,ddinter_retrieval,0.93445
Metolazone,INGREDIENT,AIFA package table,Metolazone,metolazone,C03BA08,C03BA,C03BA08,monotherapy_confezioni,6916,rxnav_atc_verified,DDInter1199,ddinter_retrieval,0.928871
Metoprololo,INGREDIENT,AIFA package table,Metoprololo,metoprololo,C07AB02,C07AB,C07AB02,monotherapy_confezioni,6918,rxnav_atc_verified,,not_found,0.89409
Metossipolietilenglicole-Epoetina Beta (Cera),INGREDIENT,AIFA package table,Metossipolietilenglicole-Epoetina Beta (Cera),metossipolietilenglicole-epoetina beta (cera),B03XA03,B03XA,B03XA03,monotherapy_confezioni,,not_found,,not_found,0.873955
Metotrexato,INGREDIENT,AIFA package table,Metotrexato,metotrexato,L04AX03,L04AX,L04AX03,monotherapy_confezioni,6851,rxnav_atc_verified,DDInter1174,ddinter_retrieval,0.923295
Metoxalene,INGREDIENT,AIFA package table,Metoxalene,metoxalene,L03AX,L03AX,L03AX,monotherapy_confezioni,,not_found,,not_found,0.896388
Metoxsalene,INGREDIENT,AIFA package table,Metoxsalene,metoxsalene,L03AX,L03AX,L03AX,monotherapy_confezioni,,not_found,DDInter1177,ddinter_retrieval,0.915987
Metreleptina,INGREDIENT,AIFA package table,Metreleptina,metreleptina,A16AA07,A16AA,A16AA07,monotherapy_confezioni,1491625,rxnav_atc_verified,DDInter1201,ddinter_retrieval,0.918291
Metronidazolo,INGREDIENT,AIFA package table,Metronidazolo,metronidazolo,J01XD01,J01XD,J01XD01,monotherapy_confezioni,6922,rxnav_atc_verified,DDInter1202,ddinter_retrieval,0.905603
Mexiletina Cloridrato,INGREDIENT,AIFA package table,Mexiletina Cloridrato,mexiletina,C01BB02,C01BB,C01BB02,monotherapy_confezioni,6926,rxnav_atc_verified,DDInter1206,ddinter_retrieval,0.906103
Mezereum,INGREDIENT,AIFA package table,Mezereum,mezereum,V03AX,V03AX,V03AX,monotherapy_confezioni,,not_found,,not_found,0.848335
Mianserina Cloridrato,INGREDIENT,AIFA package table,Mianserina Cloridrato,mianserina,N06AX03,N06AX,N06AX03,monotherapy_confezioni,6929,rxnav_atc_verified,,not_found,0.888581
Micafungina,INGREDIENT,AIFA package table,Micafungina,micafungina,J02AX05,J02AX,J02AX05,monotherapy_confezioni,325887,rxnav_atc_verified,DDInter1208,ddinter_retrieval,0.915306
Micofenolato Sodico,INGREDIENT,AIFA package table,Micofenolato Sodico,micofenolato,L04AA06,L04AA,L04AA06,monotherapy_confezioni,,not_found,DDInter1135,ddinter_retrieval,0.91897
Micofenolato Mofetile,INGREDIENT,AIFA package table,Micofenolato Mofetile,micofenolato mofetile,L04AA06,L04AA,L04AA06,monotherapy_confezioni,,not_found,DDInter1251,ddinter_retrieval,0.950193
Miconazolo,INGREDIENT,AIFA package table,Miconazolo,miconazolo,A01AB09,A01AB,A01AB09,monotherapy_confezioni,6932,rxnav_atc_verified,,not_found,0.896101
Midazolam,INGREDIENT,AIFA package table,Midazolam,midazolam,N05CD08,N05CD,N05CD08,monotherapy_confezioni,6960,rxnav_atc_verified,DDInter1212,ddinter_retrieval,0.933785
Midodrina Cloridrato,INGREDIENT,AIFA package table,Midodrina Cloridrato,midodrina,C01CA17,C01CA,C01CA17,monotherapy_confezioni,6963,rxnav_atc_verified,,not_found,0.896415
Midostaurina,INGREDIENT,AIFA package table,Midostaurina,midostaurina,L01EX10,L01EX,L01EX10,monotherapy_confezioni,1919083,rxnav_atc_verified,DDInter1214,ddinter_retrieval,0.902148
Mifamurtide,INGREDIENT,AIFA package table,Mifamurtide,mifamurtide,L03AX15,L03AX,L03AX15,monotherapy_confezioni,,not_found,,not_found,0.868641
Mifepristone,INGREDIENT,AIFA package table,Mifepristone,mifepristone,G03XB01,G03XB,G03XB01,monotherapy_confezioni,6964,rxnav_atc_verified,DDInter1215,ddinter_retrieval,0.943951
Migalastat,INGREDIENT,AIFA package table,Migalastat,migalastat,A16AX14,A16AX,A16AX14,monotherapy_confezioni,2054252,rxnav_atc_verified,DDInter1216,ddinter_retrieval,0.925276
Miglustat,INGREDIENT,AIFA package table,Miglustat,miglustat,A16AX06,A16AX,A16AX06,monotherapy_confezioni,402316,rxnav_atc_verified,DDInter1218,ddinter_retrieval,0.913088
Minociclina Dicloridrato,INGREDIENT,AIFA package table,Minociclina Dicloridrato,minociclina dicloridrato,J01AA08,J01AA,J01AA08,monotherapy_confezioni,6980,rxnav_atc_verified,DDInter1224,ddinter_retrieval,0.905703
Minoxidil,INGREDIENT,AIFA package table,Minoxidil,minoxidil,D11AX01,D11AX,D11AX01,monotherapy_confezioni,6984,rxnav_atc_verified,DDInter1226,ddinter_retrieval,0.937091
Mirabegron,INGREDIENT,AIFA package table,Mirabegron,mirabegron,G04BD12,G04BD,G04BD12,monotherapy_confezioni,1300786,rxnav_atc_verified,DDInter1229,ddinter_retrieval,0.932849
Mirdametinib,INGREDIENT,AIFA package table,Mirdametinib,mirdametinib,L01EE05,L01EE,L01EE05,monotherapy_confezioni,2705551,rxnav_atc_verified,,not_found,0.888511
Mirikizumab,INGREDIENT,AIFA package table,Mirikizumab,mirikizumab,L04AC24,L04AC,L04AC24,monotherapy_confezioni,2668384,rxnav_atc_verified,,not_found,0.87326
Mirtazapina,INGREDIENT,AIFA package table,Mirtazapina,mirtazapina,N06AX11,N06AX,N06AX11,monotherapy_confezioni,15996,rxnav_atc_verified,DDInter1230,ddinter_retrieval,0.915143
Mirtillina,INGREDIENT,AIFA package table,Mirtillina,mirtillina,C05CA,C05CA,C05CA,monotherapy_confezioni,,not_found,,not_found,0.84979
Mirvetuximab Soravtansine,INGREDIENT,AIFA package table,Mirvetuximab Soravtansine,mirvetuximab soravtansine,L01FX26,L01FX,L01FX26,monotherapy_confezioni,2621548,rxnav_atc_verified,,not_found,0.881654
Misoprostolo,INGREDIENT,AIFA package table,Misoprostolo,misoprostolo,G02AD06,G02AD,G02AD06,monotherapy_confezioni,42331,rxnav_atc_verified,DDInter1231,ddinter_retrieval,0.934327
Mitapivat,INGREDIENT,AIFA package table,Mitapivat,mitapivat,B06AX04,B06AX,B06AX04,monotherapy_confezioni,2594468,rxnav_atc_verified,,not_found,0.834162
Mitomicina,INGREDIENT,AIFA package table,Mitomicina,mitomicina,L01DC03,L01DC,L01DC03,monotherapy_confezioni,632,rxnav_atc_verified,,not_found,0.899972
Mitotano,INGREDIENT,AIFA package table,Mitotano,mitotano,L01XX23,L01XX,L01XX23,monotherapy_confezioni,7004,rxnav_atc_verified,,not_found,0.890782
Mitoxantrone Cloridrato,INGREDIENT,AIFA package table,Mitoxantrone Cloridrato,mitoxantrone,L01DB07,L01DB,L01DB07,monotherapy_confezioni,7005,rxnav_atc_verified,DDInter1234,ddinter_retrieval,0.930548
Mivacurio Cloruro,INGREDIENT,AIFA package table,Mivacurio Cloruro,mivacurio cloruro,M03AC10,M03AC,M03AC10,monotherapy_confezioni,30077,rxnav_atc_verified,DDInter1790,ddinter_retrieval,0.900475
Mizolastina,INGREDIENT,AIFA package table,Mizolastina,mizolastina,R06AX25,R06AX,R06AX25,monotherapy_confezioni,61455,rxnav_atc_verified,,not_found,0.867281
Modafinil,INGREDIENT,AIFA package table,Modafinil,modafinil,N06BA07,N06BA,N06BA07,monotherapy_confezioni,30125,rxnav_atc_verified,DDInter1236,ddinter_retrieval,0.922379
Mogamulizumab,INGREDIENT,AIFA package table,Mogamulizumab,mogamulizumab,L01FX09,L01FX,L01FX09,monotherapy_confezioni,2054068,rxnav_atc_verified,DDInter1238,ddinter_retrieval,0.913543
Momelotinib,INGREDIENT,AIFA package table,Momelotinib,momelotinib,L01EJ04,L01EJ,L01EJ04,monotherapy_confezioni,2665204,rxnav_atc_verified,,not_found,0.890003
Mometasone,INGREDIENT,AIFA package table,Mometasone,mometasone,R01AD09,R01AD,R01AD09,monotherapy_confezioni,108118,rxnav_atc_verified,,not_found,0.891875
Momordica Balsamina,INGREDIENT,AIFA package table,Momordica Balsamina,momordica balsamina,V03AX,V03AX,V03AX,monotherapy_confezioni,,not_found,,not_found,0.874821
Monossido Di Azoto,INGREDIENT,AIFA package table,Monossido Di Azoto,monossido di azoto,R07AX01,R07AX,R07AX01,monotherapy_confezioni,,not_found,DDInter990,ddinter_retrieval,0.900736
Montelukast,INGREDIENT,AIFA package table,Montelukast,montelukast,R03DC03,R03DC,R03DC03,monotherapy_confezioni,88249,rxnav_atc_verified,DDInter1242,ddinter_retrieval,0.9241
Morfina Cloridrato,INGREDIENT,AIFA package table,Morfina Cloridrato,morfina,N02AA01,N02AA,N02AA01,monotherapy_confezioni,7052,rxnav_atc_verified,,not_found,0.894689
Morniflumato,INGREDIENT,AIFA package table,Morniflumato,morniflumato,M01AX22,M01AX,M01AX22,monotherapy_confezioni,30225,rxnav_atc_verified,,not_found,0.868981
Moroctocog Alfa,INGREDIENT,AIFA package table,Moroctocog Alfa,moroctocog alfa,B02BD02,B02BD,B02BD02,monotherapy_confezioni,1300485,rxnav_atc_verified,DDInter605,ddinter_retrieval,0.911109
Mosunetuzumab,INGREDIENT,AIFA package table,Mosunetuzumab,mosunetuzumab,L01FX25,L01FX,L01FX25,monotherapy_confezioni,2625122,rxnav_atc_verified,,not_found,0.895768
Moxifloxacina,INGREDIENT,AIFA package table,Moxifloxacina,moxifloxacina,J01MA14,J01MA,J01MA14,monotherapy_confezioni,139462,rxnav_atc_verified,DDInter1247,ddinter_retrieval,0.949611
Moxonidina,INGREDIENT,AIFA package table,Moxonidina,moxonidina,C02AC05,C02AC,C02AC05,monotherapy_confezioni,30257,rxnav_atc_verified,,not_found,0.883516
Mrna A Singola Elica Con Capping In 5? Che Codifica La Glicoproteina F Del Virus Respiratorio Sinciziale Stabilizzata Nella Conformazione Di Pre-Fusione,INGREDIENT,AIFA package table,Mrna A Singola Elica Con Capping In 5? Che Codifica La Glicoproteina F Del Virus Respiratorio Sinciziale Stabilizzata Nella Conformazione Di Pre-Fusione,mrna a singola elica con capping in 5? che codifica la glicoproteina f del virus respiratorio sinciziale stabilizzata nella conformazione di pre-fusione,J07BX05,J07BX,J07BX05,monotherapy_confezioni,,not_found,,not_found,0.841776
Mrna Che Codifica Per Kp.2,INGREDIENT,AIFA package table,Mrna Che Codifica Per Kp.2,mrna che codifica per kp.2,J07BN01,J07BN,J07BN01,monotherapy_confezioni,2691218,rxnav_atc_verified,,not_found,0.866499
Mrna Che Codifica Per Lp.8.1,INGREDIENT,AIFA package table,Mrna Che Codifica Per Lp.8.1,mrna che codifica per lp.8.1,J07BN01,J07BN,J07BN01,monotherapy_confezioni,2722594,rxnav_atc_verified,,not_found,0.849702
Mucosa Gastrica,INGREDIENT,AIFA package table,Mucosa Gastrica,mucosa gastrica,V03AX,V03AX,V03AX,monotherapy_confezioni,,not_found,,not_found,0.877783
Mupirocina,INGREDIENT,AIFA package table,Mupirocina,mupirocina,D06AX09,D06AX,D06AX09,monotherapy_confezioni,42372,rxnav_atc_verified,DDInter1249,ddinter_retrieval,0.908607
Mupirocina Calcica,INGREDIENT,AIFA package table,Mupirocina Calcica,mupirocina calcica,D06AX09,D06AX,D06AX09,monotherapy_confezioni,42372,rxnav_atc_verified,,not_found,0.894584
Mycoplasma,INGREDIENT,AIFA package table,Mycoplasma,mycoplasma,V03AX,V03AX,V03AX,monotherapy_confezioni,,not_found,,not_found,0.874288
N-Acetil-L-Cisteina,INGREDIENT,AIFA package table,N-Acetil-L-Cisteina,n-acetil-l-cisteina,R05CB01,R05CB,R05CB01,monotherapy_confezioni,,not_found,,not_found,0.886754
N-Butilscopolamina Bromuro,INGREDIENT,AIFA package table,N-Butilscopolamina Bromuro,n-butilscopolamina,A03BB01,A03BB,A03BB01,monotherapy_confezioni,,not_found,,not_found,0.894479
N.D.,INGREDIENT,AIFA package table,N.D.,n.d.,V03AX,V03AX,V03AX,monotherapy_confezioni,,not_found,,not_found,0.866022
Nabumetone,INGREDIENT,AIFA package table,Nabumetone,nabumetone,M01AX01,M01AX,M01AX01,monotherapy_confezioni,31448,rxnav_atc_verified,DDInter1254,ddinter_retrieval,0.919955
Nadifloxacina,INGREDIENT,AIFA package table,Nadifloxacina,nadifloxacina,D10AF05,D10AF,D10AF05,monotherapy_confezioni,,not_found,DDInter1313,ddinter_retrieval,0.900387
Nadololo,INGREDIENT,AIFA package table,Nadololo,nadololo,C07AA12,C07AA,C07AA12,monotherapy_confezioni,7226,rxnav_atc_verified,DDInter1255,ddinter_retrieval,0.901827
Nadroparina Calcica,INGREDIENT,AIFA package table,Nadroparina Calcica,nadroparina calcica,B01AB06,B01AB,B01AB06,monotherapy_confezioni,67031,rxnav_atc_verified,,not_found,0.878968
Nafazolina,INGREDIENT,AIFA package table,Nafazolina,nafazolina,R01AA08,R01AA,R01AA08,monotherapy_confezioni,7247,rxnav_atc_verified,,not_found,0.885103
Naftifina Cloridrato,INGREDIENT,AIFA package table,Naftifina Cloridrato,naftifina,D01AE22,D01AE,D01AE22,monotherapy_confezioni,31476,rxnav_atc_verified,,not_found,0.894702
Naldemedina,INGREDIENT,AIFA package table,Naldemedina,naldemedina,A06AH05,A06AH,A06AH05,monotherapy_confezioni,1876597,rxnav_atc_verified,DDInter1258,ddinter_retrieval,0.917619
Nalmefene,INGREDIENT,AIFA package table,Nalmefene,nalmefene,N07BB05,N07BB,N07BB05,monotherapy_confezioni,31479,rxnav_atc_verified,DDInter1260,ddinter_retrieval,0.931354
Naloxegol,INGREDIENT,AIFA package table,Naloxegol,naloxegol,A06AH03,A06AH,A06AH03,monotherapy_confezioni,1551777,rxnav_atc_verified,DDInter1261,ddinter_retrieval,0.935022
Naloxone Cloridrato,INGREDIENT,AIFA package table,Naloxone Cloridrato,naloxone,V03AB15,V03AB,V03AB15,monotherapy_confezioni,7242,rxnav_atc_verified,DDInter1262,ddinter_retrieval,0.923194
Naloxone (Td),INGREDIENT,AIFA package table,Naloxone (Td),naloxone (td),V03AB15,V03AB,V03AB15,monotherapy_confezioni,7242,rxnav_atc_verified,DDInter1262,ddinter_retrieval,0.939018
Naloxone Cloridrato Diidrato,INGREDIENT,AIFA package table,Naloxone Cloridrato Diidrato,naloxone diidrato,V03AB15,V03AB,V03AB15,monotherapy_confezioni,7242,rxnav_atc_verified,DDInter1262,ddinter_retrieval,0.906376
Naltrexone Cloridrato,INGREDIENT,AIFA package table,Naltrexone Cloridrato,naltrexone,N07BB04,N07BB,N07BB04,monotherapy_confezioni,7243,rxnav_atc_verified,DDInter1263,ddinter_retrieval,0.928626
Naphthalinum,INGREDIENT,AIFA package table,Naphthalinum,naphthalinum,V03AX,V03AX,V03AX,monotherapy_confezioni,,not_found,,not_found,0.865863
Naprossene Sodico,INGREDIENT,AIFA package table,Naprossene Sodico,naprossene,M01AE02,M01AE,M01AE02,monotherapy_confezioni,,not_found,,not_found,0.898337
Naproxene,INGREDIENT,AIFA package table,Naproxene,naproxene,M01AE02,M01AE,M01AE02,monotherapy_confezioni,7258,rxnav_atc_verified,DDInter1266,ddinter_retrieval,0.941014
Natalizumab,INGREDIENT,AIFA package table,Natalizumab,natalizumab,L04AG03,L04AG,L04AG03,monotherapy_confezioni,354770,rxnav_atc_verified,DDInter1268,ddinter_retrieval,0.913153
Natrium Carbonicum,INGREDIENT,AIFA package table,Natrium Carbonicum,natrium carbonicum,V03AX,V03AX,V03AX,monotherapy_confezioni,,not_found,,not_found,0.882618
Natrium Muriaticum,INGREDIENT,AIFA package table,Natrium Muriaticum,natrium muriaticum,V03AX,V03AX,V03AX,monotherapy_confezioni,,not_found,,not_found,0.870674
Natrium Phosphoricum,INGREDIENT,AIFA package table,Natrium Phosphoricum,natrium phosphoricum,V03AX,V03AX,V03AX,monotherapy_confezioni,,not_found,,not_found,0.875196
Natrium Silicicum,INGREDIENT,AIFA package table,Natrium Silicicum,natrium silicicum,V03AX,V03AX,V03AX,monotherapy_confezioni,,not_found,,not_found,0.87996
Natrium Sulfuricum,INGREDIENT,AIFA package table,Natrium Sulfuricum,natrium sulfuricum,V03AX,V03AX,V03AX,monotherapy_confezioni,,not_found,,not_found,0.880502
Nebivololo,INGREDIENT,AIFA package table,Nebivololo,nebivololo,C07AB12,C07AB,C07AB12,monotherapy_confezioni,31555,rxnav_atc_verified,DDInter1271,ddinter_retrieval,0.901
Nelarabina,INGREDIENT,AIFA package table,Nelarabina,nelarabina,L01BB07,L01BB,L01BB07,monotherapy_confezioni,274771,rxnav_atc_verified,DDInter1275,ddinter_retrieval,0.919472
Nemolizumab,INGREDIENT,AIFA package table,Nemolizumab,nemolizumab,D11AH12,D11AH,D11AH12,monotherapy_confezioni,2691310,rxnav_atc_verified,,not_found,0.877329
Nepafenac,INGREDIENT,AIFA package table,Nepafenac,nepafenac,S01BC10,S01BC,S01BC10,monotherapy_confezioni,298665,rxnav_atc_verified,DDInter1280,ddinter_retrieval,0.913877
Neratinib,INGREDIENT,AIFA package table,Neratinib,neratinib,L01EH02,L01EH,L01EH02,monotherapy_confezioni,1940643,rxnav_atc_verified,DDInter1281,ddinter_retrieval,0.918997
Netarsudil,INGREDIENT,AIFA package table,Netarsudil,netarsudil,S01EX05,S01EX,S01EX05,monotherapy_confezioni,1992864,rxnav_atc_verified,,not_found,0.854095
Netilmicina,INGREDIENT,AIFA package table,Netilmicina,netilmicina,S01AA23,S01AA,S01AA23,monotherapy_confezioni,7337,rxnav_atc_verified,DDInter1283,ddinter_retrieval,0.928992
Nevirapina,INGREDIENT,AIFA package table,Nevirapina,nevirapina,J05AG01,J05AG,J05AG01,monotherapy_confezioni,53654,rxnav_atc_verified,,not_found,0.893836
Niaouli Essenza,INGREDIENT,AIFA package table,Niaouli Essenza,niaouli essenza,R01AX10,R01AX,R01AX10,monotherapy_confezioni,,not_found,,not_found,0.895917
Nicardipina Cloridrato,INGREDIENT,AIFA package table,Nicardipina Cloridrato,nicardipina,C08CA04,C08CA,C08CA04,monotherapy_confezioni,7396,rxnav_atc_verified,DDInter1287,ddinter_retrieval,0.907815
Niccolum Metallicum,INGREDIENT,AIFA package table,Niccolum Metallicum,niccolum metallicum,V03AX,V03AX,V03AX,monotherapy_confezioni,,not_found,,not_found,0.844866
Nichel Solfato Esaidrato,INGREDIENT,AIFA package table,Nichel Solfato Esaidrato,nichel esaidrato,V04CL,V04CL,V04CL,monotherapy_confezioni,,not_found,,not_found,0.873732
Niclosamide,INGREDIENT,AIFA package table,Niclosamide,niclosamide,P02DA01,P02DA,P02DA01,monotherapy_confezioni,7402,rxnav_atc_verified,DDInter1288,ddinter_retrieval,0.930663
Nicotina,INGREDIENT,AIFA package table,Nicotina,nicotina,N07BA01,N07BA,N07BA01,monotherapy_confezioni,7407,rxnav_atc_verified,,not_found,0.899466
Nicotina Resinato,INGREDIENT,AIFA package table,Nicotina Resinato,nicotina resinato,N07BA01,N07BA,N07BA01,monotherapy_confezioni,7407,rxnav_atc_verified,DDInter1289,ddinter_retrieval,0.917376
Nicotinamide,INGREDIENT,AIFA package table,Nicotinamide,nicotinamide,A11HA01,A11HA,A11HA01,monotherapy_confezioni,7405,rxnav_atc_verified,DDInter1289,ddinter_retrieval,0.94408
Nifedipina,INGREDIENT,AIFA package table,Nifedipina,nifedipina,C08CA05,C08CA,C08CA05,monotherapy_confezioni,7417,rxnav_atc_verified,DDInter1291,ddinter_retrieval,0.915646
Nifuratel,INGREDIENT,AIFA package table,Nifuratel,nifuratel,G01AX05,G01AX,G01AX05,monotherapy_confezioni,7419,rxnav_atc_verified,,not_found,0.875031
Nilotinib,INGREDIENT,AIFA package table,Nilotinib,nilotinib,L01EA03,L01EA,L01EA03,monotherapy_confezioni,662281,rxnav_atc_verified,DDInter1293,ddinter_retrieval,0.928624
Nilotinib Dicloridrato Diidrato,INGREDIENT,AIFA package table,Nilotinib Dicloridrato Diidrato,nilotinib dicloridrato diidrato,L01EA03,L01EA,L01EA03,monotherapy_confezioni,662281,rxnav_atc_verified,DDInter1293,ddinter_retrieval,0.901632
Nimesulide,INGREDIENT,AIFA package table,Nimesulide,nimesulide,M01AX17,M01AX,M01AX17,monotherapy_confezioni,53694,rxnav_atc_verified,,not_found,0.870587
Nimesulide Betaciclodestrina,INGREDIENT,AIFA package table,Nimesulide Betaciclodestrina,nimesulide betaciclodestrina,M01AX17,M01AX,M01AX17,monotherapy_confezioni,53694,rxnav_atc_verified,,not_found,0.88842
Nimodipina,INGREDIENT,AIFA package table,Nimodipina,nimodipina,C08CA06,C08CA,C08CA06,monotherapy_confezioni,7426,rxnav_atc_verified,,not_found,0.899281
Nintedanib,INGREDIENT,AIFA package table,Nintedanib,nintedanib,L01EX09,L01EX,L01EX09,monotherapy_confezioni,1592737,rxnav_atc_verified,DDInter1296,ddinter_retrieval,0.909383
Nintedanib Esilato,INGREDIENT,AIFA package table,Nintedanib Esilato,nintedanib esilato,L01EX09,L01EX,L01EX09,monotherapy_confezioni,1592737,rxnav_atc_verified,,not_found,0.889022
Nipocalimab,INGREDIENT,AIFA package table,Nipocalimab,nipocalimab,L04AL03,L04AL,L04AL03,monotherapy_confezioni,2712693,rxnav_atc_verified,,not_found,0.86647
Niraparib,INGREDIENT,AIFA package table,Niraparib,niraparib,L01XK02,L01XK,L01XK02,monotherapy_confezioni,1918231,rxnav_atc_verified,DDInter1297,ddinter_retrieval,0.916168
Nirsevimab,INGREDIENT,AIFA package table,Nirsevimab,nirsevimab,J06BD08,J06BD,J06BD08,monotherapy_confezioni,2642401,rxnav_atc_verified,,not_found,0.870994
Nistatina,INGREDIENT,AIFA package table,Nistatina,nistatina,A07AA02,A07AA,A07AA02,monotherapy_confezioni,7597,rxnav_atc_verified,,not_found,0.882788
Nitisinone,INGREDIENT,AIFA package table,Nitisinone,nitisinone,A16AX04,A16AX,A16AX04,monotherapy_confezioni,61805,rxnav_atc_verified,DDInter1300,ddinter_retrieval,0.937272
Nitrazepam,INGREDIENT,AIFA package table,Nitrazepam,nitrazepam,N05CD02,N05CD,N05CD02,monotherapy_confezioni,7440,rxnav_atc_verified,DDInter1301,ddinter_retrieval,0.933447
Nitrendipina,INGREDIENT,AIFA package table,Nitrendipina,nitrendipina,C08CA08,C08CA,C08CA08,monotherapy_confezioni,7441,rxnav_atc_verified,,not_found,0.888847
Nitrofurantoina,INGREDIENT,AIFA package table,Nitrofurantoina,nitrofurantoina,J01XE01,J01XE,J01XE01,monotherapy_confezioni,7454,rxnav_atc_verified,DDInter1303,ddinter_retrieval,0.927882
Nitrofurantoina Macrocristalli,INGREDIENT,AIFA package table,Nitrofurantoina Macrocristalli,nitrofurantoina macrocristalli,J01XE01,J01XE,J01XE01,monotherapy_confezioni,7454,rxnav_atc_verified,DDInter1303,ddinter_retrieval,0.900077
Nitroglicerina,INGREDIENT,AIFA package table,Nitroglicerina,nitroglicerina,C01DA02,C01DA,C01DA02,monotherapy_confezioni,4917,rxnav_atc_verified,,not_found,0.870468
Nitrous Oxide,INGREDIENT,AIFA package table,Nitrous Oxide,nitrous oxide,R07AX01,R07AX,R07AX01,monotherapy_confezioni,,not_found,DDInter1307,ddinter_retrieval,0.957629
Nivolumab,INGREDIENT,AIFA package table,Nivolumab,nivolumab,L01FF01,L01FF,L01FF01,monotherapy_confezioni,1597876,rxnav_atc_verified,DDInter1308,ddinter_retrieval,0.918022
Nogapendekin Alfa Inbakicept,INGREDIENT,AIFA package table,Nogapendekin Alfa Inbakicept,nogapendekin alfa inbakicept,L03AC03,L03AC,L03AC03,monotherapy_confezioni,2682678,rxnav_atc_verified,,not_found,0.88271
Nomegestrolo Acetato,INGREDIENT,AIFA package table,Nomegestrolo Acetato,nomegestrolo,G03DB04,G03DB,G03DB04,monotherapy_confezioni,31930,rxnav_atc_verified,DDInter1141,ddinter_retrieval,0.911042
Nonacog Alfa (Fattore Ix Di Coagulazione. Ricombinante),INGREDIENT,AIFA package table,Nonacog Alfa (Fattore Ix Di Coagulazione. Ricombinante),nonacog alfa (fattore ix di coagulazione. ricombinante),B02BD04,B02BD,B02BD04,monotherapy_confezioni,1300488,rxnav_atc_verified,,not_found,0.853866
Nonacog Beta Pegilato,INGREDIENT,AIFA package table,Nonacog Beta Pegilato,nonacog beta pegilato,B02BD04,B02BD,B02BD04,monotherapy_confezioni,1990855,rxnav_atc_verified,,not_found,0.886228
Noradrenalina Tartrato,INGREDIENT,AIFA package table,Noradrenalina Tartrato,noradrenalina,C01CA03,C01CA,C01CA03,monotherapy_confezioni,2256931,rxnav_atc_verified,,not_found,0.889536
Nordazepam,INGREDIENT,AIFA package table,Nordazepam,nordazepam,N05BA16,N05BA,N05BA16,monotherapy_confezioni,3155,rxnav_atc_verified,DDInter1301,ddinter_retrieval,0.905604
Norepinefrina,INGREDIENT,AIFA package table,Norepinefrina,norepinefrina,C01CA03,C01CA,C01CA03,monotherapy_confezioni,7512,rxnav_atc_verified,DDInter1311,ddinter_retrieval,0.909765
Noretisterone Acetato,INGREDIENT,AIFA package table,Noretisterone Acetato,noretisterone,G03DC02,G03DC,G03DC02,monotherapy_confezioni,7514,rxnav_atc_verified,DDInter1312,ddinter_retrieval,0.913158
Norfloxacina,INGREDIENT,AIFA package table,Norfloxacina,norfloxacina,J01MA06,J01MA,J01MA06,monotherapy_confezioni,7517,rxnav_atc_verified,DDInter1313,ddinter_retrieval,0.934506
Nortriptilina,INGREDIENT,AIFA package table,Nortriptilina,nortriptilina,N06AA10,N06AA,N06AA10,monotherapy_confezioni,7531,rxnav_atc_verified,DDInter1316,ddinter_retrieval,0.919609
Nuphar Luteum,INGREDIENT,AIFA package table,Nuphar Luteum,nuphar luteum,V03AX,V03AX,V03AX,monotherapy_confezioni,,not_found,,not_found,0.869994
Nusinersen,INGREDIENT,AIFA package table,Nusinersen,nusinersen,M09AX07,M09AX,M09AX07,monotherapy_confezioni,1863556,rxnav_atc_verified,,not_found,0.878702
Nux Moschata,INGREDIENT,AIFA package table,Nux Moschata,nux moschata,V03AX,V03AX,V03AX,monotherapy_confezioni,,not_found,,not_found,0.87281
Nux Vomica,INGREDIENT,AIFA package table,Nux Vomica,nux vomica,V03AX,V03AX,V03AX,monotherapy_confezioni,,not_found,,not_found,0.885467
Obinutuzumab,INGREDIENT,AIFA package table,Obinutuzumab,obinutuzumab,L01FA03,L01FA,L01FA03,monotherapy_confezioni,974779,rxnav_atc_verified,DDInter1320,ddinter_retrieval,0.920196
Occhio Totale,INGREDIENT,AIFA package table,Occhio Totale,occhio totale,V03AX,V03AX,V03AX,monotherapy_confezioni,,not_found,,not_found,0.867367
Ocrelizumab,INGREDIENT,AIFA package table,Ocrelizumab,ocrelizumab,L04AG08,L04AG,L04AG08,monotherapy_confezioni,1876366,rxnav_atc_verified,DDInter1321,ddinter_retrieval,0.934184
Octocog Alfa,INGREDIENT,AIFA package table,Octocog Alfa,octocog alfa,B02BD02,B02BD,B02BD02,monotherapy_confezioni,1300486,rxnav_atc_verified,,not_found,0.884924
Octofluoropropano,INGREDIENT,AIFA package table,Octofluoropropano,octofluoropropano,V08DA01,V08DA,V08DA01,monotherapy_confezioni,,not_found,,not_found,0.872477
Octreotide,INGREDIENT,AIFA package table,Octreotide,octreotide,H01CB02,H01CB,H01CB02,monotherapy_confezioni,7617,rxnav_atc_verified,DDInter1323,ddinter_retrieval,0.940934
Odevixibat,INGREDIENT,AIFA package table,Odevixibat,odevixibat,A05AX05,A05AX,A05AX05,monotherapy_confezioni,2563966,rxnav_atc_verified,,not_found,0.887628
Odronextamab,INGREDIENT,AIFA package table,Odronextamab,odronextamab,L01FX,L01FX,L01FX,monotherapy_confezioni,,not_found,,not_found,0.875069
Ofatumumab,INGREDIENT,AIFA package table,Ofatumumab,ofatumumab,L04AG12,L04AG,L04AG12,monotherapy_confezioni,712566,rxnav_atc_verified,DDInter1324,ddinter_retrieval,0.922224
Ofloxacin,INGREDIENT,AIFA package table,Ofloxacin,ofloxacin,S01AE01,S01AE,S01AE01,monotherapy_confezioni,7623,rxnav_atc_verified,DDInter1325,ddinter_retrieval,0.942923
Ofloxacina,INGREDIENT,AIFA package table,Ofloxacina,ofloxacina,S01AE01,S01AE,S01AE01,monotherapy_confezioni,7623,rxnav_atc_verified,DDInter1325,ddinter_retrieval,0.933641
Olanzapina,INGREDIENT,AIFA package table,Olanzapina,olanzapina,N05AH03,N05AH,N05AH03,monotherapy_confezioni,61381,rxnav_atc_verified,DDInter1326,ddinter_retrieval,0.911923
Olanzapina Pamoato Monoidrato,INGREDIENT,AIFA package table,Olanzapina Pamoato Monoidrato,olanzapina pamoato,N05AH03,N05AH,N05AH03,monotherapy_confezioni,61381,rxnav_atc_verified,,not_found,0.887427
Olaparib,INGREDIENT,AIFA package table,Olaparib,olaparib,L01XK01,L01XK,L01XK01,monotherapy_confezioni,1597582,rxnav_atc_verified,DDInter1327,ddinter_retrieval,0.92654
Olezarsen,INGREDIENT,AIFA package table,Olezarsen,olezarsen,C10AX,C10AX,C10AX,monotherapy_confezioni,,not_found,,not_found,0.842052
Olio Etiodato,INGREDIENT,AIFA package table,Olio Etiodato,olio etiodato,V08AD01,V08AD,V08AD01,monotherapy_confezioni,,not_found,DDInter693,ddinter_retrieval,0.947923
Olipudase Alfa,INGREDIENT,AIFA package table,Olipudase Alfa,olipudase alfa,A16AB25,A16AB,A16AB25,monotherapy_confezioni,2610407,rxnav_atc_verified,DDInter479,ddinter_retrieval,0.901524
Olmesartan Medoxomil,INGREDIENT,AIFA package table,Olmesartan Medoxomil,olmesartan medoxomil,C09DA08,C09DA,C09DA08,monotherapy_confezioni,,not_found,DDInter156,ddinter_retrieval,0.911842
Olodaterolo,INGREDIENT,AIFA package table,Olodaterolo,olodaterolo,R03AC19,R03AC,R03AC19,monotherapy_confezioni,1546059,rxnav_atc_verified,,not_found,0.892129
Olopatadina,INGREDIENT,AIFA package table,Olopatadina,olopatadina,S01GX09,S01GX,S01GX09,monotherapy_confezioni,135391,rxnav_atc_verified,DDInter1332,ddinter_retrieval,0.90711
Omalizumab,INGREDIENT,AIFA package table,Omalizumab,omalizumab,R03DX05,R03DX,R03DX05,monotherapy_confezioni,302379,rxnav_atc_verified,DDInter1337,ddinter_retrieval,0.915445
Omaveloxolone,INGREDIENT,AIFA package table,Omaveloxolone,omaveloxolone,N,,N,monotherapy_confezioni,,not_found,,not_found,0.886342
Omega 3 Polinsaturi,INGREDIENT,AIFA package table,Omega 3 Polinsaturi,omega 3 polinsaturi,C10AX06,C10AX,C10AX06,monotherapy_confezioni,,not_found,DDInter1339,ddinter_retrieval,0.913802
Omega Polienoici (Esteri Etilici Di Acidi Grassi Polinsaturi),INGREDIENT,AIFA package table,Omega Polienoici (Esteri Etilici Di Acidi Grassi Polinsaturi),omega polienoici (esteri etilici di acidi grassi polinsaturi),C10AX06,C10AX,C10AX06,monotherapy_confezioni,,not_found,,not_found,0.872582
Omega-3-Triglycerides Incl. Other Esters And Acids,INGREDIENT,AIFA package table,Omega-3-Triglycerides Incl. Other Esters And Acids,omega-3-triglycerides incl. other esters and acids,C10AX06,C10AX,C10AX06,monotherapy_confezioni,,not_found,,not_found,0.860097
Omeprazolo,INGREDIENT,AIFA package table,Omeprazolo,omeprazolo,A02BC01,A02BC,A02BC01,monotherapy_confezioni,7646,rxnav_atc_verified,DDInter1340,ddinter_retrieval,0.914178
Omodimero Di Fusione Dell?Rbd Della Proteina Ricombinante Del Virus Sars-Cov-2 (Ceppo Lp.8.1- Lp.8.1),INGREDIENT,AIFA package table,Omodimero Di Fusione Dell?Rbd Della Proteina Ricombinante Del Virus Sars-Cov-2 (Ceppo Lp.8.1- Lp.8.1),omodimero di fusione dell?rbd della proteina ricombinante del virus sars-cov-2 (ceppo lp.8.1- lp.8.1),J07BN04,J07BN,J07BN04,monotherapy_confezioni,2722424,rxnav_atc_verified,,not_found,0.866163
Onasemnogene Abeparvovec,INGREDIENT,AIFA package table,Onasemnogene Abeparvovec,onasemnogene abeparvovec,M09AX09,M09AX,M09AX09,monotherapy_confezioni,2170226,rxnav_atc_verified,DDInter1341,ddinter_retrieval,0.904388
Ondansetron,INGREDIENT,AIFA package table,Ondansetron,ondansetron,A04AA01,A04AA,A04AA01,monotherapy_confezioni,26225,rxnav_atc_verified,DDInter1342,ddinter_retrieval,0.92999
Ondansetron Cloridrato Diidrato,INGREDIENT,AIFA package table,Ondansetron Cloridrato Diidrato,ondansetron diidrato,A04AA01,A04AA,A04AA01,monotherapy_confezioni,26225,rxnav_atc_verified,DDInter1342,ddinter_retrieval,0.906334
Ondansetrone,INGREDIENT,AIFA package table,Ondansetrone,ondansetrone,A04AA01,A04AA,A04AA01,monotherapy_confezioni,26225,rxnav_atc_verified,DDInter1342,ddinter_retrieval,0.908861
Opicapone,INGREDIENT,AIFA package table,Opicapone,opicapone,N04BX04,N04BX,N04BX04,monotherapy_confezioni,2362167,rxnav_atc_verified,DDInter1343,ddinter_retrieval,0.906982
Orfenadrina Cloridrato,INGREDIENT,AIFA package table,Orfenadrina Cloridrato,orfenadrina,N04AB02,N04AB,N04AB02,monotherapy_confezioni,7715,rxnav_atc_verified,,not_found,0.898517
Origanum Vulgare,INGREDIENT,AIFA package table,Origanum Vulgare,origanum vulgare,V03AX,V03AX,V03AX,monotherapy_confezioni,,not_found,,not_found,0.878509
Oritavancina,INGREDIENT,AIFA package table,Oritavancina,oritavancina,J01XA05,J01XA,J01XA05,monotherapy_confezioni,1547611,rxnav_atc_verified,DDInter1347,ddinter_retrieval,0.903841
Orlistat,INGREDIENT,AIFA package table,Orlistat,orlistat,A08AB01,A08AB,A08AB01,monotherapy_confezioni,37925,rxnav_atc_verified,DDInter1348,ddinter_retrieval,0.927214
Ornithogallum Umbellatum,INGREDIENT,AIFA package table,Ornithogallum Umbellatum,ornithogallum umbellatum,V03AX,V03AX,V03AX,monotherapy_confezioni,,not_found,,not_found,0.838724
Oseltamivir,INGREDIENT,AIFA package table,Oseltamivir,oseltamivir,J05AH02,J05AH,J05AH02,monotherapy_confezioni,260101,rxnav_atc_verified,DDInter1350,ddinter_retrieval,0.914504
Osilodrostat,INGREDIENT,AIFA package table,Osilodrostat,osilodrostat,H02CA02,H02CA,H02CA02,monotherapy_confezioni,2286252,rxnav_atc_verified,DDInter1351,ddinter_retrieval,0.945864
Osimertinib,INGREDIENT,AIFA package table,Osimertinib,osimertinib,L01EB04,L01EB,L01EB04,monotherapy_confezioni,1721560,rxnav_atc_verified,DDInter1352,ddinter_retrieval,0.935339
Osmium Metallicum,INGREDIENT,AIFA package table,Osmium Metallicum,osmium metallicum,V03AX,V03AX,V03AX,monotherapy_confezioni,,not_found,,not_found,0.856152
Ospemifene,INGREDIENT,AIFA package table,Ospemifene,ospemifene,G03XC05,G03XC,G03XC05,monotherapy_confezioni,1370971,rxnav_atc_verified,DDInter1353,ddinter_retrieval,0.942062
Ossi-Idrossido Sucroferrico,INGREDIENT,AIFA package table,Ossi-Idrossido Sucroferrico,ossi-idrossido sucroferrico,V03AE05,V03AE,V03AE05,monotherapy_confezioni,1484283,rxnav_atc_verified,,not_found,0.884184
Ossibenzone,INGREDIENT,AIFA package table,Ossibenzone,ossibenzone,V04CL,V04CL,V04CL,monotherapy_confezioni,,not_found,,not_found,0.884338
Ossibutinina Cloridrato,INGREDIENT,AIFA package table,Ossibutinina Cloridrato,ossibutinina,G04BD04,G04BD,G04BD04,monotherapy_confezioni,,not_found,DDInter888,ddinter_retrieval,0.908952
Ossicodone Cloridrato,INGREDIENT,AIFA package table,Ossicodone Cloridrato,ossicodone,N02AA05,N02AA,N02AA05,monotherapy_confezioni,,not_found,DDInter1351,ddinter_retrieval,0.901759
Ossido Di Zinco,INGREDIENT,AIFA package table,Ossido Di Zinco,ossido di zinco,D02AB,D02AB,D02AB,monotherapy_confezioni,,not_found,,not_found,0.871461
Ossigeno,INGREDIENT,AIFA package table,Ossigeno,ossigeno,V03AN01,V03AN,V03AN01,monotherapy_confezioni,,not_found,,not_found,0.857197
Ossitocina,INGREDIENT,AIFA package table,Ossitocina,ossitocina,H01BB02,H01BB,H01BB02,monotherapy_confezioni,,not_found,,not_found,0.89605
Otilonio Bromuro,INGREDIENT,AIFA package table,Otilonio Bromuro,otilonio,A03AB06,A03AB,A03AB06,monotherapy_confezioni,32311,rxnav_atc_verified,,not_found,0.848334
Oxacillina,INGREDIENT,AIFA package table,Oxacillina,oxacillina,J01CF04,J01CF,J01CF04,monotherapy_confezioni,7773,rxnav_atc_verified,,not_found,0.897059
Oxaliplatino,INGREDIENT,AIFA package table,Oxaliplatino,oxaliplatino,L01XA03,L01XA,L01XA03,monotherapy_confezioni,32592,rxnav_atc_verified,DDInter1355,ddinter_retrieval,0.922475
Oxatomide,INGREDIENT,AIFA package table,Oxatomide,oxatomide,R06AE06,R06AE,R06AE06,monotherapy_confezioni,54236,rxnav_atc_verified,,not_found,0.889036
Oxazepam,INGREDIENT,AIFA package table,Oxazepam,oxazepam,N05BA04,N05BA,N05BA04,monotherapy_confezioni,7781,rxnav_atc_verified,DDInter1359,ddinter_retrieval,0.932248
Oxcarbazepina,INGREDIENT,AIFA package table,Oxcarbazepina,oxcarbazepina,N03AF02,N03AF,N03AF02,monotherapy_confezioni,32624,rxnav_atc_verified,DDInter1360,ddinter_retrieval,0.931499
Oxerutina,INGREDIENT,AIFA package table,Oxerutina,oxerutina,C05CA54,C05CA,C05CA54,monotherapy_confezioni,,not_found,,not_found,0.884499
Oxibuprocaina Cloridrato,INGREDIENT,AIFA package table,Oxibuprocaina Cloridrato,oxibuprocaina,S01HA02,S01HA,S01HA02,monotherapy_confezioni,18889,rxnav_atc_verified,DDInter1364,ddinter_retrieval,0.912132
Oxibutinina Cloridrato,INGREDIENT,AIFA package table,Oxibutinina Cloridrato,oxibutinina,G04BD04,G04BD,G04BD04,monotherapy_confezioni,32675,rxnav_atc_verified,DDInter888,ddinter_retrieval,0.912335
Oxicodone Cloridrato,INGREDIENT,AIFA package table,Oxicodone Cloridrato,oxicodone,N02AA05,N02AA,N02AA05,monotherapy_confezioni,219740,rxnav_atc_verified,DDInter1366,ddinter_retrieval,0.903733
Oximetazolina Cloridrato,INGREDIENT,AIFA package table,Oximetazolina Cloridrato,oximetazolina,R01AA05,R01AA,R01AA05,monotherapy_confezioni,7812,rxnav_atc_verified,DDInter1369,ddinter_retrieval,0.903579
Oxitocina,INGREDIENT,AIFA package table,Oxitocina,oxitocina,H01BB02,H01BB,H01BB02,monotherapy_confezioni,7824,rxnav_atc_verified,,not_found,0.888493
Oxitriptano,INGREDIENT,AIFA package table,Oxitriptano,oxitriptano,N06AX01,N06AX,N06AX01,monotherapy_confezioni,94,rxnav_atc_verified,DDInter1362,ddinter_retrieval,0.945604
Oxolamina Citrato,INGREDIENT,AIFA package table,Oxolamina Citrato,oxolamina,R05DB07,R05DB,R05DB07,monotherapy_confezioni,32658,rxnav_atc_verified,DDInter1686,ddinter_retrieval,0.915215
Ozanimod Cloridrato,INGREDIENT,AIFA package table,Ozanimod Cloridrato,ozanimod,L04AE02,L04AE,L04AE02,monotherapy_confezioni,2288236,rxnav_atc_verified,,not_found,0.896884
Ozenoxacina,INGREDIENT,AIFA package table,Ozenoxacina,ozenoxacina,D06AX14,D06AX,D06AX14,monotherapy_confezioni,1994739,rxnav_atc_verified,DDInter644,ddinter_retrieval,0.909371
Paclitaxel,INGREDIENT,AIFA package table,Paclitaxel,paclitaxel,L01CD01,L01CD,L01CD01,monotherapy_confezioni,56946,rxnav_atc_verified,DDInter1377,ddinter_retrieval,0.94523
Padeliporfina,INGREDIENT,AIFA package table,Padeliporfina,padeliporfina,L01XD07,L01XD,L01XD07,monotherapy_confezioni,,not_found,,not_found,0.870298
Paeonia Officinalis,INGREDIENT,AIFA package table,Paeonia Officinalis,paeonia officinalis,V03AX,V03AX,V03AX,monotherapy_confezioni,,not_found,,not_found,0.863219
Palbociclib,INGREDIENT,AIFA package table,Palbociclib,palbociclib,L01EF01,L01EF,L01EF01,monotherapy_confezioni,1601374,rxnav_atc_verified,DDInter1379,ddinter_retrieval,0.945391
Paliperidone,INGREDIENT,AIFA package table,Paliperidone,paliperidone,N05AX13,N05AX,N05AX13,monotherapy_confezioni,679314,rxnav_atc_verified,DDInter1381,ddinter_retrieval,0.922148
Paliperidone Palmitato,INGREDIENT,AIFA package table,Paliperidone Palmitato,paliperidone palmitato,N05AX13,N05AX,N05AX13,monotherapy_confezioni,858045,rxnav_atc_verified,DDInter1381,ddinter_retrieval,0.903593
Palivizumab,INGREDIENT,AIFA package table,Palivizumab,palivizumab,J06BD01,J06BD,J06BD01,monotherapy_confezioni,194279,rxnav_atc_verified,,not_found,0.86217
Palladium Metallicum,INGREDIENT,AIFA package table,Palladium Metallicum,palladium metallicum,V03AX,V03AX,V03AX,monotherapy_confezioni,,not_found,,not_found,0.83865
Palonosetron Cloridrato,INGREDIENT,AIFA package table,Palonosetron Cloridrato,palonosetron,A04AA05,A04AA,A04AA05,monotherapy_confezioni,70561,rxnav_atc_verified,DDInter1382,ddinter_retrieval,0.922736
Palonosetron (Td),INGREDIENT,AIFA package table,Palonosetron (Td),palonosetron (td),A04AA05,A04AA,A04AA05,monotherapy_confezioni,70561,rxnav_atc_verified,DDInter1382,ddinter_retrieval,0.933775
Palopegteriparatide,INGREDIENT,AIFA package table,Palopegteriparatide,palopegteriparatide,H05AA05,H05AA,H05AA05,monotherapy_confezioni,2693635,rxnav_atc_verified,,not_found,0.860332
Pamidronato Disodico,INGREDIENT,AIFA package table,Pamidronato Disodico,pamidronato disodico,M05BA03,M05BA,M05BA03,monotherapy_confezioni,,not_found,DDInter1383,ddinter_retrieval,0.901891
Pancrelipasi,INGREDIENT,AIFA package table,Pancrelipasi,pancrelipasi,A09AA02,A09AA,A09AA02,monotherapy_confezioni,743,rxnav_atc_verified,,not_found,0.890911
Panitumumab,INGREDIENT,AIFA package table,Panitumumab,panitumumab,L01FE02,L01FE,L01FE02,monotherapy_confezioni,263034,rxnav_atc_verified,DDInter1386,ddinter_retrieval,0.922395
Panobinostat,INGREDIENT,AIFA package table,Panobinostat,panobinostat,L01XH03,L01XH,L01XH03,monotherapy_confezioni,1603350,rxnav_atc_verified,DDInter1387,ddinter_retrieval,0.935238
Pantetina,INGREDIENT,AIFA package table,Pantetina,pantetina,A11HA32,A11HA,A11HA32,monotherapy_confezioni,32863,rxnav_atc_verified,,not_found,0.860945
Pantoprazolo,INGREDIENT,AIFA package table,Pantoprazolo,pantoprazolo,A02BC02,A02BC,A02BC02,monotherapy_confezioni,40790,rxnav_atc_verified,DDInter1388,ddinter_retrieval,0.913073
Pantoprazolo Sodico Sesquidrato,INGREDIENT,AIFA package table,Pantoprazolo Sodico Sesquidrato,pantoprazolo sesquidrato,A02BC02,A02BC,A02BC02,monotherapy_confezioni,236632,rxnav_atc_verified,,not_found,0.897754
Papaver Somniferum L. Tintura,INGREDIENT,AIFA package table,Papaver Somniferum L. Tintura,papaver somniferum l. tintura,A07DA02,A07DA,A07DA02,monotherapy_confezioni,7676,rxnav_atc_verified,,not_found,0.868727
Papaverina Cloridrato,INGREDIENT,AIFA package table,Papaverina Cloridrato,papaverina,A03AD01,A03AD,A03AD01,monotherapy_confezioni,7895,rxnav_atc_verified,,not_found,0.899635
Parabeni Mix,INGREDIENT,AIFA package table,Parabeni Mix,parabeni mix,V04CL,V04CL,V04CL,monotherapy_confezioni,,not_found,,not_found,0.882099
Paracalcitolo,INGREDIENT,AIFA package table,Paracalcitolo,paracalcitolo,H05BX02,H05BX,H05BX02,monotherapy_confezioni,73710,rxnav_atc_verified,,not_found,0.891379
Paracetamol,INGREDIENT,AIFA package table,Paracetamol,paracetamol,N02BE51,N02BE,N02BE51,monotherapy_confezioni,161,rxnav_atc_verified,,not_found,0.891081
Paracetamolo,INGREDIENT,AIFA package table,Paracetamolo,paracetamolo,N02BE01,N02BE,N02BE01,monotherapy_confezioni,161,rxnav_atc_verified,,not_found,0.866801
Paraffina Liquida,INGREDIENT,AIFA package table,Paraffina Liquida,paraffina liquida,A06AA01,A06AA,A06AA01,monotherapy_confezioni,6972,rxnav_atc_verified,,not_found,0.889104
Parecoxib Sodico,INGREDIENT,AIFA package table,Parecoxib Sodico,parecoxib,M01AH04,M01AH,M01AH04,monotherapy_confezioni,279950,rxnav_atc_verified,DDInter1910,ddinter_retrieval,0.911152
Pareira Brava,INGREDIENT,AIFA package table,Pareira Brava,pareira brava,V03AX,V03AX,V03AX,monotherapy_confezioni,,not_found,DDInter1395,ddinter_retrieval,0.905173
Paris Quadrifolia,INGREDIENT,AIFA package table,Paris Quadrifolia,paris quadrifolia,V03AX,V03AX,V03AX,monotherapy_confezioni,,not_found,,not_found,0.834103
Parnaparina,INGREDIENT,AIFA package table,Parnaparina,parnaparina,B01AB07,B01AB,B01AB07,monotherapy_confezioni,69528,rxnav_atc_verified,,not_found,0.868514
Paromomicina,INGREDIENT,AIFA package table,Paromomicina,paromomicina,A07AA06,A07AA,A07AA06,monotherapy_confezioni,7934,rxnav_atc_verified,DDInter1396,ddinter_retrieval,0.912098
Paroxetina,INGREDIENT,AIFA package table,Paroxetina,paroxetina,N06AB05,N06AB,N06AB05,monotherapy_confezioni,32937,rxnav_atc_verified,DDInter1397,ddinter_retrieval,0.932236
Paroxetina Cloridrato Emiidrato,INGREDIENT,AIFA package table,Paroxetina Cloridrato Emiidrato,paroxetina emiidrato,N06AB05,N06AB,N06AB05,monotherapy_confezioni,32937,rxnav_atc_verified,DDInter101,ddinter_retrieval,0.91077
Pasireotide,INGREDIENT,AIFA package table,Pasireotide,pasireotide,H01CB05,H01CB,H01CB05,monotherapy_confezioni,1364105,rxnav_atc_verified,DDInter1398,ddinter_retrieval,0.933091
Passiflora Parti Aeree (Passiflora Incarnata L.) Estratto Secco,INGREDIENT,AIFA package table,Passiflora Parti Aeree (Passiflora Incarnata L.) Estratto Secco,passiflora parti aeree (passiflora incarnata l.) estratto secco,N05CM,N05CM,N05CM,monotherapy_confezioni,,not_found,,not_found,0.833087
Patiromer,INGREDIENT,AIFA package table,Patiromer,patiromer,V03AE09,V03AE,V03AE09,monotherapy_confezioni,,not_found,DDInter1399,ddinter_retrieval,0.937504
Patiromer Calcio Sorbitolo,INGREDIENT,AIFA package table,Patiromer Calcio Sorbitolo,patiromer sorbitolo,V03AE09,V03AE,V03AE09,monotherapy_confezioni,,not_found,,not_found,0.871488
Patisiran,INGREDIENT,AIFA package table,Patisiran,patisiran,N07XX12,N07XX,N07XX12,monotherapy_confezioni,2053490,rxnav_atc_verified,,not_found,0.864901
Pazopanib,INGREDIENT,AIFA package table,Pazopanib,pazopanib,L01EX03,L01EX,L01EX03,monotherapy_confezioni,714438,rxnav_atc_verified,DDInter1400,ddinter_retrieval,0.916829
Pegaspargase,INGREDIENT,AIFA package table,Pegaspargase,pegaspargase,L01XX24,L01XX,L01XX24,monotherapy_confezioni,34132,rxnav_atc_verified,DDInter1404,ddinter_retrieval,0.926628
Pegcetacoplan,INGREDIENT,AIFA package table,Pegcetacoplan,pegcetacoplan,L04AJ03,L04AJ,L04AJ03,monotherapy_confezioni,2557372,rxnav_atc_verified,,not_found,0.873142
Pegfilgrastim,INGREDIENT,AIFA package table,Pegfilgrastim,pegfilgrastim,L03AA13,L03AA,L03AA13,monotherapy_confezioni,338036,rxnav_atc_verified,DDInter1405,ddinter_retrieval,0.945356
Peginterferone Beta-1,INGREDIENT,AIFA package table,Peginterferone Beta-1,peginterferone beta-1,L03AB13,L03AB,L03AB13,monotherapy_confezioni,75917,rxnav_atc_verified,DDInter1409,ddinter_retrieval,0.928894
Pegunigalsidase Alfa,INGREDIENT,AIFA package table,Pegunigalsidase Alfa,pegunigalsidase alfa,A16AB20,A16AB,A16AB20,monotherapy_confezioni,2637446,rxnav_atc_verified,DDInter104,ddinter_retrieval,0.907679
Pegvaliase,INGREDIENT,AIFA package table,Pegvaliase,pegvaliase,A16AB19,A16AB,A16AB19,monotherapy_confezioni,2046360,rxnav_atc_verified,DDInter1411,ddinter_retrieval,0.939394
Pegvisomant,INGREDIENT,AIFA package table,Pegvisomant,pegvisomant,H01AX01,H01AX,H01AX01,monotherapy_confezioni,278739,rxnav_atc_verified,DDInter1412,ddinter_retrieval,0.947691
Pegzilarginasi,INGREDIENT,AIFA package table,Pegzilarginasi,pegzilarginasi,A16AB24,A16AB,A16AB24,monotherapy_confezioni,2738648,rxnav_atc_verified,,not_found,0.869763
Pembrolizumab,INGREDIENT,AIFA package table,Pembrolizumab,pembrolizumab,L01FF02,L01FF,L01FF02,monotherapy_confezioni,1547545,rxnav_atc_verified,DDInter1413,ddinter_retrieval,0.930707
Pemetrexed,INGREDIENT,AIFA package table,Pemetrexed,pemetrexed,L01BA04,L01BA,L01BA04,monotherapy_confezioni,68446,rxnav_atc_verified,DDInter1414,ddinter_retrieval,0.957741
Pemetrexed Disodico,INGREDIENT,AIFA package table,Pemetrexed Disodico,pemetrexed disodico,L01BA04,L01BA,L01BA04,monotherapy_confezioni,282443,rxnav_atc_verified,DDInter1414,ddinter_retrieval,0.927301
Pemetrexed Disodico Emipentaidrato,INGREDIENT,AIFA package table,Pemetrexed Disodico Emipentaidrato,pemetrexed disodico emipentaidrato,L01BA04,L01BA,L01BA04,monotherapy_confezioni,2056898,rxnav_atc_verified,DDInter1414,ddinter_retrieval,0.914478
Pemigatinib,INGREDIENT,AIFA package table,Pemigatinib,pemigatinib,L01EN02,L01EN,L01EN02,monotherapy_confezioni,2359268,rxnav_atc_verified,DDInter1415,ddinter_retrieval,0.922915
Penciclovir,INGREDIENT,AIFA package table,Penciclovir,penciclovir,D06BB06,D06BB,D06BB06,monotherapy_confezioni,59839,rxnav_atc_verified,DDInter1418,ddinter_retrieval,0.917989
Penicillina G Potassica,INGREDIENT,AIFA package table,Penicillina G Potassica,penicillina g potassica,J01CE01,J01CE,J01CE01,monotherapy_confezioni,203133,rxnav_atc_verified,,not_found,0.899876
Pentamidina Isetionato,INGREDIENT,AIFA package table,Pentamidina Isetionato,pentamidina isetionato,P01CX01,P01CX,P01CX01,monotherapy_confezioni,7994,rxnav_atc_verified,DDInter1425,ddinter_retrieval,0.908897
Pentetreotide,INGREDIENT,AIFA package table,Pentetreotide,pentetreotide,V09IB01,V09IB,V09IB01,monotherapy_confezioni,,not_found,,not_found,0.898471
Pentosano Polisolfato Sodico,INGREDIENT,AIFA package table,Pentosano Polisolfato Sodico,pentosano polisolfato,G04BX15,G04BX,G04BX15,monotherapy_confezioni,155046,rxnav_atc_verified,DDInter1424,ddinter_retrieval,0.934272
Pentossifillina,INGREDIENT,AIFA package table,Pentossifillina,pentossifillina,C04AD03,C04AD,C04AD03,monotherapy_confezioni,,not_found,DDInter1426,ddinter_retrieval,0.906196
Pentossiverina,INGREDIENT,AIFA package table,Pentossiverina,pentossiverina,R05DB05,R05DB,R05DB05,monotherapy_confezioni,,not_found,,not_found,0.87117
Pentostatina,INGREDIENT,AIFA package table,Pentostatina,pentostatina,L01XX08,L01XX,L01XX08,monotherapy_confezioni,8011,rxnav_atc_verified,DDInter1425,ddinter_retrieval,0.917085
Pentoxifillina,INGREDIENT,AIFA package table,Pentoxifillina,pentoxifillina,C04AD03,C04AD,C04AD03,monotherapy_confezioni,8013,rxnav_atc_verified,DDInter1426,ddinter_retrieval,0.9315
Perampanel,INGREDIENT,AIFA package table,Perampanel,perampanel,N03AX22,N03AX,N03AX22,monotherapy_confezioni,1356552,rxnav_atc_verified,DDInter1428,ddinter_retrieval,0.931999
Perfenazina,INGREDIENT,AIFA package table,Perfenazina,perfenazina,N05AB03,N05AB,N05AB03,monotherapy_confezioni,8076,rxnav_atc_verified,DDInter1432,ddinter_retrieval,0.920902
Perflutreno,INGREDIENT,AIFA package table,Perflutreno,perflutreno,V08DA04,V08DA,V08DA04,monotherapy_confezioni,,not_found,DDInter1429,ddinter_retrieval,0.921227
Periciazina,INGREDIENT,AIFA package table,Periciazina,periciazina,N05AC01,N05AC,N05AC01,monotherapy_confezioni,8766,rxnav_atc_verified,,not_found,0.877106
Perindopril,INGREDIENT,AIFA package table,Perindopril,perindopril,C09AA04,C09AA,C09AA04,monotherapy_confezioni,54552,rxnav_atc_verified,DDInter1431,ddinter_retrieval,0.941899
Perindopril Arginina,INGREDIENT,AIFA package table,Perindopril Arginina,perindopril arginina,C09AA04,C09AA,C09AA04,monotherapy_confezioni,1600711,rxnav_atc_verified,DDInter1431,ddinter_retrieval,0.926757
Perindopril Erbumina,INGREDIENT,AIFA package table,Perindopril Erbumina,perindopril erbumina,C09AA04,C09AA,C09AA04,monotherapy_confezioni,72260,rxnav_atc_verified,DDInter1431,ddinter_retrieval,0.919874
Perindopril Tert-Butilamina,INGREDIENT,AIFA package table,Perindopril Tert-Butilamina,perindopril tert-butilamina,C09AA04,C09AA,C09AA04,monotherapy_confezioni,72260,rxnav_atc_verified,,not_found,0.895362
Perindopril Tosilato,INGREDIENT,AIFA package table,Perindopril Tosilato,perindopril tosilato,C09AA04,C09AA,C09AA04,monotherapy_confezioni,54552,rxnav_atc_verified,DDInter1431,ddinter_retrieval,0.927813
Permetrina,INGREDIENT,AIFA package table,Permetrina,permetrina,P03AC04,P03AC,P03AC04,monotherapy_confezioni,33199,rxnav_atc_verified,,not_found,0.85149
Perossido Di Idrogeno,INGREDIENT,AIFA package table,Perossido Di Idrogeno,perossido di idrogeno,D08AX01,D08AX,D08AX01,monotherapy_confezioni,,not_found,DDInter1500,ddinter_retrieval,0.900602
Pertuzumab,INGREDIENT,AIFA package table,Pertuzumab,pertuzumab,L01FD02,L01FD,L01FD02,monotherapy_confezioni,1298944,rxnav_atc_verified,DDInter1434,ddinter_retrieval,0.919192
Petidina Cloridrato,INGREDIENT,AIFA package table,Petidina Cloridrato,petidina,N02AB02,N02AB,N02AB02,monotherapy_confezioni,6754,rxnav_atc_verified,,not_found,0.89146
Petroleum,INGREDIENT,AIFA package table,Petroleum,petroleum,V03AX,V03AX,V03AX,monotherapy_confezioni,,not_found,,not_found,0.873589
Petroselinum Sativum,INGREDIENT,AIFA package table,Petroselinum Sativum,petroselinum sativum,V03AX,V03AX,V03AX,monotherapy_confezioni,,not_found,,not_found,0.861248
Phellandrium Aquaticum,INGREDIENT,AIFA package table,Phellandrium Aquaticum,phellandrium aquaticum,V03AX,V03AX,V03AX,monotherapy_confezioni,,not_found,,not_found,0.845027
Phosphorus,INGREDIENT,AIFA package table,Phosphorus,phosphorus,V03AX,V03AX,V03AX,monotherapy_confezioni,,not_found,,not_found,0.873541
Physostigma Venenosum,INGREDIENT,AIFA package table,Physostigma Venenosum,physostigma venenosum,V03AX,V03AX,V03AX,monotherapy_confezioni,,not_found,,not_found,0.875116
Phytolacca Decandra,INGREDIENT,AIFA package table,Phytolacca Decandra,phytolacca decandra,V03AX,V03AX,V03AX,monotherapy_confezioni,,not_found,,not_found,0.855826
Picotamide,INGREDIENT,AIFA package table,Picotamide,picotamide,B01AC03,B01AC,B01AC03,monotherapy_confezioni,,not_found,,not_found,0.884157
Pidotimod,INGREDIENT,AIFA package table,Pidotimod,pidotimod,L03AX05,L03AX,L03AX05,monotherapy_confezioni,40450,rxnav_atc_verified,,not_found,0.858687
Piflufolastat (18F),INGREDIENT,AIFA package table,Piflufolastat (18F),piflufolastat (18f),V09IX16,V09IX,V09IX16,monotherapy_confezioni,2556616,rxnav_atc_verified,DDInter746,ddinter_retrieval,0.914533
Pilocarpina Cloridrato,INGREDIENT,AIFA package table,Pilocarpina Cloridrato,pilocarpina,N07AX01,N07AX,N07AX01,monotherapy_confezioni,8328,rxnav_atc_verified,DDInter1465,ddinter_retrieval,0.91426
Pimecrolimus,INGREDIENT,AIFA package table,Pimecrolimus,pimecrolimus,D11AH02,D11AH,D11AH02,monotherapy_confezioni,321952,rxnav_atc_verified,DDInter1468,ddinter_retrieval,0.927874
Pimozide,INGREDIENT,AIFA package table,Pimozide,pimozide,N05AG02,N05AG,N05AG02,monotherapy_confezioni,8331,rxnav_atc_verified,DDInter1470,ddinter_retrieval,0.91218
Pinaverio Bromuro,INGREDIENT,AIFA package table,Pinaverio Bromuro,pinaverio,A03AX04,A03AX,A03AX04,monotherapy_confezioni,33724,rxnav_atc_verified,,not_found,0.884436
Pinazepam,INGREDIENT,AIFA package table,Pinazepam,pinazepam,N05BA14,N05BA,N05BA14,monotherapy_confezioni,3322,rxnav_atc_verified,,not_found,0.890256
Pindololo,INGREDIENT,AIFA package table,Pindololo,pindololo,C07AA03,C07AA,C07AA03,monotherapy_confezioni,8332,rxnav_atc_verified,DDInter1471,ddinter_retrieval,0.905608
Pioglitazone,INGREDIENT,AIFA package table,Pioglitazone,pioglitazone,A10BG03,A10BG,A10BG03,monotherapy_confezioni,33738,rxnav_atc_verified,DDInter1472,ddinter_retrieval,0.924318
Piperacillina Sodica,INGREDIENT,AIFA package table,Piperacillina Sodica,piperacillina,J01CA12,J01CA,J01CA12,monotherapy_confezioni,8339,rxnav_atc_verified,DDInter1474,ddinter_retrieval,0.908038
Pipetanato Etobromuro,INGREDIENT,AIFA package table,Pipetanato Etobromuro,pipetanato etobromuro,A03AA,A03AA,A03AA,monotherapy_confezioni,,not_found,,not_found,0.893591
Piracetam,INGREDIENT,AIFA package table,Piracetam,piracetam,N06BX03,N06BX,N06BX03,monotherapy_confezioni,8351,rxnav_atc_verified,,not_found,0.893139
Pirfenidone,INGREDIENT,AIFA package table,Pirfenidone,pirfenidone,L04AX05,L04AX,L04AX05,monotherapy_confezioni,1592254,rxnav_atc_verified,DDInter1477,ddinter_retrieval,0.932438
Piridossina Cloridrato,INGREDIENT,AIFA package table,Piridossina Cloridrato,piridossina,A11HA02,A11HA,A11HA02,monotherapy_confezioni,,not_found,DDInter1549,ddinter_retrieval,0.915368
Piridostigmina Bromuro,INGREDIENT,AIFA package table,Piridostigmina Bromuro,piridostigmina,N07AA02,N07AA,N07AA02,monotherapy_confezioni,9000,rxnav_atc_verified,DDInter1548,ddinter_retrieval,0.910854
Piroxicam,INGREDIENT,AIFA package table,Piroxicam,piroxicam,M02AA07,M02AA,M02AA07,monotherapy_confezioni,8356,rxnav_atc_verified,DDInter1478,ddinter_retrieval,0.959779
Piroxicam Betaciclodestrina,INGREDIENT,AIFA package table,Piroxicam Betaciclodestrina,piroxicam betaciclodestrina,M01AC01,M01AC,M01AC01,monotherapy_confezioni,8356,rxnav_atc_verified,DDInter1478,ddinter_retrieval,0.927302
Pirtobrutinib,INGREDIENT,AIFA package table,Pirtobrutinib,pirtobrutinib,L01EL05,L01EL,L01EL05,monotherapy_confezioni,2629338,rxnav_atc_verified,,not_found,0.884146
Pitavastatina Calcica,INGREDIENT,AIFA package table,Pitavastatina Calcica,pitavastatina calcica,C10AA08,C10AA,C10AA08,monotherapy_confezioni,861634,rxnav_atc_verified,DDInter1479,ddinter_retrieval,0.927751
Pitolisant,INGREDIENT,AIFA package table,Pitolisant,pitolisant,N07XX11,N07XX,N07XX11,monotherapy_confezioni,2197878,rxnav_atc_verified,DDInter1480,ddinter_retrieval,0.948326
Pivmecillina Cloridrato,INGREDIENT,AIFA package table,Pivmecillina Cloridrato,pivmecillina,J01CA08,J01CA,J01CA08,monotherapy_confezioni,627,rxnav_atc_verified,,not_found,0.888845
Pixantrone,INGREDIENT,AIFA package table,Pixantrone,pixantrone,L01DB11,L01DB,L01DB11,monotherapy_confezioni,7005,rxnav_atc_verified,,not_found,0.898823
Placenta,INGREDIENT,AIFA package table,Placenta,placenta,V03AX,V03AX,V03AX,monotherapy_confezioni,,not_found,,not_found,0.850506
"Plantago Lanceolata Foglie, Estratto Secco",INGREDIENT,AIFA package table,"Plantago Lanceolata Foglie, Estratto Secco","plantago lanceolata foglie, estratto secco",R05,,R05,monotherapy_confezioni,,not_found,,not_found,0.863096
Plantago Major,INGREDIENT,AIFA package table,Plantago Major,plantago major,V03AX,V03AX,V03AX,monotherapy_confezioni,,not_found,DDInter1481,ddinter_retrieval,0.910885
Platina,INGREDIENT,AIFA package table,Platina,platina,V03AX,V03AX,V03AX,monotherapy_confezioni,,not_found,,not_found,0.831037
Plerixafor,INGREDIENT,AIFA package table,Plerixafor,plerixafor,L03AX16,L03AX,L03AX16,monotherapy_confezioni,733003,rxnav_atc_verified,,not_found,0.881489
Plumbum Metallicum,INGREDIENT,AIFA package table,Plumbum Metallicum,plumbum metallicum,V03AX,V03AX,V03AX,monotherapy_confezioni,,not_found,,not_found,0.864771
Plurifloxacina,INGREDIENT,AIFA package table,Plurifloxacina,plurifloxacina,J01MA17,J01MA,J01MA17,monotherapy_confezioni,,not_found,,not_found,0.898561
Podofillotossina,INGREDIENT,AIFA package table,Podofillotossina,podofillotossina,D06BB04,D06BB,D06BB04,monotherapy_confezioni,,not_found,,not_found,0.87607
Podophyllum Peltatum,INGREDIENT,AIFA package table,Podophyllum Peltatum,podophyllum peltatum,V03AX,V03AX,V03AX,monotherapy_confezioni,,not_found,,not_found,0.865891
Polatuzumab Vedotin,INGREDIENT,AIFA package table,Polatuzumab Vedotin,polatuzumab vedotin,L01FX14,L01FX,L01FX14,monotherapy_confezioni,2174090,rxnav_atc_verified,DDInter1485,ddinter_retrieval,0.939796
Polideribotide,INGREDIENT,AIFA package table,Polideribotide,polideribotide,V03AX,V03AX,V03AX,monotherapy_confezioni,,not_found,,not_found,0.871528
Polidocanolo,INGREDIENT,AIFA package table,Polidocanolo,polidocanolo,C05BB02,C05BB,C05BB02,monotherapy_confezioni,968170,rxnav_atc_verified,,not_found,0.860493
Poliesanide,INGREDIENT,AIFA package table,Poliesanide,poliesanide,S01AX24,S01AX,S01AX24,monotherapy_confezioni,1373041,rxnav_atc_verified,,not_found,0.892029
Poligelina,INGREDIENT,AIFA package table,Poligelina,poligelina,B05AA06,B05AA,B05AA06,monotherapy_confezioni,,not_found,,not_found,0.818305
Polvere Sgrassata Di Semi Di Arachis Hypogaea L. (Arachidi),INGREDIENT,AIFA package table,Polvere Sgrassata Di Semi Di Arachis Hypogaea L. (Arachidi),polvere sgrassata di semi di arachis hypogaea l. (arachidi),V01AA08,V01AA,V01AA08,monotherapy_confezioni,,not_found,,not_found,0.845427
Pomalidomide,INGREDIENT,AIFA package table,Pomalidomide,pomalidomide,L04AX06,L04AX,L04AX06,monotherapy_confezioni,1369713,rxnav_atc_verified,DDInter1491,ddinter_retrieval,0.935952
Ponatinib,INGREDIENT,AIFA package table,Ponatinib,ponatinib,L01EA05,L01EA,L01EA05,monotherapy_confezioni,1364347,rxnav_atc_verified,DDInter1492,ddinter_retrieval,0.92921
Ponesimod,INGREDIENT,AIFA package table,Ponesimod,ponesimod,L04AE04,L04AE,L04AE04,monotherapy_confezioni,2532300,rxnav_atc_verified,,not_found,0.835055
Populus Tremula,INGREDIENT,AIFA package table,Populus Tremula,populus tremula,V03AX,V03AX,V03AX,monotherapy_confezioni,,not_found,,not_found,0.86209
Posaconazolo,INGREDIENT,AIFA package table,Posaconazolo,posaconazolo,J02AC04,J02AC,J02AC04,monotherapy_confezioni,282446,rxnav_atc_verified,DDInter1494,ddinter_retrieval,0.92383
Potassio Acetato,INGREDIENT,AIFA package table,Potassio Acetato,potassio,B05XA17,B05XA,B05XA17,monotherapy_confezioni,54987,rxnav_atc_verified,DDInter1495,ddinter_retrieval,0.952387
Potassio Aspartato,INGREDIENT,AIFA package table,Potassio Aspartato,potassio aspartato,B05XA,B05XA,B05XA,monotherapy_confezioni,,not_found,DDInter1495,ddinter_retrieval,0.924577
Potassio Canrenoato,INGREDIENT,AIFA package table,Potassio Canrenoato,potassio canrenoato,C03DA02,C03DA,C03DA02,monotherapy_confezioni,1981,rxnav_atc_verified,DDInter1499,ddinter_retrieval,0.913784
Potassio Cloruro,INGREDIENT,AIFA package table,Potassio Cloruro,potassio cloruro,B05XA01,B05XA,B05XA01,monotherapy_confezioni,1901,rxnav_atc_verified,DDInter1497,ddinter_retrieval,0.936258
Potassio Lattato,INGREDIENT,AIFA package table,Potassio Lattato,potassio lattato,B05XA15,B05XA,B05XA15,monotherapy_confezioni,,not_found,DDInter1498,ddinter_retrieval,0.91766
Pralidoxima Metilsolfato,INGREDIENT,AIFA package table,Pralidoxima Metilsolfato,pralidoxima metilsolfato,V03AB04,V03AB,V03AB04,monotherapy_confezioni,34345,rxnav_atc_verified,DDInter1503,ddinter_retrieval,0.913025
Pramipexolo,INGREDIENT,AIFA package table,Pramipexolo,pramipexolo,N04BC05,N04BC,N04BC05,monotherapy_confezioni,746741,rxnav_atc_verified,DDInter1505,ddinter_retrieval,0.950671
Pramipexolo Dicloridrato Monoidrato,INGREDIENT,AIFA package table,Pramipexolo Dicloridrato Monoidrato,pramipexolo dicloridrato,N04BC05,N04BC,N04BC05,monotherapy_confezioni,746741,rxnav_atc_verified,DDInter1505,ddinter_retrieval,0.902274
Prasterone,INGREDIENT,AIFA package table,Prasterone,prasterone,G03XX01,G03XX,G03XX01,monotherapy_confezioni,3143,rxnav_atc_verified,DDInter1507,ddinter_retrieval,0.902771
Prasugrel,INGREDIENT,AIFA package table,Prasugrel,prasugrel,B01AC22,B01AC,B01AC22,monotherapy_confezioni,613391,rxnav_atc_verified,DDInter1508,ddinter_retrieval,0.94296
Pravastatina,INGREDIENT,AIFA package table,Pravastatina,pravastatina,C10AA03,C10AA,C10AA03,monotherapy_confezioni,42463,rxnav_atc_verified,DDInter1509,ddinter_retrieval,0.948011
Prazepam,INGREDIENT,AIFA package table,Prazepam,prazepam,N05BA11,N05BA,N05BA11,monotherapy_confezioni,8627,rxnav_atc_verified,,not_found,0.869758
Prednisolone,INGREDIENT,AIFA package table,Prednisolone,prednisolone,H02AB06,H02AB,H02AB06,monotherapy_confezioni,8638,rxnav_atc_verified,DDInter1513,ddinter_retrieval,0.931737
Prednisone,INGREDIENT,AIFA package table,Prednisone,prednisone,H02AB07,H02AB,H02AB07,monotherapy_confezioni,8640,rxnav_atc_verified,DDInter1515,ddinter_retrieval,0.940119
Pregabalin,INGREDIENT,AIFA package table,Pregabalin,pregabalin,N02BF02,N02BF,N02BF02,monotherapy_confezioni,187832,rxnav_atc_verified,DDInter1516,ddinter_retrieval,0.939674
Pretomanid,INGREDIENT,AIFA package table,Pretomanid,pretomanid,J04AK08,J04AK,J04AK08,monotherapy_confezioni,2198359,rxnav_atc_verified,DDInter1517,ddinter_retrieval,0.92941
Pridinolo Mesilato,INGREDIENT,AIFA package table,Pridinolo Mesilato,pridinolo,M03BX03,M03BX,M03BX03,monotherapy_confezioni,34479,rxnav_atc_verified,,not_found,0.884504
Prilocaina Cloridrato,INGREDIENT,AIFA package table,Prilocaina Cloridrato,prilocaina,N01BB04,N01BB,N01BB04,monotherapy_confezioni,8686,rxnav_atc_verified,DDInter1518,ddinter_retrieval,0.923773
Primidone,INGREDIENT,AIFA package table,Primidone,primidone,N03AA03,N03AA,N03AA03,monotherapy_confezioni,8691,rxnav_atc_verified,DDInter1521,ddinter_retrieval,0.926806
Proantocianidine,INGREDIENT,AIFA package table,Proantocianidine,proantocianidine,G04BX,G04BX,G04BX,monotherapy_confezioni,,not_found,,not_found,0.879008
Procaina Cloridrato,INGREDIENT,AIFA package table,Procaina Cloridrato,procaina,A01AD11,A01AD,A01AD11,monotherapy_confezioni,,not_found,DDInter358,ddinter_retrieval,0.912904
Procarbazina,INGREDIENT,AIFA package table,Procarbazina,procarbazina,L01XB01,L01XB,L01XB01,monotherapy_confezioni,8702,rxnav_atc_verified,,not_found,0.892744
Proclorperazina,INGREDIENT,AIFA package table,Proclorperazina,proclorperazina,A04AD,A04AD,A04AD,monotherapy_confezioni,,not_found,DDInter1527,ddinter_retrieval,0.911591
Proclorperazina Dimaleato,INGREDIENT,AIFA package table,Proclorperazina Dimaleato,proclorperazina dimaleato,A04AD,A04AD,A04AD,monotherapy_confezioni,,not_found,DDInter1527,ddinter_retrieval,0.905616
Progesterone,INGREDIENT,AIFA package table,Progesterone,progesterone,G03DA04,G03DA,G03DA04,monotherapy_confezioni,8727,rxnav_atc_verified,DDInter1529,ddinter_retrieval,0.942134
Promazina,INGREDIENT,AIFA package table,Promazina,promazina,N05AA03,N05AA,N05AA03,monotherapy_confezioni,8742,rxnav_atc_verified,,not_found,0.872143
Promelasi,INGREDIENT,AIFA package table,Promelasi,promelasi,B06AA,B06AA,B06AA,monotherapy_confezioni,,not_found,,not_found,0.853318
Promestriene,INGREDIENT,AIFA package table,Promestriene,promestriene,G03CA09,G03CA,G03CA09,monotherapy_confezioni,34625,rxnav_atc_verified,,not_found,0.862556
Prometazina,INGREDIENT,AIFA package table,Prometazina,prometazina,D04AA10,D04AA,D04AA10,monotherapy_confezioni,8745,rxnav_atc_verified,,not_found,0.89249
Propafenone Cloridrato,INGREDIENT,AIFA package table,Propafenone Cloridrato,propafenone,C01BC03,C01BC,C01BC03,monotherapy_confezioni,8754,rxnav_atc_verified,DDInter1534,ddinter_retrieval,0.917818
Propiverina Cloridrato,INGREDIENT,AIFA package table,Propiverina Cloridrato,propiverina,G04BD06,G04BD,G04BD06,monotherapy_confezioni,55175,rxnav_atc_verified,,not_found,0.891305
Propiverine,INGREDIENT,AIFA package table,Propiverine,propiverine,G04BD06,G04BD,G04BD06,monotherapy_confezioni,55175,rxnav_atc_verified,,not_found,0.880399
Propofol,INGREDIENT,AIFA package table,Propofol,propofol,N01AX10,N01AX,N01AX10,monotherapy_confezioni,8782,rxnav_atc_verified,DDInter1538,ddinter_retrieval,0.924782
Propranololo,INGREDIENT,AIFA package table,Propranololo,propranololo,C07AA05,C07AA,C07AA05,monotherapy_confezioni,8787,rxnav_atc_verified,,not_found,0.886698
Prostata,INGREDIENT,AIFA package table,Prostata,prostata,V03AX,V03AX,V03AX,monotherapy_confezioni,,not_found,,not_found,0.853559
Protamina Cloridrato,INGREDIENT,AIFA package table,Protamina Cloridrato,protamina,V03AB14,V03AB,V03AB14,monotherapy_confezioni,8826,rxnav_atc_verified,DDInter363,ddinter_retrieval,0.900775
Proteina C Umana,INGREDIENT,AIFA package table,Proteina C Umana,proteina c umana,B01AD12,B01AD,B01AD12,monotherapy_confezioni,8834,rxnav_atc_verified,DDInter1542,ddinter_retrieval,0.914094
Proteina Idrolisata,INGREDIENT,AIFA package table,Proteina Idrolisata,proteina idrolisata,B05BA01,B05BA,B05BA01,monotherapy_confezioni,,not_found,DDInter977,ddinter_retrieval,0.910904
Proteina Spike Ricombinante Di Sars-Cov-2 (Omicron Jn.1) Con Adiuvante Matrix-M,INGREDIENT,AIFA package table,Proteina Spike Ricombinante Di Sars-Cov-2 (Omicron Jn.1) Con Adiuvante Matrix-M,proteina spike ricombinante di sars-cov-2 (omicron jn.1) con adiuvante matrix-m,J07BX03,J07BX,J07BX03,monotherapy_confezioni,,not_found,,not_found,0.869883
Proteine Plasmatiche Umane,INGREDIENT,AIFA package table,Proteine Plasmatiche Umane,proteine plasmatiche umane,B05AA02,B05AA,B05AA02,monotherapy_confezioni,,not_found,DDInter733,ddinter_retrieval,0.900531
Protossido Di Azoto,INGREDIENT,AIFA package table,Protossido Di Azoto,protossido di azoto,N01AX13,N01AX,N01AX13,monotherapy_confezioni,,not_found,,not_found,0.892847
Prucalopride,INGREDIENT,AIFA package table,Prucalopride,prucalopride,A06AX05,A06AX,A06AX05,monotherapy_confezioni,2107310,rxnav_atc_verified,DDInter1544,ddinter_retrieval,0.938162
Psorinum,INGREDIENT,AIFA package table,Psorinum,psorinum,V03AX,V03AX,V03AX,monotherapy_confezioni,,not_found,,not_found,0.820433
Pulsatilla Pratensis,INGREDIENT,AIFA package table,Pulsatilla Pratensis,pulsatilla pratensis,V03AX,V03AX,V03AX,monotherapy_confezioni,,not_found,,not_found,0.847759
Pulsatilla Vulgaris,INGREDIENT,AIFA package table,Pulsatilla Vulgaris,pulsatilla vulgaris,V03AX,V03AX,V03AX,monotherapy_confezioni,,not_found,,not_found,0.867192
Quetiapina,INGREDIENT,AIFA package table,Quetiapina,quetiapina,N05AH04,N05AH,N05AH04,monotherapy_confezioni,51272,rxnav_atc_verified,,not_found,0.875991
Quetiapine,INGREDIENT,AIFA package table,Quetiapine,quetiapine,N05AH04,N05AH,N05AH04,monotherapy_confezioni,51272,rxnav_atc_verified,DDInter1553,ddinter_retrieval,0.93964
Quinapril,INGREDIENT,AIFA package table,Quinapril,quinapril,C09AA06,C09AA,C09AA06,monotherapy_confezioni,35208,rxnav_atc_verified,DDInter1554,ddinter_retrieval,0.918576
Quizartinib,INGREDIENT,AIFA package table,Quizartinib,quizartinib,L01EX11,L01EX,L01EX11,monotherapy_confezioni,2643048,rxnav_atc_verified,,not_found,0.88127
Rabeprazolo Sodico,INGREDIENT,AIFA package table,Rabeprazolo Sodico,rabeprazolo,A02BC04,A02BC,A02BC04,monotherapy_confezioni,114979,rxnav_atc_verified,DDInter1559,ddinter_retrieval,0.913269
Racecadotril,INGREDIENT,AIFA package table,Racecadotril,racecadotril,A07XA04,A07XA,A07XA04,monotherapy_confezioni,16738,rxnav_atc_verified,,not_found,0.871533
Radamts13,INGREDIENT,AIFA package table,Radamts13,radamts13,B01AD13,B01AD,B01AD13,monotherapy_confezioni,,not_found,,not_found,0.85905
Radio (223Ra) Dicloruro,INGREDIENT,AIFA package table,Radio (223Ra) Dicloruro,radio (223ra) dicloruro,V10XX03,V10XX,V10XX03,monotherapy_confezioni,,not_found,DDInter1561,ddinter_retrieval,0.91378
Raloxifene Cloridrato,INGREDIENT,AIFA package table,Raloxifene Cloridrato,raloxifene,G03XC01,G03XC,G03XC01,monotherapy_confezioni,72143,rxnav_atc_verified,DDInter1562,ddinter_retrieval,0.931964
Raltegravir,INGREDIENT,AIFA package table,Raltegravir,raltegravir,J05AJ01,J05AJ,J05AJ01,monotherapy_confezioni,719872,rxnav_atc_verified,DDInter1563,ddinter_retrieval,0.94307
Raltitrexed,INGREDIENT,AIFA package table,Raltitrexed,raltitrexed,L01BA03,L01BA,L01BA03,monotherapy_confezioni,196239,rxnav_atc_verified,,not_found,0.895014
Ramipril,INGREDIENT,AIFA package table,Ramipril,ramipril,C09AA05,C09AA,C09AA05,monotherapy_confezioni,35296,rxnav_atc_verified,DDInter1565,ddinter_retrieval,0.925797
Ramucirumab,INGREDIENT,AIFA package table,Ramucirumab,ramucirumab,L01FG02,L01FG,L01FG02,monotherapy_confezioni,1535922,rxnav_atc_verified,DDInter1566,ddinter_retrieval,0.926216
Ranibizumab,INGREDIENT,AIFA package table,Ranibizumab,ranibizumab,S01LA04,S01LA,S01LA04,monotherapy_confezioni,595060,rxnav_atc_verified,,not_found,0.875704
Ranitidina,INGREDIENT,AIFA package table,Ranitidina,ranitidina,A02BA02,A02BA,A02BA02,monotherapy_confezioni,9143,rxnav_atc_verified,DDInter1568,ddinter_retrieval,0.912418
Ranolazina,INGREDIENT,AIFA package table,Ranolazina,ranolazina,C01EB18,C01EB,C01EB18,monotherapy_confezioni,35829,rxnav_atc_verified,,not_found,0.88435
Ranunculus Bulbosus,INGREDIENT,AIFA package table,Ranunculus Bulbosus,ranunculus bulbosus,V03AX,V03AX,V03AX,monotherapy_confezioni,,not_found,,not_found,0.84266
Raphanus Niger,INGREDIENT,AIFA package table,Raphanus Niger,raphanus niger,V03AX,V03AX,V03AX,monotherapy_confezioni,,not_found,,not_found,0.856015
Rasagilina,INGREDIENT,AIFA package table,Rasagilina,rasagilina,N04BD02,N04BD,N04BD02,monotherapy_confezioni,134748,rxnav_atc_verified,,not_found,0.884198
Rasburicase,INGREDIENT,AIFA package table,Rasburicase,rasburicase,V03AF07,V03AF,V03AF07,monotherapy_confezioni,283821,rxnav_atc_verified,DDInter1573,ddinter_retrieval,0.942705
Ratania Radice,INGREDIENT,AIFA package table,Ratania Radice,ratania radice,V03AX,V03AX,V03AX,monotherapy_confezioni,,not_found,,not_found,0.855021
Rathania,INGREDIENT,AIFA package table,Rathania,rathania,V03AX,V03AX,V03AX,monotherapy_confezioni,,not_found,,not_found,0.802962
Ravulizumab,INGREDIENT,AIFA package table,Ravulizumab,ravulizumab,L04AJ02,L04AJ,L04AJ02,monotherapy_confezioni,2107301,rxnav_atc_verified,DDInter1574,ddinter_retrieval,0.912208
Raxtozinameran,INGREDIENT,AIFA package table,Raxtozinameran,raxtozinameran,J07BN01,J07BN,J07BN01,monotherapy_confezioni,2664825,rxnav_atc_verified,,not_found,0.867799
Reboxetina,INGREDIENT,AIFA package table,Reboxetina,reboxetina,N06AX18,N06AX,N06AX18,monotherapy_confezioni,60842,rxnav_atc_verified,,not_found,0.889125
Regadenoson,INGREDIENT,AIFA package table,Regadenoson,regadenoson,C01EB21,C01EB,C01EB21,monotherapy_confezioni,640062,rxnav_atc_verified,DDInter1575,ddinter_retrieval,0.93603
Regorafenib,INGREDIENT,AIFA package table,Regorafenib,regorafenib,L01EX05,L01EX,L01EX05,monotherapy_confezioni,1312397,rxnav_atc_verified,DDInter1576,ddinter_retrieval,0.924222
Relugolix,INGREDIENT,AIFA package table,Relugolix,relugolix,L02BX04,L02BX,L02BX04,monotherapy_confezioni,2472778,rxnav_atc_verified,DDInter1577,ddinter_retrieval,0.936223
Remdesivir,INGREDIENT,AIFA package table,Remdesivir,remdesivir,J05AB16,J05AB,J05AB16,monotherapy_confezioni,2284718,rxnav_atc_verified,DDInter1578,ddinter_retrieval,0.93126
Remifentanil Cloridrato,INGREDIENT,AIFA package table,Remifentanil Cloridrato,remifentanil,N01AH06,N01AH,N01AH06,monotherapy_confezioni,73032,rxnav_atc_verified,DDInter1579,ddinter_retrieval,0.926685
Remimazolam,INGREDIENT,AIFA package table,Remimazolam,remimazolam,N05CD14,N05CD,N05CD14,monotherapy_confezioni,2383941,rxnav_atc_verified,DDInter1580,ddinter_retrieval,0.943864
Rene,INGREDIENT,AIFA package table,Rene,rene,V03AX,V03AX,V03AX,monotherapy_confezioni,,not_found,,not_found,0.821181
Repaglinide,INGREDIENT,AIFA package table,Repaglinide,repaglinide,A10BX02,A10BX,A10BX02,monotherapy_confezioni,73044,rxnav_atc_verified,DDInter1581,ddinter_retrieval,0.937984
Repentina,INGREDIENT,AIFA package table,Repentina,repentina,G04CX02,G04CX,G04CX02,monotherapy_confezioni,,not_found,,not_found,0.869729
Repotrectinib,INGREDIENT,AIFA package table,Repotrectinib,repotrectinib,L01EX28,L01EX,L01EX28,monotherapy_confezioni,2670644,rxnav_atc_verified,DDInter1026,ddinter_retrieval,0.903034
Resina P-Ter-Butilfenolo Formaldeidica,INGREDIENT,AIFA package table,Resina P-Ter-Butilfenolo Formaldeidica,resina p-ter-butilfenolo formaldeidica,V04CL,V04CL,V04CL,monotherapy_confezioni,,not_found,,not_found,0.876727
Reslizumab,INGREDIENT,AIFA package table,Reslizumab,reslizumab,R03DX08,R03DX,R03DX08,monotherapy_confezioni,1746889,rxnav_atc_verified,,not_found,0.886983
Resmetirom,INGREDIENT,AIFA package table,Resmetirom,resmetirom,A05BA11,A05BA,A05BA11,monotherapy_confezioni,2677894,rxnav_atc_verified,,not_found,0.878068
Retifanlimab,INGREDIENT,AIFA package table,Retifanlimab,retifanlimab,L01FF10,L01FF,L01FF10,monotherapy_confezioni,2632981,rxnav_atc_verified,,not_found,0.892098
Rezafungin,INGREDIENT,AIFA package table,Rezafungin,rezafungin,J02AX08,J02AX,J02AX08,monotherapy_confezioni,2639155,rxnav_atc_verified,,not_found,0.889793
Rheum Officinale,INGREDIENT,AIFA package table,Rheum Officinale,rheum officinale,V03AX,V03AX,V03AX,monotherapy_confezioni,,not_found,,not_found,0.867483
Ribavirina,INGREDIENT,AIFA package table,Ribavirina,ribavirina,J05AP01,J05AP,J05AP01,monotherapy_confezioni,9344,rxnav_atc_verified,DDInter1587,ddinter_retrieval,0.90404
Ribociclib,INGREDIENT,AIFA package table,Ribociclib,ribociclib,L01EF02,L01EF,L01EF02,monotherapy_confezioni,1873916,rxnav_atc_verified,DDInter1588,ddinter_retrieval,0.933723
Riboflavina,INGREDIENT,AIFA package table,Riboflavina,riboflavina,A11JB,A11JB,A11JB,monotherapy_confezioni,,not_found,,not_found,0.876691
Ricinus Communis,INGREDIENT,AIFA package table,Ricinus Communis,ricinus communis,V03AX,V03AX,V03AX,monotherapy_confezioni,,not_found,,not_found,0.846197
Rifabutina,INGREDIENT,AIFA package table,Rifabutina,rifabutina,J04AB04,J04AB,J04AB04,monotherapy_confezioni,55672,rxnav_atc_verified,DDInter1589,ddinter_retrieval,0.913172
Rifamicina Sodica,INGREDIENT,AIFA package table,Rifamicina Sodica,rifamicina,J04AB03,J04AB,J04AB03,monotherapy_confezioni,35616,rxnav_atc_verified,,not_found,0.891484
Rifampicina,INGREDIENT,AIFA package table,Rifampicina,rifampicina,J04AB02,J04AB,J04AB02,monotherapy_confezioni,9384,rxnav_atc_verified,DDInter1590,ddinter_retrieval,0.908372
Rifaximina,INGREDIENT,AIFA package table,Rifaximina,rifaximina,A07AA11,A07AA,A07AA11,monotherapy_confezioni,35619,rxnav_atc_verified,,not_found,0.894927
Rilpivirina,INGREDIENT,AIFA package table,Rilpivirina,rilpivirina,J05AG05,J05AG,J05AG05,monotherapy_confezioni,1102270,rxnav_atc_verified,DDInter1595,ddinter_retrieval,0.908495
Riluzolo,INGREDIENT,AIFA package table,Riluzolo,riluzolo,N07XX02,N07XX,N07XX02,monotherapy_confezioni,35623,rxnav_atc_verified,,not_found,0.880134
Rilzabrutinib,INGREDIENT,AIFA package table,Rilzabrutinib,rilzabrutinib,L01,,L01,monotherapy_confezioni,,not_found,,not_found,0.897232
Rimegepant,INGREDIENT,AIFA package table,Rimegepant,rimegepant,N02CD06,N02CD,N02CD06,monotherapy_confezioni,2282307,rxnav_atc_verified,DDInter1598,ddinter_retrieval,0.947283
Riociguat,INGREDIENT,AIFA package table,Riociguat,riociguat,C02KX05,C02KX,C02KX05,monotherapy_confezioni,1439816,rxnav_atc_verified,DDInter1600,ddinter_retrieval,0.937502
Ripretinib,INGREDIENT,AIFA package table,Ripretinib,ripretinib,L01EX19,L01EX,L01EX19,monotherapy_confezioni,2369389,rxnav_atc_verified,DDInter1601,ddinter_retrieval,0.915551
Risankizumab,INGREDIENT,AIFA package table,Risankizumab,risankizumab,L04AC18,L04AC,L04AC18,monotherapy_confezioni,2166040,rxnav_atc_verified,DDInter1602,ddinter_retrieval,0.911609
Risdiplam,INGREDIENT,AIFA package table,Risdiplam,risdiplam,M09AX10,M09AX,M09AX10,monotherapy_confezioni,2390935,rxnav_atc_verified,DDInter1603,ddinter_retrieval,0.934974
Risedronate Sodium,INGREDIENT,AIFA package table,Risedronate Sodium,risedronate sodium,M05BA07,M05BA,M05BA07,monotherapy_confezioni,,not_found,,not_found,0.895802
Risedronato Sodico,INGREDIENT,AIFA package table,Risedronato Sodico,risedronato,M05BA07,M05BA,M05BA07,monotherapy_confezioni,,not_found,,not_found,0.892986
Risedronato Sodico Emipentaidrato,INGREDIENT,AIFA package table,Risedronato Sodico Emipentaidrato,risedronato emipentaidrato,M05BA07,M05BA,M05BA07,monotherapy_confezioni,,not_found,,not_found,0.882937
Risperidone,INGREDIENT,AIFA package table,Risperidone,risperidone,N05AX08,N05AX,N05AX08,monotherapy_confezioni,35636,rxnav_atc_verified,DDInter1605,ddinter_retrieval,0.934746
Ritlecitinib Tosilato,INGREDIENT,AIFA package table,Ritlecitinib Tosilato,ritlecitinib tosilato,L04AF08,L04AF,L04AF08,monotherapy_confezioni,2641595,rxnav_atc_verified,,not_found,0.898095
Ritonavir,INGREDIENT,AIFA package table,Ritonavir,ritonavir,J05AE03,J05AE,J05AE03,monotherapy_confezioni,85762,rxnav_atc_verified,DDInter1607,ddinter_retrieval,0.915112
Rituximab,INGREDIENT,AIFA package table,Rituximab,rituximab,L01FA01,L01FA,L01FA01,monotherapy_confezioni,121191,rxnav_atc_verified,DDInter1608,ddinter_retrieval,0.925423
Rivaroxaban,INGREDIENT,AIFA package table,Rivaroxaban,rivaroxaban,B01AF01,B01AF,B01AF01,monotherapy_confezioni,1114195,rxnav_atc_verified,DDInter1609,ddinter_retrieval,0.93385
Rivastigmina,INGREDIENT,AIFA package table,Rivastigmina,rivastigmina,N06DA03,N06DA,N06DA03,monotherapy_confezioni,183379,rxnav_atc_verified,DDInter1610,ddinter_retrieval,0.915387
Rivastigmina Idrogeno Tartrato,INGREDIENT,AIFA package table,Rivastigmina Idrogeno Tartrato,rivastigmina idrogeno,N06DA03,N06DA,N06DA03,monotherapy_confezioni,183379,rxnav_atc_verified,,not_found,0.888843
Rizatriptan,INGREDIENT,AIFA package table,Rizatriptan,rizatriptan,N02CC04,N02CC,N02CC04,monotherapy_confezioni,88014,rxnav_atc_verified,DDInter1611,ddinter_retrieval,0.935386
Rizatriptan Benzoato,INGREDIENT,AIFA package table,Rizatriptan Benzoato,rizatriptan benzoato,N02CC04,N02CC,N02CC04,monotherapy_confezioni,237082,rxnav_atc_verified,DDInter1611,ddinter_retrieval,0.923989
Robinia Pseudo Acacia,INGREDIENT,AIFA package table,Robinia Pseudo Acacia,robinia pseudo acacia,V03AX,V03AX,V03AX,monotherapy_confezioni,,not_found,,not_found,0.893999
Rociverina,INGREDIENT,AIFA package table,Rociverina,rociverina,A03AA06,A03AA,A03AA06,monotherapy_confezioni,,not_found,,not_found,0.860467
Rocuronio Bromuro,INGREDIENT,AIFA package table,Rocuronio Bromuro,rocuronio,M03AC09,M03AC,M03AC09,monotherapy_confezioni,68139,rxnav_atc_verified,,not_found,0.868701
Rodiola Estratto Secco,INGREDIENT,AIFA package table,Rodiola Estratto Secco,rodiola estratto secco,A13A,,A13A,monotherapy_confezioni,,not_found,,not_found,0.859684
Roflumilast,INGREDIENT,AIFA package table,Roflumilast,roflumilast,R03DX07,R03DX,R03DX07,monotherapy_confezioni,1091836,rxnav_atc_verified,DDInter1614,ddinter_retrieval,0.935151
Romiplostim,INGREDIENT,AIFA package table,Romiplostim,romiplostim,B02BX04,B02BX,B02BX04,monotherapy_confezioni,805452,rxnav_atc_verified,DDInter1617,ddinter_retrieval,0.942369
Romosozumab,INGREDIENT,AIFA package table,Romosozumab,romosozumab,M05BX06,M05BX,M05BX06,monotherapy_confezioni,2123126,rxnav_atc_verified,DDInter1618,ddinter_retrieval,0.913782
Ropeginterferone Alfa-2B,INGREDIENT,AIFA package table,Ropeginterferone Alfa-2B,ropeginterferone alfa-2b,L03AB15,L03AB,L03AB15,monotherapy_confezioni,2587059,rxnav_atc_verified,DDInter1408,ddinter_retrieval,0.907471
Ropinirolo,INGREDIENT,AIFA package table,Ropinirolo,ropinirolo,N04BC04,N04BC,N04BC04,monotherapy_confezioni,72302,rxnav_atc_verified,DDInter1619,ddinter_retrieval,0.908801
Ropivacaina,INGREDIENT,AIFA package table,Ropivacaina,ropivacaina,N01BB09,N01BB,N01BB09,monotherapy_confezioni,35780,rxnav_atc_verified,DDInter1620,ddinter_retrieval,0.912956
Rosuvastatin Calcium,INGREDIENT,AIFA package table,Rosuvastatin Calcium,rosuvastatin calcium,C10BA06,C10BA,C10BA06,monotherapy_confezioni,,not_found,DDInter1622,ddinter_retrieval,0.927127
Rosuvastatina,INGREDIENT,AIFA package table,Rosuvastatina,rosuvastatina,C10AA07,C10AA,C10AA07,monotherapy_confezioni,301542,rxnav_atc_verified,DDInter1622,ddinter_retrieval,0.945704
Rosuvastatina Sale Di Calcio,INGREDIENT,AIFA package table,Rosuvastatina Sale Di Calcio,rosuvastatina sale di,C10AA07,C10AA,C10AA07,monotherapy_confezioni,301542,rxnav_atc_verified,DDInter1622,ddinter_retrieval,0.901919
Rotigotina,INGREDIENT,AIFA package table,Rotigotina,rotigotina,N04BC09,N04BC,N04BC09,monotherapy_confezioni,616739,rxnav_atc_verified,DDInter1624,ddinter_retrieval,0.913143
Roxadustat,INGREDIENT,AIFA package table,Roxadustat,roxadustat,B03XA05,B03XA,B03XA05,monotherapy_confezioni,,not_found,,not_found,0.899651
Roxitromicina,INGREDIENT,AIFA package table,Roxitromicina,roxitromicina,J01FA06,J01FA,J01FA06,monotherapy_confezioni,9478,rxnav_atc_verified,,not_found,0.883967
Rozanolixizumab,INGREDIENT,AIFA package table,Rozanolixizumab,rozanolixizumab,L04AG16,L04AG,L04AG16,monotherapy_confezioni,2642274,rxnav_atc_verified,,not_found,0.872021
Rubidio Cloruro (82Rb),INGREDIENT,AIFA package table,Rubidio Cloruro (82Rb),rubidio cloruro (82rb),V09GX04,V09GX,V09GX04,monotherapy_confezioni,,not_found,,not_found,0.873419
Rucaparib,INGREDIENT,AIFA package table,Rucaparib,rucaparib,L01XK03,L01XK,L01XK03,monotherapy_confezioni,1862579,rxnav_atc_verified,,not_found,0.897953
Rufinamide,INGREDIENT,AIFA package table,Rufinamide,rufinamide,N03AF03,N03AF,N03AF03,monotherapy_confezioni,69036,rxnav_atc_verified,DDInter1627,ddinter_retrieval,0.931386
Rufloxacina Cloridrato,INGREDIENT,AIFA package table,Rufloxacina Cloridrato,rufloxacina,J01MA10,J01MA,J01MA10,monotherapy_confezioni,,not_found,DDInter1502,ddinter_retrieval,0.914067
Rumex Crispus,INGREDIENT,AIFA package table,Rumex Crispus,rumex crispus,V03AX,V03AX,V03AX,monotherapy_confezioni,,not_found,,not_found,0.843305
Rupatadina Fumarato,INGREDIENT,AIFA package table,Rupatadina Fumarato,rupatadina,R06AX28,R06AX,R06AX28,monotherapy_confezioni,,not_found,,not_found,0.871693
Rupatadine,INGREDIENT,AIFA package table,Rupatadine,rupatadine,R06AX28,R06AX,R06AX28,monotherapy_confezioni,,not_found,,not_found,0.877303
Rurioctocog Alfa Pegol,INGREDIENT,AIFA package table,Rurioctocog Alfa Pegol,rurioctocog alfa pegol,B02BD02,B02BD,B02BD02,monotherapy_confezioni,1741407,rxnav_atc_verified,,not_found,0.896066
Ruta Graveolens,INGREDIENT,AIFA package table,Ruta Graveolens,ruta graveolens,V03AX,V03AX,V03AX,monotherapy_confezioni,,not_found,,not_found,0.861278
Ruxolitinib,INGREDIENT,AIFA package table,Ruxolitinib,ruxolitinib,L01EJ01,L01EJ,L01EJ01,monotherapy_confezioni,1193326,rxnav_atc_verified,DDInter1628,ddinter_retrieval,0.92434
Sabadilla,INGREDIENT,AIFA package table,Sabadilla,sabadilla,V03AX,V03AX,V03AX,monotherapy_confezioni,,not_found,,not_found,0.836533
Sabal Serrulata,INGREDIENT,AIFA package table,Sabal Serrulata,sabal serrulata,V03AX,V03AX,V03AX,monotherapy_confezioni,,not_found,,not_found,0.854378
Sabina,INGREDIENT,AIFA package table,Sabina,sabina,V03AX,V03AX,V03AX,monotherapy_confezioni,,not_found,,not_found,0.813353
Saccharomyces Boulardii,INGREDIENT,AIFA package table,Saccharomyces Boulardii,saccharomyces boulardii,A07FA02,A07FA,A07FA02,monotherapy_confezioni,236782,rxnav_atc_verified,,not_found,0.85587
Sacituzumab Govitecan,INGREDIENT,AIFA package table,Sacituzumab Govitecan,sacituzumab govitecan,L01FX17,L01FX,L01FX17,monotherapy_confezioni,2360232,rxnav_atc_verified,DDInter1629,ddinter_retrieval,0.948495
Sacubitril Valsartan,INGREDIENT,AIFA package table,Sacubitril Valsartan,sacubitril valsartan,C09DX04,C09DX,C09DX04,monotherapy_confezioni,1656339,rxnav_atc_verified,DDInter1630,ddinter_retrieval,0.903558
Safinamide Metansolfonato,INGREDIENT,AIFA package table,Safinamide Metansolfonato,safinamide metansolfonato,N04BD03,N04BD,N04BD03,monotherapy_confezioni,1922449,rxnav_atc_verified,DDInter1631,ddinter_retrieval,0.907217
Salbutamolo,INGREDIENT,AIFA package table,Salbutamolo,salbutamolo,R03AC02,R03AC,R03AC02,monotherapy_confezioni,435,rxnav_atc_verified,,not_found,0.897182
Salmeterolo Xinafoato,INGREDIENT,AIFA package table,Salmeterolo Xinafoato,salmeterolo xinafoato,R03AC12,R03AC,R03AC12,monotherapy_confezioni,72616,rxnav_atc_verified,DDInter1636,ddinter_retrieval,0.902394
Samario 153Sm Lexidronam Pentasodico,INGREDIENT,AIFA package table,Samario 153Sm Lexidronam Pentasodico,samario 153sm lexidronam pentasodico,V10BX02,V10BX,V10BX02,monotherapy_confezioni,177906,rxnav_atc_verified,DDInter1638,ddinter_retrieval,0.934002
Sambucus Nigra,INGREDIENT,AIFA package table,Sambucus Nigra,sambucus nigra,V03AX,V03AX,V03AX,monotherapy_confezioni,,not_found,,not_found,0.862598
Sanguinaria Canadensis,INGREDIENT,AIFA package table,Sanguinaria Canadensis,sanguinaria canadensis,V03AX,V03AX,V03AX,monotherapy_confezioni,,not_found,,not_found,0.864705
Sapropterina Cloridrato,INGREDIENT,AIFA package table,Sapropterina Cloridrato,sapropterina,A16AX07,A16AX,A16AX07,monotherapy_confezioni,753340,rxnav_atc_verified,DDInter1639,ddinter_retrieval,0.920424
Sapropterina Dicloridrato,INGREDIENT,AIFA package table,Sapropterina Dicloridrato,sapropterina dicloridrato,A16AX07,A16AX,A16AX07,monotherapy_confezioni,753340,rxnav_atc_verified,DDInter1639,ddinter_retrieval,0.912949
Sargramostim,INGREDIENT,AIFA package table,Sargramostim,sargramostim,L03AA09,L03AA,L03AA09,monotherapy_confezioni,69634,rxnav_atc_verified,DDInter1642,ddinter_retrieval,0.950754
Sarilumab,INGREDIENT,AIFA package table,Sarilumab,sarilumab,L04AC14,L04AC,L04AC14,monotherapy_confezioni,1923319,rxnav_atc_verified,DDInter1643,ddinter_retrieval,0.908636
Sars-Cov-2 Jn.1 Mrna,INGREDIENT,AIFA package table,Sars-Cov-2 Jn.1 Mrna,sars-cov-2 jn.1 mrna,J07BN01,J07BN,J07BN01,monotherapy_confezioni,2468230,rxnav_atc_verified,,not_found,0.874512
Sars-Cov-2 Lp.8.1 Mrna,INGREDIENT,AIFA package table,Sars-Cov-2 Lp.8.1 Mrna,sars-cov-2 lp.8.1 mrna,J07BN01,J07BN,J07BN01,monotherapy_confezioni,2468230,rxnav_atc_verified,,not_found,0.857862
Sarsaparilla,INGREDIENT,AIFA package table,Sarsaparilla,sarsaparilla,V03AX,V03AX,V03AX,monotherapy_confezioni,,not_found,,not_found,0.86072
Satralizumab,INGREDIENT,AIFA package table,Satralizumab,satralizumab,L04AC19,L04AC,L04AC19,monotherapy_confezioni,2391541,rxnav_atc_verified,DDInter1644,ddinter_retrieval,0.91957
Saxagliptin,INGREDIENT,AIFA package table,Saxagliptin,saxagliptin,A10BH03,A10BH,A10BH03,monotherapy_confezioni,857974,rxnav_atc_verified,DDInter1646,ddinter_retrieval,0.954986
Scopolamina Butilbromuro,INGREDIENT,AIFA package table,Scopolamina Butilbromuro,scopolamina butilbromuro,A03BB01,A03BB,A03BB01,monotherapy_confezioni,,not_found,DDInter1647,ddinter_retrieval,0.901288
Sebelipase Alfa,INGREDIENT,AIFA package table,Sebelipase Alfa,sebelipase alfa,A16AB14,A16AB,A16AB14,monotherapy_confezioni,1726975,rxnav_atc_verified,DDInter479,ddinter_retrieval,0.914076
Sebetralstat,INGREDIENT,AIFA package table,Sebetralstat,sebetralstat,B06AC08,B06AC,B06AC08,monotherapy_confezioni,2717944,rxnav_atc_verified,,not_found,0.899675
Secale Cornutum,INGREDIENT,AIFA package table,Secale Cornutum,secale cornutum,V03AX,V03AX,V03AX,monotherapy_confezioni,,not_found,,not_found,0.85655
Secukinumab,INGREDIENT,AIFA package table,Secukinumab,secukinumab,L04AC10,L04AC,L04AC10,monotherapy_confezioni,1599788,rxnav_atc_verified,DDInter1652,ddinter_retrieval,0.924722
Seladelpar,INGREDIENT,AIFA package table,Seladelpar,seladelpar,A05AX07,A05AX,A05AX07,monotherapy_confezioni,2690869,rxnav_atc_verified,,not_found,0.8496
Selegilina Cloridrato,INGREDIENT,AIFA package table,Selegilina Cloridrato,selegilina,N04BD01,N04BD,N04BD01,monotherapy_confezioni,9639,rxnav_atc_verified,DDInter1653,ddinter_retrieval,0.90808
Selenio,INGREDIENT,AIFA package table,Selenio,selenio,V03AX,V03AX,V03AX,monotherapy_confezioni,,not_found,,not_found,0.876028
Selenio-75Se-Acido Tauroselcolico,INGREDIENT,AIFA package table,Selenio-75Se-Acido Tauroselcolico,selenio-75se-acido tauroselcolico,V09DX01,V09DX,V09DX01,monotherapy_confezioni,,not_found,,not_found,0.887863
Selexipag,INGREDIENT,AIFA package table,Selexipag,selexipag,B01AC27,B01AC,B01AC27,monotherapy_confezioni,1729002,rxnav_atc_verified,DDInter1656,ddinter_retrieval,0.937354
Selinexor,INGREDIENT,AIFA package table,Selinexor,selinexor,L01XX66,L01XX,L01XX66,monotherapy_confezioni,2178390,rxnav_atc_verified,DDInter1657,ddinter_retrieval,0.944083
Selpercatinib,INGREDIENT,AIFA package table,Selpercatinib,selpercatinib,L01EX22,L01EX,L01EX22,monotherapy_confezioni,2370147,rxnav_atc_verified,DDInter1658,ddinter_retrieval,0.931902
Selumetinib,INGREDIENT,AIFA package table,Selumetinib,selumetinib,L01EE04,L01EE,L01EE04,monotherapy_confezioni,2289380,rxnav_atc_verified,DDInter1659,ddinter_retrieval,0.922344
Semaglutide,INGREDIENT,AIFA package table,Semaglutide,semaglutide,A10BJ06,A10BJ,A10BJ06,monotherapy_confezioni,1991302,rxnav_atc_verified,DDInter1660,ddinter_retrieval,0.93721
Senecio Aureus,INGREDIENT,AIFA package table,Senecio Aureus,senecio aureus,V03AX,V03AX,V03AX,monotherapy_confezioni,,not_found,,not_found,0.885536
Senega,INGREDIENT,AIFA package table,Senega,senega,V03AX,V03AX,V03AX,monotherapy_confezioni,,not_found,,not_found,0.828439
Senna,INGREDIENT,AIFA package table,Senna,senna,V03AX,V03AX,V03AX,monotherapy_confezioni,,not_found,,not_found,0.809242
Senna Estratto Secco,INGREDIENT,AIFA package table,Senna Estratto Secco,senna estratto secco,A06AB06,A06AB,A06AB06,monotherapy_confezioni,36387,rxnav_atc_verified,,not_found,0.867431
Senna Foglia,INGREDIENT,AIFA package table,Senna Foglia,senna foglia,A06AB06,A06AB,A06AB06,monotherapy_confezioni,36387,rxnav_atc_verified,,not_found,0.844127
Senna Foglia (Glucosidi Puri),INGREDIENT,AIFA package table,Senna Foglia (Glucosidi Puri),senna foglia (glucosidi puri),A06AB06,A06AB,A06AB06,monotherapy_confezioni,36387,rxnav_atc_verified,,not_found,0.866314
Sennosidi A E B,INGREDIENT,AIFA package table,Sennosidi A E B,sennosidi a e b,A06AB06,A06AB,A06AB06,monotherapy_confezioni,36387,rxnav_atc_verified,,not_found,0.895455
Serplulimab,INGREDIENT,AIFA package table,Serplulimab,serplulimab,L01FF12,L01FF,L01FF12,monotherapy_confezioni,,not_found,,not_found,0.862905
Sertaconazolo Nitrato,INGREDIENT,AIFA package table,Sertaconazolo Nitrato,sertaconazolo,D01AC14,D01AC,D01AC14,monotherapy_confezioni,36435,rxnav_atc_verified,,not_found,0.896036
Sertralina,INGREDIENT,AIFA package table,Sertralina,sertralina,N06AB06,N06AB,N06AB06,monotherapy_confezioni,36437,rxnav_atc_verified,DDInter1662,ddinter_retrieval,0.914857
Setmelanotide,INGREDIENT,AIFA package table,Setmelanotide,setmelanotide,A08AA12,A08AA,A08AA12,monotherapy_confezioni,2469247,rxnav_atc_verified,,not_found,0.899038
Sevelamer,INGREDIENT,AIFA package table,Sevelamer,sevelamer,V03AE02,V03AE,V03AE02,monotherapy_confezioni,214824,rxnav_atc_verified,DDInter1663,ddinter_retrieval,0.928506
Sevelamer Carbonato,INGREDIENT,AIFA package table,Sevelamer Carbonato,sevelamer carbonato,V03AE02,V03AE,V03AE02,monotherapy_confezioni,660890,rxnav_atc_verified,DDInter1663,ddinter_retrieval,0.90986
Sevoflurano,INGREDIENT,AIFA package table,Sevoflurano,sevoflurano,N01AB08,N01AB,N01AB08,monotherapy_confezioni,36453,rxnav_atc_verified,DDInter1664,ddinter_retrieval,0.918744
Sferoidi Di Condrociti Umani  Autologhi Associati Alla Matrice,INGREDIENT,AIFA package table,Sferoidi Di Condrociti Umani  Autologhi Associati Alla Matrice,sferoidi di condrociti umani autologhi associati alla matrice,M09AX02,M09AX,M09AX02,monotherapy_confezioni,,not_found,,not_found,0.842442
Sildenafil,INGREDIENT,AIFA package table,Sildenafil,sildenafil,G04BE03,G04BE,G04BE03,monotherapy_confezioni,136411,rxnav_atc_verified,DDInter1666,ddinter_retrieval,0.926259
Silicea,INGREDIENT,AIFA package table,Silicea,silicea,V03AX,V03AX,V03AX,monotherapy_confezioni,,not_found,,not_found,0.818215
Silimarina (Silybum Marianum L.Gaertner),INGREDIENT,AIFA package table,Silimarina (Silybum Marianum L.Gaertner),silimarina (silybum marianum l.gaertner),A05BA03,A05BA,A05BA03,monotherapy_confezioni,,not_found,,not_found,0.861531
Silodosin,INGREDIENT,AIFA package table,Silodosin,silodosin,G04CA04,G04CA,G04CA04,monotherapy_confezioni,720825,rxnav_atc_verified,DDInter1667,ddinter_retrieval,0.92504
Silodosina,INGREDIENT,AIFA package table,Silodosina,silodosina,G04CA04,G04CA,G04CA04,monotherapy_confezioni,720825,rxnav_atc_verified,DDInter1667,ddinter_retrieval,0.916419
Siltuximab,INGREDIENT,AIFA package table,Siltuximab,siltuximab,L04AC11,L04AC,L04AC11,monotherapy_confezioni,1535218,rxnav_atc_verified,DDInter1668,ddinter_retrieval,0.923517
Simeticone,INGREDIENT,AIFA package table,Simeticone,simeticone,A03AX13,A03AX,A03AX13,monotherapy_confezioni,,not_found,DDInter1674,ddinter_retrieval,0.916383
Simoctocog Alfa,INGREDIENT,AIFA package table,Simoctocog Alfa,simoctocog alfa,B02BD02,B02BD,B02BD02,monotherapy_confezioni,1729084,rxnav_atc_verified,,not_found,0.898901
Simvastatina,INGREDIENT,AIFA package table,Simvastatina,simvastatina,C10AA01,C10AA,C10AA01,monotherapy_confezioni,36567,rxnav_atc_verified,DDInter1675,ddinter_retrieval,0.93973
Sinapis Nigra,INGREDIENT,AIFA package table,Sinapis Nigra,sinapis nigra,V03AX,V03AX,V03AX,monotherapy_confezioni,,not_found,,not_found,0.854314
Sinecatechina,INGREDIENT,AIFA package table,Sinecatechina,sinecatechina,D06BB12,D06BB,D06BB12,monotherapy_confezioni,753346,rxnav_atc_verified,,not_found,0.891073
Sipavibart,INGREDIENT,AIFA package table,Sipavibart,sipavibart,J06BD09,J06BD,J06BD09,monotherapy_confezioni,,not_found,,not_found,0.847132
Siponimod,INGREDIENT,AIFA package table,Siponimod,siponimod,L04AE03,L04AE,L04AE03,monotherapy_confezioni,2121085,rxnav_atc_verified,DDInter1676,ddinter_retrieval,0.9203
Sirolimus,INGREDIENT,AIFA package table,Sirolimus,sirolimus,L04AH01,L04AH,L04AH01,monotherapy_confezioni,35302,rxnav_atc_verified,DDInter1678,ddinter_retrieval,0.900868
Sitagliptin,INGREDIENT,AIFA package table,Sitagliptin,sitagliptin,A10BH01,A10BH,A10BH01,monotherapy_confezioni,593411,rxnav_atc_verified,DDInter1679,ddinter_retrieval,0.945608
Sitagliptin Malato,INGREDIENT,AIFA package table,Sitagliptin Malato,sitagliptin malato,A10BH01,A10BH,A10BH01,monotherapy_confezioni,593411,rxnav_atc_verified,DDInter1679,ddinter_retrieval,0.922361
"Smallpox And Monkeypox Vaccine, Live, Non-Replicating",INGREDIENT,AIFA package table,"Smallpox And Monkeypox Vaccine, Live, Non-Replicating","smallpox and monkeypox vaccine, live, non-replicating",J07BX,J07BX,J07BX,monotherapy_confezioni,,not_found,,not_found,0.869052
Sobrerolo,INGREDIENT,AIFA package table,Sobrerolo,sobrerolo,R05CB07,R05CB,R05CB07,monotherapy_confezioni,36669,rxnav_atc_verified,,not_found,0.858422
Sodio Acetato,INGREDIENT,AIFA package table,Sodio Acetato,sodio,B05XA08,B05XA,B05XA08,monotherapy_confezioni,56443,rxnav_atc_verified,DDInter1681,ddinter_retrieval,0.935935
Sodio Ascorbato,INGREDIENT,AIFA package table,Sodio Ascorbato,sodio ascorbato,A11GA01,A11GA,A11GA01,monotherapy_confezioni,,not_found,,not_found,0.885957
Sodio Fosfato Bibasico Dodecaidrato,INGREDIENT,AIFA package table,Sodio Fosfato Bibasico Dodecaidrato,sodio bibasico dodecaidrato,V03AX,V03AX,V03AX,monotherapy_confezioni,,not_found,DDInter1691,ddinter_retrieval,0.912394
Sodio Bicarbonato,INGREDIENT,AIFA package table,Sodio Bicarbonato,sodio bicarbonato,B05BB01,B05BB,B05BB01,monotherapy_confezioni,,not_found,DDInter1683,ddinter_retrieval,0.929717
Sodio Cloruro,INGREDIENT,AIFA package table,Sodio Cloruro,sodio cloruro,B05BB01,B05BB,B05BB01,monotherapy_confezioni,,not_found,DDInter1685,ddinter_retrieval,0.917546
Sodio Cromoglicato,INGREDIENT,AIFA package table,Sodio Cromoglicato,sodio cromoglicato,S01GX01,S01GX,S01GX01,monotherapy_confezioni,,not_found,DDInter449,ddinter_retrieval,0.914665
Sodio Diidrogeno Fosfato Diidrato,INGREDIENT,AIFA package table,Sodio Diidrogeno Fosfato Diidrato,sodio diidrogeno diidrato,A06AG01,A06AG,A06AG01,monotherapy_confezioni,,not_found,DDInter1688,ddinter_retrieval,0.924604
Sodio Fenilbutirrato,INGREDIENT,AIFA package table,Sodio Fenilbutirrato,sodio fenilbutirrato,A16AX03,A16AX,A16AX03,monotherapy_confezioni,,not_found,DDInter1682,ddinter_retrieval,0.908013
Sodio Ferrigluconato,INGREDIENT,AIFA package table,Sodio Ferrigluconato,sodio ferrigluconato,B03AB,B03AB,B03AB,monotherapy_confezioni,,not_found,,not_found,0.898922
Sodio Fluoruro,INGREDIENT,AIFA package table,Sodio Fluoruro,sodio fluoruro,A01AA,A01AA,A01AA,monotherapy_confezioni,,not_found,DDInter757,ddinter_retrieval,0.904845
Sodio Glicerofosfato,INGREDIENT,AIFA package table,Sodio Glicerofosfato,sodio glicerofosfato,B05XA14,B05XA,B05XA14,monotherapy_confezioni,,not_found,DDInter1688,ddinter_retrieval,0.948114
Sodio Ialuronato,INGREDIENT,AIFA package table,Sodio Ialuronato,sodio ialuronato,S01XA20,S01XA,S01XA20,monotherapy_confezioni,,not_found,DDInter1682,ddinter_retrieval,0.921464
Sodio Indigotindisolfonato,INGREDIENT,AIFA package table,Sodio Indigotindisolfonato,sodio indigotindisolfonato,V04CH02,V04CH,V04CH02,monotherapy_confezioni,325514,rxnav_atc_verified,,not_found,0.898462
Sodio Ioduro (123-I)*,INGREDIENT,AIFA package table,Sodio Ioduro (123-I)*,sodio ioduro (123-i)*,V09FX02,V09FX,V09FX02,monotherapy_confezioni,,not_found,,not_found,0.892149
Sodio Ioduro 131I,INGREDIENT,AIFA package table,Sodio Ioduro 131I,sodio ioduro 131i,V09FX03,V09FX,V09FX03,monotherapy_confezioni,,not_found,DDInter954,ddinter_retrieval,0.925729
Sodio Ipoclorito,INGREDIENT,AIFA package table,Sodio Ipoclorito,sodio ipoclorito,D08AX07,D08AX,D08AX07,monotherapy_confezioni,,not_found,DDInter1689,ddinter_retrieval,0.919049
Sodio Lattato,INGREDIENT,AIFA package table,Sodio Lattato,sodio lattato,B05XA49,B05XA,B05XA49,monotherapy_confezioni,,not_found,DDInter1686,ddinter_retrieval,0.905066
Sodio Molibdato (99 Mo)*,INGREDIENT,AIFA package table,Sodio Molibdato (99 Mo)*,sodio molibdato (99 mo)*,V09FX01,V09FX,V09FX01,monotherapy_confezioni,,not_found,,not_found,0.874991
Sodio Fosfato Monobasico,INGREDIENT,AIFA package table,Sodio Fosfato Monobasico,sodio monobasico,A06AG01,A06AG,A06AG01,monotherapy_confezioni,,not_found,DDInter1691,ddinter_retrieval,0.945332
Sodio Ossidronato,INGREDIENT,AIFA package table,Sodio Ossidronato,sodio ossidronato,V09BA01,V09BA,V09BA01,monotherapy_confezioni,,not_found,,not_found,0.899259
Sodio Oxibato,INGREDIENT,AIFA package table,Sodio Oxibato,sodio oxibato,N07XX04,N07XX,N07XX04,monotherapy_confezioni,,not_found,DDInter1690,ddinter_retrieval,0.924156
Sodio Pertecnetato Tc-99M,INGREDIENT,AIFA package table,Sodio Pertecnetato Tc-99M,sodio pertecnetato tc-99m,V09FX01,V09FX,V09FX01,monotherapy_confezioni,,not_found,,not_found,0.889584
Sodio Picosolfato,INGREDIENT,AIFA package table,Sodio Picosolfato,sodio picosolfato,A06AB08,A06AB,A06AB08,monotherapy_confezioni,33688,rxnav_atc_verified,DDInter1464,ddinter_retrieval,0.917511
Sodio Pirofosfato Decaidrato,INGREDIENT,AIFA package table,Sodio Pirofosfato Decaidrato,sodio pirofosfato decaidrato,V09GA06,V09GA,V09GA06,monotherapy_confezioni,,not_found,DDInter1688,ddinter_retrieval,0.91075
Sodio Polistirene Solfonato,INGREDIENT,AIFA package table,Sodio Polistirene Solfonato,sodio polistirene solfonato,V03AE01,V03AE,V03AE01,monotherapy_confezioni,,not_found,DDInter1424,ddinter_retrieval,0.904546
Sodio Seleniato Pentaidrato,INGREDIENT,AIFA package table,Sodio Seleniato Pentaidrato,sodio seleniato,A12CE02,A12CE,A12CE02,monotherapy_confezioni,36717,rxnav_atc_verified,,not_found,0.898183
Sodio Tetradecilsolfato,INGREDIENT,AIFA package table,Sodio Tetradecilsolfato,sodio tetradecilsolfato,C05BB04,C05BB,C05BB04,monotherapy_confezioni,9913,rxnav_atc_verified,DDInter1782,ddinter_retrieval,0.915584
Sodio Tiosolfato,INGREDIENT,AIFA package table,Sodio Tiosolfato,sodio tiosolfato,V03AB06,V03AB,V03AB06,monotherapy_confezioni,,not_found,DDInter1693,ddinter_retrieval,0.919417
Sodio Valproato,INGREDIENT,AIFA package table,Sodio Valproato,sodio valproato,N03AG01,N03AG,N03AG01,monotherapy_confezioni,40254,rxnav_atc_verified,DDInter1913,ddinter_retrieval,0.905967
Sofosbuvir,INGREDIENT,AIFA package table,Sofosbuvir,sofosbuvir,J05AP08,J05AP,J05AP08,monotherapy_confezioni,1484911,rxnav_atc_verified,DDInter1695,ddinter_retrieval,0.931549
Solidago Virgaurea,INGREDIENT,AIFA package table,Solidago Virgaurea,solidago virgaurea,V03AX,V03AX,V03AX,monotherapy_confezioni,,not_found,,not_found,0.858042
Solifenacina,INGREDIENT,AIFA package table,Solifenacina,solifenacina,G04BD08,G04BD,G04BD08,monotherapy_confezioni,322167,rxnav_atc_verified,DDInter1696,ddinter_retrieval,0.934082
Solriamfetol,INGREDIENT,AIFA package table,Solriamfetol,solriamfetol,N06BA14,N06BA,N06BA14,monotherapy_confezioni,2121751,rxnav_atc_verified,DDInter1697,ddinter_retrieval,0.93747
Soluzione Per Dialisi Peritoneale,INGREDIENT,AIFA package table,Soluzione Per Dialisi Peritoneale,soluzione per dialisi peritoneale,B05DB,B05DB,B05DB,monotherapy_confezioni,,not_found,,not_found,0.860535
Soluzione Per Emodiafiltrazione,INGREDIENT,AIFA package table,Soluzione Per Emodiafiltrazione,soluzione per emodiafiltrazione,B05ZB,B05ZB,B05ZB,monotherapy_confezioni,,not_found,,not_found,0.863769
Soluzione Per Emodialisi,INGREDIENT,AIFA package table,Soluzione Per Emodialisi,soluzione per emodialisi,B05ZA,B05ZA,B05ZA,monotherapy_confezioni,,not_found,,not_found,0.877103
Soluzione Per Emofiltrazione,INGREDIENT,AIFA package table,Soluzione Per Emofiltrazione,soluzione per emofiltrazione,B05ZB,B05ZB,B05ZB,monotherapy_confezioni,,not_found,,not_found,0.863451
Somapacitan,INGREDIENT,AIFA package table,Somapacitan,somapacitan,H01AC07,H01AC,H01AC07,monotherapy_confezioni,2557373,rxnav_atc_verified,DDInter1698,ddinter_retrieval,0.937267
Somatostatina,INGREDIENT,AIFA package table,Somatostatina,somatostatina,H01CB01,H01CB,H01CB01,monotherapy_confezioni,9939,rxnav_atc_verified,,not_found,0.891182
Somatrogon,INGREDIENT,AIFA package table,Somatrogon,somatrogon,H01AC08,H01AC,H01AC08,monotherapy_confezioni,2644503,rxnav_atc_verified,,not_found,0.863381
Somatropina,INGREDIENT,AIFA package table,Somatropina,somatropina,H01AC01,H01AC,H01AC01,monotherapy_confezioni,61148,rxnav_atc_verified,DDInter1699,ddinter_retrieval,0.911274
Sonidegib,INGREDIENT,AIFA package table,Sonidegib,sonidegib,L01XJ02,L01XJ,L01XJ02,monotherapy_confezioni,1659191,rxnav_atc_verified,DDInter1701,ddinter_retrieval,0.934782
Sorafenib,INGREDIENT,AIFA package table,Sorafenib,sorafenib,L01EX02,L01EX,L01EX02,monotherapy_confezioni,495881,rxnav_atc_verified,DDInter1702,ddinter_retrieval,0.929159
Sorafenib Tosilato,INGREDIENT,AIFA package table,Sorafenib Tosilato,sorafenib tosilato,L01EX02,L01EX,L01EX02,monotherapy_confezioni,495881,rxnav_atc_verified,DDInter1702,ddinter_retrieval,0.912661
Sotalolo Cloridrato,INGREDIENT,AIFA package table,Sotalolo Cloridrato,sotalolo,C07AA07,C07AA,C07AA07,monotherapy_confezioni,9947,rxnav_atc_verified,,not_found,0.897736
Sotatercept,INGREDIENT,AIFA package table,Sotatercept,sotatercept,C02KC,C02KC,C02KC,monotherapy_confezioni,,not_found,,not_found,0.863426
Sotorasib,INGREDIENT,AIFA package table,Sotorasib,sotorasib,L01XX73,L01XX,L01XX73,monotherapy_confezioni,2550714,rxnav_atc_verified,,not_found,0.87671
Sparsentan,INGREDIENT,AIFA package table,Sparsentan,sparsentan,C09XX01,C09XX,C09XX01,monotherapy_confezioni,2630535,rxnav_atc_verified,,not_found,0.859736
Spesolimab,INGREDIENT,AIFA package table,Spesolimab,spesolimab,L04AC22,L04AC,L04AC22,monotherapy_confezioni,2610417,rxnav_atc_verified,,not_found,0.867548
Spigelia Anthelmia,INGREDIENT,AIFA package table,Spigelia Anthelmia,spigelia anthelmia,V03AX,V03AX,V03AX,monotherapy_confezioni,,not_found,,not_found,0.853215
Spiraea Ulmaria,INGREDIENT,AIFA package table,Spiraea Ulmaria,spiraea ulmaria,V03AX,V03AX,V03AX,monotherapy_confezioni,,not_found,,not_found,0.850024
Spiramicina,INGREDIENT,AIFA package table,Spiramicina,spiramicina,J01FA02,J01FA,J01FA02,monotherapy_confezioni,9991,rxnav_atc_verified,,not_found,0.865646
Spironolattone,INGREDIENT,AIFA package table,Spironolattone,spironolattone,C03DA01,C03DA,C03DA01,monotherapy_confezioni,9997,rxnav_atc_verified,DDInter1707,ddinter_retrieval,0.915219
Spongia Tosta,INGREDIENT,AIFA package table,Spongia Tosta,spongia tosta,V03AX,V03AX,V03AX,monotherapy_confezioni,,not_found,,not_found,0.870407
Spore Di Bacillus Clausii Poliantibiotico Resistente,INGREDIENT,AIFA package table,Spore Di Bacillus Clausii Poliantibiotico Resistente,spore di bacillus clausii poliantibiotico resistente,A07FA,A07FA,A07FA,monotherapy_confezioni,,not_found,,not_found,0.880168
Stannum Metallicum,INGREDIENT,AIFA package table,Stannum Metallicum,stannum metallicum,V03AX,V03AX,V03AX,monotherapy_confezioni,,not_found,,not_found,0.836579
Staphylococcinum,INGREDIENT,AIFA package table,Staphylococcinum,staphylococcinum,V03AX,V03AX,V03AX,monotherapy_confezioni,,not_found,,not_found,0.853996
Staphysagria,INGREDIENT,AIFA package table,Staphysagria,staphysagria,V03AX,V03AX,V03AX,monotherapy_confezioni,,not_found,,not_found,0.835412
Sticta Pulmonaria,INGREDIENT,AIFA package table,Sticta Pulmonaria,sticta pulmonaria,V03AX,V03AX,V03AX,monotherapy_confezioni,,not_found,,not_found,0.86656
Stiripentolo,INGREDIENT,AIFA package table,Stiripentolo,stiripentolo,N03AX17,N03AX,N03AX17,monotherapy_confezioni,2054968,rxnav_atc_verified,DDInter1711,ddinter_retrieval,0.916263
Streptococcinum,INGREDIENT,AIFA package table,Streptococcinum,streptococcinum,V03AX,V03AX,V03AX,monotherapy_confezioni,,not_found,,not_found,0.89539
Streptozocina,INGREDIENT,AIFA package table,Streptozocina,streptozocina,L01AD04,L01AD,L01AD04,monotherapy_confezioni,10114,rxnav_atc_verified,DDInter1714,ddinter_retrieval,0.926655
Strontium Carbonicum,INGREDIENT,AIFA package table,Strontium Carbonicum,strontium carbonicum,V03AX,V03AX,V03AX,monotherapy_confezioni,,not_found,,not_found,0.869227
Sucralfato,INGREDIENT,AIFA package table,Sucralfato,sucralfato,A02BX02,A02BX,A02BX02,monotherapy_confezioni,10156,rxnav_atc_verified,DDInter1717,ddinter_retrieval,0.94078
Sufentanil Citrato,INGREDIENT,AIFA package table,Sufentanil Citrato,sufentanil,N01AH03,N01AH,N01AH03,monotherapy_confezioni,56795,rxnav_atc_verified,DDInter1718,ddinter_retrieval,0.932217
Sugammadex,INGREDIENT,AIFA package table,Sugammadex,sugammadex,V03AB35,V03AB,V03AB35,monotherapy_confezioni,1726988,rxnav_atc_verified,DDInter1719,ddinter_retrieval,0.936763
Sugammadex Sodium,INGREDIENT,AIFA package table,Sugammadex Sodium,sugammadex sodium,V03AB35,V03AB,V03AB35,monotherapy_confezioni,1726987,rxnav_atc_verified,DDInter1719,ddinter_retrieval,0.924478
Sugemalimab,INGREDIENT,AIFA package table,Sugemalimab,sugemalimab,L01FF11,L01FF,L01FF11,monotherapy_confezioni,,not_found,,not_found,0.878999
Sulfadiazina Argentica,INGREDIENT,AIFA package table,Sulfadiazina Argentica,sulfadiazina argentica,D06BA01,D06BA,D06BA01,monotherapy_confezioni,,not_found,DDInter1722,ddinter_retrieval,0.90568
Sulfasalazina,INGREDIENT,AIFA package table,Sulfasalazina,sulfasalazina,A07EC01,A07EC,A07EC01,monotherapy_confezioni,9524,rxnav_atc_verified,DDInter1725,ddinter_retrieval,0.907923
Sulfur,INGREDIENT,AIFA package table,Sulfur,sulfur,V03AX,V03AX,V03AX,monotherapy_confezioni,,not_found,,not_found,0.875139
Sulfur Iodatum,INGREDIENT,AIFA package table,Sulfur Iodatum,sulfur iodatum,V03AX,V03AX,V03AX,monotherapy_confezioni,,not_found,,not_found,0.88733
Sulodexide,INGREDIENT,AIFA package table,Sulodexide,sulodexide,B01AB11,B01AB,B01AB11,monotherapy_confezioni,,not_found,,not_found,0.898998
Sulpiride,INGREDIENT,AIFA package table,Sulpiride,sulpiride,N05AL01,N05AL,N05AL01,monotherapy_confezioni,10239,rxnav_atc_verified,,not_found,0.869493
Sulprostone,INGREDIENT,AIFA package table,Sulprostone,sulprostone,G02AD05,G02AD,G02AD05,monotherapy_confezioni,,not_found,,not_found,0.881489
Sultiame,INGREDIENT,AIFA package table,Sultiame,sultiame,N03AX03,N03AX,N03AX03,monotherapy_confezioni,10240,rxnav_atc_verified,,not_found,0.855832
Sumatriptan,INGREDIENT,AIFA package table,Sumatriptan,sumatriptan,N02CC01,N02CC,N02CC01,monotherapy_confezioni,37418,rxnav_atc_verified,DDInter1730,ddinter_retrieval,0.933691
Sunitinib,INGREDIENT,AIFA package table,Sunitinib,sunitinib,L01EX01,L01EX,L01EX01,monotherapy_confezioni,357977,rxnav_atc_verified,DDInter1731,ddinter_retrieval,0.920021
Sunitinib Malato,INGREDIENT,AIFA package table,Sunitinib Malato,sunitinib malato,L01EX01,L01EX,L01EX01,monotherapy_confezioni,616275,rxnav_atc_verified,,not_found,0.898176
Susoctocog Alfa,INGREDIENT,AIFA package table,Susoctocog Alfa,susoctocog alfa,B02BD14,B02BD,B02BD14,monotherapy_confezioni,1592899,rxnav_atc_verified,DDInter605,ddinter_retrieval,0.904937
Sutimlimab,INGREDIENT,AIFA package table,Sutimlimab,sutimlimab,L04AJ04,L04AJ,L04AJ04,monotherapy_confezioni,2591404,rxnav_atc_verified,,not_found,0.877761
Suxamethonium,INGREDIENT,AIFA package table,Suxamethonium,suxamethonium,M03AB01,M03AB,M03AB01,monotherapy_confezioni,10154,rxnav_atc_verified,,not_found,0.889966
Symphytum Officinale,INGREDIENT,AIFA package table,Symphytum Officinale,symphytum officinale,V03AX,V03AX,V03AX,monotherapy_confezioni,,not_found,,not_found,0.86788
Tabacum,INGREDIENT,AIFA package table,Tabacum,tabacum,V03AX,V03AX,V03AX,monotherapy_confezioni,,not_found,,not_found,0.850784
Tabelecleucel,INGREDIENT,AIFA package table,Tabelecleucel,tabelecleucel,L01XL09,L01XL,L01XL09,monotherapy_confezioni,1986438,rxnav_atc_verified,DDInter1819,ddinter_retrieval,0.900931
Tacrolimus,INGREDIENT,AIFA package table,Tacrolimus,tacrolimus,L04AD02,L04AD,L04AD02,monotherapy_confezioni,42316,rxnav_atc_verified,DDInter1735,ddinter_retrieval,0.921305
Tadalafil,INGREDIENT,AIFA package table,Tadalafil,tadalafil,G04BE08,G04BE,G04BE08,monotherapy_confezioni,358263,rxnav_atc_verified,DDInter1736,ddinter_retrieval,0.914031
Tafamidis,INGREDIENT,AIFA package table,Tafamidis,tafamidis,N07XX08,N07XX,N07XX08,monotherapy_confezioni,1545063,rxnav_atc_verified,DDInter1737,ddinter_retrieval,0.928855
Tafasitamab,INGREDIENT,AIFA package table,Tafasitamab,tafasitamab,L01FX12,L01FX,L01FX12,monotherapy_confezioni,2387211,rxnav_atc_verified,DDInter1738,ddinter_retrieval,0.905236
Tafluprost,INGREDIENT,AIFA package table,Tafluprost,tafluprost,S01EE05,S01EE,S01EE05,monotherapy_confezioni,1244607,rxnav_atc_verified,,not_found,0.896877
Tagraxofusp,INGREDIENT,AIFA package table,Tagraxofusp,tagraxofusp,L01XX67,L01XX,L01XX67,monotherapy_confezioni,2109055,rxnav_atc_verified,DDInter1741,ddinter_retrieval,0.957942
Talazoparib,INGREDIENT,AIFA package table,Talazoparib,talazoparib,L01XK04,L01XK,L01XK04,monotherapy_confezioni,2099704,rxnav_atc_verified,DDInter1742,ddinter_retrieval,0.906821
Talidomide,INGREDIENT,AIFA package table,Talidomide,talidomide,L04AX02,L04AX,L04AX02,monotherapy_confezioni,10432,rxnav_atc_verified,DDInter1789,ddinter_retrieval,0.900742
Talimogene Laherparepvec,INGREDIENT,AIFA package table,Talimogene Laherparepvec,talimogene laherparepvec,L01XX51,L01XX,L01XX51,monotherapy_confezioni,,not_found,DDInter1743,ddinter_retrieval,0.932793
Talquetamab,INGREDIENT,AIFA package table,Talquetamab,talquetamab,L01FX,L01FX,L01FX,monotherapy_confezioni,2644447,rxnav_atc_verified,,not_found,0.873277
Tamoxifene,INGREDIENT,AIFA package table,Tamoxifene,tamoxifene,L02BA01,L02BA,L02BA01,monotherapy_confezioni,10324,rxnav_atc_verified,DDInter1744,ddinter_retrieval,0.91761
Tamsulosin Cloridrato,INGREDIENT,AIFA package table,Tamsulosin Cloridrato,tamsulosin,G04CA02,G04CA,G04CA02,monotherapy_confezioni,77492,rxnav_atc_verified,DDInter1745,ddinter_retrieval,0.919987
Tamsulosina Cloridrato,INGREDIENT,AIFA package table,Tamsulosina Cloridrato,tamsulosina,G04CA02,G04CA,G04CA02,monotherapy_confezioni,77492,rxnav_atc_verified,DDInter1745,ddinter_retrieval,0.9145
Tapentadolo,INGREDIENT,AIFA package table,Tapentadolo,tapentadolo,N02AX06,N02AX,N02AX06,monotherapy_confezioni,787390,rxnav_atc_verified,,not_found,0.896969
Taraxacum Officinale,INGREDIENT,AIFA package table,Taraxacum Officinale,taraxacum officinale,V03AX,V03AX,V03AX,monotherapy_confezioni,,not_found,,not_found,0.881968
Tartarus Stibiatus,INGREDIENT,AIFA package table,Tartarus Stibiatus,tartarus stibiatus,V03AX,V03AX,V03AX,monotherapy_confezioni,,not_found,,not_found,0.824912
Tasimelteon,INGREDIENT,AIFA package table,Tasimelteon,tasimelteon,N05CH03,N05CH,N05CH03,monotherapy_confezioni,1490468,rxnav_atc_verified,DDInter1747,ddinter_retrieval,0.921706
Tasonermina,INGREDIENT,AIFA package table,Tasonermina,tasonermina,L03AX11,L03AX,L03AX11,monotherapy_confezioni,283746,rxnav_atc_verified,,not_found,0.861971
Tebentafusp,INGREDIENT,AIFA package table,Tebentafusp,tebentafusp,L01XX75,L01XX,L01XX75,monotherapy_confezioni,2590743,rxnav_atc_verified,,not_found,0.884168
Teclistamab,INGREDIENT,AIFA package table,Teclistamab,teclistamab,L01FX24,L01FX,L01FX24,monotherapy_confezioni,2619426,rxnav_atc_verified,,not_found,0.8851
Tecnezio 99 Mtc Technegas,INGREDIENT,AIFA package table,Tecnezio 99 Mtc Technegas,tecnezio 99 mtc technegas,V09EA02,V09EA,V09EA02,monotherapy_confezioni,,not_found,,not_found,0.87161
Tecovirimat,INGREDIENT,AIFA package table,Tecovirimat,tecovirimat,J05AX24,J05AX,J05AX24,monotherapy_confezioni,2055104,rxnav_atc_verified,,not_found,0.845778
Tedizolid Fosfato,INGREDIENT,AIFA package table,Tedizolid Fosfato,tedizolid,J01XX11,J01XX,J01XX11,monotherapy_confezioni,1540825,rxnav_atc_verified,DDInter1752,ddinter_retrieval,0.919983
Teduglutide,INGREDIENT,AIFA package table,Teduglutide,teduglutide,A16AX08,A16AX,A16AX08,monotherapy_confezioni,1364468,rxnav_atc_verified,DDInter1753,ddinter_retrieval,0.933749
Tegomil Fumarato,INGREDIENT,AIFA package table,Tegomil Fumarato,tegomil,L04AX10,L04AX,L04AX10,monotherapy_confezioni,,not_found,,not_found,0.877759
Teicoplanina,INGREDIENT,AIFA package table,Teicoplanina,teicoplanina,J01XA02,J01XA,J01XA02,monotherapy_confezioni,57021,rxnav_atc_verified,,not_found,0.869074
Telmisartan,INGREDIENT,AIFA package table,Telmisartan,telmisartan,C09CA07,C09CA,C09CA07,monotherapy_confezioni,73494,rxnav_atc_verified,DDInter1759,ddinter_retrieval,0.916837
Telotristat,INGREDIENT,AIFA package table,Telotristat,telotristat,A16AX15,A16AX,A16AX15,monotherapy_confezioni,1872382,rxnav_atc_verified,,not_found,0.881642
Temoporfin,INGREDIENT,AIFA package table,Temoporfin,temoporfin,L01XD05,L01XD,L01XD05,monotherapy_confezioni,115243,rxnav_atc_verified,,not_found,0.88451
Temozolomide,INGREDIENT,AIFA package table,Temozolomide,temozolomide,L01AX03,L01AX,L01AX03,monotherapy_confezioni,37776,rxnav_atc_verified,DDInter1762,ddinter_retrieval,0.922999
Temsirolimus,INGREDIENT,AIFA package table,Temsirolimus,temsirolimus,L01EG01,L01EG,L01EG01,monotherapy_confezioni,657797,rxnav_atc_verified,DDInter1763,ddinter_retrieval,0.912439
Tenecteplase,INGREDIENT,AIFA package table,Tenecteplase,tenecteplase,B01AD11,B01AD,B01AD11,monotherapy_confezioni,259280,rxnav_atc_verified,DDInter1764,ddinter_retrieval,0.932714
Tenofovir Alafenamide,INGREDIENT,AIFA package table,Tenofovir Alafenamide,tenofovir alafenamide,J05AF13,J05AF,J05AF13,monotherapy_confezioni,1721603,rxnav_atc_verified,,not_found,0.876305
Tenofovir Disoproxil,INGREDIENT,AIFA package table,Tenofovir Disoproxil,tenofovir disoproxil,J05AF07,J05AF,J05AF07,monotherapy_confezioni,300195,rxnav_atc_verified,DDInter30,ddinter_retrieval,0.90418
Tenoxicam,INGREDIENT,AIFA package table,Tenoxicam,tenoxicam,M01AC02,M01AC,M01AC02,monotherapy_confezioni,37790,rxnav_atc_verified,DDInter1143,ddinter_retrieval,0.91408
Tepotinib,INGREDIENT,AIFA package table,Tepotinib,tepotinib,L01EX21,L01EX,L01EX21,monotherapy_confezioni,2477103,rxnav_atc_verified,,not_found,0.876111
Teprotumumab,INGREDIENT,AIFA package table,Teprotumumab,teprotumumab,L04AG13,L04AG,L04AG13,monotherapy_confezioni,2274803,rxnav_atc_verified,DDInter1766,ddinter_retrieval,0.922628
Terazosina,INGREDIENT,AIFA package table,Terazosina,terazosina,G04CA03,G04CA,G04CA03,monotherapy_confezioni,37798,rxnav_atc_verified,DDInter1767,ddinter_retrieval,0.905375
Terbinafina,INGREDIENT,AIFA package table,Terbinafina,terbinafina,D01BA02,D01BA,D01BA02,monotherapy_confezioni,37801,rxnav_atc_verified,DDInter1768,ddinter_retrieval,0.916767
Terbinafine Hydrochloride,INGREDIENT,AIFA package table,Terbinafine Hydrochloride,terbinafine hydrochloride,D01AE15,D01AE,D01AE15,monotherapy_confezioni,235838,rxnav_atc_verified,,not_found,0.89916
Terebinthina,INGREDIENT,AIFA package table,Terebinthina,terebinthina,V03AX,V03AX,V03AX,monotherapy_confezioni,,not_found,,not_found,0.851347
Teriflunomide,INGREDIENT,AIFA package table,Teriflunomide,teriflunomide,L04AK02,L04AK,L04AK02,monotherapy_confezioni,1310520,rxnav_atc_verified,DDInter1771,ddinter_retrieval,0.931373
Teriparatide,INGREDIENT,AIFA package table,Teriparatide,teriparatide,H05AA02,H05AA,H05AA02,monotherapy_confezioni,32915,rxnav_atc_verified,DDInter1772,ddinter_retrieval,0.931864
Terlipressina,INGREDIENT,AIFA package table,Terlipressina,terlipressina,H01BA04,H01BA,H01BA04,monotherapy_confezioni,57048,rxnav_atc_verified,,not_found,0.89711
Terlipressina Acetato Idrato,INGREDIENT,AIFA package table,Terlipressina Acetato Idrato,terlipressina idrato,H01BA04,H01BA,H01BA04,monotherapy_confezioni,57048,rxnav_atc_verified,DDInter1137,ddinter_retrieval,0.902049
Testosterone,INGREDIENT,AIFA package table,Testosterone,testosterone,G03BA03,G03BA,G03BA03,monotherapy_confezioni,10379,rxnav_atc_verified,DDInter1775,ddinter_retrieval,0.931259
Testosterone Enantato,INGREDIENT,AIFA package table,Testosterone Enantato,testosterone enantato,G03BA03,G03BA,G03BA03,monotherapy_confezioni,10379,rxnav_atc_verified,DDInter1507,ddinter_retrieval,0.932501
Testosterone Propionato,INGREDIENT,AIFA package table,Testosterone Propionato,testosterone propionato,G03BA03,G03BA,G03BA03,monotherapy_confezioni,10382,rxnav_atc_verified,DDInter1776,ddinter_retrieval,0.909282
Testosterone Undecanoato,INGREDIENT,AIFA package table,Testosterone Undecanoato,testosterone undecanoato,G03BA03,G03BA,G03BA03,monotherapy_confezioni,37864,rxnav_atc_verified,DDInter1776,ddinter_retrieval,0.905507
Tetrabenazina,INGREDIENT,AIFA package table,Tetrabenazina,tetrabenazina,N07XX06,N07XX,N07XX06,monotherapy_confezioni,10390,rxnav_atc_verified,DDInter1778,ddinter_retrieval,0.928153
Tetraciclina Cloridrato,INGREDIENT,AIFA package table,Tetraciclina Cloridrato,tetraciclina,J01AA07,J01AA,J01AA07,monotherapy_confezioni,10395,rxnav_atc_verified,DDInter1783,ddinter_retrieval,0.922344
Tetraciclina Base,INGREDIENT,AIFA package table,Tetraciclina Base,tetraciclina base,J01AA04,J01AA,J01AA04,monotherapy_confezioni,,not_found,DDInter1783,ddinter_retrieval,0.923394
Tetracosactide Esacetato,INGREDIENT,AIFA package table,Tetracosactide Esacetato,tetracosactide esacetato,H01AA02,H01AA,H01AA02,monotherapy_confezioni,2890,rxnav_atc_verified,DDInter1782,ddinter_retrieval,0.943327
Tetrakis (2-Metossi-Isobutil-Isonitrile) Rame Tetrafluoroborato,INGREDIENT,AIFA package table,Tetrakis (2-Metossi-Isobutil-Isonitrile) Rame Tetrafluoroborato,tetrakis (2-metossi-isobutil-isonitrile) rame tetrafluoroborato,V09GA01,V09GA,V09GA01,monotherapy_confezioni,,not_found,,not_found,0.878688
Tetrakis(2-Metossi-2-Metilpropil-1 Isocianide)Rame(I),INGREDIENT,AIFA package table,Tetrakis(2-Metossi-2-Metilpropil-1 Isocianide)Rame(I),tetrakis(2-metossi-2-metilpropil-1 isocianide)rame(i),V09GA01,V09GA,V09GA01,monotherapy_confezioni,,not_found,,not_found,0.870924
Tetrametiltiuramdisolfuro,INGREDIENT,AIFA package table,Tetrametiltiuramdisolfuro,tetrametiltiuramdisolfuro,D08AX,D08AX,D08AX,monotherapy_confezioni,,not_found,,not_found,0.881516
Tetrizolina Cloridrato,INGREDIENT,AIFA package table,Tetrizolina Cloridrato,tetrizolina,S01GA02,S01GA,S01GA02,monotherapy_confezioni,37935,rxnav_atc_verified,DDInter1760,ddinter_retrieval,0.902846
Tetrofosmina,INGREDIENT,AIFA package table,Tetrofosmina,tetrofosmina,V09GA02,V09GA,V09GA02,monotherapy_confezioni,,not_found,DDInter1786,ddinter_retrieval,0.921362
Teucrium Marum,INGREDIENT,AIFA package table,Teucrium Marum,teucrium marum,V03AX,V03AX,V03AX,monotherapy_confezioni,,not_found,,not_found,0.856477
Tezepelumab,INGREDIENT,AIFA package table,Tezepelumab,tezepelumab,R03DX11,R03DX,R03DX11,monotherapy_confezioni,2587789,rxnav_atc_verified,,not_found,0.87849
Thlaspi Bursa Pastoris,INGREDIENT,AIFA package table,Thlaspi Bursa Pastoris,thlaspi bursa pastoris,V03AX,V03AX,V03AX,monotherapy_confezioni,,not_found,,not_found,0.863908
Thuya Lobii,INGREDIENT,AIFA package table,Thuya Lobii,thuya lobii,V03AX,V03AX,V03AX,monotherapy_confezioni,,not_found,,not_found,0.879987
Thuya Occidentalis,INGREDIENT,AIFA package table,Thuya Occidentalis,thuya occidentalis,V03AX,V03AX,V03AX,monotherapy_confezioni,,not_found,,not_found,0.866982
Thyroide,INGREDIENT,AIFA package table,Thyroide,thyroide,V03AX,V03AX,V03AX,monotherapy_confezioni,,not_found,,not_found,0.896372
Tiagabina,INGREDIENT,AIFA package table,Tiagabina,tiagabina,N03AG06,N03AG,N03AG06,monotherapy_confezioni,31914,rxnav_atc_verified,,not_found,0.886931
Tiamazolo,INGREDIENT,AIFA package table,Tiamazolo,tiamazolo,H03BB02,H03BB,H03BB02,monotherapy_confezioni,6835,rxnav_atc_verified,,not_found,0.857014
Tiamfenicolo,INGREDIENT,AIFA package table,Tiamfenicolo,tiamfenicolo,J01BA02,J01BA,J01BA02,monotherapy_confezioni,,not_found,,not_found,0.882056
Tiamfenicolo Glicinato Acetilcisteinato,INGREDIENT,AIFA package table,Tiamfenicolo Glicinato Acetilcisteinato,tiamfenicolo glicinato acetilcisteinato,J01BA02,J01BA,J01BA02,monotherapy_confezioni,,not_found,,not_found,0.88383
Tiamina Cloridrato,INGREDIENT,AIFA package table,Tiamina Cloridrato,tiamina,A11DA01,A11DA,A11DA01,monotherapy_confezioni,10454,rxnav_atc_verified,,not_found,0.893489
Tiapride Cloridrato,INGREDIENT,AIFA package table,Tiapride Cloridrato,tiapride,N05AL03,N05AL,N05AL03,monotherapy_confezioni,10588,rxnav_atc_verified,DDInter1790,ddinter_retrieval,0.90143
Tibolone,INGREDIENT,AIFA package table,Tibolone,tibolone,G03CX01,G03CX,G03CX01,monotherapy_confezioni,38260,rxnav_atc_verified,,not_found,0.863883
Ticagrelor,INGREDIENT,AIFA package table,Ticagrelor,ticagrelor,B01AC24,B01AC,B01AC24,monotherapy_confezioni,1116632,rxnav_atc_verified,DDInter1802,ddinter_retrieval,0.93813
Ticlopidina Cloridrato,INGREDIENT,AIFA package table,Ticlopidina Cloridrato,ticlopidina,B01AC05,B01AC,B01AC05,monotherapy_confezioni,10594,rxnav_atc_verified,DDInter1804,ddinter_retrieval,0.90818
Tigeciclina,INGREDIENT,AIFA package table,Tigeciclina,tigeciclina,J01AA12,J01AA,J01AA12,monotherapy_confezioni,384455,rxnav_atc_verified,DDInter1805,ddinter_retrieval,0.922815
Tildrakizumab,INGREDIENT,AIFA package table,Tildrakizumab,tildrakizumab,L04AC17,L04AC,L04AC17,monotherapy_confezioni,2053436,rxnav_atc_verified,DDInter1806,ddinter_retrieval,0.906106
Tilia Europaea,INGREDIENT,AIFA package table,Tilia Europaea,tilia europaea,V03AX,V03AX,V03AX,monotherapy_confezioni,,not_found,,not_found,0.8774
Tilia Tomentosa,INGREDIENT,AIFA package table,Tilia Tomentosa,tilia tomentosa,V03AX,V03AX,V03AX,monotherapy_confezioni,,not_found,,not_found,0.895801
Timololo,INGREDIENT,AIFA package table,Timololo,timololo,S01ED01,S01ED,S01ED01,monotherapy_confezioni,10600,rxnav_atc_verified,,not_found,0.894038
Timosina Alfa 1,INGREDIENT,AIFA package table,Timosina Alfa 1,timosina alfa,L03AX,L03AX,L03AX,monotherapy_confezioni,,not_found,DDInter946,ddinter_retrieval,0.91568
Tinidazolo,INGREDIENT,AIFA package table,Tinidazolo,tinidazolo,P01AB02,P01AB,P01AB02,monotherapy_confezioni,10612,rxnav_atc_verified,,not_found,0.887181
Tinzaparina Sodica,INGREDIENT,AIFA package table,Tinzaparina Sodica,tinzaparina,B01AB10,B01AB,B01AB10,monotherapy_confezioni,69646,rxnav_atc_verified,,not_found,0.884894
Tiocolchicoside,INGREDIENT,AIFA package table,Tiocolchicoside,tiocolchicoside,M03BX05,M03BX,M03BX05,monotherapy_confezioni,38085,rxnav_atc_verified,,not_found,0.858446
Tioconazole,INGREDIENT,AIFA package table,Tioconazole,tioconazole,D01AC07,D01AC,D01AC07,monotherapy_confezioni,38298,rxnav_atc_verified,DDInter1813,ddinter_retrieval,0.928176
Tioconazolo,INGREDIENT,AIFA package table,Tioconazolo,tioconazolo,D01AC07,D01AC,D01AC07,monotherapy_confezioni,38298,rxnav_atc_verified,DDInter1813,ddinter_retrieval,0.91212
Tioguanina,INGREDIENT,AIFA package table,Tioguanina,tioguanina,L01BB03,L01BB,L01BB03,monotherapy_confezioni,10485,rxnav_atc_verified,DDInter1814,ddinter_retrieval,0.905045
Tiotepa,INGREDIENT,AIFA package table,Tiotepa,tiotepa,L01AC01,L01AC,L01AC01,monotherapy_confezioni,10473,rxnav_atc_verified,,not_found,0.87932
Tiotropio Bromuro,INGREDIENT,AIFA package table,Tiotropio Bromuro,tiotropio,R03BB04,R03BB,R03BB04,monotherapy_confezioni,69120,rxnav_atc_verified,,not_found,0.895688
Tipranavir,INGREDIENT,AIFA package table,Tipranavir,tipranavir,J05AE09,J05AE,J05AE09,monotherapy_confezioni,190548,rxnav_atc_verified,DDInter1817,ddinter_retrieval,0.918145
Tiratricolo,INGREDIENT,AIFA package table,Tiratricolo,tiratricolo,H03AA04,H03AA,H03AA04,monotherapy_confezioni,13982,rxnav_atc_verified,,not_found,0.883182
Tirbanibulina,INGREDIENT,AIFA package table,Tirbanibulina,tirbanibulina,D06BX03,D06BX,D06BX03,monotherapy_confezioni,2471078,rxnav_atc_verified,,not_found,0.875339
Tirofiban,INGREDIENT,AIFA package table,Tirofiban,tirofiban,B01AC17,B01AC,B01AC17,monotherapy_confezioni,73137,rxnav_atc_verified,DDInter1818,ddinter_retrieval,0.922873
Tirotricina,INGREDIENT,AIFA package table,Tirotricina,tirotricina,R02AB02,R02AB,R02AB02,monotherapy_confezioni,10968,rxnav_atc_verified,,not_found,0.854653
Tirotropina,INGREDIENT,AIFA package table,Tirotropina,tirotropina,V04CJ01,V04CJ,V04CJ01,monotherapy_confezioni,,not_found,,not_found,0.879968
Tirzepatide,INGREDIENT,AIFA package table,Tirzepatide,tirzepatide,A10BX16,A10BX,A10BX16,monotherapy_confezioni,2601723,rxnav_atc_verified,,not_found,0.879353
Tisagenlecleucel,INGREDIENT,AIFA package table,Tisagenlecleucel,tisagenlecleucel,L01XL04,L01XL,L01XL04,monotherapy_confezioni,1986438,rxnav_atc_verified,DDInter1819,ddinter_retrieval,0.958263
Tislelizumab,INGREDIENT,AIFA package table,Tislelizumab,tislelizumab,L01FF09,L01FF,L01FF09,monotherapy_confezioni,2677426,rxnav_atc_verified,,not_found,0.87819
Tisotumab Vedotin,INGREDIENT,AIFA package table,Tisotumab Vedotin,tisotumab vedotin,L01FX23,L01FX,L01FX23,monotherapy_confezioni,2571094,rxnav_atc_verified,DDInter1485,ddinter_retrieval,0.91264
Tivozanib,INGREDIENT,AIFA package table,Tivozanib,tivozanib,L01EK03,L01EK,L01EK03,monotherapy_confezioni,2534233,rxnav_atc_verified,DDInter1820,ddinter_retrieval,0.916573
Tizanidina,INGREDIENT,AIFA package table,Tizanidina,tizanidina,M03BX02,M03BX,M03BX02,monotherapy_confezioni,57258,rxnav_atc_verified,,not_found,0.8993
Tobramicina,INGREDIENT,AIFA package table,Tobramicina,tobramicina,S01AA12,S01AA,S01AA12,monotherapy_confezioni,10627,rxnav_atc_verified,DDInter1822,ddinter_retrieval,0.918959
Tocilizumab,INGREDIENT,AIFA package table,Tocilizumab,tocilizumab,L04AC07,L04AC,L04AC07,monotherapy_confezioni,612865,rxnav_atc_verified,DDInter1824,ddinter_retrieval,0.923047
Tocoferolo,INGREDIENT,AIFA package table,Tocoferolo,tocoferolo,A11HA08,A11HA,A11HA08,monotherapy_confezioni,159151,rxnav_atc_verified,,not_found,0.870979
Tocoferolo Acetato D-Alfa,INGREDIENT,AIFA package table,Tocoferolo Acetato D-Alfa,tocoferolo d-alfa,A11HA03,A11HA,A11HA03,monotherapy_confezioni,,not_found,,not_found,0.898479
Tofacitinib,INGREDIENT,AIFA package table,Tofacitinib,tofacitinib,L04AF01,L04AF,L04AF01,monotherapy_confezioni,1357536,rxnav_atc_verified,DDInter1825,ddinter_retrieval,0.936875
Tofersen,INGREDIENT,AIFA package table,Tofersen,tofersen,N07XX22,N07XX,N07XX22,monotherapy_confezioni,2634995,rxnav_atc_verified,,not_found,0.844357
Tolcapone,INGREDIENT,AIFA package table,Tolcapone,tolcapone,N04BX01,N04BX,N04BX01,monotherapy_confezioni,72937,rxnav_atc_verified,DDInter1829,ddinter_retrieval,0.930194
Tolterodina Tartrato,INGREDIENT,AIFA package table,Tolterodina Tartrato,tolterodina,G04BD07,G04BD,G04BD07,monotherapy_confezioni,119565,rxnav_atc_verified,DDInter1832,ddinter_retrieval,0.901841
Tolvaptan,INGREDIENT,AIFA package table,Tolvaptan,tolvaptan,C03XA01,C03XA,C03XA01,monotherapy_confezioni,358257,rxnav_atc_verified,DDInter1833,ddinter_retrieval,0.924537
Topiramato,INGREDIENT,AIFA package table,Topiramato,topiramato,N03AX11,N03AX,N03AX11,monotherapy_confezioni,38404,rxnav_atc_verified,,not_found,0.884239
Topotecan,INGREDIENT,AIFA package table,Topotecan,topotecan,L01CE01,L01CE,L01CE01,monotherapy_confezioni,57308,rxnav_atc_verified,DDInter1835,ddinter_retrieval,0.945599
Torasemide,INGREDIENT,AIFA package table,Torasemide,torasemide,C03CA04,C03CA,C03CA04,monotherapy_confezioni,38413,rxnav_atc_verified,DDInter1836,ddinter_retrieval,0.934653
Toremifene,INGREDIENT,AIFA package table,Toremifene,toremifene,L02BA02,L02BA,L02BA02,monotherapy_confezioni,38409,rxnav_atc_verified,DDInter1837,ddinter_retrieval,0.934635
Toripalimab,INGREDIENT,AIFA package table,Toripalimab,toripalimab,L01FF13,L01FF,L01FF13,monotherapy_confezioni,2669406,rxnav_atc_verified,,not_found,0.868362
Tossina Botulinica,INGREDIENT,AIFA package table,Tossina Botulinica,tossina botulinica,M03AX01,M03AX,M03AX01,monotherapy_confezioni,,not_found,,not_found,0.889727
Tossina Botulinica Di Clostridium Botulinum Tipo A,INGREDIENT,AIFA package table,Tossina Botulinica Di Clostridium Botulinum Tipo A,tossina botulinica di clostridium botulinum tipo a,M03AX01,M03AX,M03AX01,monotherapy_confezioni,,not_found,DDInter225,ddinter_retrieval,0.925441
Tossina Botulinica Di Tipo A,INGREDIENT,AIFA package table,Tossina Botulinica Di Tipo A,tossina botulinica di tipo a,M03AX01,M03AX,M03AX01,monotherapy_confezioni,,not_found,DDInter225,ddinter_retrieval,0.949765
Tozinameran,INGREDIENT,AIFA package table,Tozinameran,tozinameran,J07BN01,J07BN,J07BN01,monotherapy_confezioni,2468230,rxnav_atc_verified,,not_found,0.867836
Trabectedin,INGREDIENT,AIFA package table,Trabectedin,trabectedin,L01CX01,L01CX,L01CX01,monotherapy_confezioni,1716278,rxnav_atc_verified,DDInter1840,ddinter_retrieval,0.961286
Trabectedina,INGREDIENT,AIFA package table,Trabectedina,trabectedina,L01CX01,L01CX,L01CX01,monotherapy_confezioni,1716278,rxnav_atc_verified,DDInter1840,ddinter_retrieval,0.905653
Tralokinumab,INGREDIENT,AIFA package table,Tralokinumab,tralokinumab,D11AH07,D11AH,D11AH07,monotherapy_confezioni,2589225,rxnav_atc_verified,,not_found,0.879243
Tramadolo Cloridrato,INGREDIENT,AIFA package table,Tramadolo Cloridrato,tramadolo,N02AX02,N02AX,N02AX02,monotherapy_confezioni,10689,rxnav_atc_verified,DDInter1790,ddinter_retrieval,0.90079
Tramazolina Cloridrato,INGREDIENT,AIFA package table,Tramazolina Cloridrato,tramazolina,R01AA09,R01AA,R01AA09,monotherapy_confezioni,38453,rxnav_atc_verified,,not_found,0.896275
Trametinib,INGREDIENT,AIFA package table,Trametinib,trametinib,L01EE01,L01EE,L01EE01,monotherapy_confezioni,1425099,rxnav_atc_verified,DDInter1842,ddinter_retrieval,0.927164
Trandolapril,INGREDIENT,AIFA package table,Trandolapril,trandolapril,C09AA10,C09AA,C09AA10,monotherapy_confezioni,38454,rxnav_atc_verified,DDInter1843,ddinter_retrieval,0.928768
Trastuzumab,INGREDIENT,AIFA package table,Trastuzumab,trastuzumab,L01FD01,L01FD,L01FD01,monotherapy_confezioni,224905,rxnav_atc_verified,DDInter1846,ddinter_retrieval,0.930749
Trastuzumab Deruxtecan,INGREDIENT,AIFA package table,Trastuzumab Deruxtecan,trastuzumab deruxtecan,L01FD04,L01FD,L01FD04,monotherapy_confezioni,2267582,rxnav_atc_verified,DDInter1847,ddinter_retrieval,0.94822
Trastuzumab Emtansine,INGREDIENT,AIFA package table,Trastuzumab Emtansine,trastuzumab emtansine,L01FD03,L01FD,L01FD03,monotherapy_confezioni,1371041,rxnav_atc_verified,DDInter1848,ddinter_retrieval,0.934776
Travoprost,INGREDIENT,AIFA package table,Travoprost,travoprost,S01EE04,S01EE,S01EE04,monotherapy_confezioni,283809,rxnav_atc_verified,DDInter1849,ddinter_retrieval,0.934005
Trazodone,INGREDIENT,AIFA package table,Trazodone,trazodone,N06AX05,N06AX,N06AX05,monotherapy_confezioni,10737,rxnav_atc_verified,DDInter1851,ddinter_retrieval,0.917852
Tremelimumab,INGREDIENT,AIFA package table,Tremelimumab,tremelimumab,L01FX20,L01FX,L01FX20,monotherapy_confezioni,2619313,rxnav_atc_verified,,not_found,0.87855
Treosulfan,INGREDIENT,AIFA package table,Treosulfan,treosulfan,L01AB02,L01AB,L01AB02,monotherapy_confezioni,38508,rxnav_atc_verified,,not_found,0.879442
Treprostinil Sodio,INGREDIENT,AIFA package table,Treprostinil Sodio,treprostinil sodio,B01AC21,B01AC,B01AC21,monotherapy_confezioni,343048,rxnav_atc_verified,DDInter1852,ddinter_retrieval,0.938018
Tretinoina,INGREDIENT,AIFA package table,Tretinoina,tretinoina,D10AD01,D10AD,D10AD01,monotherapy_confezioni,10753,rxnav_atc_verified,DDInter1853,ddinter_retrieval,0.939459
Triamcinolone Acetonide,INGREDIENT,AIFA package table,Triamcinolone Acetonide,triamcinolone acetonide,H02AB08,H02AB,H02AB08,monotherapy_confezioni,10761,rxnav_atc_verified,DDInter1855,ddinter_retrieval,0.921682
Triazolam,INGREDIENT,AIFA package table,Triazolam,triazolam,N05CD05,N05CD,N05CD05,monotherapy_confezioni,10767,rxnav_atc_verified,DDInter1860,ddinter_retrieval,0.931289
Trientina,INGREDIENT,AIFA package table,Trientina,trientina,A16AX12,A16AX,A16AX12,monotherapy_confezioni,10798,rxnav_atc_verified,,not_found,0.853943
Trientina Diidrocloruro,INGREDIENT,AIFA package table,Trientina Diidrocloruro,trientina diidrocloruro,A16AX12,A16AX,A16AX12,monotherapy_confezioni,10798,rxnav_atc_verified,,not_found,0.892491
Triesifenidile Cloridrato,INGREDIENT,AIFA package table,Triesifenidile Cloridrato,triesifenidile,N04AA01,N04AA,N04AA01,monotherapy_confezioni,,not_found,,not_found,0.891415
Trifarotene,INGREDIENT,AIFA package table,Trifarotene,trifarotene,D10AD06,D10AD,D10AD06,monotherapy_confezioni,2205637,rxnav_atc_verified,DDInter1865,ddinter_retrieval,0.906136
Trifluoperazina,INGREDIENT,AIFA package table,Trifluoperazina,trifluoperazina,N05AB06,N05AB,N05AB06,monotherapy_confezioni,10800,rxnav_atc_verified,DDInter1866,ddinter_retrieval,0.913132
Triiodotironina T3,INGREDIENT,AIFA package table,Triiodotironina T3,triiodotironina t3,V03AX,V03AX,V03AX,monotherapy_confezioni,,not_found,DDInter1880,ddinter_retrieval,0.914861
Trillium Pendulum,INGREDIENT,AIFA package table,Trillium Pendulum,trillium pendulum,V03AX,V03AX,V03AX,monotherapy_confezioni,,not_found,,not_found,0.8653
Trimebutina,INGREDIENT,AIFA package table,Trimebutina,trimebutina,A03AA05,A03AA,A03AA05,monotherapy_confezioni,10819,rxnav_atc_verified,,not_found,0.880682
Trimetazidina Dicloridrato,INGREDIENT,AIFA package table,Trimetazidina Dicloridrato,trimetazidina dicloridrato,C01EB15,C01EB,C01EB15,monotherapy_confezioni,10826,rxnav_atc_verified,,not_found,0.896994
Trimipramina,INGREDIENT,AIFA package table,Trimipramina,trimipramina,N06AA06,N06AA,N06AA06,monotherapy_confezioni,10834,rxnav_atc_verified,DDInter1876,ddinter_retrieval,0.924624
Triossido Di Arsenico,INGREDIENT,AIFA package table,Triossido Di Arsenico,triossido di arsenico,L01XX27,L01XX,L01XX27,monotherapy_confezioni,,not_found,DDInter120,ddinter_retrieval,0.930549
Triptorelina,INGREDIENT,AIFA package table,Triptorelina,triptorelina,L02AE04,L02AE,L02AE04,monotherapy_confezioni,38782,rxnav_atc_verified,DDInter1880,ddinter_retrieval,0.913402
Triptorelina Embonato,INGREDIENT,AIFA package table,Triptorelina Embonato,triptorelina embonato,L02AE04,L02AE,L02AE04,monotherapy_confezioni,38782,rxnav_atc_verified,DDInter1880,ddinter_retrieval,0.911103
Citrato Trisodico Biidrato,INGREDIENT,AIFA package table,Citrato Trisodico Biidrato,trisodico,V07AC,V07AC,V07AC,monotherapy_confezioni,,not_found,DDInter1686,ddinter_retrieval,0.910892
Triticum Vulgare Pianta Intera (Triticum Vulgare) Estratto Acquoso,INGREDIENT,AIFA package table,Triticum Vulgare Pianta Intera (Triticum Vulgare) Estratto Acquoso,triticum vulgare pianta intera (triticum vulgare) estratto acquoso,G02CX,G02CX,G02CX,monotherapy_confezioni,,not_found,,not_found,0.842913
Trometamolo,INGREDIENT,AIFA package table,Trometamolo,trometamolo,B05BB03,B05BB,B05BB03,monotherapy_confezioni,10865,rxnav_atc_verified,,not_found,0.872852
Tropicamide,INGREDIENT,AIFA package table,Tropicamide,tropicamide,S01FA06,S01FA,S01FA06,monotherapy_confezioni,10869,rxnav_atc_verified,DDInter1884,ddinter_retrieval,0.950488
Trospio Cloruro,INGREDIENT,AIFA package table,Trospio Cloruro,trospio cloruro,G04BD09,G04BD,G04BD09,monotherapy_confezioni,236778,rxnav_atc_verified,DDInter1790,ddinter_retrieval,0.91432
Trospium Cloruro,INGREDIENT,AIFA package table,Trospium Cloruro,trospium cloruro,G04BD09,G04BD,G04BD09,monotherapy_confezioni,236778,rxnav_atc_verified,DDInter1790,ddinter_retrieval,0.907917
Troxerutina,INGREDIENT,AIFA package table,Troxerutina,troxerutina,C05CA04,C05CA,C05CA04,monotherapy_confezioni,38893,rxnav_atc_verified,,not_found,0.886792
Tubercolinum,INGREDIENT,AIFA package table,Tubercolinum,tubercolinum,V03AX,V03AX,V03AX,monotherapy_confezioni,,not_found,,not_found,0.846886
Tucatinib,INGREDIENT,AIFA package table,Tucatinib,tucatinib,L01EH03,L01EH,L01EH03,monotherapy_confezioni,2361285,rxnav_atc_verified,DDInter1891,ddinter_retrieval,0.923414
Ubidecarenone,INGREDIENT,AIFA package table,Ubidecarenone,ubidecarenone,C01EB09,C01EB,C01EB09,monotherapy_confezioni,21406,rxnav_atc_verified,,not_found,0.87455
Ublituximab,INGREDIENT,AIFA package table,Ublituximab,ublituximab,L04AG14,L04AG,L04AG14,monotherapy_confezioni,2626349,rxnav_atc_verified,,not_found,0.892317
Ulipristal,INGREDIENT,AIFA package table,Ulipristal,ulipristal,G03AD02,G03AD,G03AD02,monotherapy_confezioni,1005921,rxnav_atc_verified,DDInter1897,ddinter_retrieval,0.938389
Umeclidinio,INGREDIENT,AIFA package table,Umeclidinio,umeclidinio,R03BB07,R03BB,R03BB07,monotherapy_confezioni,1487514,rxnav_atc_verified,,not_found,0.885862
Umeclidino Bromuro,INGREDIENT,AIFA package table,Umeclidino Bromuro,umeclidino,R03BB07,R03BB,R03BB07,monotherapy_confezioni,1487514,rxnav_atc_verified,,not_found,0.892727
Upadacitinib,INGREDIENT,AIFA package table,Upadacitinib,upadacitinib,L04AF03,L04AF,L04AF03,monotherapy_confezioni,2196092,rxnav_atc_verified,DDInter1901,ddinter_retrieval,0.926546
Urapidil,INGREDIENT,AIFA package table,Urapidil,urapidil,C02CA06,C02CA,C02CA06,monotherapy_confezioni,39230,rxnav_atc_verified,,not_found,0.878818
Urea 13C,INGREDIENT,AIFA package table,Urea 13C,urea 13c,V04CX05,V04CX,V04CX05,monotherapy_confezioni,226724,rxnav_atc_verified,,not_found,0.885047
Urea C Tredici,INGREDIENT,AIFA package table,Urea C Tredici,urea c tredici,V04CX05,V04CX,V04CX05,monotherapy_confezioni,226724,rxnav_atc_verified,,not_found,0.885921
Urochinasi,INGREDIENT,AIFA package table,Urochinasi,urochinasi,B01AD04,B01AD,B01AD04,monotherapy_confezioni,11055,rxnav_atc_verified,,not_found,0.883263
Urofollitropina,INGREDIENT,AIFA package table,Urofollitropina,urofollitropina,G03GA04,G03GA,G03GA04,monotherapy_confezioni,134404,rxnav_atc_verified,DDInter1904,ddinter_retrieval,0.91534
Urtica Dioica,INGREDIENT,AIFA package table,Urtica Dioica,urtica dioica,V03AX,V03AX,V03AX,monotherapy_confezioni,,not_found,,not_found,0.877591
Urtica Urens,INGREDIENT,AIFA package table,Urtica Urens,urtica urens,V03AX,V03AX,V03AX,monotherapy_confezioni,,not_found,,not_found,0.883278
Ustekinumab,INGREDIENT,AIFA package table,Ustekinumab,ustekinumab,L04AC05,L04AC,L04AC05,monotherapy_confezioni,847083,rxnav_atc_verified,DDInter1907,ddinter_retrieval,0.920784
Ustilago Maidis,INGREDIENT,AIFA package table,Ustilago Maidis,ustilago maidis,V03AX,V03AX,V03AX,monotherapy_confezioni,,not_found,,not_found,0.877291
"Vaccino (Adsorbito) Difterico, Tetanico, Pertossico (Componente Acellulare)",INGREDIENT,AIFA package table,"Vaccino (Adsorbito) Difterico, Tetanico, Pertossico (Componente Acellulare)","vaccino (adsorbito) difterico, tetanico, pertossico (componente acellulare)",J07AJ52,J07AJ,J07AJ52,monotherapy_confezioni,,not_found,,not_found,0.878618
"Vaccino (Adsorbito) Difterico, Tetanico, Pertossico (Componente Acellulare) E Poliomielitico (Inattivato)",INGREDIENT,AIFA package table,"Vaccino (Adsorbito) Difterico, Tetanico, Pertossico (Componente Acellulare) E Poliomielitico (Inattivato)","vaccino (adsorbito) difterico, tetanico, pertossico (componente acellulare) e poliomielitico (inattivato)",J07CA02,J07CA,J07CA02,monotherapy_confezioni,,not_found,,not_found,0.88344
Vaccino A Mrna Anti-Covid-19,INGREDIENT,AIFA package table,Vaccino A Mrna Anti-Covid-19,vaccino a mrna anti-covid-19,J07BN01,J07BN,J07BN01,monotherapy_confezioni,2470232,rxnav_atc_verified,,not_found,0.896817
Vaccino A Mrna Anti-Influenzale E Anti-Covid-19,INGREDIENT,AIFA package table,Vaccino A Mrna Anti-Influenzale E Anti-Covid-19,vaccino a mrna anti-influenzale e anti-covid-19,J07B,,J07B,monotherapy_confezioni,,not_found,,not_found,0.88083
Vaccino Anti-Difterico. Pertosse. Tetanico E Anti-Epatite B,INGREDIENT,AIFA package table,Vaccino Anti-Difterico. Pertosse. Tetanico E Anti-Epatite B,vaccino anti-difterico. pertosse. tetanico e anti-epatite b,J07CA09,J07CA,J07CA09,monotherapy_confezioni,,not_found,,not_found,0.866309
"Vaccino  Anticolerico (Vivo, Ricombinante, Orale)",INGREDIENT,AIFA package table,"Vaccino  Anticolerico (Vivo, Ricombinante, Orale)","vaccino anticolerico (vivo, ricombinante, orale)",J07AE02,J07AE,J07AE02,monotherapy_confezioni,,not_found,,not_found,0.888442
"Vaccino Anticovid-19 (Ricombinante, Adiuvato)",INGREDIENT,AIFA package table,"Vaccino Anticovid-19 (Ricombinante, Adiuvato)","vaccino anticovid-19 (ricombinante, adiuvato)",J07BN04,J07BN,J07BN04,monotherapy_confezioni,,not_found,DDInter1920,ddinter_retrieval,0.901162
Vaccino Antiepatite A,INGREDIENT,AIFA package table,Vaccino Antiepatite A,vaccino antiepatite a,J07BC02,J07BC,J07BC02,monotherapy_confezioni,,not_found,DDInter858,ddinter_retrieval,0.934928
Vaccino Antiinfluenzale**,INGREDIENT,AIFA package table,Vaccino Antiinfluenzale**,vaccino antiinfluenzale**,J07BB02,J07BB,J07BB02,monotherapy_confezioni,,not_found,,not_found,0.898686
"Vaccino Antinfluenzale (Antigene Di Superficie, Inattivato, Adiuvato)",INGREDIENT,AIFA package table,"Vaccino Antinfluenzale (Antigene Di Superficie, Inattivato, Adiuvato)","vaccino antinfluenzale (antigene di superficie, inattivato, adiuvato)",J07BB02,J07BB,J07BB02,monotherapy_confezioni,,not_found,,not_found,0.887602
"Vaccino Antinfluenzale (Vivo Attenuato, Nasale)",INGREDIENT,AIFA package table,"Vaccino Antinfluenzale (Vivo Attenuato, Nasale)","vaccino antinfluenzale (vivo attenuato, nasale)",J07BB03,J07BB,J07BB03,monotherapy_confezioni,,not_found,,not_found,0.889597
"Vaccino Antinfluenzale Quadrivalente (Ricombinante, Preparato In Coltura Cellulare)",INGREDIENT,AIFA package table,"Vaccino Antinfluenzale Quadrivalente (Ricombinante, Preparato In Coltura Cellulare)","vaccino antinfluenzale quadrivalente (ricombinante, preparato in coltura cellulare)",J07BB02,J07BB,J07BB02,monotherapy_confezioni,,not_found,,not_found,0.876155
"Vaccino Antinfluenzale Trivalente (Ricombinante, Preparato In Coltura Cellulare)",INGREDIENT,AIFA package table,"Vaccino Antinfluenzale Trivalente (Ricombinante, Preparato In Coltura Cellulare)","vaccino antinfluenzale trivalente (ricombinante, preparato in coltura cellulare)",J07BB02,J07BB,J07BB02,monotherapy_confezioni,,not_found,,not_found,0.869892
"Vaccino Antinfluenzale Trivalente (Virione Split, Inattivato)",INGREDIENT,AIFA package table,"Vaccino Antinfluenzale Trivalente (Virione Split, Inattivato)","vaccino antinfluenzale trivalente (virione split, inattivato)",J07BB02,J07BB,J07BB02,monotherapy_confezioni,,not_found,,not_found,0.890794
Vaccino Antivaiolo E Antivaiolo Delle Scimmie (Virus Vaccinico Vivo Ankara Modificato),INGREDIENT,AIFA package table,Vaccino Antivaiolo E Antivaiolo Delle Scimmie (Virus Vaccinico Vivo Ankara Modificato),vaccino antivaiolo e antivaiolo delle scimmie (virus vaccinico vivo ankara modificato),J07BX01,J07BX,J07BX01,monotherapy_confezioni,,not_found,DDInter1109,ddinter_retrieval,0.902706
Vaccino Colerico,INGREDIENT,AIFA package table,Vaccino Colerico,vaccino colerico,J07AE01,J07AE,J07AE01,monotherapy_confezioni,,not_found,DDInter100,ddinter_retrieval,0.90514
"Vaccino Coniugato Meningococcico Gruppo A,C,W,Y",INGREDIENT,AIFA package table,"Vaccino Coniugato Meningococcico Gruppo A,C,W,Y","vaccino coniugato meningococcico gruppo a,c,w,y",J07AH08,J07AH,J07AH08,monotherapy_confezioni,,not_found,DDInter1147,ddinter_retrieval,0.912673
"Vaccino Contro Il Virus Ebola Zaire (Rvsv&#916,G Zebov Gp1,2 Vivo Attenuato)",INGREDIENT,AIFA package table,"Vaccino Contro Il Virus Ebola Zaire (Rvsv&#916,G Zebov Gp1,2 Vivo Attenuato)","vaccino contro il virus ebola zaire (rvsv&#916,g zebov gp1,2 vivo attenuato)",J07BX02,J07BX,J07BX02,monotherapy_confezioni,,not_found,,not_found,0.873317
"Vaccino Contro La Chikungunya (Ricombinante, Adsorbito)",INGREDIENT,AIFA package table,"Vaccino Contro La Chikungunya (Ricombinante, Adsorbito)","vaccino contro la chikungunya (ricombinante, adsorbito)",J07X,,J07X,monotherapy_confezioni,,not_found,,not_found,0.896817
Vaccino Contro La Chikungunya (Vivo),INGREDIENT,AIFA package table,Vaccino Contro La Chikungunya (Vivo),vaccino contro la chikungunya (vivo),J07BX,J07BX,J07BX,monotherapy_confezioni,,not_found,DDInter1894,ddinter_retrieval,0.922548
"Vaccino Contro La Pertosse (Ricombinante, Componente Acellulare, Adsorbito)",INGREDIENT,AIFA package table,"Vaccino Contro La Pertosse (Ricombinante, Componente Acellulare, Adsorbito)","vaccino contro la pertosse (ricombinante, componente acellulare, adsorbito)",J07AJ02,J07AJ,J07AJ02,monotherapy_confezioni,,not_found,,not_found,0.880221
Vaccino Del Tifo Vivo Attenuato,INGREDIENT,AIFA package table,Vaccino Del Tifo Vivo Attenuato,vaccino del tifo vivo attenuato,J07AP01,J07AP,J07AP01,monotherapy_confezioni,,not_found,DDInter1127,ddinter_retrieval,0.929712
Vaccino Dell''Encefalite Giapponese (Inattivato Adsorbito),INGREDIENT,AIFA package table,Vaccino Dell''Encefalite Giapponese (Inattivato Adsorbito),vaccino dell''encefalite giapponese (inattivato adsorbito),J07BA02,J07BA,J07BA02,monotherapy_confezioni,,not_found,,not_found,0.875188
Vaccino Encefalite Da Zecca Purificato E Inattivato (Ceppo Neudoerlf),INGREDIENT,AIFA package table,Vaccino Encefalite Da Zecca Purificato E Inattivato (Ceppo Neudoerlf),vaccino encefalite da zecca purificato e inattivato (ceppo neudoerlf),J07BA01,J07BA,J07BA01,monotherapy_confezioni,,not_found,,not_found,0.888195
Vaccino Epatite B Da Dna Ricombinante,INGREDIENT,AIFA package table,Vaccino Epatite B Da Dna Ricombinante,vaccino epatite b da dna ricombinante,J07BC01,J07BC,J07BC01,monotherapy_confezioni,,not_found,,not_found,0.897542
Vaccino Epatitico A,INGREDIENT,AIFA package table,Vaccino Epatitico A,vaccino epatitico a,J07BC02,J07BC,J07BC02,monotherapy_confezioni,,not_found,DDInter858,ddinter_retrieval,0.944315
Vaccino Epatitico B,INGREDIENT,AIFA package table,Vaccino Epatitico B,vaccino epatitico b,J07BC01,J07BC,J07BC01,monotherapy_confezioni,,not_found,DDInter860,ddinter_retrieval,0.92162
Vaccino Febbre Gialla Vivo,INGREDIENT,AIFA package table,Vaccino Febbre Gialla Vivo,vaccino febbre gialla vivo,J07BL01,J07BL,J07BL01,monotherapy_confezioni,,not_found,DDInter1894,ddinter_retrieval,0.913937
Vaccino Haemophilus Influenzae B Coniugato Con Tossoidetetanico,INGREDIENT,AIFA package table,Vaccino Haemophilus Influenzae B Coniugato Con Tossoidetetanico,vaccino haemophilus influenzae b coniugato con tossoidetetanico,J07AG51,J07AG,J07AG51,monotherapy_confezioni,,not_found,,not_found,0.867356
"Vaccino Influenzale Pandemico (H5N1) (Antigene Di Superficie, Inattivato, Adiuvato, Preparato In Colture Cellulari)",INGREDIENT,AIFA package table,"Vaccino Influenzale Pandemico (H5N1) (Antigene Di Superficie, Inattivato, Adiuvato, Preparato In Colture Cellulari)","vaccino influenzale pandemico (h5n1) (antigene di superficie, inattivato, adiuvato, preparato in colture cellulari)",J07BB02,J07BB,J07BB02,monotherapy_confezioni,,not_found,,not_found,0.871903
"Vaccino Influenzale Pandemico (H5N1) (Vivo Attenuato, Nasale)",INGREDIENT,AIFA package table,"Vaccino Influenzale Pandemico (H5N1) (Vivo Attenuato, Nasale)","vaccino influenzale pandemico (h5n1) (vivo attenuato, nasale)",J07BB03,J07BB,J07BB03,monotherapy_confezioni,,not_found,,not_found,0.863057
Vaccino Influenzale  Split Inattivati,INGREDIENT,AIFA package table,Vaccino Influenzale  Split Inattivati,vaccino influenzale split inattivati,J07BB02,J07BB,J07BB02,monotherapy_confezioni,,not_found,,not_found,0.895906
"Vaccino Influenzale Zoonotico (H5N1) (Antigene Di Superficie, Inattivato, Adiuvato)",INGREDIENT,AIFA package table,"Vaccino Influenzale Zoonotico (H5N1) (Antigene Di Superficie, Inattivato, Adiuvato)","vaccino influenzale zoonotico (h5n1) (antigene di superficie, inattivato, adiuvato)",J07BB02,J07BB,J07BB02,monotherapy_confezioni,,not_found,,not_found,0.893848
"Vaccino Influenzale Zoonotico (H5N1) (Antigene Di Superficie, Inattivato, Adiuvato, Preparato In Colture Cellulari)",INGREDIENT,AIFA package table,"Vaccino Influenzale Zoonotico (H5N1) (Antigene Di Superficie, Inattivato, Adiuvato, Preparato In Colture Cellulari)","vaccino influenzale zoonotico (h5n1) (antigene di superficie, inattivato, adiuvato, preparato in colture cellulari)",J07BB02,J07BB,J07BB02,monotherapy_confezioni,,not_found,,not_found,0.877053
Vaccino Meningite Cerebrospinale A C,INGREDIENT,AIFA package table,Vaccino Meningite Cerebrospinale A C,vaccino meningite cerebrospinale a c,J07AH08,J07AH,J07AH08,monotherapy_confezioni,,not_found,DDInter1147,ddinter_retrieval,0.920302
Vaccino Meningococcico Gruppo B,INGREDIENT,AIFA package table,Vaccino Meningococcico Gruppo B,vaccino meningococcico gruppo b,J07AH09,J07AH,J07AH09,monotherapy_confezioni,,not_found,DDInter1147,ddinter_retrieval,0.92601
Vaccino Meningococcico Gruppo C Coniugato Con Tossoide Difterico,INGREDIENT,AIFA package table,Vaccino Meningococcico Gruppo C Coniugato Con Tossoide Difterico,vaccino meningococcico gruppo c coniugato con tossoide difterico,J07AH07,J07AH,J07AH07,monotherapy_confezioni,,not_found,DDInter1147,ddinter_retrieval,0.91107
"Vaccino Papillomavirus Umano (Tipi Umani 6, 11, 16, 18, 31, 33, 45, 52,58)",INGREDIENT,AIFA package table,"Vaccino Papillomavirus Umano (Tipi Umani 6, 11, 16, 18, 31, 33, 45, 52,58)","vaccino papillomavirus umano (tipi umani 6, 11, 16, 18, 31, 33, 45, 52,58)",J07BM03,J07BM,J07BM03,monotherapy_confezioni,,not_found,,not_found,0.85927
"Vaccino Papillomavirus Umano (Tipi Umani 6,11,16,18)",INGREDIENT,AIFA package table,"Vaccino Papillomavirus Umano (Tipi Umani 6,11,16,18)","vaccino papillomavirus umano (tipi umani 6,11,16,18)",J07BM01,J07BM,J07BM01,monotherapy_confezioni,,not_found,,not_found,0.873674
"Vaccino Per Il Virus Respiratorio Sinciziale (Bivalente, Ricombinante)",INGREDIENT,AIFA package table,"Vaccino Per Il Virus Respiratorio Sinciziale (Bivalente, Ricombinante)","vaccino per il virus respiratorio sinciziale (bivalente, ricombinante)",J07BX05,J07BX,J07BX05,monotherapy_confezioni,,not_found,,not_found,0.877438
"Vaccino Per Il Virus Respiratorio Sinciziale (Rsv) (Ricombinante, Adiuvato)",INGREDIENT,AIFA package table,"Vaccino Per Il Virus Respiratorio Sinciziale (Rsv) (Ricombinante, Adiuvato)","vaccino per il virus respiratorio sinciziale (rsv) (ricombinante, adiuvato)",J07BX05,J07BX,J07BX05,monotherapy_confezioni,,not_found,,not_found,0.882428
"Vaccino Per L?Herpes Zoster (Ricombinante, Adiuvato",INGREDIENT,AIFA package table,"Vaccino Per L?Herpes Zoster (Ricombinante, Adiuvato","vaccino per l?herpes zoster (ricombinante, adiuvato",J07BK03,J07BK,J07BK03,monotherapy_confezioni,,not_found,DDInter1920,ddinter_retrieval,0.906477
Vaccino Pneumocatarrale,INGREDIENT,AIFA package table,Vaccino Pneumocatarrale,vaccino pneumocatarrale,J07AX,J07AX,J07AX,monotherapy_confezioni,,not_found,,not_found,0.890518
Vaccino Pneumococcico,INGREDIENT,AIFA package table,Vaccino Pneumococcico,vaccino pneumococcico,J07AL01,J07AL,J07AL01,monotherapy_confezioni,,not_found,,not_found,0.898282
Vaccino Pneumococcico Polisaccaridico Coniugato (13 Valente Adsorbito),INGREDIENT,AIFA package table,Vaccino Pneumococcico Polisaccaridico Coniugato (13 Valente Adsorbito),vaccino pneumococcico polisaccaridico coniugato (13 valente adsorbito),J07AL02,J07AL,J07AL02,monotherapy_confezioni,,not_found,,not_found,0.879833
"Vaccino Pneumococcico Polisaccaridico Coniugato (15-Valente, Adsorbito)",INGREDIENT,AIFA package table,"Vaccino Pneumococcico Polisaccaridico Coniugato (15-Valente, Adsorbito)","vaccino pneumococcico polisaccaridico coniugato (15-valente, adsorbito)",J07AL02,J07AL,J07AL02,monotherapy_confezioni,,not_found,,not_found,0.885946
"Vaccino Pneumococcico Polisaccaridico Coniugato (20-Valente, Adsorbito)",INGREDIENT,AIFA package table,"Vaccino Pneumococcico Polisaccaridico Coniugato (20-Valente, Adsorbito)","vaccino pneumococcico polisaccaridico coniugato (20-valente, adsorbito)",J07AL02,J07AL,J07AL02,monotherapy_confezioni,,not_found,,not_found,0.885938
Vaccino Pneumococcico Polisaccaridico Coniugato (21-Valente),INGREDIENT,AIFA package table,Vaccino Pneumococcico Polisaccaridico Coniugato (21-Valente),vaccino pneumococcico polisaccaridico coniugato (21-valente),J07AL02,J07AL,J07AL02,monotherapy_confezioni,,not_found,,not_found,0.887868
Vaccino Pneumococcico Polisaccaridico Coniugato (Adsorbito),INGREDIENT,AIFA package table,Vaccino Pneumococcico Polisaccaridico Coniugato (Adsorbito),vaccino pneumococcico polisaccaridico coniugato (adsorbito),J07AL52,J07AL,J07AL52,monotherapy_confezioni,,not_found,,not_found,0.89576
Vaccino Poliomielitico Inattivato,INGREDIENT,AIFA package table,Vaccino Poliomielitico Inattivato,vaccino poliomielitico inattivato,J07BF03,J07BF,J07BF03,monotherapy_confezioni,,not_found,DDInter1893,ddinter_retrieval,0.933755
Vaccino Rabbico Uso Umano Da Colture Cellulari,INGREDIENT,AIFA package table,Vaccino Rabbico Uso Umano Da Colture Cellulari,vaccino rabbico uso umano da colture cellulari,J07BG01,J07BG,J07BG01,monotherapy_confezioni,,not_found,,not_found,0.88066
Vaccino Tetanico Adsorbito,INGREDIENT,AIFA package table,Vaccino Tetanico Adsorbito,vaccino tetanico adsorbito,J07AM01,J07AM,J07AM01,monotherapy_confezioni,,not_found,,not_found,0.897399
"Vaccino Tetravalente Per La Dengue (Vivo, Attenuato)",INGREDIENT,AIFA package table,"Vaccino Tetravalente Per La Dengue (Vivo, Attenuato)","vaccino tetravalente per la dengue (vivo, attenuato)",J07BX04,J07BX,J07BX04,monotherapy_confezioni,,not_found,,not_found,0.883321
Vaccino Tifoideo,INGREDIENT,AIFA package table,Vaccino Tifoideo,vaccino tifoideo,J07AP03,J07AP,J07AP03,monotherapy_confezioni,,not_found,DDInter1894,ddinter_retrieval,0.930195
Vaccino Varicella Vivo,INGREDIENT,AIFA package table,Vaccino Varicella Vivo,vaccino varicella vivo,J07BK01,J07BK,J07BK01,monotherapy_confezioni,,not_found,DDInter1894,ddinter_retrieval,0.902507
Vaccino Vivo Attenuato Anti Rotavirus,INGREDIENT,AIFA package table,Vaccino Vivo Attenuato Anti Rotavirus,vaccino vivo attenuato anti rotavirus,J07BH01,J07BH,J07BH01,monotherapy_confezioni,,not_found,DDInter1623,ddinter_retrieval,0.918122
Vadadustat,INGREDIENT,AIFA package table,Vadadustat,vadadustat,B03XA08,B03XA,B03XA08,monotherapy_confezioni,2679296,rxnav_atc_verified,,not_found,0.87395
Valaciclovir,INGREDIENT,AIFA package table,Valaciclovir,valaciclovir,J05AB11,J05AB,J05AB11,monotherapy_confezioni,73645,rxnav_atc_verified,DDInter1908,ddinter_retrieval,0.934383
Valeriana,INGREDIENT,AIFA package table,Valeriana,valeriana,N05CM09,N05CM,N05CM09,monotherapy_confezioni,253206,rxnav_atc_verified,DDInter1911,ddinter_retrieval,0.900175
Valeriana (Estratto Secco),INGREDIENT,AIFA package table,Valeriana (Estratto Secco),valeriana (estratto secco),N05CM09,N05CM,N05CM09,monotherapy_confezioni,253206,rxnav_atc_verified,,not_found,0.88476
Valeriana Officinalis,INGREDIENT,AIFA package table,Valeriana Officinalis,valeriana officinalis,V03AX,V03AX,V03AX,monotherapy_confezioni,,not_found,,not_found,0.888994
Valganciclovir,INGREDIENT,AIFA package table,Valganciclovir,valganciclovir,J05AB14,J05AB,J05AB14,monotherapy_confezioni,275891,rxnav_atc_verified,DDInter1912,ddinter_retrieval,0.936351
Valpromide,INGREDIENT,AIFA package table,Valpromide,valpromide,N03AG02,N03AG,N03AG02,monotherapy_confezioni,23420,rxnav_atc_verified,,not_found,0.878478
Valsartan,INGREDIENT,AIFA package table,Valsartan,valsartan,C09CA03,C09CA,C09CA03,monotherapy_confezioni,69749,rxnav_atc_verified,DDInter1915,ddinter_retrieval,0.925392
Vamorolone,INGREDIENT,AIFA package table,Vamorolone,vamorolone,H02AB18,H02AB,H02AB18,monotherapy_confezioni,2669799,rxnav_atc_verified,,not_found,0.864774
Vancomicina,INGREDIENT,AIFA package table,Vancomicina,vancomicina,J01XA01,J01XA,J01XA01,monotherapy_confezioni,11124,rxnav_atc_verified,DDInter1916,ddinter_retrieval,0.926102
Vandetanib,INGREDIENT,AIFA package table,Vandetanib,vandetanib,L01EX04,L01EX,L01EX04,monotherapy_confezioni,1098413,rxnav_atc_verified,DDInter1917,ddinter_retrieval,0.934387
Vardenafil,INGREDIENT,AIFA package table,Vardenafil,vardenafil,G04BE09,G04BE,G04BE09,monotherapy_confezioni,306674,rxnav_atc_verified,DDInter1918,ddinter_retrieval,0.932085
Vardenafil Idrocloridrato,INGREDIENT,AIFA package table,Vardenafil Idrocloridrato,vardenafil idrocloridrato,G04BE09,G04BE,G04BE09,monotherapy_confezioni,306674,rxnav_atc_verified,DDInter1918,ddinter_retrieval,0.901773
Vareniclina Tartrato,INGREDIENT,AIFA package table,Vareniclina Tartrato,vareniclina,N07BA03,N07BA,N07BA03,monotherapy_confezioni,591622,rxnav_atc_verified,DDInter1919,ddinter_retrieval,0.902519
Vedolizumab,INGREDIENT,AIFA package table,Vedolizumab,vedolizumab,L04AG05,L04AG,L04AG05,monotherapy_confezioni,1538097,rxnav_atc_verified,DDInter1923,ddinter_retrieval,0.922367
Velaglucerase Alfa,INGREDIENT,AIFA package table,Velaglucerase Alfa,velaglucerase alfa,A16AB10,A16AB,A16AB10,monotherapy_confezioni,901805,rxnav_atc_verified,DDInter104,ddinter_retrieval,0.912901
Velmanase Alfa,INGREDIENT,AIFA package table,Velmanase Alfa,velmanase alfa,A16AB15,A16AB,A16AB15,monotherapy_confezioni,2630725,rxnav_atc_verified,DDInter587,ddinter_retrieval,0.915434
Vemurafenib,INGREDIENT,AIFA package table,Vemurafenib,vemurafenib,L01EC01,L01EC,L01EC01,monotherapy_confezioni,1147220,rxnav_atc_verified,DDInter1925,ddinter_retrieval,0.922709
Venetoclax,INGREDIENT,AIFA package table,Venetoclax,venetoclax,L01XX52,L01XX,L01XX52,monotherapy_confezioni,1747556,rxnav_atc_verified,DDInter1926,ddinter_retrieval,0.947347
Venlafaxina,INGREDIENT,AIFA package table,Venlafaxina,venlafaxina,N06AX16,N06AX,N06AX16,monotherapy_confezioni,39786,rxnav_atc_verified,DDInter1927,ddinter_retrieval,0.928042
Verapamil Cloridrato,INGREDIENT,AIFA package table,Verapamil Cloridrato,verapamil,C08DA01,C08DA,C08DA01,monotherapy_confezioni,11170,rxnav_atc_verified,DDInter1928,ddinter_retrieval,0.919569
Veratrum Album,INGREDIENT,AIFA package table,Veratrum Album,veratrum album,V03AX,V03AX,V03AX,monotherapy_confezioni,,not_found,,not_found,0.859232
Veratrum Viride,INGREDIENT,AIFA package table,Veratrum Viride,veratrum viride,V03AX,V03AX,V03AX,monotherapy_confezioni,,not_found,,not_found,0.875221
Verbascum,INGREDIENT,AIFA package table,Verbascum,verbascum,V03AX,V03AX,V03AX,monotherapy_confezioni,,not_found,,not_found,0.848122
Verbena Officinalis,INGREDIENT,AIFA package table,Verbena Officinalis,verbena officinalis,V03AX,V03AX,V03AX,monotherapy_confezioni,,not_found,,not_found,0.871208
Verde Indocianina,INGREDIENT,AIFA package table,Verde Indocianina,verde indocianina,V04CX,V04CX,V04CX,monotherapy_confezioni,,not_found,,not_found,0.873832
Vericiguat,INGREDIENT,AIFA package table,Vericiguat,vericiguat,C01DX22,C01DX,C01DX22,monotherapy_confezioni,2475830,rxnav_atc_verified,,not_found,0.867446
Vernakalant,INGREDIENT,AIFA package table,Vernakalant,vernakalant,C01BG11,C01BG,C01BG11,monotherapy_confezioni,,not_found,,not_found,0.836069
Verteporfina,INGREDIENT,AIFA package table,Verteporfina,verteporfina,S01LA01,S01LA,S01LA01,monotherapy_confezioni,118886,rxnav_atc_verified,DDInter1929,ddinter_retrieval,0.930949
Vestronidasi Alfa,INGREDIENT,AIFA package table,Vestronidasi Alfa,vestronidasi alfa,A16AB18,A16AB,A16AB18,monotherapy_confezioni,1989819,rxnav_atc_verified,DDInter587,ddinter_retrieval,0.906602
Vibegron,INGREDIENT,AIFA package table,Vibegron,vibegron,G04BD15,G04BD,G04BD15,monotherapy_confezioni,2472254,rxnav_atc_verified,DDInter1930,ddinter_retrieval,0.932217
Viburnum Opulus,INGREDIENT,AIFA package table,Viburnum Opulus,viburnum opulus,V03AX,V03AX,V03AX,monotherapy_confezioni,,not_found,,not_found,0.842742
Vigabatrin,INGREDIENT,AIFA package table,Vigabatrin,vigabatrin,N03AG04,N03AG,N03AG04,monotherapy_confezioni,14851,rxnav_atc_verified,DDInter1933,ddinter_retrieval,0.933288
Vildagliptin,INGREDIENT,AIFA package table,Vildagliptin,vildagliptin,A10BH02,A10BH,A10BH02,monotherapy_confezioni,596554,rxnav_atc_verified,,not_found,0.888038
Vilobelimab,INGREDIENT,AIFA package table,Vilobelimab,vilobelimab,L04AJ,L04AJ,L04AJ,monotherapy_confezioni,2639620,rxnav_atc_verified,,not_found,0.863784
Vimseltinib,INGREDIENT,AIFA package table,Vimseltinib,vimseltinib,L01EX29,L01EX,L01EX29,monotherapy_confezioni,2705378,rxnav_atc_verified,,not_found,0.867904
Vinblastina Solfato,INGREDIENT,AIFA package table,Vinblastina Solfato,vinblastina,L01CA01,L01CA,L01CA01,monotherapy_confezioni,11198,rxnav_atc_verified,,not_found,0.890123
Vincetoxicum,INGREDIENT,AIFA package table,Vincetoxicum,vincetoxicum,V03AX,V03AX,V03AX,monotherapy_confezioni,,not_found,,not_found,0.855448
Vincristina Solfato,INGREDIENT,AIFA package table,Vincristina Solfato,vincristina,L01CA02,L01CA,L01CA02,monotherapy_confezioni,11202,rxnav_atc_verified,DDInter1937,ddinter_retrieval,0.90613
Vindesina Solfato,INGREDIENT,AIFA package table,Vindesina Solfato,vindesina,L01CA03,L01CA,L01CA03,monotherapy_confezioni,11204,rxnav_atc_verified,DDInter371,ddinter_retrieval,0.900449
Vinflunine,INGREDIENT,AIFA package table,Vinflunine,vinflunine,L01CA05,L01CA,L01CA05,monotherapy_confezioni,,not_found,,not_found,0.897259
Vinorelbina,INGREDIENT,AIFA package table,Vinorelbina,vinorelbina,L01CA04,L01CA,L01CA04,monotherapy_confezioni,39541,rxnav_atc_verified,DDInter1939,ddinter_retrieval,0.911098
Viola Odorata,INGREDIENT,AIFA package table,Viola Odorata,viola odorata,V03AX,V03AX,V03AX,monotherapy_confezioni,,not_found,,not_found,0.860608
Viola Tricolor,INGREDIENT,AIFA package table,Viola Tricolor,viola tricolor,V03AX,V03AX,V03AX,monotherapy_confezioni,,not_found,,not_found,0.848078
Virus Della Varicella Vivo Attenuato(Ceppo Oka),INGREDIENT,AIFA package table,Virus Della Varicella Vivo Attenuato(Ceppo Oka),virus della varicella vivo attenuato(ceppo oka),J07BK01,J07BK,J07BK01,monotherapy_confezioni,1292422,rxnav_atc_verified,,not_found,0.860461
Viscum Album,INGREDIENT,AIFA package table,Viscum Album,viscum album,V03AX,V03AX,V03AX,monotherapy_confezioni,,not_found,,not_found,0.846474
Vismodegib,INGREDIENT,AIFA package table,Vismodegib,vismodegib,L01XJ01,L01XJ,L01XJ01,monotherapy_confezioni,1242987,rxnav_atc_verified,DDInter1940,ddinter_retrieval,0.931985
Voclosporina,INGREDIENT,AIFA package table,Voclosporina,voclosporina,L04AD03,L04AD,L04AD03,monotherapy_confezioni,2475166,rxnav_atc_verified,DDInter1950,ddinter_retrieval,0.900051
Volanesorsen Sodico,INGREDIENT,AIFA package table,Volanesorsen Sodico,volanesorsen,C10AX18,C10AX,C10AX18,monotherapy_confezioni,2637345,rxnav_atc_verified,,not_found,0.884621
Vonicog Alfa,INGREDIENT,AIFA package table,Vonicog Alfa,vonicog alfa,B02BD10,B02BD,B02BD10,monotherapy_confezioni,,not_found,,not_found,0.891725
Vorasidenib,INGREDIENT,AIFA package table,Vorasidenib,vorasidenib,L01XM04,L01XM,L01XM04,monotherapy_confezioni,2690647,rxnav_atc_verified,,not_found,0.882006
Voretigene Neparvovec,INGREDIENT,AIFA package table,Voretigene Neparvovec,voretigene neparvovec,S01XA27,S01XA,S01XA27,monotherapy_confezioni,1995537,rxnav_atc_verified,,not_found,0.862277
Voriconazolo,INGREDIENT,AIFA package table,Voriconazolo,voriconazolo,J02AC03,J02AC,J02AC03,monotherapy_confezioni,121243,rxnav_atc_verified,DDInter1946,ddinter_retrieval,0.909167
Vortioxetina,INGREDIENT,AIFA package table,Vortioxetina,vortioxetina,N06AX26,N06AX,N06AX26,monotherapy_confezioni,1455099,rxnav_atc_verified,DDInter1948,ddinter_retrieval,0.944022
"Vortioxetina (D,L)-Lattato",INGREDIENT,AIFA package table,"Vortioxetina (D,L)-Lattato","vortioxetina (d,l)-lattato",N06AX26,N06AX,N06AX26,monotherapy_confezioni,7500,rxnav_atc_verified,DDInter1948,ddinter_retrieval,0.915067
Vortioxetina Bromidrato,INGREDIENT,AIFA package table,Vortioxetina Bromidrato,vortioxetina bromidrato,N06AX26,N06AX,N06AX26,monotherapy_confezioni,1455099,rxnav_atc_verified,DDInter1948,ddinter_retrieval,0.926546
Vosoritide,INGREDIENT,AIFA package table,Vosoritide,vosoritide,M05BX07,M05BX,M05BX07,monotherapy_confezioni,2586354,rxnav_atc_verified,,not_found,0.861322
Voxelotor,INGREDIENT,AIFA package table,Voxelotor,voxelotor,B06AX03,B06AX,B06AX03,monotherapy_confezioni,2265678,rxnav_atc_verified,DDInter1949,ddinter_retrieval,0.95076
Vutrisiran,INGREDIENT,AIFA package table,Vutrisiran,vutrisiran,N07XX18,N07XX,N07XX18,monotherapy_confezioni,2604578,rxnav_atc_verified,,not_found,0.883083
Warfarin Sodico,INGREDIENT,AIFA package table,Warfarin Sodico,warfarin,B01AA03,B01AA,B01AA03,monotherapy_confezioni,11289,rxnav_atc_verified,DDInter1951,ddinter_retrieval,0.907168
Xibornolo,INGREDIENT,AIFA package table,Xibornolo,xibornolo,R02AB,R02AB,R02AB,monotherapy_confezioni,,not_found,,not_found,0.860705
Xilene,INGREDIENT,AIFA package table,Xilene,xilene,S02DC,S02DC,S02DC,monotherapy_confezioni,,not_found,,not_found,0.847305
Xilometazolina,INGREDIENT,AIFA package table,Xilometazolina,xilometazolina,R01AA07,R01AA,R01AA07,monotherapy_confezioni,39841,rxnav_atc_verified,,not_found,0.884625
Zafferano,INGREDIENT,AIFA package table,Zafferano,zafferano,V03AX,V03AX,V03AX,monotherapy_confezioni,,not_found,,not_found,0.849681
Zanamivir,INGREDIENT,AIFA package table,Zanamivir,zanamivir,J05AH01,J05AH,J05AH01,monotherapy_confezioni,69722,rxnav_atc_verified,DDInter1958,ddinter_retrieval,0.926632
Zanidatamab,INGREDIENT,AIFA package table,Zanidatamab,zanidatamab,L01FD07,L01FD,L01FD07,monotherapy_confezioni,2698198,rxnav_atc_verified,,not_found,0.870447
Zanubrutinib,INGREDIENT,AIFA package table,Zanubrutinib,zanubrutinib,L01EL03,L01EL,L01EL03,monotherapy_confezioni,2262435,rxnav_atc_verified,DDInter1959,ddinter_retrieval,0.926165
Zapomeran,INGREDIENT,AIFA package table,Zapomeran,zapomeran,J07BX03,J07BX,J07BX03,monotherapy_confezioni,,not_found,,not_found,0.882252
Ziconotide,INGREDIENT,AIFA package table,Ziconotide,ziconotide,N02BG08,N02BG,N02BG08,monotherapy_confezioni,68503,rxnav_atc_verified,DDInter1960,ddinter_retrieval,0.938086
Zidovudina,INGREDIENT,AIFA package table,Zidovudina,zidovudina,J05AF01,J05AF,J05AF01,monotherapy_confezioni,11413,rxnav_atc_verified,,not_found,0.889145
Zilucoplan,INGREDIENT,AIFA package table,Zilucoplan,zilucoplan,L04AJ06,L04AJ,L04AJ06,monotherapy_confezioni,2672489,rxnav_atc_verified,,not_found,0.875208
Zinco,INGREDIENT,AIFA package table,Zinco,zinco,A16AX05,A16AX,A16AX05,monotherapy_confezioni,,not_found,,not_found,0.866858
Zincum Metallicum,INGREDIENT,AIFA package table,Zincum Metallicum,zincum metallicum,V03AX,V03AX,V03AX,monotherapy_confezioni,,not_found,,not_found,0.869721
Zincum Phosphoricum,INGREDIENT,AIFA package table,Zincum Phosphoricum,zincum phosphoricum,V03AX,V03AX,V03AX,monotherapy_confezioni,,not_found,,not_found,0.868694
Zincum Sulfuricum,INGREDIENT,AIFA package table,Zincum Sulfuricum,zincum sulfuricum,V03AX,V03AX,V03AX,monotherapy_confezioni,,not_found,,not_found,0.898117
Zincum Valerianicum,INGREDIENT,AIFA package table,Zincum Valerianicum,zincum valerianicum,V03AX,V03AX,V03AX,monotherapy_confezioni,,not_found,,not_found,0.88329
Ziprasidone,INGREDIENT,AIFA package table,Ziprasidone,ziprasidone,N05AE04,N05AE,N05AE04,monotherapy_confezioni,115698,rxnav_atc_verified,DDInter1967,ddinter_retrieval,0.939536
Zofenopril Calcio,INGREDIENT,AIFA package table,Zofenopril Calcio,zofenopril,C09AA15,C09AA,C09AA15,monotherapy_confezioni,39990,rxnav_atc_verified,,not_found,0.859177
Zolbetuximab,INGREDIENT,AIFA package table,Zolbetuximab,zolbetuximab,L01FX31,L01FX,L01FX31,monotherapy_confezioni,2695869,rxnav_atc_verified,,not_found,0.883198
Zoledronic Acid,INGREDIENT,AIFA package table,Zoledronic Acid,zoledronic acid,M05BA08,M05BA,M05BA08,monotherapy_confezioni,77655,rxnav_atc_verified,DDInter1968,ddinter_retrieval,0.954398
Zolfo Esafluoruro,INGREDIENT,AIFA package table,Zolfo Esafluoruro,zolfo esafluoruro,V08DA05,V08DA,V08DA05,monotherapy_confezioni,,not_found,,not_found,0.876529
Zolmitriptan,INGREDIENT,AIFA package table,Zolmitriptan,zolmitriptan,N02CC03,N02CC,N02CC03,monotherapy_confezioni,135775,rxnav_atc_verified,DDInter1969,ddinter_retrieval,0.930362
Zolpidem,INGREDIENT,AIFA package table,Zolpidem,zolpidem,N05CF02,N05CF,N05CF02,monotherapy_confezioni,39993,rxnav_atc_verified,DDInter1970,ddinter_retrieval,0.933076
Zona Cutanea Pilo Sebacea,INGREDIENT,AIFA package table,Zona Cutanea Pilo Sebacea,zona cutanea pilo sebacea,V03AX,V03AX,V03AX,monotherapy_confezioni,,not_found,,not_found,0.877069
Zonisamide,INGREDIENT,AIFA package table,Zonisamide,zonisamide,N03AX15,N03AX,N03AX15,monotherapy_confezioni,39998,rxnav_atc_verified,DDInter1971,ddinter_retrieval,0.920149
Zopiclone,INGREDIENT,AIFA package table,Zopiclone,zopiclone,N05CF01,N05CF,N05CF01,monotherapy_confezioni,40001,rxnav_atc_verified,DDInter1972,ddinter_retrieval,0.932378
Zuclopentixolo Acetato,INGREDIENT,AIFA package table,Zuclopentixolo Acetato,zuclopentixolo,N05AF05,N05AF,N05AF05,monotherapy_confezioni,114176,rxnav_atc_verified,DDInter146,ddinter_retrieval,0.929009
Zuclopentixolo Decanoato,INGREDIENT,AIFA package table,Zuclopentixolo Decanoato,zuclopentixolo decanoato,N05AF05,N05AF,N05AF05,monotherapy_confezioni,58339,rxnav_atc_verified,DDInter519,ddinter_retrieval,0.918106
Zuclopentixolo Dicloridrato,INGREDIENT,AIFA package table,Zuclopentixolo Dicloridrato,zuclopentixolo dicloridrato,N05AF05,N05AF,N05AF05,monotherapy_confezioni,114176,rxnav_atc_verified,DDInter574,ddinter_retrieval,0.915719
Zuranolone,INGREDIENT,AIFA package table,Zuranolone,zuranolone,N06AX31,N06AX,N06AX31,monotherapy_confezioni,2669905,rxnav_atc_verified,,not_found,0.861109
